4 0.050149180110582336 3.353926458084522 0.04021893892305551 5.808591362795229 0.06939488333272159 0.7266521022533239 0.060076702089442935 1.8562775274720082 
4 0.0501509671634223 3.4119254651489777 0.040222150964852134 5.913025902153635 0.06939536244027943 0.740882750364863 0.06007776519020254 1.8898908081897616 
1 0.05009300755414642 1.4648645521670132 0.04011776266129578 2.1725072342359426 0.06938266474640599 0.001854313913628754 0.06004510685976938 0.7790712961006918 
1 0.05009059285699591 1.3491257869195565 0.04011316067650841 2.075021647826909 0.06938251361685274 0.0016008588633258543 0.060044019116934355 0.7246293949251189 
1 0.05008984863569221 1.2576329941840618 0.04011114100034992 1.9660429645552409 0.06938245529850205 0.001487245509854516 0.060043711737120975 0.7089263524147731 
4 0.050148903212124916 3.34472375615803 0.0402184488381163 5.79463859415773 0.0693947944149177 0.7243100538198881 0.06007651330621688 1.9026579222035633 
2 0.05011374396192394 2.213810657778531 0.04015519901731731 3.4876423467553423 0.06938600491868165 0.24590873674534305 0.06005607010765797 1.1804898632053509 
4 0.050150623496106904 3.3076457188363717 0.040221462034458616 5.890777568214558 0.06939525536442068 0.7379921817906037 0.06007754183987235 1.828887363275634 
4 0.050148728984003896 3.3395281599005933 0.04021813841349746 5.7853318623916445 0.0693947546968218 0.7230875391757839 0.06007642180867283 1.9004964066983319 
4 0.05015555926895705 3.5615220738378426 0.040230258228467125 6.176170464650037 0.06939665717263968 0.7782780596822002 0.06008047602741027 2.0351162509923504 
2 0.050107272834148196 1.976854960432394 0.04014307234841476 3.2075915951389815 0.06938469039699882 0.1577556840957241 0.06005201196571554 1.0788111296464495 
4 0.05015487944346243 3.4589658505949763 0.040229119977276226 6.1367621722461045 0.0693964820437244 0.772991225341034 0.06008010585420287 2.022742534995383 
3 0.05013477015064447 2.893749946998494 0.04019312330928621 4.872178392110227 0.06939092512337697 0.6081340635353047 0.06006803453200249 1.6189674475215061 
4 0.0501540286970368 3.5129570286763383 0.04022768179263545 6.089665707986593 0.06939624177113515 0.7661839457105972 0.06007958926932679 2.005501878125534 
1 0.05009286355458339 1.38244209681576 0.040116688071803686 2.260161003229616 0.06938265582980414 0.0018585926150444295 0.06004503359501564 0.775480441601266 
4 0.05015016253954933 3.385356959021057 0.040220698877851346 5.864418326456543 0.0693951602651883 0.7345963216943401 0.06007731307406836 1.929514945749914 
1 0.05008698590599479 1.150367251675815 0.04010656728259391 1.904913911002852 0.0693823013154454 0.0011854254729077994 0.060042441599869066 0.6452904043312201 
1 0.05008866633188637 1.2242381613540672 0.04010889131642469 1.9330866413574512 0.06938239436327358 0.0011088865169285964 0.06004317817254763 0.6828617397114993 
1 0.05008883857669945 1.2404978227624948 0.04010955867630969 1.996143619790733 0.06938238567934071 0.0013128773761186287 0.060043286908873325 0.687539999863756 
2 0.050114046100483436 2.206212569602831 0.040155502625552855 3.4800370553753437 0.06938606465206623 0.24712484340584823 0.060056222197996924 1.1650419208878344 
1 0.05009033859711831 1.3406767826712955 0.04011179002849802 1.9945679042913647 0.06938249478333038 0.0016204809088770586 0.060043925790049114 0.7201667110025018 
4 0.050151256625547536 3.421052111560749 0.040222657506053354 5.927427716456359 0.0693954660005039 0.7435400644409433 0.0600779089426504 1.8397741178472966 
2 0.05011180956798509 2.1060308287309155 0.04015094302570253 3.1878800090011126 0.06938549361640525 0.23551549119154092 0.06005456631670233 1.1463346604306028 
3 0.05013160651091866 2.768362615844702 0.04018744991829139 4.59816985899202 0.06939013905799155 0.5246539958328068 0.06006598706522698 1.5503656310978111 
2 0.05011065424283702 2.119041558360963 0.04014935980460959 3.2320126325231016 0.06938530870432826 0.2312151005737685 0.06005378246908477 1.0062709430892833 
2 0.05010892426721989 2.061433410627851 0.04014637260469791 3.3175042870524494 0.06938498484277944 0.18309159955267618 0.06005299248770424 0.9531383568910645 
1 0.050094029872057445 1.4539255721697975 0.04011997383634672 2.3256989106310044 0.06938277212826172 0.0017988424608354695 0.06004555906479466 0.800622885986534 
1 0.05009103822485074 1.4131041230284338 0.04011374902524123 2.1061810237080723 0.06938253033861458 0.0017224521575919232 0.06004424976410546 0.7355430418116397 
3 0.05013405830893898 2.831637407543099 0.040192285489929855 4.778132548519875 0.0693907439043881 0.6017301210196039 0.06006759971385811 1.5989552519691579 
3 0.05013164626982697 2.769683595718361 0.040187892491918516 4.727174931630993 0.06939015359432876 0.525192770650355 0.06006604645792679 1.5059520837764349 
1 0.050093763009037284 1.4455676503008454 0.04011850437701089 2.3635922160984646 0.06938273187888275 0.0018195690840729951 0.0600454460097295 0.7952516772763654 
2 0.05011004672683554 2.099226387625628 0.04014790617253021 3.200573139841694 0.06938518280962874 0.22866195765167374 0.060053523886568795 1.005461487469535 
3 0.050129482867291256 2.6985292195311947 0.04018396262601352 4.653199332034329 0.06938965648997145 0.509247881316967 0.06006493948442151 1.5185708272284162 
1 0.050090762481462305 1.3714448448045016 0.040113551826654034 2.012480760758701 0.06938253273896393 0.0016048893501646882 0.06004413592147848 0.7299708936231293 
4 0.050151120052049504 3.412790411157186 0.04022226846365712 5.91543062084642 0.06939540348503372 0.7417852048459244 0.06007780584566641 1.836167916628898 
3 0.050129043613369915 2.684592064729061 0.04018335035329029 4.615056823035727 0.06938955353809947 0.5061460829660508 0.06006470780261952 1.5112101782905056 
3 0.05013528199176771 2.9495899729314443 0.040194045832270854 4.999384393901968 0.0693910477979576 0.6121676173739155 0.06006839935041526 1.6234136839659405 
2 0.050110448779438696 2.0628392102048827 0.04014924724353281 3.4051521039767723 0.06938526682717558 0.2302980065075956 0.06005373592132074 1.12333849576904 
4 0.050155655684133625 3.56575217694285 0.04023051371115755 6.06567398774646 0.06939672371045054 0.7794639786811627 0.06008054820012472 2.037477056896332 
4 0.05014975081999977 3.3723489630197263 0.04021998121482202 5.842209629707262 0.06939504255673665 0.7314869182592107 0.06007697902692773 1.9195117896749063 
3 0.05012767513602281 2.63909931518918 0.04018049509602748 4.423730166985652 0.06938920834142069 0.4961717050848734 0.06006400275874416 1.432198424408503 
1 0.05009143416296018 1.420998562905591 0.0401140567783443 2.1417845762873116 0.06938257769625404 0.001747316651537538 0.06004443600077425 0.7453043061675574 
1 0.05009306271018245 1.4670325008151008 0.04011694836764403 2.161550566163308 0.06938268056590229 0.0018755076729967755 0.0600451539314575 0.7811729382120871 
4 0.05015008581852054 3.3830583297355643 0.04022054286623798 5.862044026829196 0.06939512509831215 0.7338231239692932 0.06007722652405103 1.9267672860103118 
3 0.0501289689198244 2.681310437973232 0.04018294176337067 4.676330246604325 0.0693895274495617 0.505460502378282 0.06006469872629845 1.4996144543020589 
2 0.05011083094819261 2.1249124512241537 0.04014917028454298 3.163426700982683 0.06938533801026138 0.23185182684936842 0.06005397914059642 1.0216093342942343 
2 0.050107816381759776 2.0239726443355335 0.04014447844224499 3.2483328650511516 0.06938477280536609 0.15911217628527344 0.06005238846366499 1.0772433428913026 
4 0.050153685747405086 3.5024862836256085 0.04022704331552016 6.072004497838438 0.06939615480336102 0.7635915235684693 0.06007940500980793 1.9993345303947456 
1 0.05008727578004153 1.2047404675094422 0.04010616665175074 1.7634476042183636 0.06938227917852434 0.0011644274889656963 0.06004256275884259 0.6505590084846004 
4 0.05014907275878131 3.3497114885350987 0.0402187587043311 5.803660979446308 0.06939485227516953 0.7258086111200066 0.06007660581470196 1.9069878855547038 
2 0.05011344723839199 2.22183925357225 0.04015444368322791 3.4461472606599797 0.0693859403854857 0.2444261675795925 0.060055917065965095 1.1366667261096368 
3 0.05013007815483045 2.7184164274186498 0.04018516127257201 4.612363294566123 0.0693898068705303 0.5138609415354898 0.060065291226023845 1.5220147316848087 
2 0.05011225491669641 2.171969936501874 0.04015198250787091 3.2586402254674836 0.06938560054451567 0.23737937223836517 0.06005473110813131 1.1543037038766872 
1 0.05009291110314833 1.4191629631766758 0.040116611005354956 2.0707190838329783 0.0693826780713002 0.0018591295468293975 0.06004509407999985 0.7776347942143311 
1 0.05008698590599479 1.150367251675815 0.04010656728259391 1.904913911002852 0.0693823013154454 0.0011854254729077994 0.060042441599869066 0.6452904043312201 
2 0.050113794687171406 2.215098723514714 0.04015468979061545 3.48268012108545 0.06938598828089895 0.24598560798516092 0.060056028626533295 1.122315393114232 
4 0.05014921987355349 3.3552420599007498 0.04021901382359424 5.811274662231602 0.06939488967346802 0.72695436839067 0.0600767108674722 1.9090419513588728 
2 0.05011230005793956 2.1726177672423987 0.04015236443680491 3.363768671486723 0.06938558910143947 0.23746581196748623 0.06005477268391729 1.1550627302115148 
2 0.050114374749358356 2.163250200274706 0.04015609252761382 3.6076916588304813 0.06938613737909083 0.24868070704721226 0.06005639634534075 1.1519663933430875 
2 0.05011539176787495 2.206597071922451 0.040158170890957544 3.7483377230169537 0.0693863430682312 0.2532052681590082 0.06005713989412194 1.171177146486959 
1 0.05009099996074358 1.337918454940914 0.0401133477828564 2.0557784357583557 0.06938253390070101 0.001619455788095383 0.06004420479591706 0.7341296905757583 
4 0.05015348192099646 3.4959339022588147 0.040226681838219217 6.0584889047948405 0.06939609121515303 0.7619105118649022 0.0600792824289197 1.9953210966782382 
1 0.050093365025248006 1.4898861737246218 0.040117527519943505 2.206865516216254 0.06938271936830223 0.001858033691839727 0.06004527677075351 0.7856905842833506 
1 0.0500900600251558 1.3348210477679217 0.040112694934946194 2.1062681985798912 0.06938246726992603 0.001500294086179901 0.06004379695394889 0.7132654301619459 
2 0.05010759744708669 2.015523109702118 0.040142703574407766 2.9328544978639077 0.06938471396740867 0.15819084768380193 0.06005237196582103 1.0547914424228815 
1 0.050094473678419224 1.5339470334294663 0.040119859346093766 2.356977304081628 0.06938281662242483 0.0017570079243692826 0.0600458038750495 0.8106452912736742 
2 0.050108724450341716 2.0546946409174405 0.04014576349939168 3.191847214747777 0.06938494637243113 0.18201995097612506 0.06005278776893005 1.092213657828355 
1 0.05008984863569221 1.2576329941840618 0.04011114100034992 1.9660429645552409 0.06938245529850205 0.001487245509854516 0.060043711737120975 0.7089263524147731 
4 0.0501497921989438 3.3736835648215573 0.04022004623417136 5.844556757407863 0.06939504527346366 0.731658540031046 0.06007703385814086 1.8679585727656352 
3 0.05012977080317312 2.707988240300459 0.04018462389733581 4.62935324406642 0.06938971824891489 0.5110526582207547 0.06006504228501537 1.4793528131837312 
1 0.05009331223956567 1.4319967498913218 0.0401176267852865 2.2441110031046225 0.06938268789323691 0.0018612802868015498 0.06004522755737378 0.7847294115922717 
2 0.050108407618722185 1.997364549802186 0.04014514586918276 3.253034856964772 0.06938489104455552 0.16119472657726772 0.060052703193838285 0.9598969212014803 
3 0.050133508217403235 2.813285648255502 0.04019101385180967 4.848551853862134 0.06939060818491868 0.5971522303153495 0.06006725413555379 1.5878804297354996 
2 0.05010785222983677 2.0261938409053197 0.04014461065955847 3.214385988022245 0.06938479720613669 0.1592186780339625 0.06005238470027404 1.0117066564226445 
1 0.05009217898211734 1.4194258957399293 0.04011584329441241 2.1453612220415543 0.06938261914251527 0.0017822290319177488 0.0600447424579699 0.7605008674337875 
4 0.050150816740037095 3.4067207608454892 0.04022186348521957 5.902673035837552 0.06939535700559736 0.7399255040369692 0.060077676508841237 1.887103645331166 
2 0.05010867922948352 2.004790570027862 0.04014560151150563 3.0437125280523234 0.06938492833170337 0.18206423881390915 0.06005274950730923 1.0790552321644709 
3 0.05013504516631926 2.9223538859342653 0.04019390730895252 4.983861342562745 0.06939097223703343 0.6101258425122452 0.06006820340648759 1.618695401857839 
1 0.05009293609056026 1.5235112096231807 0.04011777890883554 2.294487916534288 0.06938269227537668 0.001857630258938254 0.06004510485172891 0.7783297282951358 
1 0.05009075410185193 1.3285666154300657 0.04011303158289457 2.105347200154666 0.06938252708743214 0.001612804764995457 0.060044078762978036 0.7287065710036813 
2 0.050110924153233885 2.096778053694871 0.0401501031606145 3.2402180044869446 0.06938534653744935 0.23210377081223932 0.060053926716107466 1.0826023894947165 
4 0.05015544518592239 3.5594181784069585 0.040230130823391365 6.17086621759474 0.06939664887680966 0.7775872145923088 0.06008043493641583 2.0336463113327214 
1 0.05008760891535362 1.2151988508796883 0.040107514478772026 1.9150510180715812 0.06938235639187067 0.001154582996197024 0.06004271139248433 0.6603622462764307 
3 0.05013469042971365 2.8910828002356483 0.04019242223559012 4.928941897708793 0.0693908842190579 0.6074145788275997 0.060068003335195595 1.5651126950811982 
4 0.05015516448844903 3.5450127630634376 0.040229511068466464 6.148365927462552 0.06939653597547743 0.7746655048672804 0.06008021530634211 2.0265913617975277 
4 0.050154230323463514 3.51949906649435 0.04022799998487337 6.100353677532369 0.06939633339508784 0.7681455510629165 0.060079710454276715 2.0093407511068087 
3 0.05013184516220701 2.7763020706790575 0.040187693668626505 4.802300740925412 0.0693901924742889 0.5267743871767481 0.060066155646743405 1.5553858584381328 
4 0.050148903212124916 3.34472375615803 0.0402184488381163 5.79463859415773 0.0693947944149177 0.7243100538198881 0.06007651330621688 1.9026579222035633 
3 0.0501298894872888 2.711947907397631 0.04018509678966721 4.353961589129387 0.06938974548274893 0.5120102083075148 0.060065102234943366 1.5261215019601493 
3 0.05013516335299563 2.945592862705184 0.04019372721252146 4.991968968564376 0.06939100682069192 0.611300794376707 0.06006828118213943 1.6271877971104203 
2 0.0501145903594987 2.2234728032892166 0.040157183802659424 3.5566683960190404 0.06938620266285447 0.2498176155665906 0.06005665672480648 1.1193692285687136 
1 0.050087518156673075 1.1401813972837613 0.04010741403150146 1.8919739119906869 0.06938234641684435 0.0011392006858487959 0.06004265362937598 0.657123403034179 
3 0.05013417929034351 2.83559569689115 0.04019202303413792 4.9371339078443155 0.06939076648209846 0.6029522401280474 0.060067645024658764 1.602076614377697 
4 0.050149513775633744 3.363980457062174 0.040219516433585935 5.827454598648258 0.06939497700917194 0.7293547136097477 0.06007687559908166 1.9146667233239019 
2 0.05011543329881124 2.226508719210817 0.040158514694661876 3.589699731279984 0.06938637399582756 0.25331585923317285 0.06005715329669701 1.1712410985717945 
4 0.050155615699207824 3.564443705615795 0.04023044529694977 6.179244442901812 0.06939671302541278 0.7791424727995087 0.06008052601701634 2.0366482941847206 
4 0.05015537655838859 3.5565258051163324 0.04023000810312573 6.166546379953433 0.0693966360950637 0.7771287724620815 0.06008037807833946 2.0318655381265764 
3 0.05012881217317795 2.6760171809856983 0.04018293203395802 4.391128573236533 0.06938949646779606 0.5040560634787199 0.06006458861538565 1.4533955222655826 
1 0.0500876570702818 1.198284244342001 0.040107001222801794 1.7092203375692478 0.06938234162144181 0.0011599645382039195 0.06004267776906134 0.6587775038477941 
1 0.050087728697994695 1.219380725779541 0.04010729232662216 1.8633493072170553 0.06938234695063006 0.0011566520167088433 0.06004274426517832 0.6621891658363859 
3 0.05013385789465893 2.825044970081886 0.04019142344233043 4.916015139044964 0.06939069248887934 0.600558753249411 0.06006748069287271 1.5950136393368706 
1 0.05009167852218532 1.3828866898430225 0.040114886172529174 2.10530057154473 0.06938259002831518 0.0017328601147623794 0.06004447879987325 0.7480942592453754 
2 0.05011107848713984 2.0836443954883426 0.04015063552946584 3.420544378818019 0.0693853795814737 0.23276150477280405 0.060054062872414174 1.0840475095035034 
2 0.05010953820512888 2.0818526760660774 0.04014678744790283 3.2272642379820717 0.06938509007719743 0.2264626910977714 0.060053229298419775 1.1068706043070882 
4 0.05015467413103556 3.5339644565900157 0.04022878017352113 6.124847041575753 0.06939642504915038 0.7713733922428604 0.060079979116834846 2.018734740940392 
3 0.05013220094158868 2.788177678645261 0.04018854457012295 4.820548769449493 0.06939028493591758 0.5577164974720741 0.060066399597856444 1.5632042212314043 
3 0.05013330774178772 2.8066316057620804 0.040190491968990195 4.885042088077697 0.06939055355917817 0.5954950623603088 0.060067145608057135 1.584058559693199 
3 0.05012921491848751 2.6893977517176184 0.040183258491771 4.644136512189673 0.06938959144668914 0.5075791448654834 0.0600648140965195 1.5132122191073527 
1 0.05008823726009154 1.2347258197410869 0.04010884541251562 1.9234622318340986 0.06938234218245797 0.0011113431338639714 0.060043004391313645 0.6732968587874971 
2 0.05010714814006878 1.9555392248505306 0.04014269885386268 3.0413788249910985 0.0693846639854569 0.1570466715018732 0.06005198516801295 1.0635445568503645 
3 0.05013469042971365 2.8910828002356483 0.04019242223559012 4.928941897708793 0.0693908842190579 0.6074145788275997 0.060068003335195595 1.5651126950811982 
2 0.05011501778338044 2.2739347218384696 0.04015750699545482 3.7595588739173125 0.06938628048818798 0.25142236995162576 0.060056801329626895 1.1801447605078574 
2 0.050114824384938784 2.2139202353451553 0.04015704114691852 3.7510390722245943 0.06938622007530215 0.2506404201226974 0.0600567060620162 1.1383066117204372 
3 0.05013239683688784 2.7763756659801087 0.040188948944142044 4.876429802696006 0.06939033962573544 0.5594321601574973 0.0600665417050697 1.5208771996775756 
3 0.05012759524071325 2.636452932090684 0.040179913636551955 4.4433328635865355 0.06938920237476752 0.49585307209063706 0.060063955623187046 1.4752523302032512 
3 0.050130328538192236 2.7265427299273406 0.04018551298579927 4.384547817589373 0.06938985700656627 0.5156461899176243 0.060065386438674075 1.4895208565985574 
2 0.050111767253729546 2.154712194631815 0.040151853471893637 3.2859247396738334 0.06938550607872002 0.2353596414643393 0.06005450230267151 1.1452911428202686 
1 0.050086929394678036 1.1168201522581982 0.0401060442311736 1.8751996357843541 0.06938226264519085 0.001189148624792906 0.06004240811202771 0.6443981113992935 
4 0.05014852112984599 3.3328443195407926 0.04021775133756646 5.772281359841794 0.06939469617291939 0.7214466038852574 0.06007631287181999 1.8434968482492216 
2 0.05010974294460544 2.0405373495066987 0.04014796466780598 3.363455144853171 0.06938512966670758 0.22736068469990434 0.06005337531128567 1.0022790355658184 
3 0.05013465032688803 2.8898998982246793 0.04019297321189579 5.018947552668415 0.06939088317588141 0.6066766543375344 0.06006796982780758 1.617125479018289 
1 0.05009382208232956 1.5583925484647676 0.04011866797144816 2.060416465537505 0.0693827459008552 0.0018136259065109459 0.06004548131168521 0.7977316482162048 
3 0.0501281757682292 2.654776931387149 0.04018142286135616 4.621033521091595 0.06938934472125677 0.49971803282103194 0.06006423430500324 1.4928929991650537 
3 0.05012825607816308 2.65744663042634 0.04018190263271452 4.476507662833658 0.06938936730549874 0.5002224578464975 0.060064294768427326 1.4424531592796401 
4 0.05014898496320365 3.346970555890529 0.04021859230208345 5.799247979170088 0.06939482579069299 0.725034011197946 0.06007658753923639 1.8526049717359077 
2 0.05011527693275003 2.2623382557732428 0.040158083593123076 3.5736525129048906 0.06938633899242921 0.25259906114903685 0.06005705010063859 1.1691489364225176 
4 0.050152016164837 3.4466716080218793 0.040224027974496875 5.9733999835088 0.0693956651410224 0.7495088389669169 0.06007839962054205 1.9648133777991774 
1 0.05009189539734622 1.3755593107489656 0.040115919102246746 2.201931081476892 0.06938260334234264 0.001804450361625223 0.06004465341098155 0.7544597161710064 
3 0.050133228067627225 2.8224479915621523 0.04019135689478649 4.676894394603296 0.06939054612378621 0.5655951680390466 0.06006711741792072 1.582013705509595 
1 0.050090965073116646 1.3362670793636025 0.04011355586033356 2.1401186534862724 0.06938254434386533 0.001623896178017077 0.06004418701493691 0.7334033860801769 
4 0.05015145213593528 3.4279008043585777 0.0402230116856105 5.9407596088962 0.0693954957674671 0.7448406063417632 0.06007806629444616 1.9536614084192443 
4 0.05014987544441555 3.376229819770444 0.040220222122555806 5.84907068973005 0.06939507052070905 0.7323434591933257 0.060077081405082465 1.869410044676954 
2 0.050109655664820466 2.03717832277767 0.040147544842605444 3.247896996045653 0.06938512004638289 0.22703981008149174 0.060053318186163364 0.9662908508336802 
1 0.05008679940672735 1.1669040803271145 0.040105411271864545 1.8084850423975531 0.06938228567973428 0.0011967782540040367 0.060042356124468343 0.6412847096782986 
1 0.0500876570702818 1.198284244342001 0.040107001222801794 1.7092203375692478 0.06938234162144181 0.0011599645382039195 0.06004267776906134 0.6587775038477941 
3 0.05013342714447312 2.810624555361139 0.04019100314895814 4.884016698513726 0.06939058979089197 0.5965382065694343 0.060067190172061545 1.547035569584485 
2 0.0501081787729436 1.9890826675158202 0.04014492876310523 3.34176021948103 0.06938485723059003 0.16052633291483404 0.06005248948265048 1.082003617298518 
1 0.0500900600251558 1.3348210477679217 0.040112694934946194 2.1062681985798912 0.06938246726992603 0.001500294086179901 0.06004379695394889 0.7132654301619459 
3 0.05013413853717001 2.834256916870552 0.04019212457931162 4.745888056842946 0.06939075929957708 0.6027662815063859 0.060067612765488734 1.6010259523345565 
3 0.05013421601115774 2.8368732724641568 0.040192092110557964 4.838787783404485 0.06939077190111158 0.602752433511729 0.06006771869133579 1.6019812595318519 
3 0.05013358027970697 2.8157852745903305 0.0401911502215101 4.901090174681262 0.06939063060610692 0.5977696009938589 0.060067354730564446 1.5891864798571331 
2 0.05011467577906124 2.17321138559154 0.04015675627014083 3.5164885225125686 0.06938620788066927 0.2500437230928834 0.06005667904860623 1.1582093357627905 
4 0.05015352373577442 3.4972564853749626 0.040226761024404444 6.0612336307390775 0.06939610311099247 0.7622612786698378 0.06007930224575777 1.996115571131169 
1 0.05009043119914808 1.379369878765041 0.040112526375504755 2.1110152839767276 0.06938249399925492 0.0016146872217122226 0.0600439404436773 0.7215510045410337 
1 0.05009310046186888 1.460454999702157 0.04011782044803429 2.2433548338695557 0.06938268550868198 0.0018515674322375838 0.06004516490549958 0.780270147001534 
4 0.05015352373577442 3.4972564853749626 0.040226761024404444 6.0612336307390775 0.06939610311099247 0.7622612786698378 0.06007930224575777 1.996115571131169 
4 0.05015217860783362 3.452012431751844 0.040224286029127365 5.980129214873514 0.06939572466977006 0.7509241804043219 0.060078496980733434 1.9678175096317414 
2 0.050110865968027385 2.108334498846161 0.04014968149271507 3.245946210241498 0.06938533800044883 0.231964601777804 0.060053973606496745 1.0577305916297195 
2 0.05011040523979071 2.0935806307365494 0.040149278518583964 3.2479056460129208 0.06938525779734525 0.2301583343059841 0.06005373260383014 1.1231696269227354 
2 0.05011522637970837 2.2817552879512024 0.04015765589354799 3.6282721022330535 0.06938632130704474 0.2524476802545312 0.06005700555720102 1.168048306556312 
1 0.050094029872057445 1.4539255721697975 0.04011997383634672 2.3256989106310044 0.06938277212826172 0.0017988424608354695 0.06004555906479466 0.800622885986534 
2 0.05010892426721989 2.061433410627851 0.04014637260469791 3.3175042870524494 0.06938498484277944 0.18309159955267618 0.06005299248770424 0.9531383568910645 
3 0.05013500470821092 2.920939900390293 0.04019353344806154 4.983534783248459 0.0693909743294322 0.6101286603134423 0.06006819721382497 1.5706649149718719 
1 0.050092423881893014 1.4011411742475155 0.04011614726631178 2.2230988091491897 0.06938263634587487 0.0018657471685920904 0.06004485840699314 0.7659572932366573 
4 0.050151370461360124 3.4252353444638324 0.040222860974764366 5.934072676235688 0.06939551036062128 0.7445984986575737 0.06007797997174917 1.8970995095592122 
3 0.050130683810607556 2.738451312282636 0.040186036466917915 4.40541928605567 0.06938993664464457 0.5181238716991988 0.06006561399554698 1.5331812635399278 
1 0.05008737767822684 1.1374012624364602 0.04010712535677037 1.9261606513474547 0.06938231337470473 0.0011502325030996352 0.06004262702905623 0.6543848449192156 
3 0.050130751083627946 2.7408803619029967 0.04018678594065416 4.399934656236736 0.06938996729298674 0.5189167974277201 0.0600656563870073 1.5348942862040675 
4 0.050148407800168784 3.3285449387922723 0.040217557092627164 5.76487117195084 0.06939466639565535 0.7204301283918448 0.060076219265693065 1.8931332690315468 
1 0.05008809397276165 1.2434864441043265 0.040108175833713844 1.9423058714425743 0.06938235072153226 0.0011291689664579784 0.06004293463984552 0.6695652583114298 
3 0.050128215962096635 2.656109003918706 0.040181447540015715 4.456317428976335 0.0693893543958862 0.49986160368449806 0.06006428113458893 1.4969449284558312 
3 0.05012771971387662 2.6405311865553545 0.04018043089643168 4.561092771603767 0.06938922964985632 0.4964706447392455 0.06006402145133061 1.4760034695377104 
4 0.05014946229731856 3.363003533806496 0.04021944977964635 5.82699014283201 0.06939496301347635 0.7290036412085591 0.06007687146755668 1.9149484014995828 
1 0.05008951149633911 1.277813401540358 0.0401111290113413 1.9634022642311098 0.06938244674364545 0.0013146459419184854 0.060043515764402464 0.700533490716385 
3 0.05013157121346799 2.767126252305782 0.04018746050874007 4.781943061617442 0.06939013833091803 0.5245418022130706 0.06006600210964572 1.5497828287986783 
4 0.050147641930059515 3.3033624991679615 0.040216198453534704 5.722512217700853 0.06939445983809689 0.7142347098153838 0.06007576368590288 1.8777668985518297 
2 0.05011275319139195 2.118757245800812 0.04015346715926513 3.363480473901754 0.06938569478274506 0.23930163410227778 0.06005499936853187 1.163444648400771 
3 0.050128623510707127 2.6695551349026316 0.04018293946724844 4.339173738173454 0.06938944080135086 0.502502574412186 0.060064432092311784 1.4932075009719785 
3 0.05013117705548076 2.753931101447875 0.040187580721396436 4.416688329354111 0.06939005183357795 0.5212910270563869 0.06006578149116413 1.497161738249623 
2 0.050112705139970716 2.1175173266940908 0.04015305776807705 3.1588959515590203 0.06938566148016859 0.2391506202439319 0.060054964195067874 1.1639961625192037 
3 0.05013003796818059 2.7170800967021966 0.04018461670010729 4.384718541416797 0.06938979009494348 0.5134815395920361 0.06006529142624195 1.5213884608609534 
1 0.050086908126441024 1.162626550142424 0.04010543644668653 1.8277036857618074 0.06938226090342443 0.0011841238244029984 0.06004239911349145 0.642543452366138 
3 0.05013409832465041 2.8329384790091283 0.04019262982758966 4.921891076673245 0.06939076001515002 0.6019216538676198 0.06006763456452515 1.600327519087908 
3 0.05012884825392459 2.6772924397634905 0.04018299396462292 4.442822495899144 0.06938949960332437 0.5044010781363208 0.060064589376958424 1.4539580948868789 
3 0.050129602691865685 2.7024967442207943 0.04018448220812419 4.296108776423493 0.069389688167767 0.5100645855806711 0.0600650065902702 1.4683965053718135 
2 0.050108724450341716 2.0546946409174405 0.04014576349939168 3.191847214747777 0.06938494637243113 0.18201995097612506 0.06005278776893005 1.092213657828355 
1 0.05009300755414642 1.4648645521670132 0.04011776266129578 2.1725072342359426 0.06938266474640599 0.001854313913628754 0.06004510685976938 0.7790712961006918 
4 0.05015557813649953 3.5631625627291172 0.04023037526204898 6.176933909697657 0.06939670337295534 0.7788266915072513 0.060080505950561434 2.0358381885427286 
2 0.05011527693275003 2.2623382557732428 0.040158083593123076 3.5736525129048906 0.06938633899242921 0.25259906114903685 0.06005705010063859 1.1691489364225176 
2 0.05011374396192394 2.213810657778531 0.04015519901731731 3.4876423467553423 0.06938600491868165 0.24590873674534305 0.06005607010765797 1.1804898632053509 
3 0.05013259623128545 2.7829815104943565 0.04018913931048455 4.562680711572428 0.06939038249944937 0.5605405068896442 0.060066716379553506 1.5700828292372946 
4 0.05015304829490983 3.48106296394862 0.0402258900194523 6.033329794855857 0.06939595478248466 0.7582416934232264 0.06007901685460154 1.9865472432276872 
1 0.05009116074737578 1.3584226338891716 0.04011349607709214 2.0976427678929133 0.0693825459941337 0.0016415094619194655 0.06004425927168104 0.7367187104479272 
1 0.05009159693548235 1.37812215127308 0.04011493706773911 2.0596044192639518 0.0693825759188412 0.0017344386891522943 0.060044485322075555 0.7477537820098448 
3 0.05013500470821092 2.920939900390293 0.04019353344806154 4.983534783248459 0.0693909743294322 0.6101286603134423 0.06006819721382497 1.5706649149718719 
3 0.05013552387669583 2.95758655192589 0.04019439011862348 5.0134968360034255 0.06939109893468243 0.6148009896859452 0.06006849321794759 1.6282819121533993 
3 0.05013259623128545 2.7829815104943565 0.04018913931048455 4.562680711572428 0.06939038249944937 0.5605405068896442 0.060066716379553506 1.5700828292372946 
2 0.05010714814006878 1.9555392248505306 0.04014269885386268 3.0413788249910985 0.0693846639854569 0.1570466715018732 0.06005198516801295 1.0635445568503645 
3 0.050129969011915944 2.7145972247825987 0.04018503060656901 4.629655026392847 0.06938977964351736 0.5130205254682396 0.06006520069743555 1.482936017817111 
1 0.0500881810603679 1.2000728600566237 0.04010792469315662 1.8559161463306375 0.06938235261156603 0.0011185989374547206 0.060042956321190166 0.6724120497429789 
1 0.05009189539734622 1.3755593107489656 0.040115919102246746 2.201931081476892 0.06938260334234264 0.001804450361625223 0.06004465341098155 0.7544597161710064 
1 0.05009086524499704 1.3750854725712218 0.040113377955693544 1.8876057126586203 0.06938251676244193 0.0016020130297825226 0.06004413614580412 0.7307146036178438 
3 0.05013019909350097 2.722397116674151 0.0401849006510984 4.702472525334136 0.06938982199419634 0.5146141745299765 0.06006534695965328 1.524486536492538 
3 0.05013109740112659 2.751308008275172 0.04018698773212606 4.683316255473205 0.06939002383967406 0.5207922201344524 0.0600657429619347 1.4954842507164616 
4 0.05015101758705972 3.413012246091509 0.04022221079304257 5.912518574985974 0.0693953941597786 0.7413878499067434 0.06007777736627677 1.8904549270245095 
1 0.050094029872057445 1.4539255721697975 0.04011997383634672 2.3256989106310044 0.06938277212826172 0.0017988424608354695 0.06004555906479466 0.800622885986534 
4 0.05015012655642026 3.3843846879241752 0.04022059273662311 5.863240401121377 0.06939512861244806 0.7342368091332474 0.06007724226831296 1.8201633327733788 
2 0.050113490806852165 2.2052314478527117 0.0401548857744336 3.475149765193229 0.06938595000397596 0.24465869897010517 0.06005589011777276 1.1761513826824097 
4 0.05015569583016342 3.5670555495805303 0.04023060755185903 6.184314093645639 0.06939672562610963 0.7797075918002528 0.060080573227727196 2.038498513279093 
3 0.05013239683688784 2.7763756659801087 0.040188948944142044 4.876429802696006 0.06939033962573544 0.5594321601574973 0.0600665417050697 1.5208771996775756 
2 0.0501125117530688 2.1109940295981247 0.04015293209802075 3.325189991727214 0.06938564872099535 0.23830536673251132 0.060054880144558245 1.1587607339407984 
2 0.05011513936392746 2.2102191688533956 0.040157963852258206 3.5765755159904584 0.06938631100102942 0.2520382608749956 0.06005696934439007 1.166537260273751 
4 0.05015459419579858 3.5313690768675334 0.04022861944864897 6.120105246476255 0.06939641895001236 0.7709147415905397 0.06007993212478553 2.0166503597283567 
3 0.05013314835759023 2.8198110311830726 0.040190550127164146 4.830360518247706 0.06939051118120416 0.5653355958294111 0.06006704221998773 1.5807360676700384 
1 0.05009030584668141 1.37542991709884 0.040113016031695994 2.123524325055212 0.06938250568294722 0.0015093293712235135 0.060043883597296545 0.7184467405893719 
2 0.05011519211913649 2.2138943694111495 0.04015825879999683 3.607248215850909 0.06938632596919223 0.2523340212305419 0.06005703159024014 1.166953309885011 
3 0.05013121680091246 2.7552496853990824 0.04018670399130142 4.759302336376623 0.06939005647953377 0.5219515074788547 0.06006582366410566 1.5504482538301374 
1 0.05008904368757335 1.2902129995024798 0.04011068268705236 1.9391230290298709 0.06938242068855249 0.0013128583723080066 0.060043360130925996 0.6914854322869615 
4 0.050152016164837 3.4466716080218793 0.040224027974496875 5.9733999835088 0.0693956651410224 0.7495088389669169 0.06007839962054205 1.9648133777991774 
2 0.050112980586973555 2.137902526045503 0.0401538034290758 3.590506506772143 0.06938582157418718 0.24207579431271084 0.0600554111132254 1.073005422449998 
4 0.050151574600441076 3.43182722625197 0.040223243256003814 5.946219574427772 0.06939554870029799 0.7460793636768194 0.060078108817542386 1.901272051394806 
2 0.05011395353023316 2.167994631740738 0.04015563437322063 3.499539661117717 0.0693860444593039 0.2467998523419465 0.060056211768613275 1.1840542539996508 
1 0.05009462053081394 1.5014608341804827 0.04011983426439959 2.4396821297199636 0.06938281116996022 0.001755344502900141 0.060045790759423734 0.8118446016416329 
3 0.05013373952807661 2.8210683809849613 0.04019143954310824 4.861750364311573 0.06939067074733934 0.5993060768412357 0.06006741936666511 1.5926369326206296 
1 0.05008883857669945 1.2404978227624948 0.04010955867630969 1.996143619790733 0.06938238567934071 0.0013128773761186287 0.060043286908873325 0.687539999863756 
2 0.050108451301319044 2.0458994468884635 0.04014520080065539 3.1925405521420185 0.06938489371847244 0.1613195863057355 0.060052685636919054 1.0873722768872065 
4 0.05014787275942687 3.305138339514638 0.04021645368050012 5.727862224402065 0.06939448885801769 0.7152441234959664 0.06007582389967027 1.8801217858489268 
4 0.05014999408850897 3.3802638720756497 0.04022040024194782 5.855580150887688 0.0693950900500502 0.7331054705534594 0.06007718960618559 1.8726040921991154 
1 0.05009448363288872 1.4829790552606976 0.04012056039426275 2.2466484758907206 0.06938282922157528 0.0017616163610995432 0.06004575536816775 0.8102009622253382 
4 0.050153604082499824 3.4998930652177185 0.040226932980658284 6.063484462712095 0.06939612888126004 0.762780306784899 0.06007936165618403 1.9977105661485752 
2 0.05011539176787495 2.206597071922451 0.040158170890957544 3.7483377230169537 0.0693863430682312 0.2532052681590082 0.06005713989412194 1.171177146486959 
3 0.050130008533432815 2.715916611826114 0.04018499903088356 4.68940445885534 0.06938978538869832 0.5130248709100769 0.06006520911390362 1.483482719451808 
2 0.050112638107222204 2.1152432507700913 0.04015297798978832 3.2902530356826225 0.0693856591179542 0.2387198752797493 0.06005488780540293 1.163291091771231 
4 0.05015341160176473 3.49312300032958 0.04022652647254102 6.054462573007936 0.06939610379448845 0.7615339766463123 0.06007924538905224 1.993158732900374 
3 0.05013056568146031 2.734464665896906 0.04018564499198496 4.806642713124247 0.06938990826767816 0.5175030593819454 0.060065534505558495 1.4865185100655256 
4 0.05015090352239475 3.409271777489759 0.040222111179476105 5.905053122608265 0.06939536272165396 0.7404527827057441 0.060077711752681374 1.8331984113821957 
4 0.05015153377695183 3.430497127514483 0.040223149996360605 5.94301980376571 0.06939555090397456 0.7457580478873024 0.06007810751420199 1.9002659084644022 
1 0.050086941197242385 1.1635234879960727 0.04010624249993598 1.8643078532566508 0.06938228792408768 0.0011930024683859668 0.060042393995158184 0.6437943856273697 
4 0.05015544518592239 3.5594181784069585 0.040230130823391365 6.17086621759474 0.06939664887680966 0.7775872145923088 0.06008043493641583 2.0336463113327214 
2 0.05011107848713984 2.0836443954883426 0.04015063552946584 3.420544378818019 0.0693853795814737 0.23276150477280405 0.060054062872414174 1.0840475095035034 
2 0.0501125117530688 2.1109940295981247 0.04015293209802075 3.325189991727214 0.06938564872099535 0.23830536673251132 0.060054880144558245 1.1587607339407984 
3 0.050132755843886566 2.806662505737376 0.040190344751983895 4.505910723268208 0.06939043616157606 0.5621090154273695 0.0600668533034736 1.572575298401767 
1 0.050089971576473456 1.354096161679126 0.040112356974543975 2.160094694356771 0.06938247451952366 0.0015056965864034132 0.060043763126696306 0.7115826000883055 
2 0.05011507025281866 2.262970002010487 0.04015707690429001 3.5766956417721625 0.0693862707439197 0.2515182281043726 0.06005687547982448 1.2031388090679769 
4 0.050150816740037095 3.4067207608454892 0.04022186348521957 5.902673035837552 0.06939535700559736 0.7399255040369692 0.060077676508841237 1.887103645331166 
1 0.050088778820787626 1.1928245620049727 0.04010971148292913 1.7908685484843616 0.06938240121102739 0.0013222551400661727 0.06004324432942898 0.6851846229404097 
4 0.050148862483832456 3.343177927681529 0.040218392871681094 5.791028376090458 0.0693947745908421 0.7238635140085249 0.06007651879832365 1.9037961432411035 
1 0.05009185027672046 1.4166952266288786 0.04011482911702052 2.1114958548915634 0.0693825826246032 0.0017085424590790918 0.06004459571196773 0.7533708463367879 
3 0.050135124475793255 2.924934017695231 0.04019443710821336 4.975737391928524 0.06939102339718903 0.6109945627541651 0.06006827128388451 1.5793989029307909 
1 0.05008942915727828 1.2260522323391112 0.040111171723660695 2.010265415319128 0.06938246173862954 0.0013198210341898258 0.060043494305493494 0.6992114115103776 
4 0.050154714427974055 3.5352250756881105 0.04022885596609581 6.1270950506225415 0.0693964417380484 0.7717770071454276 0.060080000061503845 2.019297215793851 
2 0.05011344723839199 2.22183925357225 0.04015444368322791 3.4461472606599797 0.0693859403854857 0.2444261675795925 0.060055917065965095 1.1366667261096368 
1 0.05008959495089752 1.2687796042593806 0.04011083590481949 1.966330369880416 0.06938244692828822 0.0013075111389786918 0.060043595062689734 0.7026906360400738 
1 0.05008968892973161 1.3216040215671554 0.04011185920399083 1.984805582805808 0.06938247212827106 0.0013299529109130049 0.06004363909381829 0.7054937863477797 
1 0.05009051418121711 1.3622482219080507 0.04011314666190486 2.0156808997285096 0.06938249711801685 0.0016273825019551499 0.06004402261093165 0.7240737635167656 
2 0.05011255096115859 2.1303331754128636 0.04015272666609985 3.214528402643127 0.06938565334946054 0.23847859196700325 0.06005490419477294 1.1599348367064743 
3 0.050131017792776046 2.7486559018925627 0.04018658924371664 4.711025771156854 0.06939000158904698 0.52038708469113 0.0600657201500586 1.5465267590304141 
3 0.05012908351150584 2.6859279287778364 0.04018287334459443 4.5318090453735875 0.0693895601954394 0.5065622354813397 0.06006473029143233 1.5117621443835125 
4 0.05015304829490983 3.48106296394862 0.0402258900194523 6.033329794855857 0.06939595478248466 0.7582416934232264 0.06007901685460154 1.9865472432276872 
3 0.050132876491478795 2.810669740728637 0.04019006575177704 4.820758325004083 0.06939045869843448 0.5630821305247056 0.06006687536126991 1.529212367314544 
1 0.05009338827775658 1.5419372011286547 0.04011804528762666 2.225265422936365 0.0693827251496452 0.0018493450806712907 0.060045298625942864 0.7884054071324185 
1 0.05008823726009154 1.2347258197410869 0.04010884541251562 1.9234622318340986 0.06938234218245797 0.0011113431338639714 0.060043004391313645 0.6732968587874971 
1 0.05009012532238601 1.3490447636073104 0.040112301047677865 2.019761989386623 0.06938249826757892 0.0014894079143589942 0.060043819262774176 0.7153865889129755 
3 0.05013160651091866 2.768362615844702 0.04018744991829139 4.59816985899202 0.06939013905799155 0.5246539958328068 0.06006598706522698 1.5503656310978111 
2 0.05010760715384612 1.9711495794176919 0.040143564846937305 3.1299936490439366 0.06938472716370354 0.1583844683966663 0.060052231396606356 0.9127114654233223 
4 0.050152762988155374 3.4718562855639243 0.04022539107397827 6.016261444704753 0.06939588868658284 0.7560404821320351 0.06007886743273087 1.9808640668051052 
3 0.050135124475793255 2.924934017695231 0.04019443710821336 4.975737391928524 0.06939102339718903 0.6109945627541651 0.06006827128388451 1.5793989029307909 
3 0.05013247662461038 2.7790199320396507 0.040188901473285694 4.657708594055649 0.06939035329148574 0.5598445659945424 0.06006661880418625 1.567625943948777 
1 0.05009300755414642 1.4648645521670132 0.04011776266129578 2.1725072342359426 0.06938266474640599 0.001854313913628754 0.06004510685976938 0.7790712961006918 
1 0.050094588624077674 1.5017440742767358 0.04011989499993935 2.3819264203843504 0.06938281323940784 0.001750386853430971 0.06004579752766335 0.8122361896150612 
1 0.05009075410185193 1.3285666154300657 0.04011303158289457 2.105347200154666 0.06938252708743214 0.001612804764995457 0.060044078762978036 0.7287065710036813 
3 0.05013255632063736 2.7816613671784136 0.04018864865954015 4.706930299940287 0.06939037003084371 0.5604359495001898 0.06006667683216562 1.5236086493676606 
4 0.0501509671634223 3.4119254651489777 0.040222150964852134 5.913025902153635 0.06939536244027943 0.740882750364863 0.06007776519020254 1.8898908081897616 
1 0.050090219547309155 1.3371594727610727 0.04011248722147365 2.0648892913295858 0.069382487250138 0.0016311878797546323 0.06004387916826326 0.7174553027352722 
4 0.05014860383884503 3.33554799084857 0.040217939018967856 5.777347971194429 0.06939470668496601 0.7218829215541998 0.06007637007051575 1.8990376897744798 
1 0.050090965073116646 1.3362670793636025 0.04011355586033356 2.1401186534862724 0.06938254434386533 0.001623896178017077 0.06004418701493691 0.7334033860801769 
2 0.050114374749358356 2.163250200274706 0.04015609252761382 3.6076916588304813 0.06938613737909083 0.24868070704721226 0.06005639634534075 1.1519663933430875 
3 0.050135321970430156 2.95091386431416 0.04019411750545222 5.002469078483659 0.06939103818824308 0.6123422386074002 0.06006836902069947 1.63027077202246 
3 0.05013003796818059 2.7170800967021966 0.04018461670010729 4.384718541416797 0.06938979009494348 0.5134815395920361 0.06006529142624195 1.5213884608609534 
3 0.050135565127696645 2.958904185669889 0.04019471275300289 5.016283515747107 0.06939109624739896 0.6147318966933731 0.060068488023152136 1.5881988584245395 
3 0.050134371692885614 2.8420843364337243 0.0401928417244332 4.943634948664032 0.06939080176407572 0.6037337459602649 0.060067804271566314 1.6059892119858432 
4 0.050151789663057236 3.4386234702238925 0.04022359118387096 5.958161723139299 0.0693955833967664 0.7475408942924935 0.0600782274935858 1.9600440575842886 
3 0.05013362009475221 2.8171066054802223 0.04019144928148759 4.958645040814329 0.0693906316899425 0.5978114699148517 0.06006731338626462 1.5909921414312076 
2 0.05011444212968989 2.1826271747475046 0.04015611411727382 3.527477442416258 0.06938614880633881 0.2488077921439064 0.06005651158967534 1.1923754717643495 
1 0.05009117120162254 1.357069831988656 0.040113482479763284 2.1957874752249844 0.06938253920229197 0.0017405729753766838 0.06004429932152512 0.7387049556956348 
1 0.05009306271018245 1.4670325008151008 0.04011694836764403 2.161550566163308 0.06938268056590229 0.0018755076729967755 0.0600451539314575 0.7811729382120871 
2 0.050110924153233885 2.096778053694871 0.0401501031606145 3.2402180044869446 0.06938534653744935 0.23210377081223932 0.060053926716107466 1.0826023894947165 
3 0.05013369963012645 2.819748278856001 0.04019041382263762 4.865289294357596 0.06939065380472147 0.5988884175423681 0.060067362839479374 1.5531970691698826 
4 0.050151901916262606 3.4424361291774552 0.04022383253186511 5.966026916943486 0.0693956405634801 0.7485833580363492 0.06007832781631174 1.9071085505980103 
3 0.050129043613369915 2.684592064729061 0.04018335035329029 4.615056823035727 0.06938955353809947 0.5061460829660508 0.06006470780261952 1.5112101782905056 
3 0.05012794743253403 2.6483039076611132 0.04018082019587711 4.574409564016001 0.06938929607769936 0.49844966942896357 0.06006416931710108 1.4377192748081435 
1 0.050092369551425306 1.4347166487731697 0.040115707525727705 2.1519113698109322 0.06938259414778668 0.0018732831954511153 0.06004479308488471 0.7636536259864218 
2 0.05010739642629748 2.010399759882645 0.04014361502545129 3.046217388417451 0.06938470828029183 0.15777791511121902 0.060052101347594665 1.0836164549444276 
4 0.050154960007588 3.543427503742298 0.04022917819195702 6.144621112101598 0.06939649806428444 0.7736280790082336 0.060080139303071364 2.0240371646457964 
1 0.050090965073116646 1.3362670793636025 0.04011355586033356 2.1401186534862724 0.06938254434386533 0.001623896178017077 0.06004418701493691 0.7334033860801769 
2 0.05011267536540594 2.1161530581609815 0.04015302939602573 3.310104077192757 0.06938567631666015 0.2390720434835683 0.06005496681629317 1.1629619509864144 
4 0.05015487944346243 3.4589658505949763 0.040229119977276226 6.1367621722461045 0.0693964820437244 0.772991225341034 0.06008010585420287 2.022742534995383 
2 0.05011096301388161 2.1291931449809014 0.040149934289449754 3.1877001720845755 0.06938534797072952 0.23223400755737597 0.060054085379980096 1.0956234295886322 
4 0.05015283562317187 3.4748181681761645 0.04022553822064569 6.023432100627824 0.06939593058237538 0.7569796214380815 0.06007889638673695 1.982273733925524 
4 0.050150926785112 3.410609732866528 0.040222068700717754 5.908538389633544 0.06939536015415196 0.740684620302606 0.0600777354893585 1.8888405999723155 
2 0.05011513936392746 2.2102191688533956 0.040157963852258206 3.5765755159904584 0.06938631100102942 0.2520382608749956 0.06005696934439007 1.166537260273751 
3 0.05013164626982697 2.769683595718361 0.040187892491918516 4.727174931630993 0.06939015359432876 0.525192770650355 0.06006604645792679 1.5059520837764349 
1 0.05009012532238601 1.3490447636073104 0.040112301047677865 2.019761989386623 0.06938249826757892 0.0014894079143589942 0.060043819262774176 0.7153865889129755 
3 0.050128479540204385 2.6658708263030837 0.040181740728277716 4.606805842810748 0.06938941495304096 0.5020188686800121 0.06006439366992681 1.4560613206493607 
4 0.05015217860783362 3.452012431751844 0.040224286029127365 5.980129214873514 0.06939572466977006 0.7509241804043219 0.060078496980733434 1.9678175096317414 
3 0.05013029306111214 2.7252854913826328 0.04018514939098685 4.647297216372552 0.06938985379303514 0.515418777400104 0.06006538660535987 1.5260508495383587 
2 0.05011168652073128 2.15226607513656 0.04015138338435762 3.270845979931134 0.06938548000622294 0.23496694227201412 0.06005437894373546 1.1456127506410778 
4 0.050150816740037095 3.4067207608454892 0.04022186348521957 5.902673035837552 0.06939535700559736 0.7399255040369692 0.060077676508841237 1.887103645331166 
3 0.0501281757682292 2.654776931387149 0.04018142286135616 4.621033521091595 0.06938934472125677 0.49971803282103194 0.06006423430500324 1.4928929991650537 
4 0.05014878061911976 3.340554256991415 0.040218244175468695 5.787685383512856 0.06939476380591922 0.7233659200919941 0.06007643557863085 1.9003885639939782 
1 0.050093403075325824 1.432193706880956 0.04011822260467461 2.3499885263613893 0.06938270682866036 0.0018498100339605372 0.060045271777905695 0.7868323940104546 
3 0.050128691629714416 2.671997577882846 0.040182332110417586 4.6943603102157825 0.06938946423334316 0.503239677865098 0.06006452498107967 1.450120139500212 
1 0.0500878312218029 1.2147552915186295 0.040107225881533426 1.9857765220475667 0.06938234462583384 0.0011516758428635739 0.06004276263856877 0.6628847224791085 
2 0.05011340793826924 2.2029045455497753 0.04015466854581711 3.6376547500673007 0.06938592772469235 0.24423611915663349 0.060055788149103805 1.1547347244160968 
4 0.050154472138155784 3.5274121831255947 0.0402284359856499 6.117145941227697 0.06939638321576909 0.7700466411417617 0.060079826984108575 2.014214842650694 
2 0.050110519353622804 2.1339035193919225 0.040149470496508036 3.410025920286526 0.06938527941938097 0.2306339634552801 0.06005380056257328 1.0162699106398396 
4 0.050154472138155784 3.5274121831255947 0.0402284359856499 6.117145941227697 0.06939638321576909 0.7700466411417617 0.060079826984108575 2.014214842650694 
3 0.050131725699266584 2.7723272024636456 0.040187844835630045 4.463761538168738 0.0693901670602125 0.5256470259193227 0.060066091616918116 1.5076716804200738 
1 0.05008836861943611 1.2053478709578462 0.04010865813369848 1.907302572533699 0.06938240284272959 0.0011016451408906026 0.06004303325506897 0.676898581343999 
2 0.05010759744708669 2.015523109702118 0.040142703574407766 2.9328544978639077 0.06938471396740867 0.15819084768380193 0.06005237196582103 1.0547914424228815 
2 0.05010899612095239 2.0819970572839663 0.04014597251345375 3.186165652772144 0.06938498952453467 0.18325199127271893 0.060053014572653385 1.0972965178158764 
2 0.05011501778338044 2.2739347218384696 0.04015750699545482 3.7595588739173125 0.06938628048818798 0.25142236995162576 0.060056801329626895 1.1801447605078574 
4 0.05015069296365565 3.4023930038236414 0.040221720674391684 5.8938974549346685 0.06939529324267033 0.7387110288701603 0.060077589457824335 1.8842500234800084 
1 0.050086941197242385 1.1635234879960727 0.04010624249993598 1.8643078532566508 0.06938228792408768 0.0011930024683859668 0.060042393995158184 0.6437943856273697 
3 0.050131725699266584 2.7723272024636456 0.040187844835630045 4.463761538168738 0.0693901670602125 0.5256470259193227 0.060066091616918116 1.5076716804200738 
1 0.05008698590599479 1.150367251675815 0.04010656728259391 1.904913911002852 0.0693823013154454 0.0011854254729077994 0.060042441599869066 0.6452904043312201 
4 0.05015051776329893 3.3973907292522227 0.040221341885696774 5.888425766105945 0.06939524045996655 0.7375065552069403 0.06007748997919145 1.8269001529881443 
1 0.050094029872057445 1.4539255721697975 0.04011997383634672 2.3256989106310044 0.06938277212826172 0.0017988424608354695 0.06004555906479466 0.800622885986534 
4 0.05015283562317187 3.4748181681761645 0.04022553822064569 6.023432100627824 0.06939593058237538 0.7569796214380815 0.06007889638673695 1.982273733925524 
2 0.05011023213424888 2.05676973354323 0.0401490549512177 3.3496261083046166 0.06938523597506971 0.2295453730208615 0.06005355537430601 0.988872527905772 
4 0.05015364509080027 3.5011717842306 0.04022697538002215 6.069311250679398 0.06939615110968603 0.7633125236309827 0.060079385794820014 1.9984651127514912 
2 0.050112705139970716 2.1175173266940908 0.04015305776807705 3.1588959515590203 0.06938566148016859 0.2391506202439319 0.060054964195067874 1.1639961625192037 
1 0.05008843139339103 1.164525480843702 0.040108565156957654 2.021765846829484 0.06938235334789418 0.001098288393622477 0.06004308646980237 0.6774229221826619 
1 0.05009232029837836 1.4324983124141488 0.0401162071587555 2.265358305600473 0.06938261874968699 0.0017710450625845163 0.06004479360942459 0.7625153280640415 
3 0.05013429120838307 2.8394393233915407 0.04019231811842361 4.919935497954322 0.06939079312700672 0.603564664686629 0.06006776009886007 1.6036995629331177 
3 0.0501320839689174 2.765875525767695 0.04018873657309177 4.770570621922995 0.06939026709171922 0.5569278727374627 0.0600662935288513 1.5671478503363567 
2 0.050107653492509695 2.0191852197889744 0.04014362434974271 3.063888463128021 0.06938475503663058 0.1585445013024812 0.06005225034816071 1.0850389096795943 
4 0.0501523596054788 3.4565932480385726 0.04022462851939601 5.991157676984727 0.06939575694584947 0.7520409906037668 0.06007859957942467 1.9714682300704247 
4 0.050148060572370076 3.316348283584799 0.04021696121898358 5.746173502629037 0.06939457144786951 0.7174727370142963 0.060076006653305 1.8859954499062106 
1 0.0500881810603679 1.2000728600566237 0.04010792469315662 1.8559161463306375 0.06938235261156603 0.0011185989374547206 0.060042956321190166 0.6724120497429789 
2 0.050109247938623126 2.071650023848026 0.040146816332089136 3.329926790138706 0.06938503930755317 0.2250746311716491 0.06005315485744037 1.0650277684262122 
4 0.05014929466992394 3.357801594695785 0.04021914557955486 5.817624619313943 0.06939493010077824 0.7278076223050658 0.06007675268951675 1.9104725728122418 
4 0.05015280455830388 3.4731702824583666 0.040225458836264334 6.020299164651057 0.06939591722377905 0.7565361427030087 0.06007889726515438 1.981451130728292 
3 0.0501320839689174 2.765875525767695 0.04018873657309177 4.770570621922995 0.06939026709171922 0.5569278727374627 0.0600662935288513 1.5671478503363567 
4 0.050152397723386075 3.4579085838710952 0.04022467662061152 5.991299042981753 0.06939577891760675 0.7524875101851357 0.06007862275946435 1.9720431831904766 
3 0.05013314835759023 2.8198110311830726 0.040190550127164146 4.830360518247706 0.06939051118120416 0.5653355958294111 0.06006704221998773 1.5807360676700384 
1 0.05009300755414642 1.4648645521670132 0.04011776266129578 2.1725072342359426 0.06938266474640599 0.001854313913628754 0.06004510685976938 0.7790712961006918 
2 0.050113826187044005 2.2337125246889955 0.04015489276922503 3.4205989196320425 0.06938599979249686 0.24603914081606412 0.06005609169939311 1.1812373791601414 
3 0.05013433190031445 2.840759974936795 0.04019233980936916 4.8742587448795485 0.06939080157358225 0.6039616066487635 0.06006777469179449 1.6043827837758997 
2 0.05011530310308101 2.287544423783948 0.040157616081744195 3.5889770688323095 0.06938634283998686 0.25291868346387014 0.06005703132499256 1.1845459068973692 
3 0.05013231702351195 2.7921039994338424 0.0401889938746353 4.7042006058350525 0.06939031747136988 0.558523471840794 0.06006653856561628 1.5640239295791107 
3 0.05013294903026568 2.79478757523986 0.04018983571905762 4.865714473683992 0.0693904630698181 0.5636713275013765 0.06006689786490495 1.5776620581684757 
2 0.05011527693275003 2.2623382557732428 0.040158083593123076 3.5736525129048906 0.06938633899242921 0.25259906114903685 0.06005705010063859 1.1691489364225176 
2 0.05011467577906124 2.17321138559154 0.04015675627014083 3.5164885225125686 0.06938620788066927 0.2500437230928834 0.06005667904860623 1.1582093357627905 
4 0.05014774313011043 3.305796779939638 0.04021636793710639 5.727640036797347 0.06939447199069369 0.7147895446961657 0.060075810795161 1.8796354461796092 
4 0.05014820721111679 3.3219396325573918 0.04021718311483152 5.753488048812902 0.06939462122038256 0.7189209344279086 0.060076112366070744 1.8901502226869926 
2 0.05011407870930158 2.189447076243054 0.04015574188890497 3.535384328878739 0.0693860709006617 0.24735946830320218 0.06005624780088904 1.1651276920411078 
2 0.050112176628330715 2.168481773928881 0.040152476918094704 3.223881412251913 0.06938558321695466 0.23688101102964504 0.0600546588997129 1.1526541249459092 
1 0.05009306271018245 1.4670325008151008 0.04011694836764403 2.161550566163308 0.06938268056590229 0.0018755076729967755 0.0600451539314575 0.7811729382120871 
1 0.05008815177610025 1.2099167534898174 0.04010876865632167 1.999111023047049 0.0693823674768097 0.0011182469770546685 0.06004294036778718 0.671153371381069 
3 0.05013397874495288 2.8290007622695836 0.040191689561251034 4.877138389530457 0.0693907252308715 0.6011739775126179 0.06006755181436631 1.5512605401229393 
3 0.05013465032688803 2.8898998982246793 0.04019297321189579 5.018947552668415 0.06939088317588141 0.6066766543375344 0.06006796982780758 1.617125479018289 
1 0.050094588624077674 1.5017440742767358 0.04011989499993935 2.3819264203843504 0.06938281323940784 0.001750386853430971 0.06004579752766335 0.8122361896150612 
3 0.0501321644522147 2.7685345156873375 0.040188783497993964 4.756602815922262 0.0693902785982405 0.5576191787394624 0.06006630427959392 1.5687501274168123 
1 0.05009270003985955 1.4467190961313754 0.040117151708102136 2.2485974586488404 0.0693826469884413 0.0018461558360077298 0.06004495049092048 0.7720967299226251 
4 0.05015327843735064 3.487156108116544 0.040226228740521335 6.044732592695661 0.06939604017629716 0.7602733108616333 0.06007911306606687 1.9899737488754035 
1 0.05009112041341662 1.4015031645622533 0.040113533794181554 2.0720584872401075 0.06938256258233662 0.0017438491067750187 0.0600443040680315 0.7381979965759179 
3 0.05012873171962921 2.673346440426731 0.04018229157854969 4.614439112233213 0.06938947835932695 0.5036755238743302 0.06006455433028661 1.5071056461709291 
1 0.05008930161115065 1.3357122501649887 0.04011073204912071 2.0613450214344646 0.06938242400596192 0.0013258409394836439 0.06004350654566164 0.6977610635079075 
3 0.05013223665025318 2.7894543287785765 0.04018852959051112 4.7797958232821625 0.06939028623685922 0.558221330690662 0.06006639588728626 1.52482316515393 
2 0.050114374749358356 2.163250200274706 0.04015609252761382 3.6076916588304813 0.06938613737909083 0.24868070704721226 0.06005639634534075 1.1519663933430875 
4 0.05014789047559307 3.3113747015277055 0.04021663325238308 5.7371339403830985 0.06939452359229409 0.7163213644982166 0.060075889452076536 1.8825344436403255 
2 0.05011301724528715 2.208110517576197 0.04015393053839987 3.41420414000822 0.06938583355576425 0.24215257979846477 0.06005551931895016 1.167518758912029 
1 0.05009371977819489 1.4434830946544441 0.040119430462820106 2.3323657617416567 0.06938275193675822 0.0018261802069316764 0.06004541311250107 0.7942847806220632 
3 0.050128651395053 2.6706787820114384 0.04018265090773378 4.508082433451081 0.06938945798747088 0.5032271501079795 0.06006448389190613 1.4595920971959135 
2 0.05011471527900685 2.2088677125685305 0.040157437670579645 3.5243736354145225 0.0693862178433503 0.2501725840901778 0.060056615725266695 1.1371106139103415 
4 0.05015296697959522 3.4783873630869273 0.04022574829170712 6.028352178256749 0.06939595068198733 0.7577166040070444 0.06007897930427812 1.9848601469324105 
1 0.05009382208232956 1.5583925484647676 0.04011866797144816 2.060416465537505 0.0693827459008552 0.0018136259065109459 0.06004548131168521 0.7977316482162048 
3 0.05013358027970697 2.8157852745903305 0.0401911502215101 4.901090174681262 0.06939063060610692 0.5977696009938589 0.060067354730564446 1.5891864798571331 
2 0.05010714814006878 1.9555392248505306 0.04014269885386268 3.0413788249910985 0.0693846639854569 0.1570466715018732 0.06005198516801295 1.0635445568503645 
2 0.05011428905261388 2.265111795334671 0.04015615905203977 3.7430303456955274 0.06938612365292085 0.24822226321851745 0.06005638295906994 1.1292775317601709 
3 0.050135565127696645 2.958904185669889 0.04019471275300289 5.016283515747107 0.06939109624739896 0.6147318966933731 0.060068488023152136 1.5881988584245395 
4 0.05015016253954933 3.385356959021057 0.040220698877851346 5.864418326456543 0.0693951602651883 0.7345963216943401 0.06007731307406836 1.929514945749914 
4 0.050154960007588 3.543427503742298 0.04022917819195702 6.144621112101598 0.06939649806428444 0.7736280790082336 0.060080139303071364 2.0240371646457964 
1 0.05009030584668141 1.37542991709884 0.040113016031695994 2.123524325055212 0.06938250568294722 0.0015093293712235135 0.060043883597296545 0.7184467405893719 
4 0.05014844846920805 3.3298757702406383 0.04021772626456529 5.765925059674314 0.06939468088856893 0.7207717820158661 0.06007624421793091 1.8939260812313663 
4 0.05014774313011043 3.305796779939638 0.04021636793710639 5.727640036797347 0.06939447199069369 0.7147895446961657 0.060075810795161 1.8796354461796092 
3 0.050129009217915334 2.682643050107521 0.04018327903795678 4.473552089337241 0.0693895415190541 0.5056300013422883 0.060064663449966124 1.4563300756277333 
3 0.05013079150503082 2.7422114276551683 0.04018679249192744 4.408807970646317 0.0693899702596748 0.518835531526985 0.06006560960746885 1.535850172096413 
4 0.050152645011730265 3.4674687352325435 0.04022550835302001 6.006197210029178 0.06939582607906865 0.7544878691659602 0.06007876801855945 1.977862526686613 
1 0.050093403075325824 1.432193706880956 0.04011822260467461 2.3499885263613893 0.06938270682866036 0.0018498100339605372 0.060045271777905695 0.7868323940104546 
1 0.050089880529344086 1.3265850042557115 0.04011139398166336 2.090823767039514 0.06938246248241567 0.0014842115703427258 0.060043742655275525 0.7103213241857977 
1 0.05009160047012985 1.4248245564947788 0.04011501617592962 2.295140266475909 0.06938258236280703 0.0017389474664692428 0.060044435711560595 0.746648698437733 
2 0.05011028673868362 2.1067348318582018 0.04014887172439627 3.2859472471878854 0.06938522876967175 0.22965657980846746 0.060053628359799896 1.0120396229965452 
3 0.05013330774178772 2.8066316057620804 0.040190491968990195 4.885042088077697 0.06939055355917817 0.5954950623603088 0.060067145608057135 1.584058559693199 
3 0.050132909110862836 2.793465582979048 0.040189876305099854 4.900404167631318 0.06939046958798313 0.5636504214960202 0.060066905772987234 1.5370907649051384 
4 0.050148728984003896 3.3395281599005933 0.04021813841349746 5.7853318623916445 0.0693947546968218 0.7230875391757839 0.06007642180867283 1.9004964066983319 
3 0.05013508369385773 2.9235861484923675 0.040193600255722085 4.985505926116344 0.0693909952461462 0.6106412160373046 0.06006823785732529 1.6194571432514795 
1 0.05008848047820495 1.2413081021526728 0.04010900993164122 1.7782577904371877 0.06938236467058165 0.001125251721901187 0.0600431110298932 0.6784304293538558 
1 0.050092369551425306 1.4347166487731697 0.040115707525727705 2.1519113698109322 0.06938259414778668 0.0018732831954511153 0.06004479308488471 0.7636536259864218 
2 0.05010888027222562 2.0122250932952284 0.040146132644916885 3.2809142280468775 0.06938498001213127 0.18289532145290227 0.06005295770882191 0.9529137298969147 
4 0.0501512887783274 3.4225199470550587 0.04022270877795997 5.928960554907263 0.06939547594401502 0.743741484986098 0.06007795484313747 1.8407508167361981 
2 0.050111154610727536 2.085284391667347 0.04015023963662799 3.2578511205682927 0.0693853911726617 0.23309982807497925 0.06005417174594925 1.0633149685304357 
3 0.05012873171962921 2.673346440426731 0.04018229157854969 4.614439112233213 0.06938947835932695 0.5036755238743302 0.06006455433028661 1.5071056461709291 
1 0.05009063738983101 1.3684834517108646 0.04011308579680281 1.8982752940944398 0.06938249363168301 0.0016181471321857818 0.060044036562819425 0.7266092672567711 
4 0.05014946229731856 3.363003533806496 0.04021944977964635 5.82699014283201 0.06939496301347635 0.7290036412085591 0.06007687146755668 1.9149484014995828 
1 0.05008857547450367 1.2359091516755287 0.04010935034723741 1.8555722655554594 0.06938239545900667 0.0011179362158474325 0.06004311620950724 0.6802906492558032 
4 0.05014963658770338 3.3679966921408537 0.040219764568473725 5.834185199738539 0.06939501747586546 0.7303185348661863 0.06007698992158639 1.919310908195176 
4 0.05015569583016342 3.5670555495805303 0.04023060755185903 6.184314093645639 0.06939672562610963 0.7797075918002528 0.060080573227727196 2.038498513279093 
4 0.050151416806481205 3.42641070645899 0.040222933812116494 5.937476260787817 0.0693954903403712 0.7445830317333193 0.06007803347773054 1.8977074458033918 
4 0.050151574600441076 3.43182722625197 0.040223243256003814 5.946219574427772 0.06939554870029799 0.7460793636768194 0.060078108817542386 1.901272051394806 
2 0.050113140456473325 2.16054896311256 0.040154003609290556 3.4347102737547823 0.06938587162899179 0.24325184606886552 0.06005572769104266 1.1699060675526805 
3 0.05012934769067764 2.693582962479494 0.040183797238614094 4.46660994822051 0.06938961959114087 0.5079392359319715 0.06006481023804163 1.5153890329985185 
1 0.05009257380988706 1.434057580875658 0.04011601190648409 2.1067395132072178 0.06938264374719708 0.001855034998448777 0.06004491895951554 0.7694152802939259 
3 0.050131725699266584 2.7723272024636456 0.040187844835630045 4.463761538168738 0.0693901670602125 0.5256470259193227 0.060066091616918116 1.5076716804200738 
2 0.050110698674715515 2.0717745260736184 0.04014889769781009 3.2534788807364223 0.06938529797443042 0.23127657469314142 0.0600538648808584 1.0440329028897737 
1 0.050087518156673075 1.1401813972837613 0.04010741403150146 1.8919739119906869 0.06938234641684435 0.0011392006858487959 0.06004265362937598 0.657123403034179 
2 0.0501145903594987 2.2234728032892166 0.040157183802659424 3.5566683960190404 0.06938620266285447 0.2498176155665906 0.06005665672480648 1.1193692285687136 
4 0.05014832725261218 3.3259125915933594 0.0402174104791608 5.760134711029702 0.06939465375985769 0.7198984722084701 0.060076184829065946 1.8923016330152804 
3 0.05013385789465893 2.825044970081886 0.04019142344233043 4.916015139044964 0.06939069248887934 0.600558753249411 0.06006748069287271 1.5950136393368706 
1 0.05008976558731153 1.3328853017313431 0.04011203660669431 2.0891825950983347 0.06938245071629282 0.0013204001139550399 0.06004369106305516 0.7078400940617626 
3 0.05013548314116363 2.9562368577045883 0.04019459268399751 5.009376761585957 0.0693910937390103 0.6137976999607595 0.06006850873068712 1.627394548463947 
4 0.050152452417077956 3.4593790950111467 0.04022475313088098 5.994329744072719 0.06939576937393777 0.7526523030238074 0.06007863872306647 1.973080082001291 
2 0.05011467577906124 2.17321138559154 0.04015675627014083 3.5164885225125686 0.06938620788066927 0.2500437230928834 0.06005667904860623 1.1582093357627905 
2 0.0501143273270947 2.249384610499308 0.04015630933292428 3.7226687814363175 0.06938613276386049 0.24840832679563274 0.06005645983210267 1.1905175625509714 
4 0.050153441278458645 3.4946143525505553 0.04022660526921519 6.05616922665011 0.06939607996561732 0.7615863284001188 0.060079255241586485 1.9945051337760797 
3 0.050133898295410075 2.8263606441004985 0.04019148319735231 4.779586831711172 0.0693906979561893 0.6003674958694141 0.06006749846976374 1.596461955493869 
3 0.050131765325858946 2.7736557435836255 0.04018789868011744 4.79285728628238 0.06939018227343517 0.5259741329947587 0.06006606502715174 1.5609712078036375 
4 0.050152452417077956 3.4593790950111467 0.04022475313088098 5.994329744072719 0.06939576937393777 0.7526523030238074 0.06007863872306647 1.973080082001291 
2 0.050111722624118685 2.102530872802302 0.04015121182682718 3.2864408624275456 0.06938548199847876 0.23519978635351757 0.060054407397163924 1.1082174949174561 
3 0.05013160651091866 2.768362615844702 0.04018744991829139 4.59816985899202 0.06939013905799155 0.5246539958328068 0.06006598706522698 1.5503656310978111 
4 0.050148728984003896 3.3395281599005933 0.04021813841349746 5.7853318623916445 0.0693947546968218 0.7230875391757839 0.06007642180867283 1.9004964066983319 
1 0.050091747190302294 1.3690759990535029 0.04011492645345697 1.9664370847551786 0.06938259402937194 0.0017246244856340173 0.060044547549793915 0.7501532100222748 
4 0.05014963658770338 3.3679966921408537 0.040219764568473725 5.834185199738539 0.06939501747586546 0.7303185348661863 0.06007698992158639 1.919310908195176 
2 0.050107653492509695 2.0191852197889744 0.04014362434974271 3.063888463128021 0.06938475503663058 0.1585445013024812 0.06005225034816071 1.0850389096795943 
4 0.05014819196731425 3.2222325484218763 0.04021713669222156 5.751584890855642 0.06939458340778851 0.7183240002563755 0.06007607404287672 1.888362923395843 
2 0.05011416116785953 2.2271147739768438 0.04015608877274499 3.4222566205658347 0.0693860859988565 0.24759693320033777 0.06005637590783632 1.1492324874622035 
1 0.05008760891535362 1.2151988508796883 0.040107514478772026 1.9150510180715812 0.06938235639187067 0.001154582996197024 0.06004271139248433 0.6603622462764307 
4 0.05015451284161482 3.528727974090787 0.04022846592916743 6.115743102881896 0.06939637204388763 0.7700120782338773 0.06007988435776969 2.015250310799859 
1 0.05008947956091721 1.3201008462774424 0.040110765886837055 2.23717726762458 0.0693824398067427 0.0013161926773491363 0.060043509553810694 0.7000167396299855 
3 0.05013433190031445 2.840759974936795 0.04019233980936916 4.8742587448795485 0.06939080157358225 0.6039616066487635 0.06006777469179449 1.6043827837758997 
3 0.050133544354141815 2.814562006755987 0.04019103320547603 4.812893832307377 0.06939062190252474 0.5974563590324542 0.060067261516611514 1.595191013317713 
1 0.05009159693548235 1.37812215127308 0.04011493706773911 2.0596044192639518 0.0693825759188412 0.0017344386891522943 0.060044485322075555 0.7477537820098448 
4 0.05015150768862862 3.4289387777529567 0.04022307345038277 5.942438063535236 0.0693955330670997 0.7453932773494607 0.06007807811283383 1.8994622871330276 
3 0.05013204407690316 2.764553973839291 0.040188235554004643 4.808211695420137 0.06939025341228318 0.5564934643367205 0.06006627803536283 1.5139110332765497 
1 0.05008733057510312 1.1691503845330762 0.04010715871355103 1.8695824961161862 0.06938231952989646 0.0011518767688235637 0.06004260751469137 0.6534962050001479 
3 0.05013231702351195 2.7921039994338424 0.0401889938746353 4.7042006058350525 0.06939031747136988 0.558523471840794 0.06006653856561628 1.5640239295791107 
1 0.050094588624077674 1.5017440742767358 0.04011989499993935 2.3819264203843504 0.06938281323940784 0.001750386853430971 0.06004579752766335 0.8122361896150612 
3 0.050130446884429525 2.7305112228267885 0.04018586488474969 4.66869653541327 0.06938988830312354 0.5165050947784883 0.06006548628222187 1.5288215069835496 
4 0.05015455355048322 3.530050213041476 0.04022854559506156 6.117763784151839 0.06939640156294034 0.7705432716230585 0.0600799032016873 2.015903614521772 
3 0.05013562810542359 2.962006341989217 0.040194979051409695 5.017662530410988 0.06939111853972406 0.6149543941997837 0.06006859824470791 1.6303579248553697 
3 0.050127760223498595 2.6418617188639035 0.040180497368811366 4.56347100786868 0.06938922011682112 0.49687788267873667 0.06006403959786004 1.4862067147036353 
1 0.050090121181793054 1.3585680058260228 0.040112216910951376 2.1299177618349194 0.06938246309325863 0.0014953226930065938 0.06004380013017955 0.7142544878839332 
3 0.05012794743253403 2.6483039076611132 0.04018082019587711 4.574409564016001 0.06938929607769936 0.49844966942896357 0.06006416931710108 1.4377192748081435 
3 0.05012917528430709 2.6880712304326684 0.040183530579042157 4.634701574152016 0.06938957435005386 0.506675633288949 0.06006475351340714 1.504193494452726 
3 0.05012829544854268 2.658781102454158 0.04018153381211252 4.592962247735594 0.06938936752364241 0.500412133390175 0.06006433214038417 1.4866790228015565 
1 0.05009331223956567 1.4319967498913218 0.0401176267852865 2.2441110031046225 0.06938268789323691 0.0018612802868015498 0.06004522755737378 0.7847294115922717 
2 0.05011020338320501 2.0868082774679486 0.040148181089692106 3.4025291231203396 0.06938521621116056 0.22940003848270724 0.06005354923773809 1.0521731592245036 
2 0.05010980449818442 2.04279244302783 0.04014783598087867 3.3325436171598133 0.06938515517761594 0.22773688584288343 0.060053434857577234 1.1162998710536862 
3 0.050130008533432815 2.715916611826114 0.04018499903088356 4.68940445885534 0.06938978538869832 0.5130248709100769 0.06006520911390362 1.483482719451808 
4 0.050154714427974055 3.5352250756881105 0.04022885596609581 6.1270950506225415 0.0693964417380484 0.7717770071454276 0.060080000061503845 2.019297215793851 
2 0.050111767253729546 2.154712194631815 0.040151853471893637 3.2859247396738334 0.06938550607872002 0.2353596414643393 0.06005450230267151 1.1452911428202686 
1 0.05009178010444918 1.3689699870757188 0.04011519845262281 2.01127410884161 0.0693826012467723 0.001723570122003035 0.06004454576804856 0.7509737429579723 
1 0.050092597208915624 1.4530063592658435 0.04011651850329134 2.3305065824390376 0.06938265236862906 0.001854297380022517 0.060044948477217364 0.7709328329983687 
2 0.05010707109817951 2.0180136882303183 0.04014277643660978 3.063388399700746 0.06938465927065039 0.1568795422390064 0.06005192343982748 1.0514649622316454 
4 0.05014767469611971 3.3050137827329893 0.040216280167570145 5.724157638499463 0.069394428459383 0.7141772800552761 0.06007578447592012 1.878914118391338 
3 0.050132755843886566 2.806662505737376 0.040190344751983895 4.505910723268208 0.06939043616157606 0.5621090154273695 0.0600668533034736 1.572575298401767 
4 0.05014999408850897 3.3802638720756497 0.04022040024194782 5.855580150887688 0.0693950900500502 0.7331054705534594 0.06007718960618559 1.8726040921991154 
4 0.050153963963001945 3.512133566707572 0.04022780022832616 6.082882709695676 0.06939622997476062 0.7660012438754965 0.06007953670766033 2.004754140411635 
1 0.050092146243062644 1.4192236510938627 0.040116137307266764 1.9689394177539448 0.06938260563099959 0.0017849909395828898 0.06004469796389704 0.75921822641898 
4 0.05015537655838859 3.5565258051163324 0.04023000810312573 6.166546379953433 0.0693966360950637 0.7771287724620815 0.06008037807833946 2.0318655381265764 
3 0.05012884825392459 2.6772924397634905 0.04018299396462292 4.442822495899144 0.06938949960332437 0.5044010781363208 0.060064589376958424 1.4539580948868789 
1 0.05009267494819736 1.399676531053046 0.04011675431981644 2.1244246370403004 0.06938263291299859 0.0018636611841542027 0.060044940243240676 0.7715794026225375 
3 0.050131375704193085 2.7605367307605175 0.04018740726268434 4.44035046772344 0.06939009250932114 0.5229090868232287 0.060065880190620626 1.5007337560967833 
1 0.05009338827775658 1.5419372011286547 0.04011804528762666 2.225265422936365 0.0693827251496452 0.0018493450806712907 0.060045298625942864 0.7884054071324185 
3 0.050135124475793255 2.924934017695231 0.04019443710821336 4.975737391928524 0.06939102339718903 0.6109945627541651 0.06006827128388451 1.5793989029307909 
3 0.05013204407690316 2.764553973839291 0.040188235554004643 4.808211695420137 0.06939025341228318 0.5564934643367205 0.06006627803536283 1.5139110332765497 
3 0.05013164626982697 2.769683595718361 0.040187892491918516 4.727174931630993 0.06939015359432876 0.525192770650355 0.06006604645792679 1.5059520837764349 
4 0.050151120052049504 3.412790411157186 0.04022226846365712 5.91543062084642 0.06939540348503372 0.7417852048459244 0.06007780584566641 1.836167916628898 
3 0.05013362009475221 2.8171066054802223 0.04019144928148759 4.958645040814329 0.0693906316899425 0.5978114699148517 0.06006731338626462 1.5909921414312076 
3 0.05013029306111214 2.7252854913826328 0.04018514939098685 4.647297216372552 0.06938985379303514 0.515418777400104 0.06006538660535987 1.5260508495383587 
4 0.05015341160176473 3.49312300032958 0.04022652647254102 6.054462573007936 0.06939610379448845 0.7615339766463123 0.06007924538905224 1.993158732900374 
4 0.05015513422501351 3.548784205617809 0.04022955391607771 6.150241840092549 0.06939655061935775 0.7749884810214636 0.06008023811403448 2.0272452885011405 
4 0.05015525188497483 3.5525722222653884 0.04022981017820769 6.158145853269661 0.06939658951232744 0.7761739191384407 0.06008027882642318 2.0296449441993536 
4 0.05015040730208033 3.3933250121435634 0.04022112803989969 5.877994035787898 0.06939522811708423 0.7365019107746574 0.0600774324081804 1.8248154510014731 
2 0.05010832579533695 1.9937006362890055 0.040144946384533864 3.22953685584841 0.06938486302625105 0.1606064100095108 0.06005261450485612 1.0920505772531766 
2 0.05010756327436592 2.016715437233642 0.04014370918822756 3.3405416470976403 0.06938472340789643 0.15832106734866794 0.06005225325049903 1.0833563255116432 
4 0.050152762988155374 3.4718562855639243 0.04022539107397827 6.016261444704753 0.06939588868658284 0.7560404821320351 0.06007886743273087 1.9808640668051052 
1 0.05009008953780002 1.3234345696704257 0.04011248803459234 2.0214028242155067 0.069382495361865 0.0014978473078056435 0.060043808467317016 0.7143772737672442 
2 0.0501085997113699 2.0327401890139805 0.04014589722450081 3.292324253079432 0.06938492372574276 0.1819397664776349 0.06005270973175682 0.9728551400284211 
1 0.05008904368757335 1.2902129995024798 0.04011068268705236 1.9391230290298709 0.06938242068855249 0.0013128583723080066 0.060043360130925996 0.6914854322869615 
4 0.05014929466992394 3.357801594695785 0.04021914557955486 5.817624619313943 0.06939493010077824 0.7278076223050658 0.06007675268951675 1.9104725728122418 
4 0.050151416806481205 3.42641070645899 0.040222933812116494 5.937476260787817 0.0693954903403712 0.7445830317333193 0.06007803347773054 1.8977074458033918 
1 0.05008951149633911 1.277813401540358 0.0401111290113413 1.9634022642311098 0.06938244674364545 0.0013146459419184854 0.060043515764402464 0.700533490716385 
1 0.050089325636995585 1.3255651482795383 0.04011050476816751 1.8616295314392612 0.06938242697714207 0.001329799276541673 0.060043455544616285 0.6964544820588203 
4 0.05015145213593528 3.4279008043585777 0.0402230116856105 5.9407596088962 0.0693954957674671 0.7448406063417632 0.06007806629444616 1.9536614084192443 
3 0.05013056568146031 2.734464665896906 0.04018564499198496 4.806642713124247 0.06938990826767816 0.5175030593819454 0.060065534505558495 1.4865185100655256 
3 0.05013377874162618 2.822406505217858 0.04019124993323469 4.907938099419318 0.06939067887769128 0.5996052746416479 0.06006741685107595 1.5940102315138047 
3 0.05012829544854268 2.658781102454158 0.04018153381211252 4.592962247735594 0.06938936752364241 0.500412133390175 0.06006433214038417 1.4866790228015565 
3 0.05013117705548076 2.753931101447875 0.040187580721396436 4.416688329354111 0.06939005183357795 0.5212910270563869 0.06006578149116413 1.497161738249623 
3 0.050130008533432815 2.715916611826114 0.04018499903088356 4.68940445885534 0.06938978538869832 0.5130248709100769 0.06006520911390362 1.483482719451808 
2 0.05011205846689032 2.0950775048876147 0.04015209719594094 3.2980415420658318 0.06938555827626068 0.23640089394533184 0.060054632141486375 1.1498829349402142 
4 0.05015405795574361 3.5144826215190124 0.04022771331492951 6.092583879770797 0.06939626595972077 0.7666001346840378 0.060079624594814474 2.0064529277728753 
4 0.05015153377695183 3.430497127514483 0.040223149996360605 5.94301980376571 0.06939555090397456 0.7457580478873024 0.06007810751420199 1.9002659084644022 
2 0.05010822985372183 2.0376021202659294 0.04014449820071831 3.2324432481637806 0.0693848499561226 0.1605554197966176 0.060052537272472575 1.082619653948536 
3 0.050132636018428614 2.784304894293291 0.040189380332213996 4.609839026590164 0.06939040202396358 0.5613127304651837 0.06006668856300075 1.571331705732629 
1 0.050089206654911844 1.2514526409464208 0.04010998256583613 1.8885046528619072 0.06938241995524123 0.0013402301386266848 0.06004339193883244 0.6940332926277897 
1 0.050094029872057445 1.4539255721697975 0.04011997383634672 2.3256989106310044 0.06938277212826172 0.0017988424608354695 0.06004555906479466 0.800622885986534 
3 0.05012929376545929 2.692019795296259 0.0401832712876075 4.650048194680972 0.06938960563653158 0.5078988681620895 0.06006485681360472 1.5068147161068963 
2 0.0501143273270947 2.249384610499308 0.04015630933292428 3.7226687814363175 0.06938613276386049 0.24840832679563274 0.06005645983210267 1.1905175625509714 
1 0.050092070287719816 1.4529760785558667 0.04011536906535576 2.139065806756865 0.06938260884329273 0.0017960614690548937 0.060044662209867004 0.7575069233344517 
2 0.05011306759444713 2.140302848509257 0.04015379664040082 3.4059429587239274 0.06938583713866142 0.24247153830634174 0.06005557418965417 1.1683331523759908 
4 0.05015516448844903 3.5450127630634376 0.040229511068466464 6.148365927462552 0.06939653597547743 0.7746655048672804 0.06008021530634211 2.0265913617975277 
4 0.05015341160176473 3.49312300032958 0.04022652647254102 6.054462573007936 0.06939610379448845 0.7615339766463123 0.06007924538905224 1.993158732900374 
3 0.05013373952807661 2.8210683809849613 0.04019143954310824 4.861750364311573 0.06939067074733934 0.5993060768412357 0.06006741936666511 1.5926369326206296 
1 0.05008959495089752 1.2687796042593806 0.04011083590481949 1.966330369880416 0.06938244692828822 0.0013075111389786918 0.060043595062689734 0.7026906360400738 
4 0.050154149730648356 3.5167959746451176 0.04022782897386148 5.9707649706520645 0.06939627686937452 0.7671838071643526 0.06007965411653047 2.008120562873944 
3 0.05013243672653596 2.777696678768033 0.04018810077479924 4.742805320980485 0.06939033519099667 0.5593577069330857 0.060066602710158 1.5214327863287989 
2 0.050113982891551515 2.2561321342988343 0.04015564497248122 3.439453244408071 0.06938604878294237 0.2469579067642028 0.060056240828306004 1.1252884515043962 
2 0.05011013006811127 2.052995607289451 0.04014824558138567 3.4209374696807933 0.06938519888382258 0.22894028247884673 0.060053497623965724 1.0705409192193467 
2 0.050111008797140796 2.130353392083596 0.04014960974803761 3.294129443703561 0.06938535746173882 0.23243654609317507 0.060054115710131584 1.0967740680967726 
1 0.050093763009037284 1.4455676503008454 0.04011850437701089 2.3635922160984646 0.06938273187888275 0.0018195690840729951 0.0600454460097295 0.7952516772763654 
3 0.050130328538192236 2.7265427299273406 0.04018551298579927 4.384547817589373 0.06938985700656627 0.5156461899176243 0.060065386438674075 1.4895208565985574 
1 0.050089959370405945 1.3038874507592042 0.04011111516858608 2.0713707961753274 0.06938245859434598 0.001480360505260301 0.060043740011917014 0.7108034674436766 
2 0.050112140840462935 2.1493592245776894 0.040151607871389286 3.284226260656189 0.0693855550182439 0.2367225833994953 0.06005468020288712 1.15214276621924 
1 0.050090284325923405 1.3566798912826232 0.040112302548912696 1.9668265903511393 0.06938250985745159 0.0015068686491849566 0.06004387527818653 0.718975485839597 
1 0.050086929394678036 1.1168201522581982 0.0401060442311736 1.8751996357843541 0.06938226264519085 0.001189148624792906 0.06004240811202771 0.6443981113992935 
4 0.05015213802757366 3.4506905060481174 0.04022421695394095 5.977839647170135 0.06939570492063024 0.7505449476198575 0.060078468268419935 1.9670290759231754 
2 0.05011322429155163 2.1628393338036513 0.04015393248203939 3.449027898984384 0.06938588991195452 0.24346457550587627 0.060055697945659146 1.1712164432490342 
1 0.050090121181793054 1.3585680058260228 0.040112216910951376 2.1299177618349194 0.06938246309325863 0.0014953226930065938 0.06004380013017955 0.7142544878839332 
2 0.05011390105255242 2.253481271453366 0.04015470566629453 3.4905621373173887 0.06938602829374153 0.24651710806739752 0.0600560855537003 1.1242298230747338 
2 0.050108407618722185 1.997364549802186 0.04014514586918276 3.253034856964772 0.06938489104455552 0.16119472657726772 0.060052703193838285 0.9598969212014803 
3 0.05012908351150584 2.6859279287778364 0.04018287334459443 4.5318090453735875 0.0693895601954394 0.5065622354813397 0.06006473029143233 1.5117621443835125 
1 0.050090284325923405 1.3566798912826232 0.040112302548912696 1.9668265903511393 0.06938250985745159 0.0015068686491849566 0.06004387527818653 0.718975485839597 
2 0.05011416116785953 2.2271147739768438 0.04015608877274499 3.4222566205658347 0.0693860859988565 0.24759693320033777 0.06005637590783632 1.1492324874622035 
2 0.05011491200494829 2.2383210451249793 0.04015756980917968 3.5399183981696942 0.06938624420827474 0.2510673628937976 0.06005672802623167 1.178195503652007 
3 0.05013145571883628 2.7632217293791577 0.040187302481345145 4.462622777806319 0.06939010491164951 0.5234917112958617 0.060065951853533674 1.5473557581339157 
1 0.05008729983221809 1.1997461359585362 0.0401074841335466 1.9116566373516366 0.0693823310700454 0.0011824147213560982 0.0600425804172417 0.6532137927004948 
1 0.05008930161115065 1.3357122501649887 0.04011073204912071 2.0613450214344646 0.06938242400596192 0.0013258409394836439 0.06004350654566164 0.6977610635079075 
3 0.05012892897020669 2.6799630632204954 0.040183405128059776 4.305652853090436 0.06938952987025407 0.5050974366254412 0.060064648900159855 1.4994160078479546 
2 0.050115346602150425 2.2188988470607733 0.040158432435987754 3.5395623446615625 0.06938635371194672 0.2527269212128821 0.06005696035113521 1.1847481208578743 
2 0.05011056760425373 2.1168068053283653 0.040149152313180336 3.3643372266752656 0.0693852820811248 0.23083666871307568 0.06005378627753287 1.1260180357021405 
2 0.05011004672683554 2.099226387625628 0.04014790617253021 3.200573139841694 0.06938518280962874 0.22866195765167374 0.060053523886568795 1.005461487469535 
4 0.05015213802757366 3.4506905060481174 0.04022421695394095 5.977839647170135 0.06939570492063024 0.7505449476198575 0.060078468268419935 1.9670290759231754 
3 0.05013409832465041 2.8329384790091283 0.04019262982758966 4.921891076673245 0.06939076001515002 0.6019216538676198 0.06006763456452515 1.600327519087908 
2 0.05011395353023316 2.167994631740738 0.04015563437322063 3.499539661117717 0.0693860444593039 0.2467998523419465 0.060056211768613275 1.1840542539996508 
2 0.05011320098017209 2.196457936245841 0.04015451899867467 3.4107901267083927 0.06938589383651098 0.24332065787673524 0.06005570366432802 1.1132366176268733 
1 0.05009033859711831 1.3406767826712955 0.04011179002849802 1.9945679042913647 0.06938249478333038 0.0016204809088770586 0.060043925790049114 0.7201667110025018 
3 0.05013060495031232 2.7357900007409883 0.04018583558692276 4.7315341992636055 0.06938991463453516 0.5176341565201973 0.060065526434093394 1.4951688443652316 
2 0.05010867922948352 2.004790570027862 0.04014560151150563 3.0437125280523234 0.06938492833170337 0.18206423881390915 0.06005274950730923 1.0790552321644709 
2 0.05011077366005947 2.1237910711870644 0.040149700114814904 3.433468404898629 0.06938531685231078 0.23153421388280204 0.060053976641476034 1.0569184584778573 
1 0.050094473678419224 1.5339470334294663 0.040119859346093766 2.356977304081628 0.06938281662242483 0.0017570079243692826 0.0600458038750495 0.8106452912736742 
3 0.050131685950570916 2.7710014341309135 0.04018797977442634 4.783306123817752 0.06939016248893204 0.5251786000807357 0.060066079401787945 1.5524410693480566 
1 0.05009021902495275 1.3122073865420094 0.04011239650097771 1.9014376208517743 0.0693824809398039 0.0014859386525544174 0.060043879825416556 0.7166813355608479 
1 0.05008959495089752 1.2687796042593806 0.04011083590481949 1.966330369880416 0.06938244692828822 0.0013075111389786918 0.060043595062689734 0.7026906360400738 
1 0.05009128119051599 1.3965816578887478 0.040113900908015254 2.0879531117065016 0.06938255144003672 0.0017318788263590158 0.06004435868030478 0.7415770298749466 
3 0.05013540303100798 2.953425435403747 0.040194168252973464 5.006019545366712 0.06939107311939612 0.6135694556331461 0.060068432634009725 1.6259333921658758 
2 0.050112176628330715 2.168481773928881 0.040152476918094704 3.223881412251913 0.06938558321695466 0.23688101102964504 0.0600546588997129 1.1526541249459092 
1 0.05009200459320299 1.3785487329585282 0.0401148161939714 2.255302881001259 0.06938259473967619 0.0018000395230258876 0.06004465944617151 0.7567942600777263 
2 0.0501104835834136 2.1141143966482896 0.04014939610548979 3.2079906089299413 0.06938526695655109 0.2304314410996881 0.060053865793691666 1.0878006297966922 
3 0.050135362276766224 2.9521774685279034 0.04019450713068469 4.9055940745263795 0.06939107042013926 0.6127452809942874 0.060068453275218925 1.5774829154105214 
1 0.05008866633188637 1.2242381613540672 0.04010889131642469 1.9330866413574512 0.06938239436327358 0.0011088865169285964 0.06004317817254763 0.6828617397114993 
2 0.05011028673868362 2.1067348318582018 0.04014887172439627 3.2859472471878854 0.06938522876967175 0.22965657980846746 0.060053628359799896 1.0120396229965452 
2 0.05011083094819261 2.1249124512241537 0.04014917028454298 3.163426700982683 0.06938533801026138 0.23185182684936842 0.06005397914059642 1.0216093342942343 
2 0.05011447251104282 2.23646059022062 0.04015678853872661 3.7366842146057238 0.06938616743976447 0.2491914251489215 0.06005650963184387 1.0954305410842085 
2 0.05010875698793754 2.0086204432099577 0.04014616742356632 3.1270698709927194 0.06938495148675376 0.1824319380661768 0.06005289297411539 0.9503257353431017 
4 0.05014898496320365 3.346970555890529 0.04021859230208345 5.799247979170088 0.06939482579069299 0.725034011197946 0.06007658753923639 1.8526049717359077 
3 0.050132909110862836 2.793465582979048 0.040189876305099854 4.900404167631318 0.06939046958798313 0.5636504214960202 0.060066905772987234 1.5370907649051384 
3 0.05013157121346799 2.767126252305782 0.04018746050874007 4.781943061617442 0.06939013833091803 0.5245418022130706 0.06006600210964572 1.5497828287986783 
3 0.05013220094158868 2.788177678645261 0.04018854457012295 4.820548769449493 0.06939028493591758 0.5577164974720741 0.060066399597856444 1.5632042212314043 
1 0.05009043119914808 1.379369878765041 0.040112526375504755 2.1110152839767276 0.06938249399925492 0.0016146872217122226 0.0600439404436773 0.7215510045410337 
1 0.05009293609056026 1.5235112096231807 0.04011777890883554 2.294487916534288 0.06938269227537668 0.001857630258938254 0.06004510485172891 0.7783297282951358 
3 0.05013330774178772 2.8066316057620804 0.040190491968990195 4.885042088077697 0.06939055355917817 0.5954950623603088 0.060067145608057135 1.584058559693199 
3 0.050128215962096635 2.656109003918706 0.040181447540015715 4.456317428976335 0.0693893543958862 0.49986160368449806 0.06006428113458893 1.4969449284558312 
1 0.050092755933358435 1.4403369558695442 0.040116213689349436 2.113480293222528 0.06938265785097986 0.0018361128662322142 0.06004501849076741 0.7732233763185585 
2 0.050112980586973555 2.137902526045503 0.0401538034290758 3.590506506772143 0.06938582157418718 0.24207579431271084 0.0600554111132254 1.073005422449998 
3 0.05013007815483045 2.7184164274186498 0.04018516127257201 4.612363294566123 0.0693898068705303 0.5138609415354898 0.060065291226023845 1.5220147316848087 
2 0.05010937508948532 2.0758516986509052 0.04014707061965564 3.0937698831152103 0.06938504413918255 0.22588285854648654 0.06005324094941189 1.103657301084208 
3 0.050131057513687086 2.74998081194503 0.04018641639138028 4.751930391625794 0.06939001738049387 0.5208369472347674 0.06006576417422114 1.5401007836922183 
2 0.050113655104727296 2.1936280800571124 0.04015519149699892 3.4676086190117004 0.06938599041812657 0.24531677031802754 0.06005599587375606 1.1398232382575169 
2 0.05011028673868362 2.1067348318582018 0.04014887172439627 3.2859472471878854 0.06938522876967175 0.22965657980846746 0.060053628359799896 1.0120396229965452 
1 0.050093818189064554 1.5127669145583793 0.040119051546748316 2.1564923943377567 0.06938276231718145 0.0018147102218154347 0.06004545017573905 0.7962340591687648 
2 0.05010958005592055 2.083126045978132 0.04014761688527266 3.354589573648126 0.06938510816627237 0.2267103672739247 0.06005325023264781 1.1077351732751408 
1 0.05009291110314833 1.4191629631766758 0.040116611005354956 2.0707190838329783 0.0693826780713002 0.0018591295468293975 0.06004509407999985 0.7776347942143311 
1 0.05008927330686408 1.2284214879533852 0.040110382180210714 1.8185343098314661 0.06938241863729502 0.0013339687118309271 0.06004345399480153 0.696385491596519 
1 0.05009414680056177 1.4203954022096266 0.04011996429163606 2.286758246169835 0.0693827820802371 0.0017904374615500616 0.06004561948427678 0.803684130527705 
1 0.050089880529344086 1.3265850042557115 0.04011139398166336 2.090823767039514 0.06938246248241567 0.0014842115703427258 0.060043742655275525 0.7103213241857977 
3 0.05013469042971365 2.8910828002356483 0.04019242223559012 4.928941897708793 0.0693908842190579 0.6074145788275997 0.060068003335195595 1.5651126950811982 
2 0.050109655664820466 2.03717832277767 0.040147544842605444 3.247896996045653 0.06938512004638289 0.22703981008149174 0.060053318186163364 0.9662908508336802 
3 0.050130751083627946 2.7408803619029967 0.04018678594065416 4.399934656236736 0.06938996729298674 0.5189167974277201 0.0600656563870073 1.5348942862040675 
4 0.05015479738101406 3.538172460485094 0.04022897175388653 6.132020105401667 0.06939647672676828 0.7725576371989176 0.06008004597859805 2.0206583313135935 
3 0.05013562810542359 2.962006341989217 0.040194979051409695 5.017662530410988 0.06939111853972406 0.6149543941997837 0.06006859824470791 1.6303579248553697 
1 0.05009190350300872 1.4126936242311459 0.04011523620703659 2.269760933083375 0.06938260124012763 0.001805748078182557 0.06004464877473152 0.7551786762875319 
3 0.050127882366600915 2.645875102484227 0.040180932546068096 4.449449133099191 0.06938927481399583 0.4977255528624571 0.060064083292878725 1.4450040921453373 
2 0.050111154610727536 2.085284391667347 0.04015023963662799 3.2578511205682927 0.0693853911726617 0.23309982807497925 0.06005417174594925 1.0633149685304357 
4 0.05014925992187756 3.3565396277056956 0.040219093031503915 5.814029737607273 0.06939490532026224 0.7273274332884521 0.06007675898148657 1.9112354992617113 
2 0.05011267536540594 2.1161530581609815 0.04015302939602573 3.310104077192757 0.06938567631666015 0.2390720434835683 0.06005496681629317 1.1629619509864144 
3 0.05013377874162618 2.822406505217858 0.04019124993323469 4.907938099419318 0.06939067887769128 0.5996052746416479 0.06006741685107595 1.5940102315138047 
2 0.05011077366005947 2.1237910711870644 0.040149700114814904 3.433468404898629 0.06938531685231078 0.23153421388280204 0.060053976641476034 1.0569184584778573 
4 0.05014909238543993 3.3514274682057144 0.04021881308221277 5.806471842062239 0.06939484105085227 0.7258976866560015 0.060076671456780806 1.9080778101175995 
3 0.05013294903026568 2.79478757523986 0.04018983571905762 4.865714473683992 0.0693904630698181 0.5636713275013765 0.06006689786490495 1.5776620581684757 
4 0.050153604082499824 3.4998930652177185 0.040226932980658284 6.063484462712095 0.06939612888126004 0.762780306784899 0.06007936165618403 1.9977105661485752 
4 0.050151129427169004 3.4172797925635736 0.040222426667957764 5.9198032955287925 0.06939543244072992 0.7424765974408603 0.06007786166516499 1.8929333798320016 
3 0.0501320839689174 2.765875525767695 0.04018873657309177 4.770570621922995 0.06939026709171922 0.5569278727374627 0.0600662935288513 1.5671478503363567 
4 0.05015248767227398 3.460571065846655 0.04022482246913783 5.997917821449782 0.06939579783367722 0.7531024875475484 0.060078671760677285 1.9736134920993564 
4 0.05015262941594242 3.466214515015312 0.04022512395469979 6.004490726958772 0.06939585164323417 0.7545263367593382 0.06007875988094759 1.976651868400682 
1 0.050087940333338264 1.1853077054295666 0.040107618122613806 1.819317457935583 0.06938232786181005 0.0011434248372642663 0.060042858053485415 0.6662508048340171 
2 0.050110924153233885 2.096778053694871 0.0401501031606145 3.2402180044869446 0.06938534653744935 0.23210377081223932 0.060053926716107466 1.0826023894947165 
3 0.050129969011915944 2.7145972247825987 0.04018503060656901 4.629655026392847 0.06938977964351736 0.5130205254682396 0.06006520069743555 1.482936017817111 
2 0.050112638107222204 2.1152432507700913 0.04015297798978832 3.2902530356826225 0.0693856591179542 0.2387198752797493 0.06005488780540293 1.163291091771231 
3 0.05013453105985678 2.866557106752731 0.04019267775384439 4.863582904457532 0.06939085597762873 0.6057390841704079 0.06006792435499014 1.608092951211613 
2 0.05011475693449867 2.1927411206276224 0.04015714705589487 3.5479458546046048 0.06938622377668915 0.2503869884201305 0.06005675341080008 1.1597043063171484 
4 0.050154149730648356 3.5167959746451176 0.04022782897386148 5.9707649706520645 0.06939627686937452 0.7671838071643526 0.06007965411653047 2.008120562873944 
1 0.050088820416039036 1.2070773534290224 0.04010996622833342 1.9639733769688472 0.06938239062397566 0.0013690739495717716 0.06004323578804892 0.6860451837226836 
1 0.05009243675375223 1.5081282181022666 0.04011652019097247 2.0858647112540636 0.06938263885661246 0.0018728568020283348 0.06004488050266428 0.7672388223506793 
2 0.050108451301319044 2.0458994468884635 0.04014520080065539 3.1925405521420185 0.06938489371847244 0.1613195863057355 0.060052685636919054 1.0873722768872065 
3 0.050134570901589806 2.8679105542373087 0.0401928424742269 4.956069534543431 0.06939086325119007 0.6061357484628868 0.06006791567629623 1.609845975579375 
4 0.050149719383650884 3.292646626690749 0.04021989414055264 5.83874299471713 0.06939504722791048 0.7310871738035877 0.06007699646525202 1.9186453598412694 
2 0.05010832579533695 1.9937006362890055 0.040144946384533864 3.22953685584841 0.06938486302625105 0.1606064100095108 0.06005261450485612 1.0920505772531766 
4 0.050152397723386075 3.4579085838710952 0.04022467662061152 5.991299042981753 0.06939577891760675 0.7524875101851357 0.06007862275946435 1.9720431831904766 
2 0.05010855682455255 2.0018987675576536 0.04014540249414388 3.393797597689654 0.06938490901403208 0.1817712402210915 0.0600526320320385 1.0893799822063506 
4 0.05015335774792151 3.4897759264521824 0.040226370787169466 6.051204009808837 0.06939603205635578 0.760516695161418 0.06007917817744159 1.992141150915471 
2 0.050112638107222204 2.1152432507700913 0.04015297798978832 3.2902530356826225 0.0693856591179542 0.2387198752797493 0.06005488780540293 1.163291091771231 
2 0.050112705139970716 2.1175173266940908 0.04015305776807705 3.1588959515590203 0.06938566148016859 0.2391506202439319 0.060054964195067874 1.1639961625192037 
3 0.05013052584277426 2.7331470215649185 0.040185539742860585 4.678911626489487 0.06938989518905882 0.5168479115838348 0.060065485110844405 1.4859327760304921 
1 0.050087262811223 1.1853152969629213 0.04010674242227779 1.829676333394639 0.0693822991537333 0.0011580910818595796 0.06004257411674578 0.6515849359077243 
1 0.05008968892973161 1.3216040215671554 0.04011185920399083 1.984805582805808 0.06938247212827106 0.0013299529109130049 0.06004363909381829 0.7054937863477797 
3 0.05013562810542359 2.962006341989217 0.040194979051409695 5.017662530410988 0.06939111853972406 0.6149543941997837 0.06006859824470791 1.6303579248553697 
1 0.05009246511172814 1.44702012958311 0.040116756438968885 2.120510753421942 0.0693826469576166 0.0018634484486253187 0.06004489889413829 0.766423666843316 
4 0.05015487944346243 3.4589658505949763 0.040229119977276226 6.1367621722461045 0.0693964820437244 0.772991225341034 0.06008010585420287 2.022742534995383 
3 0.05013056568146031 2.734464665896906 0.04018564499198496 4.806642713124247 0.06938990826767816 0.5175030593819454 0.060065534505558495 1.4865185100655256 
4 0.050154199801926494 3.518133587085912 0.04022788651099431 5.972206727461009 0.06939630527591344 0.767575879870809 0.0600797099117565 2.008651984255269 
2 0.050109924069488235 2.046786518793808 0.04014816283272086 3.374184390367737 0.06938516512161085 0.2281593896333562 0.060053491111886424 1.0758618739348293 
2 0.0501072338213772 2.005291508521304 0.04014318999997339 3.1710061519354378 0.06938467950117029 0.15727051826397329 0.06005201718318816 1.0651967194421048 
2 0.050111945678554315 2.142907455984919 0.040152174712415264 3.296033418289217 0.06938554122654395 0.2361499593329161 0.06005456758605088 1.0436512877442294 
1 0.050090492062533465 1.3607560787540876 0.04011343154971318 2.040323547563076 0.06938250567530355 0.0016072555485320689 0.06004400684199842 0.7229820103839576 
3 0.05013318830543062 2.821124313240744 0.04019028328913838 4.876728366492674 0.06939052585551571 0.5656491017274139 0.060067072418225606 1.5815860041381615 
1 0.05009103822485074 1.4131041230284338 0.04011374902524123 2.1061810237080723 0.06938253033861458 0.0017224521575919232 0.06004424976410546 0.7355430418116397 
2 0.050109049685323724 2.065328520074004 0.04014596272315167 3.179037893428738 0.0693850013167266 0.18336964088410762 0.060052951610804636 1.0980011038677109 
1 0.05008701332888511 1.1746428806187956 0.04010645595433958 1.9508456227760902 0.06938229046664081 0.0011809492389405754 0.06004247074961553 0.6463501180259176 
4 0.05015475538363427 3.536518522046896 0.04022894264857326 6.13159246841975 0.06939645402727836 0.7720551535420299 0.06008002629415841 2.0200850423987995 
3 0.050131017792776046 2.7486559018925627 0.04018658924371664 4.711025771156854 0.06939000158904698 0.52038708469113 0.0600657201500586 1.5465267590304141 
3 0.05013247662461038 2.7790199320396507 0.040188901473285694 4.657708594055649 0.06939035329148574 0.5598445659945424 0.06006661880418625 1.567625943948777 
3 0.05013157121346799 2.767126252305782 0.04018746050874007 4.781943061617442 0.06939013833091803 0.5245418022130706 0.06006600210964572 1.5497828287986783 
3 0.050130871906105434 2.74490870191662 0.04018653191951322 4.416684249679088 0.06938999305843677 0.5199727337087957 0.06006569559752366 1.5377367946497675 
1 0.05008857547450367 1.2359091516755287 0.04010935034723741 1.8555722655554594 0.06938239545900667 0.0011179362158474325 0.06004311620950724 0.6802906492558032 
2 0.05011131734371756 2.14088123767378 0.04015060934371774 3.1901055317929927 0.06938541374388035 0.2336851116204238 0.060054282321030925 1.0674224341119474 
1 0.050087773706015734 1.1889520081379437 0.04010763849952001 1.9218243779302469 0.0693823242398475 0.0011507812903871176 0.060042799646375586 0.6638572714182012 
2 0.05011208580820187 2.1156752878085174 0.0401524266103342 3.2793497874646773 0.06938556709001101 0.2366043607566882 0.060054624851144656 1.151271811015518 
4 0.050147641930059515 3.3033624991679615 0.040216198453534704 5.722512217700853 0.06939445983809689 0.7142347098153838 0.06007576368590288 1.8777668985518297 
1 0.050093157859458406 1.461399066833475 0.04011743473840498 2.112275595627851 0.06938268894129836 0.0018704805944304698 0.06004516222408289 0.7816657429047117 
2 0.050114046100483436 2.206212569602831 0.040155502625552855 3.4800370553753437 0.06938606465206623 0.24712484340584823 0.060056222197996924 1.1650419208878344 
4 0.05015459419579858 3.5313690768675334 0.04022861944864897 6.120105246476255 0.06939641895001236 0.7709147415905397 0.06007993212478553 2.0166503597283567 
2 0.05011155742922212 2.0981872400829062 0.04015103611545894 3.2078835716249876 0.06938546916619431 0.23453326566662472 0.060054268916219636 0.9915540025873273 
3 0.05013146934479087 2.7647421044491303 0.04018733766138767 4.8286085213309935 0.06939012583472025 0.5241562288435494 0.060065966294224137 1.5111853339358958 
3 0.05012964258778111 2.7038462901127644 0.040184393470600537 4.666661356718931 0.0693896959618607 0.5106105688892901 0.060065042617318286 1.513629651858034 
1 0.05009128119051599 1.3965816578887478 0.040113900908015254 2.0879531117065016 0.06938255144003672 0.0017318788263590158 0.06004435868030478 0.7415770298749466 
3 0.050128440408806194 2.6645417010370673 0.04018209308108553 4.599163578013103 0.0693894130376886 0.5018514789724489 0.06006438457712933 1.4908248637575923 
3 0.05013496825900614 2.9198070526629065 0.04019341667577762 4.982764520885017 0.06939095235311776 0.6095388977175575 0.060068140702439 1.623304735106064 
3 0.05013056568146031 2.734464665896906 0.04018564499198496 4.806642713124247 0.06938990826767816 0.5175030593819454 0.060065534505558495 1.4865185100655256 
1 0.05009223024011703 1.4761028876523903 0.04011611384185998 2.30789861105022 0.06938261050398031 0.0017747058839761424 0.06004479340439852 0.7621710459160957 
2 0.050110865968027385 2.108334498846161 0.04014968149271507 3.245946210241498 0.06938533800044883 0.231964601777804 0.060053973606496745 1.0577305916297195 
4 0.050153359626585146 3.491915818110298 0.04022645998619266 6.051541575963127 0.06939606542979068 0.7609855536537031 0.0600792161555704 1.992885447223569 
2 0.050107653492509695 2.0191852197889744 0.04014362434974271 3.063888463128021 0.06938475503663058 0.1585445013024812 0.06005225034816071 1.0850389096795943 
1 0.05009099996074358 1.337918454940914 0.0401133477828564 2.0557784357583557 0.06938253390070101 0.001619455788095383 0.06004420479591706 0.7341296905757583 
1 0.05008720716735353 1.176042336137445 0.040107167882686194 1.7952236228752512 0.06938229872886052 0.001163666671231775 0.06004255527526625 0.6513612877575625 
3 0.050130118528019595 2.719748323657684 0.04018523623703556 4.465291826923095 0.06938980444041346 0.5138504131621456 0.06006524633721878 1.5230691074660592 
4 0.050150816740037095 3.4067207608454892 0.04022186348521957 5.902673035837552 0.06939535700559736 0.7399255040369692 0.060077676508841237 1.887103645331166 
4 0.05015084799927383 3.408092126751363 0.040221804600484225 5.869296816553655 0.0693953288505745 0.7398458785112249 0.06007770498152983 1.8331206970905582 
4 0.05015008581852054 3.3830583297355643 0.04022054286623798 5.862044026829196 0.06939512509831215 0.7338231239692932 0.06007722652405103 1.9267672860103118 
2 0.05010949723640397 2.032313063094459 0.040146834198765066 3.155551193606201 0.06938508504813799 0.22636727168395004 0.06005326283215349 1.1022201605791242 
1 0.05008942915727828 1.2260522323391112 0.040111171723660695 2.010265415319128 0.06938246173862954 0.0013198210341898258 0.060043494305493494 0.6992114115103776 
4 0.05015341160176473 3.49312300032958 0.04022652647254102 6.054462573007936 0.06939610379448845 0.7615339766463123 0.06007924538905224 1.993158732900374 
1 0.05009270003985955 1.4467190961313754 0.040117151708102136 2.2485974586488404 0.0693826469884413 0.0018461558360077298 0.06004495049092048 0.7720967299226251 
1 0.05009350444013042 1.4652864391956808 0.0401182860629446 2.456749289037318 0.06938271270419699 0.0018408211178004147 0.06004531511258383 0.7889619441585246 
4 0.05015262941594242 3.466214515015312 0.04022512395469979 6.004490726958772 0.06939585164323417 0.7545263367593382 0.06007875988094759 1.976651868400682 
4 0.0501512887783274 3.4225199470550587 0.04022270877795997 5.928960554907263 0.06939547594401502 0.743741484986098 0.06007795484313747 1.8407508167361981 
1 0.05009120883336823 1.3533711424417927 0.040114303999001025 2.0031725613307665 0.06938255955785719 0.0017363502569735976 0.06004431455379076 0.7399263721832678 
2 0.050111945678554315 2.142907455984919 0.040152174712415264 3.296033418289217 0.06938554122654395 0.2361499593329161 0.06005456758605088 1.0436512877442294 
3 0.05013465032688803 2.8898998982246793 0.04019297321189579 5.018947552668415 0.06939088317588141 0.6066766543375344 0.06006796982780758 1.617125479018289 
4 0.05014832725261218 3.3259125915933594 0.0402174104791608 5.760134711029702 0.06939465375985769 0.7198984722084701 0.060076184829065946 1.8923016330152804 
1 0.050090121181793054 1.3585680058260228 0.040112216910951376 2.1299177618349194 0.06938246309325863 0.0014953226930065938 0.06004380013017955 0.7142544878839332 
1 0.050091349851858244 1.3561314679764176 0.040114437869778405 2.081475069051918 0.06938256901307668 0.0017281067042762628 0.0600443602115451 0.7425551944816537 
2 0.050114046100483436 2.206212569602831 0.040155502625552855 3.4800370553753437 0.06938606465206623 0.24712484340584823 0.060056222197996924 1.1650419208878344 
2 0.05011083094819261 2.1249124512241537 0.04014917028454298 3.163426700982683 0.06938533801026138 0.23185182684936842 0.06005397914059642 1.0216093342942343 
1 0.05008737767822684 1.1374012624364602 0.04010712535677037 1.9261606513474547 0.06938231337470473 0.0011502325030996352 0.06004262702905623 0.6543848449192156 
2 0.050113982891551515 2.2561321342988343 0.04015564497248122 3.439453244408071 0.06938604878294237 0.2469579067642028 0.060056240828306004 1.1252884515043962 
3 0.050134730320904965 2.892476755297832 0.040192933134177794 4.9666361597338735 0.06939090502766068 0.6075292693218535 0.06006803228777939 1.6122916990678426 
2 0.05011205846689032 2.0950775048876147 0.04015209719594094 3.2980415420658318 0.06938555827626068 0.23640089394533184 0.060054632141486375 1.1498829349402142 
3 0.05013453105985678 2.866557106752731 0.04019267775384439 4.863582904457532 0.06939085597762873 0.6057390841704079 0.06006792435499014 1.608092951211613 
1 0.0500914349603892 1.41632344302131 0.04011469799121185 2.0950387766002825 0.0693825659956128 0.001720613388375211 0.06004442541874021 0.7438171084664852 
4 0.050153850570455086 3.50806622518922 0.040227315664833195 6.0813015696552775 0.06939617237659296 0.7646462432247465 0.06007949642586767 2.0026800376764076 
1 0.050093157859458406 1.461399066833475 0.04011743473840498 2.112275595627851 0.06938268894129836 0.0018704805944304698 0.06004516222408289 0.7816657429047117 
1 0.05009167852218532 1.3828866898430225 0.040114886172529174 2.10530057154473 0.06938259002831518 0.0017328601147623794 0.06004447879987325 0.7480942592453754 
1 0.050089378810523846 1.2705184331009818 0.04011103277682634 2.013312704066086 0.06938243369591708 0.001324593295923736 0.060043493011116944 0.6986189774322852 
1 0.05008906339136817 1.1890080774989051 0.04010988318045822 1.8518542260564654 0.0693824320763883 0.0012958430524200944 0.060043389127311685 0.6919851663384382 
4 0.050152318761961814 3.4552702363487753 0.040224552452412785 5.98679070103032 0.06939578196411696 0.7521995172870553 0.060078540327722973 1.915006044367923 
4 0.05015530195149015 3.554118136542608 0.040229869835584096 6.160908891886541 0.06939659792101076 0.7764839504927423 0.06008030498861709 2.0304364293999493 
1 0.05008875695379511 1.2715480394211067 0.04010901960531556 1.9473272356674527 0.06938238550155415 0.0012558372028922198 0.06004322074650583 0.6853910501976548 
2 0.05011123199585005 2.088765356923818 0.040150513808213495 3.5766668140105935 0.06938539782055723 0.2332911141555721 0.060054161549718155 1.0641018900464203 
2 0.05011065424283702 2.119041558360963 0.04014935980460959 3.2320126325231016 0.06938530870432826 0.2312151005737685 0.06005378246908477 1.0062709430892833 
3 0.050134809455530484 2.8951201326116447 0.040193267640615454 5.046840541066192 0.06939091679137165 0.608251740282783 0.0600680464151533 1.5671806346834087 
3 0.050132636018428614 2.784304894293291 0.040189380332213996 4.609839026590164 0.06939040202396358 0.5613127304651837 0.06006668856300075 1.571331705732629 
2 0.05011013006811127 2.052995607289451 0.04014824558138567 3.4209374696807933 0.06938519888382258 0.22894028247884673 0.060053497623965724 1.0705409192193467 
3 0.05013342714447312 2.810624555361139 0.04019100314895814 4.884016698513726 0.06939058979089197 0.5965382065694343 0.060067190172061545 1.547035569584485 
1 0.050089325636995585 1.3255651482795383 0.04011050476816751 1.8616295314392612 0.06938242697714207 0.001329799276541673 0.060043455544616285 0.6964544820588203 
2 0.05011180956798509 2.1060308287309155 0.04015094302570253 3.1878800090011126 0.06938549361640525 0.23551549119154092 0.06005456631670233 1.1463346604306028 
4 0.05015569583016342 3.5670555495805303 0.04023060755185903 6.184314093645639 0.06939672562610963 0.7797075918002528 0.060080573227727196 2.038498513279093 
2 0.050112176628330715 2.168481773928881 0.040152476918094704 3.223881412251913 0.06938558321695466 0.23688101102964504 0.0600546588997129 1.1526541249459092 
4 0.0501549209234257 3.4602746823636723 0.04022921497760465 6.139140817840963 0.0693964844945345 0.7734111276339036 0.0600801061402423 2.0234556133517456 
2 0.05010867922948352 2.004790570027862 0.04014560151150563 3.0437125280523234 0.06938492833170337 0.18206423881390915 0.06005274950730923 1.0790552321644709 
3 0.0501281757682292 2.654776931387149 0.04018142286135616 4.621033521091595 0.06938934472125677 0.49971803282103194 0.06006423430500324 1.4928929991650537 
3 0.050135605079325817 2.960660178373415 0.04019510605426044 5.008543169506534 0.06939112515409852 0.6145731990080062 0.0600685738651575 1.6295366567030745 
3 0.050130751083627946 2.7408803619029967 0.04018678594065416 4.399934656236736 0.06938996729298674 0.5189167974277201 0.0600656563870073 1.5348942862040675 
2 0.05011336911849681 2.184248890822805 0.04015440584504034 3.5337689323910646 0.06938591756625508 0.24405905178820908 0.06005582203036079 1.173572106543745 
4 0.05015280455830388 3.4731702824583666 0.040225458836264334 6.020299164651057 0.06939591722377905 0.7565361427030087 0.06007889726515438 1.981451130728292 
4 0.05014789047559307 3.3113747015277055 0.04021663325238308 5.7371339403830985 0.06939452359229409 0.7163213644982166 0.060075889452076536 1.8825344436403255 
3 0.05012771971387662 2.6405311865553545 0.04018043089643168 4.561092771603767 0.06938922964985632 0.4964706447392455 0.06006402145133061 1.4760034695377104 
1 0.0500914349603892 1.41632344302131 0.04011469799121185 2.0950387766002825 0.0693825659956128 0.001720613388375211 0.06004442541874021 0.7438171084664852 
1 0.05008797675435801 1.2559427615936987 0.04010817033141786 1.9011405576614915 0.06938233388431332 0.0011064690135221627 0.06004290417185034 0.6684579911922066 
1 0.05009051418121711 1.3622482219080507 0.04011314666190486 2.0156808997285096 0.06938249711801685 0.0016273825019551499 0.06004402261093165 0.7240737635167656 
1 0.05009437167629792 1.479962801750115 0.04011891693680203 2.320225040278165 0.06938279891385736 0.0017726886421568714 0.06004572330616727 0.8081153688121878 
4 0.05015459419579858 3.5313690768675334 0.04022861944864897 6.120105246476255 0.06939641895001236 0.7709147415905397 0.06007993212478553 2.0166503597283567 
1 0.05009045478567111 1.3186214300288346 0.04011299910636195 2.0651295119655755 0.06938251169462109 0.0016121547694879618 0.060043973496415284 0.7223903028453889 
3 0.05013417929034351 2.83559569689115 0.04019202303413792 4.9371339078443155 0.06939076648209846 0.6029522401280474 0.060067645024658764 1.602076614377697 
4 0.05015248767227398 3.460571065846655 0.04022482246913783 5.997917821449782 0.06939579783367722 0.7531024875475484 0.060078671760677285 1.9736134920993564 
1 0.050092390102740046 1.4462095546583087 0.04011598221585712 2.343392639952344 0.06938261759713725 0.001871406387762331 0.06004483547457144 0.765246051199153 
2 0.050111767253729546 2.154712194631815 0.040151853471893637 3.2859247396738334 0.06938550607872002 0.2353596414643393 0.06005450230267151 1.1452911428202686 
3 0.050130683810607556 2.738451312282636 0.040186036466917915 4.40541928605567 0.06938993664464457 0.5181238716991988 0.06006561399554698 1.5331812635399278 
4 0.05014819196731425 3.2222325484218763 0.04021713669222156 5.751584890855642 0.06939458340778851 0.7183240002563755 0.06007607404287672 1.888362923395843 
4 0.050148728984003896 3.3395281599005933 0.04021813841349746 5.7853318623916445 0.0693947546968218 0.7230875391757839 0.06007642180867283 1.9004964066983319 
4 0.0501509671634223 3.4119254651489777 0.040222150964852134 5.913025902153635 0.06939536244027943 0.740882750364863 0.06007776519020254 1.8898908081897616 
4 0.05015516448844903 3.5450127630634376 0.040229511068466464 6.148365927462552 0.06939653597547743 0.7746655048672804 0.06008021530634211 2.0265913617975277 
1 0.05009198344350493 1.3775946174602378 0.04011513412361541 2.1313962017380583 0.06938259956484713 0.0018048815871573483 0.060044698298483176 0.7568488876266937 
3 0.05012964297456415 2.704536898411375 0.0401841531423988 4.530365192945264 0.06938969101174913 0.5106435684814209 0.06006503414201726 1.5141243808656375 
2 0.05010718777964594 2.00403117303025 0.040142693663345684 3.0592575246331366 0.06938464878649332 0.15714589619008393 0.06005205574460419 1.0399021769097083 
1 0.05009200459320299 1.3785487329585282 0.0401148161939714 2.255302881001259 0.06938259473967619 0.0018000395230258876 0.06004465944617151 0.7567942600777263 
1 0.05008976558731153 1.3328853017313431 0.04011203660669431 2.0891825950983347 0.06938245071629282 0.0013204001139550399 0.06004369106305516 0.7078400940617626 
3 0.050127634840273515 2.637772795050656 0.04018023516744277 4.427895302037488 0.06938921841421682 0.4960994460522327 0.06006399700895504 1.4318349680935527 
1 0.050086908126441024 1.162626550142424 0.04010543644668653 1.8277036857618074 0.06938226090342443 0.0011841238244029984 0.06004239911349145 0.642543452366138 
3 0.05013358027970697 2.8157852745903305 0.0401911502215101 4.901090174681262 0.06939063060610692 0.5977696009938589 0.060067354730564446 1.5891864798571331 
1 0.05008727578004153 1.2047404675094422 0.04010616665175074 1.7634476042183636 0.06938227917852434 0.0011644274889656963 0.06004256275884259 0.6505590084846004 
1 0.05009030584668141 1.37542991709884 0.040113016031695994 2.123524325055212 0.06938250568294722 0.0015093293712235135 0.060043883597296545 0.7184467405893719 
1 0.050087262811223 1.1853152969629213 0.04010674242227779 1.829676333394639 0.0693822991537333 0.0011580910818595796 0.06004257411674578 0.6515849359077243 
3 0.05013121680091246 2.7552496853990824 0.04018670399130142 4.759302336376623 0.06939005647953377 0.5219515074788547 0.06006582366410566 1.5504482538301374 
1 0.05008942915727828 1.2260522323391112 0.040111171723660695 2.010265415319128 0.06938246173862954 0.0013198210341898258 0.060043494305493494 0.6992114115103776 
3 0.050131335895991655 2.7592117573583126 0.040187814351520454 4.477854451476506 0.06939009229346596 0.5226668850832521 0.06006588128489356 1.5451634079438472 
2 0.05011000234981985 2.0497266046781233 0.04014787229746344 3.2096008423769575 0.0693851760580802 0.2284467080611246 0.06005345215188844 1.068577748861907 
1 0.05009099996074358 1.337918454940914 0.0401133477828564 2.0557784357583557 0.06938253390070101 0.001619455788095383 0.06004420479591706 0.7341296905757583 
2 0.05010875698793754 2.0086204432099577 0.04014616742356632 3.1270698709927194 0.06938495148675376 0.1824319380661768 0.06005289297411539 0.9503257353431017 
3 0.05013318830543062 2.821124313240744 0.04019028328913838 4.876728366492674 0.06939052585551571 0.5656491017274139 0.060067072418225606 1.5815860041381615 
1 0.050093818189064554 1.5127669145583793 0.040119051546748316 2.1564923943377567 0.06938276231718145 0.0018147102218154347 0.06004545017573905 0.7962340591687648 
4 0.05015519943892478 3.5515371340457014 0.040229732642796466 6.031787443055731 0.0693965847121174 0.7759072716019219 0.06008025526624844 2.028651228935857 
2 0.050115346602150425 2.2188988470607733 0.040158432435987754 3.5395623446615625 0.06938635371194672 0.2527269212128821 0.06005696035113521 1.1847481208578743 
1 0.05008906339136817 1.1890080774989051 0.04010988318045822 1.8518542260564654 0.0693824320763883 0.0012958430524200944 0.060043389127311685 0.6919851663384382 
1 0.050089971576473456 1.354096161679126 0.040112356974543975 2.160094694356771 0.06938247451952366 0.0015056965864034132 0.060043763126696306 0.7115826000883055 
4 0.05014987544441555 3.376229819770444 0.040220222122555806 5.84907068973005 0.06939507052070905 0.7323434591933257 0.060077081405082465 1.869410044676954 
4 0.05015475538363427 3.536518522046896 0.04022894264857326 6.13159246841975 0.06939645402727836 0.7720551535420299 0.06008002629415841 2.0200850423987995 
1 0.05009008953780002 1.3234345696704257 0.04011248803459234 2.0214028242155067 0.069382495361865 0.0014978473078056435 0.060043808467317016 0.7143772737672442 
4 0.0501509671634223 3.4119254651489777 0.040222150964852134 5.913025902153635 0.06939536244027943 0.740882750364863 0.06007776519020254 1.8898908081897616 
1 0.050093157859458406 1.461399066833475 0.04011743473840498 2.112275595627851 0.06938268894129836 0.0018704805944304698 0.06004516222408289 0.7816657429047117 
1 0.05009414680056177 1.4203954022096266 0.04011996429163606 2.286758246169835 0.0693827820802371 0.0017904374615500616 0.06004561948427678 0.803684130527705 
3 0.05013180542934985 2.7749785601857555 0.04018779912314455 4.749223230521089 0.069390191482038 0.5262646500049399 0.060066113103989904 1.516310843373559 
4 0.05015259334065871 3.4648924015244136 0.04022501845530909 6.0026345966450805 0.06939583517157695 0.7540334439924996 0.06007874577654302 1.9760078798585106 
3 0.05013029306111214 2.7252854913826328 0.04018514939098685 4.647297216372552 0.06938985379303514 0.515418777400104 0.06006538660535987 1.5260508495383587 
1 0.05009170803362336 1.3657989743098877 0.04011517535032554 2.183991247607292 0.06938258996408628 0.001730070499854492 0.06004450096041131 0.7492956644702949 
4 0.0501497921989438 3.3736835648215573 0.04022004623417136 5.844556757407863 0.06939504527346366 0.731658540031046 0.06007703385814086 1.8679585727656352 
4 0.05015389210093605 3.509400593191124 0.040227377068945566 6.081891093759419 0.06939619426338738 0.7650837292191934 0.06007952137053059 2.0031731335254648 
3 0.05013180542934985 2.7749785601857555 0.04018779912314455 4.749223230521089 0.069390191482038 0.5262646500049399 0.060066113103989904 1.516310843373559 
2 0.050107653492509695 2.0191852197889744 0.04014362434974271 3.063888463128021 0.06938475503663058 0.1585445013024812 0.06005225034816071 1.0850389096795943 
4 0.05015090352239475 3.409271777489759 0.040222111179476105 5.905053122608265 0.06939536272165396 0.7404527827057441 0.060077711752681374 1.8331984113821957 
1 0.050092873477824054 1.4594405299911246 0.04011737765039024 2.232464909122189 0.06938267293215425 0.0018253308262444745 0.060045066742605825 0.775315394003723 
4 0.050150623496106904 3.3076457188363717 0.040221462034458616 5.890777568214558 0.06939525536442068 0.7379921817906037 0.06007754183987235 1.828887363275634 
2 0.05011020338320501 2.0868082774679486 0.040148181089692106 3.4025291231203396 0.06938521621116056 0.22940003848270724 0.06005354923773809 1.0521731592245036 
4 0.05015262941594242 3.466214515015312 0.04022512395469979 6.004490726958772 0.06939585164323417 0.7545263367593382 0.06007875988094759 1.976651868400682 
4 0.050153685747405086 3.5024862836256085 0.04022704331552016 6.072004497838438 0.06939615480336102 0.7635915235684693 0.06007940500980793 1.9993345303947456 
4 0.05015519943892478 3.5515371340457014 0.040229732642796466 6.031787443055731 0.0693965847121174 0.7759072716019219 0.06008025526624844 2.028651228935857 
3 0.050135242110048675 2.948244852744046 0.04019366102155306 5.007487512194553 0.0693910256110389 0.6119819883063897 0.060068352166550945 1.5758883249645126 
1 0.050093964651222976 1.4999208993054753 0.04011878808866051 2.2774385112920834 0.06938275402563207 0.0018041818193378508 0.06004556842507147 0.799601001038601 
3 0.05013433190031445 2.840759974936795 0.04019233980936916 4.8742587448795485 0.06939080157358225 0.6039616066487635 0.06006777469179449 1.6043827837758997 
3 0.05013141551567466 2.7618539197506604 0.04018699946199916 4.7666160802273065 0.06939009789312041 0.5235509268381193 0.06006592385047373 1.5019467301620821 
2 0.05011467577906124 2.17321138559154 0.04015675627014083 3.5164885225125686 0.06938620788066927 0.2500437230928834 0.06005667904860623 1.1582093357627905 
3 0.050135242110048675 2.948244852744046 0.04019366102155306 5.007487512194553 0.0693910256110389 0.6119819883063897 0.060068352166550945 1.5758883249645126 
4 0.05015283562317187 3.4748181681761645 0.04022553822064569 6.023432100627824 0.06939593058237538 0.7569796214380815 0.06007889638673695 1.982273733925524 
3 0.05012790883580459 2.6470200601724763 0.040180821786783325 4.47012967111612 0.06938926995765436 0.49798161536970176 0.060064086852311724 1.4456217434085208 
4 0.05015170651573474 3.4359980700687123 0.040223433379228284 5.954945742050587 0.06939556333924723 0.7468365048326945 0.06007819737907163 1.9583472151964696 
1 0.05009120883336823 1.3533711424417927 0.040114303999001025 2.0031725613307665 0.06938255955785719 0.0017363502569735976 0.06004431455379076 0.7399263721832678 
4 0.050147859466316794 3.3098293253308197 0.04021656863632527 5.7343154452301235 0.06939452387227196 0.7161139384258335 0.060075861108766296 1.8815916736697453 
1 0.05008959495089752 1.2687796042593806 0.04011083590481949 1.966330369880416 0.06938244692828822 0.0013075111389786918 0.060043595062689734 0.7026906360400738 
3 0.050128888748796806 2.678625288240241 0.04018292144297421 4.624733595511903 0.06938951187483704 0.5048104804627694 0.060064652322341004 1.4990745064957356 
4 0.05015066502641472 3.3089455902868954 0.04022153816317867 5.893189750323928 0.06939526649388816 0.7383170816033917 0.06007756907005028 1.8834034772827237 
2 0.050107906636350306 2.0268163811645525 0.04014394941554609 3.182975556131347 0.06938478004629792 0.15954462819856313 0.06005236421309832 1.0753160413423284 
1 0.05009051418121711 1.3622482219080507 0.04011314666190486 2.0156808997285096 0.06938249711801685 0.0016273825019551499 0.06004402261093165 0.7240737635167656 
4 0.050151370461360124 3.4252353444638324 0.040222860974764366 5.934072676235688 0.06939551036062128 0.7445984986575737 0.06007797997174917 1.8970995095592122 
1 0.05008960558657123 1.3768784697268999 0.04011139477811036 1.9385987141586305 0.06938244158574391 0.001332549296529415 0.06004361800309941 0.704662286858416 
3 0.050133898295410075 2.8263606441004985 0.04019148319735231 4.779586831711172 0.0693906979561893 0.6003674958694141 0.06006749846976374 1.596461955493869 
2 0.05010875698793754 2.0086204432099577 0.04014616742356632 3.1270698709927194 0.06938495148675376 0.1824319380661768 0.06005289297411539 0.9503257353431017 
4 0.050153441278458645 3.4946143525505553 0.04022660526921519 6.05616922665011 0.06939607996561732 0.7615863284001188 0.060079255241586485 1.9945051337760797 
1 0.050086941197242385 1.1635234879960727 0.04010624249993598 1.8643078532566508 0.06938228792408768 0.0011930024683859668 0.060042393995158184 0.6437943856273697 
4 0.050154623247029975 3.5329374183247553 0.040228687596335425 6.124912400605706 0.0693964080055193 0.7710463508215148 0.060079946334228265 2.0177455457521143 
3 0.05013247662461038 2.7790199320396507 0.040188901473285694 4.657708594055649 0.06939035329148574 0.5598445659945424 0.06006661880418625 1.567625943948777 
1 0.05009189539734622 1.3755593107489656 0.040115919102246746 2.201931081476892 0.06938260334234264 0.001804450361625223 0.06004465341098155 0.7544597161710064 
1 0.050091349851858244 1.3561314679764176 0.040114437869778405 2.081475069051918 0.06938256901307668 0.0017281067042762628 0.0600443602115451 0.7425551944816537 
3 0.05013064451114515 2.737130559321085 0.04018571534973957 4.715889721216807 0.06938993263769967 0.5178766643193775 0.06006556367526929 1.5326823144127146 
1 0.05009043119914808 1.379369878765041 0.040112526375504755 2.1110152839767276 0.06938249399925492 0.0016146872217122226 0.0600439404436773 0.7215510045410337 
4 0.050147641930059515 3.3033624991679615 0.040216198453534704 5.722512217700853 0.06939445983809689 0.7142347098153838 0.06007576368590288 1.8777668985518297 
4 0.0501502794396669 3.3893076598011262 0.040220904076873586 5.870895940831071 0.0693951902928402 0.7355314547267408 0.06007734711959025 1.930600504903661 
1 0.05008906339136817 1.1890080774989051 0.04010988318045822 1.8518542260564654 0.0693824320763883 0.0012958430524200944 0.060043389127311685 0.6919851663384382 
1 0.05008865290912401 1.1939460590116586 0.04010966200515044 2.063552000540762 0.06938238427472891 0.0012301089568194767 0.06004318724040325 0.6825582314735477 
3 0.05013251644388643 2.780345424318109 0.04018993365146619 4.491238112506354 0.06939037965142783 0.5601463453613874 0.06006667031060634 1.5223030701630833 
2 0.05010739642629748 2.010399759882645 0.04014361502545129 3.046217388417451 0.06938470828029183 0.15777791511121902 0.060052101347594665 1.0836164549444276 
3 0.050131375704193085 2.7605367307605175 0.04018740726268434 4.44035046772344 0.06939009250932114 0.5229090868232287 0.060065880190620626 1.5007337560967833 
1 0.05008970845344468 1.3543355850484973 0.04011155956009986 2.1354202467121395 0.06938245383350446 0.0013214995393307722 0.06004367666069736 0.7072399296135681 
4 0.05014852112984599 3.3328443195407926 0.04021775133756646 5.772281359841794 0.06939469617291939 0.7214466038852574 0.06007631287181999 1.8434968482492216 
1 0.05009167852218532 1.3828866898430225 0.040114886172529174 2.10530057154473 0.06938259002831518 0.0017328601147623794 0.06004447879987325 0.7480942592453754 
4 0.050149021916027346 3.3486531312667958 0.04021867301730094 5.800442827386736 0.06939483517850857 0.7254624337618756 0.06007659114098017 1.8531746035201784 
1 0.050090492062533465 1.3607560787540876 0.04011343154971318 2.040323547563076 0.06938250567530355 0.0016072555485320689 0.06004400684199842 0.7229820103839576 
1 0.050087176399879384 1.179382486534067 0.04010627304840101 1.7882910829336922 0.0693823214811139 0.0011672592305148441 0.06004250919368074 0.6494638278360176 
3 0.050129443054322896 2.6972037348022564 0.04018368083913457 4.601710710742491 0.0693896462994609 0.5092557947428633 0.06006493334464116 1.4738408370484941 
3 0.050131375704193085 2.7605367307605175 0.04018740726268434 4.44035046772344 0.06939009250932114 0.5229090868232287 0.060065880190620626 1.5007337560967833 
3 0.050130751083627946 2.7408803619029967 0.04018678594065416 4.399934656236736 0.06938996729298674 0.5189167974277201 0.0600656563870073 1.5348942862040675 
1 0.05008720716735353 1.176042336137445 0.040107167882686194 1.7952236228752512 0.06938229872886052 0.001163666671231775 0.06004255527526625 0.6513612877575625 
2 0.050109655664820466 2.03717832277767 0.040147544842605444 3.247896996045653 0.06938512004638289 0.22703981008149174 0.060053318186163364 0.9662908508336802 
4 0.050148645240657506 3.336888143567024 0.040217986190709744 5.779354093567024 0.06939473720543812 0.7226019038987295 0.060076341805872624 1.897692023164182 
1 0.05008904368757335 1.2902129995024798 0.04011068268705236 1.9391230290298709 0.06938242068855249 0.0013128583723080066 0.060043360130925996 0.6914854322869615 
4 0.05015525188497483 3.5525722222653884 0.04022981017820769 6.158145853269661 0.06939658951232744 0.7761739191384407 0.06008027882642318 2.0296449441993536 
2 0.05011519211913649 2.2138943694111495 0.04015825879999683 3.607248215850909 0.06938632596919223 0.2523340212305419 0.06005703159024014 1.166953309885011 
2 0.05011411781875508 2.173214307243831 0.04015610803626779 3.477617184107738 0.06938608045721908 0.24759124397294272 0.060056326474433874 1.1867955823583813 
2 0.05010949723640397 2.032313063094459 0.040146834198765066 3.155551193606201 0.06938508504813799 0.22636727168395004 0.06005326283215349 1.1022201605791242 
2 0.050113575937177024 2.208301993124395 0.040155002722122475 3.374844800230593 0.06938597134279394 0.2451416050896779 0.06005599630973606 1.1778514213016191 
4 0.05014929466992394 3.357801594695785 0.04021914557955486 5.817624619313943 0.06939493010077824 0.7278076223050658 0.06007675268951675 1.9104725728122418 
3 0.05013338743721905 2.8092676546879938 0.04019109568265295 4.791153422468838 0.06939058017570374 0.595925609794036 0.0600671760375062 1.5860737956750526 
2 0.05011501778338044 2.2739347218384696 0.04015750699545482 3.7595588739173125 0.06938628048818798 0.25142236995162576 0.060056801329626895 1.1801447605078574 
1 0.05009232029837836 1.4324983124141488 0.0401162071587555 2.265358305600473 0.06938261874968699 0.0017710450625845163 0.06004479360942459 0.7625153280640415 
4 0.050152452417077956 3.4593790950111467 0.04022475313088098 5.994329744072719 0.06939576937393777 0.7526523030238074 0.06007863872306647 1.973080082001291 
1 0.05008815177610025 1.2099167534898174 0.04010876865632167 1.999111023047049 0.0693823674768097 0.0011182469770546685 0.06004294036778718 0.671153371381069 
1 0.05008788773246977 1.246713184264312 0.04010822106510533 1.9328962260038396 0.06938233184372057 0.0011205434986689042 0.06004282331276676 0.6648938410596921 
1 0.05008720716735353 1.176042336137445 0.040107167882686194 1.7952236228752512 0.06938229872886052 0.001163666671231775 0.06004255527526625 0.6513612877575625 
1 0.05009143416296018 1.420998562905591 0.0401140567783443 2.1417845762873116 0.06938257769625404 0.001747316651537538 0.06004443600077425 0.7453043061675574 
2 0.05011016392086459 2.1038618251279884 0.040148681347709166 3.3247749243836373 0.06938520991996062 0.2291261224901675 0.060053574294122856 1.1185279711230784 
2 0.05010912347487373 2.068557810944157 0.04014637917636692 3.3230832233998284 0.06938501828658789 0.20401143680896708 0.06005304864303386 0.9574643032949275 
1 0.050093874647438884 1.450439661970701 0.0401185231521588 2.308620220709848 0.06938275482841119 0.0018100576293458488 0.06004552207103936 0.7986427830900977 
4 0.05015320480357236 3.486459971164318 0.04022626476591039 6.041996285018797 0.06939601785222684 0.7595444075677156 0.06007913442335887 1.989782273053002 
3 0.05013184516220701 2.7763020706790575 0.040187693668626505 4.802300740925412 0.0693901924742889 0.5267743871767481 0.060066155646743405 1.5553858584381328 
4 0.050154714427974055 3.5352250756881105 0.04022885596609581 6.1270950506225415 0.0693964417380484 0.7717770071454276 0.060080000061503845 2.019297215793851 
4 0.050153761890772516 3.505267996594816 0.04022718754062749 6.075663473331643 0.06939619412811786 0.7646838788946457 0.06007940508642736 2.0002230235111247 
3 0.05013192465010892 2.778950009889295 0.04018826701239038 4.868686532039269 0.06939021663474218 0.5272942548019086 0.06006617651449949 1.557096916615043 
1 0.05008670429473017 1.1832615382154974 0.040105432149352235 1.7653199544444707 0.06938227695735615 0.0011950700736661278 0.060042329320004896 0.6407611728179915 
2 0.05011205846689032 2.0950775048876147 0.04015209719594094 3.2980415420658318 0.06938555827626068 0.23640089394533184 0.060054632141486375 1.1498829349402142 
1 0.05009051418121711 1.3622482219080507 0.04011314666190486 2.0156808997285096 0.06938249711801685 0.0016273825019551499 0.06004402261093165 0.7240737635167656 
1 0.05008806867187517 1.2301776433994904 0.040108646562758914 1.9068708768715852 0.06938235670192136 0.0011258101127035584 0.060042943687848516 0.6699246635424296 
4 0.050153281385014334 3.4893107098359386 0.04022633368893005 6.046961805151266 0.06939602003066009 0.7600681753773209 0.06007917106989995 1.9915111671328103 
2 0.05011320098017209 2.196457936245841 0.04015451899867467 3.4107901267083927 0.06938589383651098 0.24332065787673524 0.06005570366432802 1.1132366176268733 
2 0.05010970231252019 2.0875677108456636 0.04014736294470643 3.4134989572526186 0.06938510666926626 0.22712458732114377 0.06005322637933201 1.1098927185807423 
3 0.05013113719931611 2.7525984727491193 0.04018658992251241 4.755672165224162 0.06939003203174418 0.5211707234091715 0.06006579225790302 1.5040272150223104 
3 0.050130751083627946 2.7408803619029967 0.04018678594065416 4.399934656236736 0.06938996729298674 0.5189167974277201 0.0600656563870073 1.5348942862040675 
3 0.05013083174365236 2.7435494837560017 0.04018690204764809 4.405045906442538 0.06938998598227188 0.519389939897262 0.060065643589349724 1.544343946628834 
3 0.050128416795576114 2.66276214028048 0.04018222552955786 4.425973879558344 0.06938940145463876 0.5011892284877068 0.060064364107959414 1.500706655718838 
2 0.050110865968027385 2.108334498846161 0.04014968149271507 3.245946210241498 0.06938533800044883 0.231964601777804 0.060053973606496745 1.0577305916297195 
4 0.05015280455830388 3.4731702824583666 0.040225458836264334 6.020299164651057 0.06939591722377905 0.7565361427030087 0.06007889726515438 1.981451130728292 
2 0.05010949723640397 2.032313063094459 0.040146834198765066 3.155551193606201 0.06938508504813799 0.22636727168395004 0.06005326283215349 1.1022201605791242 
2 0.05011203930635298 2.1449902350837875 0.040151958383066275 3.2601346638489916 0.0693855423972169 0.23620073347449058 0.06005454673993864 1.151433986602801 
1 0.050090965073116646 1.3362670793636025 0.04011355586033356 2.1401186534862724 0.06938254434386533 0.001623896178017077 0.06004418701493691 0.7334033860801769 
4 0.050150816740037095 3.4067207608454892 0.04022186348521957 5.902673035837552 0.06939535700559736 0.7399255040369692 0.060077676508841237 1.887103645331166 
2 0.05011008467145719 2.100622950797555 0.04014863045698215 3.22968849148956 0.06938520105171861 0.22888585882756374 0.060053520646368416 1.1176662516983664 
1 0.05008865290912401 1.1939460590116586 0.04010966200515044 2.063552000540762 0.06938238427472891 0.0012301089568194767 0.06004318724040325 0.6825582314735477 
2 0.05011185693654202 2.1584885512293916 0.040151582056252924 3.2841184180346863 0.06938551258533501 0.23574387329619045 0.0600545753378958 1.1467539834597813 
1 0.05009200459320299 1.3785487329585282 0.0401148161939714 2.255302881001259 0.06938259473967619 0.0018000395230258876 0.06004465944617151 0.7567942600777263 
4 0.05014824709651901 3.323255639728587 0.0402172639204445 5.638138624871461 0.06939460735849598 0.7190529577526178 0.06007611613768915 1.890014617476138 
2 0.0501085997113699 2.0327401890139805 0.04014589722450081 3.292324253079432 0.06938492372574276 0.1819397664776349 0.06005270973175682 0.9728551400284211 
4 0.05014898496320365 3.346970555890529 0.04021859230208345 5.799247979170088 0.06939482579069299 0.725034011197946 0.06007658753923639 1.8526049717359077 
2 0.05010897113805649 2.062378290996322 0.040145868854130046 3.193370913356225 0.06938498249707227 0.18315782897990593 0.060052914993529105 1.0963217255323534 
3 0.050129969011915944 2.7145972247825987 0.04018503060656901 4.629655026392847 0.06938977964351736 0.5130205254682396 0.06006520069743555 1.482936017817111 
4 0.050151789663057236 3.4386234702238925 0.04022359118387096 5.958161723139299 0.0693955833967664 0.7475408942924935 0.0600782274935858 1.9600440575842886 
2 0.050111452951315624 2.095162496008944 0.040150624623490436 3.2738257106342488 0.06938544457650335 0.2342700829607936 0.06005429455929717 1.140340423266927 
3 0.050131017792776046 2.7486559018925627 0.04018658924371664 4.711025771156854 0.06939000158904698 0.52038708469113 0.0600657201500586 1.5465267590304141 
1 0.05009267494819736 1.399676531053046 0.04011675431981644 2.1244246370403004 0.06938263291299859 0.0018636611841542027 0.060044940243240676 0.7715794026225375 
4 0.05014819196731425 3.2222325484218763 0.04021713669222156 5.751584890855642 0.06939458340778851 0.7183240002563755 0.06007607404287672 1.888362923395843 
3 0.050134371692885614 2.8420843364337243 0.0401928417244332 4.943634948664032 0.06939080176407572 0.6037337459602649 0.060067804271566314 1.6059892119858432 
4 0.050153927894606175 3.510609286077505 0.04022746500618529 6.086087519057173 0.06939623205710797 0.7658305458543924 0.06007951188383833 2.003583371713302 
4 0.05015193551332693 3.44405291556631 0.04022388894474099 5.969420274718957 0.06939564353968788 0.749090600167029 0.06007830504972057 1.9076812345165841 
2 0.05011155742922212 2.0981872400829062 0.04015103611545894 3.2078835716249876 0.06938546916619431 0.23453326566662472 0.060054268916219636 0.9915540025873273 
2 0.05011000234981985 2.0497266046781233 0.04014787229746344 3.2096008423769575 0.0693851760580802 0.2284467080611246 0.06005345215188844 1.068577748861907 
2 0.05011374396192394 2.213810657778531 0.04015519901731731 3.4876423467553423 0.06938600491868165 0.24590873674534305 0.06005607010765797 1.1804898632053509 
1 0.05009073413961547 1.3321577050298108 0.04011311508945188 1.995699900963049 0.06938251375380687 0.001613314198215925 0.060044065005682025 0.7276967722762958 
2 0.05011260565404495 2.182623262465653 0.04015304809416198 3.322122946642753 0.06938565435523474 0.23871399718524117 0.06005492084146743 1.1632161444108327 
1 0.050090492062533465 1.3607560787540876 0.04011343154971318 2.040323547563076 0.06938250567530355 0.0016072555485320689 0.06004400684199842 0.7229820103839576 
4 0.05015500073919245 3.544743866094879 0.040229332889445364 6.145222534197224 0.0693965240879624 0.7741262729118018 0.06008016241125025 2.0247497111549815 
1 0.050091349851858244 1.3561314679764176 0.040114437869778405 2.081475069051918 0.06938256901307668 0.0017281067042762628 0.0600443602115451 0.7425551944816537 
1 0.05008875695379511 1.2715480394211067 0.04010901960531556 1.9473272356674527 0.06938238550155415 0.0012558372028922198 0.06004322074650583 0.6853910501976548 
4 0.050152260237362925 3.4546599393579642 0.04022443076732403 5.985950832603281 0.06939572393956066 0.7513835802655058 0.06007853612970602 1.9696306774662795 
4 0.05014987544441555 3.376229819770444 0.040220222122555806 5.84907068973005 0.06939507052070905 0.7323434591933257 0.060077081405082465 1.869410044676954 
1 0.05008970845344468 1.3543355850484973 0.04011155956009986 2.1354202467121395 0.06938245383350446 0.0013214995393307722 0.06004367666069736 0.7072399296135681 
4 0.05015084799927383 3.408092126751363 0.040221804600484225 5.869296816553655 0.0693953288505745 0.7398458785112249 0.06007770498152983 1.8331206970905582 
2 0.050108147999417076 2.034852039264481 0.04014433216721094 3.156207139133497 0.06938484014460626 0.1603659745008068 0.06005252015887812 1.0812442168391332 
1 0.05008942915727828 1.2260522323391112 0.040111171723660695 2.010265415319128 0.06938246173862954 0.0013198210341898258 0.060043494305493494 0.6992114115103776 
3 0.05012981088115104 2.7093086836133464 0.04018413689098436 4.681175709732304 0.06938972593020909 0.5116274081523932 0.06006511321185472 1.4717050670471221 
4 0.050151370461360124 3.4252353444638324 0.040222860974764366 5.934072676235688 0.06939551036062128 0.7445984986575737 0.06007797997174917 1.8970995095592122 
3 0.05012921491848751 2.6893977517176184 0.040183258491771 4.644136512189673 0.06938959144668914 0.5075791448654834 0.0600648140965195 1.5132122191073527 
4 0.05014898496320365 3.346970555890529 0.04021859230208345 5.799247979170088 0.06939482579069299 0.725034011197946 0.06007658753923639 1.8526049717359077 
2 0.05011407870930158 2.189447076243054 0.04015574188890497 3.535384328878739 0.0693860709006617 0.24735946830320218 0.06005624780088904 1.1651276920411078 
2 0.050108846330662385 2.0583579447318776 0.04014565055835034 3.22372908343272 0.06938495222666859 0.18271479519232553 0.06005292674609299 1.0939717237160327 
4 0.05015500073919245 3.544743866094879 0.040229332889445364 6.145222534197224 0.0693965240879624 0.7741262729118018 0.06008016241125025 2.0247497111549815 
3 0.050131429084549414 2.7634473306189355 0.04018710150608024 4.774547182003685 0.06939011168467303 0.5236353765685708 0.06006595397882519 1.5031761088439715 
1 0.05008964529804981 1.2964442713781277 0.04011110489345158 2.1012014892617805 0.06938242711503848 0.0013344639397758792 0.06004361075329976 0.7038866063080319 
1 0.050090762481462305 1.3714448448045016 0.040113551826654034 2.012480760758701 0.06938253273896393 0.0016048893501646882 0.06004413592147848 0.7299708936231293 
4 0.05014793141379777 3.3127026959667227 0.04021671208514929 5.63092086742014 0.06939454161976955 0.7166802133316603 0.060075914867624106 1.8833344138111763 
4 0.05014789047559307 3.3113747015277055 0.04021663325238308 5.7371339403830985 0.06939452359229409 0.7163213644982166 0.060075889452076536 1.8825344436403255 
1 0.05009291110314833 1.4191629631766758 0.040116611005354956 2.0707190838329783 0.0693826780713002 0.0018591295468293975 0.06004509407999985 0.7776347942143311 
3 0.050130118528019595 2.719748323657684 0.04018523623703556 4.465291826923095 0.06938980444041346 0.5138504131621456 0.06006524633721878 1.5230691074660592 
3 0.05012790883580459 2.6470200601724763 0.040180821786783325 4.47012967111612 0.06938926995765436 0.49798161536970176 0.060064086852311724 1.4456217434085208 
4 0.05015352373577442 3.4972564853749626 0.040226761024404444 6.0612336307390775 0.06939610311099247 0.7622612786698378 0.06007930224575777 1.996115571131169 
3 0.050131335895991655 2.7592117573583126 0.040187814351520454 4.477854451476506 0.06939009229346596 0.5226668850832521 0.06006588128489356 1.5451634079438472 
2 0.05010824369731948 2.040090996686512 0.04014476222957841 3.1003975443027385 0.06938486446556523 0.16041039196179682 0.0600525937565472 1.0837409382779124 
4 0.05015296697959522 3.4783873630869273 0.04022574829170712 6.028352178256749 0.06939595068198733 0.7577166040070444 0.06007897930427812 1.9848601469324105 
3 0.05013441151941687 2.8434021680161385 0.04019228833146954 4.9492508422687145 0.0693908185661487 0.6048318830418944 0.060067805459825055 1.5593111671678062 
3 0.05013113719931611 2.7525984727491193 0.04018658992251241 4.755672165224162 0.06939003203174418 0.5211707234091715 0.06006579225790302 1.5040272150223104 
1 0.0500914349603892 1.41632344302131 0.04011469799121185 2.0950387766002825 0.0693825659956128 0.001720613388375211 0.06004442541874021 0.7438171084664852 
3 0.05013145571883628 2.7632217293791577 0.040187302481345145 4.462622777806319 0.06939010491164951 0.5234917112958617 0.060065951853533674 1.5473557581339157 
2 0.050112980586973555 2.137902526045503 0.0401538034290758 3.590506506772143 0.06938582157418718 0.24207579431271084 0.0600554111132254 1.073005422449998 
1 0.05008670429473017 1.1832615382154974 0.040105432149352235 1.7653199544444707 0.06938227695735615 0.0011950700736661278 0.060042329320004896 0.6407611728179915 
2 0.050114046100483436 2.206212569602831 0.040155502625552855 3.4800370553753437 0.06938606465206623 0.24712484340584823 0.060056222197996924 1.1650419208878344 
3 0.050132795721803555 2.8079883855744696 0.040189612592705815 4.854144220563924 0.06939043586310367 0.5625534422996538 0.0600668274862423 1.5350483853827814 
1 0.05008815177610025 1.2099167534898174 0.04010876865632167 1.999111023047049 0.0693823674768097 0.0011182469770546685 0.06004294036778718 0.671153371381069 
1 0.0500875712719594 1.248678957959154 0.0401080423447688 1.9037459884988301 0.06938233624361928 0.0011297848402577213 0.06004271552826711 0.6593107086364253 
2 0.05011203930635298 2.1449902350837875 0.040151958383066275 3.2601346638489916 0.0693855423972169 0.23620073347449058 0.06005454673993864 1.151433986602801 
3 0.050131725699266584 2.7723272024636456 0.040187844835630045 4.463761538168738 0.0693901670602125 0.5256470259193227 0.060066091616918116 1.5076716804200738 
2 0.05011527693275003 2.2623382557732428 0.040158083593123076 3.5736525129048906 0.06938633899242921 0.25259906114903685 0.06005705010063859 1.1691489364225176 
2 0.050115346602150425 2.2188988470607733 0.040158432435987754 3.5395623446615625 0.06938635371194672 0.2527269212128821 0.06005696035113521 1.1847481208578743 
2 0.0501072338213772 2.005291508521304 0.04014318999997339 3.1710061519354378 0.06938467950117029 0.15727051826397329 0.06005201718318816 1.0651967194421048 
3 0.05013073657248727 2.739971799343298 0.04018588868532634 4.687249452413303 0.06938994336722823 0.5186888965775485 0.0600656149145201 1.5421467448353983 
3 0.05012884825392459 2.6772924397634905 0.04018299396462292 4.442822495899144 0.06938949960332437 0.5044010781363208 0.060064589376958424 1.4539580948868789 
4 0.05015513422501351 3.548784205617809 0.04022955391607771 6.150241840092549 0.06939655061935775 0.7749884810214636 0.06008023811403448 2.0272452885011405 
2 0.050107748234206315 2.0229377237853727 0.04014417529269414 3.1846890058160944 0.06938477796711227 0.15885810613576584 0.06005232212547675 1.0924494686052415 
1 0.05009293609056026 1.5235112096231807 0.04011777890883554 2.294487916534288 0.06938269227537668 0.001857630258938254 0.06004510485172891 0.7783297282951358 
2 0.050109608321041624 2.035833701209681 0.04014685747214755 3.1831548966727774 0.06938510900511845 0.2268485897379601 0.060053256155232805 1.1083636104243475 
3 0.05013023938463035 2.723729068340868 0.0401854488207994 4.650429513891962 0.06938983564521678 0.5149091057291477 0.06006532618457081 1.5334186430028485 
1 0.05008865290912401 1.1939460590116586 0.04010966200515044 2.063552000540762 0.06938238427472891 0.0012301089568194767 0.06004318724040325 0.6825582314735477 
1 0.05009286355458339 1.38244209681576 0.040116688071803686 2.260161003229616 0.06938265582980414 0.0018585926150444295 0.06004503359501564 0.775480441601266 
2 0.05011065424283702 2.119041558360963 0.04014935980460959 3.2320126325231016 0.06938530870432826 0.2312151005737685 0.06005378246908477 1.0062709430892833 
1 0.05008927330686408 1.2284214879533852 0.040110382180210714 1.8185343098314661 0.06938241863729502 0.0013339687118309271 0.06004345399480153 0.696385491596519 
2 0.0501085163588751 2.000267754681688 0.040145322262414365 3.457954837931685 0.06938490737174634 0.16150545114277445 0.060052765031484115 0.9465784877627759 
4 0.05015308485210732 3.482430869816116 0.04022596216664491 6.036262502822622 0.06939599006307574 0.7588922943228809 0.06007902923848936 1.986972843072433 
1 0.05009170803362336 1.3657989743098877 0.04011517535032554 2.183991247607292 0.06938258996408628 0.001730070499854492 0.06004450096041131 0.7492956644702949 
3 0.05013485024471113 2.915748241227806 0.040193265460830296 4.880090689677384 0.06939092926726922 0.6085087750311076 0.060068083847749795 1.6148858903677035 
1 0.05009350444013042 1.4652864391956808 0.0401182860629446 2.456749289037318 0.06938271270419699 0.0018408211178004147 0.06004531511258383 0.7889619441585246 
3 0.05013413853717001 2.834256916870552 0.04019212457931162 4.745888056842946 0.06939075929957708 0.6027662815063859 0.060067612765488734 1.6010259523345565 
1 0.050091747190302294 1.3690759990535029 0.04011492645345697 1.9664370847551786 0.06938259402937194 0.0017246244856340173 0.060044547549793915 0.7501532100222748 
4 0.05015116998035822 3.4185509276894424 0.04022249866381604 5.922372494694869 0.0693954362452432 0.7427319527578701 0.060077888895650564 1.8935007296097506 
3 0.050128215962096635 2.656109003918706 0.040181447540015715 4.456317428976335 0.0693893543958862 0.49986160368449806 0.06006428113458893 1.4969449284558312 
2 0.05010867922948352 2.004790570027862 0.04014560151150563 3.0437125280523234 0.06938492833170337 0.18206423881390915 0.06005274950730923 1.0790552321644709 
2 0.05010714814006878 1.9555392248505306 0.04014269885386268 3.0413788249910985 0.0693846639854569 0.1570466715018732 0.06005198516801295 1.0635445568503645 
4 0.050149719383650884 3.292646626690749 0.04021989414055264 5.83874299471713 0.06939504722791048 0.7310871738035877 0.06007699646525202 1.9186453598412694 
1 0.050087713050516645 1.2207848931860823 0.04010828289679254 1.9393093869784974 0.06938233618864223 0.001160191358409447 0.06004277015249039 0.6617286619572026 
3 0.05013109740112659 2.751308008275172 0.04018698773212606 4.683316255473205 0.06939002383967406 0.5207922201344524 0.0600657429619347 1.4954842507164616 
2 0.050111452951315624 2.095162496008944 0.040150624623490436 3.2738257106342488 0.06938544457650335 0.2342700829607936 0.06005429455929717 1.140340423266927 
2 0.050113140456473325 2.16054896311256 0.040154003609290556 3.4347102737547823 0.06938587162899179 0.24325184606886552 0.06005572769104266 1.1699060675526805 
3 0.050129009217915334 2.682643050107521 0.04018327903795678 4.473552089337241 0.0693895415190541 0.5056300013422883 0.060064663449966124 1.4563300756277333 
3 0.05013562810542359 2.962006341989217 0.040194979051409695 5.017662530410988 0.06939111853972406 0.6149543941997837 0.06006859824470791 1.6303579248553697 
1 0.050091747190302294 1.3690759990535029 0.04011492645345697 1.9664370847551786 0.06938259402937194 0.0017246244856340173 0.060044547549793915 0.7501532100222748 
1 0.05008843139339103 1.164525480843702 0.040108565156957654 2.021765846829484 0.06938235334789418 0.001098288393622477 0.06004308646980237 0.6774229221826619 
2 0.05010773184758475 1.9918320695821492 0.04014396800821797 3.1680884657698334 0.06938476484339005 0.1586643860565672 0.060052332937152765 0.9103149886581624 
1 0.050089206654911844 1.2514526409464208 0.04010998256583613 1.8885046528619072 0.06938241995524123 0.0013402301386266848 0.06004339193883244 0.6940332926277897 
2 0.05010773184758475 1.9918320695821492 0.04014396800821797 3.1680884657698334 0.06938476484339005 0.1586643860565672 0.060052332937152765 0.9103149886581624 
2 0.05011471527900685 2.2088677125685305 0.040157437670579645 3.5243736354145225 0.0693862178433503 0.2501725840901778 0.060056615725266695 1.1371106139103415 
3 0.050133508217403235 2.813285648255502 0.04019101385180967 4.848551853862134 0.06939060818491868 0.5971522303153495 0.06006725413555379 1.5878804297354996 
1 0.05009437266849669 1.5183931778863227 0.04011962203603857 2.3628922865417707 0.06938278875779307 0.0017769936948376856 0.06004573190008511 0.8069519775759127 
1 0.05009087945096715 1.3468577454630775 0.04011313249251135 2.1088256236010983 0.06938253004448496 0.001599481722377291 0.060044159936608076 0.7319550769470844 
4 0.0501543125131393 3.5220840019152826 0.04022815905674907 6.105741994691902 0.06939634352544931 0.7686068293179231 0.06007977141215411 2.0111985317492675 
4 0.050150623496106904 3.3076457188363717 0.040221462034458616 5.890777568214558 0.06939525536442068 0.7379921817906037 0.06007754183987235 1.828887363275634 
1 0.05009051418121711 1.3622482219080507 0.04011314666190486 2.0156808997285096 0.06938249711801685 0.0016273825019551499 0.06004402261093165 0.7240737635167656 
2 0.05011320098017209 2.196457936245841 0.04015451899867467 3.4107901267083927 0.06938589383651098 0.24332065787673524 0.06005570366432802 1.1132366176268733 
1 0.05009117120162254 1.357069831988656 0.040113482479763284 2.1957874752249844 0.06938253920229197 0.0017405729753766838 0.06004429932152512 0.7387049556956348 
1 0.050092369551425306 1.4347166487731697 0.040115707525727705 2.1519113698109322 0.06938259414778668 0.0018732831954511153 0.06004479308488471 0.7636536259864218 
4 0.050151901916262606 3.4424361291774552 0.04022383253186511 5.966026916943486 0.0693956405634801 0.7485833580363492 0.06007832781631174 1.9071085505980103 
1 0.05009143416296018 1.420998562905591 0.0401140567783443 2.1417845762873116 0.06938257769625404 0.001747316651537538 0.06004443600077425 0.7453043061675574 
3 0.05013259623128545 2.7829815104943565 0.04018913931048455 4.562680711572428 0.06939038249944937 0.5605405068896442 0.060066716379553506 1.5700828292372946 
1 0.05009120883336823 1.3533711424417927 0.040114303999001025 2.0031725613307665 0.06938255955785719 0.0017363502569735976 0.06004431455379076 0.7399263721832678 
1 0.050091747190302294 1.3690759990535029 0.04011492645345697 1.9664370847551786 0.06938259402937194 0.0017246244856340173 0.060044547549793915 0.7501532100222748 
2 0.05010756327436592 2.016715437233642 0.04014370918822756 3.3405416470976403 0.06938472340789643 0.15832106734866794 0.06005225325049903 1.0833563255116432 
1 0.05008875695379511 1.2715480394211067 0.04010901960531556 1.9473272356674527 0.06938238550155415 0.0012558372028922198 0.06004322074650583 0.6853910501976548 
3 0.05012804859493177 2.6513354615908753 0.040181888452214334 4.262780410000849 0.06938932247853691 0.49879011450716454 0.060064161442661544 1.491219345571037 
2 0.050111452951315624 2.095162496008944 0.040150624623490436 3.2738257106342488 0.06938544457650335 0.2342700829607936 0.06005429455929717 1.140340423266927 
3 0.05013125665004955 2.75656960074445 0.040186558839277 4.756753025476513 0.06939005542315388 0.5222498722274754 0.06006584981512543 1.5437549326704023 
3 0.050134371692885614 2.8420843364337243 0.0401928417244332 4.943634948664032 0.06939080176407572 0.6037337459602649 0.060067804271566314 1.6059892119858432 
3 0.05013239683688784 2.7763756659801087 0.040188948944142044 4.876429802696006 0.06939033962573544 0.5594321601574973 0.0600665417050697 1.5208771996775756 
2 0.050109049685323724 2.065328520074004 0.04014596272315167 3.179037893428738 0.0693850013167266 0.18336964088410762 0.060052951610804636 1.0980011038677109 
2 0.050109961387443835 2.1140424521631487 0.04014825912924079 3.2319658720626676 0.06938517813367898 0.22834194121362522 0.06005350610587473 1.0071208565981364 
1 0.0500875712719594 1.248678957959154 0.0401080423447688 1.9037459884988301 0.06938233624361928 0.0011297848402577213 0.06004271552826711 0.6593107086364253 
3 0.05013109740112659 2.751308008275172 0.04018698773212606 4.683316255473205 0.06939002383967406 0.5207922201344524 0.0600657429619347 1.4954842507164616 
4 0.05015405795574361 3.5144826215190124 0.04022771331492951 6.092583879770797 0.06939626595972077 0.7666001346840378 0.060079624594814474 2.0064529277728753 
3 0.050128888748796806 2.678625288240241 0.04018292144297421 4.624733595511903 0.06938951187483704 0.5048104804627694 0.060064652322341004 1.4990745064957356 
1 0.050092146243062644 1.4192236510938627 0.040116137307266764 1.9689394177539448 0.06938260563099959 0.0017849909395828898 0.06004469796389704 0.75921822641898 
1 0.050092390102740046 1.4462095546583087 0.04011598221585712 2.343392639952344 0.06938261759713725 0.001871406387762331 0.06004483547457144 0.765246051199153 
4 0.05014797259620233 3.3143518729978587 0.04021678541349214 5.74207940809462 0.0693945229028837 0.7166610996786212 0.060075944976148044 1.8845366820158707 
3 0.05013485024471113 2.915748241227806 0.040193265460830296 4.880090689677384 0.06939092926726922 0.6085087750311076 0.060068083847749795 1.6148858903677035 
4 0.050149923845940234 3.3775071666957275 0.040220260111053514 5.8526172698990875 0.06939510211724731 0.7328448987548529 0.06007713264832022 1.923307911161859 
1 0.05009418290585421 1.5397722988466884 0.0401190293365316 2.2893491215993804 0.0693827869545481 0.0017825608483967262 0.06004567306455999 0.8048421037037439 
1 0.050087518156673075 1.1401813972837613 0.04010741403150146 1.8919739119906869 0.06938234641684435 0.0011392006858487959 0.06004265362937598 0.657123403034179 
3 0.05013188498723686 2.77762674514277 0.04018808189758698 4.843565552489928 0.06939021428620025 0.5270508230283087 0.060066192359715956 1.55589771232814 
4 0.05015409899557153 3.4346990680965086 0.040227752890085886 6.094897304432292 0.06939626329234269 0.7667423929906916 0.06007964980500834 2.007235109068849 
1 0.05008823726009154 1.2347258197410869 0.04010884541251562 1.9234622318340986 0.06938234218245797 0.0011113431338639714 0.060043004391313645 0.6732968587874971 
1 0.05009059285699591 1.3491257869195565 0.04011316067650841 2.075021647826909 0.06938251361685274 0.0016008588633258543 0.060044019116934355 0.7246293949251189 
3 0.050129482867291256 2.6985292195311947 0.04018396262601352 4.653199332034329 0.06938965648997145 0.509247881316967 0.06006493948442151 1.5185708272284162 
1 0.05008823726009154 1.2347258197410869 0.04010884541251562 1.9234622318340986 0.06938234218245797 0.0011113431338639714 0.060043004391313645 0.6732968587874971 
4 0.050147641930059515 3.3033624991679615 0.040216198453534704 5.722512217700853 0.06939445983809689 0.7142347098153838 0.06007576368590288 1.8777668985518297 
2 0.05011326482411227 2.0949583627861657 0.040154190125186555 3.425515535876161 0.06938589285732007 0.24353617405998831 0.0600557575837809 1.1335398592644392 
4 0.05015525188497483 3.5525722222653884 0.04022981017820769 6.158145853269661 0.06939658951232744 0.7761739191384407 0.06008027882642318 2.0296449441993536 
3 0.05012778782474627 2.643027598774128 0.040180549950385516 4.410769137756224 0.06938925448270078 0.4973375586198581 0.060064052757592044 1.4869016763349692 
4 0.050149585526152854 3.3573088006977736 0.04021939340671336 5.825517153974603 0.0693949301085944 0.7285089204065922 0.060076861406591964 1.9158862984934508 
2 0.050108147999417076 2.034852039264481 0.04014433216721094 3.156207139133497 0.06938484014460626 0.1603659745008068 0.06005252015887812 1.0812442168391332 
4 0.05015283562317187 3.4748181681761645 0.04022553822064569 6.023432100627824 0.06939593058237538 0.7569796214380815 0.06007889638673695 1.982273733925524 
1 0.050090762481462305 1.3714448448045016 0.040113551826654034 2.012480760758701 0.06938253273896393 0.0016048893501646882 0.06004413592147848 0.7299708936231293 
4 0.0501540286970368 3.5129570286763383 0.04022768179263545 6.089665707986593 0.06939624177113515 0.7661839457105972 0.06007958926932679 2.005501878125534 
3 0.050129731808338254 2.7066686350235623 0.04018433929419224 4.67131356754709 0.0693897104097292 0.5111494339433331 0.06006505744530882 1.5228685966246533 
3 0.05013079150503082 2.7422114276551683 0.04018679249192744 4.408807970646317 0.0693899702596748 0.518835531526985 0.06006560960746885 1.535850172096413 
4 0.050153359626585146 3.491915818110298 0.04022645998619266 6.051541575963127 0.06939606542979068 0.7609855536537031 0.0600792161555704 1.992885447223569 
2 0.05011352531497715 2.2242387311428997 0.04015439167675263 3.489393618241087 0.06938595244936889 0.24485597855283414 0.06005593092795965 1.17652250002653 
1 0.05008911844517141 1.1759296987772652 0.0401102195532914 1.8576776161830728 0.06938241526140841 0.0013453777145267993 0.06004337295721759 0.6927292889004882 
4 0.05015557813649953 3.5631625627291172 0.04023037526204898 6.176933909697657 0.06939670337295534 0.7788266915072513 0.060080505950561434 2.0358381885427286 
3 0.050134371692885614 2.8420843364337243 0.0401928417244332 4.943634948664032 0.06939080176407572 0.6037337459602649 0.060067804271566314 1.6059892119858432 
3 0.05012984995344142 2.710626425391619 0.0401847850233568 4.682109389912291 0.0693897335083532 0.511759721161926 0.06006508924018198 1.5250594984074242 
3 0.05013220094158868 2.788177678645261 0.04018854457012295 4.820548769449493 0.06939028493591758 0.5577164974720741 0.060066399597856444 1.5632042212314043 
1 0.050090965073116646 1.3362670793636025 0.04011355586033356 2.1401186534862724 0.06938254434386533 0.001623896178017077 0.06004418701493691 0.7334033860801769 
3 0.05013231702351195 2.7921039994338424 0.0401889938746353 4.7042006058350525 0.06939031747136988 0.558523471840794 0.06006653856561628 1.5640239295791107 
3 0.05012851986479222 2.667195070954368 0.0401819009151666 4.6096524020666845 0.06938943116477957 0.5026151419074457 0.06006445400296686 1.4483148896607463 
4 0.05014828708311571 3.324589233009024 0.040217350066793466 5.758189716117884 0.06939463914605679 0.7195019387601341 0.06007614834144186 1.8907368271835305 
2 0.05011013006811127 2.052995607289451 0.04014824558138567 3.4209374696807933 0.06938519888382258 0.22894028247884673 0.060053497623965724 1.0705409192193467 
2 0.05011471527900685 2.2088677125685305 0.040157437670579645 3.5243736354145225 0.0693862178433503 0.2501725840901778 0.060056615725266695 1.1371106139103415 
4 0.050152260237362925 3.4546599393579642 0.04022443076732403 5.985950832603281 0.06939572393956066 0.7513835802655058 0.06007853612970602 1.9696306774662795 
1 0.05008927330686408 1.2284214879533852 0.040110382180210714 1.8185343098314661 0.06938241863729502 0.0013339687118309271 0.06004345399480153 0.696385491596519 
1 0.05009300755414642 1.4648645521670132 0.04011776266129578 2.1725072342359426 0.06938266474640599 0.001854313913628754 0.06004510685976938 0.7790712961006918 
1 0.05009117120162254 1.357069831988656 0.040113482479763284 2.1957874752249844 0.06938253920229197 0.0017405729753766838 0.06004429932152512 0.7387049556956348 
3 0.05012940304858573 2.6958757218100686 0.040183905761441416 4.6520497101899725 0.0693896326484423 0.508508809666045 0.06006490825729756 1.5081175523152983 
4 0.05015356334942571 3.498575340729926 0.04022681454510265 6.062632979928158 0.0693961399805629 0.7627906930013101 0.06007934414996703 1.9966529156861363 
4 0.05015320480357236 3.486459971164318 0.04022626476591039 6.041996285018797 0.06939601785222684 0.7595444075677156 0.06007913442335887 1.989782273053002 
2 0.0501142168533385 2.175565784090194 0.04015549142214213 3.709418517496001 0.06938609469926738 0.24787747792583575 0.060056358928524164 1.1881468152293 
1 0.05009159693548235 1.37812215127308 0.04011493706773911 2.0596044192639518 0.0693825759188412 0.0017344386891522943 0.060044485322075555 0.7477537820098448 
3 0.0501321644522147 2.7685345156873375 0.040188783497993964 4.756602815922262 0.0693902785982405 0.5576191787394624 0.06006630427959392 1.5687501274168123 
4 0.05015296697959522 3.4783873630869273 0.04022574829170712 6.028352178256749 0.06939595068198733 0.7577166040070444 0.06007897930427812 1.9848601469324105 
3 0.050127882366600915 2.645875102484227 0.040180932546068096 4.449449133099191 0.06938927481399583 0.4977255528624571 0.060064083292878725 1.4450040921453373 
1 0.05008810728556949 1.196950655347442 0.04010809304391921 1.8766716462581663 0.0693823268951205 0.0011242466203891847 0.06004294868249259 0.6707371938544814 
4 0.05014925992187756 3.3565396277056956 0.040219093031503915 5.814029737607273 0.06939490532026224 0.7273274332884521 0.06007675898148657 1.9112354992617113 
3 0.050133898295410075 2.8263606441004985 0.04019148319735231 4.779586831711172 0.0693906979561893 0.6003674958694141 0.06006749846976374 1.596461955493869 
2 0.05010806232580524 1.9851995807134686 0.04014443812640266 3.2742770122113916 0.06938482713792657 0.15978219669853364 0.06005245139734412 1.0036203511661053 
2 0.05010908136162314 2.0188222871455808 0.04014658435371417 3.4517764837953644 0.0693849958860149 0.2038976253926071 0.06005307324790674 1.0990330327367093 
2 0.05010855682455255 2.0018987675576536 0.04014540249414388 3.393797597689654 0.06938490901403208 0.1817712402210915 0.0600526320320385 1.0893799822063506 
1 0.05008733057510312 1.1691503845330762 0.04010715871355103 1.8695824961161862 0.06938231952989646 0.0011518767688235637 0.06004260751469137 0.6534962050001479 
3 0.0501281757682292 2.654776931387149 0.04018142286135616 4.621033521091595 0.06938934472125677 0.49971803282103194 0.06006423430500324 1.4928929991650537 
3 0.05013227711182444 2.790780578774341 0.04018854333838725 4.820591881936818 0.06939029916717994 0.5582221656821227 0.06006654592502543 1.5687855257279395 
4 0.050149585526152854 3.3573088006977736 0.04021939340671336 5.825517153974603 0.0693949301085944 0.7285089204065922 0.060076861406591964 1.9158862984934508 
2 0.05010809965880675 2.0343058068839395 0.040144551073920474 3.3690725429694703 0.06938482932391729 0.159979858501523 0.060052519241533986 1.0003729673541255 
2 0.05010707109817951 2.0180136882303183 0.04014277643660978 3.063388399700746 0.06938465927065039 0.1568795422390064 0.06005192343982748 1.0514649622316454 
4 0.050151256625547536 3.421052111560749 0.040222657506053354 5.927427716456359 0.0693954660005039 0.7435400644409433 0.0600779089426504 1.8397741178472966 
3 0.050131335895991655 2.7592117573583126 0.040187814351520454 4.477854451476506 0.06939009229346596 0.5226668850832521 0.06006588128489356 1.5451634079438472 
4 0.05015101758705972 3.413012246091509 0.04022221079304257 5.912518574985974 0.0693953941597786 0.7413878499067434 0.06007777736627677 1.8904549270245095 
1 0.05009286355458339 1.38244209681576 0.040116688071803686 2.260161003229616 0.06938265582980414 0.0018585926150444295 0.06004503359501564 0.775480441601266 
3 0.05013029306111214 2.7252854913826328 0.04018514939098685 4.647297216372552 0.06938985379303514 0.515418777400104 0.06006538660535987 1.5260508495383587 
4 0.05015364509080027 3.5011717842306 0.04022697538002215 6.069311250679398 0.06939615110968603 0.7633125236309827 0.060079385794820014 1.9984651127514912 
2 0.050113140456473325 2.16054896311256 0.040154003609290556 3.4347102737547823 0.06938587162899179 0.24325184606886552 0.06005572769104266 1.1699060675526805 
2 0.05010832579533695 1.9937006362890055 0.040144946384533864 3.22953685584841 0.06938486302625105 0.1606064100095108 0.06005261450485612 1.0920505772531766 
3 0.0501321644522147 2.7685345156873375 0.040188783497993964 4.756602815922262 0.0693902785982405 0.5576191787394624 0.06006630427959392 1.5687501274168123 
4 0.05015308485210732 3.482430869816116 0.04022596216664491 6.036262502822622 0.06939599006307574 0.7588922943228809 0.06007902923848936 1.986972843072433 
4 0.050155415195565614 3.5578423563791413 0.04023009015804152 6.16655029030561 0.06939663861418499 0.7773320668674562 0.06008041309375058 2.0331432082206353 
3 0.05013160651091866 2.768362615844702 0.04018744991829139 4.59816985899202 0.06939013905799155 0.5246539958328068 0.06006598706522698 1.5503656310978111 
1 0.05009004397327667 1.3417546714405126 0.04011211795836238 1.9685276803659746 0.06938246455960811 0.0015038884905239204 0.060043781701156804 0.7126641549285206 
1 0.050093403075325824 1.432193706880956 0.04011822260467461 2.3499885263613893 0.06938270682866036 0.0018498100339605372 0.060045271777905695 0.7868323940104546 
4 0.05015268561031131 3.468837755439876 0.04022557268048953 6.00730650562705 0.06939583330545133 0.7548017459317662 0.060078794559917326 1.9786533317627693 
2 0.0501111094053928 2.085158700826217 0.040150557079664695 3.427838195810952 0.06938538268733847 0.23285280650045959 0.060053856261119545 1.0221510342671467 
1 0.050092755933358435 1.4403369558695442 0.040116213689349436 2.113480293222528 0.06938265785097986 0.0018361128662322142 0.06004501849076741 0.7732233763185585 
2 0.050109924069488235 2.046786518793808 0.04014816283272086 3.374184390367737 0.06938516512161085 0.2281593896333562 0.060053491111886424 1.0758618739348293 
3 0.05013369963012645 2.819748278856001 0.04019041382263762 4.865289294357596 0.06939065380472147 0.5988884175423681 0.060067362839479374 1.5531970691698826 
2 0.05011331701345081 2.1483504437782153 0.040154861855417875 3.4812392357763238 0.06938590563912463 0.24365147679951585 0.06005573836996916 1.1726460715611213 
3 0.05013516335299563 2.945592862705184 0.04019372721252146 4.991968968564376 0.06939100682069192 0.611300794376707 0.06006828118213943 1.6271877971104203 
4 0.05014797259620233 3.3143518729978587 0.04021678541349214 5.74207940809462 0.0693945229028837 0.7166610996786212 0.060075944976148044 1.8845366820158707 
4 0.05014857338017611 3.3338340067635137 0.040217851012857596 5.775074517588789 0.06939467681742265 0.7214761287828237 0.06007634563718893 1.8983030372779044 
1 0.05008976558731153 1.3328853017313431 0.04011203660669431 2.0891825950983347 0.06938245071629282 0.0013204001139550399 0.06004369106305516 0.7078400940617626 
4 0.05015389210093605 3.509400593191124 0.040227377068945566 6.081891093759419 0.06939619426338738 0.7650837292191934 0.06007952137053059 2.0031731335254648 
2 0.05011547148681318 2.2958236546185864 0.04015867994584451 3.736445665144352 0.06938638355625656 0.2535362474095729 0.06005717169358289 1.2094055030613409 
4 0.05015513422501351 3.548784205617809 0.04022955391607771 6.150241840092549 0.06939655061935775 0.7749884810214636 0.06008023811403448 2.0272452885011405 
1 0.05009167852218532 1.3828866898430225 0.040114886172529174 2.10530057154473 0.06938259002831518 0.0017328601147623794 0.06004447879987325 0.7480942592453754 
1 0.05009350444013042 1.4652864391956808 0.0401182860629446 2.456749289037318 0.06938271270419699 0.0018408211178004147 0.06004531511258383 0.7889619441585246 
3 0.050131057513687086 2.74998081194503 0.04018641639138028 4.751930391625794 0.06939001738049387 0.5208369472347674 0.06006576417422114 1.5401007836922183 
3 0.05013109740112659 2.751308008275172 0.04018698773212606 4.683316255473205 0.06939002383967406 0.5207922201344524 0.0600657429619347 1.4954842507164616 
3 0.05013141551567466 2.7618539197506604 0.04018699946199916 4.7666160802273065 0.06939009789312041 0.5235509268381193 0.06006592385047373 1.5019467301620821 
1 0.05008911844517141 1.1759296987772652 0.0401102195532914 1.8576776161830728 0.06938241526140841 0.0013453777145267993 0.06004337295721759 0.6927292889004882 
3 0.05012964297456415 2.704536898411375 0.0401841531423988 4.530365192945264 0.06938969101174913 0.5106435684814209 0.06006503414201726 1.5141243808656375 
3 0.05012784138872872 2.644541962732383 0.04018075316580444 4.437791181245285 0.06938925988070874 0.4974480439595898 0.06006402647518081 1.4878332437373718 
3 0.05012956278606442 2.701170416387003 0.04018366541797584 4.666994391791833 0.06938966562807448 0.50986611218482 0.060064989966615724 1.5118432594971738 
3 0.050129602691865685 2.7024967442207943 0.04018448220812419 4.296108776423493 0.069389688167767 0.5100645855806711 0.0600650065902702 1.4683965053718135 
2 0.050114374749358356 2.163250200274706 0.04015609252761382 3.6076916588304813 0.06938613737909083 0.24868070704721226 0.06005639634534075 1.1519663933430875 
4 0.05014820721111679 3.3219396325573918 0.04021718311483152 5.753488048812902 0.06939462122038256 0.7189209344279086 0.060076112366070744 1.8901502226869926 
4 0.05014797259620233 3.3143518729978587 0.04021678541349214 5.74207940809462 0.0693945229028837 0.7166610996786212 0.060075944976148044 1.8845366820158707 
1 0.05009410327447618 1.4671396670483277 0.04011915109417985 2.277184083423056 0.0693827773710515 0.00179586161366786 0.06004557665979042 0.8014825971848838 
4 0.050154230323463514 3.51949906649435 0.04022799998487337 6.100353677532369 0.06939633339508784 0.7681455510629165 0.060079710454276715 2.0093407511068087 
3 0.05012940304858573 2.6958757218100686 0.040183905761441416 4.6520497101899725 0.0693896326484423 0.508508809666045 0.06006490825729756 1.5081175523152983 
2 0.05011060935481335 2.117805348009861 0.04014959321025937 3.21974216718064 0.06938529536222036 0.23099095657358823 0.06005373843170566 1.1121131795759611 
4 0.05015479738101406 3.538172460485094 0.04022897175388653 6.132020105401667 0.06939647672676828 0.7725576371989176 0.06008004597859805 2.0206583313135935 
1 0.05009462053081394 1.5014608341804827 0.04011983426439959 2.4396821297199636 0.06938281116996022 0.001755344502900141 0.060045790759423734 0.8118446016416329 
1 0.050092873477824054 1.4594405299911246 0.04011737765039024 2.232464909122189 0.06938267293215425 0.0018253308262444745 0.060045066742605825 0.775315394003723 
1 0.05008906339136817 1.1890080774989051 0.04010988318045822 1.8518542260564654 0.0693824320763883 0.0012958430524200944 0.060043389127311685 0.6919851663384382 
1 0.050086929394678036 1.1168201522581982 0.0401060442311736 1.8751996357843541 0.06938226264519085 0.001189148624792906 0.06004240811202771 0.6443981113992935 
1 0.05009128119051599 1.3965816578887478 0.040113900908015254 2.0879531117065016 0.06938255144003672 0.0017318788263590158 0.06004435868030478 0.7415770298749466 
1 0.05008737767822684 1.1374012624364602 0.04010712535677037 1.9261606513474547 0.06938231337470473 0.0011502325030996352 0.06004262702905623 0.6543848449192156 
4 0.050151088590074354 3.415966320738548 0.0402223619752542 5.917539282329973 0.06939540668781966 0.7419815166568743 0.06007783695514439 1.8371674220381462 
3 0.05012984995344142 2.710626425391619 0.0401847850233568 4.682109389912291 0.0693897335083532 0.511759721161926 0.06006508924018198 1.5250594984074242 
2 0.05011322429155163 2.1628393338036513 0.04015393248203939 3.449027898984384 0.06938588991195452 0.24346457550587627 0.060055697945659146 1.1712164432490342 
2 0.05010824369731948 2.040090996686512 0.04014476222957841 3.1003975443027385 0.06938486446556523 0.16041039196179682 0.0600525937565472 1.0837409382779124 
2 0.050111767253729546 2.154712194631815 0.040151853471893637 3.2859247396738334 0.06938550607872002 0.2353596414643393 0.06005450230267151 1.1452911428202686 
2 0.05011543329881124 2.226508719210817 0.040158514694661876 3.589699731279984 0.06938637399582756 0.25331585923317285 0.06005715329669701 1.1712410985717945 
4 0.050154352674589696 3.5234386658420385 0.040228232121506176 6.108036720113458 0.06939635467551554 0.7689312118186121 0.06007979505097029 2.012028734032296 
2 0.05011185693654202 2.1584885512293916 0.040151582056252924 3.2841184180346863 0.06938551258533501 0.23574387329619045 0.0600545753378958 1.1467539834597813 
3 0.050135242110048675 2.948244852744046 0.04019366102155306 5.007487512194553 0.0693910256110389 0.6119819883063897 0.060068352166550945 1.5758883249645126 
4 0.05015287991417783 3.4762093211398337 0.040225552690799096 6.022911375843314 0.06939592283250065 0.7570033148668864 0.06007893337196977 1.983155232190056 
3 0.05013184516220701 2.7763020706790575 0.040187693668626505 4.802300740925412 0.0693901924742889 0.5267743871767481 0.060066155646743405 1.5553858584381328 
2 0.05011352531497715 2.2242387311428997 0.04015439167675263 3.489393618241087 0.06938595244936889 0.24485597855283414 0.06005593092795965 1.17652250002653 
4 0.050150314676154405 3.3908286033116126 0.040221050938165255 5.75300084857805 0.06939518854540827 0.7357792128120477 0.06007736586799288 1.8772505004032012 
4 0.05015327843735064 3.487156108116544 0.040226228740521335 6.044732592695661 0.06939604017629716 0.7602733108616333 0.06007911306606687 1.9899737488754035 
1 0.05008823726009154 1.2347258197410869 0.04010884541251562 1.9234622318340986 0.06938234218245797 0.0011113431338639714 0.060043004391313645 0.6732968587874971 
1 0.05009112041341662 1.4015031645622533 0.040113533794181554 2.0720584872401075 0.06938256258233662 0.0017438491067750187 0.0600443040680315 0.7381979965759179 
3 0.05013200430725353 2.7632289138650634 0.040188570225309264 4.79785410149371 0.06939025443327067 0.5278736877236865 0.06006630196698588 1.5584324083277583 
3 0.05013377874162618 2.822406505217858 0.04019124993323469 4.907938099419318 0.06939067887769128 0.5996052746416479 0.06006741685107595 1.5940102315138047 
3 0.050134730320904965 2.892476755297832 0.040192933134177794 4.9666361597338735 0.06939090502766068 0.6075292693218535 0.06006803228777939 1.6122916990678426 
2 0.050108407618722185 1.997364549802186 0.04014514586918276 3.253034856964772 0.06938489104455552 0.16119472657726772 0.060052703193838285 0.9598969212014803 
3 0.05012759524071325 2.636452932090684 0.040179913636551955 4.4433328635865355 0.06938920237476752 0.49585307209063706 0.060063955623187046 1.4752523302032512 
3 0.050134730320904965 2.892476755297832 0.040192933134177794 4.9666361597338735 0.06939090502766068 0.6075292693218535 0.06006803228777939 1.6122916990678426 
2 0.05011543329881124 2.226508719210817 0.040158514694661876 3.589699731279984 0.06938637399582756 0.25331585923317285 0.06005715329669701 1.1712410985717945 
3 0.05013251644388643 2.780345424318109 0.04018993365146619 4.491238112506354 0.06939037965142783 0.5601463453613874 0.06006667031060634 1.5223030701630833 
4 0.050153850570455086 3.50806622518922 0.040227315664833195 6.0813015696552775 0.06939617237659296 0.7646462432247465 0.06007949642586767 2.0026800376764076 
4 0.050149350716551314 3.358668060991893 0.04021924456766453 5.82003616309398 0.06939494636289319 0.7282580455145601 0.06007675830469095 1.9113100362841515 
2 0.050107748234206315 2.0229377237853727 0.04014417529269414 3.1846890058160944 0.06938477796711227 0.15885810613576584 0.06005232212547675 1.0924494686052415 
3 0.05012936317367076 2.6945422047205208 0.040183482235077644 4.6562541953279295 0.06938962267252875 0.5084366456623852 0.06006491281783487 1.5078807440640916 
1 0.050092597208915624 1.4530063592658435 0.04011651850329134 2.3305065824390376 0.06938265236862906 0.001854297380022517 0.060044948477217364 0.7709328329983687 
4 0.05014975081999977 3.3723489630197263 0.04021998121482202 5.842209629707262 0.06939504255673665 0.7314869182592107 0.06007697902692773 1.9195117896749063 
3 0.05013465032688803 2.8898998982246793 0.04019297321189579 5.018947552668415 0.06939088317588141 0.6066766543375344 0.06006796982780758 1.617125479018289 
4 0.05015066502641472 3.3089455902868954 0.04022153816317867 5.893189750323928 0.06939526649388816 0.7383170816033917 0.06007756907005028 1.8834034772827237 
2 0.05010714814006878 1.9555392248505306 0.04014269885386268 3.0413788249910985 0.0693846639854569 0.1570466715018732 0.06005198516801295 1.0635445568503645 
1 0.05009278631149964 1.4411281758804229 0.04011638537740152 2.2025317437636973 0.06938265671633928 0.0018350166960929611 0.06004502963052275 0.7744054926497882 
1 0.050089378810523846 1.2705184331009818 0.04011103277682634 2.013312704066086 0.06938243369591708 0.001324593295923736 0.060043493011116944 0.6986189774322852 
2 0.050110519353622804 2.1339035193919225 0.040149470496508036 3.410025920286526 0.06938527941938097 0.2306339634552801 0.06005380056257328 1.0162699106398396 
4 0.050153850570455086 3.50806622518922 0.040227315664833195 6.0813015696552775 0.06939617237659296 0.7646462432247465 0.06007949642586767 2.0026800376764076 
2 0.05011149904914387 2.0959061442615843 0.04015130097572123 3.2739276060280873 0.06938545435876768 0.2343383838252989 0.06005420861946346 1.0024256798271443 
3 0.0501281757682292 2.654776931387149 0.04018142286135616 4.621033521091595 0.06938934472125677 0.49971803282103194 0.06006423430500324 1.4928929991650537 
1 0.05009004397327667 1.3417546714405126 0.04011211795836238 1.9685276803659746 0.06938246455960811 0.0015038884905239204 0.060043781701156804 0.7126641549285206 
2 0.05010759744708669 2.015523109702118 0.040142703574407766 2.9328544978639077 0.06938471396740867 0.15819084768380193 0.06005237196582103 1.0547914424228815 
4 0.05014984481763668 3.3746159933431996 0.040220112231619067 5.845697923287129 0.06939507294936388 0.7320178393381855 0.060077104813246365 1.922114111757777 
4 0.0501502794396669 3.3893076598011262 0.040220904076873586 5.870895940831071 0.0693951902928402 0.7355314547267408 0.06007734711959025 1.930600504903661 
3 0.050128888748796806 2.678625288240241 0.04018292144297421 4.624733595511903 0.06938951187483704 0.5048104804627694 0.060064652322341004 1.4990745064957356 
4 0.05015005485860378 3.3816590735339576 0.04022047661148938 5.859421711706763 0.0693951117162614 0.7334847940249307 0.06007723255439999 1.9272856695106757 
1 0.050094473678419224 1.5339470334294663 0.040119859346093766 2.356977304081628 0.06938281662242483 0.0017570079243692826 0.0600458038750495 0.8106452912736742 
2 0.050107816381759776 2.0239726443355335 0.04014447844224499 3.2483328650511516 0.06938477280536609 0.15911217628527344 0.06005238846366499 1.0772433428913026 
3 0.05013239683688784 2.7763756659801087 0.040188948944142044 4.876429802696006 0.06939033962573544 0.5594321601574973 0.0600665417050697 1.5208771996775756 
4 0.05015217860783362 3.452012431751844 0.040224286029127365 5.980129214873514 0.06939572466977006 0.7509241804043219 0.060078496980733434 1.9678175096317414 
3 0.05013235698461478 2.7750585794577405 0.040188792437210824 4.825780121590706 0.06939032961167502 0.5590741049088269 0.06006654154765062 1.5652404354687928 
2 0.05011234065092065 2.123593757143154 0.040152812530344056 3.3193998451468674 0.06938560781578569 0.237641854143457 0.06005476500309557 1.1202614282266303 
2 0.050109924069488235 2.046786518793808 0.04014816283272086 3.374184390367737 0.06938516512161085 0.2281593896333562 0.060053491111886424 1.0758618739348293 
3 0.05013342714447312 2.810624555361139 0.04019100314895814 4.884016698513726 0.06939058979089197 0.5965382065694343 0.060067190172061545 1.547035569584485 
3 0.0501289689198244 2.681310437973232 0.04018294176337067 4.676330246604325 0.0693895274495617 0.505460502378282 0.06006469872629845 1.4996144543020589 
3 0.05012829544854268 2.658781102454158 0.04018153381211252 4.592962247735594 0.06938936752364241 0.500412133390175 0.06006433214038417 1.4866790228015565 
1 0.050089216579580466 1.262749147749356 0.04011041354922718 1.9955646792116504 0.0693824258361108 0.0013025241119075856 0.06004340622155768 0.6932306009001942 
1 0.05008960558657123 1.3768784697268999 0.04011139477811036 1.9385987141586305 0.06938244158574391 0.001332549296529415 0.06004361800309941 0.704662286858416 
3 0.050131017792776046 2.7486559018925627 0.04018658924371664 4.711025771156854 0.06939000158904698 0.52038708469113 0.0600657201500586 1.5465267590304141 
1 0.05008984863569221 1.2576329941840618 0.04011114100034992 1.9660429645552409 0.06938245529850205 0.001487245509854516 0.060043711737120975 0.7089263524147731 
3 0.050129043613369915 2.684592064729061 0.04018335035329029 4.615056823035727 0.06938955353809947 0.5061460829660508 0.06006470780261952 1.5112101782905056 
4 0.05015555926895705 3.5615220738378426 0.040230258228467125 6.176170464650037 0.06939665717263968 0.7782780596822002 0.06008047602741027 2.0351162509923504 
2 0.05010718777964594 2.00403117303025 0.040142693663345684 3.0592575246331366 0.06938464878649332 0.15714589619008393 0.06005205574460419 1.0399021769097083 
3 0.05013056568146031 2.734464665896906 0.04018564499198496 4.806642713124247 0.06938990826767816 0.5175030593819454 0.060065534505558495 1.4865185100655256 
1 0.05009185027672046 1.4166952266288786 0.04011482911702052 2.1114958548915634 0.0693825826246032 0.0017085424590790918 0.06004459571196773 0.7533708463367879 
1 0.050087518156673075 1.1401813972837613 0.04010741403150146 1.8919739119906869 0.06938234641684435 0.0011392006858487959 0.06004265362937598 0.657123403034179 
1 0.05009329046697625 1.5099681495952069 0.040118061275342745 2.262423614876268 0.06938270363398602 0.0018667730403415569 0.06004525872707509 0.7846520357084514 
3 0.05013092502702106 2.746426689436916 0.040186342198415485 4.793002657084315 0.06938999654736713 0.5202374241354539 0.06006575833109727 1.4936425253379948 
3 0.05012908351150584 2.6859279287778364 0.04018287334459443 4.5318090453735875 0.0693895601954394 0.5065622354813397 0.06006473029143233 1.5117621443835125 
1 0.05009120883336823 1.3533711424417927 0.040114303999001025 2.0031725613307665 0.06938255955785719 0.0017363502569735976 0.06004431455379076 0.7399263721832678 
1 0.05008843139339103 1.164525480843702 0.040108565156957654 2.021765846829484 0.06938235334789418 0.001098288393622477 0.06004308646980237 0.6774229221826619 
4 0.050150926785112 3.410609732866528 0.040222068700717754 5.908538389633544 0.06939536015415196 0.740684620302606 0.0600777354893585 1.8888405999723155 
1 0.05008857547450367 1.2359091516755287 0.04010935034723741 1.8555722655554594 0.06938239545900667 0.0011179362158474325 0.06004311620950724 0.6802906492558032 
3 0.05012837614449953 2.6614277340333294 0.04018215885321762 4.389396248990215 0.06938939329022324 0.5011168421978958 0.060064351630177024 1.444561176385601 
4 0.05015409899557153 3.4346990680965086 0.040227752890085886 6.094897304432292 0.06939626329234269 0.7667423929906916 0.06007964980500834 2.007235109068849 
2 0.050112140840462935 2.1493592245776894 0.040151607871389286 3.284226260656189 0.0693855550182439 0.2367225833994953 0.06005468020288712 1.15214276621924 
4 0.05014844846920805 3.3298757702406383 0.04021772626456529 5.765925059674314 0.06939468088856893 0.7207717820158661 0.06007624421793091 1.8939260812313663 
3 0.050132716042623204 2.805342747373074 0.040189450363788785 4.84027781528387 0.06939039991753855 0.5617321168094562 0.060066801175293894 1.5721862908074542 
2 0.05011168652073128 2.15226607513656 0.04015138338435762 3.270845979931134 0.06938548000622294 0.23496694227201412 0.06005437894373546 1.1456127506410778 
4 0.05015557813649953 3.5631625627291172 0.04023037526204898 6.176933909697657 0.06939670337295534 0.7788266915072513 0.060080505950561434 2.0358381885427286 
1 0.05009087945096715 1.3468577454630775 0.04011313249251135 2.1088256236010983 0.06938253004448496 0.001599481722377291 0.060044159936608076 0.7319550769470844 
3 0.050129731808338254 2.7066686350235623 0.04018433929419224 4.67131356754709 0.0693897104097292 0.5111494339433331 0.06006505744530882 1.5228685966246533 
2 0.05011013006811127 2.052995607289451 0.04014824558138567 3.4209374696807933 0.06938519888382258 0.22894028247884673 0.060053497623965724 1.0705409192193467 
1 0.05009205338831839 1.4954785701909756 0.04011638526244864 2.169205351076252 0.06938259649385843 0.0017888625994014538 0.060044709392238715 0.75873857267559 
2 0.05010984120621966 2.0931485227981996 0.040147895281148614 3.3350446355041674 0.06938515399643909 0.22780337057869157 0.060053368375538395 1.1124001960934353 
2 0.05011180956798509 2.1060308287309155 0.04015094302570253 3.1878800090011126 0.06938549361640525 0.23551549119154092 0.06005456631670233 1.1463346604306028 
4 0.05014912938499796 3.3527321681442595 0.040218856452372574 5.8085258455703395 0.06939488421360004 0.7264575889627791 0.06007667460527426 1.907629022473951 
2 0.05011390105255242 2.253481271453366 0.04015470566629453 3.4905621373173887 0.06938602829374153 0.24651710806739752 0.0600560855537003 1.1242298230747338 
4 0.05015300769005421 3.479716790087772 0.04022585113963902 6.033509101986519 0.06939596135787736 0.7582881344088748 0.060078966796822696 1.9854517448494977 
1 0.05008806867187517 1.2301776433994904 0.040108646562758914 1.9068708768715852 0.06938235670192136 0.0011258101127035584 0.060042943687848516 0.6699246635424296 
1 0.05008959495089752 1.2687796042593806 0.04011083590481949 1.966330369880416 0.06938244692828822 0.0013075111389786918 0.060043595062689734 0.7026906360400738 
4 0.050153927894606175 3.510609286077505 0.04022746500618529 6.086087519057173 0.06939623205710797 0.7658305458543924 0.06007951188383833 2.003583371713302 
4 0.05015533446020755 3.555444439301766 0.04022999546191784 6.160626425666214 0.06939660195991046 0.7766917945694243 0.06008033806301814 2.0313946653546386 
4 0.050154714427974055 3.5352250756881105 0.04022885596609581 6.1270950506225415 0.0693964417380484 0.7717770071454276 0.060080000061503845 2.019297215793851 
2 0.0501091641982187 2.021467635652037 0.04014652461595149 3.0938991101518227 0.06938501568269186 0.20405521924686126 0.060053001536299576 1.0998629951328378 
2 0.05011306759444713 2.140302848509257 0.04015379664040082 3.4059429587239274 0.06938583713866142 0.24247153830634174 0.06005557418965417 1.1683331523759908 
3 0.05012873171962921 2.673346440426731 0.04018229157854969 4.614439112233213 0.06938947835932695 0.5036755238743302 0.06006455433028661 1.5071056461709291 
2 0.0501098668212255 2.0449594393236197 0.04014786655407806 3.317752001923295 0.06938515036870797 0.22789819831161381 0.06005350006525283 1.0758286422777772 
3 0.050132716042623204 2.805342747373074 0.040189450363788785 4.84027781528387 0.06939039991753855 0.5617321168094562 0.060066801175293894 1.5721862908074542 
2 0.05010953820512888 2.0818526760660774 0.04014678744790283 3.2272642379820717 0.06938509007719743 0.2264626910977714 0.060053229298419775 1.1068706043070882 
1 0.05009004397327667 1.3417546714405126 0.04011211795836238 1.9685276803659746 0.06938246455960811 0.0015038884905239204 0.060043781701156804 0.7126641549285206 
2 0.05010897113805649 2.062378290996322 0.040145868854130046 3.193370913356225 0.06938498249707227 0.18315782897990593 0.060052914993529105 1.0963217255323534 
2 0.050113826187044005 2.2337125246889955 0.04015489276922503 3.4205989196320425 0.06938599979249686 0.24603914081606412 0.06005609169939311 1.1812373791601414 
1 0.05008883857669945 1.2404978227624948 0.04010955867630969 1.996143619790733 0.06938238567934071 0.0013128773761186287 0.060043286908873325 0.687539999863756 
3 0.05013477015064447 2.893749946998494 0.04019312330928621 4.872178392110227 0.06939092512337697 0.6081340635353047 0.06006803453200249 1.6189674475215061 
4 0.05015116998035822 3.4185509276894424 0.04022249866381604 5.922372494694869 0.0693954362452432 0.7427319527578701 0.060077888895650564 1.8935007296097506 
4 0.05015467413103556 3.5339644565900157 0.04022878017352113 6.124847041575753 0.06939642504915038 0.7713733922428604 0.060079979116834846 2.018734740940392 
1 0.05008848047820495 1.2413081021526728 0.04010900993164122 1.7782577904371877 0.06938236467058165 0.001125251721901187 0.0600431110298932 0.6784304293538558 
3 0.05012952287182907 2.6998433766934684 0.04018370924875077 4.66443784721718 0.06938966026464322 0.5095109977493596 0.060064989510204427 1.4669500255402084 
2 0.05011547148681318 2.2958236546185864 0.04015867994584451 3.736445665144352 0.06938638355625656 0.2535362474095729 0.06005717169358289 1.2094055030613409 
4 0.05015255886208118 3.383219079665312 0.0402249752833139 6.001034120332967 0.06939582840996597 0.7538493528878203 0.06007871254548288 1.9751427302284141 
3 0.05012936317367076 2.6945422047205208 0.040183482235077644 4.6562541953279295 0.06938962267252875 0.5084366456623852 0.06006491281783487 1.5078807440640916 
3 0.05012940304858573 2.6958757218100686 0.040183905761441416 4.6520497101899725 0.0693896326484423 0.508508809666045 0.06006490825729756 1.5081175523152983 
1 0.050087773706015734 1.1889520081379437 0.04010763849952001 1.9218243779302469 0.0693823242398475 0.0011507812903871176 0.060042799646375586 0.6638572714182012 
4 0.05015132971738677 3.4239061889186586 0.04022280347084524 5.93342040585479 0.06939549326598016 0.7442408917214388 0.060077972741197784 1.89673221599095 
4 0.05014824709651901 3.323255639728587 0.0402172639204445 5.638138624871461 0.06939460735849598 0.7190529577526178 0.06007611613768915 1.890014617476138 
3 0.05013220094158868 2.788177678645261 0.04018854457012295 4.820548769449493 0.06939028493591758 0.5577164974720741 0.060066399597856444 1.5632042212314043 
4 0.050152726437486764 3.470167843351547 0.04022526310708087 6.0134401557946005 0.06939585240582742 0.755308081083282 0.06007879855572583 1.9793479503678248 
4 0.050154714427974055 3.5352250756881105 0.04022885596609581 6.1270950506225415 0.0693964417380484 0.7717770071454276 0.060080000061503845 2.019297215793851 
3 0.050128215962096635 2.656109003918706 0.040181447540015715 4.456317428976335 0.0693893543958862 0.49986160368449806 0.06006428113458893 1.4969449284558312 
3 0.05013239683688784 2.7763756659801087 0.040188948944142044 4.876429802696006 0.06939033962573544 0.5594321601574973 0.0600665417050697 1.5208771996775756 
2 0.050108451301319044 2.0458994468884635 0.04014520080065539 3.1925405521420185 0.06938489371847244 0.1613195863057355 0.060052685636919054 1.0873722768872065 
4 0.05015557813649953 3.5631625627291172 0.04023037526204898 6.176933909697657 0.06939670337295534 0.7788266915072513 0.060080505950561434 2.0358381885427286 
4 0.050149350716551314 3.358668060991893 0.04021924456766453 5.82003616309398 0.06939494636289319 0.7282580455145601 0.06007675830469095 1.9113100362841515 
3 0.05012873171962921 2.673346440426731 0.04018229157854969 4.614439112233213 0.06938947835932695 0.5036755238743302 0.06006455433028661 1.5071056461709291 
1 0.050093403075325824 1.432193706880956 0.04011822260467461 2.3499885263613893 0.06938270682866036 0.0018498100339605372 0.060045271777905695 0.7868323940104546 
1 0.05009170803362336 1.3657989743098877 0.04011517535032554 2.183991247607292 0.06938258996408628 0.001730070499854492 0.06004450096041131 0.7492956644702949 
4 0.05015409899557153 3.4346990680965086 0.040227752890085886 6.094897304432292 0.06939626329234269 0.7667423929906916 0.06007964980500834 2.007235109068849 
2 0.05010855682455255 2.0018987675576536 0.04014540249414388 3.393797597689654 0.06938490901403208 0.1817712402210915 0.0600526320320385 1.0893799822063506 
2 0.050109961387443835 2.1140424521631487 0.04014825912924079 3.2319658720626676 0.06938517813367898 0.22834194121362522 0.06005350610587473 1.0071208565981364 
4 0.05015283562317187 3.4748181681761645 0.04022553822064569 6.023432100627824 0.06939593058237538 0.7569796214380815 0.06007889638673695 1.982273733925524 
4 0.05014832725261218 3.3259125915933594 0.0402174104791608 5.760134711029702 0.06939465375985769 0.7198984722084701 0.060076184829065946 1.8923016330152804 
2 0.05010747927420881 1.966520489190867 0.04014341355913953 2.9223433400661687 0.06938471430311888 0.15817637454345662 0.06005230097479538 1.052541398299232 
1 0.050091133137505205 1.3444043083232216 0.04011389505549699 2.0790869100877023 0.06938254661410966 0.00174931166964103 0.06004426913940454 0.7364434491972676 
4 0.05014929466992394 3.357801594695785 0.04021914557955486 5.817624619313943 0.06939493010077824 0.7278076223050658 0.06007675268951675 1.9104725728122418 
3 0.05013417929034351 2.83559569689115 0.04019202303413792 4.9371339078443155 0.06939076648209846 0.6029522401280474 0.060067645024658764 1.602076614377697 
2 0.05011543329881124 2.226508719210817 0.040158514694661876 3.589699731279984 0.06938637399582756 0.25331585923317285 0.06005715329669701 1.1712410985717945 
4 0.05015213802757366 3.4506905060481174 0.04022421695394095 5.977839647170135 0.06939570492063024 0.7505449476198575 0.060078468268419935 1.9670290759231754 
2 0.05010756327436592 2.016715437233642 0.04014370918822756 3.3405416470976403 0.06938472340789643 0.15832106734866794 0.06005225325049903 1.0833563255116432 
3 0.050134570901589806 2.8679105542373087 0.0401928424742269 4.956069534543431 0.06939086325119007 0.6061357484628868 0.06006791567629623 1.609845975579375 
2 0.050108407618722185 1.997364549802186 0.04014514586918276 3.253034856964772 0.06938489104455552 0.16119472657726772 0.060052703193838285 0.9598969212014803 
1 0.050092369551425306 1.4347166487731697 0.040115707525727705 2.1519113698109322 0.06938259414778668 0.0018732831954511153 0.06004479308488471 0.7636536259864218 
2 0.050108147999417076 2.034852039264481 0.04014433216721094 3.156207139133497 0.06938484014460626 0.1603659745008068 0.06005252015887812 1.0812442168391332 
3 0.05013342714447312 2.810624555361139 0.04019100314895814 4.884016698513726 0.06939058979089197 0.5965382065694343 0.060067190172061545 1.547035569584485 
1 0.0500886126663039 1.202536764288213 0.040110102825072484 2.0189128361357787 0.06938238704055717 0.0011158969312503992 0.060043158998436055 0.6814591283270942 
3 0.05013397874495288 2.8290007622695836 0.040191689561251034 4.877138389530457 0.0693907252308715 0.6011739775126179 0.06006755181436631 1.5512605401229393 
3 0.05013429120838307 2.8394393233915407 0.04019231811842361 4.919935497954322 0.06939079312700672 0.603564664686629 0.06006776009886007 1.6036995629331177 
3 0.05013346722984452 2.8119461257254548 0.04019077878923039 4.8474234201168445 0.06939059624098629 0.5968728041070482 0.06006721556064375 1.5475714836143328 
4 0.050149513775633744 3.363980457062174 0.040219516433585935 5.827454598648258 0.06939497700917194 0.7293547136097477 0.06007687559908166 1.9146667233239019 
3 0.05012873171962921 2.673346440426731 0.04018229157854969 4.614439112233213 0.06938947835932695 0.5036755238743302 0.06006455433028661 1.5071056461709291 
2 0.05011527693275003 2.2623382557732428 0.040158083593123076 3.5736525129048906 0.06938633899242921 0.25259906114903685 0.06005705010063859 1.1691489364225176 
1 0.05009447175585854 1.5147847905495841 0.04011980180309231 2.2748377895116563 0.06938281419419615 0.0017661493083850558 0.060045774364663206 0.8097211961423515 
3 0.05013220094158868 2.788177678645261 0.04018854457012295 4.820548769449493 0.06939028493591758 0.5577164974720741 0.060066399597856444 1.5632042212314043 
1 0.050089325636995585 1.3255651482795383 0.04011050476816751 1.8616295314392612 0.06938242697714207 0.001329799276541673 0.060043455544616285 0.6964544820588203 
3 0.050135565127696645 2.958904185669889 0.04019471275300289 5.016283515747107 0.06939109624739896 0.6147318966933731 0.060068488023152136 1.5881988584245395 
1 0.050092560284954665 1.4061049244795736 0.04011614595545042 2.1761984783114583 0.06938263717843077 0.0018561006397942348 0.06004491272293601 0.7697187982047848 
2 0.0501111094053928 2.085158700826217 0.040150557079664695 3.427838195810952 0.06938538268733847 0.23285280650045959 0.060053856261119545 1.0221510342671467 
1 0.05009086524499704 1.3750854725712218 0.040113377955693544 1.8876057126586203 0.06938251676244193 0.0016020130297825226 0.06004413614580412 0.7307146036178438 
2 0.05011331701345081 2.1483504437782153 0.040154861855417875 3.4812392357763238 0.06938590563912463 0.24365147679951585 0.06005573836996916 1.1726460715611213 
1 0.050087728697994695 1.219380725779541 0.04010729232662216 1.8633493072170553 0.06938234695063006 0.0011566520167088433 0.06004274426517832 0.6621891658363859 
3 0.050133068651936605 2.817159031339096 0.04019027596590357 4.887114084843101 0.0693904968623357 0.5650987361172854 0.06006694965186325 1.580172982451304 
2 0.05011513936392746 2.2102191688533956 0.040157963852258206 3.5765755159904584 0.06938631100102942 0.2520382608749956 0.06005696934439007 1.166537260273751 
3 0.050129443054322896 2.6972037348022564 0.04018368083913457 4.601710710742491 0.0693896462994609 0.5092557947428633 0.06006493334464116 1.4738408370484941 
2 0.050109247938623126 2.071650023848026 0.040146816332089136 3.329926790138706 0.06938503930755317 0.2250746311716491 0.06005315485744037 1.0650277684262122 
1 0.05009112041341662 1.4015031645622533 0.040113533794181554 2.0720584872401075 0.06938256258233662 0.0017438491067750187 0.0600443040680315 0.7381979965759179 
3 0.05012851986479222 2.667195070954368 0.0401819009151666 4.6096524020666845 0.06938943116477957 0.5026151419074457 0.06006445400296686 1.4483148896607463 
2 0.05011539176787495 2.206597071922451 0.040158170890957544 3.7483377230169537 0.0693863430682312 0.2532052681590082 0.06005713989412194 1.171177146486959 
3 0.050129043613369915 2.684592064729061 0.04018335035329029 4.615056823035727 0.06938955353809947 0.5061460829660508 0.06006470780261952 1.5112101782905056 
2 0.05011444212968989 2.1826271747475046 0.04015611411727382 3.527477442416258 0.06938614880633881 0.2488077921439064 0.06005651158967534 1.1923754717643495 
3 0.050134730320904965 2.892476755297832 0.040192933134177794 4.9666361597338735 0.06939090502766068 0.6075292693218535 0.06006803228777939 1.6122916990678426 
2 0.05011331701345081 2.1483504437782153 0.040154861855417875 3.4812392357763238 0.06938590563912463 0.24365147679951585 0.06005573836996916 1.1726460715611213 
3 0.05012837614449953 2.6614277340333294 0.04018215885321762 4.389396248990215 0.06938939329022324 0.5011168421978958 0.060064351630177024 1.444561176385601 
1 0.050092755933358435 1.4403369558695442 0.040116213689349436 2.113480293222528 0.06938265785097986 0.0018361128662322142 0.06004501849076741 0.7732233763185585 
1 0.05009066986821496 1.3393361284426508 0.04011315290628807 1.9511543852474609 0.06938252323699459 0.0016195483755426488 0.060044069926189124 0.7263647549024137 
3 0.0501289689198244 2.681310437973232 0.04018294176337067 4.676330246604325 0.0693895274495617 0.505460502378282 0.06006469872629845 1.4996144543020589 
1 0.05008873615127039 1.1723584117024326 0.04010960227130307 2.0155610155720574 0.06938239892032302 0.0012219621443394972 0.06004320074877915 0.6837164329126294 
3 0.050132123793519015 2.767195535891684 0.04018843865432441 4.856908981434302 0.0693902664919765 0.5573375557501388 0.0600662749571132 1.5681871248018613 
1 0.05009362410983986 1.4546462850607491 0.04011823685917245 2.2918994112667064 0.06938272187548108 0.0018316910889970843 0.060045425876185374 0.7921199646761636 
4 0.05015455355048322 3.530050213041476 0.04022854559506156 6.117763784151839 0.06939640156294034 0.7705432716230585 0.0600799032016873 2.015903614521772 
3 0.05013117705548076 2.753931101447875 0.040187580721396436 4.416688329354111 0.06939005183357795 0.5212910270563869 0.06006578149116413 1.497161738249623 
4 0.05015348192099646 3.4959339022588147 0.040226681838219217 6.0584889047948405 0.06939609121515303 0.7619105118649022 0.0600792824289197 1.9953210966782382 
3 0.05013504516631926 2.9223538859342653 0.04019390730895252 4.983861342562745 0.06939097223703343 0.6101258425122452 0.06006820340648759 1.618695401857839 
3 0.05013381907692688 2.8237243564431393 0.04019143707293829 4.772640696851065 0.06939068590752673 0.5998605598241153 0.06006745062570965 1.5948546286304932 
3 0.050134371692885614 2.8420843364337243 0.0401928417244332 4.943634948664032 0.06939080176407572 0.6037337459602649 0.060067804271566314 1.6059892119858432 
4 0.05014819196731425 3.2222325484218763 0.04021713669222156 5.751584890855642 0.06939458340778851 0.7183240002563755 0.06007607404287672 1.888362923395843 
2 0.05011374396192394 2.213810657778531 0.04015519901731731 3.4876423467553423 0.06938600491868165 0.24590873674534305 0.06005607010765797 1.1804898632053509 
1 0.05009437266849669 1.5183931778863227 0.04011962203603857 2.3628922865417707 0.06938278875779307 0.0017769936948376856 0.06004573190008511 0.8069519775759127 
2 0.050110448779438696 2.0628392102048827 0.04014924724353281 3.4051521039767723 0.06938526682717558 0.2302980065075956 0.06005373592132074 1.12333849576904 
1 0.050087940333338264 1.1853077054295666 0.040107618122613806 1.819317457935583 0.06938232786181005 0.0011434248372642663 0.060042858053485415 0.6662508048340171 
1 0.050091383232826234 1.4152418707749257 0.04011379407861572 2.0999358312220777 0.069382567013217 0.0017247592152187011 0.06004438980308113 0.74328823670543 
3 0.05013220094158868 2.788177678645261 0.04018854457012295 4.820548769449493 0.06939028493591758 0.5577164974720741 0.060066399597856444 1.5632042212314043 
3 0.050128416795576114 2.66276214028048 0.04018222552955786 4.425973879558344 0.06938940145463876 0.5011892284877068 0.060064364107959414 1.500706655718838 
1 0.050089325636995585 1.3255651482795383 0.04011050476816751 1.8616295314392612 0.06938242697714207 0.001329799276541673 0.060043455544616285 0.6964544820588203 
4 0.050150436725791545 3.394769601138955 0.040221203073621245 5.882627323385912 0.06939522579475302 0.7367566493122156 0.06007744414756587 1.8795904547953968 
1 0.050092597208915624 1.4530063592658435 0.04011651850329134 2.3305065824390376 0.06938265236862906 0.001854297380022517 0.060044948477217364 0.7709328329983687 
3 0.0501330287814515 2.7974310278975056 0.04019020703876048 4.881056106310124 0.06939048796733924 0.5639901945099112 0.06006699539986733 1.532047325293817 
4 0.05015190137826818 3.4377991429125023 0.040223645603240966 5.959033994230047 0.06939561727262591 0.7479466742161491 0.06007827764099375 1.9604792950299141 
1 0.05009063738983101 1.3684834517108646 0.04011308579680281 1.8982752940944398 0.06938249363168301 0.0016181471321857818 0.060044036562819425 0.7266092672567711 
3 0.050132716042623204 2.805342747373074 0.040189450363788785 4.84027781528387 0.06939039991753855 0.5617321168094562 0.060066801175293894 1.5721862908074542 
4 0.05015084799927383 3.408092126751363 0.040221804600484225 5.869296816553655 0.0693953288505745 0.7398458785112249 0.06007770498152983 1.8331206970905582 
4 0.05015525188497483 3.5525722222653884 0.04022981017820769 6.158145853269661 0.06939658951232744 0.7761739191384407 0.06008027882642318 2.0296449441993536 
3 0.05013409832465041 2.8329384790091283 0.04019262982758966 4.921891076673245 0.06939076001515002 0.6019216538676198 0.06006763456452515 1.600327519087908 
3 0.0501304866364059 2.731833804856168 0.04018535029810123 4.7240550017453256 0.06938989307104468 0.5169961349354576 0.06006550124431083 1.5380737611200643 
1 0.0500870748447453 1.171543985557128 0.04010695008743892 2.050642235704528 0.0693823081724329 0.001175045245606381 0.06004247067621438 0.6474131415122304 
3 0.050132876491478795 2.810669740728637 0.04019006575177704 4.820758325004083 0.06939045869843448 0.5630821305247056 0.06006687536126991 1.529212367314544 
3 0.050128691629714416 2.671997577882846 0.040182332110417586 4.6943603102157825 0.06938946423334316 0.503239677865098 0.06006452498107967 1.450120139500212 
4 0.050152056721184037 3.4480493122991973 0.040224091448024676 5.976012334589834 0.0693956577582643 0.7497026976668637 0.06007841267381484 1.9657440337806449 
1 0.05009185027672046 1.4166952266288786 0.04011482911702052 2.1114958548915634 0.0693825826246032 0.0017085424590790918 0.06004459571196773 0.7533708463367879 
1 0.050090219547309155 1.3371594727610727 0.04011248722147365 2.0648892913295858 0.069382487250138 0.0016311878797546323 0.06004387916826326 0.7174553027352722 
1 0.05009354661700245 1.4562314427340604 0.04011832208258405 2.2015168157714142 0.06938271985400593 0.0018371504296963582 0.060045361111466765 0.7902761676324336 
3 0.050134928196904814 2.9184019704901205 0.040193374418966935 4.980843059151948 0.06939095459101322 0.6091494562835608 0.06006813315760615 1.6167914619096568 
3 0.050134451462110416 2.844721005263672 0.04019279315577813 4.947804505534309 0.06939083225732366 0.6050528283566853 0.06006782906683922 1.5604504386138929 
2 0.05011322429155163 2.1628393338036513 0.04015393248203939 3.449027898984384 0.06938588991195452 0.24346457550587627 0.060055697945659146 1.1712164432490342 
1 0.05008727578004153 1.2047404675094422 0.04010616665175074 1.7634476042183636 0.06938227917852434 0.0011644274889656963 0.06004256275884259 0.6505590084846004 
4 0.050149021916027346 3.3486531312667958 0.04021867301730094 5.800442827386736 0.06939483517850857 0.7254624337618756 0.06007659114098017 1.8531746035201784 
3 0.05013160651091866 2.768362615844702 0.04018744991829139 4.59816985899202 0.06939013905799155 0.5246539958328068 0.06006598706522698 1.5503656310978111 
1 0.050089249034987834 1.2474273985748066 0.04010991277283994 2.064926023493772 0.06938241280843453 0.0013379992527994984 0.060043415151967185 0.6953783189167095 
4 0.050149021916027346 3.3486531312667958 0.04021867301730094 5.800442827386736 0.06939483517850857 0.7254624337618756 0.06007659114098017 1.8531746035201784 
4 0.05014819196731425 3.2222325484218763 0.04021713669222156 5.751584890855642 0.06939458340778851 0.7183240002563755 0.06007607404287672 1.888362923395843 
3 0.05013259623128545 2.7829815104943565 0.04018913931048455 4.562680711572428 0.06939038249944937 0.5605405068896442 0.060066716379553506 1.5700828292372946 
4 0.05015145213593528 3.4279008043585777 0.0402230116856105 5.9407596088962 0.0693954957674671 0.7448406063417632 0.06007806629444616 1.9536614084192443 
2 0.05011077366005947 2.1237910711870644 0.040149700114814904 3.433468404898629 0.06938531685231078 0.23153421388280204 0.060053976641476034 1.0569184584778573 
4 0.05015005485860378 3.3816590735339576 0.04022047661148938 5.859421711706763 0.0693951117162614 0.7334847940249307 0.06007723255439999 1.9272856695106757 
1 0.050087518156673075 1.1401813972837613 0.04010741403150146 1.8919739119906869 0.06938234641684435 0.0011392006858487959 0.06004265362937598 0.657123403034179 
3 0.05013449121602931 2.865265147707154 0.040192569258817736 4.951104904806296 0.06939084564606926 0.6057065311930281 0.06006786462247906 1.6076248450744195 
4 0.05015084799927383 3.408092126751363 0.040221804600484225 5.869296816553655 0.0693953288505745 0.7398458785112249 0.06007770498152983 1.8331206970905582 
1 0.05009063738983101 1.3684834517108646 0.04011308579680281 1.8982752940944398 0.06938249363168301 0.0016181471321857818 0.060044036562819425 0.7266092672567711 
2 0.0501081787729436 1.9890826675158202 0.04014492876310523 3.34176021948103 0.06938485723059003 0.16052633291483404 0.06005248948265048 1.082003617298518 
3 0.05013023938463035 2.723729068340868 0.0401854488207994 4.650429513891962 0.06938983564521678 0.5149091057291477 0.06006532618457081 1.5334186430028485 
3 0.05013184516220701 2.7763020706790575 0.040187693668626505 4.802300740925412 0.0693901924742889 0.5267743871767481 0.060066155646743405 1.5553858584381328 
4 0.0501502794396669 3.3893076598011262 0.040220904076873586 5.870895940831071 0.0693951902928402 0.7355314547267408 0.06007734711959025 1.930600504903661 
2 0.05011230005793956 2.1726177672423987 0.04015236443680491 3.363768671486723 0.06938558910143947 0.23746581196748623 0.06005477268391729 1.1550627302115148 
3 0.05013117705548076 2.753931101447875 0.040187580721396436 4.416688329354111 0.06939005183357795 0.5212910270563869 0.06006578149116413 1.497161738249623 
2 0.050111154610727536 2.085284391667347 0.04015023963662799 3.2578511205682927 0.0693853911726617 0.23309982807497925 0.06005417174594925 1.0633149685304357 
3 0.05013231702351195 2.7921039994338424 0.0401889938746353 4.7042006058350525 0.06939031747136988 0.558523471840794 0.06006653856561628 1.5640239295791107 
1 0.05009008953780002 1.3234345696704257 0.04011248803459234 2.0214028242155067 0.069382495361865 0.0014978473078056435 0.060043808467317016 0.7143772737672442 
3 0.05013397874495288 2.8290007622695836 0.040191689561251034 4.877138389530457 0.0693907252308715 0.6011739775126179 0.06006755181436631 1.5512605401229393 
2 0.05011447251104282 2.23646059022062 0.04015678853872661 3.7366842146057238 0.06938616743976447 0.2491914251489215 0.06005650963184387 1.0954305410842085 
3 0.05012940304858573 2.6958757218100686 0.040183905761441416 4.6520497101899725 0.0693896326484423 0.508508809666045 0.06006490825729756 1.5081175523152983 
2 0.05011454973462701 2.20362233428853 0.04015637529995557 3.4930616861075534 0.06938617408903486 0.24953738055663477 0.06005667073947778 1.1559619608754388 
2 0.05010937508948532 2.0758516986509052 0.04014707061965564 3.0937698831152103 0.06938504413918255 0.22588285854648654 0.06005324094941189 1.103657301084208 
4 0.05015175932628446 3.4370713896392955 0.040223519071353714 5.9572610698806105 0.06939558528340611 0.7472143887451608 0.06007823389417703 1.9591601384034216 
3 0.050133898295410075 2.8263606441004985 0.04019148319735231 4.779586831711172 0.0693906979561893 0.6003674958694141 0.06006749846976374 1.596461955493869 
2 0.05011149904914387 2.0959061442615843 0.04015130097572123 3.2739276060280873 0.06938545435876768 0.2343383838252989 0.06005420861946346 1.0024256798271443 
2 0.050107272834148196 1.976854960432394 0.04014307234841476 3.2075915951389815 0.06938469039699882 0.1577556840957241 0.06005201196571554 1.0788111296464495 
3 0.05013453105985678 2.866557106752731 0.04019267775384439 4.863582904457532 0.06939085597762873 0.6057390841704079 0.06006792435499014 1.608092951211613 
4 0.05015051776329893 3.3973907292522227 0.040221341885696774 5.888425766105945 0.06939524045996655 0.7375065552069403 0.06007748997919145 1.8269001529881443 
4 0.050150926785112 3.410609732866528 0.040222068700717754 5.908538389633544 0.06939536015415196 0.740684620302606 0.0600777354893585 1.8888405999723155 
2 0.05010984120621966 2.0931485227981996 0.040147895281148614 3.3350446355041674 0.06938515399643909 0.22780337057869157 0.060053368375538395 1.1124001960934353 
1 0.05008866633188637 1.2242381613540672 0.04010889131642469 1.9330866413574512 0.06938239436327358 0.0011088865169285964 0.06004317817254763 0.6828617397114993 
1 0.050090219547309155 1.3371594727610727 0.04011248722147365 2.0648892913295858 0.069382487250138 0.0016311878797546323 0.06004387916826326 0.7174553027352722 
4 0.05015268561031131 3.468837755439876 0.04022557268048953 6.00730650562705 0.06939583330545133 0.7548017459317662 0.060078794559917326 1.9786533317627693 
1 0.050094305087205845 1.5024746479887794 0.040120052219375334 2.373973025519726 0.06938280985301477 0.0017796888317291638 0.06004570316999438 0.8065223451960104 
2 0.0501081787729436 1.9890826675158202 0.04014492876310523 3.34176021948103 0.06938485723059003 0.16052633291483404 0.06005248948265048 1.082003617298518 
2 0.05011411781875508 2.173214307243831 0.04015610803626779 3.477617184107738 0.06938608045721908 0.24759124397294272 0.060056326474433874 1.1867955823583813 
4 0.050152056721184037 3.4480493122991973 0.040224091448024676 5.976012334589834 0.0693956577582643 0.7497026976668637 0.06007841267381484 1.9657440337806449 
1 0.050094473678419224 1.5339470334294663 0.040119859346093766 2.356977304081628 0.06938281662242483 0.0017570079243692826 0.0600458038750495 0.8106452912736742 
2 0.050108407618722185 1.997364549802186 0.04014514586918276 3.253034856964772 0.06938489104455552 0.16119472657726772 0.060052703193838285 0.9598969212014803 
4 0.05015425988296716 3.5211108806040032 0.04022807965929615 6.103874925542222 0.06939630846631681 0.7681441049643466 0.060079734273851104 2.01051060941017 
4 0.050153927894606175 3.510609286077505 0.04022746500618529 6.086087519057173 0.06939623205710797 0.7658305458543924 0.06007951188383833 2.003583371713302 
2 0.050109924069488235 2.046786518793808 0.04014816283272086 3.374184390367737 0.06938516512161085 0.2281593896333562 0.060053491111886424 1.0758618739348293 
3 0.050130683810607556 2.738451312282636 0.040186036466917915 4.40541928605567 0.06938993664464457 0.5181238716991988 0.06006561399554698 1.5331812635399278 
2 0.05010809965880675 2.0343058068839395 0.040144551073920474 3.3690725429694703 0.06938482932391729 0.159979858501523 0.060052519241533986 1.0003729673541255 
4 0.050154472138155784 3.5274121831255947 0.0402284359856499 6.117145941227697 0.06939638321576909 0.7700466411417617 0.060079826984108575 2.014214842650694 
1 0.050093964651222976 1.4999208993054753 0.04011878808866051 2.2774385112920834 0.06938275402563207 0.0018041818193378508 0.06004556842507147 0.799601001038601 
3 0.05013255632063736 2.7816613671784136 0.04018864865954015 4.706930299940287 0.06939037003084371 0.5604359495001898 0.06006667683216562 1.5236086493676606 
2 0.05010920577389829 2.070828588995357 0.0401465485811683 3.3016756170828736 0.06938504135002918 0.20430380422768862 0.0600531411402014 1.1006243494671024 
1 0.050092146243062644 1.4192236510938627 0.040116137307266764 1.9689394177539448 0.06938260563099959 0.0017849909395828898 0.06004469796389704 0.75921822641898 
2 0.0501077085260397 1.9753118912874996 0.04014400775699433 3.167876061883367 0.06938475052421643 0.15875552085803257 0.06005225930168342 1.0878016504503534 
3 0.050132876491478795 2.810669740728637 0.04019006575177704 4.820758325004083 0.06939045869843448 0.5630821305247056 0.06006687536126991 1.529212367314544 
2 0.05011083094819261 2.1249124512241537 0.04014917028454298 3.163426700982683 0.06938533801026138 0.23185182684936842 0.06005397914059642 1.0216093342942343 
4 0.050153761890772516 3.505267996594816 0.04022718754062749 6.075663473331643 0.06939619412811786 0.7646838788946457 0.06007940508642736 2.0002230235111247 
1 0.0500870748447453 1.171543985557128 0.04010695008743892 2.050642235704528 0.0693823081724329 0.001175045245606381 0.06004247067621438 0.6474131415122304 
4 0.05015479738101406 3.538172460485094 0.04022897175388653 6.132020105401667 0.06939647672676828 0.7725576371989176 0.06008004597859805 2.0206583313135935 
1 0.05009329046697625 1.5099681495952069 0.040118061275342745 2.262423614876268 0.06938270363398602 0.0018667730403415569 0.06004525872707509 0.7846520357084514 
1 0.05009293609056026 1.5235112096231807 0.04011777890883554 2.294487916534288 0.06938269227537668 0.001857630258938254 0.06004510485172891 0.7783297282951358 
2 0.05011411781875508 2.173214307243831 0.04015610803626779 3.477617184107738 0.06938608045721908 0.24759124397294272 0.060056326474433874 1.1867955823583813 
4 0.05015425988296716 3.5211108806040032 0.04022807965929615 6.103874925542222 0.06939630846631681 0.7681441049643466 0.060079734273851104 2.01051060941017 
4 0.050152726437486764 3.470167843351547 0.04022526310708087 6.0134401557946005 0.06939585240582742 0.755308081083282 0.06007879855572583 1.9793479503678248 
2 0.05010718777964594 2.00403117303025 0.040142693663345684 3.0592575246331366 0.06938464878649332 0.15714589619008393 0.06005205574460419 1.0399021769097083 
3 0.050133508217403235 2.813285648255502 0.04019101385180967 4.848551853862134 0.06939060818491868 0.5971522303153495 0.06006725413555379 1.5878804297354996 
2 0.050112042977701866 2.1143741201150013 0.040151860061243716 3.278963285553794 0.06938555749150296 0.23652138526205393 0.06005453091982789 1.1527614680414646 
2 0.05011060935481335 2.117805348009861 0.04014959321025937 3.21974216718064 0.06938529536222036 0.23099095657358823 0.06005373843170566 1.1121131795759611 
3 0.05012759524071325 2.636452932090684 0.040179913636551955 4.4433328635865355 0.06938920237476752 0.49585307209063706 0.060063955623187046 1.4752523302032512 
3 0.050135565127696645 2.958904185669889 0.04019471275300289 5.016283515747107 0.06939109624739896 0.6147318966933731 0.060068488023152136 1.5881988584245395 
4 0.05014898496320365 3.346970555890529 0.04021859230208345 5.799247979170088 0.06939482579069299 0.725034011197946 0.06007658753923639 1.8526049717359077 
4 0.050147641930059515 3.3033624991679615 0.040216198453534704 5.722512217700853 0.06939445983809689 0.7142347098153838 0.06007576368590288 1.8777668985518297 
1 0.05009200459320299 1.3785487329585282 0.0401148161939714 2.255302881001259 0.06938259473967619 0.0018000395230258876 0.06004465944617151 0.7567942600777263 
3 0.05012804859493177 2.6513354615908753 0.040181888452214334 4.262780410000849 0.06938932247853691 0.49879011450716454 0.060064161442661544 1.491219345571037 
3 0.050135442569200585 2.954917961244469 0.04019434844583736 4.9148599489144384 0.0693910711894459 0.6135289368707615 0.060068463416646 1.626688037353648 
1 0.05009151341833455 1.440989271292682 0.04011542402838954 2.1160889634372775 0.0693825863244678 0.001741954132352351 0.06004441993523572 0.7450754491163707 
2 0.05010714814006878 1.9555392248505306 0.04014269885386268 3.0413788249910985 0.0693846639854569 0.1570466715018732 0.06005198516801295 1.0635445568503645 
1 0.05008927330686408 1.2284214879533852 0.040110382180210714 1.8185343098314661 0.06938241863729502 0.0013339687118309271 0.06004345399480153 0.696385491596519 
4 0.05015084799927383 3.408092126751363 0.040221804600484225 5.869296816553655 0.0693953288505745 0.7398458785112249 0.06007770498152983 1.8331206970905582 
1 0.050086929394678036 1.1168201522581982 0.0401060442311736 1.8751996357843541 0.06938226264519085 0.001189148624792906 0.06004240811202771 0.6443981113992935 
3 0.05013073657248727 2.739971799343298 0.04018588868532634 4.687249452413303 0.06938994336722823 0.5186888965775485 0.0600656149145201 1.5421467448353983 
1 0.05008984863569221 1.2576329941840618 0.04011114100034992 1.9660429645552409 0.06938245529850205 0.001487245509854516 0.060043711737120975 0.7089263524147731 
4 0.05014894104224964 3.345791430459858 0.04021851751483927 5.796118303278336 0.06939482327233645 0.7248163840257138 0.06007653188402053 1.9033628134207277 
1 0.05008953852320971 1.279276886652612 0.0401109215556385 2.116176911765313 0.06938242119105302 0.0013109342070371794 0.060043568170917015 0.701805582320012 
3 0.050128135636536196 2.6534085642085983 0.04018152932911171 4.585119481334322 0.06938932774240233 0.49925483678158783 0.06006420937292395 1.4401741792270264 
2 0.050111154610727536 2.085284391667347 0.04015023963662799 3.2578511205682927 0.0693853911726617 0.23309982807497925 0.06005417174594925 1.0633149685304357 
4 0.05014828708311571 3.324589233009024 0.040217350066793466 5.758189716117884 0.06939463914605679 0.7195019387601341 0.06007614834144186 1.8907368271835305 
4 0.0501502139666366 3.3869377874017346 0.040220747594594805 5.866652081732125 0.06939516975256603 0.7349526491859517 0.060077319607909165 1.8756218542607488 
3 0.0501298894872888 2.711947907397631 0.04018509678966721 4.353961589129387 0.06938974548274893 0.5120102083075148 0.060065102234943366 1.5261215019601493 
2 0.050107816381759776 2.0239726443355335 0.04014447844224499 3.2483328650511516 0.06938477280536609 0.15911217628527344 0.06005238846366499 1.0772433428913026 
4 0.05015132971738677 3.4239061889186586 0.04022280347084524 5.93342040585479 0.06939549326598016 0.7442408917214388 0.060077972741197784 1.89673221599095 
1 0.05008906339136817 1.1890080774989051 0.04010988318045822 1.8518542260564654 0.0693824320763883 0.0012958430524200944 0.060043389127311685 0.6919851663384382 
2 0.05011077366005947 2.1237910711870644 0.040149700114814904 3.433468404898629 0.06938531685231078 0.23153421388280204 0.060053976641476034 1.0569184584778573 
3 0.050134371692885614 2.8420843364337243 0.0401928417244332 4.943634948664032 0.06939080176407572 0.6037337459602649 0.060067804271566314 1.6059892119858432 
1 0.05009051418121711 1.3622482219080507 0.04011314666190486 2.0156808997285096 0.06938249711801685 0.0016273825019551499 0.06004402261093165 0.7240737635167656 
4 0.050148015522273284 3.3151769677866136 0.040216848778660094 5.741362208373234 0.06939456133230792 0.7172241475425185 0.06007597631142482 1.884971121287201 
1 0.05009021902495275 1.3122073865420094 0.04011239650097771 1.9014376208517743 0.0693824809398039 0.0014859386525544174 0.060043879825416556 0.7166813355608479 
1 0.05009103822485074 1.4131041230284338 0.04011374902524123 2.1061810237080723 0.06938253033861458 0.0017224521575919232 0.06004424976410546 0.7355430418116397 
2 0.050114518083965345 2.1673711435300733 0.04015647909354052 3.4528831053044042 0.06938616255484438 0.24926222058598588 0.060056555301868465 1.1933468382758456 
3 0.050132123793519015 2.767195535891684 0.04018843865432441 4.856908981434302 0.0693902664919765 0.5573375557501388 0.0600662749571132 1.5681871248018613 
2 0.05011467577906124 2.17321138559154 0.04015675627014083 3.5164885225125686 0.06938620788066927 0.2500437230928834 0.06005667904860623 1.1582093357627905 
2 0.050110519353622804 2.1339035193919225 0.040149470496508036 3.410025920286526 0.06938527941938097 0.2306339634552801 0.06005380056257328 1.0162699106398396 
4 0.05015557813649953 3.5631625627291172 0.04023037526204898 6.176933909697657 0.06939670337295534 0.7788266915072513 0.060080505950561434 2.0358381885427286 
3 0.05013441151941687 2.8434021680161385 0.04019228833146954 4.9492508422687145 0.0693908185661487 0.6048318830418944 0.060067805459825055 1.5593111671678062 
2 0.05010759744708669 2.015523109702118 0.040142703574407766 2.9328544978639077 0.06938471396740867 0.15819084768380193 0.06005237196582103 1.0547914424228815 
4 0.05015557813649953 3.5631625627291172 0.04023037526204898 6.176933909697657 0.06939670337295534 0.7788266915072513 0.060080505950561434 2.0358381885427286 
2 0.05010908136162314 2.0188222871455808 0.04014658435371417 3.4517764837953644 0.0693849958860149 0.2038976253926071 0.06005307324790674 1.0990330327367093 
3 0.05013019909350097 2.722397116674151 0.0401849006510984 4.702472525334136 0.06938982199419634 0.5146141745299765 0.06006534695965328 1.524486536492538 
4 0.0501509671634223 3.4119254651489777 0.040222150964852134 5.913025902153635 0.06939536244027943 0.740882750364863 0.06007776519020254 1.8898908081897616 
2 0.05010731232696599 2.0079084758073753 0.040143525636771586 3.047795483657646 0.06938471392148751 0.15760251999841396 0.060052112152292426 1.0511648778977618 
1 0.050089880529344086 1.3265850042557115 0.04011139398166336 2.090823767039514 0.06938246248241567 0.0014842115703427258 0.060043742655275525 0.7103213241857977 
3 0.050131017792776046 2.7486559018925627 0.04018658924371664 4.711025771156854 0.06939000158904698 0.52038708469113 0.0600657201500586 1.5465267590304141 
4 0.050150926785112 3.410609732866528 0.040222068700717754 5.908538389633544 0.06939536015415196 0.740684620302606 0.0600777354893585 1.8888405999723155 
4 0.050153281385014334 3.4893107098359386 0.04022633368893005 6.046961805151266 0.06939602003066009 0.7600681753773209 0.06007917106989995 1.9915111671328103 
2 0.05011487349715331 2.182768376128517 0.04015680736634645 3.510776686466559 0.06938624084302823 0.25080078533007766 0.06005676190995651 1.1622068986552139 
1 0.050093365025248006 1.4898861737246218 0.040117527519943505 2.206865516216254 0.06938271936830223 0.001858033691839727 0.06004527677075351 0.7856905842833506 
3 0.05013338743721905 2.8092676546879938 0.04019109568265295 4.791153422468838 0.06939058017570374 0.595925609794036 0.0600671760375062 1.5860737956750526 
3 0.05012904891808827 2.6839786271577792 0.040183294358863655 4.627608662067674 0.06938955741843653 0.5061273677338541 0.06006472170626788 1.5016537477699357 
3 0.05013160651091866 2.768362615844702 0.04018744991829139 4.59816985899202 0.06939013905799155 0.5246539958328068 0.06006598706522698 1.5503656310978111 
1 0.05009345861341996 1.46401517292361 0.040118099635607106 2.0575992595757517 0.06938272099841354 0.0018444661104358763 0.06004532479699613 0.7892956177999653 
2 0.050113794687171406 2.215098723514714 0.04015468979061545 3.48268012108545 0.06938598828089895 0.24598560798516092 0.060056028626533295 1.122315393114232 
4 0.05015150768862862 3.4289387777529567 0.04022307345038277 5.942438063535236 0.0693955330670997 0.7453932773494607 0.06007807811283383 1.8994622871330276 
3 0.0501321644522147 2.7685345156873375 0.040188783497993964 4.756602815922262 0.0693902785982405 0.5576191787394624 0.06006630427959392 1.5687501274168123 
3 0.05013508369385773 2.9235861484923675 0.040193600255722085 4.985505926116344 0.0693909952461462 0.6106412160373046 0.06006823785732529 1.6194571432514795 
2 0.05011395353023316 2.167994631740738 0.04015563437322063 3.499539661117717 0.0693860444593039 0.2467998523419465 0.060056211768613275 1.1840542539996508 
1 0.0500886126663039 1.202536764288213 0.040110102825072484 2.0189128361357787 0.06938238704055717 0.0011158969312503992 0.060043158998436055 0.6814591283270942 
3 0.05013346722984452 2.8119461257254548 0.04019077878923039 4.8474234201168445 0.06939059624098629 0.5968728041070482 0.06006721556064375 1.5475714836143328 
1 0.05009338827775658 1.5419372011286547 0.04011804528762666 2.225265422936365 0.0693827251496452 0.0018493450806712907 0.060045298625942864 0.7884054071324185 
2 0.050113982891551515 2.2561321342988343 0.04015564497248122 3.439453244408071 0.06938604878294237 0.2469579067642028 0.060056240828306004 1.1252884515043962 
3 0.05013196459560171 2.761918123842183 0.04018758360435386 4.835252100878616 0.06939023195687903 0.5276130406318789 0.06006620363550904 1.557909291815195 
1 0.050086941197242385 1.1635234879960727 0.04010624249993598 1.8643078532566508 0.06938228792408768 0.0011930024683859668 0.060042393995158184 0.6437943856273697 
1 0.05009008953780002 1.3234345696704257 0.04011248803459234 2.0214028242155067 0.069382495361865 0.0014978473078056435 0.060043808467317016 0.7143772737672442 
4 0.05015316193820155 3.4855650583119613 0.04022609369020222 6.03991817007257 0.06939602817648219 0.7596664322274467 0.06007908152825532 1.9883621011201833 
1 0.050090965073116646 1.3362670793636025 0.04011355586033356 2.1401186534862724 0.06938254434386533 0.001623896178017077 0.06004418701493691 0.7334033860801769 
2 0.05011221929496521 2.1201033847106636 0.04015173608701911 3.3299173562450393 0.06938558287934414 0.23712272040988291 0.06005477501036673 1.1539089407512548 
2 0.05011139449196854 2.144035168191322 0.0401510758018618 3.2200757333610652 0.06938543363991019 0.23396239701165894 0.060054239339171346 1.0538650732679122 
4 0.05015537655838859 3.5565258051163324 0.04023000810312573 6.166546379953433 0.0693966360950637 0.7771287724620815 0.06008037807833946 2.0318655381265764 
2 0.05011454973462701 2.20362233428853 0.04015637529995557 3.4930616861075534 0.06938617408903486 0.24953738055663477 0.06005667073947778 1.1559619608754388 
4 0.05014912938499796 3.3527321681442595 0.040218856452372574 5.8085258455703395 0.06939488421360004 0.7264575889627791 0.06007667460527426 1.907629022473951 
4 0.0501543125131393 3.5220840019152826 0.04022815905674907 6.105741994691902 0.06939634352544931 0.7686068293179231 0.06007977141215411 2.0111985317492675 
1 0.050087940333338264 1.1853077054295666 0.040107618122613806 1.819317457935583 0.06938232786181005 0.0011434248372642663 0.060042858053485415 0.6662508048340171 
2 0.050114259477854674 2.1770991592964646 0.04015605524458203 3.4434949886725095 0.06938611510079333 0.24815669654779407 0.06005640413382081 1.1888847935439677 
4 0.05015475538363427 3.536518522046896 0.04022894264857326 6.13159246841975 0.06939645402727836 0.7720551535420299 0.06008002629415841 2.0200850423987995 
2 0.05011083094819261 2.1249124512241537 0.04014917028454298 3.163426700982683 0.06938533801026138 0.23185182684936842 0.06005397914059642 1.0216093342942343 
4 0.050148121621158025 3.319453083370793 0.04021705444700825 5.750909424637355 0.06939458945462837 0.7182352114663346 0.06007604320757345 1.888656421830887 
4 0.050153927894606175 3.510609286077505 0.04022746500618529 6.086087519057173 0.06939623205710797 0.7658305458543924 0.06007951188383833 2.003583371713302 
3 0.05013496825900614 2.9198070526629065 0.04019341667577762 4.982764520885017 0.06939095235311776 0.6095388977175575 0.060068140702439 1.623304735106064 
3 0.05013019909350097 2.722397116674151 0.0401849006510984 4.702472525334136 0.06938982199419634 0.5146141745299765 0.06006534695965328 1.524486536492538 
2 0.050114518083965345 2.1673711435300733 0.04015647909354052 3.4528831053044042 0.06938616255484438 0.24926222058598588 0.060056555301868465 1.1933468382758456 
4 0.05014975081999977 3.3723489630197263 0.04021998121482202 5.842209629707262 0.06939504255673665 0.7314869182592107 0.06007697902692773 1.9195117896749063 
2 0.05011322429155163 2.1628393338036513 0.04015393248203939 3.449027898984384 0.06938588991195452 0.24346457550587627 0.060055697945659146 1.1712164432490342 
4 0.050151120052049504 3.412790411157186 0.04022226846365712 5.91543062084642 0.06939540348503372 0.7417852048459244 0.06007780584566641 1.836167916628898 
4 0.05015379778103003 3.5068380181223717 0.04022724623238583 6.079279813662022 0.06939617919348272 0.7645245703858896 0.06007947316379193 2.0017262687421247 
1 0.050090762481462305 1.3714448448045016 0.040113551826654034 2.012480760758701 0.06938253273896393 0.0016048893501646882 0.06004413592147848 0.7299708936231293 
2 0.05011279870265708 2.120034283558774 0.04015342253392508 3.3372550827991914 0.0693856949410726 0.23949341773615157 0.06005499953907985 1.1663539670016145 
1 0.050087713050516645 1.2207848931860823 0.04010828289679254 1.9393093869784974 0.06938233618864223 0.001160191358409447 0.06004277015249039 0.6617286619572026 
4 0.0501512887783274 3.4225199470550587 0.04022270877795997 5.928960554907263 0.06939547594401502 0.743741484986098 0.06007795484313747 1.8407508167361981 
1 0.050087518156673075 1.1401813972837613 0.04010741403150146 1.8919739119906869 0.06938234641684435 0.0011392006858487959 0.06004265362937598 0.657123403034179 
4 0.050152318761961814 3.4552702363487753 0.040224552452412785 5.98679070103032 0.06939578196411696 0.7521995172870553 0.060078540327722973 1.915006044367923 
3 0.05013092502702106 2.746426689436916 0.040186342198415485 4.793002657084315 0.06938999654736713 0.5202374241354539 0.06006575833109727 1.4936425253379948 
1 0.05008927330686408 1.2284214879533852 0.040110382180210714 1.8185343098314661 0.06938241863729502 0.0013339687118309271 0.06004345399480153 0.696385491596519 
3 0.05013477015064447 2.893749946998494 0.04019312330928621 4.872178392110227 0.06939092512337697 0.6081340635353047 0.06006803453200249 1.6189674475215061 
2 0.050110741315808324 2.122112826067738 0.04014961165308181 3.2366614490984285 0.06938531503322912 0.2315122104293636 0.0600539294649096 1.055569869123938 
1 0.050087416222260706 1.1634403989968707 0.04010712793567272 1.869733812160467 0.0693823243383597 0.0011467313805878423 0.060042644538601087 0.6560512672154034 
2 0.05010897113805649 2.062378290996322 0.040145868854130046 3.193370913356225 0.06938498249707227 0.18315782897990593 0.060052914993529105 1.0963217255323534 
3 0.05012881217317795 2.6760171809856983 0.04018293203395802 4.391128573236533 0.06938949646779606 0.5040560634787199 0.06006458861538565 1.4533955222655826 
2 0.05010828994876195 2.0408197214229316 0.040144997577599456 3.2831117757647568 0.06938485930724263 0.16082197689647515 0.060052588009075814 1.0160538294480583 
3 0.050130683810607556 2.738451312282636 0.040186036466917915 4.40541928605567 0.06938993664464457 0.5181238716991988 0.06006561399554698 1.5331812635399278 
2 0.05010718777964594 2.00403117303025 0.040142693663345684 3.0592575246331366 0.06938464878649332 0.15714589619008393 0.06005205574460419 1.0399021769097083 
3 0.05013160651091866 2.768362615844702 0.04018744991829139 4.59816985899202 0.06939013905799155 0.5246539958328068 0.06006598706522698 1.5503656310978111 
4 0.05015069296365565 3.4023930038236414 0.040221720674391684 5.8938974549346685 0.06939529324267033 0.7387110288701603 0.060077589457824335 1.8842500234800084 
1 0.050091383232826234 1.4152418707749257 0.04011379407861572 2.0999358312220777 0.069382567013217 0.0017247592152187011 0.06004438980308113 0.74328823670543 
2 0.0501081787729436 1.9890826675158202 0.04014492876310523 3.34176021948103 0.06938485723059003 0.16052633291483404 0.06005248948265048 1.082003617298518 
2 0.0501085163588751 2.000267754681688 0.040145322262414365 3.457954837931685 0.06938490737174634 0.16150545114277445 0.060052765031484115 0.9465784877627759 
1 0.050093818189064554 1.5127669145583793 0.040119051546748316 2.1564923943377567 0.06938276231718145 0.0018147102218154347 0.06004545017573905 0.7962340591687648 
1 0.05008866633188637 1.2242381613540672 0.04010889131642469 1.9330866413574512 0.06938239436327358 0.0011088865169285964 0.06004317817254763 0.6828617397114993 
3 0.0501304866364059 2.731833804856168 0.04018535029810123 4.7240550017453256 0.06938989307104468 0.5169961349354576 0.06006550124431083 1.5380737611200643 
3 0.05013413853717001 2.834256916870552 0.04019212457931162 4.745888056842946 0.06939075929957708 0.6027662815063859 0.060067612765488734 1.6010259523345565 
2 0.05011547148681318 2.2958236546185864 0.04015867994584451 3.736445665144352 0.06938638355625656 0.2535362474095729 0.06005717169358289 1.2094055030613409 
1 0.050092560284954665 1.4061049244795736 0.04011614595545042 2.1761984783114583 0.06938263717843077 0.0018561006397942348 0.06004491272293601 0.7697187982047848 
3 0.05013267534407602 2.7856284173507033 0.04018933136812074 4.705775146511395 0.06939040314858343 0.5613982974699873 0.06006675568170912 1.5715359019540003 
1 0.05008951149633911 1.277813401540358 0.0401111290113413 1.9634022642311098 0.06938244674364545 0.0013146459419184854 0.060043515764402464 0.700533490716385 
2 0.050114259477854674 2.1770991592964646 0.04015605524458203 3.4434949886725095 0.06938611510079333 0.24815669654779407 0.06005640413382081 1.1888847935439677 
4 0.050148479578345374 3.331502914972716 0.04021770163153846 5.770767166009259 0.06939467682734377 0.7212061542786229 0.06007625189517157 1.8433673357309452 
4 0.050150623496106904 3.3076457188363717 0.040221462034458616 5.890777568214558 0.06939525536442068 0.7379921817906037 0.06007754183987235 1.828887363275634 
4 0.05015209744666962 3.4493683137671773 0.04022417514688041 5.97827400466149 0.06939568232137641 0.7501110754364566 0.0600784463229603 1.9664487422266688 
3 0.050127760223498595 2.6418617188639035 0.040180497368811366 4.56347100786868 0.06938922011682112 0.49687788267873667 0.06006403959786004 1.4862067147036353 
4 0.05015389210093605 3.509400593191124 0.040227377068945566 6.081891093759419 0.06939619426338738 0.7650837292191934 0.06007952137053059 2.0031731335254648 
1 0.05008733057510312 1.1691503845330762 0.04010715871355103 1.8695824961161862 0.06938231952989646 0.0011518767688235637 0.06004260751469137 0.6534962050001479 
2 0.05011155742922212 2.0981872400829062 0.04015103611545894 3.2078835716249876 0.06938546916619431 0.23453326566662472 0.060054268916219636 0.9915540025873273 
1 0.050090738991013725 1.4056050271579141 0.04011315585073213 2.0304259601124666 0.06938253434627747 0.0016077968967470736 0.060044105221219835 0.7293075110262264 
2 0.05011065424283702 2.119041558360963 0.04014935980460959 3.2320126325231016 0.06938530870432826 0.2312151005737685 0.06005378246908477 1.0062709430892833 
3 0.050133228067627225 2.8224479915621523 0.04019135689478649 4.676894394603296 0.06939054612378621 0.5655951680390466 0.06006711741792072 1.582013705509595 
3 0.05013267534407602 2.7856284173507033 0.04018933136812074 4.705775146511395 0.06939040314858343 0.5613982974699873 0.06006675568170912 1.5715359019540003 
2 0.05010731232696599 2.0079084758073753 0.040143525636771586 3.047795483657646 0.06938471392148751 0.15760251999841396 0.060052112152292426 1.0511648778977618 
2 0.050114374749358356 2.163250200274706 0.04015609252761382 3.6076916588304813 0.06938613737909083 0.24868070704721226 0.06005639634534075 1.1519663933430875 
4 0.05015296697959522 3.4783873630869273 0.04022574829170712 6.028352178256749 0.06939595068198733 0.7577166040070444 0.06007897930427812 1.9848601469324105 
4 0.050150314676154405 3.3908286033116126 0.040221050938165255 5.75300084857805 0.06939518854540827 0.7357792128120477 0.06007736586799288 1.8772505004032012 
2 0.05011065424283702 2.119041558360963 0.04014935980460959 3.2320126325231016 0.06938530870432826 0.2312151005737685 0.06005378246908477 1.0062709430892833 
2 0.05011519211913649 2.2138943694111495 0.04015825879999683 3.607248215850909 0.06938632596919223 0.2523340212305419 0.06005703159024014 1.166953309885011 
1 0.050092146243062644 1.4192236510938627 0.040116137307266764 1.9689394177539448 0.06938260563099959 0.0017849909395828898 0.06004469796389704 0.75921822641898 
2 0.0501091641982187 2.021467635652037 0.04014652461595149 3.0938991101518227 0.06938501568269186 0.20405521924686126 0.060053001536299576 1.0998629951328378 
1 0.050088778820787626 1.1928245620049727 0.04010971148292913 1.7908685484843616 0.06938240121102739 0.0013222551400661727 0.06004324432942898 0.6851846229404097 
4 0.05015479738101406 3.538172460485094 0.04022897175388653 6.132020105401667 0.06939647672676828 0.7725576371989176 0.06008004597859805 2.0206583313135935 
2 0.050109745145941284 2.0404701437775423 0.04014807410423695 3.209814174936973 0.06938513601515937 0.22752324674408303 0.060053282612319535 0.9750174781214305 
4 0.050152318761961814 3.4552702363487753 0.040224552452412785 5.98679070103032 0.06939578196411696 0.7521995172870553 0.060078540327722973 1.915006044367923 
1 0.05009030584668141 1.37542991709884 0.040113016031695994 2.123524325055212 0.06938250568294722 0.0015093293712235135 0.060043883597296545 0.7184467405893719 
2 0.050113140456473325 2.16054896311256 0.040154003609290556 3.4347102737547823 0.06938587162899179 0.24325184606886552 0.06005572769104266 1.1699060675526805 
1 0.050087728697994695 1.219380725779541 0.04010729232662216 1.8633493072170553 0.06938234695063006 0.0011566520167088433 0.06004274426517832 0.6621891658363859 
2 0.05011203930635298 2.1449902350837875 0.040151958383066275 3.2601346638489916 0.0693855423972169 0.23620073347449058 0.06005454673993864 1.151433986602801 
1 0.05008698590599479 1.150367251675815 0.04010656728259391 1.904913911002852 0.0693823013154454 0.0011854254729077994 0.060042441599869066 0.6452904043312201 
1 0.05009012532238601 1.3490447636073104 0.040112301047677865 2.019761989386623 0.06938249826757892 0.0014894079143589942 0.060043819262774176 0.7153865889129755 
3 0.05013113719931611 2.7525984727491193 0.04018658992251241 4.755672165224162 0.06939003203174418 0.5211707234091715 0.06006579225790302 1.5040272150223104 
2 0.05011255096115859 2.1303331754128636 0.04015272666609985 3.214528402643127 0.06938565334946054 0.23847859196700325 0.06005490419477294 1.1599348367064743 
1 0.05009338827775658 1.5419372011286547 0.04011804528762666 2.225265422936365 0.0693827251496452 0.0018493450806712907 0.060045298625942864 0.7884054071324185 
3 0.05013338743721905 2.8092676546879938 0.04019109568265295 4.791153422468838 0.06939058017570374 0.595925609794036 0.0600671760375062 1.5860737956750526 
3 0.05013516335299563 2.945592862705184 0.04019372721252146 4.991968968564376 0.06939100682069192 0.611300794376707 0.06006828118213943 1.6271877971104203 
4 0.05015356334942571 3.498575340729926 0.04022681454510265 6.062632979928158 0.0693961399805629 0.7627906930013101 0.06007934414996703 1.9966529156861363 
2 0.050108147999417076 2.034852039264481 0.04014433216721094 3.156207139133497 0.06938484014460626 0.1603659745008068 0.06005252015887812 1.0812442168391332 
2 0.050113105847252884 2.141766006973678 0.04015382624132596 3.4166133336220326 0.06938586222269241 0.24276071764584878 0.06005559512810368 1.168596018574616 
1 0.050092369551425306 1.4347166487731697 0.040115707525727705 2.1519113698109322 0.06938259414778668 0.0018732831954511153 0.06004479308488471 0.7636536259864218 
4 0.05015348192099646 3.4959339022588147 0.040226681838219217 6.0584889047948405 0.06939609121515303 0.7619105118649022 0.0600792824289197 1.9953210966782382 
4 0.050153850570455086 3.50806622518922 0.040227315664833195 6.0813015696552775 0.06939617237659296 0.7646462432247465 0.06007949642586767 2.0026800376764076 
2 0.0501143273270947 2.249384610499308 0.04015630933292428 3.7226687814363175 0.06938613276386049 0.24840832679563274 0.06005645983210267 1.1905175625509714 
3 0.05013373952807661 2.8210683809849613 0.04019143954310824 4.861750364311573 0.06939067074733934 0.5993060768412357 0.06006741936666511 1.5926369326206296 
3 0.05012804859493177 2.6513354615908753 0.040181888452214334 4.262780410000849 0.06938932247853691 0.49879011450716454 0.060064161442661544 1.491219345571037 
3 0.050128691629714416 2.671997577882846 0.040182332110417586 4.6943603102157825 0.06938946423334316 0.503239677865098 0.06006452498107967 1.450120139500212 
2 0.050113655104727296 2.1936280800571124 0.04015519149699892 3.4676086190117004 0.06938599041812657 0.24531677031802754 0.06005599587375606 1.1398232382575169 
4 0.05015352373577442 3.4972564853749626 0.040226761024404444 6.0612336307390775 0.06939610311099247 0.7622612786698378 0.06007930224575777 1.996115571131169 
1 0.05009317946270455 1.4719143785220807 0.04011709101806117 2.2656097705656064 0.06938268918672791 0.0018673508251402606 0.06004518967441395 0.7829348411035131 
2 0.05011126891747306 2.121654292186622 0.040150630136844 3.2599622552532552 0.06938541517727546 0.23362512034088295 0.060054215871232296 1.1371468022782245 
2 0.05010899612095239 2.0819970572839663 0.04014597251345375 3.186165652772144 0.06938498952453467 0.18325199127271893 0.060053014572653385 1.0972965178158764 
3 0.05013409832465041 2.8329384790091283 0.04019262982758966 4.921891076673245 0.06939076001515002 0.6019216538676198 0.06006763456452515 1.600327519087908 
1 0.05009116074737578 1.3584226338891716 0.04011349607709214 2.0976427678929133 0.0693825459941337 0.0016415094619194655 0.06004425927168104 0.7367187104479272 
2 0.05011407870930158 2.189447076243054 0.04015574188890497 3.535384328878739 0.0693860709006617 0.24735946830320218 0.06005624780088904 1.1651276920411078 
2 0.05011056760425373 2.1168068053283653 0.040149152313180336 3.3643372266752656 0.0693852820811248 0.23083666871307568 0.06005378627753287 1.1260180357021405 
4 0.050153963963001945 3.512133566707572 0.04022780022832616 6.082882709695676 0.06939622997476062 0.7660012438754965 0.06007953670766033 2.004754140411635 
1 0.050087728697994695 1.219380725779541 0.04010729232662216 1.8633493072170553 0.06938234695063006 0.0011566520167088433 0.06004274426517832 0.6621891658363859 
1 0.05008806867187517 1.2301776433994904 0.040108646562758914 1.9068708768715852 0.06938235670192136 0.0011258101127035584 0.060042943687848516 0.6699246635424296 
4 0.05014975081999977 3.3723489630197263 0.04021998121482202 5.842209629707262 0.06939504255673665 0.7314869182592107 0.06007697902692773 1.9195117896749063 
4 0.05014857338017611 3.3338340067635137 0.040217851012857596 5.775074517588789 0.06939467681742265 0.7214761287828237 0.06007634563718893 1.8983030372779044 
4 0.050153441278458645 3.4946143525505553 0.04022660526921519 6.05616922665011 0.06939607996561732 0.7615863284001188 0.060079255241586485 1.9945051337760797 
2 0.0501145903594987 2.2234728032892166 0.040157183802659424 3.5566683960190404 0.06938620266285447 0.2498176155665906 0.06005665672480648 1.1193692285687136 
2 0.05011547148681318 2.2958236546185864 0.04015867994584451 3.736445665144352 0.06938638355625656 0.2535362474095729 0.06005717169358289 1.2094055030613409 
3 0.05013267534407602 2.7856284173507033 0.04018933136812074 4.705775146511395 0.06939040314858343 0.5613982974699873 0.06006675568170912 1.5715359019540003 
3 0.0501289689198244 2.681310437973232 0.04018294176337067 4.676330246604325 0.0693895274495617 0.505460502378282 0.06006469872629845 1.4996144543020589 
3 0.050135565127696645 2.958904185669889 0.04019471275300289 5.016283515747107 0.06939109624739896 0.6147318966933731 0.060068488023152136 1.5881988584245395 
4 0.05015451284161482 3.528727974090787 0.04022846592916743 6.115743102881896 0.06939637204388763 0.7700120782338773 0.06007988435776969 2.015250310799859 
1 0.050089325636995585 1.3255651482795383 0.04011050476816751 1.8616295314392612 0.06938242697714207 0.001329799276541673 0.060043455544616285 0.6964544820588203 
4 0.050148728984003896 3.3395281599005933 0.04021813841349746 5.7853318623916445 0.0693947546968218 0.7230875391757839 0.06007642180867283 1.9004964066983319 
2 0.050112980586973555 2.137902526045503 0.0401538034290758 3.590506506772143 0.06938582157418718 0.24207579431271084 0.0600554111132254 1.073005422449998 
4 0.050148060572370076 3.316348283584799 0.04021696121898358 5.746173502629037 0.06939457144786951 0.7174727370142963 0.060076006653305 1.8859954499062106 
4 0.050153761890772516 3.505267996594816 0.04022718754062749 6.075663473331643 0.06939619412811786 0.7646838788946457 0.06007940508642736 2.0002230235111247 
3 0.050128623510707127 2.6695551349026316 0.04018293946724844 4.339173738173454 0.06938944080135086 0.502502574412186 0.060064432092311784 1.4932075009719785 
1 0.05009075410185193 1.3285666154300657 0.04011303158289457 2.105347200154666 0.06938252708743214 0.001612804764995457 0.060044078762978036 0.7287065710036813 
4 0.05015557813649953 3.5631625627291172 0.04023037526204898 6.176933909697657 0.06939670337295534 0.7788266915072513 0.060080505950561434 2.0358381885427286 
4 0.05015455355048322 3.530050213041476 0.04022854559506156 6.117763784151839 0.06939640156294034 0.7705432716230585 0.0600799032016873 2.015903614521772 
3 0.05012952287182907 2.6998433766934684 0.04018370924875077 4.66443784721718 0.06938966026464322 0.5095109977493596 0.060064989510204427 1.4669500255402084 
2 0.05011149904914387 2.0959061442615843 0.04015130097572123 3.2739276060280873 0.06938545435876768 0.2343383838252989 0.06005420861946346 1.0024256798271443 
4 0.05015548583368552 3.560782137023941 0.04023023360341779 6.173579729154339 0.06939665036377254 0.7779690270226152 0.06008045244975914 2.0345252022048492 
4 0.05015425988296716 3.5211108806040032 0.04022807965929615 6.103874925542222 0.06939630846631681 0.7681441049643466 0.060079734273851104 2.01051060941017 
1 0.050087262811223 1.1853152969629213 0.04010674242227779 1.829676333394639 0.0693822991537333 0.0011580910818595796 0.06004257411674578 0.6515849359077243 
4 0.05015519943892478 3.5515371340457014 0.040229732642796466 6.031787443055731 0.0693965847121174 0.7759072716019219 0.06008025526624844 2.028651228935857 
3 0.0501321644522147 2.7685345156873375 0.040188783497993964 4.756602815922262 0.0693902785982405 0.5576191787394624 0.06006630427959392 1.5687501274168123 
4 0.050152762988155374 3.4718562855639243 0.04022539107397827 6.016261444704753 0.06939588868658284 0.7560404821320351 0.06007886743273087 1.9808640668051052 
1 0.05009333643263374 1.476441082219338 0.04011864189930869 2.2896950014150654 0.06938271192684815 0.0018530259994198606 0.06004530001505235 0.7857647435552396 
1 0.05009354661700245 1.4562314427340604 0.04011832208258405 2.2015168157714142 0.06938271985400593 0.0018371504296963582 0.060045361111466765 0.7902761676324336 
4 0.05014809098224349 3.3178403589989216 0.04021699048414304 5.746473974051732 0.06939458449003726 0.7178569352801624 0.060076042833530505 1.8879833136446336 
2 0.050114374749358356 2.163250200274706 0.04015609252761382 3.6076916588304813 0.06938613737909083 0.24868070704721226 0.06005639634534075 1.1519663933430875 
3 0.05013251644388643 2.780345424318109 0.04018993365146619 4.491238112506354 0.06939037965142783 0.5601463453613874 0.06006667031060634 1.5223030701630833 
3 0.05013247662461038 2.7790199320396507 0.040188901473285694 4.657708594055649 0.06939035329148574 0.5598445659945424 0.06006661880418625 1.567625943948777 
3 0.05012964297456415 2.704536898411375 0.0401841531423988 4.530365192945264 0.06938969101174913 0.5106435684814209 0.06006503414201726 1.5141243808656375 
1 0.05008911844517141 1.1759296987772652 0.0401102195532914 1.8576776161830728 0.06938241526140841 0.0013453777145267993 0.06004337295721759 0.6927292889004882 
2 0.05010809965880675 2.0343058068839395 0.040144551073920474 3.3690725429694703 0.06938482932391729 0.159979858501523 0.060052519241533986 1.0003729673541255 
2 0.05011301724528715 2.208110517576197 0.04015393053839987 3.41420414000822 0.06938583355576425 0.24215257979846477 0.06005551931895016 1.167518758912029 
3 0.05013079150503082 2.7422114276551683 0.04018679249192744 4.408807970646317 0.0693899702596748 0.518835531526985 0.06006560960746885 1.535850172096413 
3 0.0501304866364059 2.731833804856168 0.04018535029810123 4.7240550017453256 0.06938989307104468 0.5169961349354576 0.06006550124431083 1.5380737611200643 
4 0.050154230323463514 3.51949906649435 0.04022799998487337 6.100353677532369 0.06939633339508784 0.7681455510629165 0.060079710454276715 2.0093407511068087 
1 0.050088820416039036 1.2070773534290224 0.04010996622833342 1.9639733769688472 0.06938239062397566 0.0013690739495717716 0.06004323578804892 0.6860451837226836 
3 0.05012964258778111 2.7038462901127644 0.040184393470600537 4.666661356718931 0.0693896959618607 0.5106105688892901 0.060065042617318286 1.513629651858034 
3 0.050127882366600915 2.645875102484227 0.040180932546068096 4.449449133099191 0.06938927481399583 0.4977255528624571 0.060064083292878725 1.4450040921453373 
4 0.0501502139666366 3.3869377874017346 0.040220747594594805 5.866652081732125 0.06939516975256603 0.7349526491859517 0.060077319607909165 1.8756218542607488 
3 0.050132716042623204 2.805342747373074 0.040189450363788785 4.84027781528387 0.06939039991753855 0.5617321168094562 0.060066801175293894 1.5721862908074542 
3 0.050134809455530484 2.8951201326116447 0.040193267640615454 5.046840541066192 0.06939091679137165 0.608251740282783 0.0600680464151533 1.5671806346834087 
2 0.05011036048881694 2.0606764522759824 0.040148741214215494 3.2192118187407153 0.0693852529575747 0.23001895364241473 0.06005374893578678 1.0138788468020947 
1 0.05009333643263374 1.476441082219338 0.04011864189930869 2.2896950014150654 0.06938271192684815 0.0018530259994198606 0.06004530001505235 0.7857647435552396 
2 0.0501072338213772 2.005291508521304 0.04014318999997339 3.1710061519354378 0.06938467950117029 0.15727051826397329 0.06005201718318816 1.0651967194421048 
2 0.050110741315808324 2.122112826067738 0.04014961165308181 3.2366614490984285 0.06938531503322912 0.2315122104293636 0.0600539294649096 1.055569869123938 
2 0.05011221929496521 2.1201033847106636 0.04015173608701911 3.3299173562450393 0.06938558287934414 0.23712272040988291 0.06005477501036673 1.1539089407512548 
2 0.05010953820512888 2.0818526760660774 0.04014678744790283 3.2272642379820717 0.06938509007719743 0.2264626910977714 0.060053229298419775 1.1068706043070882 
3 0.050132909110862836 2.793465582979048 0.040189876305099854 4.900404167631318 0.06939046958798313 0.5636504214960202 0.060066905772987234 1.5370907649051384 
3 0.050129482867291256 2.6985292195311947 0.04018396262601352 4.653199332034329 0.06938965648997145 0.509247881316967 0.06006493948442151 1.5185708272284162 
3 0.05012892897020669 2.6799630632204954 0.040183405128059776 4.305652853090436 0.06938952987025407 0.5050974366254412 0.060064648900159855 1.4994160078479546 
2 0.05010974294460544 2.0405373495066987 0.04014796466780598 3.363455144853171 0.06938512966670758 0.22736068469990434 0.06005337531128567 1.0022790355658184 
1 0.05008840529758111 1.2760611946771676 0.040108114656398686 1.87810005775655 0.06938235660455887 0.0011059696481611153 0.06004304179008282 0.6756646790463735 
1 0.05009063738983101 1.3684834517108646 0.04011308579680281 1.8982752940944398 0.06938249363168301 0.0016181471321857818 0.060044036562819425 0.7266092672567711 
1 0.050093818189064554 1.5127669145583793 0.040119051546748316 2.1564923943377567 0.06938276231718145 0.0018147102218154347 0.06004545017573905 0.7962340591687648 
1 0.05008857547450367 1.2359091516755287 0.04010935034723741 1.8555722655554594 0.06938239545900667 0.0011179362158474325 0.06004311620950724 0.6802906492558032 
2 0.05010785222983677 2.0261938409053197 0.04014461065955847 3.214385988022245 0.06938479720613669 0.1592186780339625 0.06005238470027404 1.0117066564226445 
4 0.050150926785112 3.410609732866528 0.040222068700717754 5.908538389633544 0.06939536015415196 0.740684620302606 0.0600777354893585 1.8888405999723155 
2 0.05011004672683554 2.099226387625628 0.04014790617253021 3.200573139841694 0.06938518280962874 0.22866195765167374 0.060053523886568795 1.005461487469535 
1 0.050089722678043756 1.301537692166145 0.04011106343879411 2.0135647079055174 0.06938249369509512 0.0013255750992286629 0.060043637468365677 0.7061514191807359 
4 0.05014958544792494 3.366936793639468 0.04021968159932255 5.832318139667992 0.06939499781659651 0.7299488952415388 0.06007693117626025 1.9164550879966853 
4 0.050151129427169004 3.4172797925635736 0.040222426667957764 5.9198032955287925 0.06939543244072992 0.7424765974408603 0.06007786166516499 1.8929333798320016 
2 0.050109924069488235 2.046786518793808 0.04014816283272086 3.374184390367737 0.06938516512161085 0.2281593896333562 0.060053491111886424 1.0758618739348293 
2 0.05011507025281866 2.262970002010487 0.04015707690429001 3.5766956417721625 0.0693862707439197 0.2515182281043726 0.06005687547982448 1.2031388090679769 
4 0.050154472138155784 3.5274121831255947 0.0402284359856499 6.117145941227697 0.06939638321576909 0.7700466411417617 0.060079826984108575 2.014214842650694 
4 0.05015316193820155 3.4855650583119613 0.04022609369020222 6.03991817007257 0.06939602817648219 0.7596664322274467 0.06007908152825532 1.9883621011201833 
4 0.05015479738101406 3.538172460485094 0.04022897175388653 6.132020105401667 0.06939647672676828 0.7725576371989176 0.06008004597859805 2.0206583313135935 
4 0.05015121603850471 3.419742731389001 0.04022257026380942 5.92469219317899 0.06939546458189969 0.7433173281179006 0.060077879426120716 1.893887717530196 
3 0.05012851986479222 2.667195070954368 0.0401819009151666 4.6096524020666845 0.06938943116477957 0.5026151419074457 0.06006445400296686 1.4483148896607463 
4 0.05014963658770338 3.3679966921408537 0.040219764568473725 5.834185199738539 0.06939501747586546 0.7303185348661863 0.06007698992158639 1.919310908195176 
3 0.0501289689198244 2.681310437973232 0.04018294176337067 4.676330246604325 0.0693895274495617 0.505460502378282 0.06006469872629845 1.4996144543020589 
4 0.05015072457642374 3.4040148258480905 0.0402217147041808 5.898860768795087 0.06939533011314666 0.7393826069390415 0.06007761297039207 1.884579179694145 
2 0.05011131734371756 2.14088123767378 0.04015060934371774 3.1901055317929927 0.06938541374388035 0.2336851116204238 0.060054282321030925 1.0674224341119474 
2 0.05011023213424888 2.05676973354323 0.0401490549512177 3.3496261083046166 0.06938523597506971 0.2295453730208615 0.06005355537430601 0.988872527905772 
4 0.05015544518592239 3.5594181784069585 0.040230130823391365 6.17086621759474 0.06939664887680966 0.7775872145923088 0.06008043493641583 2.0336463113327214 
4 0.05014987544441555 3.376229819770444 0.040220222122555806 5.84907068973005 0.06939507052070905 0.7323434591933257 0.060077081405082465 1.869410044676954 
4 0.050148015522273284 3.3151769677866136 0.040216848778660094 5.741362208373234 0.06939456133230792 0.7172241475425185 0.06007597631142482 1.884971121287201 
4 0.05014999408850897 3.3802638720756497 0.04022040024194782 5.855580150887688 0.0693950900500502 0.7331054705534594 0.06007718960618559 1.8726040921991154 
4 0.05015327843735064 3.487156108116544 0.040226228740521335 6.044732592695661 0.06939604017629716 0.7602733108616333 0.06007911306606687 1.9899737488754035 
4 0.05014832725261218 3.3259125915933594 0.0402174104791608 5.760134711029702 0.06939465375985769 0.7198984722084701 0.060076184829065946 1.8923016330152804 
4 0.05015066502641472 3.3089455902868954 0.04022153816317867 5.893189750323928 0.06939526649388816 0.7383170816033917 0.06007756907005028 1.8834034772827237 
4 0.05015121603850471 3.419742731389001 0.04022257026380942 5.92469219317899 0.06939546458189969 0.7433173281179006 0.060077879426120716 1.893887717530196 
3 0.050128651395053 2.6706787820114384 0.04018265090773378 4.508082433451081 0.06938945798747088 0.5032271501079795 0.06006448389190613 1.4595920971959135 
2 0.050113982891551515 2.2561321342988343 0.04015564497248122 3.439453244408071 0.06938604878294237 0.2469579067642028 0.060056240828306004 1.1252884515043962 
1 0.050093763009037284 1.4455676503008454 0.04011850437701089 2.3635922160984646 0.06938273187888275 0.0018195690840729951 0.0600454460097295 0.7952516772763654 
3 0.05013326790566035 2.8053148703938207 0.040190844429138964 4.695716514535337 0.06939055525574926 0.5662626065399217 0.060067096944117805 1.5438572631518934 
4 0.05014820721111679 3.3219396325573918 0.04021718311483152 5.753488048812902 0.06939462122038256 0.7189209344279086 0.060076112366070744 1.8901502226869926 
2 0.05011527693275003 2.2623382557732428 0.040158083593123076 3.5736525129048906 0.06938633899242921 0.25259906114903685 0.06005705010063859 1.1691489364225176 
2 0.050107653492509695 2.0191852197889744 0.04014362434974271 3.063888463128021 0.06938475503663058 0.1585445013024812 0.06005225034816071 1.0850389096795943 
2 0.05010703169496219 1.9519475197581297 0.04014244095960286 3.0313677829195997 0.06938464477099776 0.1566426625210016 0.06005193985437337 1.0634563332246785 
3 0.050128888748796806 2.678625288240241 0.04018292144297421 4.624733595511903 0.06938951187483704 0.5048104804627694 0.060064652322341004 1.4990745064957356 
1 0.05008960558657123 1.3768784697268999 0.04011139477811036 1.9385987141586305 0.06938244158574391 0.001332549296529415 0.06004361800309941 0.704662286858416 
3 0.050133508217403235 2.813285648255502 0.04019101385180967 4.848551853862134 0.06939060818491868 0.5971522303153495 0.06006725413555379 1.5878804297354996 
2 0.05011471527900685 2.2088677125685305 0.040157437670579645 3.5243736354145225 0.0693862178433503 0.2501725840901778 0.060056615725266695 1.1371106139103415 
1 0.050092070287719816 1.4529760785558667 0.04011536906535576 2.139065806756865 0.06938260884329273 0.0017960614690548937 0.060044662209867004 0.7575069233344517 
1 0.050087262811223 1.1853152969629213 0.04010674242227779 1.829676333394639 0.0693822991537333 0.0011580910818595796 0.06004257411674578 0.6515849359077243 
3 0.05013516335299563 2.945592862705184 0.04019372721252146 4.991968968564376 0.06939100682069192 0.611300794376707 0.06006828118213943 1.6271877971104203 
2 0.0501085163588751 2.000267754681688 0.040145322262414365 3.457954837931685 0.06938490737174634 0.16150545114277445 0.060052765031484115 0.9465784877627759 
3 0.050129482867291256 2.6985292195311947 0.04018396262601352 4.653199332034329 0.06938965648997145 0.509247881316967 0.06006493948442151 1.5185708272284162 
4 0.050152056721184037 3.4480493122991973 0.040224091448024676 5.976012334589834 0.0693956577582643 0.7497026976668637 0.06007841267381484 1.9657440337806449 
4 0.05015516448844903 3.5450127630634376 0.040229511068466464 6.148365927462552 0.06939653597547743 0.7746655048672804 0.06008021530634211 2.0265913617975277 
2 0.05011107848713984 2.0836443954883426 0.04015063552946584 3.420544378818019 0.0693853795814737 0.23276150477280405 0.060054062872414174 1.0840475095035034 
4 0.0501502139666366 3.3869377874017346 0.040220747594594805 5.866652081732125 0.06939516975256603 0.7349526491859517 0.060077319607909165 1.8756218542607488 
2 0.05010892426721989 2.061433410627851 0.04014637260469791 3.3175042870524494 0.06938498484277944 0.18309159955267618 0.06005299248770424 0.9531383568910645 
2 0.05011123199585005 2.088765356923818 0.040150513808213495 3.5766668140105935 0.06938539782055723 0.2332911141555721 0.060054161549718155 1.0641018900464203 
2 0.05011159098154001 2.149557685942675 0.04015060237473793 3.267170069743078 0.0693854670514934 0.23469064766016157 0.060054321256292884 1.1435601823537387 
4 0.05014797259620233 3.3143518729978587 0.04021678541349214 5.74207940809462 0.0693945229028837 0.7166610996786212 0.060075944976148044 1.8845366820158707 
2 0.05011185693654202 2.1584885512293916 0.040151582056252924 3.2841184180346863 0.06938551258533501 0.23574387329619045 0.0600545753378958 1.1467539834597813 
2 0.050111452951315624 2.095162496008944 0.040150624623490436 3.2738257106342488 0.06938544457650335 0.2342700829607936 0.06005429455929717 1.140340423266927 
1 0.05009087945096715 1.3468577454630775 0.04011313249251135 2.1088256236010983 0.06938253004448496 0.001599481722377291 0.060044159936608076 0.7319550769470844 
4 0.05014793141379777 3.3127026959667227 0.04021671208514929 5.63092086742014 0.06939454161976955 0.7166802133316603 0.060075914867624106 1.8833344138111763 
3 0.050128888748796806 2.678625288240241 0.04018292144297421 4.624733595511903 0.06938951187483704 0.5048104804627694 0.060064652322341004 1.4990745064957356 
3 0.050130446884429525 2.7305112228267885 0.04018586488474969 4.66869653541327 0.06938988830312354 0.5165050947784883 0.06006548628222187 1.5288215069835496 
4 0.05014819196731425 3.2222325484218763 0.04021713669222156 5.751584890855642 0.06939458340778851 0.7183240002563755 0.06007607404287672 1.888362923395843 
2 0.050108724450341716 2.0546946409174405 0.04014576349939168 3.191847214747777 0.06938494637243113 0.18201995097612506 0.06005278776893005 1.092213657828355 
4 0.05014832725261218 3.3259125915933594 0.0402174104791608 5.760134711029702 0.06939465375985769 0.7198984722084701 0.060076184829065946 1.8923016330152804 
2 0.050108806779741014 2.009411898068236 0.04014601201473507 3.3072510030646454 0.06938494831665744 0.18263602163203638 0.06005290651453271 0.9511410524848467 
2 0.050111945678554315 2.142907455984919 0.040152174712415264 3.296033418289217 0.06938554122654395 0.2361499593329161 0.06005456758605088 1.0436512877442294 
1 0.050093818189064554 1.5127669145583793 0.040119051546748316 2.1564923943377567 0.06938276231718145 0.0018147102218154347 0.06004545017573905 0.7962340591687648 
4 0.05015287991417783 3.4762093211398337 0.040225552690799096 6.022911375843314 0.06939592283250065 0.7570033148668864 0.06007893337196977 1.983155232190056 
3 0.05013330774178772 2.8066316057620804 0.040190491968990195 4.885042088077697 0.06939055355917817 0.5954950623603088 0.060067145608057135 1.584058559693199 
3 0.05013413853717001 2.834256916870552 0.04019212457931162 4.745888056842946 0.06939075929957708 0.6027662815063859 0.060067612765488734 1.6010259523345565 
1 0.05008824459237763 1.2358608857797688 0.04010919269199413 1.8960757787534461 0.0693823399674079 0.0011115028943992436 0.060043008394776595 0.6743694927974838 
4 0.05015150768862862 3.4289387777529567 0.04022307345038277 5.942438063535236 0.0693955330670997 0.7453932773494607 0.06007807811283383 1.8994622871330276 
3 0.050132636018428614 2.784304894293291 0.040189380332213996 4.609839026590164 0.06939040202396358 0.5613127304651837 0.06006668856300075 1.571331705732629 
4 0.05015012655642026 3.3843846879241752 0.04022059273662311 5.863240401121377 0.06939512861244806 0.7342368091332474 0.06007724226831296 1.8201633327733788 
4 0.05015425988296716 3.5211108806040032 0.04022807965929615 6.103874925542222 0.06939630846631681 0.7681441049643466 0.060079734273851104 2.01051060941017 
1 0.05009120883336823 1.3533711424417927 0.040114303999001025 2.0031725613307665 0.06938255955785719 0.0017363502569735976 0.06004431455379076 0.7399263721832678 
2 0.05011168652073128 2.15226607513656 0.04015138338435762 3.270845979931134 0.06938548000622294 0.23496694227201412 0.06005437894373546 1.1456127506410778 
1 0.05009362410983986 1.4546462850607491 0.04011823685917245 2.2918994112667064 0.06938272187548108 0.0018316910889970843 0.060045425876185374 0.7921199646761636 
3 0.05013358027970697 2.8157852745903305 0.0401911502215101 4.901090174681262 0.06939063060610692 0.5977696009938589 0.060067354730564446 1.5891864798571331 
3 0.05012964258778111 2.7038462901127644 0.040184393470600537 4.666661356718931 0.0693896959618607 0.5106105688892901 0.060065042617318286 1.513629651858034 
3 0.05012929376545929 2.692019795296259 0.0401832712876075 4.650048194680972 0.06938960563653158 0.5078988681620895 0.06006485681360472 1.5068147161068963 
3 0.050131375704193085 2.7605367307605175 0.04018740726268434 4.44035046772344 0.06939009250932114 0.5229090868232287 0.060065880190620626 1.5007337560967833 
1 0.050094588624077674 1.5017440742767358 0.04011989499993935 2.3819264203843504 0.06938281323940784 0.001750386853430971 0.06004579752766335 0.8122361896150612 
2 0.050113575937177024 2.208301993124395 0.040155002722122475 3.374844800230593 0.06938597134279394 0.2451416050896779 0.06005599630973606 1.1778514213016191 
4 0.050155041760065425 3.5460299142217053 0.040229543886539584 6.1436861255203326 0.06939653781523526 0.7745562897516802 0.06008016181621958 2.0254504816336363 
1 0.05008737767822684 1.1374012624364602 0.04010712535677037 1.9261606513474547 0.06938231337470473 0.0011502325030996352 0.06004262702905623 0.6543848449192156 
3 0.050130118528019595 2.719748323657684 0.04018523623703556 4.465291826923095 0.06938980444041346 0.5138504131621456 0.06006524633721878 1.5230691074660592 
1 0.050086908126441024 1.162626550142424 0.04010543644668653 1.8277036857618074 0.06938226090342443 0.0011841238244029984 0.06004239911349145 0.642543452366138 
2 0.050107117476069704 1.9549698786669132 0.04014230634744769 2.8822214506594905 0.06938465660075277 0.15686960536952116 0.06005207736425431 1.0655118292725778 
2 0.05011522637970837 2.2817552879512024 0.04015765589354799 3.6282721022330535 0.06938632130704474 0.2524476802545312 0.06005700555720102 1.168048306556312 
3 0.0501304866364059 2.731833804856168 0.04018535029810123 4.7240550017453256 0.06938989307104468 0.5169961349354576 0.06006550124431083 1.5380737611200643 
3 0.05013318830543062 2.821124313240744 0.04019028328913838 4.876728366492674 0.06939052585551571 0.5656491017274139 0.060067072418225606 1.5815860041381615 
2 0.05011454973462701 2.20362233428853 0.04015637529995557 3.4930616861075534 0.06938617408903486 0.24953738055663477 0.06005667073947778 1.1559619608754388 
2 0.05011131734371756 2.14088123767378 0.04015060934371774 3.1901055317929927 0.06938541374388035 0.2336851116204238 0.060054282321030925 1.0674224341119474 
3 0.05013196459560171 2.761918123842183 0.04018758360435386 4.835252100878616 0.06939023195687903 0.5276130406318789 0.06006620363550904 1.557909291815195 
3 0.05013500470821092 2.920939900390293 0.04019353344806154 4.983534783248459 0.0693909743294322 0.6101286603134423 0.06006819721382497 1.5706649149718719 
3 0.050127760223498595 2.6418617188639035 0.040180497368811366 4.56347100786868 0.06938922011682112 0.49687788267873667 0.06006403959786004 1.4862067147036353 
2 0.05010806232580524 1.9851995807134686 0.04014443812640266 3.2742770122113916 0.06938482713792657 0.15978219669853364 0.06005245139734412 1.0036203511661053 
2 0.05011028673868362 2.1067348318582018 0.04014887172439627 3.2859472471878854 0.06938522876967175 0.22965657980846746 0.060053628359799896 1.0120396229965452 
4 0.05015300769005421 3.479716790087772 0.04022585113963902 6.033509101986519 0.06939596135787736 0.7582881344088748 0.060078966796822696 1.9854517448494977 
2 0.05011416116785953 2.2271147739768438 0.04015608877274499 3.4222566205658347 0.0693860859988565 0.24759693320033777 0.06005637590783632 1.1492324874622035 
4 0.05015209744666962 3.4493683137671773 0.04022417514688041 5.97827400466149 0.06939568232137641 0.7501110754364566 0.0600784463229603 1.9664487422266688 
3 0.05012936317367076 2.6945422047205208 0.040183482235077644 4.6562541953279295 0.06938962267252875 0.5084366456623852 0.06006491281783487 1.5078807440640916 
4 0.05014984481763668 3.3746159933431996 0.040220112231619067 5.845697923287129 0.06939507294936388 0.7320178393381855 0.060077104813246365 1.922114111757777 
3 0.05012838733414711 2.6629973633121855 0.04018180327884413 4.4335606574832 0.06938939360307887 0.5014315434519445 0.06006436398773376 1.446231603438758 
3 0.05013283639634743 2.8093226058045566 0.04019002102044607 4.850525881498064 0.06939044730774575 0.5627767265675601 0.060066841252335926 1.5752931746458947 
4 0.05015455355048322 3.530050213041476 0.04022854559506156 6.117763784151839 0.06939640156294034 0.7705432716230585 0.0600799032016873 2.015903614521772 
4 0.05015516448844903 3.5450127630634376 0.040229511068466464 6.148365927462552 0.06939653597547743 0.7746655048672804 0.06008021530634211 2.0265913617975277 
2 0.05011322429155163 2.1628393338036513 0.04015393248203939 3.449027898984384 0.06938588991195452 0.24346457550587627 0.060055697945659146 1.1712164432490342 
2 0.05011230005793956 2.1726177672423987 0.04015236443680491 3.363768671486723 0.06938558910143947 0.23746581196748623 0.06005477268391729 1.1550627302115148 
4 0.05015291430275287 3.4774779404925935 0.04022566540207987 6.027957705108451 0.06939594065145312 0.7573564098619057 0.06007897037704788 1.9841786899924376 
2 0.05011020338320501 2.0868082774679486 0.040148181089692106 3.4025291231203396 0.06938521621116056 0.22940003848270724 0.06005354923773809 1.0521731592245036 
4 0.05015379778103003 3.5068380181223717 0.04022724623238583 6.079279813662022 0.06939617919348272 0.7645245703858896 0.06007947316379193 2.0017262687421247 
2 0.05011036048881694 2.0606764522759824 0.040148741214215494 3.2192118187407153 0.0693852529575747 0.23001895364241473 0.06005374893578678 1.0138788468020947 
2 0.050108451301319044 2.0458994468884635 0.04014520080065539 3.1925405521420185 0.06938489371847244 0.1613195863057355 0.060052685636919054 1.0873722768872065 
1 0.050093403075325824 1.432193706880956 0.04011822260467461 2.3499885263613893 0.06938270682866036 0.0018498100339605372 0.060045271777905695 0.7868323940104546 
1 0.050087728697994695 1.219380725779541 0.04010729232662216 1.8633493072170553 0.06938234695063006 0.0011566520167088433 0.06004274426517832 0.6621891658363859 
2 0.05011159098154001 2.149557685942675 0.04015060237473793 3.267170069743078 0.0693854670514934 0.23469064766016157 0.060054321256292884 1.1435601823537387 
1 0.05008806867187517 1.2301776433994904 0.040108646562758914 1.9068708768715852 0.06938235670192136 0.0011258101127035584 0.060042943687848516 0.6699246635424296 
1 0.05009066986821496 1.3393361284426508 0.04011315290628807 1.9511543852474609 0.06938252323699459 0.0016195483755426488 0.060044069926189124 0.7263647549024137 
4 0.05015548583368552 3.560782137023941 0.04023023360341779 6.173579729154339 0.06939665036377254 0.7779690270226152 0.06008045244975914 2.0345252022048492 
2 0.05011139449196854 2.144035168191322 0.0401510758018618 3.2200757333610652 0.06938543363991019 0.23396239701165894 0.060054239339171346 1.0538650732679122 
1 0.050087176399879384 1.179382486534067 0.04010627304840101 1.7882910829336922 0.0693823214811139 0.0011672592305148441 0.06004250919368074 0.6494638278360176 
2 0.0501085997113699 2.0327401890139805 0.04014589722450081 3.292324253079432 0.06938492372574276 0.1819397664776349 0.06005270973175682 0.9728551400284211 
3 0.050131017792776046 2.7486559018925627 0.04018658924371664 4.711025771156854 0.06939000158904698 0.52038708469113 0.0600657201500586 1.5465267590304141 
3 0.05012977080317312 2.707988240300459 0.04018462389733581 4.62935324406642 0.06938971824891489 0.5110526582207547 0.06006504228501537 1.4793528131837312 
4 0.05015557813649953 3.5631625627291172 0.04023037526204898 6.176933909697657 0.06939670337295534 0.7788266915072513 0.060080505950561434 2.0358381885427286 
4 0.05015217860783362 3.452012431751844 0.040224286029127365 5.980129214873514 0.06939572466977006 0.7509241804043219 0.060078496980733434 1.9678175096317414 
2 0.05011475693449867 2.1927411206276224 0.04015714705589487 3.5479458546046048 0.06938622377668915 0.2503869884201305 0.06005675341080008 1.1597043063171484 
4 0.050150926785112 3.410609732866528 0.040222068700717754 5.908538389633544 0.06939536015415196 0.740684620302606 0.0600777354893585 1.8888405999723155 
1 0.050090492062533465 1.3607560787540876 0.04011343154971318 2.040323547563076 0.06938250567530355 0.0016072555485320689 0.06004400684199842 0.7229820103839576 
2 0.05011530310308101 2.287544423783948 0.040157616081744195 3.5889770688323095 0.06938634283998686 0.25291868346387014 0.06005703132499256 1.1845459068973692 
3 0.05013342714447312 2.810624555361139 0.04019100314895814 4.884016698513726 0.06939058979089197 0.5965382065694343 0.060067190172061545 1.547035569584485 
4 0.05015291430275287 3.4774779404925935 0.04022566540207987 6.027957705108451 0.06939594065145312 0.7573564098619057 0.06007897037704788 1.9841786899924376 
3 0.05013223665025318 2.7894543287785765 0.04018852959051112 4.7797958232821625 0.06939028623685922 0.558221330690662 0.06006639588728626 1.52482316515393 
2 0.050113575937177024 2.208301993124395 0.040155002722122475 3.374844800230593 0.06938597134279394 0.2451416050896779 0.06005599630973606 1.1778514213016191 
1 0.050090492062533465 1.3607560787540876 0.04011343154971318 2.040323547563076 0.06938250567530355 0.0016072555485320689 0.06004400684199842 0.7229820103839576 
2 0.05011471527900685 2.2088677125685305 0.040157437670579645 3.5243736354145225 0.0693862178433503 0.2501725840901778 0.060056615725266695 1.1371106139103415 
2 0.05010875698793754 2.0086204432099577 0.04014616742356632 3.1270698709927194 0.06938495148675376 0.1824319380661768 0.06005289297411539 0.9503257353431017 
4 0.050153927894606175 3.510609286077505 0.04022746500618529 6.086087519057173 0.06939623205710797 0.7658305458543924 0.06007951188383833 2.003583371713302 
2 0.050114784413559835 2.1962127461648056 0.04015692534619501 3.5569197912281454 0.06938622857036073 0.2504845166235954 0.060056733937948206 1.1225828665050979 
1 0.05008760891535362 1.2151988508796883 0.040107514478772026 1.9150510180715812 0.06938235639187067 0.001154582996197024 0.06004271139248433 0.6603622462764307 
4 0.05015525188497483 3.5525722222653884 0.04022981017820769 6.158145853269661 0.06939658951232744 0.7761739191384407 0.06008027882642318 2.0296449441993536 
4 0.05014975081999977 3.3723489630197263 0.04021998121482202 5.842209629707262 0.06939504255673665 0.7314869182592107 0.06007697902692773 1.9195117896749063 
3 0.050131725699266584 2.7723272024636456 0.040187844835630045 4.463761538168738 0.0693901670602125 0.5256470259193227 0.060066091616918116 1.5076716804200738 
4 0.05015132971738677 3.4239061889186586 0.04022280347084524 5.93342040585479 0.06939549326598016 0.7442408917214388 0.060077972741197784 1.89673221599095 
4 0.050153685747405086 3.5024862836256085 0.04022704331552016 6.072004497838438 0.06939615480336102 0.7635915235684693 0.06007940500980793 1.9993345303947456 
2 0.05011454973462701 2.20362233428853 0.04015637529995557 3.4930616861075534 0.06938617408903486 0.24953738055663477 0.06005667073947778 1.1559619608754388 
1 0.05009331223956567 1.4319967498913218 0.0401176267852865 2.2441110031046225 0.06938268789323691 0.0018612802868015498 0.06004522755737378 0.7847294115922717 
1 0.05008843139339103 1.164525480843702 0.040108565156957654 2.021765846829484 0.06938235334789418 0.001098288393622477 0.06004308646980237 0.6774229221826619 
3 0.05013365983107001 2.8184259848197377 0.04019130873550771 4.809532241581579 0.06939064555670471 0.5983671951458559 0.06006734128506841 1.5916859027442272 
2 0.05011135916568129 2.0929004848768717 0.04015084195145871 3.2669521199154232 0.06938543676093636 0.23398564594286828 0.0600543327165452 1.0671412371541098 
1 0.05008970845344468 1.3543355850484973 0.04011155956009986 2.1354202467121395 0.06938245383350446 0.0013214995393307722 0.06004367666069736 0.7072399296135681 
2 0.05011028673868362 2.1067348318582018 0.04014887172439627 3.2859472471878854 0.06938522876967175 0.22965657980846746 0.060053628359799896 1.0120396229965452 
4 0.05014925992187756 3.3565396277056956 0.040219093031503915 5.814029737607273 0.06939490532026224 0.7273274332884521 0.06007675898148657 1.9112354992617113 
1 0.05008865290912401 1.1939460590116586 0.04010966200515044 2.063552000540762 0.06938238427472891 0.0012301089568194767 0.06004318724040325 0.6825582314735477 
1 0.050094029872057445 1.4539255721697975 0.04011997383634672 2.3256989106310044 0.06938277212826172 0.0017988424608354695 0.06004555906479466 0.800622885986534 
3 0.05012940304858573 2.6958757218100686 0.040183905761441416 4.6520497101899725 0.0693896326484423 0.508508809666045 0.06006490825729756 1.5081175523152983 
3 0.05013019909350097 2.722397116674151 0.0401849006510984 4.702472525334136 0.06938982199419634 0.5146141745299765 0.06006534695965328 1.524486536492538 
2 0.050111767253729546 2.154712194631815 0.040151853471893637 3.2859247396738334 0.06938550607872002 0.2353596414643393 0.06005450230267151 1.1452911428202686 
1 0.05008679940672735 1.1669040803271145 0.040105411271864545 1.8084850423975531 0.06938228567973428 0.0011967782540040367 0.060042356124468343 0.6412847096782986 
1 0.05009382208232956 1.5583925484647676 0.04011866797144816 2.060416465537505 0.0693827459008552 0.0018136259065109459 0.06004548131168521 0.7977316482162048 
2 0.050113105847252884 2.141766006973678 0.04015382624132596 3.4166133336220326 0.06938586222269241 0.24276071764584878 0.06005559512810368 1.168596018574616 
3 0.050130871906105434 2.74490870191662 0.04018653191951322 4.416684249679088 0.06938999305843677 0.5199727337087957 0.06006569559752366 1.5377367946497675 
4 0.0501523596054788 3.4565932480385726 0.04022462851939601 5.991157676984727 0.06939575694584947 0.7520409906037668 0.06007859957942467 1.9714682300704247 
1 0.05008698590599479 1.150367251675815 0.04010656728259391 1.904913911002852 0.0693823013154454 0.0011854254729077994 0.060042441599869066 0.6452904043312201 
1 0.050092549225929886 1.4835964585225863 0.04011568311121 2.2241199476069666 0.06938263124423455 0.0018561032383199283 0.06004489880573248 0.768106835694948 
1 0.05008984863569221 1.2576329941840618 0.04011114100034992 1.9660429645552409 0.06938245529850205 0.001487245509854516 0.060043711737120975 0.7089263524147731 
1 0.050087773706015734 1.1889520081379437 0.04010763849952001 1.9218243779302469 0.0693823242398475 0.0011507812903871176 0.060042799646375586 0.6638572714182012 
1 0.0500870748447453 1.171543985557128 0.04010695008743892 2.050642235704528 0.0693823081724329 0.001175045245606381 0.06004247067621438 0.6474131415122304 
1 0.05009437167629792 1.479962801750115 0.04011891693680203 2.320225040278165 0.06938279891385736 0.0017726886421568714 0.06004572330616727 0.8081153688121878 
3 0.05012804859493177 2.6513354615908753 0.040181888452214334 4.262780410000849 0.06938932247853691 0.49879011450716454 0.060064161442661544 1.491219345571037 
3 0.050134256627290874 2.8382292265950406 0.040192192429307536 5.013264590332774 0.06939078031252235 0.6033467448381734 0.06006771025967631 1.556048582831584 
4 0.05015451284161482 3.528727974090787 0.04022846592916743 6.115743102881896 0.06939637204388763 0.7700120782338773 0.06007988435776969 2.015250310799859 
4 0.0501509671634223 3.4119254651489777 0.040222150964852134 5.913025902153635 0.06939536244027943 0.740882750364863 0.06007776519020254 1.8898908081897616 
1 0.05009246511172814 1.44702012958311 0.040116756438968885 2.120510753421942 0.0693826469576166 0.0018634484486253187 0.06004489889413829 0.766423666843316 
4 0.05015047721265742 3.396045006310979 0.040221299737825136 5.764871217925455 0.06939523860462879 0.737049937013519 0.060077474165197584 1.8258849293359927 
2 0.050112980586973555 2.137902526045503 0.0401538034290758 3.590506506772143 0.06938582157418718 0.24207579431271084 0.0600554111132254 1.073005422449998 
2 0.050112638107222204 2.1152432507700913 0.04015297798978832 3.2902530356826225 0.0693856591179542 0.2387198752797493 0.06005488780540293 1.163291091771231 
3 0.05013220094158868 2.788177678645261 0.04018854457012295 4.820548769449493 0.06939028493591758 0.5577164974720741 0.060066399597856444 1.5632042212314043 
4 0.05015296697959522 3.4783873630869273 0.04022574829170712 6.028352178256749 0.06939595068198733 0.7577166040070444 0.06007897930427812 1.9848601469324105 
3 0.050131725699266584 2.7723272024636456 0.040187844835630045 4.463761538168738 0.0693901670602125 0.5256470259193227 0.060066091616918116 1.5076716804200738 
3 0.05012981088115104 2.7093086836133464 0.04018413689098436 4.681175709732304 0.06938972593020909 0.5116274081523932 0.06006511321185472 1.4717050670471221 
2 0.05011139449196854 2.144035168191322 0.0401510758018618 3.2200757333610652 0.06938543363991019 0.23396239701165894 0.060054239339171346 1.0538650732679122 
2 0.05011159098154001 2.149557685942675 0.04015060237473793 3.267170069743078 0.0693854670514934 0.23469064766016157 0.060054321256292884 1.1435601823537387 
2 0.0501077085260397 1.9753118912874996 0.04014400775699433 3.167876061883367 0.06938475052421643 0.15875552085803257 0.06005225930168342 1.0878016504503534 
2 0.05011530310308101 2.287544423783948 0.040157616081744195 3.5889770688323095 0.06938634283998686 0.25291868346387014 0.06005703132499256 1.1845459068973692 
3 0.05013365983107001 2.8184259848197377 0.04019130873550771 4.809532241581579 0.06939064555670471 0.5983671951458559 0.06006734128506841 1.5916859027442272 
4 0.05015060327669629 3.3977713345560177 0.04022142085725597 5.8874623245211115 0.0693952721612163 0.7378219746864881 0.06007753270797089 1.8830626535388255 
3 0.05013223665025318 2.7894543287785765 0.04018852959051112 4.7797958232821625 0.06939028623685922 0.558221330690662 0.06006639588728626 1.52482316515393 
1 0.05008754242943728 1.1882619583418836 0.0401065490128322 1.7693172043007812 0.06938232765323445 0.0011628635124474305 0.060042687749751564 0.6581283784076639 
2 0.05011340793826924 2.2029045455497753 0.04015466854581711 3.6376547500673007 0.06938592772469235 0.24423611915663349 0.060055788149103805 1.1547347244160968 
1 0.05008911844517141 1.1759296987772652 0.0401102195532914 1.8576776161830728 0.06938241526140841 0.0013453777145267993 0.06004337295721759 0.6927292889004882 
3 0.05013373952807661 2.8210683809849613 0.04019143954310824 4.861750364311573 0.06939067074733934 0.5993060768412357 0.06006741936666511 1.5926369326206296 
1 0.05009447175585854 1.5147847905495841 0.04011980180309231 2.2748377895116563 0.06938281419419615 0.0017661493083850558 0.060045774364663206 0.8097211961423515 
2 0.05010974294460544 2.0405373495066987 0.04014796466780598 3.363455144853171 0.06938512966670758 0.22736068469990434 0.06005337531128567 1.0022790355658184 
3 0.05013141551567466 2.7618539197506604 0.04018699946199916 4.7666160802273065 0.06939009789312041 0.5235509268381193 0.06006592385047373 1.5019467301620821 
1 0.05008947956091721 1.3201008462774424 0.040110765886837055 2.23717726762458 0.0693824398067427 0.0013161926773491363 0.060043509553810694 0.7000167396299855 
1 0.05009393048682128 1.4506670624305205 0.040119224444779514 2.023057095741578 0.06938277416902745 0.0018074801638659598 0.06004553386496705 0.7992799081191245 
4 0.05014767469611971 3.3050137827329893 0.040216280167570145 5.724157638499463 0.069394428459383 0.7141772800552761 0.06007578447592012 1.878914118391338 
3 0.050127882366600915 2.645875102484227 0.040180932546068096 4.449449133099191 0.06938927481399583 0.4977255528624571 0.060064083292878725 1.4450040921453373 
3 0.05013052584277426 2.7331470215649185 0.040185539742860585 4.678911626489487 0.06938989518905882 0.5168479115838348 0.060065485110844405 1.4859327760304921 
2 0.05010801386925664 1.9838522777651568 0.04014452813830239 3.203991028493219 0.06938481325437247 0.1599482902832862 0.060052475911162494 1.0791848433606437 
3 0.05013516335299563 2.945592862705184 0.04019372721252146 4.991968968564376 0.06939100682069192 0.611300794376707 0.06006828118213943 1.6271877971104203 
4 0.05014907275878131 3.3497114885350987 0.0402187587043311 5.803660979446308 0.06939485227516953 0.7258086111200066 0.06007660581470196 1.9069878855547038 
3 0.050129731808338254 2.7066686350235623 0.04018433929419224 4.67131356754709 0.0693897104097292 0.5111494339433331 0.06006505744530882 1.5228685966246533 
1 0.05009333643263374 1.476441082219338 0.04011864189930869 2.2896950014150654 0.06938271192684815 0.0018530259994198606 0.06004530001505235 0.7857647435552396 
2 0.050111722624118685 2.102530872802302 0.04015121182682718 3.2864408624275456 0.06938548199847876 0.23519978635351757 0.060054407397163924 1.1082174949174561 
1 0.05009159693548235 1.37812215127308 0.04011493706773911 2.0596044192639518 0.0693825759188412 0.0017344386891522943 0.060044485322075555 0.7477537820098448 
2 0.05010953820512888 2.0818526760660774 0.04014678744790283 3.2272642379820717 0.06938509007719743 0.2264626910977714 0.060053229298419775 1.1068706043070882 
2 0.050114518083965345 2.1673711435300733 0.04015647909354052 3.4528831053044042 0.06938616255484438 0.24926222058598588 0.060056555301868465 1.1933468382758456 
4 0.05014909238543993 3.3514274682057144 0.04021881308221277 5.806471842062239 0.06939484105085227 0.7258976866560015 0.060076671456780806 1.9080778101175995 
1 0.050087104445976895 1.176266289321575 0.040106034785735586 1.8137289081150976 0.06938229677546119 0.0011721171972389423 0.06004249616998693 0.6487090225152488 
4 0.050151758365105895 3.4320619948670013 0.04022337662973529 5.952087132628465 0.06939556034848617 0.7464836602109718 0.06007818314111528 1.9025486114795052 
1 0.05009371977819489 1.4434830946544441 0.040119430462820106 2.3323657617416567 0.06938275193675822 0.0018261802069316764 0.06004541311250107 0.7942847806220632 
4 0.05015475538363427 3.536518522046896 0.04022894264857326 6.13159246841975 0.06939645402727836 0.7720551535420299 0.06008002629415841 2.0200850423987995 
3 0.05013184516220701 2.7763020706790575 0.040187693668626505 4.802300740925412 0.0693901924742889 0.5267743871767481 0.060066155646743405 1.5553858584381328 
3 0.05013204407690316 2.764553973839291 0.040188235554004643 4.808211695420137 0.06939025341228318 0.5564934643367205 0.06006627803536283 1.5139110332765497 
2 0.05011083094819261 2.1249124512241537 0.04014917028454298 3.163426700982683 0.06938533801026138 0.23185182684936842 0.06005397914059642 1.0216093342942343 
2 0.05010759744708669 2.015523109702118 0.040142703574407766 2.9328544978639077 0.06938471396740867 0.15819084768380193 0.06005237196582103 1.0547914424228815 
1 0.05008960558657123 1.3768784697268999 0.04011139477811036 1.9385987141586305 0.06938244158574391 0.001332549296529415 0.06004361800309941 0.704662286858416 
2 0.05011234065092065 2.123593757143154 0.040152812530344056 3.3193998451468674 0.06938560781578569 0.237641854143457 0.06005476500309557 1.1202614282266303 
1 0.050087104445976895 1.176266289321575 0.040106034785735586 1.8137289081150976 0.06938229677546119 0.0011721171972389423 0.06004249616998693 0.6487090225152488 
1 0.05008930161115065 1.3357122501649887 0.04011073204912071 2.0613450214344646 0.06938242400596192 0.0013258409394836439 0.06004350654566164 0.6977610635079075 
4 0.050149180110582336 3.353926458084522 0.04021893892305551 5.808591362795229 0.06939488333272159 0.7266521022533239 0.060076702089442935 1.8562775274720082 
2 0.05011320098017209 2.196457936245841 0.04015451899867467 3.4107901267083927 0.06938589383651098 0.24332065787673524 0.06005570366432802 1.1132366176268733 
1 0.05009232029837836 1.4324983124141488 0.0401162071587555 2.265358305600473 0.06938261874968699 0.0017710450625845163 0.06004479360942459 0.7625153280640415 
3 0.05013409832465041 2.8329384790091283 0.04019262982758966 4.921891076673245 0.06939076001515002 0.6019216538676198 0.06006763456452515 1.600327519087908 
2 0.05011501778338044 2.2739347218384696 0.04015750699545482 3.7595588739173125 0.06938628048818798 0.25142236995162576 0.060056801329626895 1.1801447605078574 
3 0.050130407570776005 2.7291870111891257 0.04018569287203766 4.703718346768159 0.069389875077372 0.5161905596623015 0.060065477841499036 1.5280855020623563 
2 0.0501081787729436 1.9890826675158202 0.04014492876310523 3.34176021948103 0.06938485723059003 0.16052633291483404 0.06005248948265048 1.082003617298518 
4 0.05014958544792494 3.366936793639468 0.04021968159932255 5.832318139667992 0.06939499781659651 0.7299488952415388 0.06007693117626025 1.9164550879966853 
3 0.05012784138872872 2.644541962732383 0.04018075316580444 4.437791181245285 0.06938925988070874 0.4974480439595898 0.06006402647518081 1.4878332437373718 
4 0.05015060327669629 3.3977713345560177 0.04022142085725597 5.8874623245211115 0.0693952721612163 0.7378219746864881 0.06007753270797089 1.8830626535388255 
4 0.050149585526152854 3.3573088006977736 0.04021939340671336 5.825517153974603 0.0693949301085944 0.7285089204065922 0.060076861406591964 1.9158862984934508 
1 0.05009354661700245 1.4562314427340604 0.04011832208258405 2.2015168157714142 0.06938271985400593 0.0018371504296963582 0.060045361111466765 0.7902761676324336 
4 0.05015544518592239 3.5594181784069585 0.040230130823391365 6.17086621759474 0.06939664887680966 0.7775872145923088 0.06008043493641583 2.0336463113327214 
2 0.050113105847252884 2.141766006973678 0.04015382624132596 3.4166133336220326 0.06938586222269241 0.24276071764584878 0.06005559512810368 1.168596018574616 
2 0.050115118853538365 2.2655256771054293 0.04015800207184931 3.543269345373802 0.06938630304303033 0.2518018143628507 0.060056895427210454 1.181589136472331 
2 0.05011123199585005 2.088765356923818 0.040150513808213495 3.5766668140105935 0.06938539782055723 0.2332911141555721 0.060054161549718155 1.0641018900464203 
2 0.05010899612095239 2.0819970572839663 0.04014597251345375 3.186165652772144 0.06938498952453467 0.18325199127271893 0.060053014572653385 1.0972965178158764 
2 0.05011260565404495 2.182623262465653 0.04015304809416198 3.322122946642753 0.06938565435523474 0.23871399718524117 0.06005492084146743 1.1632161444108327 
3 0.050133544354141815 2.814562006755987 0.04019103320547603 4.812893832307377 0.06939062190252474 0.5974563590324542 0.060067261516611514 1.595191013317713 
2 0.05011267536540594 2.1161530581609815 0.04015302939602573 3.310104077192757 0.06938567631666015 0.2390720434835683 0.06005496681629317 1.1629619509864144 
2 0.050109608321041624 2.035833701209681 0.04014685747214755 3.1831548966727774 0.06938510900511845 0.2268485897379601 0.060053256155232805 1.1083636104243475 
3 0.05012790883580459 2.6470200601724763 0.040180821786783325 4.47012967111612 0.06938926995765436 0.49798161536970176 0.060064086852311724 1.4456217434085208 
2 0.050112705139970716 2.1175173266940908 0.04015305776807705 3.1588959515590203 0.06938566148016859 0.2391506202439319 0.060054964195067874 1.1639961625192037 
1 0.050094588624077674 1.5017440742767358 0.04011989499993935 2.3819264203843504 0.06938281323940784 0.001750386853430971 0.06004579752766335 0.8122361896150612 
2 0.05011060935481335 2.117805348009861 0.04014959321025937 3.21974216718064 0.06938529536222036 0.23099095657358823 0.06005373843170566 1.1121131795759611 
1 0.05009099996074358 1.337918454940914 0.0401133477828564 2.0557784357583557 0.06938253390070101 0.001619455788095383 0.06004420479591706 0.7341296905757583 
4 0.05015327843735064 3.487156108116544 0.040226228740521335 6.044732592695661 0.06939604017629716 0.7602733108616333 0.06007911306606687 1.9899737488754035 
4 0.05015072457642374 3.4040148258480905 0.0402217147041808 5.898860768795087 0.06939533011314666 0.7393826069390415 0.06007761297039207 1.884579179694145 
4 0.05015312927902625 3.483842838878533 0.040226032985745785 6.038183105337365 0.06939598568056965 0.75891999313513 0.060079073868665255 1.9880781514493453 
1 0.05009393048682128 1.4506670624305205 0.040119224444779514 2.023057095741578 0.06938277416902745 0.0018074801638659598 0.06004553386496705 0.7992799081191245 
3 0.05012873171962921 2.673346440426731 0.04018229157854969 4.614439112233213 0.06938947835932695 0.5036755238743302 0.06006455433028661 1.5071056461709291 
4 0.05015475538363427 3.536518522046896 0.04022894264857326 6.13159246841975 0.06939645402727836 0.7720551535420299 0.06008002629415841 2.0200850423987995 
4 0.05015409899557153 3.4346990680965086 0.040227752890085886 6.094897304432292 0.06939626329234269 0.7667423929906916 0.06007964980500834 2.007235109068849 
2 0.050107272834148196 1.976854960432394 0.04014307234841476 3.2075915951389815 0.06938469039699882 0.1577556840957241 0.06005201196571554 1.0788111296464495 
1 0.050092873477824054 1.4594405299911246 0.04011737765039024 2.232464909122189 0.06938267293215425 0.0018253308262444745 0.060045066742605825 0.775315394003723 
1 0.05009143416296018 1.420998562905591 0.0401140567783443 2.1417845762873116 0.06938257769625404 0.001747316651537538 0.06004443600077425 0.7453043061675574 
1 0.0500875712719594 1.248678957959154 0.0401080423447688 1.9037459884988301 0.06938233624361928 0.0011297848402577213 0.06004271552826711 0.6593107086364253 
1 0.05009462053081394 1.5014608341804827 0.04011983426439959 2.4396821297199636 0.06938281116996022 0.001755344502900141 0.060045790759423734 0.8118446016416329 
3 0.050128691629714416 2.671997577882846 0.040182332110417586 4.6943603102157825 0.06938946423334316 0.503239677865098 0.06006452498107967 1.450120139500212 
4 0.05015016253954933 3.385356959021057 0.040220698877851346 5.864418326456543 0.0693951602651883 0.7345963216943401 0.06007731307406836 1.929514945749914 
2 0.05011507025281866 2.262970002010487 0.04015707690429001 3.5766956417721625 0.0693862707439197 0.2515182281043726 0.06005687547982448 1.2031388090679769 
4 0.050154199801926494 3.518133587085912 0.04022788651099431 5.972206727461009 0.06939630527591344 0.767575879870809 0.0600797099117565 2.008651984255269 
2 0.050111767253729546 2.154712194631815 0.040151853471893637 3.2859247396738334 0.06938550607872002 0.2353596414643393 0.06005450230267151 1.1452911428202686 
4 0.050152762988155374 3.4718562855639243 0.04022539107397827 6.016261444704753 0.06939588868658284 0.7560404821320351 0.06007886743273087 1.9808640668051052 
1 0.05009331223956567 1.4319967498913218 0.0401176267852865 2.2441110031046225 0.06938268789323691 0.0018612802868015498 0.06004522755737378 0.7847294115922717 
3 0.050130407570776005 2.7291870111891257 0.04018569287203766 4.703718346768159 0.069389875077372 0.5161905596623015 0.060065477841499036 1.5280855020623563 
3 0.050133228067627225 2.8224479915621523 0.04019135689478649 4.676894394603296 0.06939054612378621 0.5655951680390466 0.06006711741792072 1.582013705509595 
1 0.050093874647438884 1.450439661970701 0.0401185231521588 2.308620220709848 0.06938275482841119 0.0018100576293458488 0.06004552207103936 0.7986427830900977 
2 0.05010828994876195 2.0408197214229316 0.040144997577599456 3.2831117757647568 0.06938485930724263 0.16082197689647515 0.060052588009075814 1.0160538294480583 
1 0.05009089394762115 1.3937551216294826 0.04011352580020263 2.0832111608331276 0.0693825394318929 0.0016271346716392032 0.06004416147882661 0.7327300559358354 
1 0.05008857547450367 1.2359091516755287 0.04010935034723741 1.8555722655554594 0.06938239545900667 0.0011179362158474325 0.06004311620950724 0.6802906492558032 
4 0.05014852112984599 3.3328443195407926 0.04021775133756646 5.772281359841794 0.06939469617291939 0.7214466038852574 0.06007631287181999 1.8434968482492216 
2 0.05011020338320501 2.0868082774679486 0.040148181089692106 3.4025291231203396 0.06938521621116056 0.22940003848270724 0.06005354923773809 1.0521731592245036 
2 0.05010953820512888 2.0818526760660774 0.04014678744790283 3.2272642379820717 0.06938509007719743 0.2264626910977714 0.060053229298419775 1.1068706043070882 
4 0.050153359626585146 3.491915818110298 0.04022645998619266 6.051541575963127 0.06939606542979068 0.7609855536537031 0.0600792161555704 1.992885447223569 
2 0.050109655664820466 2.03717832277767 0.040147544842605444 3.247896996045653 0.06938512004638289 0.22703981008149174 0.060053318186163364 0.9662908508336802 
1 0.05009447175585854 1.5147847905495841 0.04011980180309231 2.2748377895116563 0.06938281419419615 0.0017661493083850558 0.060045774364663206 0.8097211961423515 
4 0.05015175932628446 3.4370713896392955 0.040223519071353714 5.9572610698806105 0.06939558528340611 0.7472143887451608 0.06007823389417703 1.9591601384034216 
2 0.050108147999417076 2.034852039264481 0.04014433216721094 3.156207139133497 0.06938484014460626 0.1603659745008068 0.06005252015887812 1.0812442168391332 
4 0.0501512887783274 3.4225199470550587 0.04022270877795997 5.928960554907263 0.06939547594401502 0.743741484986098 0.06007795484313747 1.8407508167361981 
2 0.050111767253729546 2.154712194631815 0.040151853471893637 3.2859247396738334 0.06938550607872002 0.2353596414643393 0.06005450230267151 1.1452911428202686 
1 0.050092755933358435 1.4403369558695442 0.040116213689349436 2.113480293222528 0.06938265785097986 0.0018361128662322142 0.06004501849076741 0.7732233763185585 
4 0.05015569583016342 3.5670555495805303 0.04023060755185903 6.184314093645639 0.06939672562610963 0.7797075918002528 0.060080573227727196 2.038498513279093 
1 0.05009408543131858 1.5004476697642 0.0401188276515162 2.276042891321206 0.06938276843703241 0.0017940068518581276 0.06004564401583977 0.8030233267793051 
2 0.05010703169496219 1.9519475197581297 0.04014244095960286 3.0313677829195997 0.06938464477099776 0.1566426625210016 0.06005193985437337 1.0634563332246785 
3 0.05013160651091866 2.768362615844702 0.04018744991829139 4.59816985899202 0.06939013905799155 0.5246539958328068 0.06006598706522698 1.5503656310978111 
2 0.050110519353622804 2.1339035193919225 0.040149470496508036 3.410025920286526 0.06938527941938097 0.2306339634552801 0.06005380056257328 1.0162699106398396 
3 0.05013019909350097 2.722397116674151 0.0401849006510984 4.702472525334136 0.06938982199419634 0.5146141745299765 0.06006534695965328 1.524486536492538 
1 0.050087713050516645 1.2207848931860823 0.04010828289679254 1.9393093869784974 0.06938233618864223 0.001160191358409447 0.06004277015249039 0.6617286619572026 
2 0.05011208580820187 2.1156752878085174 0.0401524266103342 3.2793497874646773 0.06938556709001101 0.2366043607566882 0.060054624851144656 1.151271811015518 
4 0.050151120052049504 3.412790411157186 0.04022226846365712 5.91543062084642 0.06939540348503372 0.7417852048459244 0.06007780584566641 1.836167916628898 
1 0.05008701332888511 1.1746428806187956 0.04010645595433958 1.9508456227760902 0.06938229046664081 0.0011809492389405754 0.06004247074961553 0.6463501180259176 
4 0.05015036654114959 3.392041245028211 0.04022105540449415 5.875624701706347 0.06939520526974345 0.7361031270123324 0.060077396315870044 1.8234568372714157 
2 0.05011491200494829 2.2383210451249793 0.04015756980917968 3.5399183981696942 0.06938624420827474 0.2510673628937976 0.06005672802623167 1.178195503652007 
1 0.05008976558731153 1.3328853017313431 0.04011203660669431 2.0891825950983347 0.06938245071629282 0.0013204001139550399 0.06004369106305516 0.7078400940617626 
1 0.05009232029837836 1.4324983124141488 0.0401162071587555 2.265358305600473 0.06938261874968699 0.0017710450625845163 0.06004479360942459 0.7625153280640415 
4 0.050151789663057236 3.4386234702238925 0.04022359118387096 5.958161723139299 0.0693955833967664 0.7475408942924935 0.0600782274935858 1.9600440575842886 
3 0.050131296428598114 2.7578926773283716 0.040186866063703204 4.718343841179694 0.06939007158612762 0.5224997993953782 0.06006584811750546 1.5516382827825084 
1 0.050091747190302294 1.3690759990535029 0.04011492645345697 1.9664370847551786 0.06938259402937194 0.0017246244856340173 0.060044547549793915 0.7501532100222748 
2 0.05011020338320501 2.0868082774679486 0.040148181089692106 3.4025291231203396 0.06938521621116056 0.22940003848270724 0.06005354923773809 1.0521731592245036 
1 0.05009317946270455 1.4719143785220807 0.04011709101806117 2.2656097705656064 0.06938268918672791 0.0018673508251402606 0.06004518967441395 0.7829348411035131 
2 0.050113105847252884 2.141766006973678 0.04015382624132596 3.4166133336220326 0.06938586222269241 0.24276071764584878 0.06005559512810368 1.168596018574616 
3 0.050128215962096635 2.656109003918706 0.040181447540015715 4.456317428976335 0.0693893543958862 0.49986160368449806 0.06006428113458893 1.4969449284558312 
3 0.05012794743253403 2.6483039076611132 0.04018082019587711 4.574409564016001 0.06938929607769936 0.49844966942896357 0.06006416931710108 1.4377192748081435 
1 0.05008951149633911 1.277813401540358 0.0401111290113413 1.9634022642311098 0.06938244674364545 0.0013146459419184854 0.060043515764402464 0.700533490716385 
3 0.050127634840273515 2.637772795050656 0.04018023516744277 4.427895302037488 0.06938921841421682 0.4960994460522327 0.06006399700895504 1.4318349680935527 
2 0.050107906636350306 2.0268163811645525 0.04014394941554609 3.182975556131347 0.06938478004629792 0.15954462819856313 0.06005236421309832 1.0753160413423284 
1 0.05009246511172814 1.44702012958311 0.040116756438968885 2.120510753421942 0.0693826469576166 0.0018634484486253187 0.06004489889413829 0.766423666843316 
2 0.05010743401124109 1.9942596929412324 0.04014355865680422 3.052452536249467 0.0693847236461437 0.15793603414030552 0.06005209475190852 1.0908350842718728 
3 0.05013164626982697 2.769683595718361 0.040187892491918516 4.727174931630993 0.06939015359432876 0.525192770650355 0.06006604645792679 1.5059520837764349 
1 0.0500876570702818 1.198284244342001 0.040107001222801794 1.7092203375692478 0.06938234162144181 0.0011599645382039195 0.06004267776906134 0.6587775038477941 
4 0.050154149730648356 3.5167959746451176 0.04022782897386148 5.9707649706520645 0.06939627686937452 0.7671838071643526 0.06007965411653047 2.008120562873944 
2 0.05010974294460544 2.0405373495066987 0.04014796466780598 3.363455144853171 0.06938512966670758 0.22736068469990434 0.06005337531128567 1.0022790355658184 
2 0.05011013006811127 2.052995607289451 0.04014824558138567 3.4209374696807933 0.06938519888382258 0.22894028247884673 0.060053497623965724 1.0705409192193467 
1 0.05008848047820495 1.2413081021526728 0.04010900993164122 1.7782577904371877 0.06938236467058165 0.001125251721901187 0.0600431110298932 0.6784304293538558 
1 0.05009306271018245 1.4670325008151008 0.04011694836764403 2.161550566163308 0.06938268056590229 0.0018755076729967755 0.0600451539314575 0.7811729382120871 
3 0.05013121680091246 2.7552496853990824 0.04018670399130142 4.759302336376623 0.06939005647953377 0.5219515074788547 0.06006582366410566 1.5504482538301374 
2 0.05010897113805649 2.062378290996322 0.040145868854130046 3.193370913356225 0.06938498249707227 0.18315782897990593 0.060052914993529105 1.0963217255323534 
3 0.05013239683688784 2.7763756659801087 0.040188948944142044 4.876429802696006 0.06939033962573544 0.5594321601574973 0.0600665417050697 1.5208771996775756 
2 0.05011107848713984 2.0836443954883426 0.04015063552946584 3.420544378818019 0.0693853795814737 0.23276150477280405 0.060054062872414174 1.0840475095035034 
2 0.05011491200494829 2.2383210451249793 0.04015756980917968 3.5399183981696942 0.06938624420827474 0.2510673628937976 0.06005672802623167 1.178195503652007 
2 0.05010756327436592 2.016715437233642 0.04014370918822756 3.3405416470976403 0.06938472340789643 0.15832106734866794 0.06005225325049903 1.0833563255116432 
1 0.050089206654911844 1.2514526409464208 0.04010998256583613 1.8885046528619072 0.06938241995524123 0.0013402301386266848 0.06004339193883244 0.6940332926277897 
1 0.05009043119914808 1.379369878765041 0.040112526375504755 2.1110152839767276 0.06938249399925492 0.0016146872217122226 0.0600439404436773 0.7215510045410337 
3 0.05013318830543062 2.821124313240744 0.04019028328913838 4.876728366492674 0.06939052585551571 0.5656491017274139 0.060067072418225606 1.5815860041381615 
2 0.05011267536540594 2.1161530581609815 0.04015302939602573 3.310104077192757 0.06938567631666015 0.2390720434835683 0.06005496681629317 1.1629619509864144 
4 0.050148015522273284 3.3151769677866136 0.040216848778660094 5.741362208373234 0.06939456133230792 0.7172241475425185 0.06007597631142482 1.884971121287201 
2 0.05010801386925664 1.9838522777651568 0.04014452813830239 3.203991028493219 0.06938481325437247 0.1599482902832862 0.060052475911162494 1.0791848433606437 
3 0.05012952287182907 2.6998433766934684 0.04018370924875077 4.66443784721718 0.06938966026464322 0.5095109977493596 0.060064989510204427 1.4669500255402084 
1 0.05009350444013042 1.4652864391956808 0.0401182860629446 2.456749289037318 0.06938271270419699 0.0018408211178004147 0.06004531511258383 0.7889619441585246 
1 0.05008760891535362 1.2151988508796883 0.040107514478772026 1.9150510180715812 0.06938235639187067 0.001154582996197024 0.06004271139248433 0.6603622462764307 
1 0.050090219547309155 1.3371594727610727 0.04011248722147365 2.0648892913295858 0.069382487250138 0.0016311878797546323 0.06004387916826326 0.7174553027352722 
4 0.050151875068183326 3.4406843498003896 0.04022375796103822 5.960931731771998 0.06939563166048897 0.7482640943553713 0.06007830018917186 1.9068419444475033 
1 0.050093157859458406 1.461399066833475 0.04011743473840498 2.112275595627851 0.06938268894129836 0.0018704805944304698 0.06004516222408289 0.7816657429047117 
4 0.05015008581852054 3.3830583297355643 0.04022054286623798 5.862044026829196 0.06939512509831215 0.7338231239692932 0.06007722652405103 1.9267672860103118 
3 0.05013429120838307 2.8394393233915407 0.04019231811842361 4.919935497954322 0.06939079312700672 0.603564664686629 0.06006776009886007 1.6036995629331177 
3 0.05013064451114515 2.737130559321085 0.04018571534973957 4.715889721216807 0.06938993263769967 0.5178766643193775 0.06006556367526929 1.5326823144127146 
1 0.05008754242943728 1.1882619583418836 0.0401065490128322 1.7693172043007812 0.06938232765323445 0.0011628635124474305 0.060042687749751564 0.6581283784076639 
3 0.050128623510707127 2.6695551349026316 0.04018293946724844 4.339173738173454 0.06938944080135086 0.502502574412186 0.060064432092311784 1.4932075009719785 
2 0.050110519353622804 2.1339035193919225 0.040149470496508036 3.410025920286526 0.06938527941938097 0.2306339634552801 0.06005380056257328 1.0162699106398396 
1 0.05009278631149964 1.4411281758804229 0.04011638537740152 2.2025317437636973 0.06938265671633928 0.0018350166960929611 0.06004502963052275 0.7744054926497882 
3 0.05013449121602931 2.865265147707154 0.040192569258817736 4.951104904806296 0.06939084564606926 0.6057065311930281 0.06006786462247906 1.6076248450744195 
1 0.050088778820787626 1.1928245620049727 0.04010971148292913 1.7908685484843616 0.06938240121102739 0.0013222551400661727 0.06004324432942898 0.6851846229404097 
2 0.050112415449360945 2.1585515756285445 0.040152938113578986 3.321996403942909 0.0693856240614631 0.2379282401317051 0.060054837228788384 1.1590067507938735 
1 0.050089216579580466 1.262749147749356 0.04011041354922718 1.9955646792116504 0.0693824258361108 0.0013025241119075856 0.06004340622155768 0.6932306009001942 
3 0.05013433190031445 2.840759974936795 0.04019233980936916 4.8742587448795485 0.06939080157358225 0.6039616066487635 0.06006777469179449 1.6043827837758997 
4 0.05014852112984599 3.3328443195407926 0.04021775133756646 5.772281359841794 0.06939469617291939 0.7214466038852574 0.06007631287181999 1.8434968482492216 
4 0.050152762988155374 3.4718562855639243 0.04022539107397827 6.016261444704753 0.06939588868658284 0.7560404821320351 0.06007886743273087 1.9808640668051052 
4 0.05015280455830388 3.4731702824583666 0.040225458836264334 6.020299164651057 0.06939591722377905 0.7565361427030087 0.06007889726515438 1.981451130728292 
4 0.05014958544792494 3.366936793639468 0.04021968159932255 5.832318139667992 0.06939499781659651 0.7299488952415388 0.06007693117626025 1.9164550879966853 
4 0.050149678155098375 3.3693436001229076 0.04021982919472569 5.71688937463802 0.06939502129315626 0.7305743504806935 0.06007698553840239 1.8651206013401047 
3 0.050130008533432815 2.715916611826114 0.04018499903088356 4.68940445885534 0.06938978538869832 0.5130248709100769 0.06006520911390362 1.483482719451808 
4 0.050153685747405086 3.5024862836256085 0.04022704331552016 6.072004497838438 0.06939615480336102 0.7635915235684693 0.06007940500980793 1.9993345303947456 
2 0.05011522637970837 2.2817552879512024 0.04015765589354799 3.6282721022330535 0.06938632130704474 0.2524476802545312 0.06005700555720102 1.168048306556312 
2 0.05011230005793956 2.1726177672423987 0.04015236443680491 3.363768671486723 0.06938558910143947 0.23746581196748623 0.06005477268391729 1.1550627302115148 
4 0.05015213802757366 3.4506905060481174 0.04022421695394095 5.977839647170135 0.06939570492063024 0.7505449476198575 0.060078468268419935 1.9670290759231754 
2 0.050113826187044005 2.2337125246889955 0.04015489276922503 3.4205989196320425 0.06938599979249686 0.24603914081606412 0.06005609169939311 1.1812373791601414 
3 0.050130751083627946 2.7408803619029967 0.04018678594065416 4.399934656236736 0.06938996729298674 0.5189167974277201 0.0600656563870073 1.5348942862040675 
1 0.050093157859458406 1.461399066833475 0.04011743473840498 2.112275595627851 0.06938268894129836 0.0018704805944304698 0.06004516222408289 0.7816657429047117 
1 0.050086929394678036 1.1168201522581982 0.0401060442311736 1.8751996357843541 0.06938226264519085 0.001189148624792906 0.06004240811202771 0.6443981113992935 
1 0.05008930161115065 1.3357122501649887 0.04011073204912071 2.0613450214344646 0.06938242400596192 0.0013258409394836439 0.06004350654566164 0.6977610635079075 
2 0.05010836759923283 2.025687910497085 0.04014525858481839 3.285248763303727 0.06938488685209085 0.16079305751136247 0.06005268207563428 1.0865537300794859 
4 0.05015327843735064 3.487156108116544 0.040226228740521335 6.044732592695661 0.06939604017629716 0.7602733108616333 0.06007911306606687 1.9899737488754035 
2 0.05011119666787459 2.137276831227135 0.04014988913874814 3.3094523534891294 0.06938539992610707 0.2333417143319248 0.060054155303047474 1.1379645563040752 
1 0.05009217898211734 1.4194258957399293 0.04011584329441241 2.1453612220415543 0.06938261914251527 0.0017822290319177488 0.0600447424579699 0.7605008674337875 
4 0.05015341160176473 3.49312300032958 0.04022652647254102 6.054462573007936 0.06939610379448845 0.7615339766463123 0.06007924538905224 1.993158732900374 
2 0.050112176628330715 2.168481773928881 0.040152476918094704 3.223881412251913 0.06938558321695466 0.23688101102964504 0.0600546588997129 1.1526541249459092 
1 0.05008760891535362 1.2151988508796883 0.040107514478772026 1.9150510180715812 0.06938235639187067 0.001154582996197024 0.06004271139248433 0.6603622462764307 
1 0.050088820416039036 1.2070773534290224 0.04010996622833342 1.9639733769688472 0.06938239062397566 0.0013690739495717716 0.06004323578804892 0.6860451837226836 
3 0.05012940304858573 2.6958757218100686 0.040183905761441416 4.6520497101899725 0.0693896326484423 0.508508809666045 0.06006490825729756 1.5081175523152983 
1 0.05008798854518589 1.2392114503101 0.040107586770280715 1.798403875217058 0.06938234934036268 0.0011379812475736026 0.06004286522202464 0.6674501938532019 
2 0.05011390105255242 2.253481271453366 0.04015470566629453 3.4905621373173887 0.06938602829374153 0.24651710806739752 0.0600560855537003 1.1242298230747338 
4 0.050151370461360124 3.4252353444638324 0.040222860974764366 5.934072676235688 0.06939551036062128 0.7445984986575737 0.06007797997174917 1.8970995095592122 
1 0.050091349851858244 1.3561314679764176 0.040114437869778405 2.081475069051918 0.06938256901307668 0.0017281067042762628 0.0600443602115451 0.7425551944816537 
3 0.05013064451114515 2.737130559321085 0.04018571534973957 4.715889721216807 0.06938993263769967 0.5178766643193775 0.06006556367526929 1.5326823144127146 
4 0.05015280455830388 3.4731702824583666 0.040225458836264334 6.020299164651057 0.06939591722377905 0.7565361427030087 0.06007889726515438 1.981451130728292 
3 0.050127634840273515 2.637772795050656 0.04018023516744277 4.427895302037488 0.06938921841421682 0.4960994460522327 0.06006399700895504 1.4318349680935527 
4 0.0501502139666366 3.3869377874017346 0.040220747594594805 5.866652081732125 0.06939516975256603 0.7349526491859517 0.060077319607909165 1.8756218542607488 
4 0.050153737883320615 3.5033924926130355 0.0402272099883473 6.070316282343962 0.06939616170490201 0.7638955439319823 0.0600794318393291 2.000137049385934 
2 0.050108147999417076 2.034852039264481 0.04014433216721094 3.156207139133497 0.06938484014460626 0.1603659745008068 0.06005252015887812 1.0812442168391332 
3 0.05013318830543062 2.821124313240744 0.04019028328913838 4.876728366492674 0.06939052585551571 0.5656491017274139 0.060067072418225606 1.5815860041381615 
4 0.05015487944346243 3.4589658505949763 0.040229119977276226 6.1367621722461045 0.0693964820437244 0.772991225341034 0.06008010585420287 2.022742534995383 
2 0.05011185693654202 2.1584885512293916 0.040151582056252924 3.2841184180346863 0.06938551258533501 0.23574387329619045 0.0600545753378958 1.1467539834597813 
2 0.050108633425896276 2.0518966251146065 0.040145228368739475 3.0124914404796153 0.06938492276519 0.16164476932054042 0.06005278546518896 0.9487326100609531 
3 0.05013421601115774 2.8368732724641568 0.040192092110557964 4.838787783404485 0.06939077190111158 0.602752433511729 0.06006771869133579 1.6019812595318519 
1 0.050087713050516645 1.2207848931860823 0.04010828289679254 1.9393093869784974 0.06938233618864223 0.001160191358409447 0.06004277015249039 0.6617286619572026 
3 0.05013259623128545 2.7829815104943565 0.04018913931048455 4.562680711572428 0.06939038249944937 0.5605405068896442 0.060066716379553506 1.5700828292372946 
4 0.050154352674589696 3.5234386658420385 0.040228232121506176 6.108036720113458 0.06939635467551554 0.7689312118186121 0.06007979505097029 2.012028734032296 
3 0.05012925398259847 2.6907029301454153 0.0401840101454176 4.227061362348754 0.06938961071016618 0.5074212945611084 0.060064825261822864 1.4614102440810959 
3 0.05013267534407602 2.7856284173507033 0.04018933136812074 4.705775146511395 0.06939040314858343 0.5613982974699873 0.06006675568170912 1.5715359019540003 
2 0.05011155742922212 2.0981872400829062 0.04015103611545894 3.2078835716249876 0.06938546916619431 0.23453326566662472 0.060054268916219636 0.9915540025873273 
2 0.0501125117530688 2.1109940295981247 0.04015293209802075 3.325189991727214 0.06938564872099535 0.23830536673251132 0.060054880144558245 1.1587607339407984 
1 0.050093874647438884 1.450439661970701 0.0401185231521588 2.308620220709848 0.06938275482841119 0.0018100576293458488 0.06004552207103936 0.7986427830900977 
3 0.05013036804180913 2.727868322219975 0.04018539328893263 4.667864156216657 0.06938985753368232 0.5157333250340876 0.06006542539946351 1.5276461452798071 
3 0.05013036804180913 2.727868322219975 0.04018539328893263 4.667864156216657 0.06938985753368232 0.5157333250340876 0.06006542539946351 1.5276461452798071 
1 0.05009317946270455 1.4719143785220807 0.04011709101806117 2.2656097705656064 0.06938268918672791 0.0018673508251402606 0.06004518967441395 0.7829348411035131 
1 0.050087940333338264 1.1853077054295666 0.040107618122613806 1.819317457935583 0.06938232786181005 0.0011434248372642663 0.060042858053485415 0.6662508048340171 
1 0.05009382208232956 1.5583925484647676 0.04011866797144816 2.060416465537505 0.0693827459008552 0.0018136259065109459 0.06004548131168521 0.7977316482162048 
1 0.05008865290912401 1.1939460590116586 0.04010966200515044 2.063552000540762 0.06938238427472891 0.0012301089568194767 0.06004318724040325 0.6825582314735477 
4 0.05015389210093605 3.509400593191124 0.040227377068945566 6.081891093759419 0.06939619426338738 0.7650837292191934 0.06007952137053059 2.0031731335254648 
1 0.05009393048682128 1.4506670624305205 0.040119224444779514 2.023057095741578 0.06938277416902745 0.0018074801638659598 0.06004553386496705 0.7992799081191245 
1 0.050090965073116646 1.3362670793636025 0.04011355586033356 2.1401186534862724 0.06938254434386533 0.001623896178017077 0.06004418701493691 0.7334033860801769 
2 0.050114784413559835 2.1962127461648056 0.04015692534619501 3.5569197912281454 0.06938622857036073 0.2504845166235954 0.060056733937948206 1.1225828665050979 
4 0.05015341160176473 3.49312300032958 0.04022652647254102 6.054462573007936 0.06939610379448845 0.7615339766463123 0.06007924538905224 1.993158732900374 
3 0.050133544354141815 2.814562006755987 0.04019103320547603 4.812893832307377 0.06939062190252474 0.5974563590324542 0.060067261516611514 1.595191013317713 
4 0.0501509671634223 3.4119254651489777 0.040222150964852134 5.913025902153635 0.06939536244027943 0.740882750364863 0.06007776519020254 1.8898908081897616 
2 0.05010933282584784 2.0569337205143357 0.04014710700445936 3.342382213912727 0.06938505758589422 0.22573130794288415 0.06005317348457852 0.9602320861159231 
4 0.05014767469611971 3.3050137827329893 0.040216280167570145 5.724157638499463 0.069394428459383 0.7141772800552761 0.06007578447592012 1.878914118391338 
2 0.05011385962823286 2.1827406266247458 0.04015549367606924 3.4270752705368843 0.06938602751070126 0.24629585722523767 0.06005615399748828 1.1823328736594099 
4 0.050151416806481205 3.42641070645899 0.040222933812116494 5.937476260787817 0.0693954903403712 0.7445830317333193 0.06007803347773054 1.8977074458033918 
1 0.05009243675375223 1.5081282181022666 0.04011652019097247 2.0858647112540636 0.06938263885661246 0.0018728568020283348 0.06004488050266428 0.7672388223506793 
2 0.05011149904914387 2.0959061442615843 0.04015130097572123 3.2739276060280873 0.06938545435876768 0.2343383838252989 0.06005420861946346 1.0024256798271443 
3 0.050131057513687086 2.74998081194503 0.04018641639138028 4.751930391625794 0.06939001738049387 0.5208369472347674 0.06006576417422114 1.5401007836922183 
3 0.05013369963012645 2.819748278856001 0.04019041382263762 4.865289294357596 0.06939065380472147 0.5988884175423681 0.060067362839479374 1.5531970691698826 
3 0.050128479540204385 2.6658708263030837 0.040181740728277716 4.606805842810748 0.06938941495304096 0.5020188686800121 0.06006439366992681 1.4560613206493607 
4 0.05015320480357236 3.486459971164318 0.04022626476591039 6.041996285018797 0.06939601785222684 0.7595444075677156 0.06007913442335887 1.989782273053002 
3 0.05012936317367076 2.6945422047205208 0.040183482235077644 4.6562541953279295 0.06938962267252875 0.5084366456623852 0.06006491281783487 1.5078807440640916 
4 0.050149964400974176 3.3788273109525173 0.040220378681720195 5.855539476219695 0.0693950967885901 0.7330160976055142 0.06007712551221015 1.923499995392028 
4 0.05014878061911976 3.340554256991415 0.040218244175468695 5.787685383512856 0.06939476380591922 0.7233659200919941 0.06007643557863085 1.9003885639939782 
4 0.05015217860783362 3.452012431751844 0.040224286029127365 5.980129214873514 0.06939572466977006 0.7509241804043219 0.060078496980733434 1.9678175096317414 
3 0.050132795721803555 2.8079883855744696 0.040189612592705815 4.854144220563924 0.06939043586310367 0.5625534422996538 0.0600668274862423 1.5350483853827814 
2 0.050107272834148196 1.976854960432394 0.04014307234841476 3.2075915951389815 0.06938469039699882 0.1577556840957241 0.06005201196571554 1.0788111296464495 
3 0.05013528199176771 2.9495899729314443 0.040194045832270854 4.999384393901968 0.0693910477979576 0.6121676173739155 0.06006839935041526 1.6234136839659405 
4 0.050152762988155374 3.4718562855639243 0.04022539107397827 6.016261444704753 0.06939588868658284 0.7560404821320351 0.06007886743273087 1.9808640668051052 
1 0.05008840529758111 1.2760611946771676 0.040108114656398686 1.87810005775655 0.06938235660455887 0.0011059696481611153 0.06004304179008282 0.6756646790463735 
4 0.050153685747405086 3.5024862836256085 0.04022704331552016 6.072004497838438 0.06939615480336102 0.7635915235684693 0.06007940500980793 1.9993345303947456 
1 0.05008875695379511 1.2715480394211067 0.04010901960531556 1.9473272356674527 0.06938238550155415 0.0012558372028922198 0.06004322074650583 0.6853910501976548 
3 0.05013259623128545 2.7829815104943565 0.04018913931048455 4.562680711572428 0.06939038249944937 0.5605405068896442 0.060066716379553506 1.5700828292372946 
1 0.05008959495089752 1.2687796042593806 0.04011083590481949 1.966330369880416 0.06938244692828822 0.0013075111389786918 0.060043595062689734 0.7026906360400738 
4 0.05015312927902625 3.483842838878533 0.040226032985745785 6.038183105337365 0.06939598568056965 0.75891999313513 0.060079073868665255 1.9880781514493453 
2 0.050113794687171406 2.215098723514714 0.04015468979061545 3.48268012108545 0.06938598828089895 0.24598560798516092 0.060056028626533295 1.122315393114232 
4 0.05014828708311571 3.324589233009024 0.040217350066793466 5.758189716117884 0.06939463914605679 0.7195019387601341 0.06007614834144186 1.8907368271835305 
2 0.050110448779438696 2.0628392102048827 0.04014924724353281 3.4051521039767723 0.06938526682717558 0.2302980065075956 0.06005373592132074 1.12333849576904 
1 0.050091133137505205 1.3444043083232216 0.04011389505549699 2.0790869100877023 0.06938254661410966 0.00174931166964103 0.06004426913940454 0.7364434491972676 
2 0.050114374749358356 2.163250200274706 0.04015609252761382 3.6076916588304813 0.06938613737909083 0.24868070704721226 0.06005639634534075 1.1519663933430875 
1 0.05009059285699591 1.3491257869195565 0.04011316067650841 2.075021647826909 0.06938251361685274 0.0016008588633258543 0.060044019116934355 0.7246293949251189 
1 0.05008865290912401 1.1939460590116586 0.04010966200515044 2.063552000540762 0.06938238427472891 0.0012301089568194767 0.06004318724040325 0.6825582314735477 
1 0.050091383232826234 1.4152418707749257 0.04011379407861572 2.0999358312220777 0.069382567013217 0.0017247592152187011 0.06004438980308113 0.74328823670543 
4 0.05015533446020755 3.555444439301766 0.04022999546191784 6.160626425666214 0.06939660195991046 0.7766917945694243 0.06008033806301814 2.0313946653546386 
3 0.050131429084549414 2.7634473306189355 0.04018710150608024 4.774547182003685 0.06939011168467303 0.5236353765685708 0.06006595397882519 1.5031761088439715 
2 0.05011428905261388 2.265111795334671 0.04015615905203977 3.7430303456955274 0.06938612365292085 0.24822226321851745 0.06005638295906994 1.1292775317601709 
2 0.05011149904914387 2.0959061442615843 0.04015130097572123 3.2739276060280873 0.06938545435876768 0.2343383838252989 0.06005420861946346 1.0024256798271443 
4 0.05015040730208033 3.3933250121435634 0.04022112803989969 5.877994035787898 0.06939522811708423 0.7365019107746574 0.0600774324081804 1.8248154510014731 
3 0.05013204407690316 2.764553973839291 0.040188235554004643 4.808211695420137 0.06939025341228318 0.5564934643367205 0.06006627803536283 1.5139110332765497 
4 0.050148015522273284 3.3151769677866136 0.040216848778660094 5.741362208373234 0.06939456133230792 0.7172241475425185 0.06007597631142482 1.884971121287201 
4 0.050147641930059515 3.3033624991679615 0.040216198453534704 5.722512217700853 0.06939445983809689 0.7142347098153838 0.06007576368590288 1.8777668985518297 
3 0.05013461062844249 2.8692309709476604 0.04019326794964404 4.951734009753581 0.06939088458384336 0.6063829725091228 0.06006795191582896 1.61060902313977 
4 0.05015005485860378 3.3816590735339576 0.04022047661148938 5.859421711706763 0.0693951117162614 0.7334847940249307 0.06007723255439999 1.9272856695106757 
4 0.050150816740037095 3.4067207608454892 0.04022186348521957 5.902673035837552 0.06939535700559736 0.7399255040369692 0.060077676508841237 1.887103645331166 
1 0.050090219547309155 1.3371594727610727 0.04011248722147365 2.0648892913295858 0.069382487250138 0.0016311878797546323 0.06004387916826326 0.7174553027352722 
4 0.05015555926895705 3.5615220738378426 0.040230258228467125 6.176170464650037 0.06939665717263968 0.7782780596822002 0.06008047602741027 2.0351162509923504 
3 0.05013326790566035 2.8053148703938207 0.040190844429138964 4.695716514535337 0.06939055525574926 0.5662626065399217 0.060067096944117805 1.5438572631518934 
2 0.05010832579533695 1.9937006362890055 0.040144946384533864 3.22953685584841 0.06938486302625105 0.1606064100095108 0.06005261450485612 1.0920505772531766 
1 0.05008927330686408 1.2284214879533852 0.040110382180210714 1.8185343098314661 0.06938241863729502 0.0013339687118309271 0.06004345399480153 0.696385491596519 
3 0.05012828809174478 2.6593184859215975 0.04018154015246611 4.460213310412012 0.06938937528961985 0.5006069473103804 0.060064328222051766 1.4872361316323033 
3 0.050128691629714416 2.671997577882846 0.040182332110417586 4.6943603102157825 0.06938946423334316 0.503239677865098 0.06006452498107967 1.450120139500212 
4 0.05015475538363427 3.536518522046896 0.04022894264857326 6.13159246841975 0.06939645402727836 0.7720551535420299 0.06008002629415841 2.0200850423987995 
3 0.05013204407690316 2.764553973839291 0.040188235554004643 4.808211695420137 0.06939025341228318 0.5564934643367205 0.06006627803536283 1.5139110332765497 
3 0.05012917528430709 2.6880712304326684 0.040183530579042157 4.634701574152016 0.06938957435005386 0.506675633288949 0.06006475351340714 1.504193494452726 
3 0.05013180542934985 2.7749785601857555 0.04018779912314455 4.749223230521089 0.069390191482038 0.5262646500049399 0.060066113103989904 1.516310843373559 
2 0.05010942477633913 2.0285616991864597 0.04014725824924309 3.4733290557057908 0.06938506563113891 0.2260484257577362 0.06005324232349605 0.9968133705198792 
4 0.05015569583016342 3.5670555495805303 0.04023060755185903 6.184314093645639 0.06939672562610963 0.7797075918002528 0.060080573227727196 2.038498513279093 
1 0.050089971576473456 1.354096161679126 0.040112356974543975 2.160094694356771 0.06938247451952366 0.0015056965864034132 0.060043763126696306 0.7115826000883055 
3 0.050132876491478795 2.810669740728637 0.04019006575177704 4.820758325004083 0.06939045869843448 0.5630821305247056 0.06006687536126991 1.529212367314544 
1 0.05009063738983101 1.3684834517108646 0.04011308579680281 1.8982752940944398 0.06938249363168301 0.0016181471321857818 0.060044036562819425 0.7266092672567711 
3 0.050130328538192236 2.7265427299273406 0.04018551298579927 4.384547817589373 0.06938985700656627 0.5156461899176243 0.060065386438674075 1.4895208565985574 
3 0.050129043613369915 2.684592064729061 0.04018335035329029 4.615056823035727 0.06938955353809947 0.5061460829660508 0.06006470780261952 1.5112101782905056 
1 0.05008809397276165 1.2434864441043265 0.040108175833713844 1.9423058714425743 0.06938235072153226 0.0011291689664579784 0.06004293463984552 0.6695652583114298 
4 0.050153761890772516 3.505267996594816 0.04022718754062749 6.075663473331643 0.06939619412811786 0.7646838788946457 0.06007940508642736 2.0002230235111247 
4 0.050149923845940234 3.3775071666957275 0.040220260111053514 5.8526172698990875 0.06939510211724731 0.7328448987548529 0.06007713264832022 1.923307911161859 
4 0.050153359626585146 3.491915818110298 0.04022645998619266 6.051541575963127 0.06939606542979068 0.7609855536537031 0.0600792161555704 1.992885447223569 
1 0.05009103822485074 1.4131041230284338 0.04011374902524123 2.1061810237080723 0.06938253033861458 0.0017224521575919232 0.06004424976410546 0.7355430418116397 
2 0.050111452951315624 2.095162496008944 0.040150624623490436 3.2738257106342488 0.06938544457650335 0.2342700829607936 0.06005429455929717 1.140340423266927 
2 0.050112705139970716 2.1175173266940908 0.04015305776807705 3.1588959515590203 0.06938566148016859 0.2391506202439319 0.060054964195067874 1.1639961625192037 
4 0.05015209744666962 3.4493683137671773 0.04022417514688041 5.97827400466149 0.06939568232137641 0.7501110754364566 0.0600784463229603 1.9664487422266688 
2 0.05011519211913649 2.2138943694111495 0.04015825879999683 3.607248215850909 0.06938632596919223 0.2523340212305419 0.06005703159024014 1.166953309885011 
4 0.05015198212401952 3.4450260362467957 0.040223969194018425 5.970235019712203 0.06939565326536368 0.7491865957812867 0.0600783795334041 1.9638560586090499 
4 0.05015530195149015 3.554118136542608 0.040229869835584096 6.160908891886541 0.06939659792101076 0.7764839504927423 0.06008030498861709 2.0304364293999493 
3 0.050128479540204385 2.6658708263030837 0.040181740728277716 4.606805842810748 0.06938941495304096 0.5020188686800121 0.06006439366992681 1.4560613206493607 
2 0.05011238205983588 2.1757882777340942 0.040152088929162194 3.1702714625271486 0.06938561458366141 0.23775608624344008 0.060054690333236495 1.1591443213614316 
3 0.050129482867291256 2.6985292195311947 0.04018396262601352 4.653199332034329 0.06938965648997145 0.509247881316967 0.06006493948442151 1.5185708272284162 
3 0.05012929376545929 2.692019795296259 0.0401832712876075 4.650048194680972 0.06938960563653158 0.5078988681620895 0.06006485681360472 1.5068147161068963 
3 0.05013079150503082 2.7422114276551683 0.04018679249192744 4.408807970646317 0.0693899702596748 0.518835531526985 0.06006560960746885 1.535850172096413 
1 0.05009408543131858 1.5004476697642 0.0401188276515162 2.276042891321206 0.06938276843703241 0.0017940068518581276 0.06004564401583977 0.8030233267793051 
2 0.05011340793826924 2.2029045455497753 0.04015466854581711 3.6376547500673007 0.06938592772469235 0.24423611915663349 0.060055788149103805 1.1547347244160968 
2 0.05010937508948532 2.0758516986509052 0.04014707061965564 3.0937698831152103 0.06938504413918255 0.22588285854648654 0.06005324094941189 1.103657301084208 
3 0.05012759524071325 2.636452932090684 0.040179913636551955 4.4433328635865355 0.06938920237476752 0.49585307209063706 0.060063955623187046 1.4752523302032512 
4 0.05014860383884503 3.33554799084857 0.040217939018967856 5.777347971194429 0.06939470668496601 0.7218829215541998 0.06007637007051575 1.8990376897744798 
1 0.05008875695379511 1.2715480394211067 0.04010901960531556 1.9473272356674527 0.06938238550155415 0.0012558372028922198 0.06004322074650583 0.6853910501976548 
2 0.05010953820512888 2.0818526760660774 0.04014678744790283 3.2272642379820717 0.06938509007719743 0.2264626910977714 0.060053229298419775 1.1068706043070882 
4 0.05015023961489312 3.387991835444402 0.040220847940624874 5.8705231989650555 0.06939517687211397 0.7352178196515277 0.060077340706975714 1.8757148483693478 
4 0.050150765757292694 3.405388211103271 0.040221781343990085 5.90153416159651 0.06939532486799327 0.7396205174562096 0.06007761467365358 1.8854631503804833 
3 0.05012940304858573 2.6958757218100686 0.040183905761441416 4.6520497101899725 0.0693896326484423 0.508508809666045 0.06006490825729756 1.5081175523152983 
3 0.050134256627290874 2.8382292265950406 0.040192192429307536 5.013264590332774 0.06939078031252235 0.6033467448381734 0.06006771025967631 1.556048582831584 
1 0.050092560284954665 1.4061049244795736 0.04011614595545042 2.1761984783114583 0.06938263717843077 0.0018561006397942348 0.06004491272293601 0.7697187982047848 
4 0.05014999408850897 3.3802638720756497 0.04022040024194782 5.855580150887688 0.0693950900500502 0.7331054705534594 0.06007718960618559 1.8726040921991154 
4 0.050152762988155374 3.4718562855639243 0.04022539107397827 6.016261444704753 0.06939588868658284 0.7560404821320351 0.06007886743273087 1.9808640668051052 
4 0.05014857338017611 3.3338340067635137 0.040217851012857596 5.775074517588789 0.06939467681742265 0.7214761287828237 0.06007634563718893 1.8983030372779044 
4 0.05015036654114959 3.392041245028211 0.04022105540449415 5.875624701706347 0.06939520526974345 0.7361031270123324 0.060077396315870044 1.8234568372714157 
3 0.05012904891808827 2.6839786271577792 0.040183294358863655 4.627608662067674 0.06938955741843653 0.5061273677338541 0.06006472170626788 1.5016537477699357 
4 0.05015451284161482 3.528727974090787 0.04022846592916743 6.115743102881896 0.06939637204388763 0.7700120782338773 0.06007988435776969 2.015250310799859 
3 0.05013508369385773 2.9235861484923675 0.040193600255722085 4.985505926116344 0.0693909952461462 0.6106412160373046 0.06006823785732529 1.6194571432514795 
3 0.05013003796818059 2.7170800967021966 0.04018461670010729 4.384718541416797 0.06938979009494348 0.5134815395920361 0.06006529142624195 1.5213884608609534 
3 0.05013003796818059 2.7170800967021966 0.04018461670010729 4.384718541416797 0.06938979009494348 0.5134815395920361 0.06006529142624195 1.5213884608609534 
3 0.05013362009475221 2.8171066054802223 0.04019144928148759 4.958645040814329 0.0693906316899425 0.5978114699148517 0.06006731338626462 1.5909921414312076 
3 0.05013239683688784 2.7763756659801087 0.040188948944142044 4.876429802696006 0.06939033962573544 0.5594321601574973 0.0600665417050697 1.5208771996775756 
3 0.050131685950570916 2.7710014341309135 0.04018797977442634 4.783306123817752 0.06939016248893204 0.5251786000807357 0.060066079401787945 1.5524410693480566 
2 0.05010897113805649 2.062378290996322 0.040145868854130046 3.193370913356225 0.06938498249707227 0.18315782897990593 0.060052914993529105 1.0963217255323534 
1 0.05009008953780002 1.3234345696704257 0.04011248803459234 2.0214028242155067 0.069382495361865 0.0014978473078056435 0.060043808467317016 0.7143772737672442 
2 0.05011077366005947 2.1237910711870644 0.040149700114814904 3.433468404898629 0.06938531685231078 0.23153421388280204 0.060053976641476034 1.0569184584778573 
3 0.05013504516631926 2.9223538859342653 0.04019390730895252 4.983861342562745 0.06939097223703343 0.6101258425122452 0.06006820340648759 1.618695401857839 
2 0.05011203930635298 2.1449902350837875 0.040151958383066275 3.2601346638489916 0.0693855423972169 0.23620073347449058 0.06005454673993864 1.151433986602801 
2 0.05010937508948532 2.0758516986509052 0.04014707061965564 3.0937698831152103 0.06938504413918255 0.22588285854648654 0.06005324094941189 1.103657301084208 
3 0.0501320839689174 2.765875525767695 0.04018873657309177 4.770570621922995 0.06939026709171922 0.5569278727374627 0.0600662935288513 1.5671478503363567 
4 0.05014767469611971 3.3050137827329893 0.040216280167570145 5.724157638499463 0.069394428459383 0.7141772800552761 0.06007578447592012 1.878914118391338 
1 0.05008865290912401 1.1939460590116586 0.04010966200515044 2.063552000540762 0.06938238427472891 0.0012301089568194767 0.06004318724040325 0.6825582314735477 
1 0.05008679940672735 1.1669040803271145 0.040105411271864545 1.8084850423975531 0.06938228567973428 0.0011967782540040367 0.060042356124468343 0.6412847096782986 
1 0.05009040018832295 1.3428814560333384 0.04011305723533964 2.073363697666942 0.06938247795644192 0.0016174187342892418 0.06004394498685113 0.7206923785601778 
1 0.05009160047012985 1.4248245564947788 0.04011501617592962 2.295140266475909 0.06938258236280703 0.0017389474664692428 0.060044435711560595 0.746648698437733 
3 0.050133228067627225 2.8224479915621523 0.04019135689478649 4.676894394603296 0.06939054612378621 0.5655951680390466 0.06006711741792072 1.582013705509595 
2 0.05010875698793754 2.0086204432099577 0.04014616742356632 3.1270698709927194 0.06938495148675376 0.1824319380661768 0.06005289297411539 0.9503257353431017 
2 0.050113794687171406 2.215098723514714 0.04015468979061545 3.48268012108545 0.06938598828089895 0.24598560798516092 0.060056028626533295 1.122315393114232 
4 0.05015364509080027 3.5011717842306 0.04022697538002215 6.069311250679398 0.06939615110968603 0.7633125236309827 0.060079385794820014 1.9984651127514912 
4 0.050149719383650884 3.292646626690749 0.04021989414055264 5.83874299471713 0.06939504722791048 0.7310871738035877 0.06007699646525202 1.9186453598412694 
3 0.050132755843886566 2.806662505737376 0.040190344751983895 4.505910723268208 0.06939043616157606 0.5621090154273695 0.0600668533034736 1.572575298401767 
3 0.050127882366600915 2.645875102484227 0.040180932546068096 4.449449133099191 0.06938927481399583 0.4977255528624571 0.060064083292878725 1.4450040921453373 
3 0.05013073657248727 2.739971799343298 0.04018588868532634 4.687249452413303 0.06938994336722823 0.5186888965775485 0.0600656149145201 1.5421467448353983 
4 0.050151758365105895 3.4320619948670013 0.04022337662973529 5.952087132628465 0.06939556034848617 0.7464836602109718 0.06007818314111528 1.9025486114795052 
1 0.050090121181793054 1.3585680058260228 0.040112216910951376 2.1299177618349194 0.06938246309325863 0.0014953226930065938 0.06004380013017955 0.7142544878839332 
1 0.05009338827775658 1.5419372011286547 0.04011804528762666 2.225265422936365 0.0693827251496452 0.0018493450806712907 0.060045298625942864 0.7884054071324185 
4 0.05014787275942687 3.305138339514638 0.04021645368050012 5.727862224402065 0.06939448885801769 0.7152441234959664 0.06007582389967027 1.8801217858489268 
2 0.05010806232580524 1.9851995807134686 0.04014443812640266 3.2742770122113916 0.06938482713792657 0.15978219669853364 0.06005245139734412 1.0036203511661053 
3 0.05013326790566035 2.8053148703938207 0.040190844429138964 4.695716514535337 0.06939055525574926 0.5662626065399217 0.060067096944117805 1.5438572631518934 
4 0.05015153377695183 3.430497127514483 0.040223149996360605 5.94301980376571 0.06939555090397456 0.7457580478873024 0.06007810751420199 1.9002659084644022 
2 0.05011326482411227 2.0949583627861657 0.040154190125186555 3.425515535876161 0.06938589285732007 0.24353617405998831 0.0600557575837809 1.1335398592644392 
1 0.05008911844517141 1.1759296987772652 0.0401102195532914 1.8576776161830728 0.06938241526140841 0.0013453777145267993 0.06004337295721759 0.6927292889004882 
4 0.0501509671634223 3.4119254651489777 0.040222150964852134 5.913025902153635 0.06939536244027943 0.740882750364863 0.06007776519020254 1.8898908081897616 
1 0.05008809397276165 1.2434864441043265 0.040108175833713844 1.9423058714425743 0.06938235072153226 0.0011291689664579784 0.06004293463984552 0.6695652583114298 
4 0.05015519943892478 3.5515371340457014 0.040229732642796466 6.031787443055731 0.0693965847121174 0.7759072716019219 0.06008025526624844 2.028651228935857 
1 0.05009246511172814 1.44702012958311 0.040116756438968885 2.120510753421942 0.0693826469576166 0.0018634484486253187 0.06004489889413829 0.766423666843316 
4 0.05015255886208118 3.383219079665312 0.0402249752833139 6.001034120332967 0.06939582840996597 0.7538493528878203 0.06007871254548288 1.9751427302284141 
2 0.05010984120621966 2.0931485227981996 0.040147895281148614 3.3350446355041674 0.06938515399643909 0.22780337057869157 0.060053368375538395 1.1124001960934353 
4 0.05014946229731856 3.363003533806496 0.04021944977964635 5.82699014283201 0.06939496301347635 0.7290036412085591 0.06007687146755668 1.9149484014995828 
3 0.050132716042623204 2.805342747373074 0.040189450363788785 4.84027781528387 0.06939039991753855 0.5617321168094562 0.060066801175293894 1.5721862908074542 
4 0.05014955699203394 3.3652329026382874 0.04021962431212688 5.830477683620276 0.06939499295999804 0.7297069978333484 0.0600768846938816 1.9153889771714934 
1 0.05009063738983101 1.3684834517108646 0.04011308579680281 1.8982752940944398 0.06938249363168301 0.0016181471321857818 0.060044036562819425 0.7266092672567711 
4 0.050154960007588 3.543427503742298 0.04022917819195702 6.144621112101598 0.06939649806428444 0.7736280790082336 0.060080139303071364 2.0240371646457964 
3 0.05013516335299563 2.945592862705184 0.04019372721252146 4.991968968564376 0.06939100682069192 0.611300794376707 0.06006828118213943 1.6271877971104203 
1 0.05009198344350493 1.3775946174602378 0.04011513412361541 2.1313962017380583 0.06938259956484713 0.0018048815871573483 0.060044698298483176 0.7568488876266937 
1 0.050093874647438884 1.450439661970701 0.0401185231521588 2.308620220709848 0.06938275482841119 0.0018100576293458488 0.06004552207103936 0.7986427830900977 
2 0.05011230005793956 2.1726177672423987 0.04015236443680491 3.363768671486723 0.06938558910143947 0.23746581196748623 0.06005477268391729 1.1550627302115148 
1 0.05008968892973161 1.3216040215671554 0.04011185920399083 1.984805582805808 0.06938247212827106 0.0013299529109130049 0.06004363909381829 0.7054937863477797 
4 0.050148821483235864 3.341835041410789 0.04021831118586148 5.790010927788337 0.06939476342006737 0.7235590902241392 0.06007648331029506 1.849743845907092 
1 0.05008906339136817 1.1890080774989051 0.04010988318045822 1.8518542260564654 0.0693824320763883 0.0012958430524200944 0.060043389127311685 0.6919851663384382 
3 0.05013310871839326 2.818440922732353 0.040190144825942464 4.828278792099814 0.06939050483618196 0.5649321186792713 0.06006700246187906 1.5870811626776986 
1 0.05009267494819736 1.399676531053046 0.04011675431981644 2.1244246370403004 0.06938263291299859 0.0018636611841542027 0.060044940243240676 0.7715794026225375 
2 0.05011107848713984 2.0836443954883426 0.04015063552946584 3.420544378818019 0.0693853795814737 0.23276150477280405 0.060054062872414174 1.0840475095035034 
2 0.050108806779741014 2.009411898068236 0.04014601201473507 3.3072510030646454 0.06938494831665744 0.18263602163203638 0.06005290651453271 0.9511410524848467 
1 0.05008904368757335 1.2902129995024798 0.04011068268705236 1.9391230290298709 0.06938242068855249 0.0013128583723080066 0.060043360130925996 0.6914854322869615 
1 0.05008788773246977 1.246713184264312 0.04010822106510533 1.9328962260038396 0.06938233184372057 0.0011205434986689042 0.06004282331276676 0.6648938410596921 
3 0.050129731808338254 2.7066686350235623 0.04018433929419224 4.67131356754709 0.0693897104097292 0.5111494339433331 0.06006505744530882 1.5228685966246533 
2 0.05011135916568129 2.0929004848768717 0.04015084195145871 3.2669521199154232 0.06938543676093636 0.23398564594286828 0.0600543327165452 1.0671412371541098 
2 0.050111945678554315 2.142907455984919 0.040152174712415264 3.296033418289217 0.06938554122654395 0.2361499593329161 0.06005456758605088 1.0436512877442294 
4 0.050153963963001945 3.512133566707572 0.04022780022832616 6.082882709695676 0.06939622997476062 0.7660012438754965 0.06007953670766033 2.004754140411635 
4 0.05015209744666962 3.4493683137671773 0.04022417514688041 5.97827400466149 0.06939568232137641 0.7501110754364566 0.0600784463229603 1.9664487422266688 
2 0.050110698674715515 2.0717745260736184 0.04014889769781009 3.2534788807364223 0.06938529797443042 0.23127657469314142 0.0600538648808584 1.0440329028897737 
4 0.05014909238543993 3.3514274682057144 0.04021881308221277 5.806471842062239 0.06939484105085227 0.7258976866560015 0.060076671456780806 1.9080778101175995 
3 0.05012981088115104 2.7093086836133464 0.04018413689098436 4.681175709732304 0.06938972593020909 0.5116274081523932 0.06006511321185472 1.4717050670471221 
2 0.050111767253729546 2.154712194631815 0.040151853471893637 3.2859247396738334 0.06938550607872002 0.2353596414643393 0.06005450230267151 1.1452911428202686 
1 0.05009178010444918 1.3689699870757188 0.04011519845262281 2.01127410884161 0.0693826012467723 0.001723570122003035 0.06004454576804856 0.7509737429579723 
1 0.050086929394678036 1.1168201522581982 0.0401060442311736 1.8751996357843541 0.06938226264519085 0.001189148624792906 0.06004240811202771 0.6443981113992935 
1 0.05009030584668141 1.37542991709884 0.040113016031695994 2.123524325055212 0.06938250568294722 0.0015093293712235135 0.060043883597296545 0.7184467405893719 
3 0.05013342714447312 2.810624555361139 0.04019100314895814 4.884016698513726 0.06939058979089197 0.5965382065694343 0.060067190172061545 1.547035569584485 
2 0.05011428905261388 2.265111795334671 0.04015615905203977 3.7430303456955274 0.06938612365292085 0.24822226321851745 0.06005638295906994 1.1292775317601709 
2 0.05011411781875508 2.173214307243831 0.04015610803626779 3.477617184107738 0.06938608045721908 0.24759124397294272 0.060056326474433874 1.1867955823583813 
4 0.05014963658770338 3.3679966921408537 0.040219764568473725 5.834185199738539 0.06939501747586546 0.7303185348661863 0.06007698992158639 1.919310908195176 
1 0.050092146243062644 1.4192236510938627 0.040116137307266764 1.9689394177539448 0.06938260563099959 0.0017849909395828898 0.06004469796389704 0.75921822641898 
3 0.05012767513602281 2.63909931518918 0.04018049509602748 4.423730166985652 0.06938920834142069 0.4961717050848734 0.06006400275874416 1.432198424408503 
3 0.050135442569200585 2.954917961244469 0.04019434844583736 4.9148599489144384 0.0693910711894459 0.6135289368707615 0.060068463416646 1.626688037353648 
4 0.050154199801926494 3.518133587085912 0.04022788651099431 5.972206727461009 0.06939630527591344 0.767575879870809 0.0600797099117565 2.008651984255269 
1 0.050087262811223 1.1853152969629213 0.04010674242227779 1.829676333394639 0.0693822991537333 0.0011580910818595796 0.06004257411674578 0.6515849359077243 
4 0.050148821483235864 3.341835041410789 0.04021831118586148 5.790010927788337 0.06939476342006737 0.7235590902241392 0.06007648331029506 1.849743845907092 
4 0.05015439309726664 3.4434648731999244 0.04022826611380242 6.108203715746475 0.06939637176580817 0.769352793857284 0.060079810793720476 2.012563213178889 
3 0.050132755843886566 2.806662505737376 0.040190344751983895 4.505910723268208 0.06939043616157606 0.5621090154273695 0.0600668533034736 1.572575298401767 
1 0.05009089394762115 1.3937551216294826 0.04011352580020263 2.0832111608331276 0.0693825394318929 0.0016271346716392032 0.06004416147882661 0.7327300559358354 
1 0.050092369551425306 1.4347166487731697 0.040115707525727705 2.1519113698109322 0.06938259414778668 0.0018732831954511153 0.06004479308488471 0.7636536259864218 
2 0.05011501778338044 2.2739347218384696 0.04015750699545482 3.7595588739173125 0.06938628048818798 0.25142236995162576 0.060056801329626895 1.1801447605078574 
1 0.050087518156673075 1.1401813972837613 0.04010741403150146 1.8919739119906869 0.06938234641684435 0.0011392006858487959 0.06004265362937598 0.657123403034179 
2 0.050112980586973555 2.137902526045503 0.0401538034290758 3.590506506772143 0.06938582157418718 0.24207579431271084 0.0600554111132254 1.073005422449998 
4 0.050149719383650884 3.292646626690749 0.04021989414055264 5.83874299471713 0.06939504722791048 0.7310871738035877 0.06007699646525202 1.9186453598412694 
3 0.05013188498723686 2.77762674514277 0.04018808189758698 4.843565552489928 0.06939021428620025 0.5270508230283087 0.060066192359715956 1.55589771232814 
3 0.050132795721803555 2.8079883855744696 0.040189612592705815 4.854144220563924 0.06939043586310367 0.5625534422996538 0.0600668274862423 1.5350483853827814 
2 0.05010958005592055 2.083126045978132 0.04014761688527266 3.354589573648126 0.06938510816627237 0.2267103672739247 0.06005325023264781 1.1077351732751408 
3 0.050129009217915334 2.682643050107521 0.04018327903795678 4.473552089337241 0.0693895415190541 0.5056300013422883 0.060064663449966124 1.4563300756277333 
2 0.05011362003809407 2.1401459358627397 0.040155116488568995 3.482899665518508 0.06938597643239379 0.24507596880568014 0.06005587073359749 1.1198160874123684 
4 0.05014797259620233 3.3143518729978587 0.04021678541349214 5.74207940809462 0.0693945229028837 0.7166610996786212 0.060075944976148044 1.8845366820158707 
3 0.05012934769067764 2.693582962479494 0.040183797238614094 4.46660994822051 0.06938961959114087 0.5079392359319715 0.06006481023804163 1.5153890329985185 
4 0.05015308485210732 3.482430869816116 0.04022596216664491 6.036262502822622 0.06939599006307574 0.7588922943228809 0.06007902923848936 1.986972843072433 
1 0.050090738991013725 1.4056050271579141 0.04011315585073213 2.0304259601124666 0.06938253434627747 0.0016077968967470736 0.060044105221219835 0.7293075110262264 
3 0.050129009217915334 2.682643050107521 0.04018327903795678 4.473552089337241 0.0693895415190541 0.5056300013422883 0.060064663449966124 1.4563300756277333 
4 0.05015300769005421 3.479716790087772 0.04022585113963902 6.033509101986519 0.06939596135787736 0.7582881344088748 0.060078966796822696 1.9854517448494977 
2 0.050107272834148196 1.976854960432394 0.04014307234841476 3.2075915951389815 0.06938469039699882 0.1577556840957241 0.06005201196571554 1.0788111296464495 
4 0.050154352674589696 3.5234386658420385 0.040228232121506176 6.108036720113458 0.06939635467551554 0.7689312118186121 0.06007979505097029 2.012028734032296 
1 0.050087474197327266 1.1640804871305204 0.040107028265809905 1.8201844309416777 0.06938233630813184 0.0011432375553280126 0.060042651386818656 0.6565714258562352 
1 0.05008806867187517 1.2301776433994904 0.040108646562758914 1.9068708768715852 0.06938235670192136 0.0011258101127035584 0.060042943687848516 0.6699246635424296 
4 0.050148645240657506 3.336888143567024 0.040217986190709744 5.779354093567024 0.06939473720543812 0.7226019038987295 0.060076341805872624 1.897692023164182 
3 0.05013465032688803 2.8898998982246793 0.04019297321189579 5.018947552668415 0.06939088317588141 0.6066766543375344 0.06006796982780758 1.617125479018289 
1 0.05008754242943728 1.1882619583418836 0.0401065490128322 1.7693172043007812 0.06938232765323445 0.0011628635124474305 0.060042687749751564 0.6581283784076639 
4 0.05015047721265742 3.396045006310979 0.040221299737825136 5.764871217925455 0.06939523860462879 0.737049937013519 0.060077474165197584 1.8258849293359927 
3 0.05013552387669583 2.95758655192589 0.04019439011862348 5.0134968360034255 0.06939109893468243 0.6148009896859452 0.06006849321794759 1.6282819121533993 
1 0.05009021902495275 1.3122073865420094 0.04011239650097771 1.9014376208517743 0.0693824809398039 0.0014859386525544174 0.060043879825416556 0.7166813355608479 
1 0.05008848047820495 1.2413081021526728 0.04010900993164122 1.7782577904371877 0.06938236467058165 0.001125251721901187 0.0600431110298932 0.6784304293538558 
4 0.050155041760065425 3.5460299142217053 0.040229543886539584 6.1436861255203326 0.06939653781523526 0.7745562897516802 0.06008016181621958 2.0254504816336363 
1 0.050088946083348684 1.2430555527232456 0.04011066681025456 1.9676645164491429 0.06938239602066366 0.0013092441519126881 0.060043305563145785 0.6880778160249259 
2 0.05010892426721989 2.061433410627851 0.04014637260469791 3.3175042870524494 0.06938498484277944 0.18309159955267618 0.06005299248770424 0.9531383568910645 
1 0.050090738991013725 1.4056050271579141 0.04011315585073213 2.0304259601124666 0.06938253434627747 0.0016077968967470736 0.060044105221219835 0.7293075110262264 
1 0.05009033859711831 1.3406767826712955 0.04011179002849802 1.9945679042913647 0.06938249478333038 0.0016204809088770586 0.060043925790049114 0.7201667110025018 
2 0.05011004672683554 2.099226387625628 0.04014790617253021 3.200573139841694 0.06938518280962874 0.22866195765167374 0.060053523886568795 1.005461487469535 
3 0.05013019909350097 2.722397116674151 0.0401849006510984 4.702472525334136 0.06938982199419634 0.5146141745299765 0.06006534695965328 1.524486536492538 
1 0.05009462053081394 1.5014608341804827 0.04011983426439959 2.4396821297199636 0.06938281116996022 0.001755344502900141 0.060045790759423734 0.8118446016416329 
3 0.050134256627290874 2.8382292265950406 0.040192192429307536 5.013264590332774 0.06939078031252235 0.6033467448381734 0.06006771025967631 1.556048582831584 
2 0.050112415449360945 2.1585515756285445 0.040152938113578986 3.321996403942909 0.0693856240614631 0.2379282401317051 0.060054837228788384 1.1590067507938735 
2 0.050109247938623126 2.071650023848026 0.040146816332089136 3.329926790138706 0.06938503930755317 0.2250746311716491 0.06005315485744037 1.0650277684262122 
3 0.050133508217403235 2.813285648255502 0.04019101385180967 4.848551853862134 0.06939060818491868 0.5971522303153495 0.06006725413555379 1.5878804297354996 
2 0.05010953820512888 2.0818526760660774 0.04014678744790283 3.2272642379820717 0.06938509007719743 0.2264626910977714 0.060053229298419775 1.1068706043070882 
3 0.050133508217403235 2.813285648255502 0.04019101385180967 4.848551853862134 0.06939060818491868 0.5971522303153495 0.06006725413555379 1.5878804297354996 
3 0.050127760223498595 2.6418617188639035 0.040180497368811366 4.56347100786868 0.06938922011682112 0.49687788267873667 0.06006403959786004 1.4862067147036353 
4 0.05015221946536423 3.4533328969707453 0.04022437193633465 5.985269924809897 0.06939570669376731 0.7510263408464176 0.06007850870405447 1.9689116852322612 
1 0.05008866633188637 1.2242381613540672 0.04010889131642469 1.9330866413574512 0.06938239436327358 0.0011088865169285964 0.06004317817254763 0.6828617397114993 
3 0.05013548314116363 2.9562368577045883 0.04019459268399751 5.009376761585957 0.0693910937390103 0.6137976999607595 0.06006850873068712 1.627394548463947 
3 0.05013164626982697 2.769683595718361 0.040187892491918516 4.727174931630993 0.06939015359432876 0.525192770650355 0.06006604645792679 1.5059520837764349 
2 0.050111722624118685 2.102530872802302 0.04015121182682718 3.2864408624275456 0.06938548199847876 0.23519978635351757 0.060054407397163924 1.1082174949174561 
2 0.050112042977701866 2.1143741201150013 0.040151860061243716 3.278963285553794 0.06938555749150296 0.23652138526205393 0.06005453091982789 1.1527614680414646 
1 0.05008836861943611 1.2053478709578462 0.04010865813369848 1.907302572533699 0.06938240284272959 0.0011016451408906026 0.06004303325506897 0.676898581343999 
2 0.05011326482411227 2.0949583627861657 0.040154190125186555 3.425515535876161 0.06938589285732007 0.24353617405998831 0.0600557575837809 1.1335398592644392 
4 0.050151416806481205 3.42641070645899 0.040222933812116494 5.937476260787817 0.0693954903403712 0.7445830317333193 0.06007803347773054 1.8977074458033918 
4 0.05015335774792151 3.4897759264521824 0.040226370787169466 6.051204009808837 0.06939603205635578 0.760516695161418 0.06007917817744159 1.992141150915471 
2 0.05011507025281866 2.262970002010487 0.04015707690429001 3.5766956417721625 0.0693862707439197 0.2515182281043726 0.06005687547982448 1.2031388090679769 
1 0.05009045478567111 1.3186214300288346 0.04011299910636195 2.0651295119655755 0.06938251169462109 0.0016121547694879618 0.060043973496415284 0.7223903028453889 
2 0.05011336911849681 2.184248890822805 0.04015440584504034 3.5337689323910646 0.06938591756625508 0.24405905178820908 0.06005582203036079 1.173572106543745 
4 0.050153685747405086 3.5024862836256085 0.04022704331552016 6.072004497838438 0.06939615480336102 0.7635915235684693 0.06007940500980793 1.9993345303947456 
1 0.05009170803362336 1.3657989743098877 0.04011517535032554 2.183991247607292 0.06938258996408628 0.001730070499854492 0.06004450096041131 0.7492956644702949 
2 0.050107117476069704 1.9549698786669132 0.04014230634744769 2.8822214506594905 0.06938465660075277 0.15686960536952116 0.06005207736425431 1.0655118292725778 
4 0.05015451284161482 3.528727974090787 0.04022846592916743 6.115743102881896 0.06939637204388763 0.7700120782338773 0.06007988435776969 2.015250310799859 
1 0.05009181881329321 1.4350478518456034 0.04011565561099667 2.0508083170977374 0.06938261332042792 0.0018183288550079491 0.06004461065133702 0.7531881974344161 
2 0.050113140456473325 2.16054896311256 0.040154003609290556 3.4347102737547823 0.06938587162899179 0.24325184606886552 0.06005572769104266 1.1699060675526805 
3 0.05013496825900614 2.9198070526629065 0.04019341667577762 4.982764520885017 0.06939095235311776 0.6095388977175575 0.060068140702439 1.623304735106064 
2 0.05010855682455255 2.0018987675576536 0.04014540249414388 3.393797597689654 0.06938490901403208 0.1817712402210915 0.0600526320320385 1.0893799822063506 
2 0.05011131734371756 2.14088123767378 0.04015060934371774 3.1901055317929927 0.06938541374388035 0.2336851116204238 0.060054282321030925 1.0674224341119474 
4 0.05015040730208033 3.3933250121435634 0.04022112803989969 5.877994035787898 0.06939522811708423 0.7365019107746574 0.0600774324081804 1.8248154510014731 
1 0.050092369551425306 1.4347166487731697 0.040115707525727705 2.1519113698109322 0.06938259414778668 0.0018732831954511153 0.06004479308488471 0.7636536259864218 
4 0.050149923845940234 3.3775071666957275 0.040220260111053514 5.8526172698990875 0.06939510211724731 0.7328448987548529 0.06007713264832022 1.923307911161859 
4 0.050151789663057236 3.4386234702238925 0.04022359118387096 5.958161723139299 0.0693955833967664 0.7475408942924935 0.0600782274935858 1.9600440575842886 
4 0.050148479578345374 3.331502914972716 0.04021770163153846 5.770767166009259 0.06939467682734377 0.7212061542786229 0.06007625189517157 1.8433673357309452 
4 0.050154623247029975 3.5329374183247553 0.040228687596335425 6.124912400605706 0.0693964080055193 0.7710463508215148 0.060079946334228265 2.0177455457521143 
1 0.05008959495089752 1.2687796042593806 0.04011083590481949 1.966330369880416 0.06938244692828822 0.0013075111389786918 0.060043595062689734 0.7026906360400738 
4 0.050149350716551314 3.358668060991893 0.04021924456766453 5.82003616309398 0.06939494636289319 0.7282580455145601 0.06007675830469095 1.9113100362841515 
1 0.05009408543131858 1.5004476697642 0.0401188276515162 2.276042891321206 0.06938276843703241 0.0017940068518581276 0.06004564401583977 0.8030233267793051 
4 0.050151129427169004 3.4172797925635736 0.040222426667957764 5.9198032955287925 0.06939543244072992 0.7424765974408603 0.06007786166516499 1.8929333798320016 
2 0.05011020338320501 2.0868082774679486 0.040148181089692106 3.4025291231203396 0.06938521621116056 0.22940003848270724 0.06005354923773809 1.0521731592245036 
4 0.05015557813649953 3.5631625627291172 0.04023037526204898 6.176933909697657 0.06939670337295534 0.7788266915072513 0.060080505950561434 2.0358381885427286 
2 0.050108451301319044 2.0458994468884635 0.04014520080065539 3.1925405521420185 0.06938489371847244 0.1613195863057355 0.060052685636919054 1.0873722768872065 
1 0.05009008953780002 1.3234345696704257 0.04011248803459234 2.0214028242155067 0.069382495361865 0.0014978473078056435 0.060043808467317016 0.7143772737672442 
4 0.05015066502641472 3.3089455902868954 0.04022153816317867 5.893189750323928 0.06939526649388816 0.7383170816033917 0.06007756907005028 1.8834034772827237 
3 0.05013235698461478 2.7750585794577405 0.040188792437210824 4.825780121590706 0.06939032961167502 0.5590741049088269 0.06006654154765062 1.5652404354687928 
4 0.05014828708311571 3.324589233009024 0.040217350066793466 5.758189716117884 0.06939463914605679 0.7195019387601341 0.06007614834144186 1.8907368271835305 
1 0.05008883857669945 1.2404978227624948 0.04010955867630969 1.996143619790733 0.06938238567934071 0.0013128773761186287 0.060043286908873325 0.687539999863756 
3 0.05013504516631926 2.9223538859342653 0.04019390730895252 4.983861342562745 0.06939097223703343 0.6101258425122452 0.06006820340648759 1.618695401857839 
3 0.050135605079325817 2.960660178373415 0.04019510605426044 5.008543169506534 0.06939112515409852 0.6145731990080062 0.0600685738651575 1.6295366567030745 
2 0.05010949723640397 2.032313063094459 0.040146834198765066 3.155551193606201 0.06938508504813799 0.22636727168395004 0.06005326283215349 1.1022201605791242 
2 0.0501142168533385 2.175565784090194 0.04015549142214213 3.709418517496001 0.06938609469926738 0.24787747792583575 0.060056358928524164 1.1881468152293 
4 0.050153604082499824 3.4998930652177185 0.040226932980658284 6.063484462712095 0.06939612888126004 0.762780306784899 0.06007936165618403 1.9977105661485752 
4 0.05015516448844903 3.5450127630634376 0.040229511068466464 6.148365927462552 0.06939653597547743 0.7746655048672804 0.06008021530634211 2.0265913617975277 
2 0.050111767253729546 2.154712194631815 0.040151853471893637 3.2859247396738334 0.06938550607872002 0.2353596414643393 0.06005450230267151 1.1452911428202686 
1 0.050090738991013725 1.4056050271579141 0.04011315585073213 2.0304259601124666 0.06938253434627747 0.0016077968967470736 0.060044105221219835 0.7293075110262264 
2 0.05011260565404495 2.182623262465653 0.04015304809416198 3.322122946642753 0.06938565435523474 0.23871399718524117 0.06005492084146743 1.1632161444108327 
1 0.050092597208915624 1.4530063592658435 0.04011651850329134 2.3305065824390376 0.06938265236862906 0.001854297380022517 0.060044948477217364 0.7709328329983687 
2 0.0501145903594987 2.2234728032892166 0.040157183802659424 3.5566683960190404 0.06938620266285447 0.2498176155665906 0.06005665672480648 1.1193692285687136 
4 0.050154352674589696 3.5234386658420385 0.040228232121506176 6.108036720113458 0.06939635467551554 0.7689312118186121 0.06007979505097029 2.012028734032296 
2 0.05011013006811127 2.052995607289451 0.04014824558138567 3.4209374696807933 0.06938519888382258 0.22894028247884673 0.060053497623965724 1.0705409192193467 
3 0.05013083174365236 2.7435494837560017 0.04018690204764809 4.405045906442538 0.06938998598227188 0.519389939897262 0.060065643589349724 1.544343946628834 
1 0.05008964529804981 1.2964442713781277 0.04011110489345158 2.1012014892617805 0.06938242711503848 0.0013344639397758792 0.06004361075329976 0.7038866063080319 
2 0.050113105847252884 2.141766006973678 0.04015382624132596 3.4166133336220326 0.06938586222269241 0.24276071764584878 0.06005559512810368 1.168596018574616 
1 0.050090762481462305 1.3714448448045016 0.040113551826654034 2.012480760758701 0.06938253273896393 0.0016048893501646882 0.06004413592147848 0.7299708936231293 
1 0.050088778820787626 1.1928245620049727 0.04010971148292913 1.7908685484843616 0.06938240121102739 0.0013222551400661727 0.06004324432942898 0.6851846229404097 
4 0.05015513422501351 3.548784205617809 0.04022955391607771 6.150241840092549 0.06939655061935775 0.7749884810214636 0.06008023811403448 2.0272452885011405 
2 0.05011077366005947 2.1237910711870644 0.040149700114814904 3.433468404898629 0.06938531685231078 0.23153421388280204 0.060053976641476034 1.0569184584778573 
4 0.05014987544441555 3.376229819770444 0.040220222122555806 5.84907068973005 0.06939507052070905 0.7323434591933257 0.060077081405082465 1.869410044676954 
4 0.05015287991417783 3.4762093211398337 0.040225552690799096 6.022911375843314 0.06939592283250065 0.7570033148668864 0.06007893337196977 1.983155232190056 
4 0.0501540286970368 3.5129570286763383 0.04022768179263545 6.089665707986593 0.06939624177113515 0.7661839457105972 0.06007958926932679 2.005501878125534 
1 0.05009350444013042 1.4652864391956808 0.0401182860629446 2.456749289037318 0.06938271270419699 0.0018408211178004147 0.06004531511258383 0.7889619441585246 
1 0.0500900600251558 1.3348210477679217 0.040112694934946194 2.1062681985798912 0.06938246726992603 0.001500294086179901 0.06004379695394889 0.7132654301619459 
3 0.05013145571883628 2.7632217293791577 0.040187302481345145 4.462622777806319 0.06939010491164951 0.5234917112958617 0.060065951853533674 1.5473557581339157 
2 0.050112176628330715 2.168481773928881 0.040152476918094704 3.223881412251913 0.06938558321695466 0.23688101102964504 0.0600546588997129 1.1526541249459092 
3 0.05013338743721905 2.8092676546879938 0.04019109568265295 4.791153422468838 0.06939058017570374 0.595925609794036 0.0600671760375062 1.5860737956750526 
2 0.05011362003809407 2.1401459358627397 0.040155116488568995 3.482899665518508 0.06938597643239379 0.24507596880568014 0.06005587073359749 1.1198160874123684 
1 0.050092873477824054 1.4594405299911246 0.04011737765039024 2.232464909122189 0.06938267293215425 0.0018253308262444745 0.060045066742605825 0.775315394003723 
3 0.05013064451114515 2.737130559321085 0.04018571534973957 4.715889721216807 0.06938993263769967 0.5178766643193775 0.06006556367526929 1.5326823144127146 
2 0.05011077366005947 2.1237910711870644 0.040149700114814904 3.433468404898629 0.06938531685231078 0.23153421388280204 0.060053976641476034 1.0569184584778573 
4 0.050153963963001945 3.512133566707572 0.04022780022832616 6.082882709695676 0.06939622997476062 0.7660012438754965 0.06007953670766033 2.004754140411635 
2 0.05011267536540594 2.1161530581609815 0.04015302939602573 3.310104077192757 0.06938567631666015 0.2390720434835683 0.06005496681629317 1.1629619509864144 
4 0.050147641930059515 3.3033624991679615 0.040216198453534704 5.722512217700853 0.06939445983809689 0.7142347098153838 0.06007576368590288 1.8777668985518297 
1 0.05009012532238601 1.3490447636073104 0.040112301047677865 2.019761989386623 0.06938249826757892 0.0014894079143589942 0.060043819262774176 0.7153865889129755 
3 0.05013385789465893 2.825044970081886 0.04019142344233043 4.916015139044964 0.06939069248887934 0.600558753249411 0.06006748069287271 1.5950136393368706 
1 0.050094165404643044 1.4960851059760454 0.04011954227806336 2.410746938429393 0.06938278796910916 0.0017859555298721259 0.06004563493668595 0.8044122359158432 
1 0.05009317946270455 1.4719143785220807 0.04011709101806117 2.2656097705656064 0.06938268918672791 0.0018673508251402606 0.06004518967441395 0.7829348411035131 
1 0.0500875712719594 1.248678957959154 0.0401080423447688 1.9037459884988301 0.06938233624361928 0.0011297848402577213 0.06004271552826711 0.6593107086364253 
2 0.05011205846689032 2.0950775048876147 0.04015209719594094 3.2980415420658318 0.06938555827626068 0.23640089394533184 0.060054632141486375 1.1498829349402142 
1 0.050087104445976895 1.176266289321575 0.040106034785735586 1.8137289081150976 0.06938229677546119 0.0011721171972389423 0.06004249616998693 0.6487090225152488 
2 0.05010832579533695 1.9937006362890055 0.040144946384533864 3.22953685584841 0.06938486302625105 0.1606064100095108 0.06005261450485612 1.0920505772531766 
3 0.050131017792776046 2.7486559018925627 0.04018658924371664 4.711025771156854 0.06939000158904698 0.52038708469113 0.0600657201500586 1.5465267590304141 
4 0.05015153377695183 3.430497127514483 0.040223149996360605 5.94301980376571 0.06939555090397456 0.7457580478873024 0.06007810751420199 1.9002659084644022 
3 0.050134570901589806 2.8679105542373087 0.0401928424742269 4.956069534543431 0.06939086325119007 0.6061357484628868 0.06006791567629623 1.609845975579375 
1 0.05008806867187517 1.2301776433994904 0.040108646562758914 1.9068708768715852 0.06938235670192136 0.0011258101127035584 0.060042943687848516 0.6699246635424296 
4 0.05015548583368552 3.560782137023941 0.04023023360341779 6.173579729154339 0.06939665036377254 0.7779690270226152 0.06008045244975914 2.0345252022048492 
4 0.05015066502641472 3.3089455902868954 0.04022153816317867 5.893189750323928 0.06939526649388816 0.7383170816033917 0.06007756907005028 1.8834034772827237 
4 0.0501512887783274 3.4225199470550587 0.04022270877795997 5.928960554907263 0.06939547594401502 0.743741484986098 0.06007795484313747 1.8407508167361981 
2 0.05011275319139195 2.118757245800812 0.04015346715926513 3.363480473901754 0.06938569478274506 0.23930163410227778 0.06005499936853187 1.163444648400771 
2 0.050112140840462935 2.1493592245776894 0.040151607871389286 3.284226260656189 0.0693855550182439 0.2367225833994953 0.06005468020288712 1.15214276621924 
1 0.05009099996074358 1.337918454940914 0.0401133477828564 2.0557784357583557 0.06938253390070101 0.001619455788095383 0.06004420479591706 0.7341296905757583 
3 0.05012908351150584 2.6859279287778364 0.04018287334459443 4.5318090453735875 0.0693895601954394 0.5065622354813397 0.06006473029143233 1.5117621443835125 
2 0.05011444212968989 2.1826271747475046 0.04015611411727382 3.527477442416258 0.06938614880633881 0.2488077921439064 0.06005651158967534 1.1923754717643495 
1 0.05009112041341662 1.4015031645622533 0.040113533794181554 2.0720584872401075 0.06938256258233662 0.0017438491067750187 0.0600443040680315 0.7381979965759179 
3 0.05013401841352638 2.8303206906485707 0.04019218306647204 4.877041616092084 0.06939072940836012 0.6014633161618219 0.060067552160886425 1.5980244167903557 
4 0.05015283562317187 3.4748181681761645 0.04022553822064569 6.023432100627824 0.06939593058237538 0.7569796214380815 0.06007889638673695 1.982273733925524 
1 0.05009354661700245 1.4562314427340604 0.04011832208258405 2.2015168157714142 0.06938271985400593 0.0018371504296963582 0.060045361111466765 0.7902761676324336 
4 0.05015150768862862 3.4289387777529567 0.04022307345038277 5.942438063535236 0.0693955330670997 0.7453932773494607 0.06007807811283383 1.8994622871330276 
4 0.05014975081999977 3.3723489630197263 0.04021998121482202 5.842209629707262 0.06939504255673665 0.7314869182592107 0.06007697902692773 1.9195117896749063 
3 0.05013413853717001 2.834256916870552 0.04019212457931162 4.745888056842946 0.06939075929957708 0.6027662815063859 0.060067612765488734 1.6010259523345565 
1 0.050094165404643044 1.4960851059760454 0.04011954227806336 2.410746938429393 0.06938278796910916 0.0017859555298721259 0.06004563493668595 0.8044122359158432 
2 0.05011467577906124 2.17321138559154 0.04015675627014083 3.5164885225125686 0.06938620788066927 0.2500437230928834 0.06005667904860623 1.1582093357627905 
3 0.05013064451114515 2.737130559321085 0.04018571534973957 4.715889721216807 0.06938993263769967 0.5178766643193775 0.06006556367526929 1.5326823144127146 
2 0.05011390105255242 2.253481271453366 0.04015470566629453 3.4905621373173887 0.06938602829374153 0.24651710806739752 0.0600560855537003 1.1242298230747338 
3 0.050134928196904814 2.9184019704901205 0.040193374418966935 4.980843059151948 0.06939095459101322 0.6091494562835608 0.06006813315760615 1.6167914619096568 
2 0.05011083094819261 2.1249124512241537 0.04014917028454298 3.163426700982683 0.06938533801026138 0.23185182684936842 0.06005397914059642 1.0216093342942343 
1 0.05008679940672735 1.1669040803271145 0.040105411271864545 1.8084850423975531 0.06938228567973428 0.0011967782540040367 0.060042356124468343 0.6412847096782986 
4 0.05015533446020755 3.555444439301766 0.04022999546191784 6.160626425666214 0.06939660195991046 0.7766917945694243 0.06008033806301814 2.0313946653546386 
3 0.050130008533432815 2.715916611826114 0.04018499903088356 4.68940445885534 0.06938978538869832 0.5130248709100769 0.06006520911390362 1.483482719451808 
4 0.05014809098224349 3.3178403589989216 0.04021699048414304 5.746473974051732 0.06939458449003726 0.7178569352801624 0.060076042833530505 1.8879833136446336 
4 0.050148728984003896 3.3395281599005933 0.04021813841349746 5.7853318623916445 0.0693947546968218 0.7230875391757839 0.06007642180867283 1.9004964066983319 
4 0.050154623247029975 3.5329374183247553 0.040228687596335425 6.124912400605706 0.0693964080055193 0.7710463508215148 0.060079946334228265 2.0177455457521143 
4 0.05015548583368552 3.560782137023941 0.04023023360341779 6.173579729154339 0.06939665036377254 0.7779690270226152 0.06008045244975914 2.0345252022048492 
1 0.050087518156673075 1.1401813972837613 0.04010741403150146 1.8919739119906869 0.06938234641684435 0.0011392006858487959 0.06004265362937598 0.657123403034179 
4 0.05015072457642374 3.4040148258480905 0.0402217147041808 5.898860768795087 0.06939533011314666 0.7393826069390415 0.06007761297039207 1.884579179694145 
4 0.050149180110582336 3.353926458084522 0.04021893892305551 5.808591362795229 0.06939488333272159 0.7266521022533239 0.060076702089442935 1.8562775274720082 
1 0.05008729983221809 1.1997461359585362 0.0401074841335466 1.9116566373516366 0.0693823310700454 0.0011824147213560982 0.0600425804172417 0.6532137927004948 
1 0.0500900600251558 1.3348210477679217 0.040112694934946194 2.1062681985798912 0.06938246726992603 0.001500294086179901 0.06004379695394889 0.7132654301619459 
3 0.05013113719931611 2.7525984727491193 0.04018658992251241 4.755672165224162 0.06939003203174418 0.5211707234091715 0.06006579225790302 1.5040272150223104 
1 0.05008857921023343 1.2108947749766679 0.040109089634036976 1.8715201896958895 0.0693823807682555 0.0010918789104668375 0.06004309885884512 0.6792292760872198 
2 0.050113826187044005 2.2337125246889955 0.04015489276922503 3.4205989196320425 0.06938599979249686 0.24603914081606412 0.06005609169939311 1.1812373791601414 
3 0.05013239683688784 2.7763756659801087 0.040188948944142044 4.876429802696006 0.06939033962573544 0.5594321601574973 0.0600665417050697 1.5208771996775756 
2 0.050108147999417076 2.034852039264481 0.04014433216721094 3.156207139133497 0.06938484014460626 0.1603659745008068 0.06005252015887812 1.0812442168391332 
3 0.05012790883580459 2.6470200601724763 0.040180821786783325 4.47012967111612 0.06938926995765436 0.49798161536970176 0.060064086852311724 1.4456217434085208 
3 0.05013060495031232 2.7357900007409883 0.04018583558692276 4.7315341992636055 0.06938991463453516 0.5176341565201973 0.060065526434093394 1.4951688443652316 
1 0.05009286355458339 1.38244209681576 0.040116688071803686 2.260161003229616 0.06938265582980414 0.0018585926150444295 0.06004503359501564 0.775480441601266 
1 0.050093365025248006 1.4898861737246218 0.040117527519943505 2.206865516216254 0.06938271936830223 0.001858033691839727 0.06004527677075351 0.7856905842833506 
1 0.050086908126441024 1.162626550142424 0.04010543644668653 1.8277036857618074 0.06938226090342443 0.0011841238244029984 0.06004239911349145 0.642543452366138 
1 0.05008679940672735 1.1669040803271145 0.040105411271864545 1.8084850423975531 0.06938228567973428 0.0011967782540040367 0.060042356124468343 0.6412847096782986 
3 0.05012934769067764 2.693582962479494 0.040183797238614094 4.46660994822051 0.06938961959114087 0.5079392359319715 0.06006481023804163 1.5153890329985185 
3 0.050134928196904814 2.9184019704901205 0.040193374418966935 4.980843059151948 0.06939095459101322 0.6091494562835608 0.06006813315760615 1.6167914619096568 
4 0.05015084799927383 3.408092126751363 0.040221804600484225 5.869296816553655 0.0693953288505745 0.7398458785112249 0.06007770498152983 1.8331206970905582 
1 0.05009179883530257 1.4123403086952604 0.04011530483792399 2.1519317614495677 0.0693826133592512 0.0018206300581676631 0.06004456533307887 0.7520298106560784 
1 0.05009089394762115 1.3937551216294826 0.04011352580020263 2.0832111608331276 0.0693825394318929 0.0016271346716392032 0.06004416147882661 0.7327300559358354 
1 0.050087176399879384 1.179382486534067 0.04010627304840101 1.7882910829336922 0.0693823214811139 0.0011672592305148441 0.06004250919368074 0.6494638278360176 
3 0.050128215962096635 2.656109003918706 0.040181447540015715 4.456317428976335 0.0693893543958862 0.49986160368449806 0.06006428113458893 1.4969449284558312 
3 0.05013160651091866 2.768362615844702 0.04018744991829139 4.59816985899202 0.06939013905799155 0.5246539958328068 0.06006598706522698 1.5503656310978111 
2 0.05011385962823286 2.1827406266247458 0.04015549367606924 3.4270752705368843 0.06938602751070126 0.24629585722523767 0.06005615399748828 1.1823328736594099 
2 0.05011119666787459 2.137276831227135 0.04014988913874814 3.3094523534891294 0.06938539992610707 0.2333417143319248 0.060054155303047474 1.1379645563040752 
4 0.05015356334942571 3.498575340729926 0.04022681454510265 6.062632979928158 0.0693961399805629 0.7627906930013101 0.06007934414996703 1.9966529156861363 
1 0.0500876570702818 1.198284244342001 0.040107001222801794 1.7092203375692478 0.06938234162144181 0.0011599645382039195 0.06004267776906134 0.6587775038477941 
3 0.0501321644522147 2.7685345156873375 0.040188783497993964 4.756602815922262 0.0693902785982405 0.5576191787394624 0.06006630427959392 1.5687501274168123 
3 0.05013326790566035 2.8053148703938207 0.040190844429138964 4.695716514535337 0.06939055525574926 0.5662626065399217 0.060067096944117805 1.5438572631518934 
3 0.050128135636536196 2.6534085642085983 0.04018152932911171 4.585119481334322 0.06938932774240233 0.49925483678158783 0.06006420937292395 1.4401741792270264 
1 0.05009286355458339 1.38244209681576 0.040116688071803686 2.260161003229616 0.06938265582980414 0.0018585926150444295 0.06004503359501564 0.775480441601266 
3 0.05012794743253403 2.6483039076611132 0.04018082019587711 4.574409564016001 0.06938929607769936 0.49844966942896357 0.06006416931710108 1.4377192748081435 
1 0.05009120883336823 1.3533711424417927 0.040114303999001025 2.0031725613307665 0.06938255955785719 0.0017363502569735976 0.06004431455379076 0.7399263721832678 
2 0.050108846330662385 2.0583579447318776 0.04014565055835034 3.22372908343272 0.06938495222666859 0.18271479519232553 0.06005292674609299 1.0939717237160327 
1 0.050089880529344086 1.3265850042557115 0.04011139398166336 2.090823767039514 0.06938246248241567 0.0014842115703427258 0.060043742655275525 0.7103213241857977 
2 0.050111722624118685 2.102530872802302 0.04015121182682718 3.2864408624275456 0.06938548199847876 0.23519978635351757 0.060054407397163924 1.1082174949174561 
3 0.05013146934479087 2.7647421044491303 0.04018733766138767 4.8286085213309935 0.06939012583472025 0.5241562288435494 0.060065966294224137 1.5111853339358958 
2 0.05011225491669641 2.171969936501874 0.04015198250787091 3.2586402254674836 0.06938560054451567 0.23737937223836517 0.06005473110813131 1.1543037038766872 
4 0.05015198212401952 3.4450260362467957 0.040223969194018425 5.970235019712203 0.06939565326536368 0.7491865957812867 0.0600783795334041 1.9638560586090499 
3 0.050131375704193085 2.7605367307605175 0.04018740726268434 4.44035046772344 0.06939009250932114 0.5229090868232287 0.060065880190620626 1.5007337560967833 
4 0.05015221946536423 3.4533328969707453 0.04022437193633465 5.985269924809897 0.06939570669376731 0.7510263408464176 0.06007850870405447 1.9689116852322612 
2 0.050113794687171406 2.215098723514714 0.04015468979061545 3.48268012108545 0.06938598828089895 0.24598560798516092 0.060056028626533295 1.122315393114232 
3 0.05013562810542359 2.962006341989217 0.040194979051409695 5.017662530410988 0.06939111853972406 0.6149543941997837 0.06006859824470791 1.6303579248553697 
1 0.05009004397327667 1.3417546714405126 0.04011211795836238 1.9685276803659746 0.06938246455960811 0.0015038884905239204 0.060043781701156804 0.7126641549285206 
4 0.05015296697959522 3.4783873630869273 0.04022574829170712 6.028352178256749 0.06939595068198733 0.7577166040070444 0.06007897930427812 1.9848601469324105 
1 0.05009310046186888 1.460454999702157 0.04011782044803429 2.2433548338695557 0.06938268550868198 0.0018515674322375838 0.06004516490549958 0.780270147001534 
3 0.050129602691865685 2.7024967442207943 0.04018448220812419 4.296108776423493 0.069389688167767 0.5100645855806711 0.0600650065902702 1.4683965053718135 
4 0.050148862483832456 3.343177927681529 0.040218392871681094 5.791028376090458 0.0693947745908421 0.7238635140085249 0.06007651879832365 1.9037961432411035 
4 0.05015145213593528 3.4279008043585777 0.0402230116856105 5.9407596088962 0.0693954957674671 0.7448406063417632 0.06007806629444616 1.9536614084192443 
3 0.05013227711182444 2.790780578774341 0.04018854333838725 4.820591881936818 0.06939029916717994 0.5582221656821227 0.06006654592502543 1.5687855257279395 
2 0.05010897113805649 2.062378290996322 0.040145868854130046 3.193370913356225 0.06938498249707227 0.18315782897990593 0.060052914993529105 1.0963217255323534 
3 0.05013429120838307 2.8394393233915407 0.04019231811842361 4.919935497954322 0.06939079312700672 0.603564664686629 0.06006776009886007 1.6036995629331177 
3 0.050130871906105434 2.74490870191662 0.04018653191951322 4.416684249679088 0.06938999305843677 0.5199727337087957 0.06006569559752366 1.5377367946497675 
1 0.050090492062533465 1.3607560787540876 0.04011343154971318 2.040323547563076 0.06938250567530355 0.0016072555485320689 0.06004400684199842 0.7229820103839576 
1 0.05009289301387933 1.4761779053229962 0.04011664353452628 2.279625239967948 0.06938267597770251 0.001864740042492394 0.06004504755267977 0.7766536042508837 
1 0.05009371977819489 1.4434830946544441 0.040119430462820106 2.3323657617416567 0.06938275193675822 0.0018261802069316764 0.06004541311250107 0.7942847806220632 
2 0.05010875698793754 2.0086204432099577 0.04014616742356632 3.1270698709927194 0.06938495148675376 0.1824319380661768 0.06005289297411539 0.9503257353431017 
4 0.05014907275878131 3.3497114885350987 0.0402187587043311 5.803660979446308 0.06939485227516953 0.7258086111200066 0.06007660581470196 1.9069878855547038 
2 0.05011395353023316 2.167994631740738 0.04015563437322063 3.499539661117717 0.0693860444593039 0.2467998523419465 0.060056211768613275 1.1840542539996508 
2 0.05011016392086459 2.1038618251279884 0.040148681347709166 3.3247749243836373 0.06938520991996062 0.2291261224901675 0.060053574294122856 1.1185279711230784 
3 0.050127760223498595 2.6418617188639035 0.040180497368811366 4.56347100786868 0.06938922011682112 0.49687788267873667 0.06006403959786004 1.4862067147036353 
2 0.05010875698793754 2.0086204432099577 0.04014616742356632 3.1270698709927194 0.06938495148675376 0.1824319380661768 0.06005289297411539 0.9503257353431017 
1 0.0500878312218029 1.2147552915186295 0.040107225881533426 1.9857765220475667 0.06938234462583384 0.0011516758428635739 0.06004276263856877 0.6628847224791085 
3 0.050135605079325817 2.960660178373415 0.04019510605426044 5.008543169506534 0.06939112515409852 0.6145731990080062 0.0600685738651575 1.6295366567030745 
1 0.05009371977819489 1.4434830946544441 0.040119430462820106 2.3323657617416567 0.06938275193675822 0.0018261802069316764 0.06004541311250107 0.7942847806220632 
3 0.05013145571883628 2.7632217293791577 0.040187302481345145 4.462622777806319 0.06939010491164951 0.5234917112958617 0.060065951853533674 1.5473557581339157 
2 0.05011008467145719 2.100622950797555 0.04014863045698215 3.22968849148956 0.06938520105171861 0.22888585882756374 0.060053520646368416 1.1176662516983664 
4 0.050153281385014334 3.4893107098359386 0.04022633368893005 6.046961805151266 0.06939602003066009 0.7600681753773209 0.06007917106989995 1.9915111671328103 
1 0.050092423881893014 1.4011411742475155 0.04011614726631178 2.2230988091491897 0.06938263634587487 0.0018657471685920904 0.06004485840699314 0.7659572932366573 
1 0.05009151341833455 1.440989271292682 0.04011542402838954 2.1160889634372775 0.0693825863244678 0.001741954132352351 0.06004441993523572 0.7450754491163707 
2 0.050113655104727296 2.1936280800571124 0.04015519149699892 3.4676086190117004 0.06938599041812657 0.24531677031802754 0.06005599587375606 1.1398232382575169 
3 0.05012956278606442 2.701170416387003 0.04018366541797584 4.666994391791833 0.06938966562807448 0.50986611218482 0.060064989966615724 1.5118432594971738 
4 0.05014857338017611 3.3338340067635137 0.040217851012857596 5.775074517588789 0.06939467681742265 0.7214761287828237 0.06007634563718893 1.8983030372779044 
4 0.05015213802757366 3.4506905060481174 0.04022421695394095 5.977839647170135 0.06939570492063024 0.7505449476198575 0.060078468268419935 1.9670290759231754 
4 0.05015060327669629 3.3977713345560177 0.04022142085725597 5.8874623245211115 0.0693952721612163 0.7378219746864881 0.06007753270797089 1.8830626535388255 
2 0.05011275319139195 2.118757245800812 0.04015346715926513 3.363480473901754 0.06938569478274506 0.23930163410227778 0.06005499936853187 1.163444648400771 
4 0.05015459419579858 3.5313690768675334 0.04022861944864897 6.120105246476255 0.06939641895001236 0.7709147415905397 0.06007993212478553 2.0166503597283567 
1 0.050087176399879384 1.179382486534067 0.04010627304840101 1.7882910829336922 0.0693823214811139 0.0011672592305148441 0.06004250919368074 0.6494638278360176 
2 0.05011336911849681 2.184248890822805 0.04015440584504034 3.5337689323910646 0.06938591756625508 0.24405905178820908 0.06005582203036079 1.173572106543745 
4 0.05014963658770338 3.3679966921408537 0.040219764568473725 5.834185199738539 0.06939501747586546 0.7303185348661863 0.06007698992158639 1.919310908195176 
2 0.0501077085260397 1.9753118912874996 0.04014400775699433 3.167876061883367 0.06938475052421643 0.15875552085803257 0.06005225930168342 1.0878016504503534 
1 0.05009410327447618 1.4671396670483277 0.04011915109417985 2.277184083423056 0.0693827773710515 0.00179586161366786 0.06004557665979042 0.8014825971848838 
4 0.05015451300910027 3.523999766691724 0.040228315499186026 6.1115421353127335 0.0693963521485399 0.7694570067608224 0.06007982429749015 2.013605853199043 
3 0.050132909110862836 2.793465582979048 0.040189876305099854 4.900404167631318 0.06939046958798313 0.5636504214960202 0.060066905772987234 1.5370907649051384 
2 0.050111154610727536 2.085284391667347 0.04015023963662799 3.2578511205682927 0.0693853911726617 0.23309982807497925 0.06005417174594925 1.0633149685304357 
3 0.0501304866364059 2.731833804856168 0.04018535029810123 4.7240550017453256 0.06938989307104468 0.5169961349354576 0.06006550124431083 1.5380737611200643 
1 0.05009063738983101 1.3684834517108646 0.04011308579680281 1.8982752940944398 0.06938249363168301 0.0016181471321857818 0.060044036562819425 0.7266092672567711 
3 0.050130118528019595 2.719748323657684 0.04018523623703556 4.465291826923095 0.06938980444041346 0.5138504131621456 0.06006524633721878 1.5230691074660592 
1 0.05009160047012985 1.4248245564947788 0.04011501617592962 2.295140266475909 0.06938258236280703 0.0017389474664692428 0.060044435711560595 0.746648698437733 
4 0.05014844846920805 3.3298757702406383 0.04021772626456529 5.765925059674314 0.06939468088856893 0.7207717820158661 0.06007624421793091 1.8939260812313663 
2 0.05010867922948352 2.004790570027862 0.04014560151150563 3.0437125280523234 0.06938492833170337 0.18206423881390915 0.06005274950730923 1.0790552321644709 
4 0.050148728984003896 3.3395281599005933 0.04021813841349746 5.7853318623916445 0.0693947546968218 0.7230875391757839 0.06007642180867283 1.9004964066983319 
4 0.0501543125131393 3.5220840019152826 0.04022815905674907 6.105741994691902 0.06939634352544931 0.7686068293179231 0.06007977141215411 2.0111985317492675 
3 0.05013157121346799 2.767126252305782 0.04018746050874007 4.781943061617442 0.06939013833091803 0.5245418022130706 0.06006600210964572 1.5497828287986783 
4 0.05015483887639714 3.539507179222293 0.04022903932045112 6.135087070104892 0.06939646178478327 0.7726563047605997 0.060080069613502415 2.0217867042836604 
2 0.0501143273270947 2.249384610499308 0.04015630933292428 3.7226687814363175 0.06938613276386049 0.24840832679563274 0.06005645983210267 1.1905175625509714 
4 0.05014909238543993 3.3514274682057144 0.04021881308221277 5.806471842062239 0.06939484105085227 0.7258976866560015 0.060076671456780806 1.9080778101175995 
2 0.05011000234981985 2.0497266046781233 0.04014787229746344 3.2096008423769575 0.0693851760580802 0.2284467080611246 0.06005345215188844 1.068577748861907 
3 0.050127760223498595 2.6418617188639035 0.040180497368811366 4.56347100786868 0.06938922011682112 0.49687788267873667 0.06006403959786004 1.4862067147036353 
4 0.05015533446020755 3.555444439301766 0.04022999546191784 6.160626425666214 0.06939660195991046 0.7766917945694243 0.06008033806301814 2.0313946653546386 
4 0.050155615699207824 3.564443705615795 0.04023044529694977 6.179244442901812 0.06939671302541278 0.7791424727995087 0.06008052601701634 2.0366482941847206 
3 0.05013334749705204 2.8079483429008625 0.040190966660490914 4.882892208541414 0.06939057086132788 0.5956287481944973 0.060067161173448305 1.5383453693310174 
3 0.05012908351150584 2.6859279287778364 0.04018287334459443 4.5318090453735875 0.0693895601954394 0.5065622354813397 0.06006473029143233 1.5117621443835125 
3 0.050134730320904965 2.892476755297832 0.040192933134177794 4.9666361597338735 0.06939090502766068 0.6075292693218535 0.06006803228777939 1.6122916990678426 
3 0.05012790883580459 2.6470200601724763 0.040180821786783325 4.47012967111612 0.06938926995765436 0.49798161536970176 0.060064086852311724 1.4456217434085208 
1 0.05009291110314833 1.4191629631766758 0.040116611005354956 2.0707190838329783 0.0693826780713002 0.0018591295468293975 0.06004509407999985 0.7776347942143311 
1 0.050089971576473456 1.354096161679126 0.040112356974543975 2.160094694356771 0.06938247451952366 0.0015056965864034132 0.060043763126696306 0.7115826000883055 
3 0.05013239683688784 2.7763756659801087 0.040188948944142044 4.876429802696006 0.06939033962573544 0.5594321601574973 0.0600665417050697 1.5208771996775756 
3 0.05012771971387662 2.6405311865553545 0.04018043089643168 4.561092771603767 0.06938922964985632 0.4964706447392455 0.06006402145133061 1.4760034695377104 
4 0.050153685747405086 3.5024862836256085 0.04022704331552016 6.072004497838438 0.06939615480336102 0.7635915235684693 0.06007940500980793 1.9993345303947456 
2 0.05011447251104282 2.23646059022062 0.04015678853872661 3.7366842146057238 0.06938616743976447 0.2491914251489215 0.06005650963184387 1.0954305410842085 
1 0.05009278631149964 1.4411281758804229 0.04011638537740152 2.2025317437636973 0.06938265671633928 0.0018350166960929611 0.06004502963052275 0.7744054926497882 
3 0.05013369963012645 2.819748278856001 0.04019041382263762 4.865289294357596 0.06939065380472147 0.5988884175423681 0.060067362839479374 1.5531970691698826 
3 0.05013465032688803 2.8898998982246793 0.04019297321189579 5.018947552668415 0.06939088317588141 0.6066766543375344 0.06006796982780758 1.617125479018289 
4 0.05015209744666962 3.4493683137671773 0.04022417514688041 5.97827400466149 0.06939568232137641 0.7501110754364566 0.0600784463229603 1.9664487422266688 
1 0.050093157859458406 1.461399066833475 0.04011743473840498 2.112275595627851 0.06938268894129836 0.0018704805944304698 0.06004516222408289 0.7816657429047117 
4 0.05014984481763668 3.3746159933431996 0.040220112231619067 5.845697923287129 0.06939507294936388 0.7320178393381855 0.060077104813246365 1.922114111757777 
2 0.050114374749358356 2.163250200274706 0.04015609252761382 3.6076916588304813 0.06938613737909083 0.24868070704721226 0.06005639634534075 1.1519663933430875 
3 0.050128215962096635 2.656109003918706 0.040181447540015715 4.456317428976335 0.0693893543958862 0.49986160368449806 0.06006428113458893 1.4969449284558312 
4 0.050152318761961814 3.4552702363487753 0.040224552452412785 5.98679070103032 0.06939578196411696 0.7521995172870553 0.060078540327722973 1.915006044367923 
4 0.050153737883320615 3.5033924926130355 0.0402272099883473 6.070316282343962 0.06939616170490201 0.7638955439319823 0.0600794318393291 2.000137049385934 
3 0.05013141551567466 2.7618539197506604 0.04018699946199916 4.7666160802273065 0.06939009789312041 0.5235509268381193 0.06006592385047373 1.5019467301620821 
4 0.050148015522273284 3.3151769677866136 0.040216848778660094 5.741362208373234 0.06939456133230792 0.7172241475425185 0.06007597631142482 1.884971121287201 
3 0.05013409832465041 2.8329384790091283 0.04019262982758966 4.921891076673245 0.06939076001515002 0.6019216538676198 0.06006763456452515 1.600327519087908 
4 0.05015475538363427 3.536518522046896 0.04022894264857326 6.13159246841975 0.06939645402727836 0.7720551535420299 0.06008002629415841 2.0200850423987995 
1 0.05008701332888511 1.1746428806187956 0.04010645595433958 1.9508456227760902 0.06938229046664081 0.0011809492389405754 0.06004247074961553 0.6463501180259176 
1 0.05008824459237763 1.2358608857797688 0.04010919269199413 1.8960757787534461 0.0693823399674079 0.0011115028943992436 0.060043008394776595 0.6743694927974838 
3 0.050131017792776046 2.7486559018925627 0.04018658924371664 4.711025771156854 0.06939000158904698 0.52038708469113 0.0600657201500586 1.5465267590304141 
1 0.05009291110314833 1.4191629631766758 0.040116611005354956 2.0707190838329783 0.0693826780713002 0.0018591295468293975 0.06004509407999985 0.7776347942143311 
3 0.05013243672653596 2.777696678768033 0.04018810077479924 4.742805320980485 0.06939033519099667 0.5593577069330857 0.060066602710158 1.5214327863287989 
3 0.050131375704193085 2.7605367307605175 0.04018740726268434 4.44035046772344 0.06939009250932114 0.5229090868232287 0.060065880190620626 1.5007337560967833 
2 0.050112980586973555 2.137902526045503 0.0401538034290758 3.590506506772143 0.06938582157418718 0.24207579431271084 0.0600554111132254 1.073005422449998 
4 0.05015121603850471 3.419742731389001 0.04022257026380942 5.92469219317899 0.06939546458189969 0.7433173281179006 0.060077879426120716 1.893887717530196 
3 0.05013334749705204 2.8079483429008625 0.040190966660490914 4.882892208541414 0.06939057086132788 0.5956287481944973 0.060067161173448305 1.5383453693310174 
3 0.05013358027970697 2.8157852745903305 0.0401911502215101 4.901090174681262 0.06939063060610692 0.5977696009938589 0.060067354730564446 1.5891864798571331 
1 0.05008953852320971 1.279276886652612 0.0401109215556385 2.116176911765313 0.06938242119105302 0.0013109342070371794 0.060043568170917015 0.701805582320012 
3 0.050129009217915334 2.682643050107521 0.04018327903795678 4.473552089337241 0.0693895415190541 0.5056300013422883 0.060064663449966124 1.4563300756277333 
2 0.050109745145941284 2.0404701437775423 0.04014807410423695 3.209814174936973 0.06938513601515937 0.22752324674408303 0.060053282612319535 0.9750174781214305 
3 0.05013334749705204 2.8079483429008625 0.040190966660490914 4.882892208541414 0.06939057086132788 0.5956287481944973 0.060067161173448305 1.5383453693310174 
4 0.050148060572370076 3.316348283584799 0.04021696121898358 5.746173502629037 0.06939457144786951 0.7174727370142963 0.060076006653305 1.8859954499062106 
4 0.05014844846920805 3.3298757702406383 0.04021772626456529 5.765925059674314 0.06939468088856893 0.7207717820158661 0.06007624421793091 1.8939260812313663 
1 0.050090492062533465 1.3607560787540876 0.04011343154971318 2.040323547563076 0.06938250567530355 0.0016072555485320689 0.06004400684199842 0.7229820103839576 
2 0.050109924069488235 2.046786518793808 0.04014816283272086 3.374184390367737 0.06938516512161085 0.2281593896333562 0.060053491111886424 1.0758618739348293 
3 0.05013036804180913 2.727868322219975 0.04018539328893263 4.667864156216657 0.06938985753368232 0.5157333250340876 0.06006542539946351 1.5276461452798071 
2 0.05011475693449867 2.1927411206276224 0.04015714705589487 3.5479458546046048 0.06938622377668915 0.2503869884201305 0.06005675341080008 1.1597043063171484 
3 0.050135565127696645 2.958904185669889 0.04019471275300289 5.016283515747107 0.06939109624739896 0.6147318966933731 0.060068488023152136 1.5881988584245395 
4 0.050151416806481205 3.42641070645899 0.040222933812116494 5.937476260787817 0.0693954903403712 0.7445830317333193 0.06007803347773054 1.8977074458033918 
1 0.05009008953780002 1.3234345696704257 0.04011248803459234 2.0214028242155067 0.069382495361865 0.0014978473078056435 0.060043808467317016 0.7143772737672442 
3 0.05013073657248727 2.739971799343298 0.04018588868532634 4.687249452413303 0.06938994336722823 0.5186888965775485 0.0600656149145201 1.5421467448353983 
4 0.050150314676154405 3.3908286033116126 0.040221050938165255 5.75300084857805 0.06939518854540827 0.7357792128120477 0.06007736586799288 1.8772505004032012 
2 0.050110924153233885 2.096778053694871 0.0401501031606145 3.2402180044869446 0.06938534653744935 0.23210377081223932 0.060053926716107466 1.0826023894947165 
1 0.05008906339136817 1.1890080774989051 0.04010988318045822 1.8518542260564654 0.0693824320763883 0.0012958430524200944 0.060043389127311685 0.6919851663384382 
1 0.05009267494819736 1.399676531053046 0.04011675431981644 2.1244246370403004 0.06938263291299859 0.0018636611841542027 0.060044940243240676 0.7715794026225375 
3 0.05013489032332334 2.9170590295923593 0.040193430272050475 4.973812822562882 0.06939094563699291 0.6088334730277124 0.06006815308176611 1.568166008816924 
3 0.05012784138872872 2.644541962732383 0.04018075316580444 4.437791181245285 0.06938925988070874 0.4974480439595898 0.06006402647518081 1.4878332437373718 
1 0.05009224516193095 1.3748646618792095 0.04011531208492497 2.159292618987893 0.06938260188188534 0.001777903127853652 0.06004474920996894 0.761028055980377 
3 0.05013338743721905 2.8092676546879938 0.04019109568265295 4.791153422468838 0.06939058017570374 0.595925609794036 0.0600671760375062 1.5860737956750526 
4 0.05015198212401952 3.4450260362467957 0.040223969194018425 5.970235019712203 0.06939565326536368 0.7491865957812867 0.0600783795334041 1.9638560586090499 
1 0.05009178010444918 1.3689699870757188 0.04011519845262281 2.01127410884161 0.0693826012467723 0.001723570122003035 0.06004454576804856 0.7509737429579723 
3 0.05013060495031232 2.7357900007409883 0.04018583558692276 4.7315341992636055 0.06938991463453516 0.5176341565201973 0.060065526434093394 1.4951688443652316 
3 0.05013365983107001 2.8184259848197377 0.04019130873550771 4.809532241581579 0.06939064555670471 0.5983671951458559 0.06006734128506841 1.5916859027442272 
3 0.05013164626982697 2.769683595718361 0.040187892491918516 4.727174931630993 0.06939015359432876 0.525192770650355 0.06006604645792679 1.5059520837764349 
1 0.05009267494819736 1.399676531053046 0.04011675431981644 2.1244246370403004 0.06938263291299859 0.0018636611841542027 0.060044940243240676 0.7715794026225375 
2 0.05011208580820187 2.1156752878085174 0.0401524266103342 3.2793497874646773 0.06938556709001101 0.2366043607566882 0.060054624851144656 1.151271811015518 
2 0.0501104835834136 2.1141143966482896 0.04014939610548979 3.2079906089299413 0.06938526695655109 0.2304314410996881 0.060053865793691666 1.0878006297966922 
1 0.05008959495089752 1.2687796042593806 0.04011083590481949 1.966330369880416 0.06938244692828822 0.0013075111389786918 0.060043595062689734 0.7026906360400738 
4 0.050153441278458645 3.4946143525505553 0.04022660526921519 6.05616922665011 0.06939607996561732 0.7615863284001188 0.060079255241586485 1.9945051337760797 
4 0.05015544518592239 3.5594181784069585 0.040230130823391365 6.17086621759474 0.06939664887680966 0.7775872145923088 0.06008043493641583 2.0336463113327214 
1 0.050093403075325824 1.432193706880956 0.04011822260467461 2.3499885263613893 0.06938270682866036 0.0018498100339605372 0.060045271777905695 0.7868323940104546 
4 0.05014975081999977 3.3723489630197263 0.04021998121482202 5.842209629707262 0.06939504255673665 0.7314869182592107 0.06007697902692773 1.9195117896749063 
1 0.050092549225929886 1.4835964585225863 0.04011568311121 2.2241199476069666 0.06938263124423455 0.0018561032383199283 0.06004489880573248 0.768106835694948 
3 0.05013235698461478 2.7750585794577405 0.040188792437210824 4.825780121590706 0.06939032961167502 0.5590741049088269 0.06006654154765062 1.5652404354687928 
1 0.0500900600251558 1.3348210477679217 0.040112694934946194 2.1062681985798912 0.06938246726992603 0.001500294086179901 0.06004379695394889 0.7132654301619459 
2 0.050113655104727296 2.1936280800571124 0.04015519149699892 3.4676086190117004 0.06938599041812657 0.24531677031802754 0.06005599587375606 1.1398232382575169 
4 0.050150926785112 3.410609732866528 0.040222068700717754 5.908538389633544 0.06939536015415196 0.740684620302606 0.0600777354893585 1.8888405999723155 
1 0.05009286355458339 1.38244209681576 0.040116688071803686 2.260161003229616 0.06938265582980414 0.0018585926150444295 0.06004503359501564 0.775480441601266 
2 0.05011135916568129 2.0929004848768717 0.04015084195145871 3.2669521199154232 0.06938543676093636 0.23398564594286828 0.0600543327165452 1.0671412371541098 
1 0.05009358706300422 1.5046151763245557 0.04011884246942297 2.2676337613286988 0.06938275788750756 0.0018362570201529281 0.06004536624741158 0.7918991605428618 
1 0.050091133137505205 1.3444043083232216 0.04011389505549699 2.0790869100877023 0.06938254661410966 0.00174931166964103 0.06004426913940454 0.7364434491972676 
3 0.050132123793519015 2.767195535891684 0.04018843865432441 4.856908981434302 0.0693902664919765 0.5573375557501388 0.0600662749571132 1.5681871248018613 
1 0.05009198344350493 1.3775946174602378 0.04011513412361541 2.1313962017380583 0.06938259956484713 0.0018048815871573483 0.060044698298483176 0.7568488876266937 
3 0.05013465032688803 2.8898998982246793 0.04019297321189579 5.018947552668415 0.06939088317588141 0.6066766543375344 0.06006796982780758 1.617125479018289 
2 0.05011180956798509 2.1060308287309155 0.04015094302570253 3.1878800090011126 0.06938549361640525 0.23551549119154092 0.06005456631670233 1.1463346604306028 
1 0.05009040018832295 1.3428814560333384 0.04011305723533964 2.073363697666942 0.06938247795644192 0.0016174187342892418 0.06004394498685113 0.7206923785601778 
2 0.050114259477854674 2.1770991592964646 0.04015605524458203 3.4434949886725095 0.06938611510079333 0.24815669654779407 0.06005640413382081 1.1888847935439677 
2 0.05011407870930158 2.189447076243054 0.04015574188890497 3.535384328878739 0.0693860709006617 0.24735946830320218 0.06005624780088904 1.1651276920411078 
3 0.05013477015064447 2.893749946998494 0.04019312330928621 4.872178392110227 0.06939092512337697 0.6081340635353047 0.06006803453200249 1.6189674475215061 
1 0.05008701332888511 1.1746428806187956 0.04010645595433958 1.9508456227760902 0.06938229046664081 0.0011809492389405754 0.06004247074961553 0.6463501180259176 
4 0.05015296697959522 3.4783873630869273 0.04022574829170712 6.028352178256749 0.06939595068198733 0.7577166040070444 0.06007897930427812 1.9848601469324105 
3 0.05012804859493177 2.6513354615908753 0.040181888452214334 4.262780410000849 0.06938932247853691 0.49879011450716454 0.060064161442661544 1.491219345571037 
1 0.050089249034987834 1.2474273985748066 0.04010991277283994 2.064926023493772 0.06938241280843453 0.0013379992527994984 0.060043415151967185 0.6953783189167095 
3 0.05012964297456415 2.704536898411375 0.0401841531423988 4.530365192945264 0.06938969101174913 0.5106435684814209 0.06006503414201726 1.5141243808656375 
3 0.05013461062844249 2.8692309709476604 0.04019326794964404 4.951734009753581 0.06939088458384336 0.6063829725091228 0.06006795191582896 1.61060902313977 
4 0.05015283562317187 3.4748181681761645 0.04022553822064569 6.023432100627824 0.06939593058237538 0.7569796214380815 0.06007889638673695 1.982273733925524 
4 0.050155615699207824 3.564443705615795 0.04023044529694977 6.179244442901812 0.06939671302541278 0.7791424727995087 0.06008052601701634 2.0366482941847206 
1 0.050088946083348684 1.2430555527232456 0.04011066681025456 1.9676645164491429 0.06938239602066366 0.0013092441519126881 0.060043305563145785 0.6880778160249259 
3 0.05013267534407602 2.7856284173507033 0.04018933136812074 4.705775146511395 0.06939040314858343 0.5613982974699873 0.06006675568170912 1.5715359019540003 
1 0.05009205338831839 1.4954785701909756 0.04011638526244864 2.169205351076252 0.06938259649385843 0.0017888625994014538 0.060044709392238715 0.75873857267559 
2 0.05010933282584784 2.0569337205143357 0.04014710700445936 3.342382213912727 0.06938505758589422 0.22573130794288415 0.06005317348457852 0.9602320861159231 
3 0.05013267534407602 2.7856284173507033 0.04018933136812074 4.705775146511395 0.06939040314858343 0.5613982974699873 0.06006675568170912 1.5715359019540003 
2 0.05011065424283702 2.119041558360963 0.04014935980460959 3.2320126325231016 0.06938530870432826 0.2312151005737685 0.06005378246908477 1.0062709430892833 
4 0.0501523596054788 3.4565932480385726 0.04022462851939601 5.991157676984727 0.06939575694584947 0.7520409906037668 0.06007859957942467 1.9714682300704247 
2 0.05011336911849681 2.184248890822805 0.04015440584504034 3.5337689323910646 0.06938591756625508 0.24405905178820908 0.06005582203036079 1.173572106543745 
4 0.050149923845940234 3.3775071666957275 0.040220260111053514 5.8526172698990875 0.06939510211724731 0.7328448987548529 0.06007713264832022 1.923307911161859 
3 0.05013409832465041 2.8329384790091283 0.04019262982758966 4.921891076673245 0.06939076001515002 0.6019216538676198 0.06006763456452515 1.600327519087908 
3 0.05013036804180913 2.727868322219975 0.04018539328893263 4.667864156216657 0.06938985753368232 0.5157333250340876 0.06006542539946351 1.5276461452798071 
1 0.050088778820787626 1.1928245620049727 0.04010971148292913 1.7908685484843616 0.06938240121102739 0.0013222551400661727 0.06004324432942898 0.6851846229404097 
1 0.05008968892973161 1.3216040215671554 0.04011185920399083 1.984805582805808 0.06938247212827106 0.0013299529109130049 0.06004363909381829 0.7054937863477797 
3 0.050133544354141815 2.814562006755987 0.04019103320547603 4.812893832307377 0.06939062190252474 0.5974563590324542 0.060067261516611514 1.595191013317713 
4 0.050154714427974055 3.5352250756881105 0.04022885596609581 6.1270950506225415 0.0693964417380484 0.7717770071454276 0.060080000061503845 2.019297215793851 
3 0.050135124475793255 2.924934017695231 0.04019443710821336 4.975737391928524 0.06939102339718903 0.6109945627541651 0.06006827128388451 1.5793989029307909 
3 0.05013023938463035 2.723729068340868 0.0401854488207994 4.650429513891962 0.06938983564521678 0.5149091057291477 0.06006532618457081 1.5334186430028485 
4 0.050151416806481205 3.42641070645899 0.040222933812116494 5.937476260787817 0.0693954903403712 0.7445830317333193 0.06007803347773054 1.8977074458033918 
3 0.05013007815483045 2.7184164274186498 0.04018516127257201 4.612363294566123 0.0693898068705303 0.5138609415354898 0.060065291226023845 1.5220147316848087 
1 0.050093874647438884 1.450439661970701 0.0401185231521588 2.308620220709848 0.06938275482841119 0.0018100576293458488 0.06004552207103936 0.7986427830900977 
4 0.05015090352239475 3.409271777489759 0.040222111179476105 5.905053122608265 0.06939536272165396 0.7404527827057441 0.060077711752681374 1.8331984113821957 
4 0.05015090352239475 3.409271777489759 0.040222111179476105 5.905053122608265 0.06939536272165396 0.7404527827057441 0.060077711752681374 1.8331984113821957 
1 0.050093818189064554 1.5127669145583793 0.040119051546748316 2.1564923943377567 0.06938276231718145 0.0018147102218154347 0.06004545017573905 0.7962340591687648 
1 0.05009224516193095 1.3748646618792095 0.04011531208492497 2.159292618987893 0.06938260188188534 0.001777903127853652 0.06004474920996894 0.761028055980377 
4 0.05014929466992394 3.357801594695785 0.04021914557955486 5.817624619313943 0.06939493010077824 0.7278076223050658 0.06007675268951675 1.9104725728122418 
3 0.05013184516220701 2.7763020706790575 0.040187693668626505 4.802300740925412 0.0693901924742889 0.5267743871767481 0.060066155646743405 1.5553858584381328 
4 0.050151370461360124 3.4252353444638324 0.040222860974764366 5.934072676235688 0.06939551036062128 0.7445984986575737 0.06007797997174917 1.8970995095592122 
4 0.050153604082499824 3.4998930652177185 0.040226932980658284 6.063484462712095 0.06939612888126004 0.762780306784899 0.06007936165618403 1.9977105661485752 
2 0.05011135916568129 2.0929004848768717 0.04015084195145871 3.2669521199154232 0.06938543676093636 0.23398564594286828 0.0600543327165452 1.0671412371541098 
4 0.050150623496106904 3.3076457188363717 0.040221462034458616 5.890777568214558 0.06939525536442068 0.7379921817906037 0.06007754183987235 1.828887363275634 
3 0.05013298903173162 2.7961103688193147 0.040190033670629954 4.912325524859232 0.069390475265149 0.5640259174955797 0.06006692480016398 1.5784449103579523 
1 0.05008984863569221 1.2576329941840618 0.04011114100034992 1.9660429645552409 0.06938245529850205 0.001487245509854516 0.060043711737120975 0.7089263524147731 
3 0.05012828809174478 2.6593184859215975 0.04018154015246611 4.460213310412012 0.06938937528961985 0.5006069473103804 0.060064328222051766 1.4872361316323033 
2 0.05011168652073128 2.15226607513656 0.04015138338435762 3.270845979931134 0.06938548000622294 0.23496694227201412 0.06005437894373546 1.1456127506410778 
4 0.050151088590074354 3.415966320738548 0.0402223619752542 5.917539282329973 0.06939540668781966 0.7419815166568743 0.06007783695514439 1.8371674220381462 
3 0.05013334749705204 2.8079483429008625 0.040190966660490914 4.882892208541414 0.06939057086132788 0.5956287481944973 0.060067161173448305 1.5383453693310174 
1 0.05008727578004153 1.2047404675094422 0.04010616665175074 1.7634476042183636 0.06938227917852434 0.0011644274889656963 0.06004256275884259 0.6505590084846004 
4 0.05015304829490983 3.48106296394862 0.0402258900194523 6.033329794855857 0.06939595478248466 0.7582416934232264 0.06007901685460154 1.9865472432276872 
4 0.050148407800168784 3.3285449387922723 0.040217557092627164 5.76487117195084 0.06939466639565535 0.7204301283918448 0.060076219265693065 1.8931332690315468 
4 0.05015036654114959 3.392041245028211 0.04022105540449415 5.875624701706347 0.06939520526974345 0.7361031270123324 0.060077396315870044 1.8234568372714157 
1 0.05008857921023343 1.2108947749766679 0.040109089634036976 1.8715201896958895 0.0693823807682555 0.0010918789104668375 0.06004309885884512 0.6792292760872198 
3 0.050134256627290874 2.8382292265950406 0.040192192429307536 5.013264590332774 0.06939078031252235 0.6033467448381734 0.06006771025967631 1.556048582831584 
2 0.05011522637970837 2.2817552879512024 0.04015765589354799 3.6282721022330535 0.06938632130704474 0.2524476802545312 0.06005700555720102 1.168048306556312 
1 0.050089880529344086 1.3265850042557115 0.04011139398166336 2.090823767039514 0.06938246248241567 0.0014842115703427258 0.060043742655275525 0.7103213241857977 
4 0.0501497921989438 3.3736835648215573 0.04022004623417136 5.844556757407863 0.06939504527346366 0.731658540031046 0.06007703385814086 1.8679585727656352 
4 0.05015451300910027 3.523999766691724 0.040228315499186026 6.1115421353127335 0.0693963521485399 0.7694570067608224 0.06007982429749015 2.013605853199043 
3 0.05013385789465893 2.825044970081886 0.04019142344233043 4.916015139044964 0.06939069248887934 0.600558753249411 0.06006748069287271 1.5950136393368706 
4 0.050148862483832456 3.343177927681529 0.040218392871681094 5.791028376090458 0.0693947745908421 0.7238635140085249 0.06007651879832365 1.9037961432411035 
1 0.05009437167629792 1.479962801750115 0.04011891693680203 2.320225040278165 0.06938279891385736 0.0017726886421568714 0.06004572330616727 0.8081153688121878 
1 0.05008857921023343 1.2108947749766679 0.040109089634036976 1.8715201896958895 0.0693823807682555 0.0010918789104668375 0.06004309885884512 0.6792292760872198 
2 0.05011149904914387 2.0959061442615843 0.04015130097572123 3.2739276060280873 0.06938545435876768 0.2343383838252989 0.06005420861946346 1.0024256798271443 
2 0.05011020338320501 2.0868082774679486 0.040148181089692106 3.4025291231203396 0.06938521621116056 0.22940003848270724 0.06005354923773809 1.0521731592245036 
3 0.05013477015064447 2.893749946998494 0.04019312330928621 4.872178392110227 0.06939092512337697 0.6081340635353047 0.06006803453200249 1.6189674475215061 
1 0.05009286355458339 1.38244209681576 0.040116688071803686 2.260161003229616 0.06938265582980414 0.0018585926150444295 0.06004503359501564 0.775480441601266 
1 0.05008857921023343 1.2108947749766679 0.040109089634036976 1.8715201896958895 0.0693823807682555 0.0010918789104668375 0.06004309885884512 0.6792292760872198 
2 0.0501143273270947 2.249384610499308 0.04015630933292428 3.7226687814363175 0.06938613276386049 0.24840832679563274 0.06005645983210267 1.1905175625509714 
2 0.05011155742922212 2.0981872400829062 0.04015103611545894 3.2078835716249876 0.06938546916619431 0.23453326566662472 0.060054268916219636 0.9915540025873273 
4 0.050148903212124916 3.34472375615803 0.0402184488381163 5.79463859415773 0.0693947944149177 0.7243100538198881 0.06007651330621688 1.9026579222035633 
4 0.050148821483235864 3.341835041410789 0.04021831118586148 5.790010927788337 0.06939476342006737 0.7235590902241392 0.06007648331029506 1.849743845907092 
1 0.05009331223956567 1.4319967498913218 0.0401176267852865 2.2441110031046225 0.06938268789323691 0.0018612802868015498 0.06004522755737378 0.7847294115922717 
3 0.05012884825392459 2.6772924397634905 0.04018299396462292 4.442822495899144 0.06938949960332437 0.5044010781363208 0.060064589376958424 1.4539580948868789 
2 0.05011527693275003 2.2623382557732428 0.040158083593123076 3.5736525129048906 0.06938633899242921 0.25259906114903685 0.06005705010063859 1.1691489364225176 
4 0.050151370461360124 3.4252353444638324 0.040222860974764366 5.934072676235688 0.06939551036062128 0.7445984986575737 0.06007797997174917 1.8970995095592122 
1 0.05009089394762115 1.3937551216294826 0.04011352580020263 2.0832111608331276 0.0693825394318929 0.0016271346716392032 0.06004416147882661 0.7327300559358354 
1 0.05009333643263374 1.476441082219338 0.04011864189930869 2.2896950014150654 0.06938271192684815 0.0018530259994198606 0.06004530001505235 0.7857647435552396 
3 0.05013064451114515 2.737130559321085 0.04018571534973957 4.715889721216807 0.06938993263769967 0.5178766643193775 0.06006556367526929 1.5326823144127146 
4 0.05014793141379777 3.3127026959667227 0.04021671208514929 5.63092086742014 0.06939454161976955 0.7166802133316603 0.060075914867624106 1.8833344138111763 
4 0.05014789047559307 3.3113747015277055 0.04021663325238308 5.7371339403830985 0.06939452359229409 0.7163213644982166 0.060075889452076536 1.8825344436403255 
2 0.050107117476069704 1.9549698786669132 0.04014230634744769 2.8822214506594905 0.06938465660075277 0.15686960536952116 0.06005207736425431 1.0655118292725778 
1 0.05009170803362336 1.3657989743098877 0.04011517535032554 2.183991247607292 0.06938258996408628 0.001730070499854492 0.06004450096041131 0.7492956644702949 
3 0.050132909110862836 2.793465582979048 0.040189876305099854 4.900404167631318 0.06939046958798313 0.5636504214960202 0.060066905772987234 1.5370907649051384 
4 0.050152016164837 3.4466716080218793 0.040224027974496875 5.9733999835088 0.0693956651410224 0.7495088389669169 0.06007839962054205 1.9648133777991774 
1 0.05009167852218532 1.3828866898430225 0.040114886172529174 2.10530057154473 0.06938259002831518 0.0017328601147623794 0.06004447879987325 0.7480942592453754 
2 0.05011326482411227 2.0949583627861657 0.040154190125186555 3.425515535876161 0.06938589285732007 0.24353617405998831 0.0600557575837809 1.1335398592644392 
3 0.050127634840273515 2.637772795050656 0.04018023516744277 4.427895302037488 0.06938921841421682 0.4960994460522327 0.06006399700895504 1.4318349680935527 
3 0.05013019909350097 2.722397116674151 0.0401849006510984 4.702472525334136 0.06938982199419634 0.5146141745299765 0.06006534695965328 1.524486536492538 
4 0.05015069296365565 3.4023930038236414 0.040221720674391684 5.8938974549346685 0.06939529324267033 0.7387110288701603 0.060077589457824335 1.8842500234800084 
4 0.050155615699207824 3.564443705615795 0.04023044529694977 6.179244442901812 0.06939671302541278 0.7791424727995087 0.06008052601701634 2.0366482941847206 
1 0.05009178010444918 1.3689699870757188 0.04011519845262281 2.01127410884161 0.0693826012467723 0.001723570122003035 0.06004454576804856 0.7509737429579723 
3 0.050134809455530484 2.8951201326116447 0.040193267640615454 5.046840541066192 0.06939091679137165 0.608251740282783 0.0600680464151533 1.5671806346834087 
2 0.05011395353023316 2.167994631740738 0.04015563437322063 3.499539661117717 0.0693860444593039 0.2467998523419465 0.060056211768613275 1.1840542539996508 
4 0.05014857338017611 3.3338340067635137 0.040217851012857596 5.775074517588789 0.06939467681742265 0.7214761287828237 0.06007634563718893 1.8983030372779044 
1 0.05009099996074358 1.337918454940914 0.0401133477828564 2.0557784357583557 0.06938253390070101 0.001619455788095383 0.06004420479591706 0.7341296905757583 
1 0.050089249034987834 1.2474273985748066 0.04010991277283994 2.064926023493772 0.06938241280843453 0.0013379992527994984 0.060043415151967185 0.6953783189167095 
4 0.050149678155098375 3.3693436001229076 0.04021982919472569 5.71688937463802 0.06939502129315626 0.7305743504806935 0.06007698553840239 1.8651206013401047 
3 0.05013485024471113 2.915748241227806 0.040193265460830296 4.880090689677384 0.06939092926726922 0.6085087750311076 0.060068083847749795 1.6148858903677035 
2 0.05010953820512888 2.0818526760660774 0.04014678744790283 3.2272642379820717 0.06938509007719743 0.2264626910977714 0.060053229298419775 1.1068706043070882 
1 0.05009045478567111 1.3186214300288346 0.04011299910636195 2.0651295119655755 0.06938251169462109 0.0016121547694879618 0.060043973496415284 0.7223903028453889 
4 0.0501540286970368 3.5129570286763383 0.04022768179263545 6.089665707986593 0.06939624177113515 0.7661839457105972 0.06007958926932679 2.005501878125534 
4 0.05015304829490983 3.48106296394862 0.0402258900194523 6.033329794855857 0.06939595478248466 0.7582416934232264 0.06007901685460154 1.9865472432276872 
3 0.050135321970430156 2.95091386431416 0.04019411750545222 5.002469078483659 0.06939103818824308 0.6123422386074002 0.06006836902069947 1.63027077202246 
2 0.05010759744708669 2.015523109702118 0.040142703574407766 2.9328544978639077 0.06938471396740867 0.15819084768380193 0.06005237196582103 1.0547914424228815 
3 0.05013362009475221 2.8171066054802223 0.04019144928148759 4.958645040814329 0.0693906316899425 0.5978114699148517 0.06006731338626462 1.5909921414312076 
4 0.050153850570455086 3.50806622518922 0.040227315664833195 6.0813015696552775 0.06939617237659296 0.7646462432247465 0.06007949642586767 2.0026800376764076 
4 0.050153963963001945 3.512133566707572 0.04022780022832616 6.082882709695676 0.06939622997476062 0.7660012438754965 0.06007953670766033 2.004754140411635 
4 0.05015121603850471 3.419742731389001 0.04022257026380942 5.92469219317899 0.06939546458189969 0.7433173281179006 0.060077879426120716 1.893887717530196 
4 0.05014797259620233 3.3143518729978587 0.04021678541349214 5.74207940809462 0.0693945229028837 0.7166610996786212 0.060075944976148044 1.8845366820158707 
3 0.05013417929034351 2.83559569689115 0.04019202303413792 4.9371339078443155 0.06939076648209846 0.6029522401280474 0.060067645024658764 1.602076614377697 
3 0.050135321970430156 2.95091386431416 0.04019411750545222 5.002469078483659 0.06939103818824308 0.6123422386074002 0.06006836902069947 1.63027077202246 
3 0.05013243672653596 2.777696678768033 0.04018810077479924 4.742805320980485 0.06939033519099667 0.5593577069330857 0.060066602710158 1.5214327863287989 
4 0.050148121621158025 3.319453083370793 0.04021705444700825 5.750909424637355 0.06939458945462837 0.7182352114663346 0.06007604320757345 1.888656421830887 
4 0.050151088590074354 3.415966320738548 0.0402223619752542 5.917539282329973 0.06939540668781966 0.7419815166568743 0.06007783695514439 1.8371674220381462 
3 0.05013433190031445 2.840759974936795 0.04019233980936916 4.8742587448795485 0.06939080157358225 0.6039616066487635 0.06006777469179449 1.6043827837758997 
4 0.050152318761961814 3.4552702363487753 0.040224552452412785 5.98679070103032 0.06939578196411696 0.7521995172870553 0.060078540327722973 1.915006044367923 
2 0.05011013006811127 2.052995607289451 0.04014824558138567 3.4209374696807933 0.06938519888382258 0.22894028247884673 0.060053497623965724 1.0705409192193467 
4 0.050148903212124916 3.34472375615803 0.0402184488381163 5.79463859415773 0.0693947944149177 0.7243100538198881 0.06007651330621688 1.9026579222035633 
4 0.05014787275942687 3.305138339514638 0.04021645368050012 5.727862224402065 0.06939448885801769 0.7152441234959664 0.06007582389967027 1.8801217858489268 
1 0.05009362410983986 1.4546462850607491 0.04011823685917245 2.2918994112667064 0.06938272187548108 0.0018316910889970843 0.060045425876185374 0.7921199646761636 
3 0.050131375704193085 2.7605367307605175 0.04018740726268434 4.44035046772344 0.06939009250932114 0.5229090868232287 0.060065880190620626 1.5007337560967833 
2 0.050113490806852165 2.2052314478527117 0.0401548857744336 3.475149765193229 0.06938595000397596 0.24465869897010517 0.06005589011777276 1.1761513826824097 
1 0.05009217898211734 1.4194258957399293 0.04011584329441241 2.1453612220415543 0.06938261914251527 0.0017822290319177488 0.0600447424579699 0.7605008674337875 
1 0.05009012532238601 1.3490447636073104 0.040112301047677865 2.019761989386623 0.06938249826757892 0.0014894079143589942 0.060043819262774176 0.7153865889129755 
3 0.05012992933042093 2.7132690668893558 0.040184884592155454 4.679327007624546 0.06938976331086084 0.5124803004622696 0.06006518448606191 1.5186495781494467 
4 0.05015459419579858 3.5313690768675334 0.04022861944864897 6.120105246476255 0.06939641895001236 0.7709147415905397 0.06007993212478553 2.0166503597283567 
4 0.05014809098224349 3.3178403589989216 0.04021699048414304 5.746473974051732 0.06939458449003726 0.7178569352801624 0.060076042833530505 1.8879833136446336 
1 0.05009371977819489 1.4434830946544441 0.040119430462820106 2.3323657617416567 0.06938275193675822 0.0018261802069316764 0.06004541311250107 0.7942847806220632 
2 0.0501142168533385 2.175565784090194 0.04015549142214213 3.709418517496001 0.06938609469926738 0.24787747792583575 0.060056358928524164 1.1881468152293 
3 0.050132795721803555 2.8079883855744696 0.040189612592705815 4.854144220563924 0.06939043586310367 0.5625534422996538 0.0600668274862423 1.5350483853827814 
1 0.050088778820787626 1.1928245620049727 0.04010971148292913 1.7908685484843616 0.06938240121102739 0.0013222551400661727 0.06004324432942898 0.6851846229404097 
2 0.05011454973462701 2.20362233428853 0.04015637529995557 3.4930616861075534 0.06938617408903486 0.24953738055663477 0.06005667073947778 1.1559619608754388 
4 0.05014907275878131 3.3497114885350987 0.0402187587043311 5.803660979446308 0.06939485227516953 0.7258086111200066 0.06007660581470196 1.9069878855547038 
1 0.050091747190302294 1.3690759990535029 0.04011492645345697 1.9664370847551786 0.06938259402937194 0.0017246244856340173 0.060044547549793915 0.7501532100222748 
1 0.05008701332888511 1.1746428806187956 0.04010645595433958 1.9508456227760902 0.06938229046664081 0.0011809492389405754 0.06004247074961553 0.6463501180259176 
3 0.05012767513602281 2.63909931518918 0.04018049509602748 4.423730166985652 0.06938920834142069 0.4961717050848734 0.06006400275874416 1.432198424408503 
3 0.05013117705548076 2.753931101447875 0.040187580721396436 4.416688329354111 0.06939005183357795 0.5212910270563869 0.06006578149116413 1.497161738249623 
3 0.05013283639634743 2.8093226058045566 0.04019002102044607 4.850525881498064 0.06939044730774575 0.5627767265675601 0.060066841252335926 1.5752931746458947 
3 0.05013146934479087 2.7647421044491303 0.04018733766138767 4.8286085213309935 0.06939012583472025 0.5241562288435494 0.060065966294224137 1.5111853339358958 
1 0.05009075410185193 1.3285666154300657 0.04011303158289457 2.105347200154666 0.06938252708743214 0.001612804764995457 0.060044078762978036 0.7287065710036813 
4 0.050152397723386075 3.4579085838710952 0.04022467662061152 5.991299042981753 0.06939577891760675 0.7524875101851357 0.06007862275946435 1.9720431831904766 
1 0.050092597208915624 1.4530063592658435 0.04011651850329134 2.3305065824390376 0.06938265236862906 0.001854297380022517 0.060044948477217364 0.7709328329983687 
4 0.05015451300910027 3.523999766691724 0.040228315499186026 6.1115421353127335 0.0693963521485399 0.7694570067608224 0.06007982429749015 2.013605853199043 
2 0.050115118853538365 2.2655256771054293 0.04015800207184931 3.543269345373802 0.06938630304303033 0.2518018143628507 0.060056895427210454 1.181589136472331 
4 0.050153963963001945 3.512133566707572 0.04022780022832616 6.082882709695676 0.06939622997476062 0.7660012438754965 0.06007953670766033 2.004754140411635 
4 0.050151789663057236 3.4386234702238925 0.04022359118387096 5.958161723139299 0.0693955833967664 0.7475408942924935 0.0600782274935858 1.9600440575842886 
2 0.05010739642629748 2.010399759882645 0.04014361502545129 3.046217388417451 0.06938470828029183 0.15777791511121902 0.060052101347594665 1.0836164549444276 
1 0.05009414680056177 1.4203954022096266 0.04011996429163606 2.286758246169835 0.0693827820802371 0.0017904374615500616 0.06004561948427678 0.803684130527705 
3 0.05013255632063736 2.7816613671784136 0.04018864865954015 4.706930299940287 0.06939037003084371 0.5604359495001898 0.06006667683216562 1.5236086493676606 
1 0.05008720716735353 1.176042336137445 0.040107167882686194 1.7952236228752512 0.06938229872886052 0.001163666671231775 0.06004255527526625 0.6513612877575625 
4 0.05015008581852054 3.3830583297355643 0.04022054286623798 5.862044026829196 0.06939512509831215 0.7338231239692932 0.06007722652405103 1.9267672860103118 
4 0.050147641930059515 3.3033624991679615 0.040216198453534704 5.722512217700853 0.06939445983809689 0.7142347098153838 0.06007576368590288 1.8777668985518297 
3 0.05013157121346799 2.767126252305782 0.04018746050874007 4.781943061617442 0.06939013833091803 0.5245418022130706 0.06006600210964572 1.5497828287986783 
1 0.05008906339136817 1.1890080774989051 0.04010988318045822 1.8518542260564654 0.0693824320763883 0.0012958430524200944 0.060043389127311685 0.6919851663384382 
3 0.05013200430725353 2.7632289138650634 0.040188570225309264 4.79785410149371 0.06939025443327067 0.5278736877236865 0.06006630196698588 1.5584324083277583 
3 0.05013157121346799 2.767126252305782 0.04018746050874007 4.781943061617442 0.06939013833091803 0.5245418022130706 0.06006600210964572 1.5497828287986783 
4 0.05015051776329893 3.3973907292522227 0.040221341885696774 5.888425766105945 0.06939524045996655 0.7375065552069403 0.06007748997919145 1.8269001529881443 
4 0.050154149730648356 3.5167959746451176 0.04022782897386148 5.9707649706520645 0.06939627686937452 0.7671838071643526 0.06007965411653047 2.008120562873944 
4 0.05014857338017611 3.3338340067635137 0.040217851012857596 5.775074517588789 0.06939467681742265 0.7214761287828237 0.06007634563718893 1.8983030372779044 
2 0.050110865968027385 2.108334498846161 0.04014968149271507 3.245946210241498 0.06938533800044883 0.231964601777804 0.060053973606496745 1.0577305916297195 
4 0.050154352674589696 3.5234386658420385 0.040228232121506176 6.108036720113458 0.06939635467551554 0.7689312118186121 0.06007979505097029 2.012028734032296 
1 0.05009073413961547 1.3321577050298108 0.04011311508945188 1.995699900963049 0.06938251375380687 0.001613314198215925 0.060044065005682025 0.7276967722762958 
1 0.05009358706300422 1.5046151763245557 0.04011884246942297 2.2676337613286988 0.06938275788750756 0.0018362570201529281 0.06004536624741158 0.7918991605428618 
3 0.05013141551567466 2.7618539197506604 0.04018699946199916 4.7666160802273065 0.06939009789312041 0.5235509268381193 0.06006592385047373 1.5019467301620821 
3 0.050134928196904814 2.9184019704901205 0.040193374418966935 4.980843059151948 0.06939095459101322 0.6091494562835608 0.06006813315760615 1.6167914619096568 
1 0.050091133137505205 1.3444043083232216 0.04011389505549699 2.0790869100877023 0.06938254661410966 0.00174931166964103 0.06004426913940454 0.7364434491972676 
3 0.05013433190031445 2.840759974936795 0.04019233980936916 4.8742587448795485 0.06939080157358225 0.6039616066487635 0.06006777469179449 1.6043827837758997 
2 0.05010707109817951 2.0180136882303183 0.04014277643660978 3.063388399700746 0.06938465927065039 0.1568795422390064 0.06005192343982748 1.0514649622316454 
4 0.050155655684133625 3.56575217694285 0.04023051371115755 6.06567398774646 0.06939672371045054 0.7794639786811627 0.06008054820012472 2.037477056896332 
2 0.05011275319139195 2.118757245800812 0.04015346715926513 3.363480473901754 0.06938569478274506 0.23930163410227778 0.06005499936853187 1.163444648400771 
2 0.05010747927420881 1.966520489190867 0.04014341355913953 2.9223433400661687 0.06938471430311888 0.15817637454345662 0.06005230097479538 1.052541398299232 
2 0.05010801386925664 1.9838522777651568 0.04014452813830239 3.203991028493219 0.06938481325437247 0.1599482902832862 0.060052475911162494 1.0791848433606437 
1 0.05009205338831839 1.4954785701909756 0.04011638526244864 2.169205351076252 0.06938259649385843 0.0017888625994014538 0.060044709392238715 0.75873857267559 
4 0.050154714427974055 3.5352250756881105 0.04022885596609581 6.1270950506225415 0.0693964417380484 0.7717770071454276 0.060080000061503845 2.019297215793851 
4 0.05015008581852054 3.3830583297355643 0.04022054286623798 5.862044026829196 0.06939512509831215 0.7338231239692932 0.06007722652405103 1.9267672860103118 
4 0.0501512887783274 3.4225199470550587 0.04022270877795997 5.928960554907263 0.06939547594401502 0.743741484986098 0.06007795484313747 1.8407508167361981 
1 0.050091349851858244 1.3561314679764176 0.040114437869778405 2.081475069051918 0.06938256901307668 0.0017281067042762628 0.0600443602115451 0.7425551944816537 
2 0.05010912347487373 2.068557810944157 0.04014637917636692 3.3230832233998284 0.06938501828658789 0.20401143680896708 0.06005304864303386 0.9574643032949275 
3 0.050131429084549414 2.7634473306189355 0.04018710150608024 4.774547182003685 0.06939011168467303 0.5236353765685708 0.06006595397882519 1.5031761088439715 
2 0.05011056760425373 2.1168068053283653 0.040149152313180336 3.3643372266752656 0.0693852820811248 0.23083666871307568 0.06005378627753287 1.1260180357021405 
4 0.050152452417077956 3.4593790950111467 0.04022475313088098 5.994329744072719 0.06939576937393777 0.7526523030238074 0.06007863872306647 1.973080082001291 
2 0.05011060935481335 2.117805348009861 0.04014959321025937 3.21974216718064 0.06938529536222036 0.23099095657358823 0.06005373843170566 1.1121131795759611 
1 0.05009066986821496 1.3393361284426508 0.04011315290628807 1.9511543852474609 0.06938252323699459 0.0016195483755426488 0.060044069926189124 0.7263647549024137 
3 0.05012956278606442 2.701170416387003 0.04018366541797584 4.666994391791833 0.06938966562807448 0.50986611218482 0.060064989966615724 1.5118432594971738 
1 0.05009103822485074 1.4131041230284338 0.04011374902524123 2.1061810237080723 0.06938253033861458 0.0017224521575919232 0.06004424976410546 0.7355430418116397 
1 0.05008911844517141 1.1759296987772652 0.0401102195532914 1.8576776161830728 0.06938241526140841 0.0013453777145267993 0.06004337295721759 0.6927292889004882 
4 0.050152762988155374 3.4718562855639243 0.04022539107397827 6.016261444704753 0.06939588868658284 0.7560404821320351 0.06007886743273087 1.9808640668051052 
1 0.050087728697994695 1.219380725779541 0.04010729232662216 1.8633493072170553 0.06938234695063006 0.0011566520167088433 0.06004274426517832 0.6621891658363859 
2 0.05011028673868362 2.1067348318582018 0.04014887172439627 3.2859472471878854 0.06938522876967175 0.22965657980846746 0.060053628359799896 1.0120396229965452 
4 0.05015040730208033 3.3933250121435634 0.04022112803989969 5.877994035787898 0.06939522811708423 0.7365019107746574 0.0600774324081804 1.8248154510014731 
3 0.05013064451114515 2.737130559321085 0.04018571534973957 4.715889721216807 0.06938993263769967 0.5178766643193775 0.06006556367526929 1.5326823144127146 
2 0.050109247938623126 2.071650023848026 0.040146816332089136 3.329926790138706 0.06938503930755317 0.2250746311716491 0.06005315485744037 1.0650277684262122 
2 0.05010888027222562 2.0122250932952284 0.040146132644916885 3.2809142280468775 0.06938498001213127 0.18289532145290227 0.06005295770882191 0.9529137298969147 
3 0.05013405830893898 2.831637407543099 0.040192285489929855 4.778132548519875 0.0693907439043881 0.6017301210196039 0.06006759971385811 1.5989552519691579 
4 0.050148821483235864 3.341835041410789 0.04021831118586148 5.790010927788337 0.06939476342006737 0.7235590902241392 0.06007648331029506 1.849743845907092 
1 0.05009117120162254 1.357069831988656 0.040113482479763284 2.1957874752249844 0.06938253920229197 0.0017405729753766838 0.06004429932152512 0.7387049556956348 
3 0.05012881217317795 2.6760171809856983 0.04018293203395802 4.391128573236533 0.06938949646779606 0.5040560634787199 0.06006458861538565 1.4533955222655826 
2 0.05010832579533695 1.9937006362890055 0.040144946384533864 3.22953685584841 0.06938486302625105 0.1606064100095108 0.06005261450485612 1.0920505772531766 
1 0.05008670429473017 1.1832615382154974 0.040105432149352235 1.7653199544444707 0.06938227695735615 0.0011950700736661278 0.060042329320004896 0.6407611728179915 
4 0.05015316193820155 3.4855650583119613 0.04022609369020222 6.03991817007257 0.06939602817648219 0.7596664322274467 0.06007908152825532 1.9883621011201833 
4 0.050153927894606175 3.510609286077505 0.04022746500618529 6.086087519057173 0.06939623205710797 0.7658305458543924 0.06007951188383833 2.003583371713302 
4 0.050151758365105895 3.4320619948670013 0.04022337662973529 5.952087132628465 0.06939556034848617 0.7464836602109718 0.06007818314111528 1.9025486114795052 
2 0.05011159098154001 2.149557685942675 0.04015060237473793 3.267170069743078 0.0693854670514934 0.23469064766016157 0.060054321256292884 1.1435601823537387 
3 0.050133508217403235 2.813285648255502 0.04019101385180967 4.848551853862134 0.06939060818491868 0.5971522303153495 0.06006725413555379 1.5878804297354996 
1 0.050094415532002876 1.481294351245403 0.040119799622282334 2.260817258600001 0.06938280277094766 0.0017681805713532373 0.06004571877534538 0.8080300631677908 
2 0.05011385962823286 2.1827406266247458 0.04015549367606924 3.4270752705368843 0.06938602751070126 0.24629585722523767 0.06005615399748828 1.1823328736594099 
3 0.05013477015064447 2.893749946998494 0.04019312330928621 4.872178392110227 0.06939092512337697 0.6081340635353047 0.06006803453200249 1.6189674475215061 
3 0.05013235698461478 2.7750585794577405 0.040188792437210824 4.825780121590706 0.06939032961167502 0.5590741049088269 0.06006654154765062 1.5652404354687928 
1 0.05008964529804981 1.2964442713781277 0.04011110489345158 2.1012014892617805 0.06938242711503848 0.0013344639397758792 0.06004361075329976 0.7038866063080319 
3 0.050128479540204385 2.6658708263030837 0.040181740728277716 4.606805842810748 0.06938941495304096 0.5020188686800121 0.06006439366992681 1.4560613206493607 
2 0.05011501778338044 2.2739347218384696 0.04015750699545482 3.7595588739173125 0.06938628048818798 0.25142236995162576 0.060056801329626895 1.1801447605078574 
1 0.050093818189064554 1.5127669145583793 0.040119051546748316 2.1564923943377567 0.06938276231718145 0.0018147102218154347 0.06004545017573905 0.7962340591687648 
2 0.05011390105255242 2.253481271453366 0.04015470566629453 3.4905621373173887 0.06938602829374153 0.24651710806739752 0.0600560855537003 1.1242298230747338 
3 0.05013003796818059 2.7170800967021966 0.04018461670010729 4.384718541416797 0.06938979009494348 0.5134815395920361 0.06006529142624195 1.5213884608609534 
4 0.05015341160176473 3.49312300032958 0.04022652647254102 6.054462573007936 0.06939610379448845 0.7615339766463123 0.06007924538905224 1.993158732900374 
1 0.050088988576991976 1.256897735784867 0.040110080547039406 1.9365665907883645 0.06938241435245635 0.0013561584937918558 0.06004333130971514 0.6899334467333451 
4 0.05015016253954933 3.385356959021057 0.040220698877851346 5.864418326456543 0.0693951602651883 0.7345963216943401 0.06007731307406836 1.929514945749914 
4 0.05015012655642026 3.3843846879241752 0.04022059273662311 5.863240401121377 0.06939512861244806 0.7342368091332474 0.06007724226831296 1.8201633327733788 
2 0.05011352531497715 2.2242387311428997 0.04015439167675263 3.489393618241087 0.06938595244936889 0.24485597855283414 0.06005593092795965 1.17652250002653 
1 0.05008810728556949 1.196950655347442 0.04010809304391921 1.8766716462581663 0.0693823268951205 0.0011242466203891847 0.06004294868249259 0.6707371938544814 
3 0.05013548314116363 2.9562368577045883 0.04019459268399751 5.009376761585957 0.0693910937390103 0.6137976999607595 0.06006850873068712 1.627394548463947 
4 0.05015213802757366 3.4506905060481174 0.04022421695394095 5.977839647170135 0.06939570492063024 0.7505449476198575 0.060078468268419935 1.9670290759231754 
4 0.0501509671634223 3.4119254651489777 0.040222150964852134 5.913025902153635 0.06939536244027943 0.740882750364863 0.06007776519020254 1.8898908081897616 
1 0.050091383232826234 1.4152418707749257 0.04011379407861572 2.0999358312220777 0.069382567013217 0.0017247592152187011 0.06004438980308113 0.74328823670543 
2 0.05011447251104282 2.23646059022062 0.04015678853872661 3.7366842146057238 0.06938616743976447 0.2491914251489215 0.06005650963184387 1.0954305410842085 
1 0.050090762481462305 1.3714448448045016 0.040113551826654034 2.012480760758701 0.06938253273896393 0.0016048893501646882 0.06004413592147848 0.7299708936231293 
1 0.05009043119914808 1.379369878765041 0.040112526375504755 2.1110152839767276 0.06938249399925492 0.0016146872217122226 0.0600439404436773 0.7215510045410337 
1 0.05009358706300422 1.5046151763245557 0.04011884246942297 2.2676337613286988 0.06938275788750756 0.0018362570201529281 0.06004536624741158 0.7918991605428618 
1 0.050092423881893014 1.4011411742475155 0.04011614726631178 2.2230988091491897 0.06938263634587487 0.0018657471685920904 0.06004485840699314 0.7659572932366573 
3 0.05013073657248727 2.739971799343298 0.04018588868532634 4.687249452413303 0.06938994336722823 0.5186888965775485 0.0600656149145201 1.5421467448353983 
4 0.050153604082499824 3.4998930652177185 0.040226932980658284 6.063484462712095 0.06939612888126004 0.762780306784899 0.06007936165618403 1.9977105661485752 
4 0.05014828708311571 3.324589233009024 0.040217350066793466 5.758189716117884 0.06939463914605679 0.7195019387601341 0.06007614834144186 1.8907368271835305 
4 0.05015296697959522 3.4783873630869273 0.04022574829170712 6.028352178256749 0.06939595068198733 0.7577166040070444 0.06007897930427812 1.9848601469324105 
4 0.050149513775633744 3.363980457062174 0.040219516433585935 5.827454598648258 0.06939497700917194 0.7293547136097477 0.06007687559908166 1.9146667233239019 
2 0.05010707109817951 2.0180136882303183 0.04014277643660978 3.063388399700746 0.06938465927065039 0.1568795422390064 0.06005192343982748 1.0514649622316454 
1 0.05009418290585421 1.5397722988466884 0.0401190293365316 2.2893491215993804 0.0693827869545481 0.0017825608483967262 0.06004567306455999 0.8048421037037439 
2 0.050107816381759776 2.0239726443355335 0.04014447844224499 3.2483328650511516 0.06938477280536609 0.15911217628527344 0.06005238846366499 1.0772433428913026 
3 0.0501321644522147 2.7685345156873375 0.040188783497993964 4.756602815922262 0.0693902785982405 0.5576191787394624 0.06006630427959392 1.5687501274168123 
4 0.05014909238543993 3.3514274682057144 0.04021881308221277 5.806471842062239 0.06939484105085227 0.7258976866560015 0.060076671456780806 1.9080778101175995 
2 0.05011180956798509 2.1060308287309155 0.04015094302570253 3.1878800090011126 0.06938549361640525 0.23551549119154092 0.06005456631670233 1.1463346604306028 
3 0.05013520264457947 2.9469541034078643 0.040193769463738226 4.995951082002123 0.0693910199414601 0.611550117129646 0.060068321072346796 1.6218032285457356 
4 0.05015537655838859 3.5565258051163324 0.04023000810312573 6.166546379953433 0.0693966360950637 0.7771287724620815 0.06008037807833946 2.0318655381265764 
3 0.05013405830893898 2.831637407543099 0.040192285489929855 4.778132548519875 0.0693907439043881 0.6017301210196039 0.06006759971385811 1.5989552519691579 
1 0.05009159693548235 1.37812215127308 0.04011493706773911 2.0596044192639518 0.0693825759188412 0.0017344386891522943 0.060044485322075555 0.7477537820098448 
1 0.050088946083348684 1.2430555527232456 0.04011066681025456 1.9676645164491429 0.06938239602066366 0.0013092441519126881 0.060043305563145785 0.6880778160249259 
1 0.05008760891535362 1.2151988508796883 0.040107514478772026 1.9150510180715812 0.06938235639187067 0.001154582996197024 0.06004271139248433 0.6603622462764307 
2 0.05011279870265708 2.120034283558774 0.04015342253392508 3.3372550827991914 0.0693856949410726 0.23949341773615157 0.06005499953907985 1.1663539670016145 
2 0.05011467577906124 2.17321138559154 0.04015675627014083 3.5164885225125686 0.06938620788066927 0.2500437230928834 0.06005667904860623 1.1582093357627905 
4 0.05015101758705972 3.413012246091509 0.04022221079304257 5.912518574985974 0.0693953941597786 0.7413878499067434 0.06007777736627677 1.8904549270245095 
3 0.05012936317367076 2.6945422047205208 0.040183482235077644 4.6562541953279295 0.06938962267252875 0.5084366456623852 0.06006491281783487 1.5078807440640916 
2 0.05010980449818442 2.04279244302783 0.04014783598087867 3.3325436171598133 0.06938515517761594 0.22773688584288343 0.060053434857577234 1.1162998710536862 
4 0.05015537655838859 3.5565258051163324 0.04023000810312573 6.166546379953433 0.0693966360950637 0.7771287724620815 0.06008037807833946 2.0318655381265764 
2 0.05011279870265708 2.120034283558774 0.04015342253392508 3.3372550827991914 0.0693856949410726 0.23949341773615157 0.06005499953907985 1.1663539670016145 
3 0.05013310871839326 2.818440922732353 0.040190144825942464 4.828278792099814 0.06939050483618196 0.5649321186792713 0.06006700246187906 1.5870811626776986 
4 0.050153604082499824 3.4998930652177185 0.040226932980658284 6.063484462712095 0.06939612888126004 0.762780306784899 0.06007936165618403 1.9977105661485752 
2 0.05011374396192394 2.213810657778531 0.04015519901731731 3.4876423467553423 0.06938600491868165 0.24590873674534305 0.06005607010765797 1.1804898632053509 
3 0.05013052584277426 2.7331470215649185 0.040185539742860585 4.678911626489487 0.06938989518905882 0.5168479115838348 0.060065485110844405 1.4859327760304921 
4 0.05014797259620233 3.3143518729978587 0.04021678541349214 5.74207940809462 0.0693945229028837 0.7166610996786212 0.060075944976148044 1.8845366820158707 
2 0.05011040523979071 2.0935806307365494 0.040149278518583964 3.2479056460129208 0.06938525779734525 0.2301583343059841 0.06005373260383014 1.1231696269227354 
3 0.05012851986479222 2.667195070954368 0.0401819009151666 4.6096524020666845 0.06938943116477957 0.5026151419074457 0.06006445400296686 1.4483148896607463 
4 0.050153737883320615 3.5033924926130355 0.0402272099883473 6.070316282343962 0.06939616170490201 0.7638955439319823 0.0600794318393291 2.000137049385934 
2 0.05010747927420881 1.966520489190867 0.04014341355913953 2.9223433400661687 0.06938471430311888 0.15817637454345662 0.06005230097479538 1.052541398299232 
1 0.05008729983221809 1.1997461359585362 0.0401074841335466 1.9116566373516366 0.0693823310700454 0.0011824147213560982 0.0600425804172417 0.6532137927004948 
2 0.05010908136162314 2.0188222871455808 0.04014658435371417 3.4517764837953644 0.0693849958860149 0.2038976253926071 0.06005307324790674 1.0990330327367093 
1 0.05009224516193095 1.3748646618792095 0.04011531208492497 2.159292618987893 0.06938260188188534 0.001777903127853652 0.06004474920996894 0.761028055980377 
3 0.05013330774178772 2.8066316057620804 0.040190491968990195 4.885042088077697 0.06939055355917817 0.5954950623603088 0.060067145608057135 1.584058559693199 
2 0.05011428905261388 2.265111795334671 0.04015615905203977 3.7430303456955274 0.06938612365292085 0.24822226321851745 0.06005638295906994 1.1292775317601709 
4 0.050155157995296365 3.550147398765642 0.040229662743116845 6.15448556535159 0.06939657236866817 0.7754193723827362 0.060080262375155166 2.0280306731672892 
4 0.05015051776329893 3.3973907292522227 0.040221341885696774 5.888425766105945 0.06939524045996655 0.7375065552069403 0.06007748997919145 1.8269001529881443 
2 0.050110448779438696 2.0628392102048827 0.04014924724353281 3.4051521039767723 0.06938526682717558 0.2302980065075956 0.06005373592132074 1.12333849576904 
2 0.05010760715384612 1.9711495794176919 0.040143564846937305 3.1299936490439366 0.06938472716370354 0.1583844683966663 0.060052231396606356 0.9127114654233223 
2 0.050110519353622804 2.1339035193919225 0.040149470496508036 3.410025920286526 0.06938527941938097 0.2306339634552801 0.06005380056257328 1.0162699106398396 
2 0.0501142168533385 2.175565784090194 0.04015549142214213 3.709418517496001 0.06938609469926738 0.24787747792583575 0.060056358928524164 1.1881468152293 
1 0.05008824459237763 1.2358608857797688 0.04010919269199413 1.8960757787534461 0.0693823399674079 0.0011115028943992436 0.060043008394776595 0.6743694927974838 
2 0.050107947406593724 2.0281400848835505 0.040144355501423944 3.2882171246175984 0.0693848058225589 0.15944484194610847 0.060052372370021034 1.08007666957426 
2 0.05011013006811127 2.052995607289451 0.04014824558138567 3.4209374696807933 0.06938519888382258 0.22894028247884673 0.060053497623965724 1.0705409192193467 
1 0.05009232029837836 1.4324983124141488 0.0401162071587555 2.265358305600473 0.06938261874968699 0.0017710450625845163 0.06004479360942459 0.7625153280640415 
3 0.05012851986479222 2.667195070954368 0.0401819009151666 4.6096524020666845 0.06938943116477957 0.5026151419074457 0.06006445400296686 1.4483148896607463 
4 0.050154623247029975 3.5329374183247553 0.040228687596335425 6.124912400605706 0.0693964080055193 0.7710463508215148 0.060079946334228265 2.0177455457521143 
3 0.05013528199176771 2.9495899729314443 0.040194045832270854 4.999384393901968 0.0693910477979576 0.6121676173739155 0.06006839935041526 1.6234136839659405 
2 0.05010929034158949 2.073601585306963 0.04014690682741137 3.3365968759121123 0.06938504648025987 0.22545650961534158 0.06005310191138831 1.1023706397584523 
3 0.050130871906105434 2.74490870191662 0.04018653191951322 4.416684249679088 0.06938999305843677 0.5199727337087957 0.06006569559752366 1.5377367946497675 
4 0.0501509671634223 3.4119254651489777 0.040222150964852134 5.913025902153635 0.06939536244027943 0.740882750364863 0.06007776519020254 1.8898908081897616 
4 0.05015425988296716 3.5211108806040032 0.04022807965929615 6.103874925542222 0.06939630846631681 0.7681441049643466 0.060079734273851104 2.01051060941017 
4 0.05014797259620233 3.3143518729978587 0.04021678541349214 5.74207940809462 0.0693945229028837 0.7166610996786212 0.060075944976148044 1.8845366820158707 
2 0.05011107848713984 2.0836443954883426 0.04015063552946584 3.420544378818019 0.0693853795814737 0.23276150477280405 0.060054062872414174 1.0840475095035034 
2 0.05011374396192394 2.213810657778531 0.04015519901731731 3.4876423467553423 0.06938600491868165 0.24590873674534305 0.06005607010765797 1.1804898632053509 
4 0.050154714427974055 3.5352250756881105 0.04022885596609581 6.1270950506225415 0.0693964417380484 0.7717770071454276 0.060080000061503845 2.019297215793851 
1 0.05009112041341662 1.4015031645622533 0.040113533794181554 2.0720584872401075 0.06938256258233662 0.0017438491067750187 0.0600443040680315 0.7381979965759179 
3 0.050128135636536196 2.6534085642085983 0.04018152932911171 4.585119481334322 0.06938932774240233 0.49925483678158783 0.06006420937292395 1.4401741792270264 
1 0.050092146243062644 1.4192236510938627 0.040116137307266764 1.9689394177539448 0.06938260563099959 0.0017849909395828898 0.06004469796389704 0.75921822641898 
4 0.05015451300910027 3.523999766691724 0.040228315499186026 6.1115421353127335 0.0693963521485399 0.7694570067608224 0.06007982429749015 2.013605853199043 
1 0.05009198344350493 1.3775946174602378 0.04011513412361541 2.1313962017380583 0.06938259956484713 0.0018048815871573483 0.060044698298483176 0.7568488876266937 
1 0.05009117120162254 1.357069831988656 0.040113482479763284 2.1957874752249844 0.06938253920229197 0.0017405729753766838 0.06004429932152512 0.7387049556956348 
4 0.050148407800168784 3.3285449387922723 0.040217557092627164 5.76487117195084 0.06939466639565535 0.7204301283918448 0.060076219265693065 1.8931332690315468 
1 0.05009243675375223 1.5081282181022666 0.04011652019097247 2.0858647112540636 0.06938263885661246 0.0018728568020283348 0.06004488050266428 0.7672388223506793 
2 0.05011077366005947 2.1237910711870644 0.040149700114814904 3.433468404898629 0.06938531685231078 0.23153421388280204 0.060053976641476034 1.0569184584778573 
3 0.0501304866364059 2.731833804856168 0.04018535029810123 4.7240550017453256 0.06938989307104468 0.5169961349354576 0.06006550124431083 1.5380737611200643 
2 0.0501072338213772 2.005291508521304 0.04014318999997339 3.1710061519354378 0.06938467950117029 0.15727051826397329 0.06005201718318816 1.0651967194421048 
2 0.050112176628330715 2.168481773928881 0.040152476918094704 3.223881412251913 0.06938558321695466 0.23688101102964504 0.0600546588997129 1.1526541249459092 
2 0.050113490806852165 2.2052314478527117 0.0401548857744336 3.475149765193229 0.06938595000397596 0.24465869897010517 0.06005589011777276 1.1761513826824097 
3 0.05013113719931611 2.7525984727491193 0.04018658992251241 4.755672165224162 0.06939003203174418 0.5211707234091715 0.06006579225790302 1.5040272150223104 
3 0.05013461062844249 2.8692309709476604 0.04019326794964404 4.951734009753581 0.06939088458384336 0.6063829725091228 0.06006795191582896 1.61060902313977 
4 0.050152260237362925 3.4546599393579642 0.04022443076732403 5.985950832603281 0.06939572393956066 0.7513835802655058 0.06007853612970602 1.9696306774662795 
4 0.05015084799927383 3.408092126751363 0.040221804600484225 5.869296816553655 0.0693953288505745 0.7398458785112249 0.06007770498152983 1.8331206970905582 
2 0.05011221929496521 2.1201033847106636 0.04015173608701911 3.3299173562450393 0.06938558287934414 0.23712272040988291 0.06005477501036673 1.1539089407512548 
3 0.05012936317367076 2.6945422047205208 0.040183482235077644 4.6562541953279295 0.06938962267252875 0.5084366456623852 0.06006491281783487 1.5078807440640916 
2 0.05011013006811127 2.052995607289451 0.04014824558138567 3.4209374696807933 0.06938519888382258 0.22894028247884673 0.060053497623965724 1.0705409192193467 
3 0.050135362276766224 2.9521774685279034 0.04019450713068469 4.9055940745263795 0.06939107042013926 0.6127452809942874 0.060068453275218925 1.5774829154105214 
3 0.050132876491478795 2.810669740728637 0.04019006575177704 4.820758325004083 0.06939045869843448 0.5630821305247056 0.06006687536126991 1.529212367314544 
3 0.05013003796818059 2.7170800967021966 0.04018461670010729 4.384718541416797 0.06938979009494348 0.5134815395920361 0.06006529142624195 1.5213884608609534 
4 0.050152518203502895 3.381925346069012 0.04022490537770919 5.998480519444277 0.06939580540888335 0.7534400753031019 0.060078680389208196 1.974342107236307 
4 0.05015213802757366 3.4506905060481174 0.04022421695394095 5.977839647170135 0.06939570492063024 0.7505449476198575 0.060078468268419935 1.9670290759231754 
2 0.05010897113805649 2.062378290996322 0.040145868854130046 3.193370913356225 0.06938498249707227 0.18315782897990593 0.060052914993529105 1.0963217255323534 
1 0.050091266975657564 1.3546684299934573 0.040113961851162415 2.2481271808485364 0.06938255854113948 0.0017350263278049596 0.060044327788125317 0.7403623051907029 
4 0.05014774313011043 3.305796779939638 0.04021636793710639 5.727640036797347 0.06939447199069369 0.7147895446961657 0.060075810795161 1.8796354461796092 
1 0.05009329046697625 1.5099681495952069 0.040118061275342745 2.262423614876268 0.06938270363398602 0.0018667730403415569 0.06004525872707509 0.7846520357084514 
4 0.0501497921989438 3.3736835648215573 0.04022004623417136 5.844556757407863 0.06939504527346366 0.731658540031046 0.06007703385814086 1.8679585727656352 
2 0.05010980449818442 2.04279244302783 0.04014783598087867 3.3325436171598133 0.06938515517761594 0.22773688584288343 0.060053434857577234 1.1162998710536862 
4 0.050151574600441076 3.43182722625197 0.040223243256003814 5.946219574427772 0.06939554870029799 0.7460793636768194 0.060078108817542386 1.901272051394806 
3 0.050133898295410075 2.8263606441004985 0.04019148319735231 4.779586831711172 0.0693906979561893 0.6003674958694141 0.06006749846976374 1.596461955493869 
2 0.05010875698793754 2.0086204432099577 0.04014616742356632 3.1270698709927194 0.06938495148675376 0.1824319380661768 0.06005289297411539 0.9503257353431017 
4 0.050155041760065425 3.5460299142217053 0.040229543886539584 6.1436861255203326 0.06939653781523526 0.7745562897516802 0.06008016181621958 2.0254504816336363 
1 0.05008857921023343 1.2108947749766679 0.040109089634036976 1.8715201896958895 0.0693823807682555 0.0010918789104668375 0.06004309885884512 0.6792292760872198 
1 0.05009112041341662 1.4015031645622533 0.040113533794181554 2.0720584872401075 0.06938256258233662 0.0017438491067750187 0.0600443040680315 0.7381979965759179 
3 0.05013342714447312 2.810624555361139 0.04019100314895814 4.884016698513726 0.06939058979089197 0.5965382065694343 0.060067190172061545 1.547035569584485 
1 0.05009170803362336 1.3657989743098877 0.04011517535032554 2.183991247607292 0.06938258996408628 0.001730070499854492 0.06004450096041131 0.7492956644702949 
2 0.05010929034158949 2.073601585306963 0.04014690682741137 3.3365968759121123 0.06938504648025987 0.22545650961534158 0.06005310191138831 1.1023706397584523 
2 0.050112613696155564 2.125561733242666 0.04015359347380393 3.3821401384469305 0.06938577189829045 0.2410414587958743 0.06005538395162442 1.1609290715159155 
2 0.05011238205983588 2.1757882777340942 0.040152088929162194 3.1702714625271486 0.06938561458366141 0.23775608624344008 0.060054690333236495 1.1591443213614316 
2 0.050114259477854674 2.1770991592964646 0.04015605524458203 3.4434949886725095 0.06938611510079333 0.24815669654779407 0.06005640413382081 1.1888847935439677 
2 0.05011519211913649 2.2138943694111495 0.04015825879999683 3.607248215850909 0.06938632596919223 0.2523340212305419 0.06005703159024014 1.166953309885011 
3 0.05013469042971365 2.8910828002356483 0.04019242223559012 4.928941897708793 0.0693908842190579 0.6074145788275997 0.060068003335195595 1.5651126950811982 
3 0.05013247662461038 2.7790199320396507 0.040188901473285694 4.657708594055649 0.06939035329148574 0.5598445659945424 0.06006661880418625 1.567625943948777 
2 0.050109608321041624 2.035833701209681 0.04014685747214755 3.1831548966727774 0.06938510900511845 0.2268485897379601 0.060053256155232805 1.1083636104243475 
2 0.050108407618722185 1.997364549802186 0.04014514586918276 3.253034856964772 0.06938489104455552 0.16119472657726772 0.060052703193838285 0.9598969212014803 
4 0.050148121621158025 3.319453083370793 0.04021705444700825 5.750909424637355 0.06939458945462837 0.7182352114663346 0.06007604320757345 1.888656421830887 
2 0.05010806232580524 1.9851995807134686 0.04014443812640266 3.2742770122113916 0.06938482713792657 0.15978219669853364 0.06005245139734412 1.0036203511661053 
2 0.050108724450341716 2.0546946409174405 0.04014576349939168 3.191847214747777 0.06938494637243113 0.18201995097612506 0.06005278776893005 1.092213657828355 
1 0.05009181881329321 1.4350478518456034 0.04011565561099667 2.0508083170977374 0.06938261332042792 0.0018183288550079491 0.06004461065133702 0.7531881974344161 
4 0.05015145213593528 3.4279008043585777 0.0402230116856105 5.9407596088962 0.0693954957674671 0.7448406063417632 0.06007806629444616 1.9536614084192443 
1 0.0500878312218029 1.2147552915186295 0.040107225881533426 1.9857765220475667 0.06938234462583384 0.0011516758428635739 0.06004276263856877 0.6628847224791085 
2 0.050108633425896276 2.0518966251146065 0.040145228368739475 3.0124914404796153 0.06938492276519 0.16164476932054042 0.06005278546518896 0.9487326100609531 
2 0.050114990364614156 2.189099460517756 0.04015772478421924 3.471092139236996 0.06938627549102797 0.2513373118286365 0.06005687938932926 1.1631027363388582 
2 0.05011463098324043 2.188729592726992 0.04015685129134502 3.521883942399877 0.06938619910673927 0.24989968825933295 0.06005666450466214 1.1958939032344629 
4 0.050153927894606175 3.510609286077505 0.04022746500618529 6.086087519057173 0.06939623205710797 0.7658305458543924 0.06007951188383833 2.003583371713302 
4 0.05015170651573474 3.4359980700687123 0.040223433379228284 5.954945742050587 0.06939556333924723 0.7468365048326945 0.06007819737907163 1.9583472151964696 
1 0.050089959370405945 1.3038874507592042 0.04011111516858608 2.0713707961753274 0.06938245859434598 0.001480360505260301 0.060043740011917014 0.7108034674436766 
2 0.05011530310308101 2.287544423783948 0.040157616081744195 3.5889770688323095 0.06938634283998686 0.25291868346387014 0.06005703132499256 1.1845459068973692 
1 0.05008810728556949 1.196950655347442 0.04010809304391921 1.8766716462581663 0.0693823268951205 0.0011242466203891847 0.06004294868249259 0.6707371938544814 
3 0.05012825607816308 2.65744663042634 0.04018190263271452 4.476507662833658 0.06938936730549874 0.5002224578464975 0.060064294768427326 1.4424531592796401 
2 0.050107272834148196 1.976854960432394 0.04014307234841476 3.2075915951389815 0.06938469039699882 0.1577556840957241 0.06005201196571554 1.0788111296464495 
4 0.050150765757292694 3.405388211103271 0.040221781343990085 5.90153416159651 0.06939532486799327 0.7396205174562096 0.06007761467365358 1.8854631503804833 
3 0.050133228067627225 2.8224479915621523 0.04019135689478649 4.676894394603296 0.06939054612378621 0.5655951680390466 0.06006711741792072 1.582013705509595 
4 0.050148377828572954 3.3270987322117334 0.04021752166887871 5.763543387130754 0.06939465018645213 0.7201655639970956 0.060076172346028266 1.8922344111649685 
3 0.05013338743721905 2.8092676546879938 0.04019109568265295 4.791153422468838 0.06939058017570374 0.595925609794036 0.0600671760375062 1.5860737956750526 
1 0.05008866633188637 1.2242381613540672 0.04010889131642469 1.9330866413574512 0.06938239436327358 0.0011088865169285964 0.06004317817254763 0.6828617397114993 
2 0.050107748234206315 2.0229377237853727 0.04014417529269414 3.1846890058160944 0.06938477796711227 0.15885810613576584 0.06005232212547675 1.0924494686052415 
3 0.05012956278606442 2.701170416387003 0.04018366541797584 4.666994391791833 0.06938966562807448 0.50986611218482 0.060064989966615724 1.5118432594971738 
3 0.05013109740112659 2.751308008275172 0.04018698773212606 4.683316255473205 0.06939002383967406 0.5207922201344524 0.0600657429619347 1.4954842507164616 
4 0.05015145213593528 3.4279008043585777 0.0402230116856105 5.9407596088962 0.0693954957674671 0.7448406063417632 0.06007806629444616 1.9536614084192443 
4 0.05015467413103556 3.5339644565900157 0.04022878017352113 6.124847041575753 0.06939642504915038 0.7713733922428604 0.060079979116834846 2.018734740940392 
4 0.050149585526152854 3.3573088006977736 0.04021939340671336 5.825517153974603 0.0693949301085944 0.7285089204065922 0.060076861406591964 1.9158862984934508 
1 0.05008788773246977 1.246713184264312 0.04010822106510533 1.9328962260038396 0.06938233184372057 0.0011205434986689042 0.06004282331276676 0.6648938410596921 
1 0.05009143416296018 1.420998562905591 0.0401140567783443 2.1417845762873116 0.06938257769625404 0.001747316651537538 0.06004443600077425 0.7453043061675574 
1 0.050087886185646066 1.2141424629815964 0.04010838963646096 1.9853055864701155 0.06938236445565091 0.0011415559327020964 0.06004282430289589 0.6663486439676044 
3 0.05013157121346799 2.767126252305782 0.04018746050874007 4.781943061617442 0.06939013833091803 0.5245418022130706 0.06006600210964572 1.5497828287986783 
4 0.050152016164837 3.4466716080218793 0.040224027974496875 5.9733999835088 0.0693956651410224 0.7495088389669169 0.06007839962054205 1.9648133777991774 
1 0.05009331223956567 1.4319967498913218 0.0401176267852865 2.2441110031046225 0.06938268789323691 0.0018612802868015498 0.06004522755737378 0.7847294115922717 
2 0.05011390105255242 2.253481271453366 0.04015470566629453 3.4905621373173887 0.06938602829374153 0.24651710806739752 0.0600560855537003 1.1242298230747338 
1 0.0500870748447453 1.171543985557128 0.04010695008743892 2.050642235704528 0.0693823081724329 0.001175045245606381 0.06004247067621438 0.6474131415122304 
2 0.05011238205983588 2.1757882777340942 0.040152088929162194 3.1702714625271486 0.06938561458366141 0.23775608624344008 0.060054690333236495 1.1591443213614316 
3 0.0501320839689174 2.765875525767695 0.04018873657309177 4.770570621922995 0.06939026709171922 0.5569278727374627 0.0600662935288513 1.5671478503363567 
1 0.05009198344350493 1.3775946174602378 0.04011513412361541 2.1313962017380583 0.06938259956484713 0.0018048815871573483 0.060044698298483176 0.7568488876266937 
1 0.050094165404643044 1.4960851059760454 0.04011954227806336 2.410746938429393 0.06938278796910916 0.0017859555298721259 0.06004563493668595 0.8044122359158432 
3 0.050130446884429525 2.7305112228267885 0.04018586488474969 4.66869653541327 0.06938988830312354 0.5165050947784883 0.06006548628222187 1.5288215069835496 
3 0.050135605079325817 2.960660178373415 0.04019510605426044 5.008543169506534 0.06939112515409852 0.6145731990080062 0.0600685738651575 1.6295366567030745 
3 0.05013019909350097 2.722397116674151 0.0401849006510984 4.702472525334136 0.06938982199419634 0.5146141745299765 0.06006534695965328 1.524486536492538 
1 0.05008798854518589 1.2392114503101 0.040107586770280715 1.798403875217058 0.06938234934036268 0.0011379812475736026 0.06004286522202464 0.6674501938532019 
4 0.050150623496106904 3.3076457188363717 0.040221462034458616 5.890777568214558 0.06939525536442068 0.7379921817906037 0.06007754183987235 1.828887363275634 
3 0.050135442569200585 2.954917961244469 0.04019434844583736 4.9148599489144384 0.0693910711894459 0.6135289368707615 0.060068463416646 1.626688037353648 
4 0.050152762988155374 3.4718562855639243 0.04022539107397827 6.016261444704753 0.06939588868658284 0.7560404821320351 0.06007886743273087 1.9808640668051052 
4 0.0501509671634223 3.4119254651489777 0.040222150964852134 5.913025902153635 0.06939536244027943 0.740882750364863 0.06007776519020254 1.8898908081897616 
2 0.05011530310308101 2.287544423783948 0.040157616081744195 3.5889770688323095 0.06938634283998686 0.25291868346387014 0.06005703132499256 1.1845459068973692 
3 0.050128416795576114 2.66276214028048 0.04018222552955786 4.425973879558344 0.06938940145463876 0.5011892284877068 0.060064364107959414 1.500706655718838 
3 0.05013417929034351 2.83559569689115 0.04019202303413792 4.9371339078443155 0.06939076648209846 0.6029522401280474 0.060067645024658764 1.602076614377697 
4 0.050155415195565614 3.5578423563791413 0.04023009015804152 6.16655029030561 0.06939663861418499 0.7773320668674562 0.06008041309375058 2.0331432082206353 
4 0.05015335774792151 3.4897759264521824 0.040226370787169466 6.051204009808837 0.06939603205635578 0.760516695161418 0.06007917817744159 1.992141150915471 
3 0.05012992933042093 2.7132690668893558 0.040184884592155454 4.679327007624546 0.06938976331086084 0.5124803004622696 0.06006518448606191 1.5186495781494467 
2 0.050111008797140796 2.130353392083596 0.04014960974803761 3.294129443703561 0.06938535746173882 0.23243654609317507 0.060054115710131584 1.0967740680967726 
1 0.05009008953780002 1.3234345696704257 0.04011248803459234 2.0214028242155067 0.069382495361865 0.0014978473078056435 0.060043808467317016 0.7143772737672442 
1 0.05009008953780002 1.3234345696704257 0.04011248803459234 2.0214028242155067 0.069382495361865 0.0014978473078056435 0.060043808467317016 0.7143772737672442 
4 0.050148728984003896 3.3395281599005933 0.04021813841349746 5.7853318623916445 0.0693947546968218 0.7230875391757839 0.06007642180867283 1.9004964066983319 
3 0.05013019909350097 2.722397116674151 0.0401849006510984 4.702472525334136 0.06938982199419634 0.5146141745299765 0.06006534695965328 1.524486536492538 
3 0.05012921491848751 2.6893977517176184 0.040183258491771 4.644136512189673 0.06938959144668914 0.5075791448654834 0.0600648140965195 1.5132122191073527 
2 0.05010773184758475 1.9918320695821492 0.04014396800821797 3.1680884657698334 0.06938476484339005 0.1586643860565672 0.060052332937152765 0.9103149886581624 
4 0.0501549209234257 3.4602746823636723 0.04022921497760465 6.139140817840963 0.0693964844945345 0.7734111276339036 0.0600801061402423 2.0234556133517456 
2 0.05011260565404495 2.182623262465653 0.04015304809416198 3.322122946642753 0.06938565435523474 0.23871399718524117 0.06005492084146743 1.1632161444108327 
3 0.05013397874495288 2.8290007622695836 0.040191689561251034 4.877138389530457 0.0693907252308715 0.6011739775126179 0.06006755181436631 1.5512605401229393 
1 0.05008727578004153 1.2047404675094422 0.04010616665175074 1.7634476042183636 0.06938227917852434 0.0011644274889656963 0.06004256275884259 0.6505590084846004 
1 0.05009143416296018 1.420998562905591 0.0401140567783443 2.1417845762873116 0.06938257769625404 0.001747316651537538 0.06004443600077425 0.7453043061675574 
3 0.05013117705548076 2.753931101447875 0.040187580721396436 4.416688329354111 0.06939005183357795 0.5212910270563869 0.06006578149116413 1.497161738249623 
1 0.050087416222260706 1.1634403989968707 0.04010712793567272 1.869733812160467 0.0693823243383597 0.0011467313805878423 0.060042644538601087 0.6560512672154034 
1 0.050090965073116646 1.3362670793636025 0.04011355586033356 2.1401186534862724 0.06938254434386533 0.001623896178017077 0.06004418701493691 0.7334033860801769 
1 0.05008825308344269 1.225250898417275 0.040108679643833425 2.0157085378408732 0.06938236325013834 0.001107775351009617 0.06004301926226728 0.6751986575407781 
2 0.05010867922948352 2.004790570027862 0.04014560151150563 3.0437125280523234 0.06938492833170337 0.18206423881390915 0.06005274950730923 1.0790552321644709 
3 0.050127634840273515 2.637772795050656 0.04018023516744277 4.427895302037488 0.06938921841421682 0.4960994460522327 0.06006399700895504 1.4318349680935527 
4 0.05015439309726664 3.4434648731999244 0.04022826611380242 6.108203715746475 0.06939637176580817 0.769352793857284 0.060079810793720476 2.012563213178889 
2 0.05010970231252019 2.0875677108456636 0.04014736294470643 3.4134989572526186 0.06938510666926626 0.22712458732114377 0.06005322637933201 1.1098927185807423 
3 0.05012790883580459 2.6470200601724763 0.040180821786783325 4.47012967111612 0.06938926995765436 0.49798161536970176 0.060064086852311724 1.4456217434085208 
2 0.050111767253729546 2.154712194631815 0.040151853471893637 3.2859247396738334 0.06938550607872002 0.2353596414643393 0.06005450230267151 1.1452911428202686 
2 0.05011028673868362 2.1067348318582018 0.04014887172439627 3.2859472471878854 0.06938522876967175 0.22965657980846746 0.060053628359799896 1.0120396229965452 
2 0.05011208580820187 2.1156752878085174 0.0401524266103342 3.2793497874646773 0.06938556709001101 0.2366043607566882 0.060054624851144656 1.151271811015518 
3 0.05012829544854268 2.658781102454158 0.04018153381211252 4.592962247735594 0.06938936752364241 0.500412133390175 0.06006433214038417 1.4866790228015565 
1 0.05009167852218532 1.3828866898430225 0.040114886172529174 2.10530057154473 0.06938259002831518 0.0017328601147623794 0.06004447879987325 0.7480942592453754 
1 0.05008927330686408 1.2284214879533852 0.040110382180210714 1.8185343098314661 0.06938241863729502 0.0013339687118309271 0.06004345399480153 0.696385491596519 
1 0.05009358706300422 1.5046151763245557 0.04011884246942297 2.2676337613286988 0.06938275788750756 0.0018362570201529281 0.06004536624741158 0.7918991605428618 
3 0.05013477015064447 2.893749946998494 0.04019312330928621 4.872178392110227 0.06939092512337697 0.6081340635353047 0.06006803453200249 1.6189674475215061 
1 0.05009418290585421 1.5397722988466884 0.0401190293365316 2.2893491215993804 0.0693827869545481 0.0017825608483967262 0.06004567306455999 0.8048421037037439 
2 0.050114518083965345 2.1673711435300733 0.04015647909354052 3.4528831053044042 0.06938616255484438 0.24926222058598588 0.060056555301868465 1.1933468382758456 
2 0.05011004672683554 2.099226387625628 0.04014790617253021 3.200573139841694 0.06938518280962874 0.22866195765167374 0.060053523886568795 1.005461487469535 
2 0.050110865968027385 2.108334498846161 0.04014968149271507 3.245946210241498 0.06938533800044883 0.231964601777804 0.060053973606496745 1.0577305916297195 
1 0.050088820416039036 1.2070773534290224 0.04010996622833342 1.9639733769688472 0.06938239062397566 0.0013690739495717716 0.06004323578804892 0.6860451837226836 
3 0.050135605079325817 2.960660178373415 0.04019510605426044 5.008543169506534 0.06939112515409852 0.6145731990080062 0.0600685738651575 1.6295366567030745 
1 0.050086929394678036 1.1168201522581982 0.0401060442311736 1.8751996357843541 0.06938226264519085 0.001189148624792906 0.06004240811202771 0.6443981113992935 
1 0.05009151341833455 1.440989271292682 0.04011542402838954 2.1160889634372775 0.0693825863244678 0.001741954132352351 0.06004441993523572 0.7450754491163707 
2 0.05010759744708669 2.015523109702118 0.040142703574407766 2.9328544978639077 0.06938471396740867 0.15819084768380193 0.06005237196582103 1.0547914424228815 
3 0.05013377874162618 2.822406505217858 0.04019124993323469 4.907938099419318 0.06939067887769128 0.5996052746416479 0.06006741685107595 1.5940102315138047 
2 0.05011267536540594 2.1161530581609815 0.04015302939602573 3.310104077192757 0.06938567631666015 0.2390720434835683 0.06005496681629317 1.1629619509864144 
2 0.050111945678554315 2.142907455984919 0.040152174712415264 3.296033418289217 0.06938554122654395 0.2361499593329161 0.06005456758605088 1.0436512877442294 
3 0.050131725699266584 2.7723272024636456 0.040187844835630045 4.463761538168738 0.0693901670602125 0.5256470259193227 0.060066091616918116 1.5076716804200738 
2 0.0501077085260397 1.9753118912874996 0.04014400775699433 3.167876061883367 0.06938475052421643 0.15875552085803257 0.06005225930168342 1.0878016504503534 
3 0.050132876491478795 2.810669740728637 0.04019006575177704 4.820758325004083 0.06939045869843448 0.5630821305247056 0.06006687536126991 1.529212367314544 
3 0.050132876491478795 2.810669740728637 0.04019006575177704 4.820758325004083 0.06939045869843448 0.5630821305247056 0.06006687536126991 1.529212367314544 
4 0.050152518203502895 3.381925346069012 0.04022490537770919 5.998480519444277 0.06939580540888335 0.7534400753031019 0.060078680389208196 1.974342107236307 
3 0.050134928196904814 2.9184019704901205 0.040193374418966935 4.980843059151948 0.06939095459101322 0.6091494562835608 0.06006813315760615 1.6167914619096568 
2 0.05011225491669641 2.171969936501874 0.04015198250787091 3.2586402254674836 0.06938560054451567 0.23737937223836517 0.06005473110813131 1.1543037038766872 
3 0.05012940304858573 2.6958757218100686 0.040183905761441416 4.6520497101899725 0.0693896326484423 0.508508809666045 0.06006490825729756 1.5081175523152983 
1 0.05008927330686408 1.2284214879533852 0.040110382180210714 1.8185343098314661 0.06938241863729502 0.0013339687118309271 0.06004345399480153 0.696385491596519 
2 0.050115346602150425 2.2188988470607733 0.040158432435987754 3.5395623446615625 0.06938635371194672 0.2527269212128821 0.06005696035113521 1.1847481208578743 
2 0.05010908136162314 2.0188222871455808 0.04014658435371417 3.4517764837953644 0.0693849958860149 0.2038976253926071 0.06005307324790674 1.0990330327367093 
2 0.0501142168533385 2.175565784090194 0.04015549142214213 3.709418517496001 0.06938609469926738 0.24787747792583575 0.060056358928524164 1.1881468152293 
2 0.05011008467145719 2.100622950797555 0.04014863045698215 3.22968849148956 0.06938520105171861 0.22888585882756374 0.060053520646368416 1.1176662516983664 
3 0.05013003796818059 2.7170800967021966 0.04018461670010729 4.384718541416797 0.06938979009494348 0.5134815395920361 0.06006529142624195 1.5213884608609534 
4 0.05015308485210732 3.482430869816116 0.04022596216664491 6.036262502822622 0.06939599006307574 0.7588922943228809 0.06007902923848936 1.986972843072433 
3 0.05012936317367076 2.6945422047205208 0.040183482235077644 4.6562541953279295 0.06938962267252875 0.5084366456623852 0.06006491281783487 1.5078807440640916 
4 0.050152056721184037 3.4480493122991973 0.040224091448024676 5.976012334589834 0.0693956577582643 0.7497026976668637 0.06007841267381484 1.9657440337806449 
4 0.050153850570455086 3.50806622518922 0.040227315664833195 6.0813015696552775 0.06939617237659296 0.7646462432247465 0.06007949642586767 2.0026800376764076 
1 0.05008904368757335 1.2902129995024798 0.04011068268705236 1.9391230290298709 0.06938242068855249 0.0013128583723080066 0.060043360130925996 0.6914854322869615 
2 0.05011000234981985 2.0497266046781233 0.04014787229746344 3.2096008423769575 0.0693851760580802 0.2284467080611246 0.06005345215188844 1.068577748861907 
1 0.05009033859711831 1.3406767826712955 0.04011179002849802 1.9945679042913647 0.06938249478333038 0.0016204809088770586 0.060043925790049114 0.7201667110025018 
1 0.05009185027672046 1.4166952266288786 0.04011482911702052 2.1114958548915634 0.0693825826246032 0.0017085424590790918 0.06004459571196773 0.7533708463367879 
2 0.050110698674715515 2.0717745260736184 0.04014889769781009 3.2534788807364223 0.06938529797443042 0.23127657469314142 0.0600538648808584 1.0440329028897737 
4 0.050147641930059515 3.3033624991679615 0.040216198453534704 5.722512217700853 0.06939445983809689 0.7142347098153838 0.06007576368590288 1.8777668985518297 
3 0.05013029306111214 2.7252854913826328 0.04018514939098685 4.647297216372552 0.06938985379303514 0.515418777400104 0.06006538660535987 1.5260508495383587 
1 0.05009045478567111 1.3186214300288346 0.04011299910636195 2.0651295119655755 0.06938251169462109 0.0016121547694879618 0.060043973496415284 0.7223903028453889 
3 0.050129482867291256 2.6985292195311947 0.04018396262601352 4.653199332034329 0.06938965648997145 0.509247881316967 0.06006493948442151 1.5185708272284162 
3 0.050134256627290874 2.8382292265950406 0.040192192429307536 5.013264590332774 0.06939078031252235 0.6033467448381734 0.06006771025967631 1.556048582831584 
1 0.05009151341833455 1.440989271292682 0.04011542402838954 2.1160889634372775 0.0693825863244678 0.001741954132352351 0.06004441993523572 0.7450754491163707 
1 0.05009291110314833 1.4191629631766758 0.040116611005354956 2.0707190838329783 0.0693826780713002 0.0018591295468293975 0.06004509407999985 0.7776347942143311 
4 0.050148377828572954 3.3270987322117334 0.04021752166887871 5.763543387130754 0.06939465018645213 0.7201655639970956 0.060076172346028266 1.8922344111649685 
4 0.050149391366134846 3.3602048517419663 0.0402193241593473 5.820334253965653 0.06939494867773191 0.7283573951873836 0.060076812438855876 1.8585803889430044 
4 0.05015405795574361 3.5144826215190124 0.04022771331492951 6.092583879770797 0.06939626595972077 0.7666001346840378 0.060079624594814474 2.0064529277728753 
3 0.050134451462110416 2.844721005263672 0.04019279315577813 4.947804505534309 0.06939083225732366 0.6050528283566853 0.06006782906683922 1.5604504386138929 
3 0.05012908351150584 2.6859279287778364 0.04018287334459443 4.5318090453735875 0.0693895601954394 0.5065622354813397 0.06006473029143233 1.5117621443835125 
1 0.05009112041341662 1.4015031645622533 0.040113533794181554 2.0720584872401075 0.06938256258233662 0.0017438491067750187 0.0600443040680315 0.7381979965759179 
4 0.05014958544792494 3.366936793639468 0.04021968159932255 5.832318139667992 0.06939499781659651 0.7299488952415388 0.06007693117626025 1.9164550879966853 
1 0.05009190350300872 1.4126936242311459 0.04011523620703659 2.269760933083375 0.06938260124012763 0.001805748078182557 0.06004464877473152 0.7551786762875319 
3 0.05013508369385773 2.9235861484923675 0.040193600255722085 4.985505926116344 0.0693909952461462 0.6106412160373046 0.06006823785732529 1.6194571432514795 
2 0.05011487349715331 2.182768376128517 0.04015680736634645 3.510776686466559 0.06938624084302823 0.25080078533007766 0.06005676190995651 1.1622068986552139 
3 0.05013342714447312 2.810624555361139 0.04019100314895814 4.884016698513726 0.06939058979089197 0.5965382065694343 0.060067190172061545 1.547035569584485 
2 0.05011320098017209 2.196457936245841 0.04015451899867467 3.4107901267083927 0.06938589383651098 0.24332065787673524 0.06005570366432802 1.1132366176268733 
4 0.050148377828572954 3.3270987322117334 0.04021752166887871 5.763543387130754 0.06939465018645213 0.7201655639970956 0.060076172346028266 1.8922344111649685 
3 0.05013125665004955 2.75656960074445 0.040186558839277 4.756753025476513 0.06939005542315388 0.5222498722274754 0.06006584981512543 1.5437549326704023 
3 0.05013496825900614 2.9198070526629065 0.04019341667577762 4.982764520885017 0.06939095235311776 0.6095388977175575 0.060068140702439 1.623304735106064 
4 0.05015487944346243 3.4589658505949763 0.040229119977276226 6.1367621722461045 0.0693964820437244 0.772991225341034 0.06008010585420287 2.022742534995383 
1 0.050091266975657564 1.3546684299934573 0.040113961851162415 2.2481271808485364 0.06938255854113948 0.0017350263278049596 0.060044327788125317 0.7403623051907029 
3 0.050128440408806194 2.6645417010370673 0.04018209308108553 4.599163578013103 0.0693894130376886 0.5018514789724489 0.06006438457712933 1.4908248637575923 
3 0.05013164626982697 2.769683595718361 0.040187892491918516 4.727174931630993 0.06939015359432876 0.525192770650355 0.06006604645792679 1.5059520837764349 
1 0.050088778820787626 1.1928245620049727 0.04010971148292913 1.7908685484843616 0.06938240121102739 0.0013222551400661727 0.06004324432942898 0.6851846229404097 
1 0.05009117120162254 1.357069831988656 0.040113482479763284 2.1957874752249844 0.06938253920229197 0.0017405729753766838 0.06004429932152512 0.7387049556956348 
2 0.050108451301319044 2.0458994468884635 0.04014520080065539 3.1925405521420185 0.06938489371847244 0.1613195863057355 0.060052685636919054 1.0873722768872065 
2 0.05010958005592055 2.083126045978132 0.04014761688527266 3.354589573648126 0.06938510816627237 0.2267103672739247 0.06005325023264781 1.1077351732751408 
1 0.05009462053081394 1.5014608341804827 0.04011983426439959 2.4396821297199636 0.06938281116996022 0.001755344502900141 0.060045790759423734 0.8118446016416329 
3 0.050133228067627225 2.8224479915621523 0.04019135689478649 4.676894394603296 0.06939054612378621 0.5655951680390466 0.06006711741792072 1.582013705509595 
3 0.05012790883580459 2.6470200601724763 0.040180821786783325 4.47012967111612 0.06938926995765436 0.49798161536970176 0.060064086852311724 1.4456217434085208 
2 0.0501104835834136 2.1141143966482896 0.04014939610548979 3.2079906089299413 0.06938526695655109 0.2304314410996881 0.060053865793691666 1.0878006297966922 
4 0.05015316193820155 3.4855650583119613 0.04022609369020222 6.03991817007257 0.06939602817648219 0.7596664322274467 0.06007908152825532 1.9883621011201833 
3 0.05013485024471113 2.915748241227806 0.040193265460830296 4.880090689677384 0.06939092926726922 0.6085087750311076 0.060068083847749795 1.6148858903677035 
3 0.05012956278606442 2.701170416387003 0.04018366541797584 4.666994391791833 0.06938966562807448 0.50986611218482 0.060064989966615724 1.5118432594971738 
3 0.050128215962096635 2.656109003918706 0.040181447540015715 4.456317428976335 0.0693893543958862 0.49986160368449806 0.06006428113458893 1.4969449284558312 
1 0.05008951149633911 1.277813401540358 0.0401111290113413 1.9634022642311098 0.06938244674364545 0.0013146459419184854 0.060043515764402464 0.700533490716385 
3 0.05012804859493177 2.6513354615908753 0.040181888452214334 4.262780410000849 0.06938932247853691 0.49879011450716454 0.060064161442661544 1.491219345571037 
4 0.05015455355048322 3.530050213041476 0.04022854559506156 6.117763784151839 0.06939640156294034 0.7705432716230585 0.0600799032016873 2.015903614521772 
2 0.05010912347487373 2.068557810944157 0.04014637917636692 3.3230832233998284 0.06938501828658789 0.20401143680896708 0.06005304864303386 0.9574643032949275 
4 0.050152762988155374 3.4718562855639243 0.04022539107397827 6.016261444704753 0.06939588868658284 0.7560404821320351 0.06007886743273087 1.9808640668051052 
3 0.05013003796818059 2.7170800967021966 0.04018461670010729 4.384718541416797 0.06938979009494348 0.5134815395920361 0.06006529142624195 1.5213884608609534 
2 0.05011225491669641 2.171969936501874 0.04015198250787091 3.2586402254674836 0.06938560054451567 0.23737937223836517 0.06005473110813131 1.1543037038766872 
3 0.05013338743721905 2.8092676546879938 0.04019109568265295 4.791153422468838 0.06939058017570374 0.595925609794036 0.0600671760375062 1.5860737956750526 
3 0.0501281757682292 2.654776931387149 0.04018142286135616 4.621033521091595 0.06938934472125677 0.49971803282103194 0.06006423430500324 1.4928929991650537 
2 0.0501085163588751 2.000267754681688 0.040145322262414365 3.457954837931685 0.06938490737174634 0.16150545114277445 0.060052765031484115 0.9465784877627759 
1 0.05008970845344468 1.3543355850484973 0.04011155956009986 2.1354202467121395 0.06938245383350446 0.0013214995393307722 0.06004367666069736 0.7072399296135681 
1 0.05009033859711831 1.3406767826712955 0.04011179002849802 1.9945679042913647 0.06938249478333038 0.0016204809088770586 0.060043925790049114 0.7201667110025018 
2 0.05011135916568129 2.0929004848768717 0.04015084195145871 3.2669521199154232 0.06938543676093636 0.23398564594286828 0.0600543327165452 1.0671412371541098 
4 0.05014809098224349 3.3178403589989216 0.04021699048414304 5.746473974051732 0.06939458449003726 0.7178569352801624 0.060076042833530505 1.8879833136446336 
4 0.050152767828421374 3.471504999222258 0.040225336099178645 6.016994482410105 0.06939588586416087 0.7558054358440178 0.06007884278887422 1.979870136864772 
4 0.05015356334942571 3.498575340729926 0.04022681454510265 6.062632979928158 0.0693961399805629 0.7627906930013101 0.06007934414996703 1.9966529156861363 
2 0.05011205846689032 2.0950775048876147 0.04015209719594094 3.2980415420658318 0.06938555827626068 0.23640089394533184 0.060054632141486375 1.1498829349402142 
3 0.05013465032688803 2.8898998982246793 0.04019297321189579 5.018947552668415 0.06939088317588141 0.6066766543375344 0.06006796982780758 1.617125479018289 
2 0.05010703169496219 1.9519475197581297 0.04014244095960286 3.0313677829195997 0.06938464477099776 0.1566426625210016 0.06005193985437337 1.0634563332246785 
4 0.050153359626585146 3.491915818110298 0.04022645998619266 6.051541575963127 0.06939606542979068 0.7609855536537031 0.0600792161555704 1.992885447223569 
2 0.05010756327436592 2.016715437233642 0.04014370918822756 3.3405416470976403 0.06938472340789643 0.15832106734866794 0.06005225325049903 1.0833563255116432 
1 0.05009448363288872 1.4829790552606976 0.04012056039426275 2.2466484758907206 0.06938282922157528 0.0017616163610995432 0.06004575536816775 0.8102009622253382 
1 0.05008754242943728 1.1882619583418836 0.0401065490128322 1.7693172043007812 0.06938232765323445 0.0011628635124474305 0.060042687749751564 0.6581283784076639 
4 0.050147859466316794 3.3098293253308197 0.04021656863632527 5.7343154452301235 0.06939452387227196 0.7161139384258335 0.060075861108766296 1.8815916736697453 
1 0.050089249034987834 1.2474273985748066 0.04010991277283994 2.064926023493772 0.06938241280843453 0.0013379992527994984 0.060043415151967185 0.6953783189167095 
1 0.05009350444013042 1.4652864391956808 0.0401182860629446 2.456749289037318 0.06938271270419699 0.0018408211178004147 0.06004531511258383 0.7889619441585246 
4 0.05015101758705972 3.413012246091509 0.04022221079304257 5.912518574985974 0.0693953941597786 0.7413878499067434 0.06007777736627677 1.8904549270245095 
1 0.050092369551425306 1.4347166487731697 0.040115707525727705 2.1519113698109322 0.06938259414778668 0.0018732831954511153 0.06004479308488471 0.7636536259864218 
3 0.05013562810542359 2.962006341989217 0.040194979051409695 5.017662530410988 0.06939111853972406 0.6149543941997837 0.06006859824470791 1.6303579248553697 
3 0.05013298903173162 2.7961103688193147 0.040190033670629954 4.912325524859232 0.069390475265149 0.5640259174955797 0.06006692480016398 1.5784449103579523 
1 0.05009198344350493 1.3775946174602378 0.04011513412361541 2.1313962017380583 0.06938259956484713 0.0018048815871573483 0.060044698298483176 0.7568488876266937 
4 0.05015060327669629 3.3977713345560177 0.04022142085725597 5.8874623245211115 0.0693952721612163 0.7378219746864881 0.06007753270797089 1.8830626535388255 
3 0.050128888748796806 2.678625288240241 0.04018292144297421 4.624733595511903 0.06938951187483704 0.5048104804627694 0.060064652322341004 1.4990745064957356 
4 0.05015175932628446 3.4370713896392955 0.040223519071353714 5.9572610698806105 0.06939558528340611 0.7472143887451608 0.06007823389417703 1.9591601384034216 
4 0.05015335774792151 3.4897759264521824 0.040226370787169466 6.051204009808837 0.06939603205635578 0.760516695161418 0.06007917817744159 1.992141150915471 
2 0.05011225491669641 2.171969936501874 0.04015198250787091 3.2586402254674836 0.06938560054451567 0.23737937223836517 0.06005473110813131 1.1543037038766872 
4 0.05015060327669629 3.3977713345560177 0.04022142085725597 5.8874623245211115 0.0693952721612163 0.7378219746864881 0.06007753270797089 1.8830626535388255 
1 0.050092070287719816 1.4529760785558667 0.04011536906535576 2.139065806756865 0.06938260884329273 0.0017960614690548937 0.060044662209867004 0.7575069233344517 
3 0.050130118528019595 2.719748323657684 0.04018523623703556 4.465291826923095 0.06938980444041346 0.5138504131621456 0.06006524633721878 1.5230691074660592 
3 0.05013117705548076 2.753931101447875 0.040187580721396436 4.416688329354111 0.06939005183357795 0.5212910270563869 0.06006578149116413 1.497161738249623 
3 0.05013298903173162 2.7961103688193147 0.040190033670629954 4.912325524859232 0.069390475265149 0.5640259174955797 0.06006692480016398 1.5784449103579523 
2 0.05011102746428177 2.0817724374878788 0.040149991860674195 3.443859435291004 0.06938536085810118 0.2326383896680791 0.06005411341787763 1.1363920286457252 
4 0.05015291430275287 3.4774779404925935 0.04022566540207987 6.027957705108451 0.06939594065145312 0.7573564098619057 0.06007897037704788 1.9841786899924376 
2 0.05010937508948532 2.0758516986509052 0.04014707061965564 3.0937698831152103 0.06938504413918255 0.22588285854648654 0.06005324094941189 1.103657301084208 
4 0.05015291430275287 3.4774779404925935 0.04022566540207987 6.027957705108451 0.06939594065145312 0.7573564098619057 0.06007897037704788 1.9841786899924376 
3 0.05013247662461038 2.7790199320396507 0.040188901473285694 4.657708594055649 0.06939035329148574 0.5598445659945424 0.06006661880418625 1.567625943948777 
4 0.05015500073919245 3.544743866094879 0.040229332889445364 6.145222534197224 0.0693965240879624 0.7741262729118018 0.06008016241125025 2.0247497111549815 
1 0.0500900600251558 1.3348210477679217 0.040112694934946194 2.1062681985798912 0.06938246726992603 0.001500294086179901 0.06004379695394889 0.7132654301619459 
3 0.05013369963012645 2.819748278856001 0.04019041382263762 4.865289294357596 0.06939065380472147 0.5988884175423681 0.060067362839479374 1.5531970691698826 
1 0.05008806867187517 1.2301776433994904 0.040108646562758914 1.9068708768715852 0.06938235670192136 0.0011258101127035584 0.060042943687848516 0.6699246635424296 
4 0.05014797259620233 3.3143518729978587 0.04021678541349214 5.74207940809462 0.0693945229028837 0.7166610996786212 0.060075944976148044 1.8845366820158707 
3 0.050130683810607556 2.738451312282636 0.040186036466917915 4.40541928605567 0.06938993664464457 0.5181238716991988 0.06006561399554698 1.5331812635399278 
4 0.05015409899557153 3.4346990680965086 0.040227752890085886 6.094897304432292 0.06939626329234269 0.7667423929906916 0.06007964980500834 2.007235109068849 
3 0.05013528199176771 2.9495899729314443 0.040194045832270854 4.999384393901968 0.0693910477979576 0.6121676173739155 0.06006839935041526 1.6234136839659405 
3 0.050130328538192236 2.7265427299273406 0.04018551298579927 4.384547817589373 0.06938985700656627 0.5156461899176243 0.060065386438674075 1.4895208565985574 
2 0.05011004672683554 2.099226387625628 0.04014790617253021 3.200573139841694 0.06938518280962874 0.22866195765167374 0.060053523886568795 1.005461487469535 
1 0.05009198344350493 1.3775946174602378 0.04011513412361541 2.1313962017380583 0.06938259956484713 0.0018048815871573483 0.060044698298483176 0.7568488876266937 
4 0.0501512887783274 3.4225199470550587 0.04022270877795997 5.928960554907263 0.06939547594401502 0.743741484986098 0.06007795484313747 1.8407508167361981 
1 0.050088820416039036 1.2070773534290224 0.04010996622833342 1.9639733769688472 0.06938239062397566 0.0013690739495717716 0.06004323578804892 0.6860451837226836 
3 0.05013441151941687 2.8434021680161385 0.04019228833146954 4.9492508422687145 0.0693908185661487 0.6048318830418944 0.060067805459825055 1.5593111671678062 
3 0.050128651395053 2.6706787820114384 0.04018265090773378 4.508082433451081 0.06938945798747088 0.5032271501079795 0.06006448389190613 1.4595920971959135 
1 0.05009289301387933 1.4761779053229962 0.04011664353452628 2.279625239967948 0.06938267597770251 0.001864740042492394 0.06004504755267977 0.7766536042508837 
4 0.05015287991417783 3.4762093211398337 0.040225552690799096 6.022911375843314 0.06939592283250065 0.7570033148668864 0.06007893337196977 1.983155232190056 
4 0.050151120052049504 3.412790411157186 0.04022226846365712 5.91543062084642 0.06939540348503372 0.7417852048459244 0.06007780584566641 1.836167916628898 
2 0.050107272834148196 1.976854960432394 0.04014307234841476 3.2075915951389815 0.06938469039699882 0.1577556840957241 0.06005201196571554 1.0788111296464495 
4 0.050154960007588 3.543427503742298 0.04022917819195702 6.144621112101598 0.06939649806428444 0.7736280790082336 0.060080139303071364 2.0240371646457964 
1 0.05009418290585421 1.5397722988466884 0.0401190293365316 2.2893491215993804 0.0693827869545481 0.0017825608483967262 0.06004567306455999 0.8048421037037439 
4 0.05014860383884503 3.33554799084857 0.040217939018967856 5.777347971194429 0.06939470668496601 0.7218829215541998 0.06007637007051575 1.8990376897744798 
2 0.05010707109817951 2.0180136882303183 0.04014277643660978 3.063388399700746 0.06938465927065039 0.1568795422390064 0.06005192343982748 1.0514649622316454 
1 0.05009369385804674 1.486139649944075 0.04011814673008148 2.302841707850465 0.06938271923867115 0.0018283765781507526 0.06004539063189009 0.792695370843748 
4 0.050150765757292694 3.405388211103271 0.040221781343990085 5.90153416159651 0.06939532486799327 0.7396205174562096 0.06007761467365358 1.8854631503804833 
3 0.050128651395053 2.6706787820114384 0.04018265090773378 4.508082433451081 0.06938945798747088 0.5032271501079795 0.06006448389190613 1.4595920971959135 
1 0.050092423881893014 1.4011411742475155 0.04011614726631178 2.2230988091491897 0.06938263634587487 0.0018657471685920904 0.06004485840699314 0.7659572932366573 
3 0.05013465032688803 2.8898998982246793 0.04019297321189579 5.018947552668415 0.06939088317588141 0.6066766543375344 0.06006796982780758 1.617125479018289 
2 0.05010937508948532 2.0758516986509052 0.04014707061965564 3.0937698831152103 0.06938504413918255 0.22588285854648654 0.06005324094941189 1.103657301084208 
3 0.05013188498723686 2.77762674514277 0.04018808189758698 4.843565552489928 0.06939021428620025 0.5270508230283087 0.060066192359715956 1.55589771232814 
3 0.050133068651936605 2.817159031339096 0.04019027596590357 4.887114084843101 0.0693904968623357 0.5650987361172854 0.06006694965186325 1.580172982451304 
3 0.05013489032332334 2.9170590295923593 0.040193430272050475 4.973812822562882 0.06939094563699291 0.6088334730277124 0.06006815308176611 1.568166008816924 
2 0.050113105847252884 2.141766006973678 0.04015382624132596 3.4166133336220326 0.06938586222269241 0.24276071764584878 0.06005559512810368 1.168596018574616 
4 0.05015145213593528 3.4279008043585777 0.0402230116856105 5.9407596088962 0.0693954957674671 0.7448406063417632 0.06007806629444616 1.9536614084192443 
3 0.05013334749705204 2.8079483429008625 0.040190966660490914 4.882892208541414 0.06939057086132788 0.5956287481944973 0.060067161173448305 1.5383453693310174 
4 0.05015060327669629 3.3977713345560177 0.04022142085725597 5.8874623245211115 0.0693952721612163 0.7378219746864881 0.06007753270797089 1.8830626535388255 
4 0.05015569583016342 3.5670555495805303 0.04023060755185903 6.184314093645639 0.06939672562610963 0.7797075918002528 0.060080573227727196 2.038498513279093 
3 0.050135321970430156 2.95091386431416 0.04019411750545222 5.002469078483659 0.06939103818824308 0.6123422386074002 0.06006836902069947 1.63027077202246 
1 0.05009278631149964 1.4411281758804229 0.04011638537740152 2.2025317437636973 0.06938265671633928 0.0018350166960929611 0.06004502963052275 0.7744054926497882 
2 0.0501077085260397 1.9753118912874996 0.04014400775699433 3.167876061883367 0.06938475052421643 0.15875552085803257 0.06005225930168342 1.0878016504503534 
2 0.050112638107222204 2.1152432507700913 0.04015297798978832 3.2902530356826225 0.0693856591179542 0.2387198752797493 0.06005488780540293 1.163291091771231 
4 0.05014921987355349 3.3552420599007498 0.04021901382359424 5.811274662231602 0.06939488967346802 0.72695436839067 0.0600767108674722 1.9090419513588728 
4 0.05015341160176473 3.49312300032958 0.04022652647254102 6.054462573007936 0.06939610379448845 0.7615339766463123 0.06007924538905224 1.993158732900374 
4 0.05014844846920805 3.3298757702406383 0.04021772626456529 5.765925059674314 0.06939468088856893 0.7207717820158661 0.06007624421793091 1.8939260812313663 
4 0.0501549209234257 3.4602746823636723 0.04022921497760465 6.139140817840963 0.0693964844945345 0.7734111276339036 0.0600801061402423 2.0234556133517456 
4 0.05015409899557153 3.4346990680965086 0.040227752890085886 6.094897304432292 0.06939626329234269 0.7667423929906916 0.06007964980500834 2.007235109068849 
3 0.05012977080317312 2.707988240300459 0.04018462389733581 4.62935324406642 0.06938971824891489 0.5110526582207547 0.06006504228501537 1.4793528131837312 
4 0.05015190137826818 3.4377991429125023 0.040223645603240966 5.959033994230047 0.06939561727262591 0.7479466742161491 0.06007827764099375 1.9604792950299141 
4 0.05015145213593528 3.4279008043585777 0.0402230116856105 5.9407596088962 0.0693954957674671 0.7448406063417632 0.06007806629444616 1.9536614084192443 
2 0.05010759744708669 2.015523109702118 0.040142703574407766 2.9328544978639077 0.06938471396740867 0.15819084768380193 0.06005237196582103 1.0547914424228815 
2 0.05011519211913649 2.2138943694111495 0.04015825879999683 3.607248215850909 0.06938632596919223 0.2523340212305419 0.06005703159024014 1.166953309885011 
3 0.0501281757682292 2.654776931387149 0.04018142286135616 4.621033521091595 0.06938934472125677 0.49971803282103194 0.06006423430500324 1.4928929991650537 
4 0.05015116998035822 3.4185509276894424 0.04022249866381604 5.922372494694869 0.0693954362452432 0.7427319527578701 0.060077888895650564 1.8935007296097506 
2 0.05011234065092065 2.123593757143154 0.040152812530344056 3.3193998451468674 0.06938560781578569 0.237641854143457 0.06005476500309557 1.1202614282266303 
1 0.050092755933358435 1.4403369558695442 0.040116213689349436 2.113480293222528 0.06938265785097986 0.0018361128662322142 0.06004501849076741 0.7732233763185585 
1 0.050094415532002876 1.481294351245403 0.040119799622282334 2.260817258600001 0.06938280277094766 0.0017681805713532373 0.06004571877534538 0.8080300631677908 
3 0.05013164626982697 2.769683595718361 0.040187892491918516 4.727174931630993 0.06939015359432876 0.525192770650355 0.06006604645792679 1.5059520837764349 
4 0.050155415195565614 3.5578423563791413 0.04023009015804152 6.16655029030561 0.06939663861418499 0.7773320668674562 0.06008041309375058 2.0331432082206353 
3 0.05013377874162618 2.822406505217858 0.04019124993323469 4.907938099419318 0.06939067887769128 0.5996052746416479 0.06006741685107595 1.5940102315138047 
2 0.0501111094053928 2.085158700826217 0.040150557079664695 3.427838195810952 0.06938538268733847 0.23285280650045959 0.060053856261119545 1.0221510342671467 
1 0.05009291110314833 1.4191629631766758 0.040116611005354956 2.0707190838329783 0.0693826780713002 0.0018591295468293975 0.06004509407999985 0.7776347942143311 
2 0.05011159098154001 2.149557685942675 0.04015060237473793 3.267170069743078 0.0693854670514934 0.23469064766016157 0.060054321256292884 1.1435601823537387 
2 0.05010836759923283 2.025687910497085 0.04014525858481839 3.285248763303727 0.06938488685209085 0.16079305751136247 0.06005268207563428 1.0865537300794859 
2 0.050111722624118685 2.102530872802302 0.04015121182682718 3.2864408624275456 0.06938548199847876 0.23519978635351757 0.060054407397163924 1.1082174949174561 
4 0.05015162219087997 3.4334280252454823 0.04022329911148653 5.949774858209214 0.06939554203909466 0.7460402624351647 0.060078165131056724 1.9568388390662723 
4 0.050151574600441076 3.43182722625197 0.040223243256003814 5.946219574427772 0.06939554870029799 0.7460793636768194 0.060078108817542386 1.901272051394806 
2 0.050113490806852165 2.2052314478527117 0.0401548857744336 3.475149765193229 0.06938595000397596 0.24465869897010517 0.06005589011777276 1.1761513826824097 
4 0.05015513422501351 3.548784205617809 0.04022955391607771 6.150241840092549 0.06939655061935775 0.7749884810214636 0.06008023811403448 2.0272452885011405 
1 0.05008883857669945 1.2404978227624948 0.04010955867630969 1.996143619790733 0.06938238567934071 0.0013128773761186287 0.060043286908873325 0.687539999863756 
3 0.050128623510707127 2.6695551349026316 0.04018293946724844 4.339173738173454 0.06938944080135086 0.502502574412186 0.060064432092311784 1.4932075009719785 
2 0.050109608321041624 2.035833701209681 0.04014685747214755 3.1831548966727774 0.06938510900511845 0.2268485897379601 0.060053256155232805 1.1083636104243475 
4 0.05015451300910027 3.523999766691724 0.040228315499186026 6.1115421353127335 0.0693963521485399 0.7694570067608224 0.06007982429749015 2.013605853199043 
3 0.05013235698461478 2.7750585794577405 0.040188792437210824 4.825780121590706 0.06939032961167502 0.5590741049088269 0.06006654154765062 1.5652404354687928 
1 0.050088778820787626 1.1928245620049727 0.04010971148292913 1.7908685484843616 0.06938240121102739 0.0013222551400661727 0.06004324432942898 0.6851846229404097 
1 0.05009051418121711 1.3622482219080507 0.04011314666190486 2.0156808997285096 0.06938249711801685 0.0016273825019551499 0.06004402261093165 0.7240737635167656 
4 0.05015475538363427 3.536518522046896 0.04022894264857326 6.13159246841975 0.06939645402727836 0.7720551535420299 0.06008002629415841 2.0200850423987995 
4 0.05015153377695183 3.430497127514483 0.040223149996360605 5.94301980376571 0.06939555090397456 0.7457580478873024 0.06007810751420199 1.9002659084644022 
1 0.05008970845344468 1.3543355850484973 0.04011155956009986 2.1354202467121395 0.06938245383350446 0.0013214995393307722 0.06004367666069736 0.7072399296135681 
4 0.05015101758705972 3.413012246091509 0.04022221079304257 5.912518574985974 0.0693953941597786 0.7413878499067434 0.06007777736627677 1.8904549270245095 
2 0.05011326482411227 2.0949583627861657 0.040154190125186555 3.425515535876161 0.06938589285732007 0.24353617405998831 0.0600557575837809 1.1335398592644392 
3 0.050132795721803555 2.8079883855744696 0.040189612592705815 4.854144220563924 0.06939043586310367 0.5625534422996538 0.0600668274862423 1.5350483853827814 
1 0.050087713050516645 1.2207848931860823 0.04010828289679254 1.9393093869784974 0.06938233618864223 0.001160191358409447 0.06004277015249039 0.6617286619572026 
3 0.05012759524071325 2.636452932090684 0.040179913636551955 4.4433328635865355 0.06938920237476752 0.49585307209063706 0.060063955623187046 1.4752523302032512 
3 0.050129482867291256 2.6985292195311947 0.04018396262601352 4.653199332034329 0.06938965648997145 0.509247881316967 0.06006493948442151 1.5185708272284162 
1 0.05008964529804981 1.2964442713781277 0.04011110489345158 2.1012014892617805 0.06938242711503848 0.0013344639397758792 0.06004361075329976 0.7038866063080319 
4 0.05015475538363427 3.536518522046896 0.04022894264857326 6.13159246841975 0.06939645402727836 0.7720551535420299 0.06008002629415841 2.0200850423987995 
4 0.05015475538363427 3.536518522046896 0.04022894264857326 6.13159246841975 0.06939645402727836 0.7720551535420299 0.06008002629415841 2.0200850423987995 
3 0.050132755843886566 2.806662505737376 0.040190344751983895 4.505910723268208 0.06939043616157606 0.5621090154273695 0.0600668533034736 1.572575298401767 
4 0.0501523596054788 3.4565932480385726 0.04022462851939601 5.991157676984727 0.06939575694584947 0.7520409906037668 0.06007859957942467 1.9714682300704247 
4 0.05015005485860378 3.3816590735339576 0.04022047661148938 5.859421711706763 0.0693951117162614 0.7334847940249307 0.06007723255439999 1.9272856695106757 
1 0.05009066986821496 1.3393361284426508 0.04011315290628807 1.9511543852474609 0.06938252323699459 0.0016195483755426488 0.060044069926189124 0.7263647549024137 
3 0.05013489032332334 2.9170590295923593 0.040193430272050475 4.973812822562882 0.06939094563699291 0.6088334730277124 0.06006815308176611 1.568166008816924 
2 0.05011008467145719 2.100622950797555 0.04014863045698215 3.22968849148956 0.06938520105171861 0.22888585882756374 0.060053520646368416 1.1176662516983664 
4 0.0501512887783274 3.4225199470550587 0.04022270877795997 5.928960554907263 0.06939547594401502 0.743741484986098 0.06007795484313747 1.8407508167361981 
2 0.05010892426721989 2.061433410627851 0.04014637260469791 3.3175042870524494 0.06938498484277944 0.18309159955267618 0.06005299248770424 0.9531383568910645 
3 0.05013223665025318 2.7894543287785765 0.04018852959051112 4.7797958232821625 0.06939028623685922 0.558221330690662 0.06006639588728626 1.52482316515393 
2 0.050112140840462935 2.1493592245776894 0.040151607871389286 3.284226260656189 0.0693855550182439 0.2367225833994953 0.06005468020288712 1.15214276621924 
4 0.050148903212124916 3.34472375615803 0.0402184488381163 5.79463859415773 0.0693947944149177 0.7243100538198881 0.06007651330621688 1.9026579222035633 
1 0.05009181881329321 1.4350478518456034 0.04011565561099667 2.0508083170977374 0.06938261332042792 0.0018183288550079491 0.06004461065133702 0.7531881974344161 
2 0.05011126891747306 2.121654292186622 0.040150630136844 3.2599622552532552 0.06938541517727546 0.23362512034088295 0.060054215871232296 1.1371468022782245 
4 0.05015519943892478 3.5515371340457014 0.040229732642796466 6.031787443055731 0.0693965847121174 0.7759072716019219 0.06008025526624844 2.028651228935857 
2 0.05011530310308101 2.287544423783948 0.040157616081744195 3.5889770688323095 0.06938634283998686 0.25291868346387014 0.06005703132499256 1.1845459068973692 
1 0.05009408543131858 1.5004476697642 0.0401188276515162 2.276042891321206 0.06938276843703241 0.0017940068518581276 0.06004564401583977 0.8030233267793051 
4 0.05015153377695183 3.430497127514483 0.040223149996360605 5.94301980376571 0.06939555090397456 0.7457580478873024 0.06007810751420199 1.9002659084644022 
2 0.050107816381759776 2.0239726443355335 0.04014447844224499 3.2483328650511516 0.06938477280536609 0.15911217628527344 0.06005238846366499 1.0772433428913026 
2 0.05010785222983677 2.0261938409053197 0.04014461065955847 3.214385988022245 0.06938479720613669 0.1592186780339625 0.06005238470027404 1.0117066564226445 
4 0.050150816740037095 3.4067207608454892 0.04022186348521957 5.902673035837552 0.06939535700559736 0.7399255040369692 0.060077676508841237 1.887103645331166 
1 0.05008930161115065 1.3357122501649887 0.04011073204912071 2.0613450214344646 0.06938242400596192 0.0013258409394836439 0.06004350654566164 0.6977610635079075 
4 0.05015287991417783 3.4762093211398337 0.040225552690799096 6.022911375843314 0.06939592283250065 0.7570033148668864 0.06007893337196977 1.983155232190056 
2 0.05011102746428177 2.0817724374878788 0.040149991860674195 3.443859435291004 0.06938536085810118 0.2326383896680791 0.06005411341787763 1.1363920286457252 
1 0.05008737767822684 1.1374012624364602 0.04010712535677037 1.9261606513474547 0.06938231337470473 0.0011502325030996352 0.06004262702905623 0.6543848449192156 
4 0.05015389210093605 3.509400593191124 0.040227377068945566 6.081891093759419 0.06939619426338738 0.7650837292191934 0.06007952137053059 2.0031731335254648 
1 0.050091349851858244 1.3561314679764176 0.040114437869778405 2.081475069051918 0.06938256901307668 0.0017281067042762628 0.0600443602115451 0.7425551944816537 
4 0.05015483887639714 3.539507179222293 0.04022903932045112 6.135087070104892 0.06939646178478327 0.7726563047605997 0.060080069613502415 2.0217867042836604 
1 0.05009462053081394 1.5014608341804827 0.04011983426439959 2.4396821297199636 0.06938281116996022 0.001755344502900141 0.060045790759423734 0.8118446016416329 
1 0.05008798854518589 1.2392114503101 0.040107586770280715 1.798403875217058 0.06938234934036268 0.0011379812475736026 0.06004286522202464 0.6674501938532019 
3 0.050132876491478795 2.810669740728637 0.04019006575177704 4.820758325004083 0.06939045869843448 0.5630821305247056 0.06006687536126991 1.529212367314544 
3 0.05013520264457947 2.9469541034078643 0.040193769463738226 4.995951082002123 0.0693910199414601 0.611550117129646 0.060068321072346796 1.6218032285457356 
3 0.050131765325858946 2.7736557435836255 0.04018789868011744 4.79285728628238 0.06939018227343517 0.5259741329947587 0.06006606502715174 1.5609712078036375 
3 0.05013465032688803 2.8898998982246793 0.04019297321189579 5.018947552668415 0.06939088317588141 0.6066766543375344 0.06006796982780758 1.617125479018289 
4 0.05015145213593528 3.4279008043585777 0.0402230116856105 5.9407596088962 0.0693954957674671 0.7448406063417632 0.06007806629444616 1.9536614084192443 
1 0.05009073413961547 1.3321577050298108 0.04011311508945188 1.995699900963049 0.06938251375380687 0.001613314198215925 0.060044065005682025 0.7276967722762958 
2 0.05011444212968989 2.1826271747475046 0.04015611411727382 3.527477442416258 0.06938614880633881 0.2488077921439064 0.06005651158967534 1.1923754717643495 
3 0.05013121680091246 2.7552496853990824 0.04018670399130142 4.759302336376623 0.06939005647953377 0.5219515074788547 0.06006582366410566 1.5504482538301374 
4 0.05014984481763668 3.3746159933431996 0.040220112231619067 5.845697923287129 0.06939507294936388 0.7320178393381855 0.060077104813246365 1.922114111757777 
4 0.050153963963001945 3.512133566707572 0.04022780022832616 6.082882709695676 0.06939622997476062 0.7660012438754965 0.06007953670766033 2.004754140411635 
4 0.05015069296365565 3.4023930038236414 0.040221720674391684 5.8938974549346685 0.06939529324267033 0.7387110288701603 0.060077589457824335 1.8842500234800084 
4 0.050151088590074354 3.415966320738548 0.0402223619752542 5.917539282329973 0.06939540668781966 0.7419815166568743 0.06007783695514439 1.8371674220381462 
1 0.05009462053081394 1.5014608341804827 0.04011983426439959 2.4396821297199636 0.06938281116996022 0.001755344502900141 0.060045790759423734 0.8118446016416329 
2 0.05011463098324043 2.188729592726992 0.04015685129134502 3.521883942399877 0.06938619910673927 0.24989968825933295 0.06005666450466214 1.1958939032344629 
4 0.050151256625547536 3.421052111560749 0.040222657506053354 5.927427716456359 0.0693954660005039 0.7435400644409433 0.0600779089426504 1.8397741178472966 
2 0.050114374749358356 2.163250200274706 0.04015609252761382 3.6076916588304813 0.06938613737909083 0.24868070704721226 0.06005639634534075 1.1519663933430875 
2 0.050112613696155564 2.125561733242666 0.04015359347380393 3.3821401384469305 0.06938577189829045 0.2410414587958743 0.06005538395162442 1.1609290715159155 
3 0.05013079150503082 2.7422114276551683 0.04018679249192744 4.408807970646317 0.0693899702596748 0.518835531526985 0.06006560960746885 1.535850172096413 
1 0.05009358706300422 1.5046151763245557 0.04011884246942297 2.2676337613286988 0.06938275788750756 0.0018362570201529281 0.06004536624741158 0.7918991605428618 
1 0.05008823726009154 1.2347258197410869 0.04010884541251562 1.9234622318340986 0.06938234218245797 0.0011113431338639714 0.060043004391313645 0.6732968587874971 
1 0.05009437266849669 1.5183931778863227 0.04011962203603857 2.3628922865417707 0.06938278875779307 0.0017769936948376856 0.06004573190008511 0.8069519775759127 
3 0.050128651395053 2.6706787820114384 0.04018265090773378 4.508082433451081 0.06938945798747088 0.5032271501079795 0.06006448389190613 1.4595920971959135 
3 0.05013092502702106 2.746426689436916 0.040186342198415485 4.793002657084315 0.06938999654736713 0.5202374241354539 0.06006575833109727 1.4936425253379948 
2 0.05011119666787459 2.137276831227135 0.04014988913874814 3.3094523534891294 0.06938539992610707 0.2333417143319248 0.060054155303047474 1.1379645563040752 
1 0.050087940333338264 1.1853077054295666 0.040107618122613806 1.819317457935583 0.06938232786181005 0.0011434248372642663 0.060042858053485415 0.6662508048340171 
1 0.05009099996074358 1.337918454940914 0.0401133477828564 2.0557784357583557 0.06938253390070101 0.001619455788095383 0.06004420479591706 0.7341296905757583 
4 0.05015348192099646 3.4959339022588147 0.040226681838219217 6.0584889047948405 0.06939609121515303 0.7619105118649022 0.0600792824289197 1.9953210966782382 
1 0.050094473678419224 1.5339470334294663 0.040119859346093766 2.356977304081628 0.06938281662242483 0.0017570079243692826 0.0600458038750495 0.8106452912736742 
1 0.0500881810603679 1.2000728600566237 0.04010792469315662 1.8559161463306375 0.06938235261156603 0.0011185989374547206 0.060042956321190166 0.6724120497429789 
3 0.05013397874495288 2.8290007622695836 0.040191689561251034 4.877138389530457 0.0693907252308715 0.6011739775126179 0.06006755181436631 1.5512605401229393 
3 0.05013516335299563 2.945592862705184 0.04019372721252146 4.991968968564376 0.06939100682069192 0.611300794376707 0.06006828118213943 1.6271877971104203 
2 0.05010875698793754 2.0086204432099577 0.04014616742356632 3.1270698709927194 0.06938495148675376 0.1824319380661768 0.06005289297411539 0.9503257353431017 
1 0.05009112041341662 1.4015031645622533 0.040113533794181554 2.0720584872401075 0.06938256258233662 0.0017438491067750187 0.0600443040680315 0.7381979965759179 
3 0.05013421601115774 2.8368732724641568 0.040192092110557964 4.838787783404485 0.06939077190111158 0.602752433511729 0.06006771869133579 1.6019812595318519 
4 0.05015409899557153 3.4346990680965086 0.040227752890085886 6.094897304432292 0.06939626329234269 0.7667423929906916 0.06007964980500834 2.007235109068849 
4 0.05015296697959522 3.4783873630869273 0.04022574829170712 6.028352178256749 0.06939595068198733 0.7577166040070444 0.06007897930427812 1.9848601469324105 
2 0.05010888027222562 2.0122250932952284 0.040146132644916885 3.2809142280468775 0.06938498001213127 0.18289532145290227 0.06005295770882191 0.9529137298969147 
2 0.05011168652073128 2.15226607513656 0.04015138338435762 3.270845979931134 0.06938548000622294 0.23496694227201412 0.06005437894373546 1.1456127506410778 
4 0.05014789047559307 3.3113747015277055 0.04021663325238308 5.7371339403830985 0.06939452359229409 0.7163213644982166 0.060075889452076536 1.8825344436403255 
3 0.05012964297456415 2.704536898411375 0.0401841531423988 4.530365192945264 0.06938969101174913 0.5106435684814209 0.06006503414201726 1.5141243808656375 
2 0.050107983655529556 2.048386163862308 0.0401444495210445 3.072627652490573 0.06938480926949868 0.15954540313884708 0.060052415364161615 1.0008996453131305 
4 0.050149513775633744 3.363980457062174 0.040219516433585935 5.827454598648258 0.06939497700917194 0.7293547136097477 0.06007687559908166 1.9146667233239019 
2 0.050111008797140796 2.130353392083596 0.04014960974803761 3.294129443703561 0.06938535746173882 0.23243654609317507 0.060054115710131584 1.0967740680967726 
2 0.05010822985372183 2.0376021202659294 0.04014449820071831 3.2324432481637806 0.0693848499561226 0.1605554197966176 0.060052537272472575 1.082619653948536 
1 0.050092549225929886 1.4835964585225863 0.04011568311121 2.2241199476069666 0.06938263124423455 0.0018561032383199283 0.06004489880573248 0.768106835694948 
1 0.05008843139339103 1.164525480843702 0.040108565156957654 2.021765846829484 0.06938235334789418 0.001098288393622477 0.06004308646980237 0.6774229221826619 
2 0.050115118853538365 2.2655256771054293 0.04015800207184931 3.543269345373802 0.06938630304303033 0.2518018143628507 0.060056895427210454 1.181589136472331 
2 0.05010832579533695 1.9937006362890055 0.040144946384533864 3.22953685584841 0.06938486302625105 0.1606064100095108 0.06005261450485612 1.0920505772531766 
4 0.05015283562317187 3.4748181681761645 0.04022553822064569 6.023432100627824 0.06939593058237538 0.7569796214380815 0.06007889638673695 1.982273733925524 
2 0.05011060935481335 2.117805348009861 0.04014959321025937 3.21974216718064 0.06938529536222036 0.23099095657358823 0.06005373843170566 1.1121131795759611 
2 0.05011205846689032 2.0950775048876147 0.04015209719594094 3.2980415420658318 0.06938555827626068 0.23640089394533184 0.060054632141486375 1.1498829349402142 
1 0.05008843139339103 1.164525480843702 0.040108565156957654 2.021765846829484 0.06938235334789418 0.001098288393622477 0.06004308646980237 0.6774229221826619 
2 0.05011238205983588 2.1757882777340942 0.040152088929162194 3.1702714625271486 0.06938561458366141 0.23775608624344008 0.060054690333236495 1.1591443213614316 
1 0.05009293609056026 1.5235112096231807 0.04011777890883554 2.294487916534288 0.06938269227537668 0.001857630258938254 0.06004510485172891 0.7783297282951358 
3 0.05013485024471113 2.915748241227806 0.040193265460830296 4.880090689677384 0.06939092926726922 0.6085087750311076 0.060068083847749795 1.6148858903677035 
1 0.050094588624077674 1.5017440742767358 0.04011989499993935 2.3819264203843504 0.06938281323940784 0.001750386853430971 0.06004579752766335 0.8122361896150612 
4 0.05015262941594242 3.466214515015312 0.04022512395469979 6.004490726958772 0.06939585164323417 0.7545263367593382 0.06007875988094759 1.976651868400682 
1 0.050090965073116646 1.3362670793636025 0.04011355586033356 2.1401186534862724 0.06938254434386533 0.001623896178017077 0.06004418701493691 0.7334033860801769 
1 0.05009033859711831 1.3406767826712955 0.04011179002849802 1.9945679042913647 0.06938249478333038 0.0016204809088770586 0.060043925790049114 0.7201667110025018 
1 0.05009128119051599 1.3965816578887478 0.040113900908015254 2.0879531117065016 0.06938255144003672 0.0017318788263590158 0.06004435868030478 0.7415770298749466 
4 0.050150926785112 3.410609732866528 0.040222068700717754 5.908538389633544 0.06939536015415196 0.740684620302606 0.0600777354893585 1.8888405999723155 
4 0.050153850570455086 3.50806622518922 0.040227315664833195 6.0813015696552775 0.06939617237659296 0.7646462432247465 0.06007949642586767 2.0026800376764076 
3 0.050135565127696645 2.958904185669889 0.04019471275300289 5.016283515747107 0.06939109624739896 0.6147318966933731 0.060068488023152136 1.5881988584245395 
4 0.05014774313011043 3.305796779939638 0.04021636793710639 5.727640036797347 0.06939447199069369 0.7147895446961657 0.060075810795161 1.8796354461796092 
2 0.05011385962823286 2.1827406266247458 0.04015549367606924 3.4270752705368843 0.06938602751070126 0.24629585722523767 0.06005615399748828 1.1823328736594099 
2 0.05010970231252019 2.0875677108456636 0.04014736294470643 3.4134989572526186 0.06938510666926626 0.22712458732114377 0.06005322637933201 1.1098927185807423 
1 0.050093874647438884 1.450439661970701 0.0401185231521588 2.308620220709848 0.06938275482841119 0.0018100576293458488 0.06004552207103936 0.7986427830900977 
1 0.05009300755414642 1.4648645521670132 0.04011776266129578 2.1725072342359426 0.06938266474640599 0.001854313913628754 0.06004510685976938 0.7790712961006918 
4 0.05015296697959522 3.4783873630869273 0.04022574829170712 6.028352178256749 0.06939595068198733 0.7577166040070444 0.06007897930427812 1.9848601469324105 
1 0.05008810728556949 1.196950655347442 0.04010809304391921 1.8766716462581663 0.0693823268951205 0.0011242466203891847 0.06004294868249259 0.6707371938544814 
3 0.05013294903026568 2.79478757523986 0.04018983571905762 4.865714473683992 0.0693904630698181 0.5636713275013765 0.06006689786490495 1.5776620581684757 
3 0.05013433190031445 2.840759974936795 0.04019233980936916 4.8742587448795485 0.06939080157358225 0.6039616066487635 0.06006777469179449 1.6043827837758997 
2 0.05011475693449867 2.1927411206276224 0.04015714705589487 3.5479458546046048 0.06938622377668915 0.2503869884201305 0.06005675341080008 1.1597043063171484 
3 0.050127634840273515 2.637772795050656 0.04018023516744277 4.427895302037488 0.06938921841421682 0.4960994460522327 0.06006399700895504 1.4318349680935527 
2 0.0501085163588751 2.000267754681688 0.040145322262414365 3.457954837931685 0.06938490737174634 0.16150545114277445 0.060052765031484115 0.9465784877627759 
4 0.050151088590074354 3.415966320738548 0.0402223619752542 5.917539282329973 0.06939540668781966 0.7419815166568743 0.06007783695514439 1.8371674220381462 
2 0.05011475693449867 2.1927411206276224 0.04015714705589487 3.5479458546046048 0.06938622377668915 0.2503869884201305 0.06005675341080008 1.1597043063171484 
2 0.05011275319139195 2.118757245800812 0.04015346715926513 3.363480473901754 0.06938569478274506 0.23930163410227778 0.06005499936853187 1.163444648400771 
2 0.05011275319139195 2.118757245800812 0.04015346715926513 3.363480473901754 0.06938569478274506 0.23930163410227778 0.06005499936853187 1.163444648400771 
4 0.050149350716551314 3.358668060991893 0.04021924456766453 5.82003616309398 0.06939494636289319 0.7282580455145601 0.06007675830469095 1.9113100362841515 
2 0.0501111094053928 2.085158700826217 0.040150557079664695 3.427838195810952 0.06938538268733847 0.23285280650045959 0.060053856261119545 1.0221510342671467 
4 0.050147641930059515 3.3033624991679615 0.040216198453534704 5.722512217700853 0.06939445983809689 0.7142347098153838 0.06007576368590288 1.8777668985518297 
3 0.05013562810542359 2.962006341989217 0.040194979051409695 5.017662530410988 0.06939111853972406 0.6149543941997837 0.06006859824470791 1.6303579248553697 
4 0.050147641930059515 3.3033624991679615 0.040216198453534704 5.722512217700853 0.06939445983809689 0.7142347098153838 0.06007576368590288 1.8777668985518297 
4 0.050148407800168784 3.3285449387922723 0.040217557092627164 5.76487117195084 0.06939466639565535 0.7204301283918448 0.060076219265693065 1.8931332690315468 
1 0.05009179883530257 1.4123403086952604 0.04011530483792399 2.1519317614495677 0.0693826133592512 0.0018206300581676631 0.06004456533307887 0.7520298106560784 
2 0.050113794687171406 2.215098723514714 0.04015468979061545 3.48268012108545 0.06938598828089895 0.24598560798516092 0.060056028626533295 1.122315393114232 
4 0.050152016164837 3.4466716080218793 0.040224027974496875 5.9733999835088 0.0693956651410224 0.7495088389669169 0.06007839962054205 1.9648133777991774 
4 0.05015364509080027 3.5011717842306 0.04022697538002215 6.069311250679398 0.06939615110968603 0.7633125236309827 0.060079385794820014 1.9984651127514912 
3 0.05013184516220701 2.7763020706790575 0.040187693668626505 4.802300740925412 0.0693901924742889 0.5267743871767481 0.060066155646743405 1.5553858584381328 
4 0.05015479738101406 3.538172460485094 0.04022897175388653 6.132020105401667 0.06939647672676828 0.7725576371989176 0.06008004597859805 2.0206583313135935 
3 0.05013413853717001 2.834256916870552 0.04019212457931162 4.745888056842946 0.06939075929957708 0.6027662815063859 0.060067612765488734 1.6010259523345565 
4 0.050153281385014334 3.4893107098359386 0.04022633368893005 6.046961805151266 0.06939602003066009 0.7600681753773209 0.06007917106989995 1.9915111671328103 
3 0.050133544354141815 2.814562006755987 0.04019103320547603 4.812893832307377 0.06939062190252474 0.5974563590324542 0.060067261516611514 1.595191013317713 
4 0.050153927894606175 3.510609286077505 0.04022746500618529 6.086087519057173 0.06939623205710797 0.7658305458543924 0.06007951188383833 2.003583371713302 
2 0.05011411781875508 2.173214307243831 0.04015610803626779 3.477617184107738 0.06938608045721908 0.24759124397294272 0.060056326474433874 1.1867955823583813 
4 0.05015555926895705 3.5615220738378426 0.040230258228467125 6.176170464650037 0.06939665717263968 0.7782780596822002 0.06008047602741027 2.0351162509923504 
4 0.05014907275878131 3.3497114885350987 0.0402187587043311 5.803660979446308 0.06939485227516953 0.7258086111200066 0.06007660581470196 1.9069878855547038 
1 0.05009393048682128 1.4506670624305205 0.040119224444779514 2.023057095741578 0.06938277416902745 0.0018074801638659598 0.06004553386496705 0.7992799081191245 
3 0.05013334749705204 2.8079483429008625 0.040190966660490914 4.882892208541414 0.06939057086132788 0.5956287481944973 0.060067161173448305 1.5383453693310174 
4 0.05015170651573474 3.4359980700687123 0.040223433379228284 5.954945742050587 0.06939556333924723 0.7468365048326945 0.06007819737907163 1.9583472151964696 
1 0.05008953852320971 1.279276886652612 0.0401109215556385 2.116176911765313 0.06938242119105302 0.0013109342070371794 0.060043568170917015 0.701805582320012 
1 0.05008927330686408 1.2284214879533852 0.040110382180210714 1.8185343098314661 0.06938241863729502 0.0013339687118309271 0.06004345399480153 0.696385491596519 
4 0.05014987544441555 3.376229819770444 0.040220222122555806 5.84907068973005 0.06939507052070905 0.7323434591933257 0.060077081405082465 1.869410044676954 
3 0.05013196459560171 2.761918123842183 0.04018758360435386 4.835252100878616 0.06939023195687903 0.5276130406318789 0.06006620363550904 1.557909291815195 
1 0.0500900600251558 1.3348210477679217 0.040112694934946194 2.1062681985798912 0.06938246726992603 0.001500294086179901 0.06004379695394889 0.7132654301619459 
2 0.05011234065092065 2.123593757143154 0.040152812530344056 3.3193998451468674 0.06938560781578569 0.237641854143457 0.06005476500309557 1.1202614282266303 
3 0.05013409832465041 2.8329384790091283 0.04019262982758966 4.921891076673245 0.06939076001515002 0.6019216538676198 0.06006763456452515 1.600327519087908 
1 0.05009116074737578 1.3584226338891716 0.04011349607709214 2.0976427678929133 0.0693825459941337 0.0016415094619194655 0.06004425927168104 0.7367187104479272 
4 0.050150623496106904 3.3076457188363717 0.040221462034458616 5.890777568214558 0.06939525536442068 0.7379921817906037 0.06007754183987235 1.828887363275634 
2 0.05011390105255242 2.253481271453366 0.04015470566629453 3.4905621373173887 0.06938602829374153 0.24651710806739752 0.0600560855537003 1.1242298230747338 
2 0.05011344723839199 2.22183925357225 0.04015444368322791 3.4461472606599797 0.0693859403854857 0.2444261675795925 0.060055917065965095 1.1366667261096368 
2 0.05010836759923283 2.025687910497085 0.04014525858481839 3.285248763303727 0.06938488685209085 0.16079305751136247 0.06005268207563428 1.0865537300794859 
4 0.0501502139666366 3.3869377874017346 0.040220747594594805 5.866652081732125 0.06939516975256603 0.7349526491859517 0.060077319607909165 1.8756218542607488 
1 0.05009270003985955 1.4467190961313754 0.040117151708102136 2.2485974586488404 0.0693826469884413 0.0018461558360077298 0.06004495049092048 0.7720967299226251 
1 0.05009382208232956 1.5583925484647676 0.04011866797144816 2.060416465537505 0.0693827459008552 0.0018136259065109459 0.06004548131168521 0.7977316482162048 
1 0.05009418290585421 1.5397722988466884 0.0401190293365316 2.2893491215993804 0.0693827869545481 0.0017825608483967262 0.06004567306455999 0.8048421037037439 
1 0.05008815177610025 1.2099167534898174 0.04010876865632167 1.999111023047049 0.0693823674768097 0.0011182469770546685 0.06004294036778718 0.671153371381069 
2 0.05011331701345081 2.1483504437782153 0.040154861855417875 3.4812392357763238 0.06938590563912463 0.24365147679951585 0.06005573836996916 1.1726460715611213 
3 0.05013381907692688 2.8237243564431393 0.04019143707293829 4.772640696851065 0.06939068590752673 0.5998605598241153 0.06006745062570965 1.5948546286304932 
1 0.05009043119914808 1.379369878765041 0.040112526375504755 2.1110152839767276 0.06938249399925492 0.0016146872217122226 0.0600439404436773 0.7215510045410337 
1 0.050094473678419224 1.5339470334294663 0.040119859346093766 2.356977304081628 0.06938281662242483 0.0017570079243692826 0.0600458038750495 0.8106452912736742 
4 0.050153850570455086 3.50806622518922 0.040227315664833195 6.0813015696552775 0.06939617237659296 0.7646462432247465 0.06007949642586767 2.0026800376764076 
1 0.050089206654911844 1.2514526409464208 0.04010998256583613 1.8885046528619072 0.06938241995524123 0.0013402301386266848 0.06004339193883244 0.6940332926277897 
3 0.050129043613369915 2.684592064729061 0.04018335035329029 4.615056823035727 0.06938955353809947 0.5061460829660508 0.06006470780261952 1.5112101782905056 
1 0.05009045478567111 1.3186214300288346 0.04011299910636195 2.0651295119655755 0.06938251169462109 0.0016121547694879618 0.060043973496415284 0.7223903028453889 
3 0.05013180542934985 2.7749785601857555 0.04018779912314455 4.749223230521089 0.069390191482038 0.5262646500049399 0.060066113103989904 1.516310843373559 
1 0.050087104445976895 1.176266289321575 0.040106034785735586 1.8137289081150976 0.06938229677546119 0.0011721171972389423 0.06004249616998693 0.6487090225152488 
2 0.0501085997113699 2.0327401890139805 0.04014589722450081 3.292324253079432 0.06938492372574276 0.1819397664776349 0.06005270973175682 0.9728551400284211 
1 0.05009338827775658 1.5419372011286547 0.04011804528762666 2.225265422936365 0.0693827251496452 0.0018493450806712907 0.060045298625942864 0.7884054071324185 
1 0.050092597208915624 1.4530063592658435 0.04011651850329134 2.3305065824390376 0.06938265236862906 0.001854297380022517 0.060044948477217364 0.7709328329983687 
2 0.05010747927420881 1.966520489190867 0.04014341355913953 2.9223433400661687 0.06938471430311888 0.15817637454345662 0.06005230097479538 1.052541398299232 
3 0.05013092502702106 2.746426689436916 0.040186342198415485 4.793002657084315 0.06938999654736713 0.5202374241354539 0.06006575833109727 1.4936425253379948 
3 0.05013056568146031 2.734464665896906 0.04018564499198496 4.806642713124247 0.06938990826767816 0.5175030593819454 0.060065534505558495 1.4865185100655256 
2 0.05011374396192394 2.213810657778531 0.04015519901731731 3.4876423467553423 0.06938600491868165 0.24590873674534305 0.06005607010765797 1.1804898632053509 
1 0.05009373567430837 1.5062415008374375 0.04011821221241811 2.0394114637177054 0.06938276568585582 0.001819085115886738 0.0600453973050342 0.7939986276659503 
2 0.05011135916568129 2.0929004848768717 0.04015084195145871 3.2669521199154232 0.06938543676093636 0.23398564594286828 0.0600543327165452 1.0671412371541098 
1 0.05009190350300872 1.4126936242311459 0.04011523620703659 2.269760933083375 0.06938260124012763 0.001805748078182557 0.06004464877473152 0.7551786762875319 
2 0.05011139449196854 2.144035168191322 0.0401510758018618 3.2200757333610652 0.06938543363991019 0.23396239701165894 0.060054239339171346 1.0538650732679122 
3 0.0501289689198244 2.681310437973232 0.04018294176337067 4.676330246604325 0.0693895274495617 0.505460502378282 0.06006469872629845 1.4996144543020589 
1 0.05009008953780002 1.3234345696704257 0.04011248803459234 2.0214028242155067 0.069382495361865 0.0014978473078056435 0.060043808467317016 0.7143772737672442 
3 0.050129969011915944 2.7145972247825987 0.04018503060656901 4.629655026392847 0.06938977964351736 0.5130205254682396 0.06006520069743555 1.482936017817111 
4 0.05015023961489312 3.387991835444402 0.040220847940624874 5.8705231989650555 0.06939517687211397 0.7352178196515277 0.060077340706975714 1.8757148483693478 
4 0.050147859466316794 3.3098293253308197 0.04021656863632527 5.7343154452301235 0.06939452387227196 0.7161139384258335 0.060075861108766296 1.8815916736697453 
1 0.0500876570702818 1.198284244342001 0.040107001222801794 1.7092203375692478 0.06938234162144181 0.0011599645382039195 0.06004267776906134 0.6587775038477941 
4 0.05015255886208118 3.383219079665312 0.0402249752833139 6.001034120332967 0.06939582840996597 0.7538493528878203 0.06007871254548288 1.9751427302284141 
1 0.050092549225929886 1.4835964585225863 0.04011568311121 2.2241199476069666 0.06938263124423455 0.0018561032383199283 0.06004489880573248 0.768106835694948 
4 0.05015190137826818 3.4377991429125023 0.040223645603240966 5.959033994230047 0.06939561727262591 0.7479466742161491 0.06007827764099375 1.9604792950299141 
4 0.050153604082499824 3.4998930652177185 0.040226932980658284 6.063484462712095 0.06939612888126004 0.762780306784899 0.06007936165618403 1.9977105661485752 
2 0.050114824384938784 2.2139202353451553 0.04015704114691852 3.7510390722245943 0.06938622007530215 0.2506404201226974 0.0600567060620162 1.1383066117204372 
3 0.0501301588481732 2.7210826769774004 0.04018529079628498 4.699527689963765 0.06938982019057484 0.5143815844815431 0.06006530283444278 1.486751758073812 
1 0.05008670429473017 1.1832615382154974 0.040105432149352235 1.7653199544444707 0.06938227695735615 0.0011950700736661278 0.060042329320004896 0.6407611728179915 
3 0.05013083174365236 2.7435494837560017 0.04018690204764809 4.405045906442538 0.06938998598227188 0.519389939897262 0.060065643589349724 1.544343946628834 
2 0.050108724450341716 2.0546946409174405 0.04014576349939168 3.191847214747777 0.06938494637243113 0.18201995097612506 0.06005278776893005 1.092213657828355 
1 0.050087061283381654 1.1977589754351619 0.040106378168784415 1.7525742657508716 0.06938231193749436 0.0011800770841738392 0.0600424571091008 0.647013821538631 
3 0.050128054692382816 2.6507374316066565 0.040181561206881024 4.482124428612427 0.0693893086241136 0.4986246283613241 0.0600641386166609 1.490987776138068 
1 0.05008806867187517 1.2301776433994904 0.040108646562758914 1.9068708768715852 0.06938235670192136 0.0011258101127035584 0.060042943687848516 0.6699246635424296 
4 0.050150816740037095 3.4067207608454892 0.04022186348521957 5.902673035837552 0.06939535700559736 0.7399255040369692 0.060077676508841237 1.887103645331166 
1 0.050092369551425306 1.4347166487731697 0.040115707525727705 2.1519113698109322 0.06938259414778668 0.0018732831954511153 0.06004479308488471 0.7636536259864218 
2 0.0501111094053928 2.085158700826217 0.040150557079664695 3.427838195810952 0.06938538268733847 0.23285280650045959 0.060053856261119545 1.0221510342671467 
3 0.050132876491478795 2.810669740728637 0.04019006575177704 4.820758325004083 0.06939045869843448 0.5630821305247056 0.06006687536126991 1.529212367314544 
4 0.050148645240657506 3.336888143567024 0.040217986190709744 5.779354093567024 0.06939473720543812 0.7226019038987295 0.060076341805872624 1.897692023164182 
1 0.050087176399879384 1.179382486534067 0.04010627304840101 1.7882910829336922 0.0693823214811139 0.0011672592305148441 0.06004250919368074 0.6494638278360176 
1 0.050094165404643044 1.4960851059760454 0.04011954227806336 2.410746938429393 0.06938278796910916 0.0017859555298721259 0.06004563493668595 0.8044122359158432 
4 0.05014898496320365 3.346970555890529 0.04021859230208345 5.799247979170088 0.06939482579069299 0.725034011197946 0.06007658753923639 1.8526049717359077 
1 0.05009167852218532 1.3828866898430225 0.040114886172529174 2.10530057154473 0.06938259002831518 0.0017328601147623794 0.06004447879987325 0.7480942592453754 
2 0.05011139449196854 2.144035168191322 0.0401510758018618 3.2200757333610652 0.06938543363991019 0.23396239701165894 0.060054239339171346 1.0538650732679122 
3 0.050128623510707127 2.6695551349026316 0.04018293946724844 4.339173738173454 0.06938944080135086 0.502502574412186 0.060064432092311784 1.4932075009719785 
2 0.05010735551725591 1.9915770236056427 0.04014307743813348 3.0057249884051984 0.06938469568563285 0.1578920693404488 0.060052051203435354 1.0673377416834184 
4 0.050152260237362925 3.4546599393579642 0.04022443076732403 5.985950832603281 0.06939572393956066 0.7513835802655058 0.06007853612970602 1.9696306774662795 
2 0.05011123199585005 2.088765356923818 0.040150513808213495 3.5766668140105935 0.06938539782055723 0.2332911141555721 0.060054161549718155 1.0641018900464203 
4 0.050151416806481205 3.42641070645899 0.040222933812116494 5.937476260787817 0.0693954903403712 0.7445830317333193 0.06007803347773054 1.8977074458033918 
3 0.05013160651091866 2.768362615844702 0.04018744991829139 4.59816985899202 0.06939013905799155 0.5246539958328068 0.06006598706522698 1.5503656310978111 
1 0.05008875695379511 1.2715480394211067 0.04010901960531556 1.9473272356674527 0.06938238550155415 0.0012558372028922198 0.06004322074650583 0.6853910501976548 
1 0.05008930161115065 1.3357122501649887 0.04011073204912071 2.0613450214344646 0.06938242400596192 0.0013258409394836439 0.06004350654566164 0.6977610635079075 
4 0.0501512887783274 3.4225199470550587 0.04022270877795997 5.928960554907263 0.06939547594401502 0.743741484986098 0.06007795484313747 1.8407508167361981 
4 0.05015451284161482 3.528727974090787 0.04022846592916743 6.115743102881896 0.06939637204388763 0.7700120782338773 0.06007988435776969 2.015250310799859 
1 0.050087940333338264 1.1853077054295666 0.040107618122613806 1.819317457935583 0.06938232786181005 0.0011434248372642663 0.060042858053485415 0.6662508048340171 
2 0.05011416116785953 2.2271147739768438 0.04015608877274499 3.4222566205658347 0.0693860859988565 0.24759693320033777 0.06005637590783632 1.1492324874622035 
3 0.05013381907692688 2.8237243564431393 0.04019143707293829 4.772640696851065 0.06939068590752673 0.5998605598241153 0.06006745062570965 1.5948546286304932 
3 0.05013409832465041 2.8329384790091283 0.04019262982758966 4.921891076673245 0.06939076001515002 0.6019216538676198 0.06006763456452515 1.600327519087908 
4 0.050149391366134846 3.3602048517419663 0.0402193241593473 5.820334253965653 0.06939494867773191 0.7283573951873836 0.060076812438855876 1.8585803889430044 
3 0.05012825607816308 2.65744663042634 0.04018190263271452 4.476507662833658 0.06938936730549874 0.5002224578464975 0.060064294768427326 1.4424531592796401 
3 0.050129043613369915 2.684592064729061 0.04018335035329029 4.615056823035727 0.06938955353809947 0.5061460829660508 0.06006470780261952 1.5112101782905056 
3 0.05013433190031445 2.840759974936795 0.04019233980936916 4.8742587448795485 0.06939080157358225 0.6039616066487635 0.06006777469179449 1.6043827837758997 
4 0.05015213802757366 3.4506905060481174 0.04022421695394095 5.977839647170135 0.06939570492063024 0.7505449476198575 0.060078468268419935 1.9670290759231754 
3 0.05013429120838307 2.8394393233915407 0.04019231811842361 4.919935497954322 0.06939079312700672 0.603564664686629 0.06006776009886007 1.6036995629331177 
1 0.05008798854518589 1.2392114503101 0.040107586770280715 1.798403875217058 0.06938234934036268 0.0011379812475736026 0.06004286522202464 0.6674501938532019 
1 0.0500870748447453 1.171543985557128 0.04010695008743892 2.050642235704528 0.0693823081724329 0.001175045245606381 0.06004247067621438 0.6474131415122304 
1 0.050093964651222976 1.4999208993054753 0.04011878808866051 2.2774385112920834 0.06938275402563207 0.0018041818193378508 0.06004556842507147 0.799601001038601 
4 0.05015379778103003 3.5068380181223717 0.04022724623238583 6.079279813662022 0.06939617919348272 0.7645245703858896 0.06007947316379193 2.0017262687421247 
4 0.050151370461360124 3.4252353444638324 0.040222860974764366 5.934072676235688 0.06939551036062128 0.7445984986575737 0.06007797997174917 1.8970995095592122 
3 0.05013184516220701 2.7763020706790575 0.040187693668626505 4.802300740925412 0.0693901924742889 0.5267743871767481 0.060066155646743405 1.5553858584381328 
4 0.05015198212401952 3.4450260362467957 0.040223969194018425 5.970235019712203 0.06939565326536368 0.7491865957812867 0.0600783795334041 1.9638560586090499 
1 0.05008843139339103 1.164525480843702 0.040108565156957654 2.021765846829484 0.06938235334789418 0.001098288393622477 0.06004308646980237 0.6774229221826619 
1 0.05009291110314833 1.4191629631766758 0.040116611005354956 2.0707190838329783 0.0693826780713002 0.0018591295468293975 0.06004509407999985 0.7776347942143311 
2 0.05011096301388161 2.1291931449809014 0.040149934289449754 3.1877001720845755 0.06938534797072952 0.23223400755737597 0.060054085379980096 1.0956234295886322 
4 0.05015525188497483 3.5525722222653884 0.04022981017820769 6.158145853269661 0.06939658951232744 0.7761739191384407 0.06008027882642318 2.0296449441993536 
2 0.05010937508948532 2.0758516986509052 0.04014707061965564 3.0937698831152103 0.06938504413918255 0.22588285854648654 0.06005324094941189 1.103657301084208 
4 0.050151758365105895 3.4320619948670013 0.04022337662973529 5.952087132628465 0.06939556034848617 0.7464836602109718 0.06007818314111528 1.9025486114795052 
2 0.050112176628330715 2.168481773928881 0.040152476918094704 3.223881412251913 0.06938558321695466 0.23688101102964504 0.0600546588997129 1.1526541249459092 
3 0.05012929376545929 2.692019795296259 0.0401832712876075 4.650048194680972 0.06938960563653158 0.5078988681620895 0.06006485681360472 1.5068147161068963 
4 0.050150765757292694 3.405388211103271 0.040221781343990085 5.90153416159651 0.06939532486799327 0.7396205174562096 0.06007761467365358 1.8854631503804833 
4 0.050152016164837 3.4466716080218793 0.040224027974496875 5.9733999835088 0.0693956651410224 0.7495088389669169 0.06007839962054205 1.9648133777991774 
1 0.05008670429473017 1.1832615382154974 0.040105432149352235 1.7653199544444707 0.06938227695735615 0.0011950700736661278 0.060042329320004896 0.6407611728179915 
2 0.050114784413559835 2.1962127461648056 0.04015692534619501 3.5569197912281454 0.06938622857036073 0.2504845166235954 0.060056733937948206 1.1225828665050979 
1 0.05009232029837836 1.4324983124141488 0.0401162071587555 2.265358305600473 0.06938261874968699 0.0017710450625845163 0.06004479360942459 0.7625153280640415 
4 0.050154472138155784 3.5274121831255947 0.0402284359856499 6.117145941227697 0.06939638321576909 0.7700466411417617 0.060079826984108575 2.014214842650694 
3 0.05013393882130336 2.8276864002812045 0.04019163283600008 4.915933681534057 0.06939070549293376 0.600958207756604 0.0600675247688674 1.5961994249398193 
4 0.05014797259620233 3.3143518729978587 0.04021678541349214 5.74207940809462 0.0693945229028837 0.7166610996786212 0.060075944976148044 1.8845366820158707 
4 0.05015451300910027 3.523999766691724 0.040228315499186026 6.1115421353127335 0.0693963521485399 0.7694570067608224 0.06007982429749015 2.013605853199043 
2 0.05011168652073128 2.15226607513656 0.04015138338435762 3.270845979931134 0.06938548000622294 0.23496694227201412 0.06005437894373546 1.1456127506410778 
1 0.0500878312218029 1.2147552915186295 0.040107225881533426 1.9857765220475667 0.06938234462583384 0.0011516758428635739 0.06004276263856877 0.6628847224791085 
4 0.05015287991417783 3.4762093211398337 0.040225552690799096 6.022911375843314 0.06939592283250065 0.7570033148668864 0.06007893337196977 1.983155232190056 
3 0.050129602691865685 2.7024967442207943 0.04018448220812419 4.296108776423493 0.069389688167767 0.5100645855806711 0.0600650065902702 1.4683965053718135 
3 0.05012804859493177 2.6513354615908753 0.040181888452214334 4.262780410000849 0.06938932247853691 0.49879011450716454 0.060064161442661544 1.491219345571037 
1 0.05008701332888511 1.1746428806187956 0.04010645595433958 1.9508456227760902 0.06938229046664081 0.0011809492389405754 0.06004247074961553 0.6463501180259176 
1 0.05009354661700245 1.4562314427340604 0.04011832208258405 2.2015168157714142 0.06938271985400593 0.0018371504296963582 0.060045361111466765 0.7902761676324336 
1 0.05009329046697625 1.5099681495952069 0.040118061275342745 2.262423614876268 0.06938270363398602 0.0018667730403415569 0.06004525872707509 0.7846520357084514 
2 0.05011267536540594 2.1161530581609815 0.04015302939602573 3.310104077192757 0.06938567631666015 0.2390720434835683 0.06005496681629317 1.1629619509864144 
1 0.050091133137505205 1.3444043083232216 0.04011389505549699 2.0790869100877023 0.06938254661410966 0.00174931166964103 0.06004426913940454 0.7364434491972676 
3 0.050135565127696645 2.958904185669889 0.04019471275300289 5.016283515747107 0.06939109624739896 0.6147318966933731 0.060068488023152136 1.5881988584245395 
4 0.050149678155098375 3.3693436001229076 0.04021982919472569 5.71688937463802 0.06939502129315626 0.7305743504806935 0.06007698553840239 1.8651206013401047 
2 0.05011547148681318 2.2958236546185864 0.04015867994584451 3.736445665144352 0.06938638355625656 0.2535362474095729 0.06005717169358289 1.2094055030613409 
4 0.050153281385014334 3.4893107098359386 0.04022633368893005 6.046961805151266 0.06939602003066009 0.7600681753773209 0.06007917106989995 1.9915111671328103 
4 0.05014878061911976 3.340554256991415 0.040218244175468695 5.787685383512856 0.06939476380591922 0.7233659200919941 0.06007643557863085 1.9003885639939782 
2 0.05011395353023316 2.167994631740738 0.04015563437322063 3.499539661117717 0.0693860444593039 0.2467998523419465 0.060056211768613275 1.1840542539996508 
3 0.050129482867291256 2.6985292195311947 0.04018396262601352 4.653199332034329 0.06938965648997145 0.509247881316967 0.06006493948442151 1.5185708272284162 
3 0.05013334749705204 2.8079483429008625 0.040190966660490914 4.882892208541414 0.06939057086132788 0.5956287481944973 0.060067161173448305 1.5383453693310174 
2 0.050108846330662385 2.0583579447318776 0.04014565055835034 3.22372908343272 0.06938495222666859 0.18271479519232553 0.06005292674609299 1.0939717237160327 
1 0.05009267494819736 1.399676531053046 0.04011675431981644 2.1244246370403004 0.06938263291299859 0.0018636611841542027 0.060044940243240676 0.7715794026225375 
3 0.050135362276766224 2.9521774685279034 0.04019450713068469 4.9055940745263795 0.06939107042013926 0.6127452809942874 0.060068453275218925 1.5774829154105214 
1 0.05008984863569221 1.2576329941840618 0.04011114100034992 1.9660429645552409 0.06938245529850205 0.001487245509854516 0.060043711737120975 0.7089263524147731 
2 0.05011013006811127 2.052995607289451 0.04014824558138567 3.4209374696807933 0.06938519888382258 0.22894028247884673 0.060053497623965724 1.0705409192193467 
2 0.050109608321041624 2.035833701209681 0.04014685747214755 3.1831548966727774 0.06938510900511845 0.2268485897379601 0.060053256155232805 1.1083636104243475 
4 0.05015175932628446 3.4370713896392955 0.040223519071353714 5.9572610698806105 0.06939558528340611 0.7472143887451608 0.06007823389417703 1.9591601384034216 
2 0.05010933282584784 2.0569337205143357 0.04014710700445936 3.342382213912727 0.06938505758589422 0.22573130794288415 0.06005317348457852 0.9602320861159231 
3 0.05013180542934985 2.7749785601857555 0.04018779912314455 4.749223230521089 0.069390191482038 0.5262646500049399 0.060066113103989904 1.516310843373559 
1 0.05008809397276165 1.2434864441043265 0.040108175833713844 1.9423058714425743 0.06938235072153226 0.0011291689664579784 0.06004293463984552 0.6695652583114298 
1 0.05008729983221809 1.1997461359585362 0.0401074841335466 1.9116566373516366 0.0693823310700454 0.0011824147213560982 0.0600425804172417 0.6532137927004948 
2 0.05011487349715331 2.182768376128517 0.04015680736634645 3.510776686466559 0.06938624084302823 0.25080078533007766 0.06005676190995651 1.1622068986552139 
3 0.05013334749705204 2.8079483429008625 0.040190966660490914 4.882892208541414 0.06939057086132788 0.5956287481944973 0.060067161173448305 1.5383453693310174 
3 0.05013365983107001 2.8184259848197377 0.04019130873550771 4.809532241581579 0.06939064555670471 0.5983671951458559 0.06006734128506841 1.5916859027442272 
1 0.05009354661700245 1.4562314427340604 0.04011832208258405 2.2015168157714142 0.06938271985400593 0.0018371504296963582 0.060045361111466765 0.7902761676324336 
1 0.05008976558731153 1.3328853017313431 0.04011203660669431 2.0891825950983347 0.06938245071629282 0.0013204001139550399 0.06004369106305516 0.7078400940617626 
1 0.05009181881329321 1.4350478518456034 0.04011565561099667 2.0508083170977374 0.06938261332042792 0.0018183288550079491 0.06004461065133702 0.7531881974344161 
4 0.050155415195565614 3.5578423563791413 0.04023009015804152 6.16655029030561 0.06939663861418499 0.7773320668674562 0.06008041309375058 2.0331432082206353 
4 0.050153604082499824 3.4998930652177185 0.040226932980658284 6.063484462712095 0.06939612888126004 0.762780306784899 0.06007936165618403 1.9977105661485752 
2 0.050110865968027385 2.108334498846161 0.04014968149271507 3.245946210241498 0.06938533800044883 0.231964601777804 0.060053973606496745 1.0577305916297195 
4 0.05014984481763668 3.3746159933431996 0.040220112231619067 5.845697923287129 0.06939507294936388 0.7320178393381855 0.060077104813246365 1.922114111757777 
3 0.05013528199176771 2.9495899729314443 0.040194045832270854 4.999384393901968 0.0693910477979576 0.6121676173739155 0.06006839935041526 1.6234136839659405 
3 0.05013405830893898 2.831637407543099 0.040192285489929855 4.778132548519875 0.0693907439043881 0.6017301210196039 0.06006759971385811 1.5989552519691579 
4 0.05015213802757366 3.4506905060481174 0.04022421695394095 5.977839647170135 0.06939570492063024 0.7505449476198575 0.060078468268419935 1.9670290759231754 
4 0.05015308485210732 3.482430869816116 0.04022596216664491 6.036262502822622 0.06939599006307574 0.7588922943228809 0.06007902923848936 1.986972843072433 
3 0.05013362009475221 2.8171066054802223 0.04019144928148759 4.958645040814329 0.0693906316899425 0.5978114699148517 0.06006731338626462 1.5909921414312076 
4 0.050150623496106904 3.3076457188363717 0.040221462034458616 5.890777568214558 0.06939525536442068 0.7379921817906037 0.06007754183987235 1.828887363275634 
1 0.05009243675375223 1.5081282181022666 0.04011652019097247 2.0858647112540636 0.06938263885661246 0.0018728568020283348 0.06004488050266428 0.7672388223506793 
4 0.05015198212401952 3.4450260362467957 0.040223969194018425 5.970235019712203 0.06939565326536368 0.7491865957812867 0.0600783795334041 1.9638560586090499 
3 0.050135442569200585 2.954917961244469 0.04019434844583736 4.9148599489144384 0.0693910711894459 0.6135289368707615 0.060068463416646 1.626688037353648 
1 0.05009128119051599 1.3965816578887478 0.040113900908015254 2.0879531117065016 0.06938255144003672 0.0017318788263590158 0.06004435868030478 0.7415770298749466 
4 0.05014894104224964 3.345791430459858 0.04021851751483927 5.796118303278336 0.06939482327233645 0.7248163840257138 0.06007653188402053 1.9033628134207277 
1 0.050091349851858244 1.3561314679764176 0.040114437869778405 2.081475069051918 0.06938256901307668 0.0017281067042762628 0.0600443602115451 0.7425551944816537 
1 0.050092390102740046 1.4462095546583087 0.04011598221585712 2.343392639952344 0.06938261759713725 0.001871406387762331 0.06004483547457144 0.765246051199153 
2 0.05010707109817951 2.0180136882303183 0.04014277643660978 3.063388399700746 0.06938465927065039 0.1568795422390064 0.06005192343982748 1.0514649622316454 
3 0.05013023938463035 2.723729068340868 0.0401854488207994 4.650429513891962 0.06938983564521678 0.5149091057291477 0.06006532618457081 1.5334186430028485 
2 0.05010933282584784 2.0569337205143357 0.04014710700445936 3.342382213912727 0.06938505758589422 0.22573130794288415 0.06005317348457852 0.9602320861159231 
4 0.05015287991417783 3.4762093211398337 0.040225552690799096 6.022911375843314 0.06939592283250065 0.7570033148668864 0.06007893337196977 1.983155232190056 
2 0.05011028673868362 2.1067348318582018 0.04014887172439627 3.2859472471878854 0.06938522876967175 0.22965657980846746 0.060053628359799896 1.0120396229965452 
3 0.050132909110862836 2.793465582979048 0.040189876305099854 4.900404167631318 0.06939046958798313 0.5636504214960202 0.060066905772987234 1.5370907649051384 
4 0.05015283562317187 3.4748181681761645 0.04022553822064569 6.023432100627824 0.06939593058237538 0.7569796214380815 0.06007889638673695 1.982273733925524 
4 0.05015425988296716 3.5211108806040032 0.04022807965929615 6.103874925542222 0.06939630846631681 0.7681441049643466 0.060079734273851104 2.01051060941017 
4 0.05015533446020755 3.555444439301766 0.04022999546191784 6.160626425666214 0.06939660195991046 0.7766917945694243 0.06008033806301814 2.0313946653546386 
1 0.050094415532002876 1.481294351245403 0.040119799622282334 2.260817258600001 0.06938280277094766 0.0017681805713532373 0.06004571877534538 0.8080300631677908 
1 0.05009170803362336 1.3657989743098877 0.04011517535032554 2.183991247607292 0.06938258996408628 0.001730070499854492 0.06004450096041131 0.7492956644702949 
2 0.050110698674715515 2.0717745260736184 0.04014889769781009 3.2534788807364223 0.06938529797443042 0.23127657469314142 0.0600538648808584 1.0440329028897737 
1 0.050087940333338264 1.1853077054295666 0.040107618122613806 1.819317457935583 0.06938232786181005 0.0011434248372642663 0.060042858053485415 0.6662508048340171 
4 0.05014832725261218 3.3259125915933594 0.0402174104791608 5.760134711029702 0.06939465375985769 0.7198984722084701 0.060076184829065946 1.8923016330152804 
3 0.05013023938463035 2.723729068340868 0.0401854488207994 4.650429513891962 0.06938983564521678 0.5149091057291477 0.06006532618457081 1.5334186430028485 
3 0.05013365983107001 2.8184259848197377 0.04019130873550771 4.809532241581579 0.06939064555670471 0.5983671951458559 0.06006734128506841 1.5916859027442272 
1 0.050094165404643044 1.4960851059760454 0.04011954227806336 2.410746938429393 0.06938278796910916 0.0017859555298721259 0.06004563493668595 0.8044122359158432 
1 0.05009418290585421 1.5397722988466884 0.0401190293365316 2.2893491215993804 0.0693827869545481 0.0017825608483967262 0.06004567306455999 0.8048421037037439 
3 0.050135124475793255 2.924934017695231 0.04019443710821336 4.975737391928524 0.06939102339718903 0.6109945627541651 0.06006827128388451 1.5793989029307909 
4 0.050151120052049504 3.412790411157186 0.04022226846365712 5.91543062084642 0.06939540348503372 0.7417852048459244 0.06007780584566641 1.836167916628898 
4 0.05015327843735064 3.487156108116544 0.040226228740521335 6.044732592695661 0.06939604017629716 0.7602733108616333 0.06007911306606687 1.9899737488754035 
4 0.05015280455830388 3.4731702824583666 0.040225458836264334 6.020299164651057 0.06939591722377905 0.7565361427030087 0.06007889726515438 1.981451130728292 
2 0.05011267536540594 2.1161530581609815 0.04015302939602573 3.310104077192757 0.06938567631666015 0.2390720434835683 0.06005496681629317 1.1629619509864144 
1 0.050089206654911844 1.2514526409464208 0.04010998256583613 1.8885046528619072 0.06938241995524123 0.0013402301386266848 0.06004339193883244 0.6940332926277897 
4 0.050151120052049504 3.412790411157186 0.04022226846365712 5.91543062084642 0.06939540348503372 0.7417852048459244 0.06007780584566641 1.836167916628898 
1 0.05009448363288872 1.4829790552606976 0.04012056039426275 2.2466484758907206 0.06938282922157528 0.0017616163610995432 0.06004575536816775 0.8102009622253382 
2 0.05011390105255242 2.253481271453366 0.04015470566629453 3.4905621373173887 0.06938602829374153 0.24651710806739752 0.0600560855537003 1.1242298230747338 
4 0.050152260237362925 3.4546599393579642 0.04022443076732403 5.985950832603281 0.06939572393956066 0.7513835802655058 0.06007853612970602 1.9696306774662795 
2 0.050113826187044005 2.2337125246889955 0.04015489276922503 3.4205989196320425 0.06938599979249686 0.24603914081606412 0.06005609169939311 1.1812373791601414 
3 0.050135565127696645 2.958904185669889 0.04019471275300289 5.016283515747107 0.06939109624739896 0.6147318966933731 0.060068488023152136 1.5881988584245395 
4 0.05015439309726664 3.4434648731999244 0.04022826611380242 6.108203715746475 0.06939637176580817 0.769352793857284 0.060079810793720476 2.012563213178889 
2 0.05011352531497715 2.2242387311428997 0.04015439167675263 3.489393618241087 0.06938595244936889 0.24485597855283414 0.06005593092795965 1.17652250002653 
3 0.05013251644388643 2.780345424318109 0.04018993365146619 4.491238112506354 0.06939037965142783 0.5601463453613874 0.06006667031060634 1.5223030701630833 
2 0.05011139449196854 2.144035168191322 0.0401510758018618 3.2200757333610652 0.06938543363991019 0.23396239701165894 0.060054239339171346 1.0538650732679122 
3 0.05012767513602281 2.63909931518918 0.04018049509602748 4.423730166985652 0.06938920834142069 0.4961717050848734 0.06006400275874416 1.432198424408503 
3 0.050134928196904814 2.9184019704901205 0.040193374418966935 4.980843059151948 0.06939095459101322 0.6091494562835608 0.06006813315760615 1.6167914619096568 
4 0.05015248767227398 3.460571065846655 0.04022482246913783 5.997917821449782 0.06939579783367722 0.7531024875475484 0.060078671760677285 1.9736134920993564 
4 0.05015259334065871 3.4648924015244136 0.04022501845530909 6.0026345966450805 0.06939583517157695 0.7540334439924996 0.06007874577654302 1.9760078798585106 
2 0.050107906636350306 2.0268163811645525 0.04014394941554609 3.182975556131347 0.06938478004629792 0.15954462819856313 0.06005236421309832 1.0753160413423284 
1 0.05008836861943611 1.2053478709578462 0.04010865813369848 1.907302572533699 0.06938240284272959 0.0011016451408906026 0.06004303325506897 0.676898581343999 
2 0.050110519353622804 2.1339035193919225 0.040149470496508036 3.410025920286526 0.06938527941938097 0.2306339634552801 0.06005380056257328 1.0162699106398396 
1 0.0500886126663039 1.202536764288213 0.040110102825072484 2.0189128361357787 0.06938238704055717 0.0011158969312503992 0.060043158998436055 0.6814591283270942 
2 0.05011016392086459 2.1038618251279884 0.040148681347709166 3.3247749243836373 0.06938520991996062 0.2291261224901675 0.060053574294122856 1.1185279711230784 
3 0.05013369963012645 2.819748278856001 0.04019041382263762 4.865289294357596 0.06939065380472147 0.5988884175423681 0.060067362839479374 1.5531970691698826 
1 0.050087061283381654 1.1977589754351619 0.040106378168784415 1.7525742657508716 0.06938231193749436 0.0011800770841738392 0.0600424571091008 0.647013821538631 
2 0.050108147999417076 2.034852039264481 0.04014433216721094 3.156207139133497 0.06938484014460626 0.1603659745008068 0.06005252015887812 1.0812442168391332 
3 0.05013294903026568 2.79478757523986 0.04018983571905762 4.865714473683992 0.0693904630698181 0.5636713275013765 0.06006689786490495 1.5776620581684757 
4 0.05015248767227398 3.460571065846655 0.04022482246913783 5.997917821449782 0.06939579783367722 0.7531024875475484 0.060078671760677285 1.9736134920993564 
2 0.050111008797140796 2.130353392083596 0.04014960974803761 3.294129443703561 0.06938535746173882 0.23243654609317507 0.060054115710131584 1.0967740680967726 
1 0.05009267494819736 1.399676531053046 0.04011675431981644 2.1244246370403004 0.06938263291299859 0.0018636611841542027 0.060044940243240676 0.7715794026225375 
2 0.05011238205983588 2.1757882777340942 0.040152088929162194 3.1702714625271486 0.06938561458366141 0.23775608624344008 0.060054690333236495 1.1591443213614316 
1 0.050092146243062644 1.4192236510938627 0.040116137307266764 1.9689394177539448 0.06938260563099959 0.0017849909395828898 0.06004469796389704 0.75921822641898 
3 0.050134256627290874 2.8382292265950406 0.040192192429307536 5.013264590332774 0.06939078031252235 0.6033467448381734 0.06006771025967631 1.556048582831584 
2 0.050108407618722185 1.997364549802186 0.04014514586918276 3.253034856964772 0.06938489104455552 0.16119472657726772 0.060052703193838285 0.9598969212014803 
4 0.050151256625547536 3.421052111560749 0.040222657506053354 5.927427716456359 0.0693954660005039 0.7435400644409433 0.0600779089426504 1.8397741178472966 
3 0.05013092502702106 2.746426689436916 0.040186342198415485 4.793002657084315 0.06938999654736713 0.5202374241354539 0.06006575833109727 1.4936425253379948 
2 0.05011326482411227 2.0949583627861657 0.040154190125186555 3.425515535876161 0.06938589285732007 0.24353617405998831 0.0600557575837809 1.1335398592644392 
1 0.050093157859458406 1.461399066833475 0.04011743473840498 2.112275595627851 0.06938268894129836 0.0018704805944304698 0.06004516222408289 0.7816657429047117 
3 0.050129043613369915 2.684592064729061 0.04018335035329029 4.615056823035727 0.06938955353809947 0.5061460829660508 0.06006470780261952 1.5112101782905056 
2 0.05011395353023316 2.167994631740738 0.04015563437322063 3.499539661117717 0.0693860444593039 0.2467998523419465 0.060056211768613275 1.1840542539996508 
4 0.05014832725261218 3.3259125915933594 0.0402174104791608 5.760134711029702 0.06939465375985769 0.7198984722084701 0.060076184829065946 1.8923016330152804 
3 0.05013485024471113 2.915748241227806 0.040193265460830296 4.880090689677384 0.06939092926726922 0.6085087750311076 0.060068083847749795 1.6148858903677035 
3 0.05013489032332334 2.9170590295923593 0.040193430272050475 4.973812822562882 0.06939094563699291 0.6088334730277124 0.06006815308176611 1.568166008816924 
3 0.05013413853717001 2.834256916870552 0.04019212457931162 4.745888056842946 0.06939075929957708 0.6027662815063859 0.060067612765488734 1.6010259523345565 
3 0.05013294903026568 2.79478757523986 0.04018983571905762 4.865714473683992 0.0693904630698181 0.5636713275013765 0.06006689786490495 1.5776620581684757 
3 0.05012921491848751 2.6893977517176184 0.040183258491771 4.644136512189673 0.06938959144668914 0.5075791448654834 0.0600648140965195 1.5132122191073527 
2 0.05010785222983677 2.0261938409053197 0.04014461065955847 3.214385988022245 0.06938479720613669 0.1592186780339625 0.06005238470027404 1.0117066564226445 
4 0.05015451300910027 3.523999766691724 0.040228315499186026 6.1115421353127335 0.0693963521485399 0.7694570067608224 0.06007982429749015 2.013605853199043 
3 0.05013413853717001 2.834256916870552 0.04019212457931162 4.745888056842946 0.06939075929957708 0.6027662815063859 0.060067612765488734 1.6010259523345565 
2 0.05010888027222562 2.0122250932952284 0.040146132644916885 3.2809142280468775 0.06938498001213127 0.18289532145290227 0.06005295770882191 0.9529137298969147 
1 0.05009317946270455 1.4719143785220807 0.04011709101806117 2.2656097705656064 0.06938268918672791 0.0018673508251402606 0.06004518967441395 0.7829348411035131 
4 0.05014907275878131 3.3497114885350987 0.0402187587043311 5.803660979446308 0.06939485227516953 0.7258086111200066 0.06007660581470196 1.9069878855547038 
2 0.05011191441836706 2.091374287896931 0.04015183739201997 3.511852678695648 0.06938553601526261 0.23601496798853255 0.060054313052258036 1.0324723666254123 
1 0.050090738991013725 1.4056050271579141 0.04011315585073213 2.0304259601124666 0.06938253434627747 0.0016077968967470736 0.060044105221219835 0.7293075110262264 
1 0.0500876570702818 1.198284244342001 0.040107001222801794 1.7092203375692478 0.06938234162144181 0.0011599645382039195 0.06004267776906134 0.6587775038477941 
2 0.05010875698793754 2.0086204432099577 0.04014616742356632 3.1270698709927194 0.06938495148675376 0.1824319380661768 0.06005289297411539 0.9503257353431017 
1 0.05009089394762115 1.3937551216294826 0.04011352580020263 2.0832111608331276 0.0693825394318929 0.0016271346716392032 0.06004416147882661 0.7327300559358354 
1 0.05009021902495275 1.3122073865420094 0.04011239650097771 1.9014376208517743 0.0693824809398039 0.0014859386525544174 0.060043879825416556 0.7166813355608479 
2 0.050113794687171406 2.215098723514714 0.04015468979061545 3.48268012108545 0.06938598828089895 0.24598560798516092 0.060056028626533295 1.122315393114232 
4 0.05014787275942687 3.305138339514638 0.04021645368050012 5.727862224402065 0.06939448885801769 0.7152441234959664 0.06007582389967027 1.8801217858489268 
3 0.05013516335299563 2.945592862705184 0.04019372721252146 4.991968968564376 0.06939100682069192 0.611300794376707 0.06006828118213943 1.6271877971104203 
1 0.0500878312218029 1.2147552915186295 0.040107225881533426 1.9857765220475667 0.06938234462583384 0.0011516758428635739 0.06004276263856877 0.6628847224791085 
4 0.05015012655642026 3.3843846879241752 0.04022059273662311 5.863240401121377 0.06939512861244806 0.7342368091332474 0.06007724226831296 1.8201633327733788 
1 0.05009143416296018 1.420998562905591 0.0401140567783443 2.1417845762873116 0.06938257769625404 0.001747316651537538 0.06004443600077425 0.7453043061675574 
4 0.050151789663057236 3.4386234702238925 0.04022359118387096 5.958161723139299 0.0693955833967664 0.7475408942924935 0.0600782274935858 1.9600440575842886 
3 0.05013157121346799 2.767126252305782 0.04018746050874007 4.781943061617442 0.06939013833091803 0.5245418022130706 0.06006600210964572 1.5497828287986783 
4 0.050153359626585146 3.491915818110298 0.04022645998619266 6.051541575963127 0.06939606542979068 0.7609855536537031 0.0600792161555704 1.992885447223569 
2 0.05011102746428177 2.0817724374878788 0.040149991860674195 3.443859435291004 0.06938536085810118 0.2326383896680791 0.06005411341787763 1.1363920286457252 
4 0.05015150768862862 3.4289387777529567 0.04022307345038277 5.942438063535236 0.0693955330670997 0.7453932773494607 0.06007807811283383 1.8994622871330276 
4 0.050150623496106904 3.3076457188363717 0.040221462034458616 5.890777568214558 0.06939525536442068 0.7379921817906037 0.06007754183987235 1.828887363275634 
4 0.05015162219087997 3.4334280252454823 0.04022329911148653 5.949774858209214 0.06939554203909466 0.7460402624351647 0.060078165131056724 1.9568388390662723 
3 0.05013342714447312 2.810624555361139 0.04019100314895814 4.884016698513726 0.06939058979089197 0.5965382065694343 0.060067190172061545 1.547035569584485 
4 0.050152016164837 3.4466716080218793 0.040224027974496875 5.9733999835088 0.0693956651410224 0.7495088389669169 0.06007839962054205 1.9648133777991774 
1 0.05008825308344269 1.225250898417275 0.040108679643833425 2.0157085378408732 0.06938236325013834 0.001107775351009617 0.06004301926226728 0.6751986575407781 
2 0.05011395353023316 2.167994631740738 0.04015563437322063 3.499539661117717 0.0693860444593039 0.2467998523419465 0.060056211768613275 1.1840542539996508 
3 0.05012892897020669 2.6799630632204954 0.040183405128059776 4.305652853090436 0.06938952987025407 0.5050974366254412 0.060064648900159855 1.4994160078479546 
3 0.050130446884429525 2.7305112228267885 0.04018586488474969 4.66869653541327 0.06938988830312354 0.5165050947784883 0.06006548628222187 1.5288215069835496 
4 0.05014820721111679 3.3219396325573918 0.04021718311483152 5.753488048812902 0.06939462122038256 0.7189209344279086 0.060076112366070744 1.8901502226869926 
4 0.05014793141379777 3.3127026959667227 0.04021671208514929 5.63092086742014 0.06939454161976955 0.7166802133316603 0.060075914867624106 1.8833344138111763 
2 0.050108633425896276 2.0518966251146065 0.040145228368739475 3.0124914404796153 0.06938492276519 0.16164476932054042 0.06005278546518896 0.9487326100609531 
3 0.050128691629714416 2.671997577882846 0.040182332110417586 4.6943603102157825 0.06938946423334316 0.503239677865098 0.06006452498107967 1.450120139500212 
1 0.0500876570702818 1.198284244342001 0.040107001222801794 1.7092203375692478 0.06938234162144181 0.0011599645382039195 0.06004267776906134 0.6587775038477941 
3 0.05013092502702106 2.746426689436916 0.040186342198415485 4.793002657084315 0.06938999654736713 0.5202374241354539 0.06006575833109727 1.4936425253379948 
4 0.0501502139666366 3.3869377874017346 0.040220747594594805 5.866652081732125 0.06939516975256603 0.7349526491859517 0.060077319607909165 1.8756218542607488 
1 0.05009306271018245 1.4670325008151008 0.04011694836764403 2.161550566163308 0.06938268056590229 0.0018755076729967755 0.0600451539314575 0.7811729382120871 
2 0.050114784413559835 2.1962127461648056 0.04015692534619501 3.5569197912281454 0.06938622857036073 0.2504845166235954 0.060056733937948206 1.1225828665050979 
4 0.050154472138155784 3.5274121831255947 0.0402284359856499 6.117145941227697 0.06939638321576909 0.7700466411417617 0.060079826984108575 2.014214842650694 
1 0.05009243675375223 1.5081282181022666 0.04011652019097247 2.0858647112540636 0.06938263885661246 0.0018728568020283348 0.06004488050266428 0.7672388223506793 
1 0.050094165404643044 1.4960851059760454 0.04011954227806336 2.410746938429393 0.06938278796910916 0.0017859555298721259 0.06004563493668595 0.8044122359158432 
4 0.05015379778103003 3.5068380181223717 0.04022724623238583 6.079279813662022 0.06939617919348272 0.7645245703858896 0.06007947316379193 2.0017262687421247 
4 0.050155415195565614 3.5578423563791413 0.04023009015804152 6.16655029030561 0.06939663861418499 0.7773320668674562 0.06008041309375058 2.0331432082206353 
3 0.05012851986479222 2.667195070954368 0.0401819009151666 4.6096524020666845 0.06938943116477957 0.5026151419074457 0.06006445400296686 1.4483148896607463 
2 0.05011279870265708 2.120034283558774 0.04015342253392508 3.3372550827991914 0.0693856949410726 0.23949341773615157 0.06005499953907985 1.1663539670016145 
4 0.05015451300910027 3.523999766691724 0.040228315499186026 6.1115421353127335 0.0693963521485399 0.7694570067608224 0.06007982429749015 2.013605853199043 
3 0.050131375704193085 2.7605367307605175 0.04018740726268434 4.44035046772344 0.06939009250932114 0.5229090868232287 0.060065880190620626 1.5007337560967833 
3 0.050132716042623204 2.805342747373074 0.040189450363788785 4.84027781528387 0.06939039991753855 0.5617321168094562 0.060066801175293894 1.5721862908074542 
2 0.05011340793826924 2.2029045455497753 0.04015466854581711 3.6376547500673007 0.06938592772469235 0.24423611915663349 0.060055788149103805 1.1547347244160968 
4 0.050148903212124916 3.34472375615803 0.0402184488381163 5.79463859415773 0.0693947944149177 0.7243100538198881 0.06007651330621688 1.9026579222035633 
1 0.050090738991013725 1.4056050271579141 0.04011315585073213 2.0304259601124666 0.06938253434627747 0.0016077968967470736 0.060044105221219835 0.7293075110262264 
1 0.05009151341833455 1.440989271292682 0.04011542402838954 2.1160889634372775 0.0693825863244678 0.001741954132352351 0.06004441993523572 0.7450754491163707 
1 0.05008930161115065 1.3357122501649887 0.04011073204912071 2.0613450214344646 0.06938242400596192 0.0013258409394836439 0.06004350654566164 0.6977610635079075 
2 0.05011444212968989 2.1826271747475046 0.04015611411727382 3.527477442416258 0.06938614880633881 0.2488077921439064 0.06005651158967534 1.1923754717643495 
1 0.050092146243062644 1.4192236510938627 0.040116137307266764 1.9689394177539448 0.06938260563099959 0.0017849909395828898 0.06004469796389704 0.75921822641898 
3 0.05012964258778111 2.7038462901127644 0.040184393470600537 4.666661356718931 0.0693896959618607 0.5106105688892901 0.060065042617318286 1.513629651858034 
4 0.05015023961489312 3.387991835444402 0.040220847940624874 5.8705231989650555 0.06939517687211397 0.7352178196515277 0.060077340706975714 1.8757148483693478 
4 0.05015170651573474 3.4359980700687123 0.040223433379228284 5.954945742050587 0.06939556333924723 0.7468365048326945 0.06007819737907163 1.9583472151964696 
1 0.05009103822485074 1.4131041230284338 0.04011374902524123 2.1061810237080723 0.06938253033861458 0.0017224521575919232 0.06004424976410546 0.7355430418116397 
2 0.050115346602150425 2.2188988470607733 0.040158432435987754 3.5395623446615625 0.06938635371194672 0.2527269212128821 0.06005696035113521 1.1847481208578743 
3 0.05012952287182907 2.6998433766934684 0.04018370924875077 4.66443784721718 0.06938966026464322 0.5095109977493596 0.060064989510204427 1.4669500255402084 
2 0.05011020338320501 2.0868082774679486 0.040148181089692106 3.4025291231203396 0.06938521621116056 0.22940003848270724 0.06005354923773809 1.0521731592245036 
1 0.0500876570702818 1.198284244342001 0.040107001222801794 1.7092203375692478 0.06938234162144181 0.0011599645382039195 0.06004267776906134 0.6587775038477941 
4 0.050152518203502895 3.381925346069012 0.04022490537770919 5.998480519444277 0.06939580540888335 0.7534400753031019 0.060078680389208196 1.974342107236307 
4 0.05014898496320365 3.346970555890529 0.04021859230208345 5.799247979170088 0.06939482579069299 0.725034011197946 0.06007658753923639 1.8526049717359077 
2 0.050110741315808324 2.122112826067738 0.04014961165308181 3.2366614490984285 0.06938531503322912 0.2315122104293636 0.0600539294649096 1.055569869123938 
2 0.05011519211913649 2.2138943694111495 0.04015825879999683 3.607248215850909 0.06938632596919223 0.2523340212305419 0.06005703159024014 1.166953309885011 
2 0.05011065424283702 2.119041558360963 0.04014935980460959 3.2320126325231016 0.06938530870432826 0.2312151005737685 0.06005378246908477 1.0062709430892833 
4 0.05014860383884503 3.33554799084857 0.040217939018967856 5.777347971194429 0.06939470668496601 0.7218829215541998 0.06007637007051575 1.8990376897744798 
1 0.05009117120162254 1.357069831988656 0.040113482479763284 2.1957874752249844 0.06938253920229197 0.0017405729753766838 0.06004429932152512 0.7387049556956348 
1 0.05009190350300872 1.4126936242311459 0.04011523620703659 2.269760933083375 0.06938260124012763 0.001805748078182557 0.06004464877473152 0.7551786762875319 
4 0.050148121621158025 3.319453083370793 0.04021705444700825 5.750909424637355 0.06939458945462837 0.7182352114663346 0.06007604320757345 1.888656421830887 
2 0.050110448779438696 2.0628392102048827 0.04014924724353281 3.4051521039767723 0.06938526682717558 0.2302980065075956 0.06005373592132074 1.12333849576904 
4 0.050154199801926494 3.518133587085912 0.04022788651099431 5.972206727461009 0.06939630527591344 0.767575879870809 0.0600797099117565 2.008651984255269 
3 0.0501289689198244 2.681310437973232 0.04018294176337067 4.676330246604325 0.0693895274495617 0.505460502378282 0.06006469872629845 1.4996144543020589 
2 0.05011411781875508 2.173214307243831 0.04015610803626779 3.477617184107738 0.06938608045721908 0.24759124397294272 0.060056326474433874 1.1867955823583813 
3 0.05012977080317312 2.707988240300459 0.04018462389733581 4.62935324406642 0.06938971824891489 0.5110526582207547 0.06006504228501537 1.4793528131837312 
3 0.050132909110862836 2.793465582979048 0.040189876305099854 4.900404167631318 0.06939046958798313 0.5636504214960202 0.060066905772987234 1.5370907649051384 
1 0.05009004397327667 1.3417546714405126 0.04011211795836238 1.9685276803659746 0.06938246455960811 0.0015038884905239204 0.060043781701156804 0.7126641549285206 
2 0.05011501778338044 2.2739347218384696 0.04015750699545482 3.7595588739173125 0.06938628048818798 0.25142236995162576 0.060056801329626895 1.1801447605078574 
1 0.05008960558657123 1.3768784697268999 0.04011139477811036 1.9385987141586305 0.06938244158574391 0.001332549296529415 0.06004361800309941 0.704662286858416 
4 0.05015016253954933 3.385356959021057 0.040220698877851346 5.864418326456543 0.0693951602651883 0.7345963216943401 0.06007731307406836 1.929514945749914 
1 0.050089722678043756 1.301537692166145 0.04011106343879411 2.0135647079055174 0.06938249369509512 0.0013255750992286629 0.060043637468365677 0.7061514191807359 
4 0.05015291430275287 3.4774779404925935 0.04022566540207987 6.027957705108451 0.06939594065145312 0.7573564098619057 0.06007897037704788 1.9841786899924376 
4 0.05015356334942571 3.498575340729926 0.04022681454510265 6.062632979928158 0.0693961399805629 0.7627906930013101 0.06007934414996703 1.9966529156861363 
3 0.050131017792776046 2.7486559018925627 0.04018658924371664 4.711025771156854 0.06939000158904698 0.52038708469113 0.0600657201500586 1.5465267590304141 
2 0.05011522637970837 2.2817552879512024 0.04015765589354799 3.6282721022330535 0.06938632130704474 0.2524476802545312 0.06005700555720102 1.168048306556312 
2 0.05011326482411227 2.0949583627861657 0.040154190125186555 3.425515535876161 0.06938589285732007 0.24353617405998831 0.0600557575837809 1.1335398592644392 
4 0.05015084799927383 3.408092126751363 0.040221804600484225 5.869296816553655 0.0693953288505745 0.7398458785112249 0.06007770498152983 1.8331206970905582 
3 0.050128888748796806 2.678625288240241 0.04018292144297421 4.624733595511903 0.06938951187483704 0.5048104804627694 0.060064652322341004 1.4990745064957356 
4 0.05014925992187756 3.3565396277056956 0.040219093031503915 5.814029737607273 0.06939490532026224 0.7273274332884521 0.06007675898148657 1.9112354992617113 
2 0.05011016392086459 2.1038618251279884 0.040148681347709166 3.3247749243836373 0.06938520991996062 0.2291261224901675 0.060053574294122856 1.1185279711230784 
3 0.05012984995344142 2.710626425391619 0.0401847850233568 4.682109389912291 0.0693897335083532 0.511759721161926 0.06006508924018198 1.5250594984074242 
4 0.05015069296365565 3.4023930038236414 0.040221720674391684 5.8938974549346685 0.06939529324267033 0.7387110288701603 0.060077589457824335 1.8842500234800084 
4 0.05015405795574361 3.5144826215190124 0.04022771331492951 6.092583879770797 0.06939626595972077 0.7666001346840378 0.060079624594814474 2.0064529277728753 
4 0.05014999408850897 3.3802638720756497 0.04022040024194782 5.855580150887688 0.0693950900500502 0.7331054705534594 0.06007718960618559 1.8726040921991154 
4 0.050151370461360124 3.4252353444638324 0.040222860974764366 5.934072676235688 0.06939551036062128 0.7445984986575737 0.06007797997174917 1.8970995095592122 
2 0.050113701881145535 2.1602018921018598 0.040155486811187815 3.4419126555999853 0.06938599898980316 0.24550531033621575 0.06005603466496329 1.1786967134842672 
1 0.05008970845344468 1.3543355850484973 0.04011155956009986 2.1354202467121395 0.06938245383350446 0.0013214995393307722 0.06004367666069736 0.7072399296135681 
3 0.05012804859493177 2.6513354615908753 0.040181888452214334 4.262780410000849 0.06938932247853691 0.49879011450716454 0.060064161442661544 1.491219345571037 
4 0.05015519943892478 3.5515371340457014 0.040229732642796466 6.031787443055731 0.0693965847121174 0.7759072716019219 0.06008025526624844 2.028651228935857 
3 0.05012877188479572 2.6746799892550976 0.040182867134700026 4.405666977947915 0.0693894880272731 0.5037825831198964 0.060064518589850735 1.5045240789307404 
2 0.0501081787729436 1.9890826675158202 0.04014492876310523 3.34176021948103 0.06938485723059003 0.16052633291483404 0.06005248948265048 1.082003617298518 
3 0.05012829544854268 2.658781102454158 0.04018153381211252 4.592962247735594 0.06938936752364241 0.500412133390175 0.06006433214038417 1.4866790228015565 
2 0.05011131734371756 2.14088123767378 0.04015060934371774 3.1901055317929927 0.06938541374388035 0.2336851116204238 0.060054282321030925 1.0674224341119474 
2 0.0501081787729436 1.9890826675158202 0.04014492876310523 3.34176021948103 0.06938485723059003 0.16052633291483404 0.06005248948265048 1.082003617298518 
1 0.05009289301387933 1.4761779053229962 0.04011664353452628 2.279625239967948 0.06938267597770251 0.001864740042492394 0.06004504755267977 0.7766536042508837 
2 0.05010735551725591 1.9915770236056427 0.04014307743813348 3.0057249884051984 0.06938469568563285 0.1578920693404488 0.060052051203435354 1.0673377416834184 
2 0.050113490806852165 2.2052314478527117 0.0401548857744336 3.475149765193229 0.06938595000397596 0.24465869897010517 0.06005589011777276 1.1761513826824097 
3 0.05013310871839326 2.818440922732353 0.040190144825942464 4.828278792099814 0.06939050483618196 0.5649321186792713 0.06006700246187906 1.5870811626776986 
4 0.050149719383650884 3.292646626690749 0.04021989414055264 5.83874299471713 0.06939504722791048 0.7310871738035877 0.06007699646525202 1.9186453598412694 
1 0.05008976558731153 1.3328853017313431 0.04011203660669431 2.0891825950983347 0.06938245071629282 0.0013204001139550399 0.06004369106305516 0.7078400940617626 
3 0.050130407570776005 2.7291870111891257 0.04018569287203766 4.703718346768159 0.069389875077372 0.5161905596623015 0.060065477841499036 1.5280855020623563 
1 0.05008930161115065 1.3357122501649887 0.04011073204912071 2.0613450214344646 0.06938242400596192 0.0013258409394836439 0.06004350654566164 0.6977610635079075 
2 0.050108407618722185 1.997364549802186 0.04014514586918276 3.253034856964772 0.06938489104455552 0.16119472657726772 0.060052703193838285 0.9598969212014803 
1 0.05009437167629792 1.479962801750115 0.04011891693680203 2.320225040278165 0.06938279891385736 0.0017726886421568714 0.06004572330616727 0.8081153688121878 
2 0.05010836759923283 2.025687910497085 0.04014525858481839 3.285248763303727 0.06938488685209085 0.16079305751136247 0.06005268207563428 1.0865537300794859 
1 0.050092549225929886 1.4835964585225863 0.04011568311121 2.2241199476069666 0.06938263124423455 0.0018561032383199283 0.06004489880573248 0.768106835694948 
4 0.05014958544792494 3.366936793639468 0.04021968159932255 5.832318139667992 0.06939499781659651 0.7299488952415388 0.06007693117626025 1.9164550879966853 
2 0.05011491200494829 2.2383210451249793 0.04015756980917968 3.5399183981696942 0.06938624420827474 0.2510673628937976 0.06005672802623167 1.178195503652007 
2 0.050110741315808324 2.122112826067738 0.04014961165308181 3.2366614490984285 0.06938531503322912 0.2315122104293636 0.0600539294649096 1.055569869123938 
4 0.050155041760065425 3.5460299142217053 0.040229543886539584 6.1436861255203326 0.06939653781523526 0.7745562897516802 0.06008016181621958 2.0254504816336363 
1 0.05008857921023343 1.2108947749766679 0.040109089634036976 1.8715201896958895 0.0693823807682555 0.0010918789104668375 0.06004309885884512 0.6792292760872198 
1 0.05009160047012985 1.4248245564947788 0.04011501617592962 2.295140266475909 0.06938258236280703 0.0017389474664692428 0.060044435711560595 0.746648698437733 
4 0.05015150768862862 3.4289387777529567 0.04022307345038277 5.942438063535236 0.0693955330670997 0.7453932773494607 0.06007807811283383 1.8994622871330276 
1 0.05009286355458339 1.38244209681576 0.040116688071803686 2.260161003229616 0.06938265582980414 0.0018585926150444295 0.06004503359501564 0.775480441601266 
2 0.05010739642629748 2.010399759882645 0.04014361502545129 3.046217388417451 0.06938470828029183 0.15777791511121902 0.060052101347594665 1.0836164549444276 
4 0.050150926785112 3.410609732866528 0.040222068700717754 5.908538389633544 0.06939536015415196 0.740684620302606 0.0600777354893585 1.8888405999723155 
4 0.05015016253954933 3.385356959021057 0.040220698877851346 5.864418326456543 0.0693951602651883 0.7345963216943401 0.06007731307406836 1.929514945749914 
3 0.05013243672653596 2.777696678768033 0.04018810077479924 4.742805320980485 0.06939033519099667 0.5593577069330857 0.060066602710158 1.5214327863287989 
3 0.05013092502702106 2.746426689436916 0.040186342198415485 4.793002657084315 0.06938999654736713 0.5202374241354539 0.06006575833109727 1.4936425253379948 
4 0.05014828708311571 3.324589233009024 0.040217350066793466 5.758189716117884 0.06939463914605679 0.7195019387601341 0.06007614834144186 1.8907368271835305 
3 0.05012778782474627 2.643027598774128 0.040180549950385516 4.410769137756224 0.06938925448270078 0.4973375586198581 0.060064052757592044 1.4869016763349692 
4 0.05015291430275287 3.4774779404925935 0.04022566540207987 6.027957705108451 0.06939594065145312 0.7573564098619057 0.06007897037704788 1.9841786899924376 
2 0.05010801386925664 1.9838522777651568 0.04014452813830239 3.203991028493219 0.06938481325437247 0.1599482902832862 0.060052475911162494 1.0791848433606437 
4 0.050148479578345374 3.331502914972716 0.04021770163153846 5.770767166009259 0.06939467682734377 0.7212061542786229 0.06007625189517157 1.8433673357309452 
1 0.05008875695379511 1.2715480394211067 0.04010901960531556 1.9473272356674527 0.06938238550155415 0.0012558372028922198 0.06004322074650583 0.6853910501976548 
4 0.05015316193820155 3.4855650583119613 0.04022609369020222 6.03991817007257 0.06939602817648219 0.7596664322274467 0.06007908152825532 1.9883621011201833 
3 0.050128416795576114 2.66276214028048 0.04018222552955786 4.425973879558344 0.06938940145463876 0.5011892284877068 0.060064364107959414 1.500706655718838 
3 0.05013397874495288 2.8290007622695836 0.040191689561251034 4.877138389530457 0.0693907252308715 0.6011739775126179 0.06006755181436631 1.5512605401229393 
3 0.05012884825392459 2.6772924397634905 0.04018299396462292 4.442822495899144 0.06938949960332437 0.5044010781363208 0.060064589376958424 1.4539580948868789 
4 0.05015121603850471 3.419742731389001 0.04022257026380942 5.92469219317899 0.06939546458189969 0.7433173281179006 0.060077879426120716 1.893887717530196 
3 0.05012940304858573 2.6958757218100686 0.040183905761441416 4.6520497101899725 0.0693896326484423 0.508508809666045 0.06006490825729756 1.5081175523152983 
3 0.05012759524071325 2.636452932090684 0.040179913636551955 4.4433328635865355 0.06938920237476752 0.49585307209063706 0.060063955623187046 1.4752523302032512 
1 0.050090762481462305 1.3714448448045016 0.040113551826654034 2.012480760758701 0.06938253273896393 0.0016048893501646882 0.06004413592147848 0.7299708936231293 
4 0.05014929466992394 3.357801594695785 0.04021914557955486 5.817624619313943 0.06939493010077824 0.7278076223050658 0.06007675268951675 1.9104725728122418 
1 0.05008809397276165 1.2434864441043265 0.040108175833713844 1.9423058714425743 0.06938235072153226 0.0011291689664579784 0.06004293463984552 0.6695652583114298 
1 0.05008823726009154 1.2347258197410869 0.04010884541251562 1.9234622318340986 0.06938234218245797 0.0011113431338639714 0.060043004391313645 0.6732968587874971 
3 0.05013413853717001 2.834256916870552 0.04019212457931162 4.745888056842946 0.06939075929957708 0.6027662815063859 0.060067612765488734 1.6010259523345565 
4 0.05015023961489312 3.387991835444402 0.040220847940624874 5.8705231989650555 0.06939517687211397 0.7352178196515277 0.060077340706975714 1.8757148483693478 
2 0.05011008467145719 2.100622950797555 0.04014863045698215 3.22968849148956 0.06938520105171861 0.22888585882756374 0.060053520646368416 1.1176662516983664 
3 0.05013413853717001 2.834256916870552 0.04019212457931162 4.745888056842946 0.06939075929957708 0.6027662815063859 0.060067612765488734 1.6010259523345565 
2 0.05011238205983588 2.1757882777340942 0.040152088929162194 3.1702714625271486 0.06938561458366141 0.23775608624344008 0.060054690333236495 1.1591443213614316 
4 0.050149964400974176 3.3788273109525173 0.040220378681720195 5.855539476219695 0.0693950967885901 0.7330160976055142 0.06007712551221015 1.923499995392028 
3 0.050132876491478795 2.810669740728637 0.04019006575177704 4.820758325004083 0.06939045869843448 0.5630821305247056 0.06006687536126991 1.529212367314544 
4 0.050152318761961814 3.4552702363487753 0.040224552452412785 5.98679070103032 0.06939578196411696 0.7521995172870553 0.060078540327722973 1.915006044367923 
2 0.05010828994876195 2.0408197214229316 0.040144997577599456 3.2831117757647568 0.06938485930724263 0.16082197689647515 0.060052588009075814 1.0160538294480583 
3 0.05013235698461478 2.7750585794577405 0.040188792437210824 4.825780121590706 0.06939032961167502 0.5590741049088269 0.06006654154765062 1.5652404354687928 
4 0.05014868701715301 3.338227567974516 0.040218095498951355 5.782605832697936 0.06939473968622312 0.7228684885530798 0.060076350007653004 1.898756138413616 
1 0.05009181881329321 1.4350478518456034 0.04011565561099667 2.0508083170977374 0.06938261332042792 0.0018183288550079491 0.06004461065133702 0.7531881974344161 
2 0.05011411781875508 2.173214307243831 0.04015610803626779 3.477617184107738 0.06938608045721908 0.24759124397294272 0.060056326474433874 1.1867955823583813 
3 0.05013259623128545 2.7829815104943565 0.04018913931048455 4.562680711572428 0.06939038249944937 0.5605405068896442 0.060066716379553506 1.5700828292372946 
2 0.05011395353023316 2.167994631740738 0.04015563437322063 3.499539661117717 0.0693860444593039 0.2467998523419465 0.060056211768613275 1.1840542539996508 
2 0.05011065424283702 2.119041558360963 0.04014935980460959 3.2320126325231016 0.06938530870432826 0.2312151005737685 0.06005378246908477 1.0062709430892833 
3 0.050132876491478795 2.810669740728637 0.04019006575177704 4.820758325004083 0.06939045869843448 0.5630821305247056 0.06006687536126991 1.529212367314544 
3 0.050128623510707127 2.6695551349026316 0.04018293946724844 4.339173738173454 0.06938944080135086 0.502502574412186 0.060064432092311784 1.4932075009719785 
3 0.050130328538192236 2.7265427299273406 0.04018551298579927 4.384547817589373 0.06938985700656627 0.5156461899176243 0.060065386438674075 1.4895208565985574 
2 0.05011444212968989 2.1826271747475046 0.04015611411727382 3.527477442416258 0.06938614880633881 0.2488077921439064 0.06005651158967534 1.1923754717643495 
2 0.050112638107222204 2.1152432507700913 0.04015297798978832 3.2902530356826225 0.0693856591179542 0.2387198752797493 0.06005488780540293 1.163291091771231 
3 0.050128479540204385 2.6658708263030837 0.040181740728277716 4.606805842810748 0.06938941495304096 0.5020188686800121 0.06006439366992681 1.4560613206493607 
2 0.05011454973462701 2.20362233428853 0.04015637529995557 3.4930616861075534 0.06938617408903486 0.24953738055663477 0.06005667073947778 1.1559619608754388 
1 0.050093874647438884 1.450439661970701 0.0401185231521588 2.308620220709848 0.06938275482841119 0.0018100576293458488 0.06004552207103936 0.7986427830900977 
1 0.05009447175585854 1.5147847905495841 0.04011980180309231 2.2748377895116563 0.06938281419419615 0.0017661493083850558 0.060045774364663206 0.8097211961423515 
4 0.050154960007588 3.543427503742298 0.04022917819195702 6.144621112101598 0.06939649806428444 0.7736280790082336 0.060080139303071364 2.0240371646457964 
1 0.05008904368757335 1.2902129995024798 0.04011068268705236 1.9391230290298709 0.06938242068855249 0.0013128583723080066 0.060043360130925996 0.6914854322869615 
2 0.050109655664820466 2.03717832277767 0.040147544842605444 3.247896996045653 0.06938512004638289 0.22703981008149174 0.060053318186163364 0.9662908508336802 
3 0.050134570901589806 2.8679105542373087 0.0401928424742269 4.956069534543431 0.06939086325119007 0.6061357484628868 0.06006791567629623 1.609845975579375 
4 0.05015040730208033 3.3933250121435634 0.04022112803989969 5.877994035787898 0.06939522811708423 0.7365019107746574 0.0600774324081804 1.8248154510014731 
3 0.05013326790566035 2.8053148703938207 0.040190844429138964 4.695716514535337 0.06939055525574926 0.5662626065399217 0.060067096944117805 1.5438572631518934 
2 0.05010828994876195 2.0408197214229316 0.040144997577599456 3.2831117757647568 0.06938485930724263 0.16082197689647515 0.060052588009075814 1.0160538294480583 
3 0.05013385789465893 2.825044970081886 0.04019142344233043 4.916015139044964 0.06939069248887934 0.600558753249411 0.06006748069287271 1.5950136393368706 
1 0.05008953852320971 1.279276886652612 0.0401109215556385 2.116176911765313 0.06938242119105302 0.0013109342070371794 0.060043568170917015 0.701805582320012 
3 0.05012837614449953 2.6614277340333294 0.04018215885321762 4.389396248990215 0.06938939329022324 0.5011168421978958 0.060064351630177024 1.444561176385601 
4 0.05015320480357236 3.486459971164318 0.04022626476591039 6.041996285018797 0.06939601785222684 0.7595444075677156 0.06007913442335887 1.989782273053002 
3 0.05012759524071325 2.636452932090684 0.040179913636551955 4.4433328635865355 0.06938920237476752 0.49585307209063706 0.060063955623187046 1.4752523302032512 
4 0.05015012655642026 3.3843846879241752 0.04022059273662311 5.863240401121377 0.06939512861244806 0.7342368091332474 0.06007724226831296 1.8201633327733788 
3 0.05012884825392459 2.6772924397634905 0.04018299396462292 4.442822495899144 0.06938949960332437 0.5044010781363208 0.060064589376958424 1.4539580948868789 
3 0.05012984995344142 2.710626425391619 0.0401847850233568 4.682109389912291 0.0693897335083532 0.511759721161926 0.06006508924018198 1.5250594984074242 
4 0.05015327843735064 3.487156108116544 0.040226228740521335 6.044732592695661 0.06939604017629716 0.7602733108616333 0.06007911306606687 1.9899737488754035 
1 0.05009257380988706 1.434057580875658 0.04011601190648409 2.1067395132072178 0.06938264374719708 0.001855034998448777 0.06004491895951554 0.7694152802939259 
3 0.05013540303100798 2.953425435403747 0.040194168252973464 5.006019545366712 0.06939107311939612 0.6135694556331461 0.060068432634009725 1.6259333921658758 
2 0.050115118853538365 2.2655256771054293 0.04015800207184931 3.543269345373802 0.06938630304303033 0.2518018143628507 0.060056895427210454 1.181589136472331 
1 0.050093964651222976 1.4999208993054753 0.04011878808866051 2.2774385112920834 0.06938275402563207 0.0018041818193378508 0.06004556842507147 0.799601001038601 
2 0.05010801386925664 1.9838522777651568 0.04014452813830239 3.203991028493219 0.06938481325437247 0.1599482902832862 0.060052475911162494 1.0791848433606437 
3 0.05013496825900614 2.9198070526629065 0.04019341667577762 4.982764520885017 0.06939095235311776 0.6095388977175575 0.060068140702439 1.623304735106064 
1 0.05008866633188637 1.2242381613540672 0.04010889131642469 1.9330866413574512 0.06938239436327358 0.0011088865169285964 0.06004317817254763 0.6828617397114993 
3 0.05013409832465041 2.8329384790091283 0.04019262982758966 4.921891076673245 0.06939076001515002 0.6019216538676198 0.06006763456452515 1.600327519087908 
3 0.05012908351150584 2.6859279287778364 0.04018287334459443 4.5318090453735875 0.0693895601954394 0.5065622354813397 0.06006473029143233 1.5117621443835125 
3 0.050134570901589806 2.8679105542373087 0.0401928424742269 4.956069534543431 0.06939086325119007 0.6061357484628868 0.06006791567629623 1.609845975579375 
2 0.05011390105255242 2.253481271453366 0.04015470566629453 3.4905621373173887 0.06938602829374153 0.24651710806739752 0.0600560855537003 1.1242298230747338 
2 0.05010743401124109 1.9942596929412324 0.04014355865680422 3.052452536249467 0.0693847236461437 0.15793603414030552 0.06005209475190852 1.0908350842718728 
3 0.050130446884429525 2.7305112228267885 0.04018586488474969 4.66869653541327 0.06938988830312354 0.5165050947784883 0.06006548628222187 1.5288215069835496 
3 0.050135124475793255 2.924934017695231 0.04019443710821336 4.975737391928524 0.06939102339718903 0.6109945627541651 0.06006827128388451 1.5793989029307909 
2 0.050111154610727536 2.085284391667347 0.04015023963662799 3.2578511205682927 0.0693853911726617 0.23309982807497925 0.06005417174594925 1.0633149685304357 
2 0.05010731232696599 2.0079084758073753 0.040143525636771586 3.047795483657646 0.06938471392148751 0.15760251999841396 0.060052112152292426 1.0511648778977618 
3 0.05013369963012645 2.819748278856001 0.04019041382263762 4.865289294357596 0.06939065380472147 0.5988884175423681 0.060067362839479374 1.5531970691698826 
4 0.050150623496106904 3.3076457188363717 0.040221462034458616 5.890777568214558 0.06939525536442068 0.7379921817906037 0.06007754183987235 1.828887363275634 
3 0.0501304866364059 2.731833804856168 0.04018535029810123 4.7240550017453256 0.06938989307104468 0.5169961349354576 0.06006550124431083 1.5380737611200643 
2 0.05011267536540594 2.1161530581609815 0.04015302939602573 3.310104077192757 0.06938567631666015 0.2390720434835683 0.06005496681629317 1.1629619509864144 
3 0.05013369963012645 2.819748278856001 0.04019041382263762 4.865289294357596 0.06939065380472147 0.5988884175423681 0.060067362839479374 1.5531970691698826 
2 0.05010836759923283 2.025687910497085 0.04014525858481839 3.285248763303727 0.06938488685209085 0.16079305751136247 0.06005268207563428 1.0865537300794859 
1 0.050092423881893014 1.4011411742475155 0.04011614726631178 2.2230988091491897 0.06938263634587487 0.0018657471685920904 0.06004485840699314 0.7659572932366573 
4 0.05014820721111679 3.3219396325573918 0.04021718311483152 5.753488048812902 0.06939462122038256 0.7189209344279086 0.060076112366070744 1.8901502226869926 
4 0.05014975081999977 3.3723489630197263 0.04021998121482202 5.842209629707262 0.06939504255673665 0.7314869182592107 0.06007697902692773 1.9195117896749063 
4 0.050154352674589696 3.5234386658420385 0.040228232121506176 6.108036720113458 0.06939635467551554 0.7689312118186121 0.06007979505097029 2.012028734032296 
3 0.05013267534407602 2.7856284173507033 0.04018933136812074 4.705775146511395 0.06939040314858343 0.5613982974699873 0.06006675568170912 1.5715359019540003 
2 0.05010735551725591 1.9915770236056427 0.04014307743813348 3.0057249884051984 0.06938469568563285 0.1578920693404488 0.060052051203435354 1.0673377416834184 
3 0.05012925398259847 2.6907029301454153 0.0401840101454176 4.227061362348754 0.06938961071016618 0.5074212945611084 0.060064825261822864 1.4614102440810959 
4 0.050154714427974055 3.5352250756881105 0.04022885596609581 6.1270950506225415 0.0693964417380484 0.7717770071454276 0.060080000061503845 2.019297215793851 
4 0.05014824709651901 3.323255639728587 0.0402172639204445 5.638138624871461 0.06939460735849598 0.7190529577526178 0.06007611613768915 1.890014617476138 
3 0.05013227711182444 2.790780578774341 0.04018854333838725 4.820591881936818 0.06939029916717994 0.5582221656821227 0.06006654592502543 1.5687855257279395 
3 0.05013023938463035 2.723729068340868 0.0401854488207994 4.650429513891962 0.06938983564521678 0.5149091057291477 0.06006532618457081 1.5334186430028485 
2 0.050109961387443835 2.1140424521631487 0.04014825912924079 3.2319658720626676 0.06938517813367898 0.22834194121362522 0.06005350610587473 1.0071208565981364 
1 0.05009117120162254 1.357069831988656 0.040113482479763284 2.1957874752249844 0.06938253920229197 0.0017405729753766838 0.06004429932152512 0.7387049556956348 
4 0.050154352674589696 3.5234386658420385 0.040228232121506176 6.108036720113458 0.06939635467551554 0.7689312118186121 0.06007979505097029 2.012028734032296 
4 0.05015101758705972 3.413012246091509 0.04022221079304257 5.912518574985974 0.0693953941597786 0.7413878499067434 0.06007777736627677 1.8904549270245095 
1 0.05009075410185193 1.3285666154300657 0.04011303158289457 2.105347200154666 0.06938252708743214 0.001612804764995457 0.060044078762978036 0.7287065710036813 
3 0.050129731808338254 2.7066686350235623 0.04018433929419224 4.67131356754709 0.0693897104097292 0.5111494339433331 0.06006505744530882 1.5228685966246533 
2 0.05010929034158949 2.073601585306963 0.04014690682741137 3.3365968759121123 0.06938504648025987 0.22545650961534158 0.06005310191138831 1.1023706397584523 
4 0.05014767469611971 3.3050137827329893 0.040216280167570145 5.724157638499463 0.069394428459383 0.7141772800552761 0.06007578447592012 1.878914118391338 
2 0.050111767253729546 2.154712194631815 0.040151853471893637 3.2859247396738334 0.06938550607872002 0.2353596414643393 0.06005450230267151 1.1452911428202686 
4 0.05014912938499796 3.3527321681442595 0.040218856452372574 5.8085258455703395 0.06939488421360004 0.7264575889627791 0.06007667460527426 1.907629022473951 
4 0.05015040730208033 3.3933250121435634 0.04022112803989969 5.877994035787898 0.06939522811708423 0.7365019107746574 0.0600774324081804 1.8248154510014731 
1 0.05009306271018245 1.4670325008151008 0.04011694836764403 2.161550566163308 0.06938268056590229 0.0018755076729967755 0.0600451539314575 0.7811729382120871 
2 0.05011543329881124 2.226508719210817 0.040158514694661876 3.589699731279984 0.06938637399582756 0.25331585923317285 0.06005715329669701 1.1712410985717945 
1 0.05008951149633911 1.277813401540358 0.0401111290113413 1.9634022642311098 0.06938244674364545 0.0013146459419184854 0.060043515764402464 0.700533490716385 
4 0.050150436725791545 3.394769601138955 0.040221203073621245 5.882627323385912 0.06939522579475302 0.7367566493122156 0.06007744414756587 1.8795904547953968 
3 0.05013365983107001 2.8184259848197377 0.04019130873550771 4.809532241581579 0.06939064555670471 0.5983671951458559 0.06006734128506841 1.5916859027442272 
1 0.050091349851858244 1.3561314679764176 0.040114437869778405 2.081475069051918 0.06938256901307668 0.0017281067042762628 0.0600443602115451 0.7425551944816537 
1 0.05009112041341662 1.4015031645622533 0.040113533794181554 2.0720584872401075 0.06938256258233662 0.0017438491067750187 0.0600443040680315 0.7381979965759179 
1 0.05009200459320299 1.3785487329585282 0.0401148161939714 2.255302881001259 0.06938259473967619 0.0018000395230258876 0.06004465944617151 0.7567942600777263 
3 0.050130871906105434 2.74490870191662 0.04018653191951322 4.416684249679088 0.06938999305843677 0.5199727337087957 0.06006569559752366 1.5377367946497675 
1 0.050088778820787626 1.1928245620049727 0.04010971148292913 1.7908685484843616 0.06938240121102739 0.0013222551400661727 0.06004324432942898 0.6851846229404097 
3 0.05013079150503082 2.7422114276551683 0.04018679249192744 4.408807970646317 0.0693899702596748 0.518835531526985 0.06006560960746885 1.535850172096413 
3 0.05013267534407602 2.7856284173507033 0.04018933136812074 4.705775146511395 0.06939040314858343 0.5613982974699873 0.06006675568170912 1.5715359019540003 
2 0.05011203930635298 2.1449902350837875 0.040151958383066275 3.2601346638489916 0.0693855423972169 0.23620073347449058 0.06005454673993864 1.151433986602801 
4 0.05015066502641472 3.3089455902868954 0.04022153816317867 5.893189750323928 0.06939526649388816 0.7383170816033917 0.06007756907005028 1.8834034772827237 
1 0.05008815177610025 1.2099167534898174 0.04010876865632167 1.999111023047049 0.0693823674768097 0.0011182469770546685 0.06004294036778718 0.671153371381069 
1 0.050087416222260706 1.1634403989968707 0.04010712793567272 1.869733812160467 0.0693823243383597 0.0011467313805878423 0.060042644538601087 0.6560512672154034 
4 0.05015262941594242 3.466214515015312 0.04022512395469979 6.004490726958772 0.06939585164323417 0.7545263367593382 0.06007875988094759 1.976651868400682 
2 0.050111767253729546 2.154712194631815 0.040151853471893637 3.2859247396738334 0.06938550607872002 0.2353596414643393 0.06005450230267151 1.1452911428202686 
2 0.05010867922948352 2.004790570027862 0.04014560151150563 3.0437125280523234 0.06938492833170337 0.18206423881390915 0.06005274950730923 1.0790552321644709 
3 0.050127882366600915 2.645875102484227 0.040180932546068096 4.449449133099191 0.06938927481399583 0.4977255528624571 0.060064083292878725 1.4450040921453373 
2 0.050113794687171406 2.215098723514714 0.04015468979061545 3.48268012108545 0.06938598828089895 0.24598560798516092 0.060056028626533295 1.122315393114232 
4 0.05014868701715301 3.338227567974516 0.040218095498951355 5.782605832697936 0.06939473968622312 0.7228684885530798 0.060076350007653004 1.898756138413616 
4 0.050149350716551314 3.358668060991893 0.04021924456766453 5.82003616309398 0.06939494636289319 0.7282580455145601 0.06007675830469095 1.9113100362841515 
1 0.050089216579580466 1.262749147749356 0.04011041354922718 1.9955646792116504 0.0693824258361108 0.0013025241119075856 0.06004340622155768 0.6932306009001942 
2 0.05011238205983588 2.1757882777340942 0.040152088929162194 3.1702714625271486 0.06938561458366141 0.23775608624344008 0.060054690333236495 1.1591443213614316 
2 0.05011547148681318 2.2958236546185864 0.04015867994584451 3.736445665144352 0.06938638355625656 0.2535362474095729 0.06005717169358289 1.2094055030613409 
4 0.050154230323463514 3.51949906649435 0.04022799998487337 6.100353677532369 0.06939633339508784 0.7681455510629165 0.060079710454276715 2.0093407511068087 
1 0.0500876570702818 1.198284244342001 0.040107001222801794 1.7092203375692478 0.06938234162144181 0.0011599645382039195 0.06004267776906134 0.6587775038477941 
4 0.05015364509080027 3.5011717842306 0.04022697538002215 6.069311250679398 0.06939615110968603 0.7633125236309827 0.060079385794820014 1.9984651127514912 
1 0.050088946083348684 1.2430555527232456 0.04011066681025456 1.9676645164491429 0.06938239602066366 0.0013092441519126881 0.060043305563145785 0.6880778160249259 
2 0.05011467577906124 2.17321138559154 0.04015675627014083 3.5164885225125686 0.06938620788066927 0.2500437230928834 0.06005667904860623 1.1582093357627905 
2 0.050107816381759776 2.0239726443355335 0.04014447844224499 3.2483328650511516 0.06938477280536609 0.15911217628527344 0.06005238846366499 1.0772433428913026 
2 0.05011326482411227 2.0949583627861657 0.040154190125186555 3.425515535876161 0.06938589285732007 0.24353617405998831 0.0600557575837809 1.1335398592644392 
3 0.05013314835759023 2.8198110311830726 0.040190550127164146 4.830360518247706 0.06939051118120416 0.5653355958294111 0.06006704221998773 1.5807360676700384 
1 0.05009008953780002 1.3234345696704257 0.04011248803459234 2.0214028242155067 0.069382495361865 0.0014978473078056435 0.060043808467317016 0.7143772737672442 
2 0.05011260565404495 2.182623262465653 0.04015304809416198 3.322122946642753 0.06938565435523474 0.23871399718524117 0.06005492084146743 1.1632161444108327 
1 0.050088820416039036 1.2070773534290224 0.04010996622833342 1.9639733769688472 0.06938239062397566 0.0013690739495717716 0.06004323578804892 0.6860451837226836 
3 0.050129043613369915 2.684592064729061 0.04018335035329029 4.615056823035727 0.06938955353809947 0.5061460829660508 0.06006470780261952 1.5112101782905056 
2 0.05011060935481335 2.117805348009861 0.04014959321025937 3.21974216718064 0.06938529536222036 0.23099095657358823 0.06005373843170566 1.1121131795759611 
2 0.050107983655529556 2.048386163862308 0.0401444495210445 3.072627652490573 0.06938480926949868 0.15954540313884708 0.060052415364161615 1.0008996453131305 
4 0.05015150768862862 3.4289387777529567 0.04022307345038277 5.942438063535236 0.0693955330670997 0.7453932773494607 0.06007807811283383 1.8994622871330276 
2 0.05010958005592055 2.083126045978132 0.04014761688527266 3.354589573648126 0.06938510816627237 0.2267103672739247 0.06005325023264781 1.1077351732751408 
1 0.05008893830124972 1.2557316843865223 0.040110125008063345 2.020143197630839 0.06938242260160563 0.0013601449976607203 0.06004329299159813 0.6888485221908213 
4 0.05015198212401952 3.4450260362467957 0.040223969194018425 5.970235019712203 0.06939565326536368 0.7491865957812867 0.0600783795334041 1.9638560586090499 
2 0.050111154610727536 2.085284391667347 0.04015023963662799 3.2578511205682927 0.0693853911726617 0.23309982807497925 0.06005417174594925 1.0633149685304357 
4 0.05015405795574361 3.5144826215190124 0.04022771331492951 6.092583879770797 0.06939626595972077 0.7666001346840378 0.060079624594814474 2.0064529277728753 
2 0.05010970231252019 2.0875677108456636 0.04014736294470643 3.4134989572526186 0.06938510666926626 0.22712458732114377 0.06005322637933201 1.1098927185807423 
4 0.0501549209234257 3.4602746823636723 0.04022921497760465 6.139140817840963 0.0693964844945345 0.7734111276339036 0.0600801061402423 2.0234556133517456 
3 0.05013477015064447 2.893749946998494 0.04019312330928621 4.872178392110227 0.06939092512337697 0.6081340635353047 0.06006803453200249 1.6189674475215061 
4 0.05015405795574361 3.5144826215190124 0.04022771331492951 6.092583879770797 0.06939626595972077 0.7666001346840378 0.060079624594814474 2.0064529277728753 
4 0.050151120052049504 3.412790411157186 0.04022226846365712 5.91543062084642 0.06939540348503372 0.7417852048459244 0.06007780584566641 1.836167916628898 
1 0.05008810728556949 1.196950655347442 0.04010809304391921 1.8766716462581663 0.0693823268951205 0.0011242466203891847 0.06004294868249259 0.6707371938544814 
1 0.05009350444013042 1.4652864391956808 0.0401182860629446 2.456749289037318 0.06938271270419699 0.0018408211178004147 0.06004531511258383 0.7889619441585246 
4 0.05015389210093605 3.509400593191124 0.040227377068945566 6.081891093759419 0.06939619426338738 0.7650837292191934 0.06007952137053059 2.0031731335254648 
2 0.05010822985372183 2.0376021202659294 0.04014449820071831 3.2324432481637806 0.0693848499561226 0.1605554197966176 0.060052537272472575 1.082619653948536 
2 0.05010836759923283 2.025687910497085 0.04014525858481839 3.285248763303727 0.06938488685209085 0.16079305751136247 0.06005268207563428 1.0865537300794859 
4 0.050150926785112 3.410609732866528 0.040222068700717754 5.908538389633544 0.06939536015415196 0.740684620302606 0.0600777354893585 1.8888405999723155 
4 0.05015060327669629 3.3977713345560177 0.04022142085725597 5.8874623245211115 0.0693952721612163 0.7378219746864881 0.06007753270797089 1.8830626535388255 
2 0.050107653492509695 2.0191852197889744 0.04014362434974271 3.063888463128021 0.06938475503663058 0.1585445013024812 0.06005225034816071 1.0850389096795943 
4 0.0501540286970368 3.5129570286763383 0.04022768179263545 6.089665707986593 0.06939624177113515 0.7661839457105972 0.06007958926932679 2.005501878125534 
1 0.05009257380988706 1.434057580875658 0.04011601190648409 2.1067395132072178 0.06938264374719708 0.001855034998448777 0.06004491895951554 0.7694152802939259 
1 0.05008797675435801 1.2559427615936987 0.04010817033141786 1.9011405576614915 0.06938233388431332 0.0011064690135221627 0.06004290417185034 0.6684579911922066 
4 0.050151370461360124 3.4252353444638324 0.040222860974764366 5.934072676235688 0.06939551036062128 0.7445984986575737 0.06007797997174917 1.8970995095592122 
2 0.05011475693449867 2.1927411206276224 0.04015714705589487 3.5479458546046048 0.06938622377668915 0.2503869884201305 0.06005675341080008 1.1597043063171484 
4 0.05015280455830388 3.4731702824583666 0.040225458836264334 6.020299164651057 0.06939591722377905 0.7565361427030087 0.06007889726515438 1.981451130728292 
1 0.05009437167629792 1.479962801750115 0.04011891693680203 2.320225040278165 0.06938279891385736 0.0017726886421568714 0.06004572330616727 0.8081153688121878 
4 0.050155655684133625 3.56575217694285 0.04023051371115755 6.06567398774646 0.06939672371045054 0.7794639786811627 0.06008054820012472 2.037477056896332 
2 0.05011013006811127 2.052995607289451 0.04014824558138567 3.4209374696807933 0.06938519888382258 0.22894028247884673 0.060053497623965724 1.0705409192193467 
2 0.050114518083965345 2.1673711435300733 0.04015647909354052 3.4528831053044042 0.06938616255484438 0.24926222058598588 0.060056555301868465 1.1933468382758456 
1 0.050094473678419224 1.5339470334294663 0.040119859346093766 2.356977304081628 0.06938281662242483 0.0017570079243692826 0.0600458038750495 0.8106452912736742 
4 0.05015405795574361 3.5144826215190124 0.04022771331492951 6.092583879770797 0.06939626595972077 0.7666001346840378 0.060079624594814474 2.0064529277728753 
4 0.050154199801926494 3.518133587085912 0.04022788651099431 5.972206727461009 0.06939630527591344 0.767575879870809 0.0600797099117565 2.008651984255269 
3 0.050134256627290874 2.8382292265950406 0.040192192429307536 5.013264590332774 0.06939078031252235 0.6033467448381734 0.06006771025967631 1.556048582831584 
4 0.05015308485210732 3.482430869816116 0.04022596216664491 6.036262502822622 0.06939599006307574 0.7588922943228809 0.06007902923848936 1.986972843072433 
4 0.05015170651573474 3.4359980700687123 0.040223433379228284 5.954945742050587 0.06939556333924723 0.7468365048326945 0.06007819737907163 1.9583472151964696 
1 0.0500878312218029 1.2147552915186295 0.040107225881533426 1.9857765220475667 0.06938234462583384 0.0011516758428635739 0.06004276263856877 0.6628847224791085 
2 0.050107947406593724 2.0281400848835505 0.040144355501423944 3.2882171246175984 0.0693848058225589 0.15944484194610847 0.060052372370021034 1.08007666957426 
1 0.05009448363288872 1.4829790552606976 0.04012056039426275 2.2466484758907206 0.06938282922157528 0.0017616163610995432 0.06004575536816775 0.8102009622253382 
2 0.050107983655529556 2.048386163862308 0.0401444495210445 3.072627652490573 0.06938480926949868 0.15954540313884708 0.060052415364161615 1.0008996453131305 
4 0.05015312927902625 3.483842838878533 0.040226032985745785 6.038183105337365 0.06939598568056965 0.75891999313513 0.060079073868665255 1.9880781514493453 
1 0.05008873615127039 1.1723584117024326 0.04010960227130307 2.0155610155720574 0.06938239892032302 0.0012219621443394972 0.06004320074877915 0.6837164329126294 
2 0.05010739642629748 2.010399759882645 0.04014361502545129 3.046217388417451 0.06938470828029183 0.15777791511121902 0.060052101347594665 1.0836164549444276 
2 0.050112613696155564 2.125561733242666 0.04015359347380393 3.3821401384469305 0.06938577189829045 0.2410414587958743 0.06005538395162442 1.1609290715159155 
4 0.05014824709651901 3.323255639728587 0.0402172639204445 5.638138624871461 0.06939460735849598 0.7190529577526178 0.06007611613768915 1.890014617476138 
3 0.050130008533432815 2.715916611826114 0.04018499903088356 4.68940445885534 0.06938978538869832 0.5130248709100769 0.06006520911390362 1.483482719451808 
3 0.05013429120838307 2.8394393233915407 0.04019231811842361 4.919935497954322 0.06939079312700672 0.603564664686629 0.06006776009886007 1.6036995629331177 
3 0.050128215962096635 2.656109003918706 0.040181447540015715 4.456317428976335 0.0693893543958862 0.49986160368449806 0.06006428113458893 1.4969449284558312 
4 0.05015283562317187 3.4748181681761645 0.04022553822064569 6.023432100627824 0.06939593058237538 0.7569796214380815 0.06007889638673695 1.982273733925524 
3 0.050130683810607556 2.738451312282636 0.040186036466917915 4.40541928605567 0.06938993664464457 0.5181238716991988 0.06006561399554698 1.5331812635399278 
2 0.05011475693449867 2.1927411206276224 0.04015714705589487 3.5479458546046048 0.06938622377668915 0.2503869884201305 0.06005675341080008 1.1597043063171484 
3 0.050131765325858946 2.7736557435836255 0.04018789868011744 4.79285728628238 0.06939018227343517 0.5259741329947587 0.06006606502715174 1.5609712078036375 
3 0.0501304866364059 2.731833804856168 0.04018535029810123 4.7240550017453256 0.06938989307104468 0.5169961349354576 0.06006550124431083 1.5380737611200643 
3 0.05013314835759023 2.8198110311830726 0.040190550127164146 4.830360518247706 0.06939051118120416 0.5653355958294111 0.06006704221998773 1.5807360676700384 
2 0.050109961387443835 2.1140424521631487 0.04014825912924079 3.2319658720626676 0.06938517813367898 0.22834194121362522 0.06005350610587473 1.0071208565981364 
3 0.050131725699266584 2.7723272024636456 0.040187844835630045 4.463761538168738 0.0693901670602125 0.5256470259193227 0.060066091616918116 1.5076716804200738 
2 0.05011491200494829 2.2383210451249793 0.04015756980917968 3.5399183981696942 0.06938624420827474 0.2510673628937976 0.06005672802623167 1.178195503652007 
4 0.050154352674589696 3.5234386658420385 0.040228232121506176 6.108036720113458 0.06939635467551554 0.7689312118186121 0.06007979505097029 2.012028734032296 
3 0.05013461062844249 2.8692309709476604 0.04019326794964404 4.951734009753581 0.06939088458384336 0.6063829725091228 0.06006795191582896 1.61060902313977 
4 0.050148821483235864 3.341835041410789 0.04021831118586148 5.790010927788337 0.06939476342006737 0.7235590902241392 0.06007648331029506 1.849743845907092 
1 0.05009329046697625 1.5099681495952069 0.040118061275342745 2.262423614876268 0.06938270363398602 0.0018667730403415569 0.06004525872707509 0.7846520357084514 
3 0.05013548314116363 2.9562368577045883 0.04019459268399751 5.009376761585957 0.0693910937390103 0.6137976999607595 0.06006850873068712 1.627394548463947 
1 0.050088820416039036 1.2070773534290224 0.04010996622833342 1.9639733769688472 0.06938239062397566 0.0013690739495717716 0.06004323578804892 0.6860451837226836 
2 0.05011454973462701 2.20362233428853 0.04015637529995557 3.4930616861075534 0.06938617408903486 0.24953738055663477 0.06005667073947778 1.1559619608754388 
4 0.050155415195565614 3.5578423563791413 0.04023009015804152 6.16655029030561 0.06939663861418499 0.7773320668674562 0.06008041309375058 2.0331432082206353 
3 0.05013164626982697 2.769683595718361 0.040187892491918516 4.727174931630993 0.06939015359432876 0.525192770650355 0.06006604645792679 1.5059520837764349 
4 0.05015335774792151 3.4897759264521824 0.040226370787169466 6.051204009808837 0.06939603205635578 0.760516695161418 0.06007917817744159 1.992141150915471 
2 0.0501142168533385 2.175565784090194 0.04015549142214213 3.709418517496001 0.06938609469926738 0.24787747792583575 0.060056358928524164 1.1881468152293 
3 0.05012829544854268 2.658781102454158 0.04018153381211252 4.592962247735594 0.06938936752364241 0.500412133390175 0.06006433214038417 1.4866790228015565 
1 0.05009181881329321 1.4350478518456034 0.04011565561099667 2.0508083170977374 0.06938261332042792 0.0018183288550079491 0.06004461065133702 0.7531881974344161 
1 0.050087728697994695 1.219380725779541 0.04010729232662216 1.8633493072170553 0.06938234695063006 0.0011566520167088433 0.06004274426517832 0.6621891658363859 
4 0.05015569583016342 3.5670555495805303 0.04023060755185903 6.184314093645639 0.06939672562610963 0.7797075918002528 0.060080573227727196 2.038498513279093 
4 0.05015389210093605 3.509400593191124 0.040227377068945566 6.081891093759419 0.06939619426338738 0.7650837292191934 0.06007952137053059 2.0031731335254648 
1 0.05008904368757335 1.2902129995024798 0.04011068268705236 1.9391230290298709 0.06938242068855249 0.0013128583723080066 0.060043360130925996 0.6914854322869615 
3 0.050127634840273515 2.637772795050656 0.04018023516744277 4.427895302037488 0.06938921841421682 0.4960994460522327 0.06006399700895504 1.4318349680935527 
4 0.050147859466316794 3.3098293253308197 0.04021656863632527 5.7343154452301235 0.06939452387227196 0.7161139384258335 0.060075861108766296 1.8815916736697453 
1 0.0500875712719594 1.248678957959154 0.0401080423447688 1.9037459884988301 0.06938233624361928 0.0011297848402577213 0.06004271552826711 0.6593107086364253 
4 0.05015352373577442 3.4972564853749626 0.040226761024404444 6.0612336307390775 0.06939610311099247 0.7622612786698378 0.06007930224575777 1.996115571131169 
4 0.050153281385014334 3.4893107098359386 0.04022633368893005 6.046961805151266 0.06939602003066009 0.7600681753773209 0.06007917106989995 1.9915111671328103 
1 0.050088988576991976 1.256897735784867 0.040110080547039406 1.9365665907883645 0.06938241435245635 0.0013561584937918558 0.06004333130971514 0.6899334467333451 
3 0.050131296428598114 2.7578926773283716 0.040186866063703204 4.718343841179694 0.06939007158612762 0.5224997993953782 0.06006584811750546 1.5516382827825084 
3 0.05013192465010892 2.778950009889295 0.04018826701239038 4.868686532039269 0.06939021663474218 0.5272942548019086 0.06006617651449949 1.557096916615043 
2 0.050112042977701866 2.1143741201150013 0.040151860061243716 3.278963285553794 0.06938555749150296 0.23652138526205393 0.06005453091982789 1.1527614680414646 
1 0.05008754242943728 1.1882619583418836 0.0401065490128322 1.7693172043007812 0.06938232765323445 0.0011628635124474305 0.060042687749751564 0.6581283784076639 
1 0.05009382208232956 1.5583925484647676 0.04011866797144816 2.060416465537505 0.0693827459008552 0.0018136259065109459 0.06004548131168521 0.7977316482162048 
1 0.050091747190302294 1.3690759990535029 0.04011492645345697 1.9664370847551786 0.06938259402937194 0.0017246244856340173 0.060044547549793915 0.7501532100222748 
4 0.05015198212401952 3.4450260362467957 0.040223969194018425 5.970235019712203 0.06939565326536368 0.7491865957812867 0.0600783795334041 1.9638560586090499 
4 0.05015405795574361 3.5144826215190124 0.04022771331492951 6.092583879770797 0.06939626595972077 0.7666001346840378 0.060079624594814474 2.0064529277728753 
3 0.05013029306111214 2.7252854913826328 0.04018514939098685 4.647297216372552 0.06938985379303514 0.515418777400104 0.06006538660535987 1.5260508495383587 
1 0.05009331223956567 1.4319967498913218 0.0401176267852865 2.2441110031046225 0.06938268789323691 0.0018612802868015498 0.06004522755737378 0.7847294115922717 
4 0.05014767469611971 3.3050137827329893 0.040216280167570145 5.724157638499463 0.069394428459383 0.7141772800552761 0.06007578447592012 1.878914118391338 
3 0.050132716042623204 2.805342747373074 0.040189450363788785 4.84027781528387 0.06939039991753855 0.5617321168094562 0.060066801175293894 1.5721862908074542 
4 0.050148407800168784 3.3285449387922723 0.040217557092627164 5.76487117195084 0.06939466639565535 0.7204301283918448 0.060076219265693065 1.8931332690315468 
4 0.050154472138155784 3.5274121831255947 0.0402284359856499 6.117145941227697 0.06939638321576909 0.7700466411417617 0.060079826984108575 2.014214842650694 
1 0.0500870748447453 1.171543985557128 0.04010695008743892 2.050642235704528 0.0693823081724329 0.001175045245606381 0.06004247067621438 0.6474131415122304 
3 0.05013504516631926 2.9223538859342653 0.04019390730895252 4.983861342562745 0.06939097223703343 0.6101258425122452 0.06006820340648759 1.618695401857839 
1 0.050094029872057445 1.4539255721697975 0.04011997383634672 2.3256989106310044 0.06938277212826172 0.0017988424608354695 0.06004555906479466 0.800622885986534 
4 0.05015036654114959 3.392041245028211 0.04022105540449415 5.875624701706347 0.06939520526974345 0.7361031270123324 0.060077396315870044 1.8234568372714157 
3 0.050134730320904965 2.892476755297832 0.040192933134177794 4.9666361597338735 0.06939090502766068 0.6075292693218535 0.06006803228777939 1.6122916990678426 
2 0.05011028673868362 2.1067348318582018 0.04014887172439627 3.2859472471878854 0.06938522876967175 0.22965657980846746 0.060053628359799896 1.0120396229965452 
4 0.05015483887639714 3.539507179222293 0.04022903932045112 6.135087070104892 0.06939646178478327 0.7726563047605997 0.060080069613502415 2.0217867042836604 
2 0.05011395353023316 2.167994631740738 0.04015563437322063 3.499539661117717 0.0693860444593039 0.2467998523419465 0.060056211768613275 1.1840542539996508 
4 0.05015170651573474 3.4359980700687123 0.040223433379228284 5.954945742050587 0.06939556333924723 0.7468365048326945 0.06007819737907163 1.9583472151964696 
3 0.05012892897020669 2.6799630632204954 0.040183405128059776 4.305652853090436 0.06938952987025407 0.5050974366254412 0.060064648900159855 1.4994160078479546 
3 0.05013235698461478 2.7750585794577405 0.040188792437210824 4.825780121590706 0.06939032961167502 0.5590741049088269 0.06006654154765062 1.5652404354687928 
3 0.05013294903026568 2.79478757523986 0.04018983571905762 4.865714473683992 0.0693904630698181 0.5636713275013765 0.06006689786490495 1.5776620581684757 
4 0.05015459419579858 3.5313690768675334 0.04022861944864897 6.120105246476255 0.06939641895001236 0.7709147415905397 0.06007993212478553 2.0166503597283567 
4 0.050154960007588 3.543427503742298 0.04022917819195702 6.144621112101598 0.06939649806428444 0.7736280790082336 0.060080139303071364 2.0240371646457964 
4 0.05015352373577442 3.4972564853749626 0.040226761024404444 6.0612336307390775 0.06939610311099247 0.7622612786698378 0.06007930224575777 1.996115571131169 
4 0.05015544518592239 3.5594181784069585 0.040230130823391365 6.17086621759474 0.06939664887680966 0.7775872145923088 0.06008043493641583 2.0336463113327214 
1 0.05008809397276165 1.2434864441043265 0.040108175833713844 1.9423058714425743 0.06938235072153226 0.0011291689664579784 0.06004293463984552 0.6695652583114298 
2 0.050111008797140796 2.130353392083596 0.04014960974803761 3.294129443703561 0.06938535746173882 0.23243654609317507 0.060054115710131584 1.0967740680967726 
1 0.050089325636995585 1.3255651482795383 0.04011050476816751 1.8616295314392612 0.06938242697714207 0.001329799276541673 0.060043455544616285 0.6964544820588203 
4 0.05015084799927383 3.408092126751363 0.040221804600484225 5.869296816553655 0.0693953288505745 0.7398458785112249 0.06007770498152983 1.8331206970905582 
1 0.05008848047820495 1.2413081021526728 0.04010900993164122 1.7782577904371877 0.06938236467058165 0.001125251721901187 0.0600431110298932 0.6784304293538558 
3 0.050129009217915334 2.682643050107521 0.04018327903795678 4.473552089337241 0.0693895415190541 0.5056300013422883 0.060064663449966124 1.4563300756277333 
1 0.05008840529758111 1.2760611946771676 0.040108114656398686 1.87810005775655 0.06938235660455887 0.0011059696481611153 0.06004304179008282 0.6756646790463735 
1 0.05008810728556949 1.196950655347442 0.04010809304391921 1.8766716462581663 0.0693823268951205 0.0011242466203891847 0.06004294868249259 0.6707371938544814 
4 0.0501540286970368 3.5129570286763383 0.04022768179263545 6.089665707986593 0.06939624177113515 0.7661839457105972 0.06007958926932679 2.005501878125534 
1 0.050094029872057445 1.4539255721697975 0.04011997383634672 2.3256989106310044 0.06938277212826172 0.0017988424608354695 0.06004555906479466 0.800622885986534 
3 0.050135321970430156 2.95091386431416 0.04019411750545222 5.002469078483659 0.06939103818824308 0.6123422386074002 0.06006836902069947 1.63027077202246 
2 0.05011102746428177 2.0817724374878788 0.040149991860674195 3.443859435291004 0.06938536085810118 0.2326383896680791 0.06005411341787763 1.1363920286457252 
2 0.05011040523979071 2.0935806307365494 0.040149278518583964 3.2479056460129208 0.06938525779734525 0.2301583343059841 0.06005373260383014 1.1231696269227354 
4 0.050150816740037095 3.4067207608454892 0.04022186348521957 5.902673035837552 0.06939535700559736 0.7399255040369692 0.060077676508841237 1.887103645331166 
1 0.05008947956091721 1.3201008462774424 0.040110765886837055 2.23717726762458 0.0693824398067427 0.0013161926773491363 0.060043509553810694 0.7000167396299855 
4 0.050147641930059515 3.3033624991679615 0.040216198453534704 5.722512217700853 0.06939445983809689 0.7142347098153838 0.06007576368590288 1.8777668985518297 
3 0.050135605079325817 2.960660178373415 0.04019510605426044 5.008543169506534 0.06939112515409852 0.6145731990080062 0.0600685738651575 1.6295366567030745 
4 0.05015213802757366 3.4506905060481174 0.04022421695394095 5.977839647170135 0.06939570492063024 0.7505449476198575 0.060078468268419935 1.9670290759231754 
1 0.050089249034987834 1.2474273985748066 0.04010991277283994 2.064926023493772 0.06938241280843453 0.0013379992527994984 0.060043415151967185 0.6953783189167095 
3 0.050135565127696645 2.958904185669889 0.04019471275300289 5.016283515747107 0.06939109624739896 0.6147318966933731 0.060068488023152136 1.5881988584245395 
3 0.050132636018428614 2.784304894293291 0.040189380332213996 4.609839026590164 0.06939040202396358 0.5613127304651837 0.06006668856300075 1.571331705732629 
2 0.05010735551725591 1.9915770236056427 0.04014307743813348 3.0057249884051984 0.06938469568563285 0.1578920693404488 0.060052051203435354 1.0673377416834184 
4 0.050149391366134846 3.3602048517419663 0.0402193241593473 5.820334253965653 0.06939494867773191 0.7283573951873836 0.060076812438855876 1.8585803889430044 
3 0.05013401841352638 2.8303206906485707 0.04019218306647204 4.877041616092084 0.06939072940836012 0.6014633161618219 0.060067552160886425 1.5980244167903557 
1 0.05009063738983101 1.3684834517108646 0.04011308579680281 1.8982752940944398 0.06938249363168301 0.0016181471321857818 0.060044036562819425 0.7266092672567711 
3 0.05012952287182907 2.6998433766934684 0.04018370924875077 4.66443784721718 0.06938966026464322 0.5095109977493596 0.060064989510204427 1.4669500255402084 
3 0.05012964297456415 2.704536898411375 0.0401841531423988 4.530365192945264 0.06938969101174913 0.5106435684814209 0.06006503414201726 1.5141243808656375 
4 0.05015389210093605 3.509400593191124 0.040227377068945566 6.081891093759419 0.06939619426338738 0.7650837292191934 0.06007952137053059 2.0031731335254648 
1 0.05009051418121711 1.3622482219080507 0.04011314666190486 2.0156808997285096 0.06938249711801685 0.0016273825019551499 0.06004402261093165 0.7240737635167656 
3 0.05013477015064447 2.893749946998494 0.04019312330928621 4.872178392110227 0.06939092512337697 0.6081340635353047 0.06006803453200249 1.6189674475215061 
3 0.05013007815483045 2.7184164274186498 0.04018516127257201 4.612363294566123 0.0693898068705303 0.5138609415354898 0.060065291226023845 1.5220147316848087 
1 0.050087728697994695 1.219380725779541 0.04010729232662216 1.8633493072170553 0.06938234695063006 0.0011566520167088433 0.06004274426517832 0.6621891658363859 
2 0.050111008797140796 2.130353392083596 0.04014960974803761 3.294129443703561 0.06938535746173882 0.23243654609317507 0.060054115710131584 1.0967740680967726 
2 0.05011208580820187 2.1156752878085174 0.0401524266103342 3.2793497874646773 0.06938556709001101 0.2366043607566882 0.060054624851144656 1.151271811015518 
3 0.05013023938463035 2.723729068340868 0.0401854488207994 4.650429513891962 0.06938983564521678 0.5149091057291477 0.06006532618457081 1.5334186430028485 
3 0.050130446884429525 2.7305112228267885 0.04018586488474969 4.66869653541327 0.06938988830312354 0.5165050947784883 0.06006548628222187 1.5288215069835496 
3 0.05013204407690316 2.764553973839291 0.040188235554004643 4.808211695420137 0.06939025341228318 0.5564934643367205 0.06006627803536283 1.5139110332765497 
3 0.05013073657248727 2.739971799343298 0.04018588868532634 4.687249452413303 0.06938994336722823 0.5186888965775485 0.0600656149145201 1.5421467448353983 
3 0.05012790883580459 2.6470200601724763 0.040180821786783325 4.47012967111612 0.06938926995765436 0.49798161536970176 0.060064086852311724 1.4456217434085208 
4 0.050155041760065425 3.5460299142217053 0.040229543886539584 6.1436861255203326 0.06939653781523526 0.7745562897516802 0.06008016181621958 2.0254504816336363 
2 0.05011016392086459 2.1038618251279884 0.040148681347709166 3.3247749243836373 0.06938520991996062 0.2291261224901675 0.060053574294122856 1.1185279711230784 
4 0.05015455355048322 3.530050213041476 0.04022854559506156 6.117763784151839 0.06939640156294034 0.7705432716230585 0.0600799032016873 2.015903614521772 
4 0.05015341160176473 3.49312300032958 0.04022652647254102 6.054462573007936 0.06939610379448845 0.7615339766463123 0.06007924538905224 1.993158732900374 
4 0.05015150768862862 3.4289387777529567 0.04022307345038277 5.942438063535236 0.0693955330670997 0.7453932773494607 0.06007807811283383 1.8994622871330276 
2 0.05011205846689032 2.0950775048876147 0.04015209719594094 3.2980415420658318 0.06938555827626068 0.23640089394533184 0.060054632141486375 1.1498829349402142 
1 0.05009040018832295 1.3428814560333384 0.04011305723533964 2.073363697666942 0.06938247795644192 0.0016174187342892418 0.06004394498685113 0.7206923785601778 
3 0.05012917528430709 2.6880712304326684 0.040183530579042157 4.634701574152016 0.06938957435005386 0.506675633288949 0.06006475351340714 1.504193494452726 
3 0.05013092502702106 2.746426689436916 0.040186342198415485 4.793002657084315 0.06938999654736713 0.5202374241354539 0.06006575833109727 1.4936425253379948 
4 0.050148479578345374 3.331502914972716 0.04021770163153846 5.770767166009259 0.06939467682734377 0.7212061542786229 0.06007625189517157 1.8433673357309452 
1 0.05008883857669945 1.2404978227624948 0.04010955867630969 1.996143619790733 0.06938238567934071 0.0013128773761186287 0.060043286908873325 0.687539999863756 
3 0.050129443054322896 2.6972037348022564 0.04018368083913457 4.601710710742491 0.0693896462994609 0.5092557947428633 0.06006493334464116 1.4738408370484941 
2 0.050111945678554315 2.142907455984919 0.040152174712415264 3.296033418289217 0.06938554122654395 0.2361499593329161 0.06005456758605088 1.0436512877442294 
2 0.05011340793826924 2.2029045455497753 0.04015466854581711 3.6376547500673007 0.06938592772469235 0.24423611915663349 0.060055788149103805 1.1547347244160968 
1 0.05008823726009154 1.2347258197410869 0.04010884541251562 1.9234622318340986 0.06938234218245797 0.0011113431338639714 0.060043004391313645 0.6732968587874971 
1 0.0500900600251558 1.3348210477679217 0.040112694934946194 2.1062681985798912 0.06938246726992603 0.001500294086179901 0.06004379695394889 0.7132654301619459 
1 0.050091266975657564 1.3546684299934573 0.040113961851162415 2.2481271808485364 0.06938255854113948 0.0017350263278049596 0.060044327788125317 0.7403623051907029 
3 0.05012828809174478 2.6593184859215975 0.04018154015246611 4.460213310412012 0.06938937528961985 0.5006069473103804 0.060064328222051766 1.4872361316323033 
3 0.050133898295410075 2.8263606441004985 0.04019148319735231 4.779586831711172 0.0693906979561893 0.6003674958694141 0.06006749846976374 1.596461955493869 
3 0.05013449121602931 2.865265147707154 0.040192569258817736 4.951104904806296 0.06939084564606926 0.6057065311930281 0.06006786462247906 1.6076248450744195 
3 0.05013251644388643 2.780345424318109 0.04018993365146619 4.491238112506354 0.06939037965142783 0.5601463453613874 0.06006667031060634 1.5223030701630833 
4 0.05015533446020755 3.555444439301766 0.04022999546191784 6.160626425666214 0.06939660195991046 0.7766917945694243 0.06008033806301814 2.0313946653546386 
2 0.05011191441836706 2.091374287896931 0.04015183739201997 3.511852678695648 0.06938553601526261 0.23601496798853255 0.060054313052258036 1.0324723666254123 
3 0.050128651395053 2.6706787820114384 0.04018265090773378 4.508082433451081 0.06938945798747088 0.5032271501079795 0.06006448389190613 1.4595920971959135 
3 0.05013413853717001 2.834256916870552 0.04019212457931162 4.745888056842946 0.06939075929957708 0.6027662815063859 0.060067612765488734 1.6010259523345565 
1 0.0500886126663039 1.202536764288213 0.040110102825072484 2.0189128361357787 0.06938238704055717 0.0011158969312503992 0.060043158998436055 0.6814591283270942 
3 0.050128651395053 2.6706787820114384 0.04018265090773378 4.508082433451081 0.06938945798747088 0.5032271501079795 0.06006448389190613 1.4595920971959135 
3 0.05013409832465041 2.8329384790091283 0.04019262982758966 4.921891076673245 0.06939076001515002 0.6019216538676198 0.06006763456452515 1.600327519087908 
2 0.05010855682455255 2.0018987675576536 0.04014540249414388 3.393797597689654 0.06938490901403208 0.1817712402210915 0.0600526320320385 1.0893799822063506 
2 0.05011234065092065 2.123593757143154 0.040152812530344056 3.3193998451468674 0.06938560781578569 0.237641854143457 0.06005476500309557 1.1202614282266303 
1 0.05009333643263374 1.476441082219338 0.04011864189930869 2.2896950014150654 0.06938271192684815 0.0018530259994198606 0.06004530001505235 0.7857647435552396 
1 0.05009331223956567 1.4319967498913218 0.0401176267852865 2.2441110031046225 0.06938268789323691 0.0018612802868015498 0.06004522755737378 0.7847294115922717 
1 0.05008823726009154 1.2347258197410869 0.04010884541251562 1.9234622318340986 0.06938234218245797 0.0011113431338639714 0.060043004391313645 0.6732968587874971 
4 0.050153927894606175 3.510609286077505 0.04022746500618529 6.086087519057173 0.06939623205710797 0.7658305458543924 0.06007951188383833 2.003583371713302 
2 0.05011159098154001 2.149557685942675 0.04015060237473793 3.267170069743078 0.0693854670514934 0.23469064766016157 0.060054321256292884 1.1435601823537387 
3 0.05012790883580459 2.6470200601724763 0.040180821786783325 4.47012967111612 0.06938926995765436 0.49798161536970176 0.060064086852311724 1.4456217434085208 
4 0.05014787275942687 3.305138339514638 0.04021645368050012 5.727862224402065 0.06939448885801769 0.7152441234959664 0.06007582389967027 1.8801217858489268 
4 0.05014898496320365 3.346970555890529 0.04021859230208345 5.799247979170088 0.06939482579069299 0.725034011197946 0.06007658753923639 1.8526049717359077 
3 0.05013453105985678 2.866557106752731 0.04019267775384439 4.863582904457532 0.06939085597762873 0.6057390841704079 0.06006792435499014 1.608092951211613 
2 0.0501125117530688 2.1109940295981247 0.04015293209802075 3.325189991727214 0.06938564872099535 0.23830536673251132 0.060054880144558245 1.1587607339407984 
1 0.05009185027672046 1.4166952266288786 0.04011482911702052 2.1114958548915634 0.0693825826246032 0.0017085424590790918 0.06004459571196773 0.7533708463367879 
1 0.05009293609056026 1.5235112096231807 0.04011777890883554 2.294487916534288 0.06938269227537668 0.001857630258938254 0.06004510485172891 0.7783297282951358 
1 0.050087773706015734 1.1889520081379437 0.04010763849952001 1.9218243779302469 0.0693823242398475 0.0011507812903871176 0.060042799646375586 0.6638572714182012 
1 0.050093818189064554 1.5127669145583793 0.040119051546748316 2.1564923943377567 0.06938276231718145 0.0018147102218154347 0.06004545017573905 0.7962340591687648 
4 0.05014925992187756 3.3565396277056956 0.040219093031503915 5.814029737607273 0.06939490532026224 0.7273274332884521 0.06007675898148657 1.9112354992617113 
1 0.05009033859711831 1.3406767826712955 0.04011179002849802 1.9945679042913647 0.06938249478333038 0.0016204809088770586 0.060043925790049114 0.7201667110025018 
3 0.05013146934479087 2.7647421044491303 0.04018733766138767 4.8286085213309935 0.06939012583472025 0.5241562288435494 0.060065966294224137 1.5111853339358958 
3 0.05013314835759023 2.8198110311830726 0.040190550127164146 4.830360518247706 0.06939051118120416 0.5653355958294111 0.06006704221998773 1.5807360676700384 
2 0.05011320098017209 2.196457936245841 0.04015451899867467 3.4107901267083927 0.06938589383651098 0.24332065787673524 0.06005570366432802 1.1132366176268733 
3 0.05013318830543062 2.821124313240744 0.04019028328913838 4.876728366492674 0.06939052585551571 0.5656491017274139 0.060067072418225606 1.5815860041381615 
4 0.05015569583016342 3.5670555495805303 0.04023060755185903 6.184314093645639 0.06939672562610963 0.7797075918002528 0.060080573227727196 2.038498513279093 
2 0.05010828994876195 2.0408197214229316 0.040144997577599456 3.2831117757647568 0.06938485930724263 0.16082197689647515 0.060052588009075814 1.0160538294480583 
4 0.05014975081999977 3.3723489630197263 0.04021998121482202 5.842209629707262 0.06939504255673665 0.7314869182592107 0.06007697902692773 1.9195117896749063 
3 0.05013247662461038 2.7790199320396507 0.040188901473285694 4.657708594055649 0.06939035329148574 0.5598445659945424 0.06006661880418625 1.567625943948777 
1 0.05009030584668141 1.37542991709884 0.040113016031695994 2.123524325055212 0.06938250568294722 0.0015093293712235135 0.060043883597296545 0.7184467405893719 
1 0.050091383232826234 1.4152418707749257 0.04011379407861572 2.0999358312220777 0.069382567013217 0.0017247592152187011 0.06004438980308113 0.74328823670543 
1 0.05009040018832295 1.3428814560333384 0.04011305723533964 2.073363697666942 0.06938247795644192 0.0016174187342892418 0.06004394498685113 0.7206923785601778 
3 0.05013298903173162 2.7961103688193147 0.040190033670629954 4.912325524859232 0.069390475265149 0.5640259174955797 0.06006692480016398 1.5784449103579523 
3 0.050131296428598114 2.7578926773283716 0.040186866063703204 4.718343841179694 0.06939007158612762 0.5224997993953782 0.06006584811750546 1.5516382827825084 
3 0.05012992933042093 2.7132690668893558 0.040184884592155454 4.679327007624546 0.06938976331086084 0.5124803004622696 0.06006518448606191 1.5186495781494467 
4 0.05015405795574361 3.5144826215190124 0.04022771331492951 6.092583879770797 0.06939626595972077 0.7666001346840378 0.060079624594814474 2.0064529277728753 
1 0.050090121181793054 1.3585680058260228 0.040112216910951376 2.1299177618349194 0.06938246309325863 0.0014953226930065938 0.06004380013017955 0.7142544878839332 
4 0.05015569583016342 3.5670555495805303 0.04023060755185903 6.184314093645639 0.06939672562610963 0.7797075918002528 0.060080573227727196 2.038498513279093 
4 0.05015439309726664 3.4434648731999244 0.04022826611380242 6.108203715746475 0.06939637176580817 0.769352793857284 0.060079810793720476 2.012563213178889 
3 0.05012828809174478 2.6593184859215975 0.04018154015246611 4.460213310412012 0.06938937528961985 0.5006069473103804 0.060064328222051766 1.4872361316323033 
4 0.050155415195565614 3.5578423563791413 0.04023009015804152 6.16655029030561 0.06939663861418499 0.7773320668674562 0.06008041309375058 2.0331432082206353 
4 0.05014793141379777 3.3127026959667227 0.04021671208514929 5.63092086742014 0.06939454161976955 0.7166802133316603 0.060075914867624106 1.8833344138111763 
4 0.05014929466992394 3.357801594695785 0.04021914557955486 5.817624619313943 0.06939493010077824 0.7278076223050658 0.06007675268951675 1.9104725728122418 
3 0.050128888748796806 2.678625288240241 0.04018292144297421 4.624733595511903 0.06938951187483704 0.5048104804627694 0.060064652322341004 1.4990745064957356 
4 0.050153281385014334 3.4893107098359386 0.04022633368893005 6.046961805151266 0.06939602003066009 0.7600681753773209 0.06007917106989995 1.9915111671328103 
2 0.05011205846689032 2.0950775048876147 0.04015209719594094 3.2980415420658318 0.06938555827626068 0.23640089394533184 0.060054632141486375 1.1498829349402142 
4 0.05015248767227398 3.460571065846655 0.04022482246913783 5.997917821449782 0.06939579783367722 0.7531024875475484 0.060078671760677285 1.9736134920993564 
3 0.050133068651936605 2.817159031339096 0.04019027596590357 4.887114084843101 0.0693904968623357 0.5650987361172854 0.06006694965186325 1.580172982451304 
2 0.05011513936392746 2.2102191688533956 0.040157963852258206 3.5765755159904584 0.06938631100102942 0.2520382608749956 0.06005696934439007 1.166537260273751 
1 0.05008670429473017 1.1832615382154974 0.040105432149352235 1.7653199544444707 0.06938227695735615 0.0011950700736661278 0.060042329320004896 0.6407611728179915 
3 0.0501281757682292 2.654776931387149 0.04018142286135616 4.621033521091595 0.06938934472125677 0.49971803282103194 0.06006423430500324 1.4928929991650537 
2 0.050109608321041624 2.035833701209681 0.04014685747214755 3.1831548966727774 0.06938510900511845 0.2268485897379601 0.060053256155232805 1.1083636104243475 
2 0.050114784413559835 2.1962127461648056 0.04015692534619501 3.5569197912281454 0.06938622857036073 0.2504845166235954 0.060056733937948206 1.1225828665050979 
1 0.05009286355458339 1.38244209681576 0.040116688071803686 2.260161003229616 0.06938265582980414 0.0018585926150444295 0.06004503359501564 0.775480441601266 
4 0.05015040730208033 3.3933250121435634 0.04022112803989969 5.877994035787898 0.06939522811708423 0.7365019107746574 0.0600774324081804 1.8248154510014731 
3 0.05012904891808827 2.6839786271577792 0.040183294358863655 4.627608662067674 0.06938955741843653 0.5061273677338541 0.06006472170626788 1.5016537477699357 
2 0.05010942477633913 2.0285616991864597 0.04014725824924309 3.4733290557057908 0.06938506563113891 0.2260484257577362 0.06005324232349605 0.9968133705198792 
2 0.05011234065092065 2.123593757143154 0.040152812530344056 3.3193998451468674 0.06938560781578569 0.237641854143457 0.06005476500309557 1.1202614282266303 
3 0.050130118528019595 2.719748323657684 0.04018523623703556 4.465291826923095 0.06938980444041346 0.5138504131621456 0.06006524633721878 1.5230691074660592 
1 0.05009232029837836 1.4324983124141488 0.0401162071587555 2.265358305600473 0.06938261874968699 0.0017710450625845163 0.06004479360942459 0.7625153280640415 
3 0.05012828809174478 2.6593184859215975 0.04018154015246611 4.460213310412012 0.06938937528961985 0.5006069473103804 0.060064328222051766 1.4872361316323033 
2 0.05010949723640397 2.032313063094459 0.040146834198765066 3.155551193606201 0.06938508504813799 0.22636727168395004 0.06005326283215349 1.1022201605791242 
4 0.050154714427974055 3.5352250756881105 0.04022885596609581 6.1270950506225415 0.0693964417380484 0.7717770071454276 0.060080000061503845 2.019297215793851 
3 0.050130328538192236 2.7265427299273406 0.04018551298579927 4.384547817589373 0.06938985700656627 0.5156461899176243 0.060065386438674075 1.4895208565985574 
1 0.050092390102740046 1.4462095546583087 0.04011598221585712 2.343392639952344 0.06938261759713725 0.001871406387762331 0.06004483547457144 0.765246051199153 
2 0.050108407618722185 1.997364549802186 0.04014514586918276 3.253034856964772 0.06938489104455552 0.16119472657726772 0.060052703193838285 0.9598969212014803 
1 0.05008670429473017 1.1832615382154974 0.040105432149352235 1.7653199544444707 0.06938227695735615 0.0011950700736661278 0.060042329320004896 0.6407611728179915 
4 0.050147641930059515 3.3033624991679615 0.040216198453534704 5.722512217700853 0.06939445983809689 0.7142347098153838 0.06007576368590288 1.8777668985518297 
1 0.050094473678419224 1.5339470334294663 0.040119859346093766 2.356977304081628 0.06938281662242483 0.0017570079243692826 0.0600458038750495 0.8106452912736742 
3 0.050133228067627225 2.8224479915621523 0.04019135689478649 4.676894394603296 0.06939054612378621 0.5655951680390466 0.06006711741792072 1.582013705509595 
3 0.050130446884429525 2.7305112228267885 0.04018586488474969 4.66869653541327 0.06938988830312354 0.5165050947784883 0.06006548628222187 1.5288215069835496 
1 0.05009310046186888 1.460454999702157 0.04011782044803429 2.2433548338695557 0.06938268550868198 0.0018515674322375838 0.06004516490549958 0.780270147001534 
1 0.050087104445976895 1.176266289321575 0.040106034785735586 1.8137289081150976 0.06938229677546119 0.0011721171972389423 0.06004249616998693 0.6487090225152488 
3 0.05013227711182444 2.790780578774341 0.04018854333838725 4.820591881936818 0.06939029916717994 0.5582221656821227 0.06006654592502543 1.5687855257279395 
3 0.0501298894872888 2.711947907397631 0.04018509678966721 4.353961589129387 0.06938974548274893 0.5120102083075148 0.060065102234943366 1.5261215019601493 
1 0.050087713050516645 1.2207848931860823 0.04010828289679254 1.9393093869784974 0.06938233618864223 0.001160191358409447 0.06004277015249039 0.6617286619572026 
4 0.05015557813649953 3.5631625627291172 0.04023037526204898 6.176933909697657 0.06939670337295534 0.7788266915072513 0.060080505950561434 2.0358381885427286 
2 0.05010974294460544 2.0405373495066987 0.04014796466780598 3.363455144853171 0.06938512966670758 0.22736068469990434 0.06005337531128567 1.0022790355658184 
3 0.05013283639634743 2.8093226058045566 0.04019002102044607 4.850525881498064 0.06939044730774575 0.5627767265675601 0.060066841252335926 1.5752931746458947 
3 0.05013377874162618 2.822406505217858 0.04019124993323469 4.907938099419318 0.06939067887769128 0.5996052746416479 0.06006741685107595 1.5940102315138047 
4 0.05015221946536423 3.4533328969707453 0.04022437193633465 5.985269924809897 0.06939570669376731 0.7510263408464176 0.06007850870405447 1.9689116852322612 
2 0.050115118853538365 2.2655256771054293 0.04015800207184931 3.543269345373802 0.06938630304303033 0.2518018143628507 0.060056895427210454 1.181589136472331 
2 0.05011016392086459 2.1038618251279884 0.040148681347709166 3.3247749243836373 0.06938520991996062 0.2291261224901675 0.060053574294122856 1.1185279711230784 
3 0.05013294903026568 2.79478757523986 0.04018983571905762 4.865714473683992 0.0693904630698181 0.5636713275013765 0.06006689786490495 1.5776620581684757 
1 0.05008806867187517 1.2301776433994904 0.040108646562758914 1.9068708768715852 0.06938235670192136 0.0011258101127035584 0.060042943687848516 0.6699246635424296 
3 0.050135442569200585 2.954917961244469 0.04019434844583736 4.9148599489144384 0.0693910711894459 0.6135289368707615 0.060068463416646 1.626688037353648 
1 0.05009012532238601 1.3490447636073104 0.040112301047677865 2.019761989386623 0.06938249826757892 0.0014894079143589942 0.060043819262774176 0.7153865889129755 
1 0.050087416222260706 1.1634403989968707 0.04010712793567272 1.869733812160467 0.0693823243383597 0.0011467313805878423 0.060042644538601087 0.6560512672154034 
1 0.05008866633188637 1.2242381613540672 0.04010889131642469 1.9330866413574512 0.06938239436327358 0.0011088865169285964 0.06004317817254763 0.6828617397114993 
4 0.050152767828421374 3.471504999222258 0.040225336099178645 6.016994482410105 0.06939588586416087 0.7558054358440178 0.06007884278887422 1.979870136864772 
3 0.050131057513687086 2.74998081194503 0.04018641639138028 4.751930391625794 0.06939001738049387 0.5208369472347674 0.06006576417422114 1.5401007836922183 
3 0.05013064451114515 2.737130559321085 0.04018571534973957 4.715889721216807 0.06938993263769967 0.5178766643193775 0.06006556367526929 1.5326823144127146 
3 0.0501330287814515 2.7974310278975056 0.04019020703876048 4.881056106310124 0.06939048796733924 0.5639901945099112 0.06006699539986733 1.532047325293817 
3 0.050130328538192236 2.7265427299273406 0.04018551298579927 4.384547817589373 0.06938985700656627 0.5156461899176243 0.060065386438674075 1.4895208565985574 
1 0.05009167852218532 1.3828866898430225 0.040114886172529174 2.10530057154473 0.06938259002831518 0.0017328601147623794 0.06004447879987325 0.7480942592453754 
4 0.050153604082499824 3.4998930652177185 0.040226932980658284 6.063484462712095 0.06939612888126004 0.762780306784899 0.06007936165618403 1.9977105661485752 
4 0.05014878061911976 3.340554256991415 0.040218244175468695 5.787685383512856 0.06939476380591922 0.7233659200919941 0.06007643557863085 1.9003885639939782 
4 0.050153685747405086 3.5024862836256085 0.04022704331552016 6.072004497838438 0.06939615480336102 0.7635915235684693 0.06007940500980793 1.9993345303947456 
1 0.0500914349603892 1.41632344302131 0.04011469799121185 2.0950387766002825 0.0693825659956128 0.001720613388375211 0.06004442541874021 0.7438171084664852 
2 0.0501111094053928 2.085158700826217 0.040150557079664695 3.427838195810952 0.06938538268733847 0.23285280650045959 0.060053856261119545 1.0221510342671467 
3 0.050133228067627225 2.8224479915621523 0.04019135689478649 4.676894394603296 0.06939054612378621 0.5655951680390466 0.06006711741792072 1.582013705509595 
3 0.05012992933042093 2.7132690668893558 0.040184884592155454 4.679327007624546 0.06938976331086084 0.5124803004622696 0.06006518448606191 1.5186495781494467 
3 0.05013223665025318 2.7894543287785765 0.04018852959051112 4.7797958232821625 0.06939028623685922 0.558221330690662 0.06006639588728626 1.52482316515393 
2 0.050113982891551515 2.2561321342988343 0.04015564497248122 3.439453244408071 0.06938604878294237 0.2469579067642028 0.060056240828306004 1.1252884515043962 
4 0.05015533446020755 3.555444439301766 0.04022999546191784 6.160626425666214 0.06939660195991046 0.7766917945694243 0.06008033806301814 2.0313946653546386 
3 0.05012828809174478 2.6593184859215975 0.04018154015246611 4.460213310412012 0.06938937528961985 0.5006069473103804 0.060064328222051766 1.4872361316323033 
2 0.05010970231252019 2.0875677108456636 0.04014736294470643 3.4134989572526186 0.06938510666926626 0.22712458732114377 0.06005322637933201 1.1098927185807423 
2 0.050107117476069704 1.9549698786669132 0.04014230634744769 2.8822214506594905 0.06938465660075277 0.15686960536952116 0.06005207736425431 1.0655118292725778 
1 0.05008976558731153 1.3328853017313431 0.04011203660669431 2.0891825950983347 0.06938245071629282 0.0013204001139550399 0.06004369106305516 0.7078400940617626 
4 0.05015268561031131 3.468837755439876 0.04022557268048953 6.00730650562705 0.06939583330545133 0.7548017459317662 0.060078794559917326 1.9786533317627693 
3 0.050127634840273515 2.637772795050656 0.04018023516744277 4.427895302037488 0.06938921841421682 0.4960994460522327 0.06006399700895504 1.4318349680935527 
3 0.05013358027970697 2.8157852745903305 0.0401911502215101 4.901090174681262 0.06939063060610692 0.5977696009938589 0.060067354730564446 1.5891864798571331 
1 0.050094415532002876 1.481294351245403 0.040119799622282334 2.260817258600001 0.06938280277094766 0.0017681805713532373 0.06004571877534538 0.8080300631677908 
4 0.05015262941594242 3.466214515015312 0.04022512395469979 6.004490726958772 0.06939585164323417 0.7545263367593382 0.06007875988094759 1.976651868400682 
3 0.05012925398259847 2.6907029301454153 0.0401840101454176 4.227061362348754 0.06938961071016618 0.5074212945611084 0.060064825261822864 1.4614102440810959 
4 0.05015389210093605 3.509400593191124 0.040227377068945566 6.081891093759419 0.06939619426338738 0.7650837292191934 0.06007952137053059 2.0031731335254648 
1 0.05009329046697625 1.5099681495952069 0.040118061275342745 2.262423614876268 0.06938270363398602 0.0018667730403415569 0.06004525872707509 0.7846520357084514 
3 0.05013251644388643 2.780345424318109 0.04018993365146619 4.491238112506354 0.06939037965142783 0.5601463453613874 0.06006667031060634 1.5223030701630833 
2 0.05011203930635298 2.1449902350837875 0.040151958383066275 3.2601346638489916 0.0693855423972169 0.23620073347449058 0.06005454673993864 1.151433986602801 
4 0.050153850570455086 3.50806622518922 0.040227315664833195 6.0813015696552775 0.06939617237659296 0.7646462432247465 0.06007949642586767 2.0026800376764076 
4 0.050149021916027346 3.3486531312667958 0.04021867301730094 5.800442827386736 0.06939483517850857 0.7254624337618756 0.06007659114098017 1.8531746035201784 
3 0.05013113719931611 2.7525984727491193 0.04018658992251241 4.755672165224162 0.06939003203174418 0.5211707234091715 0.06006579225790302 1.5040272150223104 
4 0.05014907275878131 3.3497114885350987 0.0402187587043311 5.803660979446308 0.06939485227516953 0.7258086111200066 0.06007660581470196 1.9069878855547038 
1 0.05009185027672046 1.4166952266288786 0.04011482911702052 2.1114958548915634 0.0693825826246032 0.0017085424590790918 0.06004459571196773 0.7533708463367879 
3 0.05013346722984452 2.8119461257254548 0.04019077878923039 4.8474234201168445 0.06939059624098629 0.5968728041070482 0.06006721556064375 1.5475714836143328 
1 0.05009112041341662 1.4015031645622533 0.040113533794181554 2.0720584872401075 0.06938256258233662 0.0017438491067750187 0.0600443040680315 0.7381979965759179 
3 0.05013003796818059 2.7170800967021966 0.04018461670010729 4.384718541416797 0.06938979009494348 0.5134815395920361 0.06006529142624195 1.5213884608609534 
1 0.050090219547309155 1.3371594727610727 0.04011248722147365 2.0648892913295858 0.069382487250138 0.0016311878797546323 0.06004387916826326 0.7174553027352722 
2 0.05011301724528715 2.208110517576197 0.04015393053839987 3.41420414000822 0.06938583355576425 0.24215257979846477 0.06005551931895016 1.167518758912029 
2 0.05011444212968989 2.1826271747475046 0.04015611411727382 3.527477442416258 0.06938614880633881 0.2488077921439064 0.06005651158967534 1.1923754717643495 
3 0.0501321644522147 2.7685345156873375 0.040188783497993964 4.756602815922262 0.0693902785982405 0.5576191787394624 0.06006630427959392 1.5687501274168123 
4 0.05015008581852054 3.3830583297355643 0.04022054286623798 5.862044026829196 0.06939512509831215 0.7338231239692932 0.06007722652405103 1.9267672860103118 
2 0.05010908136162314 2.0188222871455808 0.04014658435371417 3.4517764837953644 0.0693849958860149 0.2038976253926071 0.06005307324790674 1.0990330327367093 
4 0.050151370461360124 3.4252353444638324 0.040222860974764366 5.934072676235688 0.06939551036062128 0.7445984986575737 0.06007797997174917 1.8970995095592122 
3 0.050134570901589806 2.8679105542373087 0.0401928424742269 4.956069534543431 0.06939086325119007 0.6061357484628868 0.06006791567629623 1.609845975579375 
1 0.05009310046186888 1.460454999702157 0.04011782044803429 2.2433548338695557 0.06938268550868198 0.0018515674322375838 0.06004516490549958 0.780270147001534 
4 0.050148121621158025 3.319453083370793 0.04021705444700825 5.750909424637355 0.06939458945462837 0.7182352114663346 0.06007604320757345 1.888656421830887 
1 0.050092755933358435 1.4403369558695442 0.040116213689349436 2.113480293222528 0.06938265785097986 0.0018361128662322142 0.06004501849076741 0.7732233763185585 
1 0.0500900600251558 1.3348210477679217 0.040112694934946194 2.1062681985798912 0.06938246726992603 0.001500294086179901 0.06004379695394889 0.7132654301619459 
3 0.05013310871839326 2.818440922732353 0.040190144825942464 4.828278792099814 0.06939050483618196 0.5649321186792713 0.06006700246187906 1.5870811626776986 
1 0.05009143416296018 1.420998562905591 0.0401140567783443 2.1417845762873116 0.06938257769625404 0.001747316651537538 0.06004443600077425 0.7453043061675574 
1 0.05008875695379511 1.2715480394211067 0.04010901960531556 1.9473272356674527 0.06938238550155415 0.0012558372028922198 0.06004322074650583 0.6853910501976548 
1 0.05008737767822684 1.1374012624364602 0.04010712535677037 1.9261606513474547 0.06938231337470473 0.0011502325030996352 0.06004262702905623 0.6543848449192156 
3 0.050132123793519015 2.767195535891684 0.04018843865432441 4.856908981434302 0.0693902664919765 0.5573375557501388 0.0600662749571132 1.5681871248018613 
2 0.050109745145941284 2.0404701437775423 0.04014807410423695 3.209814174936973 0.06938513601515937 0.22752324674408303 0.060053282612319535 0.9750174781214305 
3 0.050129969011915944 2.7145972247825987 0.04018503060656901 4.629655026392847 0.06938977964351736 0.5130205254682396 0.06006520069743555 1.482936017817111 
2 0.05011149904914387 2.0959061442615843 0.04015130097572123 3.2739276060280873 0.06938545435876768 0.2343383838252989 0.06005420861946346 1.0024256798271443 
4 0.05014925992187756 3.3565396277056956 0.040219093031503915 5.814029737607273 0.06939490532026224 0.7273274332884521 0.06007675898148657 1.9112354992617113 
2 0.0501085163588751 2.000267754681688 0.040145322262414365 3.457954837931685 0.06938490737174634 0.16150545114277445 0.060052765031484115 0.9465784877627759 
2 0.0501104835834136 2.1141143966482896 0.04014939610548979 3.2079906089299413 0.06938526695655109 0.2304314410996881 0.060053865793691666 1.0878006297966922 
3 0.050133508217403235 2.813285648255502 0.04019101385180967 4.848551853862134 0.06939060818491868 0.5971522303153495 0.06006725413555379 1.5878804297354996 
3 0.05013157121346799 2.767126252305782 0.04018746050874007 4.781943061617442 0.06939013833091803 0.5245418022130706 0.06006600210964572 1.5497828287986783 
1 0.05009447175585854 1.5147847905495841 0.04011980180309231 2.2748377895116563 0.06938281419419615 0.0017661493083850558 0.060045774364663206 0.8097211961423515 
4 0.05015544518592239 3.5594181784069585 0.040230130823391365 6.17086621759474 0.06939664887680966 0.7775872145923088 0.06008043493641583 2.0336463113327214 
4 0.05015217860783362 3.452012431751844 0.040224286029127365 5.980129214873514 0.06939572466977006 0.7509241804043219 0.060078496980733434 1.9678175096317414 
1 0.050089216579580466 1.262749147749356 0.04011041354922718 1.9955646792116504 0.0693824258361108 0.0013025241119075856 0.06004340622155768 0.6932306009001942 
2 0.050114518083965345 2.1673711435300733 0.04015647909354052 3.4528831053044042 0.06938616255484438 0.24926222058598588 0.060056555301868465 1.1933468382758456 
4 0.05014958544792494 3.366936793639468 0.04021968159932255 5.832318139667992 0.06939499781659651 0.7299488952415388 0.06007693117626025 1.9164550879966853 
4 0.050151120052049504 3.412790411157186 0.04022226846365712 5.91543062084642 0.06939540348503372 0.7417852048459244 0.06007780584566641 1.836167916628898 
4 0.05015287991417783 3.4762093211398337 0.040225552690799096 6.022911375843314 0.06939592283250065 0.7570033148668864 0.06007893337196977 1.983155232190056 
4 0.050148377828572954 3.3270987322117334 0.04021752166887871 5.763543387130754 0.06939465018645213 0.7201655639970956 0.060076172346028266 1.8922344111649685 
4 0.05015352373577442 3.4972564853749626 0.040226761024404444 6.0612336307390775 0.06939610311099247 0.7622612786698378 0.06007930224575777 1.996115571131169 
3 0.050128623510707127 2.6695551349026316 0.04018293946724844 4.339173738173454 0.06938944080135086 0.502502574412186 0.060064432092311784 1.4932075009719785 
4 0.050150623496106904 3.3076457188363717 0.040221462034458616 5.890777568214558 0.06939525536442068 0.7379921817906037 0.06007754183987235 1.828887363275634 
4 0.05015296697959522 3.4783873630869273 0.04022574829170712 6.028352178256749 0.06939595068198733 0.7577166040070444 0.06007897930427812 1.9848601469324105 
4 0.05015500073919245 3.544743866094879 0.040229332889445364 6.145222534197224 0.0693965240879624 0.7741262729118018 0.06008016241125025 2.0247497111549815 
2 0.050108633425896276 2.0518966251146065 0.040145228368739475 3.0124914404796153 0.06938492276519 0.16164476932054042 0.06005278546518896 0.9487326100609531 
1 0.05008911844517141 1.1759296987772652 0.0401102195532914 1.8576776161830728 0.06938241526140841 0.0013453777145267993 0.06004337295721759 0.6927292889004882 
1 0.05008760891535362 1.2151988508796883 0.040107514478772026 1.9150510180715812 0.06938235639187067 0.001154582996197024 0.06004271139248433 0.6603622462764307 
4 0.050152518203502895 3.381925346069012 0.04022490537770919 5.998480519444277 0.06939580540888335 0.7534400753031019 0.060078680389208196 1.974342107236307 
4 0.050151416806481205 3.42641070645899 0.040222933812116494 5.937476260787817 0.0693954903403712 0.7445830317333193 0.06007803347773054 1.8977074458033918 
1 0.05008970845344468 1.3543355850484973 0.04011155956009986 2.1354202467121395 0.06938245383350446 0.0013214995393307722 0.06004367666069736 0.7072399296135681 
1 0.05009151341833455 1.440989271292682 0.04011542402838954 2.1160889634372775 0.0693825863244678 0.001741954132352351 0.06004441993523572 0.7450754491163707 
2 0.05011344723839199 2.22183925357225 0.04015444368322791 3.4461472606599797 0.0693859403854857 0.2444261675795925 0.060055917065965095 1.1366667261096368 
4 0.05015533446020755 3.555444439301766 0.04022999546191784 6.160626425666214 0.06939660195991046 0.7766917945694243 0.06008033806301814 2.0313946653546386 
1 0.0500870748447453 1.171543985557128 0.04010695008743892 2.050642235704528 0.0693823081724329 0.001175045245606381 0.06004247067621438 0.6474131415122304 
1 0.05009151341833455 1.440989271292682 0.04011542402838954 2.1160889634372775 0.0693825863244678 0.001741954132352351 0.06004441993523572 0.7450754491163707 
2 0.05011139449196854 2.144035168191322 0.0401510758018618 3.2200757333610652 0.06938543363991019 0.23396239701165894 0.060054239339171346 1.0538650732679122 
2 0.050114990364614156 2.189099460517756 0.04015772478421924 3.471092139236996 0.06938627549102797 0.2513373118286365 0.06005687938932926 1.1631027363388582 
2 0.05011320098017209 2.196457936245841 0.04015451899867467 3.4107901267083927 0.06938589383651098 0.24332065787673524 0.06005570366432802 1.1132366176268733 
1 0.050087104445976895 1.176266289321575 0.040106034785735586 1.8137289081150976 0.06938229677546119 0.0011721171972389423 0.06004249616998693 0.6487090225152488 
2 0.05010739642629748 2.010399759882645 0.04014361502545129 3.046217388417451 0.06938470828029183 0.15777791511121902 0.060052101347594665 1.0836164549444276 
3 0.050135362276766224 2.9521774685279034 0.04019450713068469 4.9055940745263795 0.06939107042013926 0.6127452809942874 0.060068453275218925 1.5774829154105214 
1 0.05009200459320299 1.3785487329585282 0.0401148161939714 2.255302881001259 0.06938259473967619 0.0018000395230258876 0.06004465944617151 0.7567942600777263 
4 0.05015548583368552 3.560782137023941 0.04023023360341779 6.173579729154339 0.06939665036377254 0.7779690270226152 0.06008045244975914 2.0345252022048492 
3 0.05013083174365236 2.7435494837560017 0.04018690204764809 4.405045906442538 0.06938998598227188 0.519389939897262 0.060065643589349724 1.544343946628834 
2 0.05011205846689032 2.0950775048876147 0.04015209719594094 3.2980415420658318 0.06938555827626068 0.23640089394533184 0.060054632141486375 1.1498829349402142 
4 0.050153685747405086 3.5024862836256085 0.04022704331552016 6.072004497838438 0.06939615480336102 0.7635915235684693 0.06007940500980793 1.9993345303947456 
3 0.050127760223498595 2.6418617188639035 0.040180497368811366 4.56347100786868 0.06938922011682112 0.49687788267873667 0.06006403959786004 1.4862067147036353 
2 0.05011407870930158 2.189447076243054 0.04015574188890497 3.535384328878739 0.0693860709006617 0.24735946830320218 0.06005624780088904 1.1651276920411078 
3 0.05013314835759023 2.8198110311830726 0.040190550127164146 4.830360518247706 0.06939051118120416 0.5653355958294111 0.06006704221998773 1.5807360676700384 
3 0.050129969011915944 2.7145972247825987 0.04018503060656901 4.629655026392847 0.06938977964351736 0.5130205254682396 0.06006520069743555 1.482936017817111 
4 0.050150816740037095 3.4067207608454892 0.04022186348521957 5.902673035837552 0.06939535700559736 0.7399255040369692 0.060077676508841237 1.887103645331166 
2 0.05010743401124109 1.9942596929412324 0.04014355865680422 3.052452536249467 0.0693847236461437 0.15793603414030552 0.06005209475190852 1.0908350842718728 
4 0.050151875068183326 3.4406843498003896 0.04022375796103822 5.960931731771998 0.06939563166048897 0.7482640943553713 0.06007830018917186 1.9068419444475033 
1 0.05009087945096715 1.3468577454630775 0.04011313249251135 2.1088256236010983 0.06938253004448496 0.001599481722377291 0.060044159936608076 0.7319550769470844 
2 0.050107748234206315 2.0229377237853727 0.04014417529269414 3.1846890058160944 0.06938477796711227 0.15885810613576584 0.06005232212547675 1.0924494686052415 
1 0.050092873477824054 1.4594405299911246 0.04011737765039024 2.232464909122189 0.06938267293215425 0.0018253308262444745 0.060045066742605825 0.775315394003723 
4 0.05015283562317187 3.4748181681761645 0.04022553822064569 6.023432100627824 0.06939593058237538 0.7569796214380815 0.06007889638673695 1.982273733925524 
1 0.05008798854518589 1.2392114503101 0.040107586770280715 1.798403875217058 0.06938234934036268 0.0011379812475736026 0.06004286522202464 0.6674501938532019 
4 0.05014868701715301 3.338227567974516 0.040218095498951355 5.782605832697936 0.06939473968622312 0.7228684885530798 0.060076350007653004 1.898756138413616 
1 0.05008698590599479 1.150367251675815 0.04010656728259391 1.904913911002852 0.0693823013154454 0.0011854254729077994 0.060042441599869066 0.6452904043312201 
4 0.05015040730208033 3.3933250121435634 0.04022112803989969 5.877994035787898 0.06939522811708423 0.7365019107746574 0.0600774324081804 1.8248154510014731 
2 0.05010855682455255 2.0018987675576536 0.04014540249414388 3.393797597689654 0.06938490901403208 0.1817712402210915 0.0600526320320385 1.0893799822063506 
1 0.05009033859711831 1.3406767826712955 0.04011179002849802 1.9945679042913647 0.06938249478333038 0.0016204809088770586 0.060043925790049114 0.7201667110025018 
2 0.05011390105255242 2.253481271453366 0.04015470566629453 3.4905621373173887 0.06938602829374153 0.24651710806739752 0.0600560855537003 1.1242298230747338 
2 0.05010822985372183 2.0376021202659294 0.04014449820071831 3.2324432481637806 0.0693848499561226 0.1605554197966176 0.060052537272472575 1.082619653948536 
1 0.0500876570702818 1.198284244342001 0.040107001222801794 1.7092203375692478 0.06938234162144181 0.0011599645382039195 0.06004267776906134 0.6587775038477941 
1 0.050092549225929886 1.4835964585225863 0.04011568311121 2.2241199476069666 0.06938263124423455 0.0018561032383199283 0.06004489880573248 0.768106835694948 
4 0.050153359626585146 3.491915818110298 0.04022645998619266 6.051541575963127 0.06939606542979068 0.7609855536537031 0.0600792161555704 1.992885447223569 
3 0.050128135636536196 2.6534085642085983 0.04018152932911171 4.585119481334322 0.06938932774240233 0.49925483678158783 0.06006420937292395 1.4401741792270264 
4 0.050151256625547536 3.421052111560749 0.040222657506053354 5.927427716456359 0.0693954660005039 0.7435400644409433 0.0600779089426504 1.8397741178472966 
4 0.0501509671634223 3.4119254651489777 0.040222150964852134 5.913025902153635 0.06939536244027943 0.740882750364863 0.06007776519020254 1.8898908081897616 
3 0.05013003796818059 2.7170800967021966 0.04018461670010729 4.384718541416797 0.06938979009494348 0.5134815395920361 0.06006529142624195 1.5213884608609534 
4 0.05015389210093605 3.509400593191124 0.040227377068945566 6.081891093759419 0.06939619426338738 0.7650837292191934 0.06007952137053059 2.0031731335254648 
4 0.05014984481763668 3.3746159933431996 0.040220112231619067 5.845697923287129 0.06939507294936388 0.7320178393381855 0.060077104813246365 1.922114111757777 
3 0.05012873171962921 2.673346440426731 0.04018229157854969 4.614439112233213 0.06938947835932695 0.5036755238743302 0.06006455433028661 1.5071056461709291 
1 0.05009066986821496 1.3393361284426508 0.04011315290628807 1.9511543852474609 0.06938252323699459 0.0016195483755426488 0.060044069926189124 0.7263647549024137 
4 0.050154352674589696 3.5234386658420385 0.040228232121506176 6.108036720113458 0.06939635467551554 0.7689312118186121 0.06007979505097029 2.012028734032296 
4 0.050153441278458645 3.4946143525505553 0.04022660526921519 6.05616922665011 0.06939607996561732 0.7615863284001188 0.060079255241586485 1.9945051337760797 
4 0.050151120052049504 3.412790411157186 0.04022226846365712 5.91543062084642 0.06939540348503372 0.7417852048459244 0.06007780584566641 1.836167916628898 
1 0.05009075410185193 1.3285666154300657 0.04011303158289457 2.105347200154666 0.06938252708743214 0.001612804764995457 0.060044078762978036 0.7287065710036813 
2 0.050111008797140796 2.130353392083596 0.04014960974803761 3.294129443703561 0.06938535746173882 0.23243654609317507 0.060054115710131584 1.0967740680967726 
2 0.0501085997113699 2.0327401890139805 0.04014589722450081 3.292324253079432 0.06938492372574276 0.1819397664776349 0.06005270973175682 0.9728551400284211 
4 0.0501523596054788 3.4565932480385726 0.04022462851939601 5.991157676984727 0.06939575694584947 0.7520409906037668 0.06007859957942467 1.9714682300704247 
4 0.05014860383884503 3.33554799084857 0.040217939018967856 5.777347971194429 0.06939470668496601 0.7218829215541998 0.06007637007051575 1.8990376897744798 
1 0.05009063738983101 1.3684834517108646 0.04011308579680281 1.8982752940944398 0.06938249363168301 0.0016181471321857818 0.060044036562819425 0.7266092672567711 
4 0.05015425988296716 3.5211108806040032 0.04022807965929615 6.103874925542222 0.06939630846631681 0.7681441049643466 0.060079734273851104 2.01051060941017 
1 0.05009185027672046 1.4166952266288786 0.04011482911702052 2.1114958548915634 0.0693825826246032 0.0017085424590790918 0.06004459571196773 0.7533708463367879 
4 0.050147859466316794 3.3098293253308197 0.04021656863632527 5.7343154452301235 0.06939452387227196 0.7161139384258335 0.060075861108766296 1.8815916736697453 
3 0.05013117705548076 2.753931101447875 0.040187580721396436 4.416688329354111 0.06939005183357795 0.5212910270563869 0.06006578149116413 1.497161738249623 
3 0.05013029306111214 2.7252854913826328 0.04018514939098685 4.647297216372552 0.06938985379303514 0.515418777400104 0.06006538660535987 1.5260508495383587 
1 0.050094473678419224 1.5339470334294663 0.040119859346093766 2.356977304081628 0.06938281662242483 0.0017570079243692826 0.0600458038750495 0.8106452912736742 
4 0.05015312927902625 3.483842838878533 0.040226032985745785 6.038183105337365 0.06939598568056965 0.75891999313513 0.060079073868665255 1.9880781514493453 
1 0.050090284325923405 1.3566798912826232 0.040112302548912696 1.9668265903511393 0.06938250985745159 0.0015068686491849566 0.06004387527818653 0.718975485839597 
1 0.05008824459237763 1.2358608857797688 0.04010919269199413 1.8960757787534461 0.0693823399674079 0.0011115028943992436 0.060043008394776595 0.6743694927974838 
2 0.050113105847252884 2.141766006973678 0.04015382624132596 3.4166133336220326 0.06938586222269241 0.24276071764584878 0.06005559512810368 1.168596018574616 
4 0.05015101758705972 3.413012246091509 0.04022221079304257 5.912518574985974 0.0693953941597786 0.7413878499067434 0.06007777736627677 1.8904549270245095 
4 0.050154960007588 3.543427503742298 0.04022917819195702 6.144621112101598 0.06939649806428444 0.7736280790082336 0.060080139303071364 2.0240371646457964 
3 0.0501330287814515 2.7974310278975056 0.04019020703876048 4.881056106310124 0.06939048796733924 0.5639901945099112 0.06006699539986733 1.532047325293817 
3 0.050134928196904814 2.9184019704901205 0.040193374418966935 4.980843059151948 0.06939095459101322 0.6091494562835608 0.06006813315760615 1.6167914619096568 
2 0.050107272834148196 1.976854960432394 0.04014307234841476 3.2075915951389815 0.06938469039699882 0.1577556840957241 0.06005201196571554 1.0788111296464495 
1 0.050090492062533465 1.3607560787540876 0.04011343154971318 2.040323547563076 0.06938250567530355 0.0016072555485320689 0.06004400684199842 0.7229820103839576 
4 0.050148728984003896 3.3395281599005933 0.04021813841349746 5.7853318623916445 0.0693947546968218 0.7230875391757839 0.06007642180867283 1.9004964066983319 
3 0.050133508217403235 2.813285648255502 0.04019101385180967 4.848551853862134 0.06939060818491868 0.5971522303153495 0.06006725413555379 1.5878804297354996 
1 0.05008720716735353 1.176042336137445 0.040107167882686194 1.7952236228752512 0.06938229872886052 0.001163666671231775 0.06004255527526625 0.6513612877575625 
1 0.05009345861341996 1.46401517292361 0.040118099635607106 2.0575992595757517 0.06938272099841354 0.0018444661104358763 0.06004532479699613 0.7892956177999653 
1 0.05008788773246977 1.246713184264312 0.04010822106510533 1.9328962260038396 0.06938233184372057 0.0011205434986689042 0.06004282331276676 0.6648938410596921 
1 0.05009289301387933 1.4761779053229962 0.04011664353452628 2.279625239967948 0.06938267597770251 0.001864740042492394 0.06004504755267977 0.7766536042508837 
3 0.05013298903173162 2.7961103688193147 0.040190033670629954 4.912325524859232 0.069390475265149 0.5640259174955797 0.06006692480016398 1.5784449103579523 
3 0.05013007815483045 2.7184164274186498 0.04018516127257201 4.612363294566123 0.0693898068705303 0.5138609415354898 0.060065291226023845 1.5220147316848087 
1 0.05009350444013042 1.4652864391956808 0.0401182860629446 2.456749289037318 0.06938271270419699 0.0018408211178004147 0.06004531511258383 0.7889619441585246 
1 0.050090762481462305 1.3714448448045016 0.040113551826654034 2.012480760758701 0.06938253273896393 0.0016048893501646882 0.06004413592147848 0.7299708936231293 
2 0.050110741315808324 2.122112826067738 0.04014961165308181 3.2366614490984285 0.06938531503322912 0.2315122104293636 0.0600539294649096 1.055569869123938 
1 0.05009179883530257 1.4123403086952604 0.04011530483792399 2.1519317614495677 0.0693826133592512 0.0018206300581676631 0.06004456533307887 0.7520298106560784 
4 0.05015513422501351 3.548784205617809 0.04022955391607771 6.150241840092549 0.06939655061935775 0.7749884810214636 0.06008023811403448 2.0272452885011405 
1 0.05009418290585421 1.5397722988466884 0.0401190293365316 2.2893491215993804 0.0693827869545481 0.0017825608483967262 0.06004567306455999 0.8048421037037439 
2 0.05011444212968989 2.1826271747475046 0.04015611411727382 3.527477442416258 0.06938614880633881 0.2488077921439064 0.06005651158967534 1.1923754717643495 
1 0.05009448363288872 1.4829790552606976 0.04012056039426275 2.2466484758907206 0.06938282922157528 0.0017616163610995432 0.06004575536816775 0.8102009622253382 
3 0.05012873171962921 2.673346440426731 0.04018229157854969 4.614439112233213 0.06938947835932695 0.5036755238743302 0.06006455433028661 1.5071056461709291 
1 0.050087474197327266 1.1640804871305204 0.040107028265809905 1.8201844309416777 0.06938233630813184 0.0011432375553280126 0.060042651386818656 0.6565714258562352 
1 0.05009373567430837 1.5062415008374375 0.04011821221241811 2.0394114637177054 0.06938276568585582 0.001819085115886738 0.0600453973050342 0.7939986276659503 
1 0.050091133137505205 1.3444043083232216 0.04011389505549699 2.0790869100877023 0.06938254661410966 0.00174931166964103 0.06004426913940454 0.7364434491972676 
3 0.050129602691865685 2.7024967442207943 0.04018448220812419 4.296108776423493 0.069389688167767 0.5100645855806711 0.0600650065902702 1.4683965053718135 
3 0.05012908351150584 2.6859279287778364 0.04018287334459443 4.5318090453735875 0.0693895601954394 0.5065622354813397 0.06006473029143233 1.5117621443835125 
4 0.05015132971738677 3.4239061889186586 0.04022280347084524 5.93342040585479 0.06939549326598016 0.7442408917214388 0.060077972741197784 1.89673221599095 
1 0.05009063738983101 1.3684834517108646 0.04011308579680281 1.8982752940944398 0.06938249363168301 0.0016181471321857818 0.060044036562819425 0.7266092672567711 
2 0.0501116408364245 2.1509784659630227 0.04015139795457893 3.2785863444159298 0.06938548330343408 0.23497230152691323 0.06005447867642973 1.1431478552404577 
1 0.050087416222260706 1.1634403989968707 0.04010712793567272 1.869733812160467 0.0693823243383597 0.0011467313805878423 0.060042644538601087 0.6560512672154034 
2 0.05010929034158949 2.073601585306963 0.04014690682741137 3.3365968759121123 0.06938504648025987 0.22545650961534158 0.06005310191138831 1.1023706397584523 
3 0.05013036804180913 2.727868322219975 0.04018539328893263 4.667864156216657 0.06938985753368232 0.5157333250340876 0.06006542539946351 1.5276461452798071 
3 0.05013235698461478 2.7750585794577405 0.040188792437210824 4.825780121590706 0.06939032961167502 0.5590741049088269 0.06006654154765062 1.5652404354687928 
3 0.05013164626982697 2.769683595718361 0.040187892491918516 4.727174931630993 0.06939015359432876 0.525192770650355 0.06006604645792679 1.5059520837764349 
2 0.05010773184758475 1.9918320695821492 0.04014396800821797 3.1680884657698334 0.06938476484339005 0.1586643860565672 0.060052332937152765 0.9103149886581624 
4 0.05014999408850897 3.3802638720756497 0.04022040024194782 5.855580150887688 0.0693950900500502 0.7331054705534594 0.06007718960618559 1.8726040921991154 
4 0.050148821483235864 3.341835041410789 0.04021831118586148 5.790010927788337 0.06939476342006737 0.7235590902241392 0.06007648331029506 1.849743845907092 
4 0.050149923845940234 3.3775071666957275 0.040220260111053514 5.8526172698990875 0.06939510211724731 0.7328448987548529 0.06007713264832022 1.923307911161859 
2 0.05010743401124109 1.9942596929412324 0.04014355865680422 3.052452536249467 0.0693847236461437 0.15793603414030552 0.06005209475190852 1.0908350842718728 
3 0.05012925398259847 2.6907029301454153 0.0401840101454176 4.227061362348754 0.06938961071016618 0.5074212945611084 0.060064825261822864 1.4614102440810959 
1 0.05009350444013042 1.4652864391956808 0.0401182860629446 2.456749289037318 0.06938271270419699 0.0018408211178004147 0.06004531511258383 0.7889619441585246 
1 0.05009045478567111 1.3186214300288346 0.04011299910636195 2.0651295119655755 0.06938251169462109 0.0016121547694879618 0.060043973496415284 0.7223903028453889 
1 0.050087773706015734 1.1889520081379437 0.04010763849952001 1.9218243779302469 0.0693823242398475 0.0011507812903871176 0.060042799646375586 0.6638572714182012 
2 0.050114518083965345 2.1673711435300733 0.04015647909354052 3.4528831053044042 0.06938616255484438 0.24926222058598588 0.060056555301868465 1.1933468382758456 
3 0.05013121680091246 2.7552496853990824 0.04018670399130142 4.759302336376623 0.06939005647953377 0.5219515074788547 0.06006582366410566 1.5504482538301374 
1 0.050087940333338264 1.1853077054295666 0.040107618122613806 1.819317457935583 0.06938232786181005 0.0011434248372642663 0.060042858053485415 0.6662508048340171 
1 0.05009033859711831 1.3406767826712955 0.04011179002849802 1.9945679042913647 0.06938249478333038 0.0016204809088770586 0.060043925790049114 0.7201667110025018 
4 0.0501523596054788 3.4565932480385726 0.04022462851939601 5.991157676984727 0.06939575694584947 0.7520409906037668 0.06007859957942467 1.9714682300704247 
4 0.05014832725261218 3.3259125915933594 0.0402174104791608 5.760134711029702 0.06939465375985769 0.7198984722084701 0.060076184829065946 1.8923016330152804 
3 0.050132636018428614 2.784304894293291 0.040189380332213996 4.609839026590164 0.06939040202396358 0.5613127304651837 0.06006668856300075 1.571331705732629 
1 0.05009030584668141 1.37542991709884 0.040113016031695994 2.123524325055212 0.06938250568294722 0.0015093293712235135 0.060043883597296545 0.7184467405893719 
1 0.05008970845344468 1.3543355850484973 0.04011155956009986 2.1354202467121395 0.06938245383350446 0.0013214995393307722 0.06004367666069736 0.7072399296135681 
2 0.05011390105255242 2.253481271453366 0.04015470566629453 3.4905621373173887 0.06938602829374153 0.24651710806739752 0.0600560855537003 1.1242298230747338 
2 0.05011447251104282 2.23646059022062 0.04015678853872661 3.7366842146057238 0.06938616743976447 0.2491914251489215 0.06005650963184387 1.0954305410842085 
1 0.05009223024011703 1.4761028876523903 0.04011611384185998 2.30789861105022 0.06938261050398031 0.0017747058839761424 0.06004479340439852 0.7621710459160957 
4 0.05015283562317187 3.4748181681761645 0.04022553822064569 6.023432100627824 0.06939593058237538 0.7569796214380815 0.06007889638673695 1.982273733925524 
2 0.05010970231252019 2.0875677108456636 0.04014736294470643 3.4134989572526186 0.06938510666926626 0.22712458732114377 0.06005322637933201 1.1098927185807423 
4 0.05015072457642374 3.4040148258480905 0.0402217147041808 5.898860768795087 0.06939533011314666 0.7393826069390415 0.06007761297039207 1.884579179694145 
1 0.05009217898211734 1.4194258957399293 0.04011584329441241 2.1453612220415543 0.06938261914251527 0.0017822290319177488 0.0600447424579699 0.7605008674337875 
2 0.05011077366005947 2.1237910711870644 0.040149700114814904 3.433468404898629 0.06938531685231078 0.23153421388280204 0.060053976641476034 1.0569184584778573 
2 0.050113655104727296 2.1936280800571124 0.04015519149699892 3.4676086190117004 0.06938599041812657 0.24531677031802754 0.06005599587375606 1.1398232382575169 
1 0.050088778820787626 1.1928245620049727 0.04010971148292913 1.7908685484843616 0.06938240121102739 0.0013222551400661727 0.06004324432942898 0.6851846229404097 
2 0.050110519353622804 2.1339035193919225 0.040149470496508036 3.410025920286526 0.06938527941938097 0.2306339634552801 0.06005380056257328 1.0162699106398396 
3 0.05013160651091866 2.768362615844702 0.04018744991829139 4.59816985899202 0.06939013905799155 0.5246539958328068 0.06006598706522698 1.5503656310978111 
3 0.05013060495031232 2.7357900007409883 0.04018583558692276 4.7315341992636055 0.06938991463453516 0.5176341565201973 0.060065526434093394 1.4951688443652316 
1 0.050094473678419224 1.5339470334294663 0.040119859346093766 2.356977304081628 0.06938281662242483 0.0017570079243692826 0.0600458038750495 0.8106452912736742 
4 0.050151789663057236 3.4386234702238925 0.04022359118387096 5.958161723139299 0.0693955833967664 0.7475408942924935 0.0600782274935858 1.9600440575842886 
2 0.050110331381120754 2.0588840132848487 0.040148252932037 3.222977336519417 0.069385236408622 0.22984776495900797 0.06005361966032485 1.0014793217169071 
1 0.05008836861943611 1.2053478709578462 0.04010865813369848 1.907302572533699 0.06938240284272959 0.0011016451408906026 0.06004303325506897 0.676898581343999 
4 0.050149513775633744 3.363980457062174 0.040219516433585935 5.827454598648258 0.06939497700917194 0.7293547136097477 0.06007687559908166 1.9146667233239019 
3 0.05013365983107001 2.8184259848197377 0.04019130873550771 4.809532241581579 0.06939064555670471 0.5983671951458559 0.06006734128506841 1.5916859027442272 
3 0.05013079150503082 2.7422114276551683 0.04018679249192744 4.408807970646317 0.0693899702596748 0.518835531526985 0.06006560960746885 1.535850172096413 
3 0.050133544354141815 2.814562006755987 0.04019103320547603 4.812893832307377 0.06939062190252474 0.5974563590324542 0.060067261516611514 1.595191013317713 
3 0.050135124475793255 2.924934017695231 0.04019443710821336 4.975737391928524 0.06939102339718903 0.6109945627541651 0.06006827128388451 1.5793989029307909 
1 0.05009393048682128 1.4506670624305205 0.040119224444779514 2.023057095741578 0.06938277416902745 0.0018074801638659598 0.06004553386496705 0.7992799081191245 
4 0.050152645011730265 3.4674687352325435 0.04022550835302001 6.006197210029178 0.06939582607906865 0.7544878691659602 0.06007876801855945 1.977862526686613 
1 0.050089216579580466 1.262749147749356 0.04011041354922718 1.9955646792116504 0.0693824258361108 0.0013025241119075856 0.06004340622155768 0.6932306009001942 
3 0.05013192465010892 2.778950009889295 0.04018826701239038 4.868686532039269 0.06939021663474218 0.5272942548019086 0.06006617651449949 1.557096916615043 
3 0.050135242110048675 2.948244852744046 0.04019366102155306 5.007487512194553 0.0693910256110389 0.6119819883063897 0.060068352166550945 1.5758883249645126 
4 0.050149585526152854 3.3573088006977736 0.04021939340671336 5.825517153974603 0.0693949301085944 0.7285089204065922 0.060076861406591964 1.9158862984934508 
3 0.05012936317367076 2.6945422047205208 0.040183482235077644 4.6562541953279295 0.06938962267252875 0.5084366456623852 0.06006491281783487 1.5078807440640916 
1 0.050087474197327266 1.1640804871305204 0.040107028265809905 1.8201844309416777 0.06938233630813184 0.0011432375553280126 0.060042651386818656 0.6565714258562352 
2 0.05010828994876195 2.0408197214229316 0.040144997577599456 3.2831117757647568 0.06938485930724263 0.16082197689647515 0.060052588009075814 1.0160538294480583 
2 0.05011203930635298 2.1449902350837875 0.040151958383066275 3.2601346638489916 0.0693855423972169 0.23620073347449058 0.06005454673993864 1.151433986602801 
3 0.050134809455530484 2.8951201326116447 0.040193267640615454 5.046840541066192 0.06939091679137165 0.608251740282783 0.0600680464151533 1.5671806346834087 
4 0.050149180110582336 3.353926458084522 0.04021893892305551 5.808591362795229 0.06939488333272159 0.7266521022533239 0.060076702089442935 1.8562775274720082 
3 0.050132909110862836 2.793465582979048 0.040189876305099854 4.900404167631318 0.06939046958798313 0.5636504214960202 0.060066905772987234 1.5370907649051384 
2 0.050109655664820466 2.03717832277767 0.040147544842605444 3.247896996045653 0.06938512004638289 0.22703981008149174 0.060053318186163364 0.9662908508336802 
4 0.05015051776329893 3.3973907292522227 0.040221341885696774 5.888425766105945 0.06939524045996655 0.7375065552069403 0.06007748997919145 1.8269001529881443 
3 0.05013365983107001 2.8184259848197377 0.04019130873550771 4.809532241581579 0.06939064555670471 0.5983671951458559 0.06006734128506841 1.5916859027442272 
4 0.0501509671634223 3.4119254651489777 0.040222150964852134 5.913025902153635 0.06939536244027943 0.740882750364863 0.06007776519020254 1.8898908081897616 
2 0.05011352531497715 2.2242387311428997 0.04015439167675263 3.489393618241087 0.06938595244936889 0.24485597855283414 0.06005593092795965 1.17652250002653 
3 0.05012964258778111 2.7038462901127644 0.040184393470600537 4.666661356718931 0.0693896959618607 0.5106105688892901 0.060065042617318286 1.513629651858034 
4 0.0501549209234257 3.4602746823636723 0.04022921497760465 6.139140817840963 0.0693964844945345 0.7734111276339036 0.0600801061402423 2.0234556133517456 
4 0.05014955699203394 3.3652329026382874 0.04021962431212688 5.830477683620276 0.06939499295999804 0.7297069978333484 0.0600768846938816 1.9153889771714934 
1 0.050090762481462305 1.3714448448045016 0.040113551826654034 2.012480760758701 0.06938253273896393 0.0016048893501646882 0.06004413592147848 0.7299708936231293 
2 0.05011131734371756 2.14088123767378 0.04015060934371774 3.1901055317929927 0.06938541374388035 0.2336851116204238 0.060054282321030925 1.0674224341119474 
2 0.0501081787729436 1.9890826675158202 0.04014492876310523 3.34176021948103 0.06938485723059003 0.16052633291483404 0.06005248948265048 1.082003617298518 
4 0.05015304829490983 3.48106296394862 0.0402258900194523 6.033329794855857 0.06939595478248466 0.7582416934232264 0.06007901685460154 1.9865472432276872 
1 0.05008836861943611 1.2053478709578462 0.04010865813369848 1.907302572533699 0.06938240284272959 0.0011016451408906026 0.06004303325506897 0.676898581343999 
1 0.05009040018832295 1.3428814560333384 0.04011305723533964 2.073363697666942 0.06938247795644192 0.0016174187342892418 0.06004394498685113 0.7206923785601778 
2 0.05010970231252019 2.0875677108456636 0.04014736294470643 3.4134989572526186 0.06938510666926626 0.22712458732114377 0.06005322637933201 1.1098927185807423 
4 0.05015405795574361 3.5144826215190124 0.04022771331492951 6.092583879770797 0.06939626595972077 0.7666001346840378 0.060079624594814474 2.0064529277728753 
1 0.050086908126441024 1.162626550142424 0.04010543644668653 1.8277036857618074 0.06938226090342443 0.0011841238244029984 0.06004239911349145 0.642543452366138 
1 0.050093964651222976 1.4999208993054753 0.04011878808866051 2.2774385112920834 0.06938275402563207 0.0018041818193378508 0.06004556842507147 0.799601001038601 
4 0.05015487944346243 3.4589658505949763 0.040229119977276226 6.1367621722461045 0.0693964820437244 0.772991225341034 0.06008010585420287 2.022742534995383 
3 0.05013184516220701 2.7763020706790575 0.040187693668626505 4.802300740925412 0.0693901924742889 0.5267743871767481 0.060066155646743405 1.5553858584381328 
2 0.05010899612095239 2.0819970572839663 0.04014597251345375 3.186165652772144 0.06938498952453467 0.18325199127271893 0.060053014572653385 1.0972965178158764 
2 0.05011522637970837 2.2817552879512024 0.04015765589354799 3.6282721022330535 0.06938632130704474 0.2524476802545312 0.06005700555720102 1.168048306556312 
1 0.050091266975657564 1.3546684299934573 0.040113961851162415 2.2481271808485364 0.06938255854113948 0.0017350263278049596 0.060044327788125317 0.7403623051907029 
2 0.05010747927420881 1.966520489190867 0.04014341355913953 2.9223433400661687 0.06938471430311888 0.15817637454345662 0.06005230097479538 1.052541398299232 
4 0.050148728984003896 3.3395281599005933 0.04021813841349746 5.7853318623916445 0.0693947546968218 0.7230875391757839 0.06007642180867283 1.9004964066983319 
2 0.050111008797140796 2.130353392083596 0.04014960974803761 3.294129443703561 0.06938535746173882 0.23243654609317507 0.060054115710131584 1.0967740680967726 
1 0.050094165404643044 1.4960851059760454 0.04011954227806336 2.410746938429393 0.06938278796910916 0.0017859555298721259 0.06004563493668595 0.8044122359158432 
1 0.05008959495089752 1.2687796042593806 0.04011083590481949 1.966330369880416 0.06938244692828822 0.0013075111389786918 0.060043595062689734 0.7026906360400738 
4 0.050152260237362925 3.4546599393579642 0.04022443076732403 5.985950832603281 0.06939572393956066 0.7513835802655058 0.06007853612970602 1.9696306774662795 
1 0.050092423881893014 1.4011411742475155 0.04011614726631178 2.2230988091491897 0.06938263634587487 0.0018657471685920904 0.06004485840699314 0.7659572932366573 
2 0.050113794687171406 2.215098723514714 0.04015468979061545 3.48268012108545 0.06938598828089895 0.24598560798516092 0.060056028626533295 1.122315393114232 
3 0.05012829544854268 2.658781102454158 0.04018153381211252 4.592962247735594 0.06938936752364241 0.500412133390175 0.06006433214038417 1.4866790228015565 
4 0.0501540286970368 3.5129570286763383 0.04022768179263545 6.089665707986593 0.06939624177113515 0.7661839457105972 0.06007958926932679 2.005501878125534 
2 0.05011205846689032 2.0950775048876147 0.04015209719594094 3.2980415420658318 0.06938555827626068 0.23640089394533184 0.060054632141486375 1.1498829349402142 
3 0.05013036804180913 2.727868322219975 0.04018539328893263 4.667864156216657 0.06938985753368232 0.5157333250340876 0.06006542539946351 1.5276461452798071 
1 0.050091747190302294 1.3690759990535029 0.04011492645345697 1.9664370847551786 0.06938259402937194 0.0017246244856340173 0.060044547549793915 0.7501532100222748 
4 0.05015459419579858 3.5313690768675334 0.04022861944864897 6.120105246476255 0.06939641895001236 0.7709147415905397 0.06007993212478553 2.0166503597283567 
4 0.050148903212124916 3.34472375615803 0.0402184488381163 5.79463859415773 0.0693947944149177 0.7243100538198881 0.06007651330621688 1.9026579222035633 
3 0.050132636018428614 2.784304894293291 0.040189380332213996 4.609839026590164 0.06939040202396358 0.5613127304651837 0.06006668856300075 1.571331705732629 
3 0.050129602691865685 2.7024967442207943 0.04018448220812419 4.296108776423493 0.069389688167767 0.5100645855806711 0.0600650065902702 1.4683965053718135 
1 0.05009004397327667 1.3417546714405126 0.04011211795836238 1.9685276803659746 0.06938246455960811 0.0015038884905239204 0.060043781701156804 0.7126641549285206 
1 0.05008825308344269 1.225250898417275 0.040108679643833425 2.0157085378408732 0.06938236325013834 0.001107775351009617 0.06004301926226728 0.6751986575407781 
1 0.05009437266849669 1.5183931778863227 0.04011962203603857 2.3628922865417707 0.06938278875779307 0.0017769936948376856 0.06004573190008511 0.8069519775759127 
4 0.05015500073919245 3.544743866094879 0.040229332889445364 6.145222534197224 0.0693965240879624 0.7741262729118018 0.06008016241125025 2.0247497111549815 
1 0.05009043119914808 1.379369878765041 0.040112526375504755 2.1110152839767276 0.06938249399925492 0.0016146872217122226 0.0600439404436773 0.7215510045410337 
3 0.05013196459560171 2.761918123842183 0.04018758360435386 4.835252100878616 0.06939023195687903 0.5276130406318789 0.06006620363550904 1.557909291815195 
3 0.050135565127696645 2.958904185669889 0.04019471275300289 5.016283515747107 0.06939109624739896 0.6147318966933731 0.060068488023152136 1.5881988584245395 
2 0.05011119666787459 2.137276831227135 0.04014988913874814 3.3094523534891294 0.06938539992610707 0.2333417143319248 0.060054155303047474 1.1379645563040752 
1 0.05009345861341996 1.46401517292361 0.040118099635607106 2.0575992595757517 0.06938272099841354 0.0018444661104358763 0.06004532479699613 0.7892956177999653 
4 0.05014999408850897 3.3802638720756497 0.04022040024194782 5.855580150887688 0.0693950900500502 0.7331054705534594 0.06007718960618559 1.8726040921991154 
2 0.05011539176787495 2.206597071922451 0.040158170890957544 3.7483377230169537 0.0693863430682312 0.2532052681590082 0.06005713989412194 1.171177146486959 
4 0.050149350716551314 3.358668060991893 0.04021924456766453 5.82003616309398 0.06939494636289319 0.7282580455145601 0.06007675830469095 1.9113100362841515 
2 0.050107816381759776 2.0239726443355335 0.04014447844224499 3.2483328650511516 0.06938477280536609 0.15911217628527344 0.06005238846366499 1.0772433428913026 
2 0.050112140840462935 2.1493592245776894 0.040151607871389286 3.284226260656189 0.0693855550182439 0.2367225833994953 0.06005468020288712 1.15214276621924 
3 0.05013540303100798 2.953425435403747 0.040194168252973464 5.006019545366712 0.06939107311939612 0.6135694556331461 0.060068432634009725 1.6259333921658758 
4 0.05015291430275287 3.4774779404925935 0.04022566540207987 6.027957705108451 0.06939594065145312 0.7573564098619057 0.06007897037704788 1.9841786899924376 
3 0.05012964258778111 2.7038462901127644 0.040184393470600537 4.666661356718931 0.0693896959618607 0.5106105688892901 0.060065042617318286 1.513629651858034 
3 0.0501301588481732 2.7210826769774004 0.04018529079628498 4.699527689963765 0.06938982019057484 0.5143815844815431 0.06006530283444278 1.486751758073812 
3 0.05013064451114515 2.737130559321085 0.04018571534973957 4.715889721216807 0.06938993263769967 0.5178766643193775 0.06006556367526929 1.5326823144127146 
4 0.050153281385014334 3.4893107098359386 0.04022633368893005 6.046961805151266 0.06939602003066009 0.7600681753773209 0.06007917106989995 1.9915111671328103 
2 0.05011205846689032 2.0950775048876147 0.04015209719594094 3.2980415420658318 0.06938555827626068 0.23640089394533184 0.060054632141486375 1.1498829349402142 
3 0.05013358027970697 2.8157852745903305 0.0401911502215101 4.901090174681262 0.06939063060610692 0.5977696009938589 0.060067354730564446 1.5891864798571331 
4 0.05015040730208033 3.3933250121435634 0.04022112803989969 5.877994035787898 0.06939522811708423 0.7365019107746574 0.0600774324081804 1.8248154510014731 
1 0.05008754242943728 1.1882619583418836 0.0401065490128322 1.7693172043007812 0.06938232765323445 0.0011628635124474305 0.060042687749751564 0.6581283784076639 
2 0.05010920577389829 2.070828588995357 0.0401465485811683 3.3016756170828736 0.06938504135002918 0.20430380422768862 0.0600531411402014 1.1006243494671024 
4 0.05015217860783362 3.452012431751844 0.040224286029127365 5.980129214873514 0.06939572466977006 0.7509241804043219 0.060078496980733434 1.9678175096317414 
4 0.05015533446020755 3.555444439301766 0.04022999546191784 6.160626425666214 0.06939660195991046 0.7766917945694243 0.06008033806301814 2.0313946653546386 
1 0.050090219547309155 1.3371594727610727 0.04011248722147365 2.0648892913295858 0.069382487250138 0.0016311878797546323 0.06004387916826326 0.7174553027352722 
1 0.05009223024011703 1.4761028876523903 0.04011611384185998 2.30789861105022 0.06938261050398031 0.0017747058839761424 0.06004479340439852 0.7621710459160957 
1 0.050093818189064554 1.5127669145583793 0.040119051546748316 2.1564923943377567 0.06938276231718145 0.0018147102218154347 0.06004545017573905 0.7962340591687648 
1 0.050087262811223 1.1853152969629213 0.04010674242227779 1.829676333394639 0.0693822991537333 0.0011580910818595796 0.06004257411674578 0.6515849359077243 
3 0.050135124475793255 2.924934017695231 0.04019443710821336 4.975737391928524 0.06939102339718903 0.6109945627541651 0.06006827128388451 1.5793989029307909 
3 0.05013496825900614 2.9198070526629065 0.04019341667577762 4.982764520885017 0.06939095235311776 0.6095388977175575 0.060068140702439 1.623304735106064 
4 0.05015500073919245 3.544743866094879 0.040229332889445364 6.145222534197224 0.0693965240879624 0.7741262729118018 0.06008016241125025 2.0247497111549815 
4 0.05014878061911976 3.340554256991415 0.040218244175468695 5.787685383512856 0.06939476380591922 0.7233659200919941 0.06007643557863085 1.9003885639939782 
4 0.050154472138155784 3.5274121831255947 0.0402284359856499 6.117145941227697 0.06939638321576909 0.7700466411417617 0.060079826984108575 2.014214842650694 
4 0.05015327843735064 3.487156108116544 0.040226228740521335 6.044732592695661 0.06939604017629716 0.7602733108616333 0.06007911306606687 1.9899737488754035 
3 0.050131765325858946 2.7736557435836255 0.04018789868011744 4.79285728628238 0.06939018227343517 0.5259741329947587 0.06006606502715174 1.5609712078036375 
1 0.05008836861943611 1.2053478709578462 0.04010865813369848 1.907302572533699 0.06938240284272959 0.0011016451408906026 0.06004303325506897 0.676898581343999 
4 0.05015213802757366 3.4506905060481174 0.04022421695394095 5.977839647170135 0.06939570492063024 0.7505449476198575 0.060078468268419935 1.9670290759231754 
4 0.0501502794396669 3.3893076598011262 0.040220904076873586 5.870895940831071 0.0693951902928402 0.7355314547267408 0.06007734711959025 1.930600504903661 
4 0.050148121621158025 3.319453083370793 0.04021705444700825 5.750909424637355 0.06939458945462837 0.7182352114663346 0.06007604320757345 1.888656421830887 
1 0.05009243675375223 1.5081282181022666 0.04011652019097247 2.0858647112540636 0.06938263885661246 0.0018728568020283348 0.06004488050266428 0.7672388223506793 
1 0.05008701332888511 1.1746428806187956 0.04010645595433958 1.9508456227760902 0.06938229046664081 0.0011809492389405754 0.06004247074961553 0.6463501180259176 
2 0.050109655664820466 2.03717832277767 0.040147544842605444 3.247896996045653 0.06938512004638289 0.22703981008149174 0.060053318186163364 0.9662908508336802 
4 0.05014832725261218 3.3259125915933594 0.0402174104791608 5.760134711029702 0.06939465375985769 0.7198984722084701 0.060076184829065946 1.8923016330152804 
1 0.050092070287719816 1.4529760785558667 0.04011536906535576 2.139065806756865 0.06938260884329273 0.0017960614690548937 0.060044662209867004 0.7575069233344517 
3 0.05013267534407602 2.7856284173507033 0.04018933136812074 4.705775146511395 0.06939040314858343 0.5613982974699873 0.06006675568170912 1.5715359019540003 
3 0.05013417929034351 2.83559569689115 0.04019202303413792 4.9371339078443155 0.06939076648209846 0.6029522401280474 0.060067645024658764 1.602076614377697 
3 0.05013079150503082 2.7422114276551683 0.04018679249192744 4.408807970646317 0.0693899702596748 0.518835531526985 0.06006560960746885 1.535850172096413 
4 0.050154714427974055 3.5352250756881105 0.04022885596609581 6.1270950506225415 0.0693964417380484 0.7717770071454276 0.060080000061503845 2.019297215793851 
3 0.050129443054322896 2.6972037348022564 0.04018368083913457 4.601710710742491 0.0693896462994609 0.5092557947428633 0.06006493334464116 1.4738408370484941 
2 0.05011040523979071 2.0935806307365494 0.040149278518583964 3.2479056460129208 0.06938525779734525 0.2301583343059841 0.06005373260383014 1.1231696269227354 
2 0.05011016392086459 2.1038618251279884 0.040148681347709166 3.3247749243836373 0.06938520991996062 0.2291261224901675 0.060053574294122856 1.1185279711230784 
4 0.05014958544792494 3.366936793639468 0.04021968159932255 5.832318139667992 0.06939499781659651 0.7299488952415388 0.06007693117626025 1.9164550879966853 
3 0.05013500470821092 2.920939900390293 0.04019353344806154 4.983534783248459 0.0693909743294322 0.6101286603134423 0.06006819721382497 1.5706649149718719 
2 0.0501077085260397 1.9753118912874996 0.04014400775699433 3.167876061883367 0.06938475052421643 0.15875552085803257 0.06005225930168342 1.0878016504503534 
2 0.05011320098017209 2.196457936245841 0.04015451899867467 3.4107901267083927 0.06938589383651098 0.24332065787673524 0.06005570366432802 1.1132366176268733 
1 0.050094415532002876 1.481294351245403 0.040119799622282334 2.260817258600001 0.06938280277094766 0.0017681805713532373 0.06004571877534538 0.8080300631677908 
2 0.050108724450341716 2.0546946409174405 0.04014576349939168 3.191847214747777 0.06938494637243113 0.18201995097612506 0.06005278776893005 1.092213657828355 
4 0.0501549209234257 3.4602746823636723 0.04022921497760465 6.139140817840963 0.0693964844945345 0.7734111276339036 0.0600801061402423 2.0234556133517456 
1 0.05009170803362336 1.3657989743098877 0.04011517535032554 2.183991247607292 0.06938258996408628 0.001730070499854492 0.06004450096041131 0.7492956644702949 
1 0.05008964529804981 1.2964442713781277 0.04011110489345158 2.1012014892617805 0.06938242711503848 0.0013344639397758792 0.06004361075329976 0.7038866063080319 
2 0.05010832579533695 1.9937006362890055 0.040144946384533864 3.22953685584841 0.06938486302625105 0.1606064100095108 0.06005261450485612 1.0920505772531766 
3 0.0501281757682292 2.654776931387149 0.04018142286135616 4.621033521091595 0.06938934472125677 0.49971803282103194 0.06006423430500324 1.4928929991650537 
1 0.05009189539734622 1.3755593107489656 0.040115919102246746 2.201931081476892 0.06938260334234264 0.001804450361625223 0.06004465341098155 0.7544597161710064 
1 0.05009189539734622 1.3755593107489656 0.040115919102246746 2.201931081476892 0.06938260334234264 0.001804450361625223 0.06004465341098155 0.7544597161710064 
1 0.050092873477824054 1.4594405299911246 0.04011737765039024 2.232464909122189 0.06938267293215425 0.0018253308262444745 0.060045066742605825 0.775315394003723 
3 0.05012956278606442 2.701170416387003 0.04018366541797584 4.666994391791833 0.06938966562807448 0.50986611218482 0.060064989966615724 1.5118432594971738 
2 0.050110924153233885 2.096778053694871 0.0401501031606145 3.2402180044869446 0.06938534653744935 0.23210377081223932 0.060053926716107466 1.0826023894947165 
3 0.050128416795576114 2.66276214028048 0.04018222552955786 4.425973879558344 0.06938940145463876 0.5011892284877068 0.060064364107959414 1.500706655718838 
4 0.05015145213593528 3.4279008043585777 0.0402230116856105 5.9407596088962 0.0693954957674671 0.7448406063417632 0.06007806629444616 1.9536614084192443 
3 0.05012917528430709 2.6880712304326684 0.040183530579042157 4.634701574152016 0.06938957435005386 0.506675633288949 0.06006475351340714 1.504193494452726 
3 0.05012873171962921 2.673346440426731 0.04018229157854969 4.614439112233213 0.06938947835932695 0.5036755238743302 0.06006455433028661 1.5071056461709291 
4 0.05015012655642026 3.3843846879241752 0.04022059273662311 5.863240401121377 0.06939512861244806 0.7342368091332474 0.06007724226831296 1.8201633327733788 
3 0.050135362276766224 2.9521774685279034 0.04019450713068469 4.9055940745263795 0.06939107042013926 0.6127452809942874 0.060068453275218925 1.5774829154105214 
4 0.05015352373577442 3.4972564853749626 0.040226761024404444 6.0612336307390775 0.06939610311099247 0.7622612786698378 0.06007930224575777 1.996115571131169 
3 0.0501320839689174 2.765875525767695 0.04018873657309177 4.770570621922995 0.06939026709171922 0.5569278727374627 0.0600662935288513 1.5671478503363567 
2 0.050112705139970716 2.1175173266940908 0.04015305776807705 3.1588959515590203 0.06938566148016859 0.2391506202439319 0.060054964195067874 1.1639961625192037 
2 0.05011463098324043 2.188729592726992 0.04015685129134502 3.521883942399877 0.06938619910673927 0.24989968825933295 0.06005666450466214 1.1958939032344629 
3 0.050132755843886566 2.806662505737376 0.040190344751983895 4.505910723268208 0.06939043616157606 0.5621090154273695 0.0600668533034736 1.572575298401767 
3 0.05013461062844249 2.8692309709476604 0.04019326794964404 4.951734009753581 0.06939088458384336 0.6063829725091228 0.06006795191582896 1.61060902313977 
3 0.050127760223498595 2.6418617188639035 0.040180497368811366 4.56347100786868 0.06938922011682112 0.49687788267873667 0.06006403959786004 1.4862067147036353 
1 0.05008873615127039 1.1723584117024326 0.04010960227130307 2.0155610155720574 0.06938239892032302 0.0012219621443394972 0.06004320074877915 0.6837164329126294 
3 0.05012851986479222 2.667195070954368 0.0401819009151666 4.6096524020666845 0.06938943116477957 0.5026151419074457 0.06006445400296686 1.4483148896607463 
1 0.05009393048682128 1.4506670624305205 0.040119224444779514 2.023057095741578 0.06938277416902745 0.0018074801638659598 0.06004553386496705 0.7992799081191245 
3 0.05013157121346799 2.767126252305782 0.04018746050874007 4.781943061617442 0.06939013833091803 0.5245418022130706 0.06006600210964572 1.5497828287986783 
2 0.05011008467145719 2.100622950797555 0.04014863045698215 3.22968849148956 0.06938520105171861 0.22888585882756374 0.060053520646368416 1.1176662516983664 
1 0.050089206654911844 1.2514526409464208 0.04010998256583613 1.8885046528619072 0.06938241995524123 0.0013402301386266848 0.06004339193883244 0.6940332926277897 
4 0.05014912938499796 3.3527321681442595 0.040218856452372574 5.8085258455703395 0.06939488421360004 0.7264575889627791 0.06007667460527426 1.907629022473951 
4 0.050154472138155784 3.5274121831255947 0.0402284359856499 6.117145941227697 0.06939638321576909 0.7700466411417617 0.060079826984108575 2.014214842650694 
1 0.050090219547309155 1.3371594727610727 0.04011248722147365 2.0648892913295858 0.069382487250138 0.0016311878797546323 0.06004387916826326 0.7174553027352722 
2 0.05010703169496219 1.9519475197581297 0.04014244095960286 3.0313677829195997 0.06938464477099776 0.1566426625210016 0.06005193985437337 1.0634563332246785 
2 0.0501081787729436 1.9890826675158202 0.04014492876310523 3.34176021948103 0.06938485723059003 0.16052633291483404 0.06005248948265048 1.082003617298518 
3 0.0501304866364059 2.731833804856168 0.04018535029810123 4.7240550017453256 0.06938989307104468 0.5169961349354576 0.06006550124431083 1.5380737611200643 
4 0.050152397723386075 3.4579085838710952 0.04022467662061152 5.991299042981753 0.06939577891760675 0.7524875101851357 0.06007862275946435 1.9720431831904766 
1 0.05009270003985955 1.4467190961313754 0.040117151708102136 2.2485974586488404 0.0693826469884413 0.0018461558360077298 0.06004495049092048 0.7720967299226251 
2 0.050111452951315624 2.095162496008944 0.040150624623490436 3.2738257106342488 0.06938544457650335 0.2342700829607936 0.06005429455929717 1.140340423266927 
2 0.05010809965880675 2.0343058068839395 0.040144551073920474 3.3690725429694703 0.06938482932391729 0.159979858501523 0.060052519241533986 1.0003729673541255 
2 0.05011185693654202 2.1584885512293916 0.040151582056252924 3.2841184180346863 0.06938551258533501 0.23574387329619045 0.0600545753378958 1.1467539834597813 
3 0.05012956278606442 2.701170416387003 0.04018366541797584 4.666994391791833 0.06938966562807448 0.50986611218482 0.060064989966615724 1.5118432594971738 
3 0.05013433190031445 2.840759974936795 0.04019233980936916 4.8742587448795485 0.06939080157358225 0.6039616066487635 0.06006777469179449 1.6043827837758997 
1 0.05009408543131858 1.5004476697642 0.0401188276515162 2.276042891321206 0.06938276843703241 0.0017940068518581276 0.06004564401583977 0.8030233267793051 
3 0.05013064451114515 2.737130559321085 0.04018571534973957 4.715889721216807 0.06938993263769967 0.5178766643193775 0.06006556367526929 1.5326823144127146 
3 0.05012778782474627 2.643027598774128 0.040180549950385516 4.410769137756224 0.06938925448270078 0.4973375586198581 0.060064052757592044 1.4869016763349692 
3 0.05013298903173162 2.7961103688193147 0.040190033670629954 4.912325524859232 0.069390475265149 0.5640259174955797 0.06006692480016398 1.5784449103579523 
3 0.05013247662461038 2.7790199320396507 0.040188901473285694 4.657708594055649 0.06939035329148574 0.5598445659945424 0.06006661880418625 1.567625943948777 
3 0.05012837614449953 2.6614277340333294 0.04018215885321762 4.389396248990215 0.06938939329022324 0.5011168421978958 0.060064351630177024 1.444561176385601 
2 0.0501091641982187 2.021467635652037 0.04014652461595149 3.0938991101518227 0.06938501568269186 0.20405521924686126 0.060053001536299576 1.0998629951328378 
4 0.050149513775633744 3.363980457062174 0.040219516433585935 5.827454598648258 0.06939497700917194 0.7293547136097477 0.06007687559908166 1.9146667233239019 
1 0.050087176399879384 1.179382486534067 0.04010627304840101 1.7882910829336922 0.0693823214811139 0.0011672592305148441 0.06004250919368074 0.6494638278360176 
1 0.05008823726009154 1.2347258197410869 0.04010884541251562 1.9234622318340986 0.06938234218245797 0.0011113431338639714 0.060043004391313645 0.6732968587874971 
2 0.05010929034158949 2.073601585306963 0.04014690682741137 3.3365968759121123 0.06938504648025987 0.22545650961534158 0.06005310191138831 1.1023706397584523 
4 0.050150314676154405 3.3908286033116126 0.040221050938165255 5.75300084857805 0.06939518854540827 0.7357792128120477 0.06007736586799288 1.8772505004032012 
1 0.050087728697994695 1.219380725779541 0.04010729232662216 1.8633493072170553 0.06938234695063006 0.0011566520167088433 0.06004274426517832 0.6621891658363859 
3 0.05013338743721905 2.8092676546879938 0.04019109568265295 4.791153422468838 0.06939058017570374 0.595925609794036 0.0600671760375062 1.5860737956750526 
3 0.050128888748796806 2.678625288240241 0.04018292144297421 4.624733595511903 0.06938951187483704 0.5048104804627694 0.060064652322341004 1.4990745064957356 
2 0.05011326482411227 2.0949583627861657 0.040154190125186555 3.425515535876161 0.06938589285732007 0.24353617405998831 0.0600557575837809 1.1335398592644392 
2 0.05010942477633913 2.0285616991864597 0.04014725824924309 3.4733290557057908 0.06938506563113891 0.2260484257577362 0.06005324232349605 0.9968133705198792 
3 0.05013520264457947 2.9469541034078643 0.040193769463738226 4.995951082002123 0.0693910199414601 0.611550117129646 0.060068321072346796 1.6218032285457356 
1 0.05008959495089752 1.2687796042593806 0.04011083590481949 1.966330369880416 0.06938244692828822 0.0013075111389786918 0.060043595062689734 0.7026906360400738 
3 0.05013508369385773 2.9235861484923675 0.040193600255722085 4.985505926116344 0.0693909952461462 0.6106412160373046 0.06006823785732529 1.6194571432514795 
2 0.050114518083965345 2.1673711435300733 0.04015647909354052 3.4528831053044042 0.06938616255484438 0.24926222058598588 0.060056555301868465 1.1933468382758456 
1 0.050092873477824054 1.4594405299911246 0.04011737765039024 2.232464909122189 0.06938267293215425 0.0018253308262444745 0.060045066742605825 0.775315394003723 
3 0.05013528199176771 2.9495899729314443 0.040194045832270854 4.999384393901968 0.0693910477979576 0.6121676173739155 0.06006839935041526 1.6234136839659405 
3 0.05012767513602281 2.63909931518918 0.04018049509602748 4.423730166985652 0.06938920834142069 0.4961717050848734 0.06006400275874416 1.432198424408503 
3 0.050134570901589806 2.8679105542373087 0.0401928424742269 4.956069534543431 0.06939086325119007 0.6061357484628868 0.06006791567629623 1.609845975579375 
1 0.05009116074737578 1.3584226338891716 0.04011349607709214 2.0976427678929133 0.0693825459941337 0.0016415094619194655 0.06004425927168104 0.7367187104479272 
3 0.05013113719931611 2.7525984727491193 0.04018658992251241 4.755672165224162 0.06939003203174418 0.5211707234091715 0.06006579225790302 1.5040272150223104 
4 0.050147859466316794 3.3098293253308197 0.04021656863632527 5.7343154452301235 0.06939452387227196 0.7161139384258335 0.060075861108766296 1.8815916736697453 
1 0.050087773706015734 1.1889520081379437 0.04010763849952001 1.9218243779302469 0.0693823242398475 0.0011507812903871176 0.060042799646375586 0.6638572714182012 
4 0.05014797259620233 3.3143518729978587 0.04021678541349214 5.74207940809462 0.0693945229028837 0.7166610996786212 0.060075944976148044 1.8845366820158707 
3 0.050129009217915334 2.682643050107521 0.04018327903795678 4.473552089337241 0.0693895415190541 0.5056300013422883 0.060064663449966124 1.4563300756277333 
2 0.050113140456473325 2.16054896311256 0.040154003609290556 3.4347102737547823 0.06938587162899179 0.24325184606886552 0.06005572769104266 1.1699060675526805 
1 0.050092549225929886 1.4835964585225863 0.04011568311121 2.2241199476069666 0.06938263124423455 0.0018561032383199283 0.06004489880573248 0.768106835694948 
1 0.05009179883530257 1.4123403086952604 0.04011530483792399 2.1519317614495677 0.0693826133592512 0.0018206300581676631 0.06004456533307887 0.7520298106560784 
2 0.050110331381120754 2.0588840132848487 0.040148252932037 3.222977336519417 0.069385236408622 0.22984776495900797 0.06005361966032485 1.0014793217169071 
2 0.050109924069488235 2.046786518793808 0.04014816283272086 3.374184390367737 0.06938516512161085 0.2281593896333562 0.060053491111886424 1.0758618739348293 
4 0.05015459419579858 3.5313690768675334 0.04022861944864897 6.120105246476255 0.06939641895001236 0.7709147415905397 0.06007993212478553 2.0166503597283567 
2 0.05011344723839199 2.22183925357225 0.04015444368322791 3.4461472606599797 0.0693859403854857 0.2444261675795925 0.060055917065965095 1.1366667261096368 
3 0.05012873171962921 2.673346440426731 0.04018229157854969 4.614439112233213 0.06938947835932695 0.5036755238743302 0.06006455433028661 1.5071056461709291 
4 0.05015425988296716 3.5211108806040032 0.04022807965929615 6.103874925542222 0.06939630846631681 0.7681441049643466 0.060079734273851104 2.01051060941017 
4 0.05015084799927383 3.408092126751363 0.040221804600484225 5.869296816553655 0.0693953288505745 0.7398458785112249 0.06007770498152983 1.8331206970905582 
3 0.05013405830893898 2.831637407543099 0.040192285489929855 4.778132548519875 0.0693907439043881 0.6017301210196039 0.06006759971385811 1.5989552519691579 
4 0.05015291430275287 3.4774779404925935 0.04022566540207987 6.027957705108451 0.06939594065145312 0.7573564098619057 0.06007897037704788 1.9841786899924376 
3 0.05012936317367076 2.6945422047205208 0.040183482235077644 4.6562541953279295 0.06938962267252875 0.5084366456623852 0.06006491281783487 1.5078807440640916 
4 0.050153685747405086 3.5024862836256085 0.04022704331552016 6.072004497838438 0.06939615480336102 0.7635915235684693 0.06007940500980793 1.9993345303947456 
2 0.05010806232580524 1.9851995807134686 0.04014443812640266 3.2742770122113916 0.06938482713792657 0.15978219669853364 0.06005245139734412 1.0036203511661053 
3 0.050131429084549414 2.7634473306189355 0.04018710150608024 4.774547182003685 0.06939011168467303 0.5236353765685708 0.06006595397882519 1.5031761088439715 
3 0.05012804859493177 2.6513354615908753 0.040181888452214334 4.262780410000849 0.06938932247853691 0.49879011450716454 0.060064161442661544 1.491219345571037 
1 0.050093874647438884 1.450439661970701 0.0401185231521588 2.308620220709848 0.06938275482841119 0.0018100576293458488 0.06004552207103936 0.7986427830900977 
3 0.050130683810607556 2.738451312282636 0.040186036466917915 4.40541928605567 0.06938993664464457 0.5181238716991988 0.06006561399554698 1.5331812635399278 
4 0.05015409899557153 3.4346990680965086 0.040227752890085886 6.094897304432292 0.06939626329234269 0.7667423929906916 0.06007964980500834 2.007235109068849 
2 0.05011168652073128 2.15226607513656 0.04015138338435762 3.270845979931134 0.06938548000622294 0.23496694227201412 0.06005437894373546 1.1456127506410778 
2 0.050109453110130986 2.0797598945414904 0.040146890353681096 3.2926022294739723 0.06938506948423159 0.22609892690383832 0.06005320668900538 0.962599431622405 
4 0.05015569583016342 3.5670555495805303 0.04023060755185903 6.184314093645639 0.06939672562610963 0.7797075918002528 0.060080573227727196 2.038498513279093 
4 0.050147859466316794 3.3098293253308197 0.04021656863632527 5.7343154452301235 0.06939452387227196 0.7161139384258335 0.060075861108766296 1.8815916736697453 
3 0.05013029306111214 2.7252854913826328 0.04018514939098685 4.647297216372552 0.06938985379303514 0.515418777400104 0.06006538660535987 1.5260508495383587 
2 0.05011004672683554 2.099226387625628 0.04014790617253021 3.200573139841694 0.06938518280962874 0.22866195765167374 0.060053523886568795 1.005461487469535 
3 0.0501289689198244 2.681310437973232 0.04018294176337067 4.676330246604325 0.0693895274495617 0.505460502378282 0.06006469872629845 1.4996144543020589 
1 0.05009004397327667 1.3417546714405126 0.04011211795836238 1.9685276803659746 0.06938246455960811 0.0015038884905239204 0.060043781701156804 0.7126641549285206 
2 0.050108633425896276 2.0518966251146065 0.040145228368739475 3.0124914404796153 0.06938492276519 0.16164476932054042 0.06005278546518896 0.9487326100609531 
3 0.05013552387669583 2.95758655192589 0.04019439011862348 5.0134968360034255 0.06939109893468243 0.6148009896859452 0.06006849321794759 1.6282819121533993 
2 0.0501091641982187 2.021467635652037 0.04014652461595149 3.0938991101518227 0.06938501568269186 0.20405521924686126 0.060053001536299576 1.0998629951328378 
1 0.0500886126663039 1.202536764288213 0.040110102825072484 2.0189128361357787 0.06938238704055717 0.0011158969312503992 0.060043158998436055 0.6814591283270942 
2 0.05011428905261388 2.265111795334671 0.04015615905203977 3.7430303456955274 0.06938612365292085 0.24822226321851745 0.06005638295906994 1.1292775317601709 
2 0.05011487349715331 2.182768376128517 0.04015680736634645 3.510776686466559 0.06938624084302823 0.25080078533007766 0.06005676190995651 1.1622068986552139 
2 0.05011004672683554 2.099226387625628 0.04014790617253021 3.200573139841694 0.06938518280962874 0.22866195765167374 0.060053523886568795 1.005461487469535 
2 0.050114046100483436 2.206212569602831 0.040155502625552855 3.4800370553753437 0.06938606465206623 0.24712484340584823 0.060056222197996924 1.1650419208878344 
1 0.05009012532238601 1.3490447636073104 0.040112301047677865 2.019761989386623 0.06938249826757892 0.0014894079143589942 0.060043819262774176 0.7153865889129755 
1 0.05009358706300422 1.5046151763245557 0.04011884246942297 2.2676337613286988 0.06938275788750756 0.0018362570201529281 0.06004536624741158 0.7918991605428618 
1 0.050092560284954665 1.4061049244795736 0.04011614595545042 2.1761984783114583 0.06938263717843077 0.0018561006397942348 0.06004491272293601 0.7697187982047848 
2 0.050114990364614156 2.189099460517756 0.04015772478421924 3.471092139236996 0.06938627549102797 0.2513373118286365 0.06005687938932926 1.1631027363388582 
2 0.050109924069488235 2.046786518793808 0.04014816283272086 3.374184390367737 0.06938516512161085 0.2281593896333562 0.060053491111886424 1.0758618739348293 
3 0.05013160651091866 2.768362615844702 0.04018744991829139 4.59816985899202 0.06939013905799155 0.5246539958328068 0.06006598706522698 1.5503656310978111 
3 0.050130871906105434 2.74490870191662 0.04018653191951322 4.416684249679088 0.06938999305843677 0.5199727337087957 0.06006569559752366 1.5377367946497675 
4 0.050153441278458645 3.4946143525505553 0.04022660526921519 6.05616922665011 0.06939607996561732 0.7615863284001188 0.060079255241586485 1.9945051337760797 
2 0.050113794687171406 2.215098723514714 0.04015468979061545 3.48268012108545 0.06938598828089895 0.24598560798516092 0.060056028626533295 1.122315393114232 
3 0.05013007815483045 2.7184164274186498 0.04018516127257201 4.612363294566123 0.0693898068705303 0.5138609415354898 0.060065291226023845 1.5220147316848087 
4 0.050154623247029975 3.5329374183247553 0.040228687596335425 6.124912400605706 0.0693964080055193 0.7710463508215148 0.060079946334228265 2.0177455457521143 
4 0.050154352674589696 3.5234386658420385 0.040228232121506176 6.108036720113458 0.06939635467551554 0.7689312118186121 0.06007979505097029 2.012028734032296 
4 0.05015348192099646 3.4959339022588147 0.040226681838219217 6.0584889047948405 0.06939609121515303 0.7619105118649022 0.0600792824289197 1.9953210966782382 
3 0.050130683810607556 2.738451312282636 0.040186036466917915 4.40541928605567 0.06938993664464457 0.5181238716991988 0.06006561399554698 1.5331812635399278 
3 0.05013393882130336 2.8276864002812045 0.04019163283600008 4.915933681534057 0.06939070549293376 0.600958207756604 0.0600675247688674 1.5961994249398193 
1 0.05009437167629792 1.479962801750115 0.04011891693680203 2.320225040278165 0.06938279891385736 0.0017726886421568714 0.06004572330616727 0.8081153688121878 
3 0.05013346722984452 2.8119461257254548 0.04019077878923039 4.8474234201168445 0.06939059624098629 0.5968728041070482 0.06006721556064375 1.5475714836143328 
3 0.050130683810607556 2.738451312282636 0.040186036466917915 4.40541928605567 0.06938993664464457 0.5181238716991988 0.06006561399554698 1.5331812635399278 
1 0.05008806867187517 1.2301776433994904 0.040108646562758914 1.9068708768715852 0.06938235670192136 0.0011258101127035584 0.060042943687848516 0.6699246635424296 
4 0.050147641930059515 3.3033624991679615 0.040216198453534704 5.722512217700853 0.06939445983809689 0.7142347098153838 0.06007576368590288 1.8777668985518297 
4 0.05015348192099646 3.4959339022588147 0.040226681838219217 6.0584889047948405 0.06939609121515303 0.7619105118649022 0.0600792824289197 1.9953210966782382 
2 0.05011004672683554 2.099226387625628 0.04014790617253021 3.200573139841694 0.06938518280962874 0.22866195765167374 0.060053523886568795 1.005461487469535 
4 0.05014793141379777 3.3127026959667227 0.04021671208514929 5.63092086742014 0.06939454161976955 0.7166802133316603 0.060075914867624106 1.8833344138111763 
2 0.050113794687171406 2.215098723514714 0.04015468979061545 3.48268012108545 0.06938598828089895 0.24598560798516092 0.060056028626533295 1.122315393114232 
3 0.050131375704193085 2.7605367307605175 0.04018740726268434 4.44035046772344 0.06939009250932114 0.5229090868232287 0.060065880190620626 1.5007337560967833 
4 0.050149350716551314 3.358668060991893 0.04021924456766453 5.82003616309398 0.06939494636289319 0.7282580455145601 0.06007675830469095 1.9113100362841515 
1 0.05008970845344468 1.3543355850484973 0.04011155956009986 2.1354202467121395 0.06938245383350446 0.0013214995393307722 0.06004367666069736 0.7072399296135681 
2 0.050109961387443835 2.1140424521631487 0.04014825912924079 3.2319658720626676 0.06938517813367898 0.22834194121362522 0.06005350610587473 1.0071208565981364 
3 0.050134928196904814 2.9184019704901205 0.040193374418966935 4.980843059151948 0.06939095459101322 0.6091494562835608 0.06006813315760615 1.6167914619096568 
3 0.05013204407690316 2.764553973839291 0.040188235554004643 4.808211695420137 0.06939025341228318 0.5564934643367205 0.06006627803536283 1.5139110332765497 
3 0.05013469042971365 2.8910828002356483 0.04019242223559012 4.928941897708793 0.0693908842190579 0.6074145788275997 0.060068003335195595 1.5651126950811982 
1 0.05008797675435801 1.2559427615936987 0.04010817033141786 1.9011405576614915 0.06938233388431332 0.0011064690135221627 0.06004290417185034 0.6684579911922066 
2 0.0501125117530688 2.1109940295981247 0.04015293209802075 3.325189991727214 0.06938564872099535 0.23830536673251132 0.060054880144558245 1.1587607339407984 
3 0.050130008533432815 2.715916611826114 0.04018499903088356 4.68940445885534 0.06938978538869832 0.5130248709100769 0.06006520911390362 1.483482719451808 
3 0.050135124475793255 2.924934017695231 0.04019443710821336 4.975737391928524 0.06939102339718903 0.6109945627541651 0.06006827128388451 1.5793989029307909 
2 0.05011230005793956 2.1726177672423987 0.04015236443680491 3.363768671486723 0.06938558910143947 0.23746581196748623 0.06005477268391729 1.1550627302115148 
3 0.0501321644522147 2.7685345156873375 0.040188783497993964 4.756602815922262 0.0693902785982405 0.5576191787394624 0.06006630427959392 1.5687501274168123 
3 0.05012908351150584 2.6859279287778364 0.04018287334459443 4.5318090453735875 0.0693895601954394 0.5065622354813397 0.06006473029143233 1.5117621443835125 
4 0.050154352674589696 3.5234386658420385 0.040228232121506176 6.108036720113458 0.06939635467551554 0.7689312118186121 0.06007979505097029 2.012028734032296 
4 0.05015280455830388 3.4731702824583666 0.040225458836264334 6.020299164651057 0.06939591722377905 0.7565361427030087 0.06007889726515438 1.981451130728292 
3 0.050132876491478795 2.810669740728637 0.04019006575177704 4.820758325004083 0.06939045869843448 0.5630821305247056 0.06006687536126991 1.529212367314544 
2 0.05011344723839199 2.22183925357225 0.04015444368322791 3.4461472606599797 0.0693859403854857 0.2444261675795925 0.060055917065965095 1.1366667261096368 
3 0.050128479540204385 2.6658708263030837 0.040181740728277716 4.606805842810748 0.06938941495304096 0.5020188686800121 0.06006439366992681 1.4560613206493607 
3 0.050130008533432815 2.715916611826114 0.04018499903088356 4.68940445885534 0.06938978538869832 0.5130248709100769 0.06006520911390362 1.483482719451808 
4 0.05014824709651901 3.323255639728587 0.0402172639204445 5.638138624871461 0.06939460735849598 0.7190529577526178 0.06007611613768915 1.890014617476138 
2 0.05011203930635298 2.1449902350837875 0.040151958383066275 3.2601346638489916 0.0693855423972169 0.23620073347449058 0.06005454673993864 1.151433986602801 
2 0.050113826187044005 2.2337125246889955 0.04015489276922503 3.4205989196320425 0.06938599979249686 0.24603914081606412 0.06005609169939311 1.1812373791601414 
1 0.050087474197327266 1.1640804871305204 0.040107028265809905 1.8201844309416777 0.06938233630813184 0.0011432375553280126 0.060042651386818656 0.6565714258562352 
3 0.05013318830543062 2.821124313240744 0.04019028328913838 4.876728366492674 0.06939052585551571 0.5656491017274139 0.060067072418225606 1.5815860041381615 
3 0.05013504516631926 2.9223538859342653 0.04019390730895252 4.983861342562745 0.06939097223703343 0.6101258425122452 0.06006820340648759 1.618695401857839 
1 0.0500900600251558 1.3348210477679217 0.040112694934946194 2.1062681985798912 0.06938246726992603 0.001500294086179901 0.06004379695394889 0.7132654301619459 
4 0.050153604082499824 3.4998930652177185 0.040226932980658284 6.063484462712095 0.06939612888126004 0.762780306784899 0.06007936165618403 1.9977105661485752 
2 0.05010892426721989 2.061433410627851 0.04014637260469791 3.3175042870524494 0.06938498484277944 0.18309159955267618 0.06005299248770424 0.9531383568910645 
4 0.050155157995296365 3.550147398765642 0.040229662743116845 6.15448556535159 0.06939657236866817 0.7754193723827362 0.060080262375155166 2.0280306731672892 
1 0.05008840529758111 1.2760611946771676 0.040108114656398686 1.87810005775655 0.06938235660455887 0.0011059696481611153 0.06004304179008282 0.6756646790463735 
4 0.050155415195565614 3.5578423563791413 0.04023009015804152 6.16655029030561 0.06939663861418499 0.7773320668674562 0.06008041309375058 2.0331432082206353 
3 0.05013160651091866 2.768362615844702 0.04018744991829139 4.59816985899202 0.06939013905799155 0.5246539958328068 0.06006598706522698 1.5503656310978111 
1 0.050089722678043756 1.301537692166145 0.04011106343879411 2.0135647079055174 0.06938249369509512 0.0013255750992286629 0.060043637468365677 0.7061514191807359 
3 0.05013489032332334 2.9170590295923593 0.040193430272050475 4.973812822562882 0.06939094563699291 0.6088334730277124 0.06006815308176611 1.568166008816924 
4 0.05015451300910027 3.523999766691724 0.040228315499186026 6.1115421353127335 0.0693963521485399 0.7694570067608224 0.06007982429749015 2.013605853199043 
3 0.05012921491848751 2.6893977517176184 0.040183258491771 4.644136512189673 0.06938959144668914 0.5075791448654834 0.0600648140965195 1.5132122191073527 
2 0.050112980586973555 2.137902526045503 0.0401538034290758 3.590506506772143 0.06938582157418718 0.24207579431271084 0.0600554111132254 1.073005422449998 
2 0.050110519353622804 2.1339035193919225 0.040149470496508036 3.410025920286526 0.06938527941938097 0.2306339634552801 0.06005380056257328 1.0162699106398396 
3 0.0501330287814515 2.7974310278975056 0.04019020703876048 4.881056106310124 0.06939048796733924 0.5639901945099112 0.06006699539986733 1.532047325293817 
1 0.05009185027672046 1.4166952266288786 0.04011482911702052 2.1114958548915634 0.0693825826246032 0.0017085424590790918 0.06004459571196773 0.7533708463367879 
2 0.05011083094819261 2.1249124512241537 0.04014917028454298 3.163426700982683 0.06938533801026138 0.23185182684936842 0.06005397914059642 1.0216093342942343 
1 0.050093874647438884 1.450439661970701 0.0401185231521588 2.308620220709848 0.06938275482841119 0.0018100576293458488 0.06004552207103936 0.7986427830900977 
3 0.05012940304858573 2.6958757218100686 0.040183905761441416 4.6520497101899725 0.0693896326484423 0.508508809666045 0.06006490825729756 1.5081175523152983 
4 0.05015569583016342 3.5670555495805303 0.04023060755185903 6.184314093645639 0.06939672562610963 0.7797075918002528 0.060080573227727196 2.038498513279093 
3 0.05013489032332334 2.9170590295923593 0.040193430272050475 4.973812822562882 0.06939094563699291 0.6088334730277124 0.06006815308176611 1.568166008816924 
4 0.05015221946536423 3.4533328969707453 0.04022437193633465 5.985269924809897 0.06939570669376731 0.7510263408464176 0.06007850870405447 1.9689116852322612 
2 0.0501111094053928 2.085158700826217 0.040150557079664695 3.427838195810952 0.06938538268733847 0.23285280650045959 0.060053856261119545 1.0221510342671467 
4 0.050152056721184037 3.4480493122991973 0.040224091448024676 5.976012334589834 0.0693956577582643 0.7497026976668637 0.06007841267381484 1.9657440337806449 
1 0.05009246511172814 1.44702012958311 0.040116756438968885 2.120510753421942 0.0693826469576166 0.0018634484486253187 0.06004489889413829 0.766423666843316 
2 0.05011205846689032 2.0950775048876147 0.04015209719594094 3.2980415420658318 0.06938555827626068 0.23640089394533184 0.060054632141486375 1.1498829349402142 
3 0.05013223665025318 2.7894543287785765 0.04018852959051112 4.7797958232821625 0.06939028623685922 0.558221330690662 0.06006639588728626 1.52482316515393 
2 0.05011102746428177 2.0817724374878788 0.040149991860674195 3.443859435291004 0.06938536085810118 0.2326383896680791 0.06005411341787763 1.1363920286457252 
4 0.050152056721184037 3.4480493122991973 0.040224091448024676 5.976012334589834 0.0693956577582643 0.7497026976668637 0.06007841267381484 1.9657440337806449 
2 0.05011131734371756 2.14088123767378 0.04015060934371774 3.1901055317929927 0.06938541374388035 0.2336851116204238 0.060054282321030925 1.0674224341119474 
1 0.05009329046697625 1.5099681495952069 0.040118061275342745 2.262423614876268 0.06938270363398602 0.0018667730403415569 0.06004525872707509 0.7846520357084514 
3 0.05013117705548076 2.753931101447875 0.040187580721396436 4.416688329354111 0.06939005183357795 0.5212910270563869 0.06006578149116413 1.497161738249623 
3 0.05013220094158868 2.788177678645261 0.04018854457012295 4.820548769449493 0.06939028493591758 0.5577164974720741 0.060066399597856444 1.5632042212314043 
4 0.05015557813649953 3.5631625627291172 0.04023037526204898 6.176933909697657 0.06939670337295534 0.7788266915072513 0.060080505950561434 2.0358381885427286 
2 0.05010735551725591 1.9915770236056427 0.04014307743813348 3.0057249884051984 0.06938469568563285 0.1578920693404488 0.060052051203435354 1.0673377416834184 
4 0.05015190137826818 3.4377991429125023 0.040223645603240966 5.959033994230047 0.06939561727262591 0.7479466742161491 0.06007827764099375 1.9604792950299141 
1 0.05009232029837836 1.4324983124141488 0.0401162071587555 2.265358305600473 0.06938261874968699 0.0017710450625845163 0.06004479360942459 0.7625153280640415 
2 0.0501077085260397 1.9753118912874996 0.04014400775699433 3.167876061883367 0.06938475052421643 0.15875552085803257 0.06005225930168342 1.0878016504503534 
3 0.05012964258778111 2.7038462901127644 0.040184393470600537 4.666661356718931 0.0693896959618607 0.5106105688892901 0.060065042617318286 1.513629651858034 
1 0.050090492062533465 1.3607560787540876 0.04011343154971318 2.040323547563076 0.06938250567530355 0.0016072555485320689 0.06004400684199842 0.7229820103839576 
2 0.050112042977701866 2.1143741201150013 0.040151860061243716 3.278963285553794 0.06938555749150296 0.23652138526205393 0.06005453091982789 1.1527614680414646 
4 0.05015537655838859 3.5565258051163324 0.04023000810312573 6.166546379953433 0.0693966360950637 0.7771287724620815 0.06008037807833946 2.0318655381265764 
2 0.050107816381759776 2.0239726443355335 0.04014447844224499 3.2483328650511516 0.06938477280536609 0.15911217628527344 0.06005238846366499 1.0772433428913026 
1 0.05008720716735353 1.176042336137445 0.040107167882686194 1.7952236228752512 0.06938229872886052 0.001163666671231775 0.06004255527526625 0.6513612877575625 
3 0.050134809455530484 2.8951201326116447 0.040193267640615454 5.046840541066192 0.06939091679137165 0.608251740282783 0.0600680464151533 1.5671806346834087 
2 0.050110331381120754 2.0588840132848487 0.040148252932037 3.222977336519417 0.069385236408622 0.22984776495900797 0.06005361966032485 1.0014793217169071 
1 0.05008824459237763 1.2358608857797688 0.04010919269199413 1.8960757787534461 0.0693823399674079 0.0011115028943992436 0.060043008394776595 0.6743694927974838 
2 0.050111722624118685 2.102530872802302 0.04015121182682718 3.2864408624275456 0.06938548199847876 0.23519978635351757 0.060054407397163924 1.1082174949174561 
3 0.050128416795576114 2.66276214028048 0.04018222552955786 4.425973879558344 0.06938940145463876 0.5011892284877068 0.060064364107959414 1.500706655718838 
2 0.05010747927420881 1.966520489190867 0.04014341355913953 2.9223433400661687 0.06938471430311888 0.15817637454345662 0.06005230097479538 1.052541398299232 
4 0.05014975081999977 3.3723489630197263 0.04021998121482202 5.842209629707262 0.06939504255673665 0.7314869182592107 0.06007697902692773 1.9195117896749063 
3 0.0501301588481732 2.7210826769774004 0.04018529079628498 4.699527689963765 0.06938982019057484 0.5143815844815431 0.06006530283444278 1.486751758073812 
3 0.05012964258778111 2.7038462901127644 0.040184393470600537 4.666661356718931 0.0693896959618607 0.5106105688892901 0.060065042617318286 1.513629651858034 
2 0.05011023213424888 2.05676973354323 0.0401490549512177 3.3496261083046166 0.06938523597506971 0.2295453730208615 0.06005355537430601 0.988872527905772 
1 0.05008968892973161 1.3216040215671554 0.04011185920399083 1.984805582805808 0.06938247212827106 0.0013299529109130049 0.06004363909381829 0.7054937863477797 
1 0.05008959495089752 1.2687796042593806 0.04011083590481949 1.966330369880416 0.06938244692828822 0.0013075111389786918 0.060043595062689734 0.7026906360400738 
2 0.050111945678554315 2.142907455984919 0.040152174712415264 3.296033418289217 0.06938554122654395 0.2361499593329161 0.06005456758605088 1.0436512877442294 
3 0.050134371692885614 2.8420843364337243 0.0401928417244332 4.943634948664032 0.06939080176407572 0.6037337459602649 0.060067804271566314 1.6059892119858432 
2 0.05011527693275003 2.2623382557732428 0.040158083593123076 3.5736525129048906 0.06938633899242921 0.25259906114903685 0.06005705010063859 1.1691489364225176 
2 0.050108633425896276 2.0518966251146065 0.040145228368739475 3.0124914404796153 0.06938492276519 0.16164476932054042 0.06005278546518896 0.9487326100609531 
1 0.05009217898211734 1.4194258957399293 0.04011584329441241 2.1453612220415543 0.06938261914251527 0.0017822290319177488 0.0600447424579699 0.7605008674337875 
3 0.05012936317367076 2.6945422047205208 0.040183482235077644 4.6562541953279295 0.06938962267252875 0.5084366456623852 0.06006491281783487 1.5078807440640916 
1 0.050087262811223 1.1853152969629213 0.04010674242227779 1.829676333394639 0.0693822991537333 0.0011580910818595796 0.06004257411674578 0.6515849359077243 
3 0.050130751083627946 2.7408803619029967 0.04018678594065416 4.399934656236736 0.06938996729298674 0.5189167974277201 0.0600656563870073 1.5348942862040675 
2 0.0501111094053928 2.085158700826217 0.040150557079664695 3.427838195810952 0.06938538268733847 0.23285280650045959 0.060053856261119545 1.0221510342671467 
2 0.05010920577389829 2.070828588995357 0.0401465485811683 3.3016756170828736 0.06938504135002918 0.20430380422768862 0.0600531411402014 1.1006243494671024 
1 0.0500870748447453 1.171543985557128 0.04010695008743892 2.050642235704528 0.0693823081724329 0.001175045245606381 0.06004247067621438 0.6474131415122304 
3 0.05012940304858573 2.6958757218100686 0.040183905761441416 4.6520497101899725 0.0693896326484423 0.508508809666045 0.06006490825729756 1.5081175523152983 
1 0.0500870748447453 1.171543985557128 0.04010695008743892 2.050642235704528 0.0693823081724329 0.001175045245606381 0.06004247067621438 0.6474131415122304 
1 0.050092560284954665 1.4061049244795736 0.04011614595545042 2.1761984783114583 0.06938263717843077 0.0018561006397942348 0.06004491272293601 0.7697187982047848 
1 0.050091349851858244 1.3561314679764176 0.040114437869778405 2.081475069051918 0.06938256901307668 0.0017281067042762628 0.0600443602115451 0.7425551944816537 
1 0.050089206654911844 1.2514526409464208 0.04010998256583613 1.8885046528619072 0.06938241995524123 0.0013402301386266848 0.06004339193883244 0.6940332926277897 
1 0.050093157859458406 1.461399066833475 0.04011743473840498 2.112275595627851 0.06938268894129836 0.0018704805944304698 0.06004516222408289 0.7816657429047117 
4 0.050153927894606175 3.510609286077505 0.04022746500618529 6.086087519057173 0.06939623205710797 0.7658305458543924 0.06007951188383833 2.003583371713302 
1 0.05009382208232956 1.5583925484647676 0.04011866797144816 2.060416465537505 0.0693827459008552 0.0018136259065109459 0.06004548131168521 0.7977316482162048 
1 0.050092597208915624 1.4530063592658435 0.04011651850329134 2.3305065824390376 0.06938265236862906 0.001854297380022517 0.060044948477217364 0.7709328329983687 
1 0.050094415532002876 1.481294351245403 0.040119799622282334 2.260817258600001 0.06938280277094766 0.0017681805713532373 0.06004571877534538 0.8080300631677908 
2 0.05011056760425373 2.1168068053283653 0.040149152313180336 3.3643372266752656 0.0693852820811248 0.23083666871307568 0.06005378627753287 1.1260180357021405 
1 0.050093818189064554 1.5127669145583793 0.040119051546748316 2.1564923943377567 0.06938276231718145 0.0018147102218154347 0.06004545017573905 0.7962340591687648 
2 0.05011267536540594 2.1161530581609815 0.04015302939602573 3.310104077192757 0.06938567631666015 0.2390720434835683 0.06005496681629317 1.1629619509864144 
1 0.05008679940672735 1.1669040803271145 0.040105411271864545 1.8084850423975531 0.06938228567973428 0.0011967782540040367 0.060042356124468343 0.6412847096782986 
4 0.050149021916027346 3.3486531312667958 0.04021867301730094 5.800442827386736 0.06939483517850857 0.7254624337618756 0.06007659114098017 1.8531746035201784 
3 0.05012952287182907 2.6998433766934684 0.04018370924875077 4.66443784721718 0.06938966026464322 0.5095109977493596 0.060064989510204427 1.4669500255402084 
4 0.05014984481763668 3.3746159933431996 0.040220112231619067 5.845697923287129 0.06939507294936388 0.7320178393381855 0.060077104813246365 1.922114111757777 
4 0.050155415195565614 3.5578423563791413 0.04023009015804152 6.16655029030561 0.06939663861418499 0.7773320668674562 0.06008041309375058 2.0331432082206353 
2 0.050110448779438696 2.0628392102048827 0.04014924724353281 3.4051521039767723 0.06938526682717558 0.2302980065075956 0.06005373592132074 1.12333849576904 
1 0.05009021902495275 1.3122073865420094 0.04011239650097771 1.9014376208517743 0.0693824809398039 0.0014859386525544174 0.060043879825416556 0.7166813355608479 
3 0.05012759524071325 2.636452932090684 0.040179913636551955 4.4433328635865355 0.06938920237476752 0.49585307209063706 0.060063955623187046 1.4752523302032512 
2 0.05010897113805649 2.062378290996322 0.040145868854130046 3.193370913356225 0.06938498249707227 0.18315782897990593 0.060052914993529105 1.0963217255323534 
1 0.05009075410185193 1.3285666154300657 0.04011303158289457 2.105347200154666 0.06938252708743214 0.001612804764995457 0.060044078762978036 0.7287065710036813 
1 0.05008904368757335 1.2902129995024798 0.04011068268705236 1.9391230290298709 0.06938242068855249 0.0013128583723080066 0.060043360130925996 0.6914854322869615 
3 0.050134730320904965 2.892476755297832 0.040192933134177794 4.9666361597338735 0.06939090502766068 0.6075292693218535 0.06006803228777939 1.6122916990678426 
4 0.05015005485860378 3.3816590735339576 0.04022047661148938 5.859421711706763 0.0693951117162614 0.7334847940249307 0.06007723255439999 1.9272856695106757 
1 0.05008960558657123 1.3768784697268999 0.04011139477811036 1.9385987141586305 0.06938244158574391 0.001332549296529415 0.06004361800309941 0.704662286858416 
1 0.05008720716735353 1.176042336137445 0.040107167882686194 1.7952236228752512 0.06938229872886052 0.001163666671231775 0.06004255527526625 0.6513612877575625 
4 0.050151758365105895 3.4320619948670013 0.04022337662973529 5.952087132628465 0.06939556034848617 0.7464836602109718 0.06007818314111528 1.9025486114795052 
4 0.05014819196731425 3.2222325484218763 0.04021713669222156 5.751584890855642 0.06939458340778851 0.7183240002563755 0.06007607404287672 1.888362923395843 
2 0.050111154610727536 2.085284391667347 0.04015023963662799 3.2578511205682927 0.0693853911726617 0.23309982807497925 0.06005417174594925 1.0633149685304357 
2 0.05011004672683554 2.099226387625628 0.04014790617253021 3.200573139841694 0.06938518280962874 0.22866195765167374 0.060053523886568795 1.005461487469535 
4 0.050148015522273284 3.3151769677866136 0.040216848778660094 5.741362208373234 0.06939456133230792 0.7172241475425185 0.06007597631142482 1.884971121287201 
2 0.0501116408364245 2.1509784659630227 0.04015139795457893 3.2785863444159298 0.06938548330343408 0.23497230152691323 0.06005447867642973 1.1431478552404577 
1 0.05008904368757335 1.2902129995024798 0.04011068268705236 1.9391230290298709 0.06938242068855249 0.0013128583723080066 0.060043360130925996 0.6914854322869615 
1 0.050091349851858244 1.3561314679764176 0.040114437869778405 2.081475069051918 0.06938256901307668 0.0017281067042762628 0.0600443602115451 0.7425551944816537 
3 0.05012952287182907 2.6998433766934684 0.04018370924875077 4.66443784721718 0.06938966026464322 0.5095109977493596 0.060064989510204427 1.4669500255402084 
4 0.05015217860783362 3.452012431751844 0.040224286029127365 5.980129214873514 0.06939572466977006 0.7509241804043219 0.060078496980733434 1.9678175096317414 
3 0.05013504516631926 2.9223538859342653 0.04019390730895252 4.983861342562745 0.06939097223703343 0.6101258425122452 0.06006820340648759 1.618695401857839 
1 0.050093403075325824 1.432193706880956 0.04011822260467461 2.3499885263613893 0.06938270682866036 0.0018498100339605372 0.060045271777905695 0.7868323940104546 
4 0.05014844846920805 3.3298757702406383 0.04021772626456529 5.765925059674314 0.06939468088856893 0.7207717820158661 0.06007624421793091 1.8939260812313663 
2 0.05011205846689032 2.0950775048876147 0.04015209719594094 3.2980415420658318 0.06938555827626068 0.23640089394533184 0.060054632141486375 1.1498829349402142 
1 0.050094415532002876 1.481294351245403 0.040119799622282334 2.260817258600001 0.06938280277094766 0.0017681805713532373 0.06004571877534538 0.8080300631677908 
1 0.050090219547309155 1.3371594727610727 0.04011248722147365 2.0648892913295858 0.069382487250138 0.0016311878797546323 0.06004387916826326 0.7174553027352722 
1 0.05009063738983101 1.3684834517108646 0.04011308579680281 1.8982752940944398 0.06938249363168301 0.0016181471321857818 0.060044036562819425 0.7266092672567711 
2 0.05010832579533695 1.9937006362890055 0.040144946384533864 3.22953685584841 0.06938486302625105 0.1606064100095108 0.06005261450485612 1.0920505772531766 
1 0.05008815177610025 1.2099167534898174 0.04010876865632167 1.999111023047049 0.0693823674768097 0.0011182469770546685 0.06004294036778718 0.671153371381069 
1 0.050090762481462305 1.3714448448045016 0.040113551826654034 2.012480760758701 0.06938253273896393 0.0016048893501646882 0.06004413592147848 0.7299708936231293 
3 0.050132876491478795 2.810669740728637 0.04019006575177704 4.820758325004083 0.06939045869843448 0.5630821305247056 0.06006687536126991 1.529212367314544 
1 0.05008873615127039 1.1723584117024326 0.04010960227130307 2.0155610155720574 0.06938239892032302 0.0012219621443394972 0.06004320074877915 0.6837164329126294 
4 0.050155415195565614 3.5578423563791413 0.04023009015804152 6.16655029030561 0.06939663861418499 0.7773320668674562 0.06008041309375058 2.0331432082206353 
3 0.05013417929034351 2.83559569689115 0.04019202303413792 4.9371339078443155 0.06939076648209846 0.6029522401280474 0.060067645024658764 1.602076614377697 
2 0.05011336911849681 2.184248890822805 0.04015440584504034 3.5337689323910646 0.06938591756625508 0.24405905178820908 0.06005582203036079 1.173572106543745 
4 0.05015069296365565 3.4023930038236414 0.040221720674391684 5.8938974549346685 0.06939529324267033 0.7387110288701603 0.060077589457824335 1.8842500234800084 
2 0.05011352531497715 2.2242387311428997 0.04015439167675263 3.489393618241087 0.06938595244936889 0.24485597855283414 0.06005593092795965 1.17652250002653 
4 0.050148728984003896 3.3395281599005933 0.04021813841349746 5.7853318623916445 0.0693947546968218 0.7230875391757839 0.06007642180867283 1.9004964066983319 
2 0.050110448779438696 2.0628392102048827 0.04014924724353281 3.4051521039767723 0.06938526682717558 0.2302980065075956 0.06005373592132074 1.12333849576904 
1 0.050093365025248006 1.4898861737246218 0.040117527519943505 2.206865516216254 0.06938271936830223 0.001858033691839727 0.06004527677075351 0.7856905842833506 
2 0.05011221929496521 2.1201033847106636 0.04015173608701911 3.3299173562450393 0.06938558287934414 0.23712272040988291 0.06005477501036673 1.1539089407512548 
3 0.0501320839689174 2.765875525767695 0.04018873657309177 4.770570621922995 0.06939026709171922 0.5569278727374627 0.0600662935288513 1.5671478503363567 
3 0.05013417929034351 2.83559569689115 0.04019202303413792 4.9371339078443155 0.06939076648209846 0.6029522401280474 0.060067645024658764 1.602076614377697 
2 0.050112613696155564 2.125561733242666 0.04015359347380393 3.3821401384469305 0.06938577189829045 0.2410414587958743 0.06005538395162442 1.1609290715159155 
4 0.050152518203502895 3.381925346069012 0.04022490537770919 5.998480519444277 0.06939580540888335 0.7534400753031019 0.060078680389208196 1.974342107236307 
4 0.050152645011730265 3.4674687352325435 0.04022550835302001 6.006197210029178 0.06939582607906865 0.7544878691659602 0.06007876801855945 1.977862526686613 
2 0.05010743401124109 1.9942596929412324 0.04014355865680422 3.052452536249467 0.0693847236461437 0.15793603414030552 0.06005209475190852 1.0908350842718728 
3 0.05012936317367076 2.6945422047205208 0.040183482235077644 4.6562541953279295 0.06938962267252875 0.5084366456623852 0.06006491281783487 1.5078807440640916 
4 0.05014809098224349 3.3178403589989216 0.04021699048414304 5.746473974051732 0.06939458449003726 0.7178569352801624 0.060076042833530505 1.8879833136446336 
4 0.050154149730648356 3.5167959746451176 0.04022782897386148 5.9707649706520645 0.06939627686937452 0.7671838071643526 0.06007965411653047 2.008120562873944 
3 0.050134256627290874 2.8382292265950406 0.040192192429307536 5.013264590332774 0.06939078031252235 0.6033467448381734 0.06006771025967631 1.556048582831584 
3 0.05013330774178772 2.8066316057620804 0.040190491968990195 4.885042088077697 0.06939055355917817 0.5954950623603088 0.060067145608057135 1.584058559693199 
3 0.0501301588481732 2.7210826769774004 0.04018529079628498 4.699527689963765 0.06938982019057484 0.5143815844815431 0.06006530283444278 1.486751758073812 
3 0.05013413853717001 2.834256916870552 0.04019212457931162 4.745888056842946 0.06939075929957708 0.6027662815063859 0.060067612765488734 1.6010259523345565 
1 0.05009059285699591 1.3491257869195565 0.04011316067650841 2.075021647826909 0.06938251361685274 0.0016008588633258543 0.060044019116934355 0.7246293949251189 
1 0.050087773706015734 1.1889520081379437 0.04010763849952001 1.9218243779302469 0.0693823242398475 0.0011507812903871176 0.060042799646375586 0.6638572714182012 
3 0.05012838733414711 2.6629973633121855 0.04018180327884413 4.4335606574832 0.06938939360307887 0.5014315434519445 0.06006436398773376 1.446231603438758 
4 0.05015389210093605 3.509400593191124 0.040227377068945566 6.081891093759419 0.06939619426338738 0.7650837292191934 0.06007952137053059 2.0031731335254648 
3 0.050130008533432815 2.715916611826114 0.04018499903088356 4.68940445885534 0.06938978538869832 0.5130248709100769 0.06006520911390362 1.483482719451808 
4 0.05014828708311571 3.324589233009024 0.040217350066793466 5.758189716117884 0.06939463914605679 0.7195019387601341 0.06007614834144186 1.8907368271835305 
4 0.05015198212401952 3.4450260362467957 0.040223969194018425 5.970235019712203 0.06939565326536368 0.7491865957812867 0.0600783795334041 1.9638560586090499 
4 0.05015012655642026 3.3843846879241752 0.04022059273662311 5.863240401121377 0.06939512861244806 0.7342368091332474 0.06007724226831296 1.8201633327733788 
2 0.05011390105255242 2.253481271453366 0.04015470566629453 3.4905621373173887 0.06938602829374153 0.24651710806739752 0.0600560855537003 1.1242298230747338 
1 0.05008942915727828 1.2260522323391112 0.040111171723660695 2.010265415319128 0.06938246173862954 0.0013198210341898258 0.060043494305493494 0.6992114115103776 
3 0.050128440408806194 2.6645417010370673 0.04018209308108553 4.599163578013103 0.0693894130376886 0.5018514789724489 0.06006438457712933 1.4908248637575923 
1 0.05009408543131858 1.5004476697642 0.0401188276515162 2.276042891321206 0.06938276843703241 0.0017940068518581276 0.06004564401583977 0.8030233267793051 
2 0.050110924153233885 2.096778053694871 0.0401501031606145 3.2402180044869446 0.06938534653744935 0.23210377081223932 0.060053926716107466 1.0826023894947165 
4 0.050151120052049504 3.412790411157186 0.04022226846365712 5.91543062084642 0.06939540348503372 0.7417852048459244 0.06007780584566641 1.836167916628898 
3 0.050135442569200585 2.954917961244469 0.04019434844583736 4.9148599489144384 0.0693910711894459 0.6135289368707615 0.060068463416646 1.626688037353648 
4 0.05015548583368552 3.560782137023941 0.04023023360341779 6.173579729154339 0.06939665036377254 0.7779690270226152 0.06008045244975914 2.0345252022048492 
3 0.05013310871839326 2.818440922732353 0.040190144825942464 4.828278792099814 0.06939050483618196 0.5649321186792713 0.06006700246187906 1.5870811626776986 
2 0.05011083094819261 2.1249124512241537 0.04014917028454298 3.163426700982683 0.06938533801026138 0.23185182684936842 0.06005397914059642 1.0216093342942343 
4 0.050150816740037095 3.4067207608454892 0.04022186348521957 5.902673035837552 0.06939535700559736 0.7399255040369692 0.060077676508841237 1.887103645331166 
3 0.05013310871839326 2.818440922732353 0.040190144825942464 4.828278792099814 0.06939050483618196 0.5649321186792713 0.06006700246187906 1.5870811626776986 
3 0.050135565127696645 2.958904185669889 0.04019471275300289 5.016283515747107 0.06939109624739896 0.6147318966933731 0.060068488023152136 1.5881988584245395 
4 0.05015296697959522 3.4783873630869273 0.04022574829170712 6.028352178256749 0.06939595068198733 0.7577166040070444 0.06007897930427812 1.9848601469324105 
4 0.05015405795574361 3.5144826215190124 0.04022771331492951 6.092583879770797 0.06939626595972077 0.7666001346840378 0.060079624594814474 2.0064529277728753 
1 0.050090121181793054 1.3585680058260228 0.040112216910951376 2.1299177618349194 0.06938246309325863 0.0014953226930065938 0.06004380013017955 0.7142544878839332 
4 0.050150816740037095 3.4067207608454892 0.04022186348521957 5.902673035837552 0.06939535700559736 0.7399255040369692 0.060077676508841237 1.887103645331166 
1 0.050094165404643044 1.4960851059760454 0.04011954227806336 2.410746938429393 0.06938278796910916 0.0017859555298721259 0.06004563493668595 0.8044122359158432 
2 0.05010899612095239 2.0819970572839663 0.04014597251345375 3.186165652772144 0.06938498952453467 0.18325199127271893 0.060053014572653385 1.0972965178158764 
1 0.050091266975657564 1.3546684299934573 0.040113961851162415 2.2481271808485364 0.06938255854113948 0.0017350263278049596 0.060044327788125317 0.7403623051907029 
3 0.050133508217403235 2.813285648255502 0.04019101385180967 4.848551853862134 0.06939060818491868 0.5971522303153495 0.06006725413555379 1.5878804297354996 
4 0.050149180110582336 3.353926458084522 0.04021893892305551 5.808591362795229 0.06939488333272159 0.7266521022533239 0.060076702089442935 1.8562775274720082 
3 0.05012936317367076 2.6945422047205208 0.040183482235077644 4.6562541953279295 0.06938962267252875 0.5084366456623852 0.06006491281783487 1.5078807440640916 
1 0.05009030584668141 1.37542991709884 0.040113016031695994 2.123524325055212 0.06938250568294722 0.0015093293712235135 0.060043883597296545 0.7184467405893719 
1 0.050092755933358435 1.4403369558695442 0.040116213689349436 2.113480293222528 0.06938265785097986 0.0018361128662322142 0.06004501849076741 0.7732233763185585 
2 0.050112415449360945 2.1585515756285445 0.040152938113578986 3.321996403942909 0.0693856240614631 0.2379282401317051 0.060054837228788384 1.1590067507938735 
1 0.05008927330686408 1.2284214879533852 0.040110382180210714 1.8185343098314661 0.06938241863729502 0.0013339687118309271 0.06004345399480153 0.696385491596519 
1 0.05009200459320299 1.3785487329585282 0.0401148161939714 2.255302881001259 0.06938259473967619 0.0018000395230258876 0.06004465944617151 0.7567942600777263 
2 0.050107272834148196 1.976854960432394 0.04014307234841476 3.2075915951389815 0.06938469039699882 0.1577556840957241 0.06005201196571554 1.0788111296464495 
2 0.05010958005592055 2.083126045978132 0.04014761688527266 3.354589573648126 0.06938510816627237 0.2267103672739247 0.06005325023264781 1.1077351732751408 
2 0.050109049685323724 2.065328520074004 0.04014596272315167 3.179037893428738 0.0693850013167266 0.18336964088410762 0.060052951610804636 1.0980011038677109 
1 0.05008857921023343 1.2108947749766679 0.040109089634036976 1.8715201896958895 0.0693823807682555 0.0010918789104668375 0.06004309885884512 0.6792292760872198 
2 0.05010785222983677 2.0261938409053197 0.04014461065955847 3.214385988022245 0.06938479720613669 0.1592186780339625 0.06005238470027404 1.0117066564226445 
2 0.05011331701345081 2.1483504437782153 0.040154861855417875 3.4812392357763238 0.06938590563912463 0.24365147679951585 0.06005573836996916 1.1726460715611213 
4 0.05014868701715301 3.338227567974516 0.040218095498951355 5.782605832697936 0.06939473968622312 0.7228684885530798 0.060076350007653004 1.898756138413616 
4 0.050148015522273284 3.3151769677866136 0.040216848778660094 5.741362208373234 0.06939456133230792 0.7172241475425185 0.06007597631142482 1.884971121287201 
3 0.05013469042971365 2.8910828002356483 0.04019242223559012 4.928941897708793 0.0693908842190579 0.6074145788275997 0.060068003335195595 1.5651126950811982 
2 0.05010892426721989 2.061433410627851 0.04014637260469791 3.3175042870524494 0.06938498484277944 0.18309159955267618 0.06005299248770424 0.9531383568910645 
3 0.05013397874495288 2.8290007622695836 0.040191689561251034 4.877138389530457 0.0693907252308715 0.6011739775126179 0.06006755181436631 1.5512605401229393 
2 0.05011275319139195 2.118757245800812 0.04015346715926513 3.363480473901754 0.06938569478274506 0.23930163410227778 0.06005499936853187 1.163444648400771 
2 0.050113701881145535 2.1602018921018598 0.040155486811187815 3.4419126555999853 0.06938599898980316 0.24550531033621575 0.06005603466496329 1.1786967134842672 
2 0.05011306759444713 2.140302848509257 0.04015379664040082 3.4059429587239274 0.06938583713866142 0.24247153830634174 0.06005557418965417 1.1683331523759908 
4 0.050153761890772516 3.505267996594816 0.04022718754062749 6.075663473331643 0.06939619412811786 0.7646838788946457 0.06007940508642736 2.0002230235111247 
4 0.05014999408850897 3.3802638720756497 0.04022040024194782 5.855580150887688 0.0693950900500502 0.7331054705534594 0.06007718960618559 1.8726040921991154 
2 0.05010743401124109 1.9942596929412324 0.04014355865680422 3.052452536249467 0.0693847236461437 0.15793603414030552 0.06005209475190852 1.0908350842718728 
2 0.050110924153233885 2.096778053694871 0.0401501031606145 3.2402180044869446 0.06938534653744935 0.23210377081223932 0.060053926716107466 1.0826023894947165 
4 0.050148903212124916 3.34472375615803 0.0402184488381163 5.79463859415773 0.0693947944149177 0.7243100538198881 0.06007651330621688 1.9026579222035633 
3 0.05013500470821092 2.920939900390293 0.04019353344806154 4.983534783248459 0.0693909743294322 0.6101286603134423 0.06006819721382497 1.5706649149718719 
3 0.050133544354141815 2.814562006755987 0.04019103320547603 4.812893832307377 0.06939062190252474 0.5974563590324542 0.060067261516611514 1.595191013317713 
4 0.050150436725791545 3.394769601138955 0.040221203073621245 5.882627323385912 0.06939522579475302 0.7367566493122156 0.06007744414756587 1.8795904547953968 
4 0.0501502139666366 3.3869377874017346 0.040220747594594805 5.866652081732125 0.06939516975256603 0.7349526491859517 0.060077319607909165 1.8756218542607488 
1 0.05009414680056177 1.4203954022096266 0.04011996429163606 2.286758246169835 0.0693827820802371 0.0017904374615500616 0.06004561948427678 0.803684130527705 
4 0.05015533446020755 3.555444439301766 0.04022999546191784 6.160626425666214 0.06939660195991046 0.7766917945694243 0.06008033806301814 2.0313946653546386 
1 0.05009293609056026 1.5235112096231807 0.04011777890883554 2.294487916534288 0.06938269227537668 0.001857630258938254 0.06004510485172891 0.7783297282951358 
3 0.05013528199176771 2.9495899729314443 0.040194045832270854 4.999384393901968 0.0693910477979576 0.6121676173739155 0.06006839935041526 1.6234136839659405 
3 0.05012837614449953 2.6614277340333294 0.04018215885321762 4.389396248990215 0.06938939329022324 0.5011168421978958 0.060064351630177024 1.444561176385601 
1 0.05008911844517141 1.1759296987772652 0.0401102195532914 1.8576776161830728 0.06938241526140841 0.0013453777145267993 0.06004337295721759 0.6927292889004882 
4 0.050155655684133625 3.56575217694285 0.04023051371115755 6.06567398774646 0.06939672371045054 0.7794639786811627 0.06008054820012472 2.037477056896332 
4 0.05015364509080027 3.5011717842306 0.04022697538002215 6.069311250679398 0.06939615110968603 0.7633125236309827 0.060079385794820014 1.9984651127514912 
3 0.05013401841352638 2.8303206906485707 0.04019218306647204 4.877041616092084 0.06939072940836012 0.6014633161618219 0.060067552160886425 1.5980244167903557 
3 0.05013023938463035 2.723729068340868 0.0401854488207994 4.650429513891962 0.06938983564521678 0.5149091057291477 0.06006532618457081 1.5334186430028485 
4 0.05015287991417783 3.4762093211398337 0.040225552690799096 6.022911375843314 0.06939592283250065 0.7570033148668864 0.06007893337196977 1.983155232190056 
3 0.050134809455530484 2.8951201326116447 0.040193267640615454 5.046840541066192 0.06939091679137165 0.608251740282783 0.0600680464151533 1.5671806346834087 
4 0.05015040730208033 3.3933250121435634 0.04022112803989969 5.877994035787898 0.06939522811708423 0.7365019107746574 0.0600774324081804 1.8248154510014731 
2 0.050109049685323724 2.065328520074004 0.04014596272315167 3.179037893428738 0.0693850013167266 0.18336964088410762 0.060052951610804636 1.0980011038677109 
3 0.050134570901589806 2.8679105542373087 0.0401928424742269 4.956069534543431 0.06939086325119007 0.6061357484628868 0.06006791567629623 1.609845975579375 
4 0.05015569583016342 3.5670555495805303 0.04023060755185903 6.184314093645639 0.06939672562610963 0.7797075918002528 0.060080573227727196 2.038498513279093 
3 0.05013052584277426 2.7331470215649185 0.040185539742860585 4.678911626489487 0.06938989518905882 0.5168479115838348 0.060065485110844405 1.4859327760304921 
3 0.050130008533432815 2.715916611826114 0.04018499903088356 4.68940445885534 0.06938978538869832 0.5130248709100769 0.06006520911390362 1.483482719451808 
3 0.05012892897020669 2.6799630632204954 0.040183405128059776 4.305652853090436 0.06938952987025407 0.5050974366254412 0.060064648900159855 1.4994160078479546 
2 0.05011060935481335 2.117805348009861 0.04014959321025937 3.21974216718064 0.06938529536222036 0.23099095657358823 0.06005373843170566 1.1121131795759611 
1 0.050087176399879384 1.179382486534067 0.04010627304840101 1.7882910829336922 0.0693823214811139 0.0011672592305148441 0.06004250919368074 0.6494638278360176 
4 0.05014868701715301 3.338227567974516 0.040218095498951355 5.782605832697936 0.06939473968622312 0.7228684885530798 0.060076350007653004 1.898756138413616 
2 0.05011275319139195 2.118757245800812 0.04015346715926513 3.363480473901754 0.06938569478274506 0.23930163410227778 0.06005499936853187 1.163444648400771 
1 0.05009369385804674 1.486139649944075 0.04011814673008148 2.302841707850465 0.06938271923867115 0.0018283765781507526 0.06004539063189009 0.792695370843748 
2 0.0501085163588751 2.000267754681688 0.040145322262414365 3.457954837931685 0.06938490737174634 0.16150545114277445 0.060052765031484115 0.9465784877627759 
3 0.0501301588481732 2.7210826769774004 0.04018529079628498 4.699527689963765 0.06938982019057484 0.5143815844815431 0.06006530283444278 1.486751758073812 
2 0.05010953820512888 2.0818526760660774 0.04014678744790283 3.2272642379820717 0.06938509007719743 0.2264626910977714 0.060053229298419775 1.1068706043070882 
2 0.05010929034158949 2.073601585306963 0.04014690682741137 3.3365968759121123 0.06938504648025987 0.22545650961534158 0.06005310191138831 1.1023706397584523 
2 0.05011020338320501 2.0868082774679486 0.040148181089692106 3.4025291231203396 0.06938521621116056 0.22940003848270724 0.06005354923773809 1.0521731592245036 
2 0.05010743401124109 1.9942596929412324 0.04014355865680422 3.052452536249467 0.0693847236461437 0.15793603414030552 0.06005209475190852 1.0908350842718728 
4 0.05015379778103003 3.5068380181223717 0.04022724623238583 6.079279813662022 0.06939617919348272 0.7645245703858896 0.06007947316379193 2.0017262687421247 
4 0.05014789047559307 3.3113747015277055 0.04021663325238308 5.7371339403830985 0.06939452359229409 0.7163213644982166 0.060075889452076536 1.8825344436403255 
4 0.05015555926895705 3.5615220738378426 0.040230258228467125 6.176170464650037 0.06939665717263968 0.7782780596822002 0.06008047602741027 2.0351162509923504 
2 0.05010806232580524 1.9851995807134686 0.04014443812640266 3.2742770122113916 0.06938482713792657 0.15978219669853364 0.06005245139734412 1.0036203511661053 
2 0.05011301724528715 2.208110517576197 0.04015393053839987 3.41420414000822 0.06938583355576425 0.24215257979846477 0.06005551931895016 1.167518758912029 
4 0.05014828708311571 3.324589233009024 0.040217350066793466 5.758189716117884 0.06939463914605679 0.7195019387601341 0.06007614834144186 1.8907368271835305 
1 0.050092560284954665 1.4061049244795736 0.04011614595545042 2.1761984783114583 0.06938263717843077 0.0018561006397942348 0.06004491272293601 0.7697187982047848 
1 0.05008947956091721 1.3201008462774424 0.040110765886837055 2.23717726762458 0.0693824398067427 0.0013161926773491363 0.060043509553810694 0.7000167396299855 
2 0.050107983655529556 2.048386163862308 0.0401444495210445 3.072627652490573 0.06938480926949868 0.15954540313884708 0.060052415364161615 1.0008996453131305 
3 0.05013461062844249 2.8692309709476604 0.04019326794964404 4.951734009753581 0.06939088458384336 0.6063829725091228 0.06006795191582896 1.61060902313977 
4 0.05014860383884503 3.33554799084857 0.040217939018967856 5.777347971194429 0.06939470668496601 0.7218829215541998 0.06007637007051575 1.8990376897744798 
3 0.05012778782474627 2.643027598774128 0.040180549950385516 4.410769137756224 0.06938925448270078 0.4973375586198581 0.060064052757592044 1.4869016763349692 
3 0.05013109740112659 2.751308008275172 0.04018698773212606 4.683316255473205 0.06939002383967406 0.5207922201344524 0.0600657429619347 1.4954842507164616 
4 0.050153281385014334 3.4893107098359386 0.04022633368893005 6.046961805151266 0.06939602003066009 0.7600681753773209 0.06007917106989995 1.9915111671328103 
1 0.05008701332888511 1.1746428806187956 0.04010645595433958 1.9508456227760902 0.06938229046664081 0.0011809492389405754 0.06004247074961553 0.6463501180259176 
4 0.050149964400974176 3.3788273109525173 0.040220378681720195 5.855539476219695 0.0693950967885901 0.7330160976055142 0.06007712551221015 1.923499995392028 
2 0.050108724450341716 2.0546946409174405 0.04014576349939168 3.191847214747777 0.06938494637243113 0.18201995097612506 0.06005278776893005 1.092213657828355 
1 0.05009103822485074 1.4131041230284338 0.04011374902524123 2.1061810237080723 0.06938253033861458 0.0017224521575919232 0.06004424976410546 0.7355430418116397 
2 0.050110924153233885 2.096778053694871 0.0401501031606145 3.2402180044869446 0.06938534653744935 0.23210377081223932 0.060053926716107466 1.0826023894947165 
4 0.05015327843735064 3.487156108116544 0.040226228740521335 6.044732592695661 0.06939604017629716 0.7602733108616333 0.06007911306606687 1.9899737488754035 
4 0.050153761890772516 3.505267996594816 0.04022718754062749 6.075663473331643 0.06939619412811786 0.7646838788946457 0.06007940508642736 2.0002230235111247 
4 0.05015479738101406 3.538172460485094 0.04022897175388653 6.132020105401667 0.06939647672676828 0.7725576371989176 0.06008004597859805 2.0206583313135935 
4 0.05015327843735064 3.487156108116544 0.040226228740521335 6.044732592695661 0.06939604017629716 0.7602733108616333 0.06007911306606687 1.9899737488754035 
1 0.05008760891535362 1.2151988508796883 0.040107514478772026 1.9150510180715812 0.06938235639187067 0.001154582996197024 0.06004271139248433 0.6603622462764307 
2 0.05010836759923283 2.025687910497085 0.04014525858481839 3.285248763303727 0.06938488685209085 0.16079305751136247 0.06005268207563428 1.0865537300794859 
3 0.050132755843886566 2.806662505737376 0.040190344751983895 4.505910723268208 0.06939043616157606 0.5621090154273695 0.0600668533034736 1.572575298401767 
3 0.0501330287814515 2.7974310278975056 0.04019020703876048 4.881056106310124 0.06939048796733924 0.5639901945099112 0.06006699539986733 1.532047325293817 
4 0.05014767469611971 3.3050137827329893 0.040216280167570145 5.724157638499463 0.069394428459383 0.7141772800552761 0.06007578447592012 1.878914118391338 
4 0.050152645011730265 3.4674687352325435 0.04022550835302001 6.006197210029178 0.06939582607906865 0.7544878691659602 0.06007876801855945 1.977862526686613 
4 0.05014868701715301 3.338227567974516 0.040218095498951355 5.782605832697936 0.06939473968622312 0.7228684885530798 0.060076350007653004 1.898756138413616 
4 0.050151120052049504 3.412790411157186 0.04022226846365712 5.91543062084642 0.06939540348503372 0.7417852048459244 0.06007780584566641 1.836167916628898 
1 0.050088778820787626 1.1928245620049727 0.04010971148292913 1.7908685484843616 0.06938240121102739 0.0013222551400661727 0.06004324432942898 0.6851846229404097 
2 0.05010739642629748 2.010399759882645 0.04014361502545129 3.046217388417451 0.06938470828029183 0.15777791511121902 0.060052101347594665 1.0836164549444276 
2 0.05011023213424888 2.05676973354323 0.0401490549512177 3.3496261083046166 0.06938523597506971 0.2295453730208615 0.06005355537430601 0.988872527905772 
4 0.05015036654114959 3.392041245028211 0.04022105540449415 5.875624701706347 0.06939520526974345 0.7361031270123324 0.060077396315870044 1.8234568372714157 
2 0.05010747927420881 1.966520489190867 0.04014341355913953 2.9223433400661687 0.06938471430311888 0.15817637454345662 0.06005230097479538 1.052541398299232 
2 0.050108806779741014 2.009411898068236 0.04014601201473507 3.3072510030646454 0.06938494831665744 0.18263602163203638 0.06005290651453271 0.9511410524848467 
3 0.05013330774178772 2.8066316057620804 0.040190491968990195 4.885042088077697 0.06939055355917817 0.5954950623603088 0.060067145608057135 1.584058559693199 
1 0.05009063738983101 1.3684834517108646 0.04011308579680281 1.8982752940944398 0.06938249363168301 0.0016181471321857818 0.060044036562819425 0.7266092672567711 
3 0.050133898295410075 2.8263606441004985 0.04019148319735231 4.779586831711172 0.0693906979561893 0.6003674958694141 0.06006749846976374 1.596461955493869 
1 0.05008953852320971 1.279276886652612 0.0401109215556385 2.116176911765313 0.06938242119105302 0.0013109342070371794 0.060043568170917015 0.701805582320012 
1 0.050094165404643044 1.4960851059760454 0.04011954227806336 2.410746938429393 0.06938278796910916 0.0017859555298721259 0.06004563493668595 0.8044122359158432 
4 0.050153281385014334 3.4893107098359386 0.04022633368893005 6.046961805151266 0.06939602003066009 0.7600681753773209 0.06007917106989995 1.9915111671328103 
1 0.05009073413961547 1.3321577050298108 0.04011311508945188 1.995699900963049 0.06938251375380687 0.001613314198215925 0.060044065005682025 0.7276967722762958 
1 0.050094305087205845 1.5024746479887794 0.040120052219375334 2.373973025519726 0.06938280985301477 0.0017796888317291638 0.06004570316999438 0.8065223451960104 
1 0.05009382208232956 1.5583925484647676 0.04011866797144816 2.060416465537505 0.0693827459008552 0.0018136259065109459 0.06004548131168521 0.7977316482162048 
4 0.0501497921989438 3.3736835648215573 0.04022004623417136 5.844556757407863 0.06939504527346366 0.731658540031046 0.06007703385814086 1.8679585727656352 
2 0.05011107848713984 2.0836443954883426 0.04015063552946584 3.420544378818019 0.0693853795814737 0.23276150477280405 0.060054062872414174 1.0840475095035034 
2 0.05010731232696599 2.0079084758073753 0.040143525636771586 3.047795483657646 0.06938471392148751 0.15760251999841396 0.060052112152292426 1.0511648778977618 
2 0.05010801386925664 1.9838522777651568 0.04014452813830239 3.203991028493219 0.06938481325437247 0.1599482902832862 0.060052475911162494 1.0791848433606437 
3 0.05013160651091866 2.768362615844702 0.04018744991829139 4.59816985899202 0.06939013905799155 0.5246539958328068 0.06006598706522698 1.5503656310978111 
2 0.05011139449196854 2.144035168191322 0.0401510758018618 3.2200757333610652 0.06938543363991019 0.23396239701165894 0.060054239339171346 1.0538650732679122 
2 0.05010832579533695 1.9937006362890055 0.040144946384533864 3.22953685584841 0.06938486302625105 0.1606064100095108 0.06005261450485612 1.0920505772531766 
2 0.05011539176787495 2.206597071922451 0.040158170890957544 3.7483377230169537 0.0693863430682312 0.2532052681590082 0.06005713989412194 1.171177146486959 
3 0.050130008533432815 2.715916611826114 0.04018499903088356 4.68940445885534 0.06938978538869832 0.5130248709100769 0.06006520911390362 1.483482719451808 
4 0.05015280455830388 3.4731702824583666 0.040225458836264334 6.020299164651057 0.06939591722377905 0.7565361427030087 0.06007889726515438 1.981451130728292 
3 0.05012759524071325 2.636452932090684 0.040179913636551955 4.4433328635865355 0.06938920237476752 0.49585307209063706 0.060063955623187046 1.4752523302032512 
1 0.05009004397327667 1.3417546714405126 0.04011211795836238 1.9685276803659746 0.06938246455960811 0.0015038884905239204 0.060043781701156804 0.7126641549285206 
3 0.050128135636536196 2.6534085642085983 0.04018152932911171 4.585119481334322 0.06938932774240233 0.49925483678158783 0.06006420937292395 1.4401741792270264 
4 0.050152016164837 3.4466716080218793 0.040224027974496875 5.9733999835088 0.0693956651410224 0.7495088389669169 0.06007839962054205 1.9648133777991774 
3 0.05012873171962921 2.673346440426731 0.04018229157854969 4.614439112233213 0.06938947835932695 0.5036755238743302 0.06006455433028661 1.5071056461709291 
4 0.05015116998035822 3.4185509276894424 0.04022249866381604 5.922372494694869 0.0693954362452432 0.7427319527578701 0.060077888895650564 1.8935007296097506 
1 0.05009246511172814 1.44702012958311 0.040116756438968885 2.120510753421942 0.0693826469576166 0.0018634484486253187 0.06004489889413829 0.766423666843316 
1 0.05009382208232956 1.5583925484647676 0.04011866797144816 2.060416465537505 0.0693827459008552 0.0018136259065109459 0.06004548131168521 0.7977316482162048 
4 0.0501543125131393 3.5220840019152826 0.04022815905674907 6.105741994691902 0.06939634352544931 0.7686068293179231 0.06007977141215411 2.0111985317492675 
3 0.05013092502702106 2.746426689436916 0.040186342198415485 4.793002657084315 0.06938999654736713 0.5202374241354539 0.06006575833109727 1.4936425253379948 
2 0.05010714814006878 1.9555392248505306 0.04014269885386268 3.0413788249910985 0.0693846639854569 0.1570466715018732 0.06005198516801295 1.0635445568503645 
4 0.050151370461360124 3.4252353444638324 0.040222860974764366 5.934072676235688 0.06939551036062128 0.7445984986575737 0.06007797997174917 1.8970995095592122 
3 0.05013342714447312 2.810624555361139 0.04019100314895814 4.884016698513726 0.06939058979089197 0.5965382065694343 0.060067190172061545 1.547035569584485 
3 0.050128215962096635 2.656109003918706 0.040181447540015715 4.456317428976335 0.0693893543958862 0.49986160368449806 0.06006428113458893 1.4969449284558312 
3 0.050131429084549414 2.7634473306189355 0.04018710150608024 4.774547182003685 0.06939011168467303 0.5236353765685708 0.06006595397882519 1.5031761088439715 
2 0.050110331381120754 2.0588840132848487 0.040148252932037 3.222977336519417 0.069385236408622 0.22984776495900797 0.06005361966032485 1.0014793217169071 
3 0.05013489032332334 2.9170590295923593 0.040193430272050475 4.973812822562882 0.06939094563699291 0.6088334730277124 0.06006815308176611 1.568166008816924 
4 0.050150816740037095 3.4067207608454892 0.04022186348521957 5.902673035837552 0.06939535700559736 0.7399255040369692 0.060077676508841237 1.887103645331166 
1 0.050087104445976895 1.176266289321575 0.040106034785735586 1.8137289081150976 0.06938229677546119 0.0011721171972389423 0.06004249616998693 0.6487090225152488 
1 0.05008893830124972 1.2557316843865223 0.040110125008063345 2.020143197630839 0.06938242260160563 0.0013601449976607203 0.06004329299159813 0.6888485221908213 
3 0.05013164626982697 2.769683595718361 0.040187892491918516 4.727174931630993 0.06939015359432876 0.525192770650355 0.06006604645792679 1.5059520837764349 
3 0.05012837614449953 2.6614277340333294 0.04018215885321762 4.389396248990215 0.06938939329022324 0.5011168421978958 0.060064351630177024 1.444561176385601 
4 0.05015544518592239 3.5594181784069585 0.040230130823391365 6.17086621759474 0.06939664887680966 0.7775872145923088 0.06008043493641583 2.0336463113327214 
1 0.05009243675375223 1.5081282181022666 0.04011652019097247 2.0858647112540636 0.06938263885661246 0.0018728568020283348 0.06004488050266428 0.7672388223506793 
1 0.05009329046697625 1.5099681495952069 0.040118061275342745 2.262423614876268 0.06938270363398602 0.0018667730403415569 0.06004525872707509 0.7846520357084514 
3 0.05012778782474627 2.643027598774128 0.040180549950385516 4.410769137756224 0.06938925448270078 0.4973375586198581 0.060064052757592044 1.4869016763349692 
3 0.05013294903026568 2.79478757523986 0.04018983571905762 4.865714473683992 0.0693904630698181 0.5636713275013765 0.06006689786490495 1.5776620581684757 
1 0.050089378810523846 1.2705184331009818 0.04011103277682634 2.013312704066086 0.06938243369591708 0.001324593295923736 0.060043493011116944 0.6986189774322852 
4 0.050148903212124916 3.34472375615803 0.0402184488381163 5.79463859415773 0.0693947944149177 0.7243100538198881 0.06007651330621688 1.9026579222035633 
3 0.050130407570776005 2.7291870111891257 0.04018569287203766 4.703718346768159 0.069389875077372 0.5161905596623015 0.060065477841499036 1.5280855020623563 
1 0.050086929394678036 1.1168201522581982 0.0401060442311736 1.8751996357843541 0.06938226264519085 0.001189148624792906 0.06004240811202771 0.6443981113992935 
2 0.050113794687171406 2.215098723514714 0.04015468979061545 3.48268012108545 0.06938598828089895 0.24598560798516092 0.060056028626533295 1.122315393114232 
2 0.05011221929496521 2.1201033847106636 0.04015173608701911 3.3299173562450393 0.06938558287934414 0.23712272040988291 0.06005477501036673 1.1539089407512548 
1 0.050087262811223 1.1853152969629213 0.04010674242227779 1.829676333394639 0.0693822991537333 0.0011580910818595796 0.06004257411674578 0.6515849359077243 
1 0.05009170803362336 1.3657989743098877 0.04011517535032554 2.183991247607292 0.06938258996408628 0.001730070499854492 0.06004450096041131 0.7492956644702949 
3 0.05013243672653596 2.777696678768033 0.04018810077479924 4.742805320980485 0.06939033519099667 0.5593577069330857 0.060066602710158 1.5214327863287989 
2 0.05011336911849681 2.184248890822805 0.04015440584504034 3.5337689323910646 0.06938591756625508 0.24405905178820908 0.06005582203036079 1.173572106543745 
2 0.050113826187044005 2.2337125246889955 0.04015489276922503 3.4205989196320425 0.06938599979249686 0.24603914081606412 0.06005609169939311 1.1812373791601414 
3 0.050127882366600915 2.645875102484227 0.040180932546068096 4.449449133099191 0.06938927481399583 0.4977255528624571 0.060064083292878725 1.4450040921453373 
2 0.05010822985372183 2.0376021202659294 0.04014449820071831 3.2324432481637806 0.0693848499561226 0.1605554197966176 0.060052537272472575 1.082619653948536 
4 0.05015121603850471 3.419742731389001 0.04022257026380942 5.92469219317899 0.06939546458189969 0.7433173281179006 0.060077879426120716 1.893887717530196 
1 0.05009306271018245 1.4670325008151008 0.04011694836764403 2.161550566163308 0.06938268056590229 0.0018755076729967755 0.0600451539314575 0.7811729382120871 
4 0.05015069296365565 3.4023930038236414 0.040221720674391684 5.8938974549346685 0.06939529324267033 0.7387110288701603 0.060077589457824335 1.8842500234800084 
3 0.05012881217317795 2.6760171809856983 0.04018293203395802 4.391128573236533 0.06938949646779606 0.5040560634787199 0.06006458861538565 1.4533955222655826 
3 0.05012921491848751 2.6893977517176184 0.040183258491771 4.644136512189673 0.06938959144668914 0.5075791448654834 0.0600648140965195 1.5132122191073527 
2 0.05010809965880675 2.0343058068839395 0.040144551073920474 3.3690725429694703 0.06938482932391729 0.159979858501523 0.060052519241533986 1.0003729673541255 
1 0.05009369385804674 1.486139649944075 0.04011814673008148 2.302841707850465 0.06938271923867115 0.0018283765781507526 0.06004539063189009 0.792695370843748 
4 0.05015170651573474 3.4359980700687123 0.040223433379228284 5.954945742050587 0.06939556333924723 0.7468365048326945 0.06007819737907163 1.9583472151964696 
2 0.050114259477854674 2.1770991592964646 0.04015605524458203 3.4434949886725095 0.06938611510079333 0.24815669654779407 0.06005640413382081 1.1888847935439677 
4 0.0501512887783274 3.4225199470550587 0.04022270877795997 5.928960554907263 0.06939547594401502 0.743741484986098 0.06007795484313747 1.8407508167361981 
4 0.050152056721184037 3.4480493122991973 0.040224091448024676 5.976012334589834 0.0693956577582643 0.7497026976668637 0.06007841267381484 1.9657440337806449 
3 0.050132795721803555 2.8079883855744696 0.040189612592705815 4.854144220563924 0.06939043586310367 0.5625534422996538 0.0600668274862423 1.5350483853827814 
1 0.050091383232826234 1.4152418707749257 0.04011379407861572 2.0999358312220777 0.069382567013217 0.0017247592152187011 0.06004438980308113 0.74328823670543 
4 0.050152645011730265 3.4674687352325435 0.04022550835302001 6.006197210029178 0.06939582607906865 0.7544878691659602 0.06007876801855945 1.977862526686613 
4 0.05014844846920805 3.3298757702406383 0.04021772626456529 5.765925059674314 0.06939468088856893 0.7207717820158661 0.06007624421793091 1.8939260812313663 
3 0.05013073657248727 2.739971799343298 0.04018588868532634 4.687249452413303 0.06938994336722823 0.5186888965775485 0.0600656149145201 1.5421467448353983 
4 0.050150314676154405 3.3908286033116126 0.040221050938165255 5.75300084857805 0.06939518854540827 0.7357792128120477 0.06007736586799288 1.8772505004032012 
3 0.05013073657248727 2.739971799343298 0.04018588868532634 4.687249452413303 0.06938994336722823 0.5186888965775485 0.0600656149145201 1.5421467448353983 
2 0.05010875698793754 2.0086204432099577 0.04014616742356632 3.1270698709927194 0.06938495148675376 0.1824319380661768 0.06005289297411539 0.9503257353431017 
1 0.05008670429473017 1.1832615382154974 0.040105432149352235 1.7653199544444707 0.06938227695735615 0.0011950700736661278 0.060042329320004896 0.6407611728179915 
2 0.05011530310308101 2.287544423783948 0.040157616081744195 3.5889770688323095 0.06938634283998686 0.25291868346387014 0.06005703132499256 1.1845459068973692 
1 0.05009033859711831 1.3406767826712955 0.04011179002849802 1.9945679042913647 0.06938249478333038 0.0016204809088770586 0.060043925790049114 0.7201667110025018 
3 0.05012877188479572 2.6746799892550976 0.040182867134700026 4.405666977947915 0.0693894880272731 0.5037825831198964 0.060064518589850735 1.5045240789307404 
1 0.05009437167629792 1.479962801750115 0.04011891693680203 2.320225040278165 0.06938279891385736 0.0017726886421568714 0.06004572330616727 0.8081153688121878 
3 0.050130328538192236 2.7265427299273406 0.04018551298579927 4.384547817589373 0.06938985700656627 0.5156461899176243 0.060065386438674075 1.4895208565985574 
3 0.05013358027970697 2.8157852745903305 0.0401911502215101 4.901090174681262 0.06939063060610692 0.5977696009938589 0.060067354730564446 1.5891864798571331 
1 0.050089216579580466 1.262749147749356 0.04011041354922718 1.9955646792116504 0.0693824258361108 0.0013025241119075856 0.06004340622155768 0.6932306009001942 
1 0.050087176399879384 1.179382486534067 0.04010627304840101 1.7882910829336922 0.0693823214811139 0.0011672592305148441 0.06004250919368074 0.6494638278360176 
3 0.05013196459560171 2.761918123842183 0.04018758360435386 4.835252100878616 0.06939023195687903 0.5276130406318789 0.06006620363550904 1.557909291815195 
3 0.05013235698461478 2.7750585794577405 0.040188792437210824 4.825780121590706 0.06939032961167502 0.5590741049088269 0.06006654154765062 1.5652404354687928 
4 0.0501509671634223 3.4119254651489777 0.040222150964852134 5.913025902153635 0.06939536244027943 0.740882750364863 0.06007776519020254 1.8898908081897616 
2 0.050111452951315624 2.095162496008944 0.040150624623490436 3.2738257106342488 0.06938544457650335 0.2342700829607936 0.06005429455929717 1.140340423266927 
1 0.05009293609056026 1.5235112096231807 0.04011777890883554 2.294487916534288 0.06938269227537668 0.001857630258938254 0.06004510485172891 0.7783297282951358 
4 0.05015352373577442 3.4972564853749626 0.040226761024404444 6.0612336307390775 0.06939610311099247 0.7622612786698378 0.06007930224575777 1.996115571131169 
2 0.05010714814006878 1.9555392248505306 0.04014269885386268 3.0413788249910985 0.0693846639854569 0.1570466715018732 0.06005198516801295 1.0635445568503645 
3 0.050131017792776046 2.7486559018925627 0.04018658924371664 4.711025771156854 0.06939000158904698 0.52038708469113 0.0600657201500586 1.5465267590304141 
2 0.05011185693654202 2.1584885512293916 0.040151582056252924 3.2841184180346863 0.06938551258533501 0.23574387329619045 0.0600545753378958 1.1467539834597813 
2 0.05011260565404495 2.182623262465653 0.04015304809416198 3.322122946642753 0.06938565435523474 0.23871399718524117 0.06005492084146743 1.1632161444108327 
2 0.0501091641982187 2.021467635652037 0.04014652461595149 3.0938991101518227 0.06938501568269186 0.20405521924686126 0.060053001536299576 1.0998629951328378 
1 0.05008873615127039 1.1723584117024326 0.04010960227130307 2.0155610155720574 0.06938239892032302 0.0012219621443394972 0.06004320074877915 0.6837164329126294 
2 0.050115118853538365 2.2655256771054293 0.04015800207184931 3.543269345373802 0.06938630304303033 0.2518018143628507 0.060056895427210454 1.181589136472331 
2 0.050113826187044005 2.2337125246889955 0.04015489276922503 3.4205989196320425 0.06938599979249686 0.24603914081606412 0.06005609169939311 1.1812373791601414 
2 0.05010801386925664 1.9838522777651568 0.04014452813830239 3.203991028493219 0.06938481325437247 0.1599482902832862 0.060052475911162494 1.0791848433606437 
3 0.05013528199176771 2.9495899729314443 0.040194045832270854 4.999384393901968 0.0693910477979576 0.6121676173739155 0.06006839935041526 1.6234136839659405 
1 0.05009040018832295 1.3428814560333384 0.04011305723533964 2.073363697666942 0.06938247795644192 0.0016174187342892418 0.06004394498685113 0.7206923785601778 
4 0.050147859466316794 3.3098293253308197 0.04021656863632527 5.7343154452301235 0.06939452387227196 0.7161139384258335 0.060075861108766296 1.8815916736697453 
2 0.05011416116785953 2.2271147739768438 0.04015608877274499 3.4222566205658347 0.0693860859988565 0.24759693320033777 0.06005637590783632 1.1492324874622035 
2 0.05011547148681318 2.2958236546185864 0.04015867994584451 3.736445665144352 0.06938638355625656 0.2535362474095729 0.06005717169358289 1.2094055030613409 
3 0.05013023938463035 2.723729068340868 0.0401854488207994 4.650429513891962 0.06938983564521678 0.5149091057291477 0.06006532618457081 1.5334186430028485 
1 0.0500881810603679 1.2000728600566237 0.04010792469315662 1.8559161463306375 0.06938235261156603 0.0011185989374547206 0.060042956321190166 0.6724120497429789 
3 0.050131685950570916 2.7710014341309135 0.04018797977442634 4.783306123817752 0.06939016248893204 0.5251786000807357 0.060066079401787945 1.5524410693480566 
2 0.05010942477633913 2.0285616991864597 0.04014725824924309 3.4733290557057908 0.06938506563113891 0.2260484257577362 0.06005324232349605 0.9968133705198792 
2 0.050113140456473325 2.16054896311256 0.040154003609290556 3.4347102737547823 0.06938587162899179 0.24325184606886552 0.06005572769104266 1.1699060675526805 
3 0.0501289689198244 2.681310437973232 0.04018294176337067 4.676330246604325 0.0693895274495617 0.505460502378282 0.06006469872629845 1.4996144543020589 
2 0.05010822985372183 2.0376021202659294 0.04014449820071831 3.2324432481637806 0.0693848499561226 0.1605554197966176 0.060052537272472575 1.082619653948536 
3 0.050128651395053 2.6706787820114384 0.04018265090773378 4.508082433451081 0.06938945798747088 0.5032271501079795 0.06006448389190613 1.4595920971959135 
3 0.05013294903026568 2.79478757523986 0.04018983571905762 4.865714473683992 0.0693904630698181 0.5636713275013765 0.06006689786490495 1.5776620581684757 
2 0.05011267536540594 2.1161530581609815 0.04015302939602573 3.310104077192757 0.06938567631666015 0.2390720434835683 0.06005496681629317 1.1629619509864144 
2 0.050111945678554315 2.142907455984919 0.040152174712415264 3.296033418289217 0.06938554122654395 0.2361499593329161 0.06005456758605088 1.0436512877442294 
2 0.05011454973462701 2.20362233428853 0.04015637529995557 3.4930616861075534 0.06938617408903486 0.24953738055663477 0.06005667073947778 1.1559619608754388 
1 0.05008733057510312 1.1691503845330762 0.04010715871355103 1.8695824961161862 0.06938231952989646 0.0011518767688235637 0.06004260751469137 0.6534962050001479 
4 0.050154149730648356 3.5167959746451176 0.04022782897386148 5.9707649706520645 0.06939627686937452 0.7671838071643526 0.06007965411653047 2.008120562873944 
2 0.050108147999417076 2.034852039264481 0.04014433216721094 3.156207139133497 0.06938484014460626 0.1603659745008068 0.06005252015887812 1.0812442168391332 
1 0.05009278631149964 1.4411281758804229 0.04011638537740152 2.2025317437636973 0.06938265671633928 0.0018350166960929611 0.06004502963052275 0.7744054926497882 
1 0.05009086524499704 1.3750854725712218 0.040113377955693544 1.8876057126586203 0.06938251676244193 0.0016020130297825226 0.06004413614580412 0.7307146036178438 
1 0.05009317946270455 1.4719143785220807 0.04011709101806117 2.2656097705656064 0.06938268918672791 0.0018673508251402606 0.06004518967441395 0.7829348411035131 
2 0.050107117476069704 1.9549698786669132 0.04014230634744769 2.8822214506594905 0.06938465660075277 0.15686960536952116 0.06005207736425431 1.0655118292725778 
3 0.05013223665025318 2.7894543287785765 0.04018852959051112 4.7797958232821625 0.06939028623685922 0.558221330690662 0.06006639588728626 1.52482316515393 
4 0.05015153377695183 3.430497127514483 0.040223149996360605 5.94301980376571 0.06939555090397456 0.7457580478873024 0.06007810751420199 1.9002659084644022 
3 0.05013429120838307 2.8394393233915407 0.04019231811842361 4.919935497954322 0.06939079312700672 0.603564664686629 0.06006776009886007 1.6036995629331177 
4 0.050148862483832456 3.343177927681529 0.040218392871681094 5.791028376090458 0.0693947745908421 0.7238635140085249 0.06007651879832365 1.9037961432411035 
4 0.0501523596054788 3.4565932480385726 0.04022462851939601 5.991157676984727 0.06939575694584947 0.7520409906037668 0.06007859957942467 1.9714682300704247 
1 0.05009012532238601 1.3490447636073104 0.040112301047677865 2.019761989386623 0.06938249826757892 0.0014894079143589942 0.060043819262774176 0.7153865889129755 
2 0.05011374396192394 2.213810657778531 0.04015519901731731 3.4876423467553423 0.06938600491868165 0.24590873674534305 0.06005607010765797 1.1804898632053509 
2 0.050112613696155564 2.125561733242666 0.04015359347380393 3.3821401384469305 0.06938577189829045 0.2410414587958743 0.06005538395162442 1.1609290715159155 
3 0.05013204407690316 2.764553973839291 0.040188235554004643 4.808211695420137 0.06939025341228318 0.5564934643367205 0.06006627803536283 1.5139110332765497 
1 0.050091349851858244 1.3561314679764176 0.040114437869778405 2.081475069051918 0.06938256901307668 0.0017281067042762628 0.0600443602115451 0.7425551944816537 
2 0.0501143273270947 2.249384610499308 0.04015630933292428 3.7226687814363175 0.06938613276386049 0.24840832679563274 0.06005645983210267 1.1905175625509714 
2 0.05011519211913649 2.2138943694111495 0.04015825879999683 3.607248215850909 0.06938632596919223 0.2523340212305419 0.06005703159024014 1.166953309885011 
4 0.05014929466992394 3.357801594695785 0.04021914557955486 5.817624619313943 0.06939493010077824 0.7278076223050658 0.06007675268951675 1.9104725728122418 
2 0.05010731232696599 2.0079084758073753 0.040143525636771586 3.047795483657646 0.06938471392148751 0.15760251999841396 0.060052112152292426 1.0511648778977618 
1 0.05009408543131858 1.5004476697642 0.0401188276515162 2.276042891321206 0.06938276843703241 0.0017940068518581276 0.06004564401583977 0.8030233267793051 
2 0.05011238205983588 2.1757882777340942 0.040152088929162194 3.1702714625271486 0.06938561458366141 0.23775608624344008 0.060054690333236495 1.1591443213614316 
3 0.05013496825900614 2.9198070526629065 0.04019341667577762 4.982764520885017 0.06939095235311776 0.6095388977175575 0.060068140702439 1.623304735106064 
3 0.05013073657248727 2.739971799343298 0.04018588868532634 4.687249452413303 0.06938994336722823 0.5186888965775485 0.0600656149145201 1.5421467448353983 
2 0.050107272834148196 1.976854960432394 0.04014307234841476 3.2075915951389815 0.06938469039699882 0.1577556840957241 0.06005201196571554 1.0788111296464495 
3 0.05012837614449953 2.6614277340333294 0.04018215885321762 4.389396248990215 0.06938939329022324 0.5011168421978958 0.060064351630177024 1.444561176385601 
3 0.050133068651936605 2.817159031339096 0.04019027596590357 4.887114084843101 0.0693904968623357 0.5650987361172854 0.06006694965186325 1.580172982451304 
2 0.050114259477854674 2.1770991592964646 0.04015605524458203 3.4434949886725095 0.06938611510079333 0.24815669654779407 0.06005640413382081 1.1888847935439677 
1 0.05009354661700245 1.4562314427340604 0.04011832208258405 2.2015168157714142 0.06938271985400593 0.0018371504296963582 0.060045361111466765 0.7902761676324336 
3 0.05013377874162618 2.822406505217858 0.04019124993323469 4.907938099419318 0.06939067887769128 0.5996052746416479 0.06006741685107595 1.5940102315138047 
1 0.050094415532002876 1.481294351245403 0.040119799622282334 2.260817258600001 0.06938280277094766 0.0017681805713532373 0.06004571877534538 0.8080300631677908 
3 0.05013060495031232 2.7357900007409883 0.04018583558692276 4.7315341992636055 0.06938991463453516 0.5176341565201973 0.060065526434093394 1.4951688443652316 
2 0.05011344723839199 2.22183925357225 0.04015444368322791 3.4461472606599797 0.0693859403854857 0.2444261675795925 0.060055917065965095 1.1366667261096368 
1 0.05008727578004153 1.2047404675094422 0.04010616665175074 1.7634476042183636 0.06938227917852434 0.0011644274889656963 0.06004256275884259 0.6505590084846004 
4 0.050151088590074354 3.415966320738548 0.0402223619752542 5.917539282329973 0.06939540668781966 0.7419815166568743 0.06007783695514439 1.8371674220381462 
3 0.05013326790566035 2.8053148703938207 0.040190844429138964 4.695716514535337 0.06939055525574926 0.5662626065399217 0.060067096944117805 1.5438572631518934 
1 0.05008720716735353 1.176042336137445 0.040107167882686194 1.7952236228752512 0.06938229872886052 0.001163666671231775 0.06004255527526625 0.6513612877575625 
3 0.050135605079325817 2.960660178373415 0.04019510605426044 5.008543169506534 0.06939112515409852 0.6145731990080062 0.0600685738651575 1.6295366567030745 
4 0.05015356334942571 3.498575340729926 0.04022681454510265 6.062632979928158 0.0693961399805629 0.7627906930013101 0.06007934414996703 1.9966529156861363 
1 0.05009075410185193 1.3285666154300657 0.04011303158289457 2.105347200154666 0.06938252708743214 0.001612804764995457 0.060044078762978036 0.7287065710036813 
1 0.05008720716735353 1.176042336137445 0.040107167882686194 1.7952236228752512 0.06938229872886052 0.001163666671231775 0.06004255527526625 0.6513612877575625 
3 0.050127882366600915 2.645875102484227 0.040180932546068096 4.449449133099191 0.06938927481399583 0.4977255528624571 0.060064083292878725 1.4450040921453373 
4 0.05015040730208033 3.3933250121435634 0.04022112803989969 5.877994035787898 0.06939522811708423 0.7365019107746574 0.0600774324081804 1.8248154510014731 
2 0.05011234065092065 2.123593757143154 0.040152812530344056 3.3193998451468674 0.06938560781578569 0.237641854143457 0.06005476500309557 1.1202614282266303 
1 0.05008788773246977 1.246713184264312 0.04010822106510533 1.9328962260038396 0.06938233184372057 0.0011205434986689042 0.06004282331276676 0.6648938410596921 
4 0.05015162219087997 3.4334280252454823 0.04022329911148653 5.949774858209214 0.06939554203909466 0.7460402624351647 0.060078165131056724 1.9568388390662723 
4 0.05014844846920805 3.3298757702406383 0.04021772626456529 5.765925059674314 0.06939468088856893 0.7207717820158661 0.06007624421793091 1.8939260812313663 
2 0.05011385962823286 2.1827406266247458 0.04015549367606924 3.4270752705368843 0.06938602751070126 0.24629585722523767 0.06005615399748828 1.1823328736594099 
2 0.050109924069488235 2.046786518793808 0.04014816283272086 3.374184390367737 0.06938516512161085 0.2281593896333562 0.060053491111886424 1.0758618739348293 
1 0.05009063738983101 1.3684834517108646 0.04011308579680281 1.8982752940944398 0.06938249363168301 0.0016181471321857818 0.060044036562819425 0.7266092672567711 
4 0.050148862483832456 3.343177927681529 0.040218392871681094 5.791028376090458 0.0693947745908421 0.7238635140085249 0.06007651879832365 1.9037961432411035 
1 0.050086908126441024 1.162626550142424 0.04010543644668653 1.8277036857618074 0.06938226090342443 0.0011841238244029984 0.06004239911349145 0.642543452366138 
3 0.05012873171962921 2.673346440426731 0.04018229157854969 4.614439112233213 0.06938947835932695 0.5036755238743302 0.06006455433028661 1.5071056461709291 
3 0.050133898295410075 2.8263606441004985 0.04019148319735231 4.779586831711172 0.0693906979561893 0.6003674958694141 0.06006749846976374 1.596461955493869 
2 0.050112613696155564 2.125561733242666 0.04015359347380393 3.3821401384469305 0.06938577189829045 0.2410414587958743 0.06005538395162442 1.1609290715159155 
3 0.05013160651091866 2.768362615844702 0.04018744991829139 4.59816985899202 0.06939013905799155 0.5246539958328068 0.06006598706522698 1.5503656310978111 
4 0.05015084799927383 3.408092126751363 0.040221804600484225 5.869296816553655 0.0693953288505745 0.7398458785112249 0.06007770498152983 1.8331206970905582 
2 0.05011123199585005 2.088765356923818 0.040150513808213495 3.5766668140105935 0.06938539782055723 0.2332911141555721 0.060054161549718155 1.0641018900464203 
1 0.05009012532238601 1.3490447636073104 0.040112301047677865 2.019761989386623 0.06938249826757892 0.0014894079143589942 0.060043819262774176 0.7153865889129755 
2 0.050108633425896276 2.0518966251146065 0.040145228368739475 3.0124914404796153 0.06938492276519 0.16164476932054042 0.06005278546518896 0.9487326100609531 
3 0.05013145571883628 2.7632217293791577 0.040187302481345145 4.462622777806319 0.06939010491164951 0.5234917112958617 0.060065951853533674 1.5473557581339157 
2 0.05010949723640397 2.032313063094459 0.040146834198765066 3.155551193606201 0.06938508504813799 0.22636727168395004 0.06005326283215349 1.1022201605791242 
3 0.050130446884429525 2.7305112228267885 0.04018586488474969 4.66869653541327 0.06938988830312354 0.5165050947784883 0.06006548628222187 1.5288215069835496 
3 0.050134570901589806 2.8679105542373087 0.0401928424742269 4.956069534543431 0.06939086325119007 0.6061357484628868 0.06006791567629623 1.609845975579375 
2 0.05011467577906124 2.17321138559154 0.04015675627014083 3.5164885225125686 0.06938620788066927 0.2500437230928834 0.06005667904860623 1.1582093357627905 
3 0.0501281757682292 2.654776931387149 0.04018142286135616 4.621033521091595 0.06938934472125677 0.49971803282103194 0.06006423430500324 1.4928929991650537 
4 0.05015513422501351 3.548784205617809 0.04022955391607771 6.150241840092549 0.06939655061935775 0.7749884810214636 0.06008023811403448 2.0272452885011405 
4 0.050151256625547536 3.421052111560749 0.040222657506053354 5.927427716456359 0.0693954660005039 0.7435400644409433 0.0600779089426504 1.8397741178472966 
1 0.05008670429473017 1.1832615382154974 0.040105432149352235 1.7653199544444707 0.06938227695735615 0.0011950700736661278 0.060042329320004896 0.6407611728179915 
