3 0.05072875143557061 20.768300936763072 0.041268245223959776 35.80795944274026 0.069563570957681 6.396713220402202 0.06038364105347732 12.800752186487767 
4 0.050943948661302876 28.245298635066632 0.041645550889103565 47.06846206199121 0.06962364020541863 8.347991253881622 0.060495902820573835 16.836310139878428 
4 0.05094755995624332 28.30469730467525 0.041652332872370176 48.23067209929114 0.06962512790552401 8.395049316821058 0.0604983375531717 16.912032294960078 
1 0.05042960240755593 12.098316452165394 0.04073371210544509 21.465875063558705 0.06947869016763782 3.6907213939734818 0.06022549408849849 7.209652284558771 
2 0.05053327653122782 15.347844139845431 0.040920355626357666 26.46541046769557 0.0695088696818514 4.644906110817695 0.06028049544512548 9.156125057492044 
3 0.05075667915289543 21.646914077605913 0.041317139241549096 38.9988937048298 0.06957167902703473 6.656692747296516 0.06039854912796498 13.32123795979717 
1 0.050271634636362326 7.123448775807972 0.04044306607363392 12.440314601293512 0.06942882709703116 1.8832875922822723 0.06014203771560632 4.197918486975634 
1 0.05033498845764032 9.14360396294752 0.04056190442370446 15.917126997150035 0.06943910442605801 2.68215475527927 0.06017618280736557 5.395355932484109 
2 0.05063253939758905 18.401711586891395 0.041097472738320165 32.42196637015116 0.06953691594515102 5.542489947938972 0.060333179569837025 11.012674983023498 
1 0.050409188598739996 11.402975749603232 0.040697116624778394 20.242580758380406 0.06947062404760318 3.4890793347843596 0.06021499444151059 6.82753847390059 
4 0.05092642309702784 27.69632463129866 0.04161515385639386 46.95894850787807 0.06961917092141401 8.20008713276584 0.06048730688131876 16.512402733264008 
2 0.05060292182925099 17.515392842974098 0.04104433600396877 29.547613644774835 0.06952860817828091 5.276663363279884 0.06031752598009652 10.460583326289523 
4 0.051013304216729595 30.446536135788314 0.04176541646380162 51.558875608193695 0.06964322895800543 8.990172408674015 0.06053212986463091 18.15074916902019 
1 0.050410658091107216 11.505374044614584 0.040699519738656056 19.974678513852318 0.06947104302209126 3.5059020851603635 0.06021588254904917 6.85421199662633 
1 0.050357343292982214 9.841292908226574 0.0406027345028403 16.341848287337598 0.06944663679785858 2.921603424881026 0.06018815130125589 5.825428607566003 
3 0.050756471207006215 21.641359622621252 0.04131676512932413 38.977015152284835 0.06957160542407971 6.655393812298018 0.06039842831871123 13.318249313635965 
2 0.05063965155109231 18.651056179330435 0.04110936596393096 32.74507569836434 0.06953890814162197 5.606050037164371 0.0603368752453757 11.139584110326876 
2 0.05060484724948613 17.573768561773296 0.04104761553184286 30.092815197058293 0.06952930075409892 5.297666525468939 0.060318654421324336 10.492701912554356 
1 0.050258216312285754 6.729165503135967 0.04041758851372248 11.688982877609176 0.0694253387436605 1.6806289579970275 0.06013511822577518 3.954887850037543 
1 0.05044658735380671 12.622690255326066 0.0407642510247866 22.360199276833093 0.06948408807799308 3.85065447145601 0.06023442282069615 7.5282445059475815 
4 0.05090008567237316 26.29371363928243 0.04156948952828783 44.51745367005082 0.06961100333904209 7.932955960401777 0.0604726370941733 16.000615668324077 
4 0.05100633355923785 30.225339010367406 0.04175467127942534 51.15994430204995 0.06964171634342106 8.94101052156356 0.06052903735586659 18.028538234309583 
4 0.05104091622616539 30.364514760850902 0.04181451082510196 51.27240809845915 0.06965106588927968 9.24724213686168 0.06054655851810057 18.676703349710507 
1 0.05044533862468894 12.570903390535207 0.04076136830757139 21.571381863103607 0.06948360571196585 3.836962388224259 0.06023367379577793 7.507480792347184 
3 0.050742417869037285 21.8687494579031 0.041291816592670456 38.29278977179409 0.06956747647320884 6.522391982529006 0.06039076381601125 13.051421592436501 
4 0.05087755770241977 26.152803170994055 0.04153021410159165 44.39112473962361 0.06960570165701005 7.760671320610373 0.06046212447031043 15.596858291165754 
4 0.05093047517143403 27.813569807398732 0.041623247247884756 48.11050988629624 0.06962026498150126 8.236725156226191 0.060489363959023434 16.589215993634582 
1 0.050296080181495215 7.926953832172489 0.04048942730928161 13.528402143860765 0.06943314479218357 2.266631911981373 0.06015522702014808 4.659824222053286 
1 0.05044088958249308 12.423119196220368 0.040754558732475944 21.718667199080492 0.06948230236222672 3.793737053314832 0.06023126328482742 7.4226114279448465 
4 0.05088210034427012 25.796452426916527 0.04153720435508882 44.05219676488243 0.06960664999336356 7.790881443763477 0.06046407938989051 15.674986360208345 
4 0.050993376436890725 28.913288968931788 0.04173119322095156 51.60849792130531 0.0696376176366394 8.805961844713982 0.06052173418391078 17.77204744893043 
2 0.050593171624351244 17.208654209852405 0.04102763187959106 30.163596661897873 0.06952588597335099 5.188236942076464 0.06031239241946348 10.278435945642268 
3 0.05085560910024499 24.672125186183536 0.04149118797443955 43.20343307118857 0.06959979812323495 7.566840202060531 0.06045084893660616 15.17986297650613 
3 0.05076863418237219 22.669513227765655 0.04133743478220991 38.66609384038789 0.06957521092675831 6.770408316019022 0.06040497606969154 13.541973319360068 
4 0.05095298965401538 28.472186254470273 0.041662038152268585 48.32120961734126 0.06962662163824956 8.445120240516657 0.06050119312771657 17.016484983220522 
4 0.050923810106678034 27.612769754297222 0.04161197157205402 45.42406040654481 0.06961808047245974 8.163795389389566 0.06048548548501339 16.455723976938692 
3 0.05086673245709113 25.730197850183355 0.04151212413174707 44.22312736224884 0.06960245732528454 7.6537206019100426 0.06045626118641413 15.393061443152718 
1 0.0503126177554283 8.46816956288308 0.04052006657873693 14.584646083672297 0.06943561068645838 2.4580036680997517 0.06016416145749763 4.972387974532142 
2 0.050588798619201514 17.032650839896124 0.04101884450094858 29.397595811067994 0.06952459918986562 5.1482164256286325 0.06031002486605511 10.195982878637652 
2 0.05060326316839899 17.183819460685932 0.04104488667380529 29.182999818526913 0.0695286901168353 5.279138822205853 0.060317695537532044 10.466725730150866 
2 0.050635515491621465 18.532737890564327 0.041102804396254695 32.54273186161978 0.06953782403703263 5.571511493055924 0.06033481704618591 11.067853248431684 
3 0.05072338203872151 21.22544397877736 0.04125776923834013 36.5270715476188 0.06956235559891563 6.356684178593558 0.06038097679425597 12.6975065706087 
2 0.05057550093793003 16.66091771432381 0.04099530309719705 28.019848782355865 0.06952084458429342 5.027865350360158 0.06030296971562847 9.947105059688628 
2 0.05059495393381985 17.26423608852473 0.04103053256042077 30.3977237239523 0.0695263905019738 5.204409578422593 0.06031333544220524 10.311369217461166 
3 0.0508050129770373 23.328596152570615 0.041402639067630156 40.46519111300298 0.06958551936572308 7.104190969924264 0.06042425030682238 14.230137537005444 
4 0.05105911984344391 31.893715279527544 0.0418457288978326 53.694539930484 0.06965731355144016 9.452882070429037 0.0605573221158633 19.044040774536576 
2 0.050470794195996524 13.352618456713916 0.040808249197802036 23.71064127973492 0.06949104150417373 4.073578765447978 0.06024727490600164 7.98271912239329 
2 0.050590327768688735 17.120365029452863 0.04102121703412977 29.20048743836623 0.0695250354808038 5.161851674683453 0.06031073703157308 10.21903778305254 
1 0.05043046934538433 12.125409275953894 0.04073558299702137 21.290914402993728 0.06947904214066926 3.6988880665323594 0.06022594392378402 7.225865759971993 
2 0.05062827499722564 18.255486583785146 0.04108954794443781 32.18057880667638 0.06953594111705433 5.5094277681335475 0.060331097307183154 10.929231734659473 
1 0.05040916151676298 11.414506500706347 0.040697127213754 20.248454917038252 0.06947013356730747 3.487770301284023 0.06021503393334861 6.826991557633212 
1 0.050438587338885545 12.304527905690202 0.04075016661382489 21.392091995124797 0.06948148483541934 3.765667466224219 0.06022998842750053 7.3778377350312665 
1 0.05041226070957361 11.559206637716892 0.04070253030734428 19.57172407829715 0.0694716816215987 3.5226375692352585 0.06021673623055877 6.8856723329652 
3 0.050673030667769334 19.69015843705837 0.04116970177614656 32.78065027696586 0.06954809215994502 5.900759565515737 0.06035440121968645 11.767118332788067 
4 0.0510492088803689 30.560107918330676 0.04182857688163906 51.86903622942735 0.06965338382026837 9.324241775931299 0.06055084746693048 18.833604401461564 
3 0.05076060449846052 22.44270086990904 0.041323320640055713 38.27426877618649 0.06957304151755309 6.702035159405358 0.0604009249412082 13.399816485404074 
3 0.050712220216123996 20.933838118243635 0.041238675570680075 36.67938725191866 0.06955907106092442 6.251703362958252 0.06037497791123765 12.4918241725506 
3 0.05067786970434492 19.805067739894604 0.04117751437097917 33.969000533782676 0.06954955557260145 5.9466696759196 0.06035701329032933 11.850034679173234 
1 0.05045285579574963 12.819163214435473 0.04077585527329765 22.217035635205498 0.06948578892547923 3.905508263656654 0.060237647793061365 7.646683126158171 
4 0.050881641864081506 26.27878860926711 0.04153640466190395 45.70151748043442 0.06960648940722657 7.787615600003411 0.06046381427664314 15.667868721343421 
1 0.05043320910475433 12.183270141873825 0.040740402139885945 21.41827108187596 0.06947997386927209 3.722830398995567 0.06022727084881142 7.278056446631988 
3 0.05084485296470499 24.29089263969594 0.04147217294911494 42.700824546681936 0.06959637367009175 7.456822228944072 0.060444758444610905 14.97267041356724 
3 0.05069107255891485 20.27419463111376 0.04120100458878699 35.52411981497234 0.06955329943050217 6.066214725252178 0.06036409551080888 12.102561187270933 
1 0.05030160335230085 8.096012134510705 0.040499663614320176 14.09315949361897 0.06943393290078179 2.3339347732214093 0.06015815291430833 4.764192555025919 
3 0.05072934750700275 21.462472778855496 0.04126874817175781 36.523279284088076 0.06956403450572993 6.4112154099574195 0.06038415034051699 12.810295453159014 
3 0.05070021549052237 20.540748724896332 0.04121697471027008 35.96587458942863 0.06955587611113909 6.149092839702218 0.06036881467180437 12.26694094208131 
2 0.05057207405802435 16.55501013846297 0.04098948167987318 28.526435341260566 0.06951989186724196 4.997545500694015 0.06030113984955014 9.883569465040903 
1 0.050377380798551516 10.45750877502915 0.04063931320104989 18.51999134410377 0.06945598806649403 3.1561349568145225 0.06019875879544782 6.217701451438392 
4 0.05096649500005751 28.839182197172068 0.041685224661324294 47.75421047171299 0.06963047947496258 8.570153263016447 0.06050824506857394 17.270285347022952 
1 0.05036834465874297 10.174337889572744 0.04062299209477885 17.66780562741747 0.06945177361546548 3.0495150254030157 0.06019390115848673 6.041080786691291 
3 0.05078655278609399 23.251620394279605 0.04136986086738344 40.09977573150093 0.06957975680687678 6.9180236682068665 0.06041386240765748 13.874776586141001 
3 0.05079687290678828 22.410487268472444 0.041388610287451506 40.14751521079319 0.06958324098907745 7.030228978161404 0.06042000962114813 14.078240675060053 
1 0.050302093903558276 8.13777228794406 0.04050037437104644 14.12722031619305 0.06943415791349339 2.3574790974711646 0.06015851453448544 4.774564427388299 
1 0.050276849311097306 7.314808653854747 0.04045287083767921 12.731827699830456 0.06942999864953593 2.014494531932298 0.06014472197451894 4.293610717606187 
1 0.05045924834723657 12.990650746049644 0.04078737735620504 23.06456759724314 0.06948769964537113 3.9660737611525505 0.06024111692556722 7.7649496663793585 
3 0.05083794109197766 24.122763423718105 0.04146004920595116 40.90364994726036 0.06959446629448278 7.393339913725399 0.06044115720832135 14.8415864952905 
1 0.05032999271743925 8.987710380171933 0.040552603451497936 15.65340314512488 0.06943815986558195 2.6314965106669916 0.060173516615169086 5.3014325560765005 
1 0.05045135030716326 12.775032366552063 0.040773147782926775 22.627186972455654 0.06948534764794276 3.8913947938524784 0.06023684208805451 7.61856135105031 
3 0.05077875176081973 22.911767192470684 0.04135601470335594 39.242248856635406 0.06957813859751454 6.8660199237005966 0.06041046642060691 13.739122863743962 
3 0.050690524075491086 20.25715626509946 0.04120052557073246 35.502716040671636 0.06955291273809676 6.054861974823792 0.06036350143746605 12.089174129430763 
2 0.05051459162763039 14.701312400220402 0.04088647508471026 26.06374188851857 0.0695034765441868 4.47234379215592 0.06027042695281089 8.801121449506985 
1 0.05042964063768164 12.0999305617679 0.040734144278486685 21.460084206800964 0.06947871878400642 3.690812104019723 0.06022551352035253 7.210502601146006 
1 0.05035794691035852 9.827025138730482 0.04060390464394413 17.161988787338018 0.06944709686439629 2.9277743648327736 0.06018831301099553 5.837574978674704 
2 0.05048654937279362 13.827597042471305 0.04083659835468169 24.160662629335107 0.0694954855170095 4.215186623677695 0.06025554985487367 8.27666963131989 
1 0.05032126447883648 8.712605263500944 0.04053657910847623 14.97525398072312 0.06943660679777333 2.5453402936353067 0.060168816916860025 5.136931298489696 
3 0.05070993530694803 20.862228401718596 0.04123365387442537 34.94525850664523 0.06955820487000992 6.224314526805951 0.06037349823492999 12.44530188623188 
1 0.0502934226418572 7.840232098913161 0.04048444362899173 13.544985502745664 0.06943285249140232 2.226401676128447 0.06015381345561509 4.609008824852201 
3 0.050853983158230434 24.621800181681785 0.041487594802756954 42.973908779541674 0.06959932617671345 7.551731938858291 0.060450002872313356 15.14932623694187 
3 0.05076863418237219 22.669513227765655 0.04133743478220991 38.66609384038789 0.06957521092675831 6.770408316019022 0.06040497606969154 13.541973319360068 
1 0.050315627740261916 8.537513396832903 0.040526122530150796 14.860349658092536 0.06943588158082878 2.4894251650567707 0.06016580567538025 5.030109982125518 
3 0.050834077987150596 23.95482012470329 0.04144669288620102 42.00421384295147 0.06959326480075487 7.358615467071748 0.060439134514315575 14.770506538926018 
2 0.05061666801909841 17.870927360339426 0.04106938801837894 31.54482542866749 0.06953244975251624 5.399204660811932 0.06032476073956343 10.715652051335864 
3 0.05078983583501155 22.202148894311645 0.04137679137062925 40.54314076161289 0.06958126807325579 6.9666235605740905 0.0604163143669901 13.947106388795763 
1 0.05033836078682861 9.248694513936815 0.040567923175151135 15.63699624099055 0.06943980050204893 2.7153629007540006 0.06017793081100649 5.458542322479794 
4 0.05103972065553335 31.278146945380552 0.0418125869646324 51.70678369417057 0.06965111984153062 9.25176177087225 0.06054644633882415 18.66518317104149 
4 0.05089080657007315 25.71050950289679 0.041552527391667614 46.243871798281496 0.0696090830531981 7.870397025885278 0.06046862808164248 15.838716488984108 
2 0.050541453562538696 15.604155620156245 0.040934496743858594 26.780477388218465 0.06951118532835752 4.7181839447972385 0.06028483505527037 9.308260975790697 
2 0.05065116249765903 19.036523107146614 0.041130547588270644 31.642293804222238 0.0695419343911977 5.70184218366408 0.060342757402434874 11.354452984050756 
4 0.05088307084139165 25.82715704279944 0.04153924844050498 45.69401813227154 0.06960690354316076 7.800138651026903 0.060464570127887515 15.694157420600481 
3 0.05078877414662505 23.324472659661023 0.04137296884324222 40.36863207796939 0.06958034989444298 6.938619653032935 0.06041502074101577 13.917456162345744 
1 0.05033915657404263 9.273422721774292 0.04056954719199575 15.727044434174058 0.06944001551388979 2.7247660269094993 0.060178410417934716 5.4739697056969066 
1 0.05039554965024644 11.020746167882987 0.04067207471904425 18.468391988787772 0.0694641250549592 3.349287562660188 0.06020813982547037 6.566701637675476 
1 0.05027114718461738 7.138235152145663 0.04044214491526958 12.408561546199685 0.069428653223724 1.879330046533608 0.060141787969341054 4.190170820492348 
2 0.050524960894835345 15.0891279859492 0.04090536904019861 26.640141127724558 0.06950650762870608 4.568238684632552 0.06027608747480907 8.99950239103507 
1 0.05041087302679735 11.511602286728472 0.04069972043491786 19.995762579701903 0.06947106647412979 3.5063172119584487 0.06021592889887364 6.857683156281391 
1 0.050325062754970576 8.832700080251186 0.04054361790146077 15.337524257336309 0.06943728730769877 2.583337957705448 0.060170835662128296 5.209167574413476 
3 0.05083613139613159 24.778282363503664 0.04145810905326118 42.94546877406267 0.06959382327496544 7.374470622673139 0.060440246637793515 14.819204771165108 
3 0.05084961351072753 24.487911551783267 0.0414805897944043 42.91906240328789 0.0695980766130728 7.511563506393577 0.0604476951917919 15.06812518199278 
2 0.05046596973951434 13.203471521403424 0.040799069663125805 23.452258371792603 0.06948954474898053 4.025486048595934 0.060244574680416274 7.890232298713295 
1 0.05027893515313027 7.381782149957937 0.040456841073135394 12.844404158641584 0.06943050821823013 2.0331445604898963 0.0601458649313384 4.331984734657031 
2 0.050502337661917494 14.32847935952871 0.040864617972586004 24.915904443132952 0.06949999797960282 4.3604937397114085 0.060263928982664514 8.572384973649854 
1 0.05031529004654025 8.498181451812727 0.04052516969454302 14.837700205341552 0.06943576992648717 2.4864260896259305 0.060165636160991 5.023863215743856 
2 0.050535476360890716 15.409828476944094 0.040924010465264136 26.066638915546207 0.06950951765271693 4.6646639848368725 0.06028168873288028 9.197074972150906 
3 0.05078847149562291 23.314913844770025 0.04137376867637509 40.64449775491961 0.06958055765837363 6.943896199401313 0.06041521257529179 13.915743556329303 
4 0.05092460740487574 27.63835306365936 0.04161147155887757 47.82278993014696 0.06961860165849185 8.182817112770184 0.0604863307839989 16.478959501662835 
3 0.05070775003688599 20.793785664137772 0.041230898581025736 36.40381990296699 0.06955805342893881 6.218824771332917 0.06037290635219215 12.412153342453061 
2 0.05063948759703135 18.243057557583455 0.04110861307422488 30.021051386487944 0.06953888564849756 5.603594166493529 0.06033682324721519 11.135566458996038 
2 0.050500102698726346 14.250664244729938 0.0408606185737662 23.78430682311388 0.06949942745728936 4.342077742427089 0.06026286028724126 8.53403391877149 
1 0.050372806062949624 10.313690940385465 0.0406308643809174 18.032377451758883 0.06945382893731769 3.1050113987956136 0.06019632335652725 6.128292514688195 
2 0.05051955029432229 14.895161967994676 0.04089567355152246 25.757462790801576 0.06950493831267951 4.518520965546546 0.060273179427902855 8.899326354894601 
4 0.05093255066389045 27.88937813270339 0.04162774913784193 47.21702877351947 0.06962131629670114 8.269883242624136 0.06049097404600873 16.635919610787653 
2 0.05052346380489127 15.044677664931157 0.04090281415326842 25.954053909392155 0.06950607392607423 4.555343783605039 0.06027527698012146 8.972279219722855 
1 0.050299588323068335 8.032401976612551 0.04049592686237177 13.428061587838457 0.06943370280749242 2.3004004653609935 0.060157157575769934 4.726131176730208 
4 0.05105723329641902 31.83369338098463 0.04184283046834117 53.780341440147154 0.06965614242781606 9.416295456397004 0.06055561075674791 18.99785792248534 
3 0.05079782831807763 22.388005203976842 0.04138923400435134 38.99180341552093 0.06958322424918702 7.0293116226708765 0.06042016078353589 14.090437560114424 
3 0.05082624745544921 24.452998595702052 0.04143877431790691 41.766293968834376 0.06959112304157147 7.286567156777892 0.06043498301694007 14.623203297973834 
4 0.050900134987906534 26.29053896080694 0.041568497736371925 45.27225220724999 0.06961129976047084 7.9430808671022195 0.06047300846683281 16.007001243855033 
4 0.050998355791129414 28.442672856821247 0.041740835168619816 48.838607032976974 0.06963958589628985 8.86912297964923 0.06052497579022507 17.87704626298541 
1 0.05038181395044191 10.58800918505662 0.04064712450364975 18.866454400263457 0.06945786149555155 3.2034168816748805 0.060201042337535295 6.302067722911221 
3 0.05079814191222629 23.619274999073756 0.04139023299438456 40.31487233993638 0.06958358791626815 7.041584576257298 0.06042064736660226 14.101461748875934 
2 0.05055895542858426 16.14546749544514 0.0409660664632292 27.8129457817629 0.06951617142851275 4.877980563535468 0.060294173195005143 9.637675487551856 
4 0.050914728300320414 26.44136085319476 0.04159495308230912 47.47966842422532 0.06961586807442151 8.091707588836304 0.06048118240732216 16.291054728581354 
1 0.05040602366775369 11.313807958509605 0.04069130428837799 19.54269306817975 0.06946892888878424 3.4597367991481143 0.06021357394673038 6.76780351789383 
2 0.050667853493401506 19.538887480549523 0.041160230590623605 33.52275364371466 0.06954685465408211 5.8596038744477825 0.060351909442400084 11.671786740624414 
2 0.050560703315663716 16.2045405230863 0.040969246580542115 27.775984860258774 0.06951665880123087 4.893997060103435 0.06029509107504749 9.670367494792321 
3 0.05085869191301765 25.460092282658138 0.041497813482497224 44.493508678111354 0.06960047386775077 7.590224722370434 0.06045235916517668 15.246252621223585 
3 0.050756163660326425 21.583860979119596 0.041316585971653476 37.50290794804397 0.06957154690306575 6.651941138214596 0.060398264858085526 13.311326521446247 
1 0.05026954456533924 7.08785716796068 0.04043909427842709 12.318387834133853 0.06942832785863426 1.8661959897331368 0.060140973575964166 4.160573340836277 
4 0.05100104328521522 29.089699594305415 0.04174555201685571 50.74581310347217 0.06964071085790388 8.907992561072513 0.060526859844686656 17.936616865086208 
4 0.05102604182296847 30.78484344917797 0.04178901528910426 52.16329928704131 0.06964678176516623 9.107886468849873 0.06053875835702901 18.39463782031791 
2 0.05047508397549181 13.489338059011619 0.04081576912756245 23.023047147809358 0.06949220676975193 4.111654259288315 0.06024949284952237 8.064425577508004 
1 0.05026893280072364 7.068826202340314 0.04043793151609768 12.284230362584795 0.06942816302144603 1.8611960299011798 0.060140655624439224 4.1494691761346205 
4 0.05090672922083802 27.01148068937918 0.04158116566138635 47.028979725037935 0.06961353867260746 8.017235742464042 0.06047689311552704 16.139834244391754 
3 0.050690262066626426 20.24866065139809 0.04119964865713725 35.51534433716407 0.06955283711286184 6.052660354343203 0.060363389107075505 12.084871100795386 
1 0.05027676981244589 7.312220581089777 0.040452714189880834 12.725646749687138 0.06942999917846904 2.013736790067769 0.060144667331582635 4.2919069967991685 
2 0.050515175422085445 14.77465279671171 0.04088773655840566 25.499682771158177 0.06950375264837172 4.480906704288444 0.06027090367132308 8.816368190225706 
3 0.05081964084754866 24.296040285540776 0.041428319736402666 42.34980837085972 0.06958964552636046 7.237503947802258 0.06043196447713674 14.505072578492355 
4 0.05099946593755472 29.094900246089527 0.04174284214161038 49.33004747126773 0.06963988979141142 8.879180153330674 0.06052556329816927 17.897967158745296 
3 0.05080801737788245 23.87824628214421 0.04139901129730724 40.437658210756 0.06958626190307872 7.132340201913527 0.0604258669530179 14.287417262770157 
1 0.050455932575445096 12.893908593062443 0.040781457312684136 22.007680486703876 0.06948663170540596 3.9317608019893933 0.06023929944252655 7.70527961136487 
3 0.0507394474161494 21.77035210458585 0.041287145806987655 37.728294463488446 0.06956709502979692 6.510082140603918 0.06038976294067686 13.00396808739949 
4 0.05105272024124015 30.729611680747354 0.04183480393149451 54.74468993281023 0.06965488361319952 9.373905919332344 0.0605532792311241 18.91040550762714 
3 0.05069034713596361 20.20462932219752 0.041200026982589406 35.504395842715795 0.06955286320184555 6.053339648230439 0.0603634164587367 12.086208384063855 
3 0.05069361437183242 20.298220014790406 0.041204921730938635 34.820368433694775 0.06955400960548225 6.09015775230839 0.06036529810588749 12.143908226139677 
3 0.050687765973329836 20.125202603931292 0.04119599008307739 34.02626009225312 0.0695521717561194 6.0297475154755436 0.060362062248345914 12.037114229448925 
2 0.050619863991978 18.058115755384904 0.04107465959556822 31.744978688054385 0.06953334352794155 5.428068179633304 0.060326450464386394 10.775310552754226 
4 0.050986350625776486 29.525561715622644 0.04171930603871781 51.241187555187615 0.06963521508663115 8.728569285824443 0.06051760715018946 17.63313314232325 
2 0.05061313634773902 17.832436760236238 0.04106163298747018 30.628420526154382 0.06953165000272883 5.372611098923583 0.06032305972280192 10.646398313280551 
4 0.05091820144410025 26.60267346861025 0.04160213984404455 47.22363506322803 0.06961685859413767 8.123889940109065 0.06048300529394539 16.35701792094299 
3 0.050835458434418834 24.702829862303606 0.04145639542791897 42.256903874501305 0.06959339806849744 7.360759602211566 0.06043959041850794 14.802185840267162 
2 0.050591783876739974 17.123036701096265 0.04102472366741092 29.163346925755775 0.0695254897194949 5.17535898743344 0.06031166016449237 10.252233144044874 
1 0.050304951204942695 8.02491283150105 0.040505993973883624 14.274577897098439 0.06943445168823223 2.3854187710521857 0.06016010168984458 4.829382685272302 
3 0.050678686033301765 19.876542614382583 0.041178821675851934 34.85851160012661 0.06954967591780528 5.951281918657845 0.06035723882847501 11.863441797720185 
4 0.05096374980770837 28.866520750849674 0.0416810018275386 49.05968881387082 0.06962969491827511 8.544204317386725 0.06050679589357451 17.21803190046084 
1 0.050364084545151844 10.054059520243271 0.04061489681437789 17.367397544852466 0.06944950277571249 2.9931835162024845 0.06019173549741856 5.956306414383418 
3 0.050845871687200575 24.37314408849257 0.04147479865487881 41.86480470991006 0.06959668635720329 7.466659734977114 0.06044528347660551 14.991915980785851 
4 0.05095973935372404 28.736615540240685 0.04167293115169641 49.74415990039154 0.06962812843982662 8.495361526688901 0.06050421959996834 17.13685764798254 
1 0.05045992312989618 13.006263817531016 0.0407886939988157 21.82904628788456 0.06948781586177596 3.9704017767133495 0.060241412415985504 7.781000918257311 
3 0.05077065779055939 22.75480229748574 0.04134288259138088 38.819275421674874 0.06957559930790569 6.783906133776846 0.06040587665355823 13.583604687430627 
4 0.05102856431324234 30.925144058296723 0.041793820745150964 52.271211118526594 0.06964750649864879 9.131742129796592 0.06054008773979509 18.44321398813044 
2 0.05056660882738294 16.348022910021818 0.04097962373949877 28.074109679368085 0.06951833074902121 4.947270172124807 0.06029822386060971 9.780199701890448 
4 0.05088701605442856 26.44863046334451 0.04154667518859069 45.98668095895956 0.06960798503652411 7.8353891811791625 0.0604666083707875 15.767785773904404 
4 0.05095478462986819 28.586517959294675 0.04166525297414559 46.92221952608129 0.06962719465586628 8.462072985568085 0.0605021511417547 17.04910814614029 
1 0.05033031588297728 9.001234244517141 0.04055326391166507 15.670259331633275 0.06943816836075425 2.634260490545677 0.0601736653220261 5.308076288629623 
3 0.05075375395138317 22.174167597360785 0.04131154625921526 38.77049359489569 0.06957110164424177 6.6394553823081255 0.06039729796956748 13.27097417404874 
2 0.05062716598548202 17.925026865751096 0.04108757555286815 31.421283327999028 0.06953545930772355 5.495700484164158 0.06033035782177937 10.910861183855456 
3 0.05086681058263912 25.192736452075614 0.04151236179005312 44.56132644323232 0.06960244583440874 7.654764246902251 0.06045625848312837 15.394645554411643 
1 0.05028164352722496 7.469823126307086 0.040462015699352795 12.990486069116448 0.0694310415389832 2.0575329279482917 0.06014731936818174 4.383329972693605 
4 0.05100417212731625 30.152536132863293 0.0417506528697406 51.03460976262515 0.06964111551896038 8.921682496537318 0.06052793749559056 17.988699530721522 
4 0.05088726310344103 26.457168671731516 0.041547948174253786 46.005397470725356 0.06960809444045224 7.838572135544385 0.06046675314171464 15.772942803875788 
2 0.050528021411960757 15.179372399136431 0.04091135780274348 26.825682242036617 0.06950740981005896 4.596654267563828 0.06027774955226968 9.057568947820112 
4 0.05091213453432143 26.416008328112156 0.04158929656436437 47.37371354601707 0.06961510148825972 8.068445663205347 0.06047980366069448 16.243513625069927 
3 0.05081076063829352 24.009659980474314 0.041413227689010776 40.972912059693954 0.06958700087686812 7.152711384163513 0.06042728990127823 14.347055540135312 
3 0.05067748585102312 19.838684708415354 0.041176228140943426 34.36668485986929 0.06954932977679491 5.938629908802012 0.0603566296778615 11.83958390877232 
3 0.05068219604569799 19.925775743617088 0.041186441417598786 34.22925437087946 0.06955066190812778 5.982804865051217 0.0603592399704322 11.937903372755354 
2 0.05049650887422992 14.113718877897526 0.04085415569017035 24.37750833176789 0.06949837114079505 4.308286771220269 0.06026089083129749 8.464880385801893 
4 0.05095801616713458 28.680661397797945 0.041671747534765775 47.250366068239614 0.06962810568211478 8.492227163054887 0.0605038371999941 17.110587354124576 
1 0.05040865262912277 11.442375442551628 0.040695945635805475 20.09348390650475 0.06947018732367854 3.4859499909228973 0.06021486187784405 6.816331084613151 
3 0.050817550865404196 24.23095645728416 0.04142435091755819 42.21436941567869 0.06958905316911428 7.219034730502676 0.060430857029264186 14.465686070394302 
2 0.05051858022706583 14.866745574678808 0.04089403934996393 25.67989838249182 0.06950464358068555 4.510476774150521 0.0602726489516527 8.882289051135663 
2 0.05059375797768262 17.227012654709817 0.041028208459831836 29.630539586899168 0.06952604492821055 5.1935525193324255 0.06031269444108478 10.289353864394087 
1 0.05043081752396282 11.863872972406798 0.04073619787561575 21.542804532183084 0.06947916803645601 3.7031616270946897 0.06022616834483809 7.2343249263164235 
4 0.05103320004028854 31.011160229036438 0.04179992290518307 53.74939656116811 0.0696493314210497 9.192764983315394 0.06054307491696396 18.540143058579197 
2 0.05060070271331747 17.44737226120206 0.04104027800491382 29.866259392752976 0.06952797313113405 5.256607306661858 0.060316340051748595 10.419409052423887 
2 0.050642001564369966 18.723260760075913 0.04111424342817259 32.12143693806932 0.06953978412424172 5.633330363249651 0.06033837227008217 11.186482215660641 
4 0.05088348978388191 26.337919760045942 0.04153956274342481 44.22973114231687 0.06960702844107813 7.803726485290426 0.06046480191685162 15.70150074529028 
1 0.05039378187946954 10.971698758151756 0.04066913980457867 19.505623843339084 0.06946352778107343 3.3326958570815073 0.06020730136173215 6.53382576325834 
1 0.050283194374462735 7.516272375815679 0.040464916035460846 13.074097536569719 0.0694314250787568 2.0713694766325137 0.06014818345172982 4.412050999169345 
3 0.0508518813710455 24.557821090285554 0.041485385015635874 43.18475606950933 0.06959876473074775 7.53245914250644 0.060448893345897245 15.109523285554364 
2 0.0506114197331712 17.78827023734922 0.04105978846384149 31.239332365567446 0.06953098168980396 5.352591246774227 0.06032200559459078 10.618743369150758 
3 0.05072191112492499 21.200215915172855 0.04125545859928338 35.90088205732151 0.0695617493666151 6.338135846968084 0.06038002754124673 12.67156250753858 
4 0.05091133550076118 26.389015858030028 0.04158901564288149 47.323051859763204 0.0696145218161684 8.047878381936444 0.060478960966760933 16.2206639195664 
3 0.05074753594022337 22.03148998333991 0.04130077342057371 37.604839744224066 0.06956885983710515 6.566288013932606 0.06039340767049327 13.145469121443089 
2 0.050646378615855955 18.824109950443454 0.04112125049354444 33.106230954677905 0.06954100850033211 5.672128709888435 0.0603406761794977 11.266658400211583 
4 0.05099775116194065 29.045464601793917 0.041740679641392595 50.64946614735735 0.06963984056026028 8.877176003359875 0.06052518262914582 17.87314904904313 
2 0.050535685010098676 15.416289115571058 0.04092433723186717 26.29480641227581 0.06950957090357099 4.666606903478801 0.06028179996623678 9.201021151416729 
1 0.050260973185323146 6.816984804240688 0.04042288328507858 11.848424815051533 0.0694260900137461 1.7549000715246357 0.06013657190081365 4.005133684438926 
1 0.05041922929874104 11.771045739488446 0.040715303861960796 20.443556029388738 0.06947410019526568 3.587650272913612 0.0602202843636455 7.015303318340832 
4 0.05092813105985172 27.750758487401185 0.04161882297268778 47.05425858239512 0.06961963235833292 8.216092641543174 0.06048817231857245 16.54543637890239 
2 0.05061582644778602 17.93319632642008 0.04106730148037285 30.972842344867537 0.06953220885389892 5.39159692813396 0.06032430463776448 10.699591317267947 
2 0.050500188943091814 13.974612739054077 0.04086080932884699 25.279553771341163 0.06949942070905495 4.343017249987486 0.06026289220836063 8.536480659539649 
4 0.050920153115105685 26.66146077324588 0.041605273073163855 47.75089893606004 0.06961739152496707 8.14254131511939 0.060483999977492056 16.394574129265976 
3 0.05081488475743958 24.114511023083157 0.041420974852947115 42.14239630466119 0.0695878425290329 7.1803656222335475 0.060429074671502894 14.41975505757768 
3 0.0507461791717988 21.94052814450307 0.04129884506466841 37.55354681550874 0.06956871316917548 6.562420633007139 0.060392980129934895 13.125144386060166 
3 0.050801423453137665 22.548329606082508 0.04139645322494113 40.35710991520083 0.06958454751575718 7.0715920531476275 0.06042241526603739 14.163288102023895 
4 0.051058431145808894 31.81006467974381 0.04184436901868009 51.913033922109705 0.06965655647065302 9.42824673816077 0.060556300795849435 19.020675426091422 
3 0.05069491854482303 20.38395326962911 0.04120780765556192 35.72361810040258 0.06955416261645453 6.095273290875556 0.06036571181181771 12.164652894373736 
3 0.050733402496028535 21.583275940152213 0.04127574189017337 36.27267666302446 0.06956505841343318 6.443980255334269 0.060386266111985 12.886075074256286 
2 0.05063971157131906 18.652817574636362 0.04111014802089556 32.777228733841206 0.06953888178770437 5.602918275637023 0.06033693901329673 11.139496754155036 
4 0.050986350625776486 29.525561715622644 0.04171930603871781 51.241187555187615 0.06963521508663115 8.728569285824443 0.06051760715018946 17.63313314232325 
4 0.05089979015912731 26.28429213752952 0.041568873668746474 45.46078236450603 0.06961118664294111 7.940430007727288 0.06047280903384691 16.002044662940865 
2 0.0505027213440578 14.357587101942045 0.040866399269945265 24.860753422292078 0.06949996669262977 4.35840485140775 0.06026431163716298 8.591038257573173 
4 0.051059663021356505 31.911631193102714 0.04184685967487524 55.12161185969329 0.06965735223655156 9.456650243130591 0.060557503256785404 19.054376456790088 
2 0.050537654407599275 15.478085295373983 0.040927578239188876 27.32423680913731 0.0695101209587515 4.685213919194069 0.060282846851233106 9.238965393485122 
1 0.050365765478585844 10.091786394258673 0.040618256465702385 17.97965648475639 0.06945062451697248 3.0167668653837603 0.060192601933210174 5.990959949434588 
2 0.050618954400052776 18.030294881657053 0.04107285909879671 30.953201598663764 0.06953308105470571 5.419346413065335 0.06032596465313611 10.757648146752647 
1 0.050352603484993055 9.692995886588616 0.04059405818547831 16.855955174244073 0.06944463456679432 2.870584005279352 0.060185622946216544 5.733173321576832 
2 0.05057365757149489 16.602108762456833 0.040992870170934566 28.598239525290627 0.06952027422585914 5.008694256119396 0.060302038894720314 9.915910167750713 
3 0.05069337202730417 20.33635141175066 0.04120397879760385 35.62804255937722 0.06955370332279771 6.0807942277350495 0.060364899147640504 12.135861000579668 
1 0.05030044651730747 8.059675577353676 0.04049751634407712 13.233199644519079 0.06943385783789237 2.324893699996231 0.06015762460999928 4.742683650007545 
2 0.05056200992183527 16.244654229103645 0.04097169630682602 27.8506904121238 0.06951706001100136 4.905652266451026 0.06029581556234168 9.694240933523519 
1 0.05032086907468225 8.699529058635934 0.040536015296661884 15.105959003428032 0.06943653722477297 2.5415787294229597 0.060168615745735135 5.129768645460757 
2 0.05046396758607781 13.091916302159017 0.04079540077510131 22.683634811459555 0.06948896144379028 4.007001549343649 0.06024348059853074 7.851998105911359 
1 0.050359905505963996 9.924467280661826 0.04060740290540264 17.24863827696793 0.069447554643042 2.9480135866113257 0.06018948958175883 5.87466043814624 
2 0.05051085761183009 14.648583019158242 0.040880131571914946 24.663908376644144 0.0695024842383867 4.439549997666029 0.060268582078563004 8.735252366181694 
2 0.05047056700624701 13.338769868107082 0.04080789958216421 23.69794905899717 0.06949084749232684 4.067395345282643 0.060246997302934056 7.977968836750594 
3 0.050748028265269175 22.046908872533443 0.04130092705183562 37.68435524389314 0.06956854130738165 6.558026075126404 0.060393089317776 13.148054465466043 
1 0.05026873526430313 7.058084245588039 0.04043750143297036 12.2681171707864 0.06942820345261201 1.858888682182295 0.06014055190770553 4.1438850453508405 
3 0.05076940684856908 22.715060550257856 0.04133921704365273 39.68710659448432 0.06957494992768529 6.763475134244409 0.06040487702646785 13.554842289651234 
3 0.0507253621418137 20.835091076535274 0.04126220620156853 36.82171322473912 0.0695625309347467 6.364397656136828 0.060381677987662453 12.732047449900369 
3 0.050768720330179 22.69331559463754 0.041337787903915395 38.39068728054828 0.06957533990584089 6.774553121251939 0.06040523261157445 13.550783914479425 
3 0.050696565685320785 20.427096480627284 0.04121105171935568 35.8225303047103 0.06955484841861491 6.116662377745557 0.06036688153312619 12.199622101483941 
1 0.05030671119749314 8.260733898160451 0.04050939747978926 14.380656918277896 0.06943460620558908 2.402110644782971 0.06016102242690807 4.863429743217162 
2 0.050619569188542005 18.048669722556973 0.04107388844128406 31.65834954933563 0.0695332532827717 5.425444673089283 0.06032629611650472 10.769947471023483 
4 0.05098795776427449 28.746872512691642 0.04172192554079238 51.351121935810134 0.06963613393235606 8.758671586204594 0.06051899070052262 17.67233803827319 
2 0.050602168360954505 17.492237639716585 0.04104343932483423 29.645226794827664 0.06952831488764484 5.266403100926901 0.06031703159394736 10.445276325476854 
1 0.05029264582192285 7.817291807793642 0.040483040089162634 13.612511757992673 0.06943286435715539 2.2168039630802605 0.06015336296360139 4.593677338934596 
2 0.050532231075617086 15.315389852211476 0.04091855806318291 26.39224227040299 0.06950856184513929 4.63507729903691 0.06027992999384951 9.136554008788826 
3 0.05079440385262576 22.338670341002793 0.04138419123889134 38.71338122839285 0.06958257164635666 7.00759987590672 0.060418728162887514 14.031384585911635 
4 0.051020826606409594 29.746571414674168 0.04177946665098457 51.73650892411264 0.0696458776263319 9.076164700690786 0.0605366445235857 18.302442750982642 
2 0.050653501743710735 19.10945384670866 0.04113524636450262 33.38446851930543 0.0695427604886127 5.728672053903609 0.06034423347795672 11.40147434850952 
2 0.05065007719264401 18.983646861039063 0.04112845501833653 32.547859077664306 0.06954199578639586 5.702410019666026 0.060342635088343644 11.334302564071773 
1 0.05028798228579723 7.670473464236126 0.04047425122949953 13.35463562917511 0.06943216591433207 2.1597626530541367 0.06015081825057113 4.504640836397337 
3 0.050815087215427476 24.12090198545137 0.04142050318053461 42.2019915960076 0.06958788490544508 7.181839080666388 0.060429184317167185 14.423446353987206 
1 0.05038848218391355 10.805578834047276 0.040659631180774904 19.232350951178226 0.06946103209666091 3.276112072277891 0.06020455594470303 6.431864596451513 
4 0.050984739501783526 29.53154546627111 0.041718219005716636 50.01800239709519 0.06963609028039397 8.754725089145342 0.060518334245087 17.62632902577872 
4 0.05101614542238766 29.602543917768315 0.041771817992443235 52.706884555088564 0.06964449889946134 9.032823953427972 0.060534154821330524 18.215181760644686 
1 0.05032234874707701 8.747392926230471 0.04053869776473052 14.837354701576128 0.06943675718328438 2.5566094180009893 0.0601694164334148 5.158067532438156 
2 0.05061471836742104 17.854979571072708 0.04106526210377831 30.48526485506493 0.06953190829367363 5.381003565844773 0.06032373942060757 10.678283253171353 
1 0.05028245933146869 7.495450029622027 0.04046358306953799 13.045857617330586 0.0694312066520722 2.0647949258156104 0.06014776257050014 4.398795381839778 
3 0.050826724558364976 24.466944779486067 0.04144101226713148 40.93072490578156 0.06959131120826263 7.29106878889282 0.060435255644137896 14.63131688319417 
1 0.05035806995745189 9.867745948357527 0.040603995912066024 16.833522212463453 0.06944692347226941 2.929071279015942 0.06018852945698513 5.8391586827601065 
4 0.051056482597193455 31.80966664568628 0.04184279061975908 52.713839569243945 0.06965655132066746 9.42725007413764 0.06055589959757224 18.992516928731526 
4 0.05104634410295907 30.53307623737939 0.041822325215132995 51.87372077447335 0.06965259644461361 9.298442984004081 0.06054940405418472 18.78097813626377 
1 0.050288555000809164 7.686020115932992 0.0404750876524533 13.370416449051632 0.06943232242051382 2.180369776561638 0.060151153329729146 4.515528085383009 
4 0.05098832550055886 28.757263675335544 0.041722862699725444 49.64648323384895 0.06963629711831085 8.761971958906557 0.060519185263247524 17.678409500428096 
1 0.0503373237981178 9.026541785777795 0.04056613195547114 16.044943538216394 0.06943958883237653 2.7060928484003153 0.06017743324157206 5.439369297582415 
3 0.050797051413124836 22.41727757258037 0.04138879190494113 40.19031709073995 0.06958328302123792 7.031708698911935 0.06042010190498757 14.082074831884915 
2 0.050529024081400045 15.210199908430852 0.040912594571918356 26.845859591714287 0.06950765210400295 4.606205023698145 0.06027824557228394 9.07708540548786 
1 0.05030701646214517 8.267168896099154 0.04050977680587543 13.572894856447595 0.06943496671859331 2.4046325047911767 0.06016124038156005 4.867549834206851 
4 0.05100916523584139 29.687108295037348 0.04175873262837641 48.78861344893227 0.0696425903050814 8.9685237072329 0.06053055275103998 18.081292908524304 
4 0.05087458256642273 25.27469917970424 0.041523807472753665 44.278329167047126 0.06960411016357089 7.709818658798554 0.060459689858401534 15.52781148406334 
3 0.05071967051009084 21.1275154364807 0.04125158651596807 36.205900875267616 0.06956134345076415 6.325949383817611 0.060379120848968036 12.634296252604523 
4 0.050999104567989506 29.086636405995442 0.04174232970734513 50.758231031592956 0.06964017041008089 8.889453178094005 0.060525869138215324 17.90022942570143 
4 0.051039089891945486 31.258002333414176 0.04181211978623237 54.084649357732054 0.06965106988617166 9.247363398525406 0.06054619311604712 18.650907358286652 
3 0.05066997004699745 19.244367650778265 0.04116385190308061 34.365287154465854 0.06954717190534922 5.869945110389486 0.06035268771920608 11.70470414836008 
1 0.050320182608831796 8.705662167024968 0.040534638002721585 15.113316714535028 0.06943642204903043 2.5348347792740733 0.06016824007408668 5.116697449205369 
2 0.05054399779048989 15.685488220762599 0.040939677015780045 27.119058896157355 0.06951193061947518 4.741581267737294 0.06028621870521349 9.356468831414123 
2 0.05066641939810364 19.512470907178738 0.04115811574412266 33.917227632578545 0.06954639876996413 5.845757254081872 0.06035105782580545 11.643096265101644 
4 0.05097396753767325 29.187781003814678 0.04169832298113048 50.47831528473884 0.0696322242420866 8.629778750013765 0.0605117157722838 17.407498589465472 
3 0.05067394653078346 19.311012047646376 0.04117137069393488 33.76805223196831 0.06954829469631366 5.907013192902886 0.06035478806402043 11.780630342356085 
4 0.05102924277785546 30.947071481869436 0.041794291642233694 51.74265045485497 0.06964769653074261 9.138327784992658 0.060540385381497884 18.454874864060546 
3 0.05074762129145549 21.567288018691187 0.04130125184455615 37.630176466886965 0.06956912419931507 6.575669568011508 0.06039373603675071 13.152087237945477 
2 0.050495487999085 14.143714302557376 0.04085247262832295 25.0301982986774 0.06949808415605443 4.298854936741286 0.060260385820526195 8.446540272509548 
1 0.05029494176458667 7.887800540074193 0.04048715366872548 13.022463226435821 0.06943322211819572 2.255342198052557 0.06015463882965817 4.636463273008291 
2 0.05064497401653969 18.820535468238624 0.04111885102029565 32.23645018183666 0.06954040379499293 5.654057977017297 0.06033968076269538 11.238611269014381 
2 0.050472174676976886 13.393162448018177 0.04081046549554883 23.422069757129222 0.06949125584974485 4.081683855642476 0.06024778598677429 8.006826264568707 
3 0.05077378197226943 22.853780393832487 0.041347691715497153 37.96411963735393 0.06957618982854842 6.8032726779866355 0.06040717360166201 13.637080628259904 
4 0.05100782302953046 30.273092066249312 0.041757439783676756 51.22886399115407 0.06964216181174612 8.955669850249972 0.060529820699057435 18.056819248891298 
3 0.05069409681780508 20.357953934384064 0.04120610975567085 34.73021032870654 0.06955414629033052 6.094039108481958 0.0603655605927708 12.152847712140376 
4 0.051015897661076656 30.530807333325534 0.04177013375584701 51.59200985133142 0.06964393708326608 9.013736138877752 0.06053346273731573 18.19926002368881 
2 0.05057387973171198 16.249672560513485 0.040991978915937304 28.60139075129908 0.06952041559407404 5.0134781700791695 0.060302127047956657 9.916582576848498 
1 0.05035287953682084 9.700205465224347 0.0405948606504483 16.8772688958454 0.0694446300282211 2.8719402372482903 0.06018570300616514 5.738508792740504 
2 0.05061524810823541 17.915182730173274 0.0410668233686071 29.8220030431495 0.06953207434024009 5.385985655805635 0.060324017866338744 10.688333306124573 
4 0.0509152961676008 26.513028631586923 0.041595652919167156 46.22976402333519 0.06961603020566767 8.097227788485196 0.060481485790054 16.302091611101442 
3 0.050732882588015796 21.51365436024857 0.041275350038715755 36.858347235743636 0.06956500751047837 6.443294051235526 0.060385986119609235 12.877010058463048 
2 0.05046834264405222 13.216458673692026 0.04080350067664343 23.02577460817802 0.06949022042598381 4.046951573109768 0.06024581413312411 7.934038855365531 
1 0.05042802364980821 12.045478052236405 0.040731034110900316 20.848225550573567 0.06947811664082602 3.6769481716895536 0.060224748150885875 7.18273919892645 
4 0.05105161339553317 30.038475607595064 0.04183266719493627 53.5197155848194 0.0696539919985169 9.345746622710356 0.06055207590580306 18.881093673127484 
4 0.05095971094524212 28.681252622293993 0.04167244835773637 49.750821430543375 0.06962848960355031 8.50677734507355 0.0605046703599153 17.142739968978624 
3 0.050758027736538994 21.688066406333075 0.04132031636468175 39.06221433259637 0.06957234882675037 6.6776606393461835 0.06039957626858846 13.350240056705449 
4 0.05088298829515821 26.321846756912283 0.04154004864597026 45.71080531957081 0.06960691286966854 7.799279896824115 0.06046455615836234 15.691982032619276 
3 0.05081960976460126 24.295784981524402 0.0414274072990279 41.07631362542691 0.06958964937462715 7.236885375042893 0.06043197275949248 14.503505336599995 
2 0.05047267498782286 13.418051419513759 0.04081144690028427 23.231648709246887 0.06949148596161392 4.0889433662853705 0.06024817593395933 8.01862149853576 
1 0.05037551869556036 10.399698505346887 0.040635878937892625 18.51688283790488 0.06945506641205146 3.1349146904936216 0.0601977625772 6.180940078810834 
1 0.05033836078682861 9.248694513936815 0.040567923175151135 15.63699624099055 0.06943980050204893 2.7153629007540006 0.06017793081100649 5.458542322479794 
3 0.05071438098641092 20.93603063951477 0.041241638309528615 34.95377196801501 0.06955958227507765 6.269452820940062 0.06037594748830013 12.52755970976538 
3 0.05085499737586826 24.65319953761854 0.041490937060597186 42.4804898054564 0.06959963945127957 7.560831857923832 0.06045055077571655 15.168563094527707 
3 0.0508246250092355 24.453004878261588 0.04143651852660735 41.58187594799802 0.06959066752100274 7.271971506018817 0.0604341346136411 14.592849849748944 
4 0.051025843820023245 30.198634086800418 0.041787951065647214 52.17641901962571 0.0696467438099279 9.10703665128339 0.06053864764930857 18.390969500479535 
2 0.050603996182087364 17.548908217528822 0.04104640183333474 30.179575282747976 0.06952890407514081 5.285800924144236 0.06031809092057768 10.480382710502173 
4 0.050895356451952714 26.649143852792967 0.04156080725055416 45.369562059895785 0.069609646580189 7.890480345444077 0.06047016756095745 15.913915887869635 
3 0.05080387537558863 23.799356915650286 0.0414009848920003 40.505094341711974 0.06958492699497887 7.0839662104866665 0.06042332043921526 14.202938666893507 
2 0.05060357111627052 17.535237507510335 0.04104576699850152 30.15432425136968 0.06952879469443665 5.282200595789584 0.0603178739646396 10.472632854760466 
2 0.05060393638245662 17.546855573948903 0.04104609251394389 30.16836885638127 0.0695289096366657 5.285011918185619 0.06031809676729816 10.478920174548284 
3 0.05079363261533315 22.315758388159463 0.041382049330667026 39.79553981164088 0.06958230367594202 7.000451999976244 0.0604182997325446 14.017813819455517 
3 0.050764976810009854 22.52584886465649 0.0413318263095966 38.38377154727448 0.06957427943037893 6.740237230708127 0.06040324746464065 13.480392755477874 
1 0.050418761260127155 11.764369414391226 0.04071453688443376 20.39464146320518 0.06947430416972993 3.586883459629753 0.060220055350400536 7.008764022510428 
2 0.050494726350580624 14.064236687848819 0.04085152679792069 25.008269476357565 0.0694977845769621 4.288044420420294 0.060260064233411514 8.43699892420692 
3 0.05078982061841312 23.357248467338785 0.04137551045557271 40.737721206830386 0.06958097222036463 6.956504058731876 0.06041595872999861 13.940597526953274 
1 0.05033168272763797 9.043943603517862 0.04055581795435247 15.73984488404945 0.06943851997658798 2.647781081018109 0.06017437860987237 5.334167601831738 
4 0.05091942381313082 26.585261129187927 0.041603463202646566 47.70547340185668 0.06961719436170921 8.135244017895706 0.060483634626244474 16.379821579283977 
2 0.05059735347817449 17.341431524566133 0.0410349776734366 29.601219778547204 0.06952707434116885 5.226238480725425 0.060314612931346476 10.356675311456161 
4 0.0510300866120448 29.98220608192534 0.041795878351541235 51.4406808109577 0.06964851752340986 9.162377858778616 0.060541526747736406 18.47988852220505 
4 0.050964751135541664 28.8980155899265 0.041681630941079136 49.87459417401302 0.0696299705076887 8.554387092853215 0.06050735681532391 17.238145430154866 
2 0.05053097231049294 15.271433163745993 0.04091477271625267 26.041169946107583 0.0695081239591415 4.623773490669986 0.06027926828553608 9.113305552504773 
3 0.050745610682383965 21.97103045783978 0.041297515753568395 36.49856143469584 0.06956857728783385 6.557025858611889 0.060392706123485594 13.11383561478371 
2 0.05055584805581683 16.045341910980632 0.040960461804606205 26.00340402850702 0.06951531749105166 4.849946726469584 0.06029254304678931 9.579497220902653 
2 0.0506395274389046 18.64686473700178 0.04110937457320525 31.703816224072295 0.06953909893362079 5.610682944667879 0.060337063786432055 11.13946989524274 
2 0.05053975798606423 15.551544085650761 0.04093151030736686 27.16165314784036 0.06951069740652974 4.703565662011468 0.06028394247934823 9.2775280497135 
2 0.05055916429740849 16.155534733095685 0.040966174478782855 27.20566609804653 0.06951622200518562 4.879023585395592 0.060294276336442895 9.640181650814416 
2 0.05062325701492796 18.142812584454788 0.04108113791891295 31.872023657222247 0.06953451746458021 5.465046448415045 0.0603284241878274 10.836904415372777 
3 0.05067242093280712 19.681489283602513 0.04116729210219383 34.41167597706148 0.06954806729265485 5.899646649401172 0.06035413193777108 11.749248208824406 
1 0.05038147832237364 10.57769028744849 0.04064655317881697 18.836251706264306 0.06945774068381633 3.2002708666109485 0.06020086459245568 6.29573964653071 
3 0.050738569339753806 21.696999550842072 0.04128575656391654 38.052853101518224 0.06956660000674612 6.4942862562331385 0.06038895620645364 12.982760710522905 
1 0.050293708259640656 7.848719730315034 0.04048504805787737 13.670212500618593 0.06943285291662528 2.2291296571322263 0.06015397124034079 4.614404166343933 
3 0.05075508153317469 21.599595071050487 0.04131455162434692 37.666374111031445 0.0695714940184167 6.6517163478747126 0.06039802066271359 13.29656779080716 
3 0.0507048881595624 20.70429150875081 0.04122529314637759 35.31668765176006 0.06955700860297252 6.1856517424280195 0.060371117003314614 12.354721374616101 
2 0.050631933717868914 18.427421273474796 0.041096352568215345 32.365775639925474 0.06953674056597901 5.537079494569398 0.06033285589318034 11.001273662895803 
3 0.0508518813710455 24.557821090285554 0.041485385015635874 43.18475606950933 0.06959876473074775 7.53245914250644 0.060448893345897245 15.109523285554364 
3 0.05086274731194216 24.836833860705788 0.04150334646244391 43.639342287795444 0.06960182770450121 7.6327573207176425 0.06045459459629591 15.314395344127288 
4 0.05102738952729289 30.30278516352461 0.04179062225545475 51.289729756618684 0.06964721674667027 9.121421683199257 0.06053947773206667 18.419118891119258 
2 0.050541620318865374 15.609282634354841 0.04093486944157295 27.522804788529708 0.06951124101549117 4.719993416641577 0.06028492586538967 9.311344512202197 
1 0.05031176607858186 8.178392811819437 0.04051976907847334 14.683005343606819 0.06943542493495743 2.4581978982250097 0.06016410499104091 4.9697769572163555 
2 0.05053707446947159 15.460064282682008 0.04092721038899743 27.294667033563872 0.06950996434324232 4.679672109908843 0.06028254273458668 9.227947263641616 
1 0.05045664741090269 12.950332158422665 0.04078274642226371 21.859990329663002 0.06948699108958709 3.9434937204061287 0.06023979449380849 7.7188001301162945 
4 0.05092828592114632 27.75379003490884 0.041619225925036224 47.09000329389967 0.0696197093011726 8.217071641289447 0.06048828001148036 16.54755302235666 
2 0.05063702068122132 18.594175684891983 0.041105257914898344 32.62144907749662 0.06953815976910824 5.581286118255185 0.060335531860933656 11.093880447187674 
4 0.05105257843605684 30.725619717361532 0.04183470079629141 53.24609206871793 0.069654873180647 9.373179801108321 0.06055323556124481 18.908989904026914 
4 0.05093770474532967 28.046241242337988 0.04163446657061133 48.186068167666136 0.06962277666459371 8.31783459310168 0.060493689901383985 16.73337422977341 
1 0.0504336443668841 12.182689562064338 0.040741174454271264 21.67312746087846 0.06948007305766098 3.725652845396558 0.060227460294431524 7.284341139615583 
3 0.0508023551681225 22.57609200804111 0.04139673321989046 40.29131542075293 0.06958422623938419 7.063332102890361 0.06042223145765759 14.171855137426908 
4 0.05100670945016435 29.609886960751123 0.04175584016919597 51.11543201698818 0.06964140937720951 8.931580441607005 0.06052870330298501 18.027532463022823 
4 0.05091377931846406 26.412098567508657 0.04159305931225992 44.976512755608816 0.06961523908431264 8.071691322785478 0.06048025232867153 16.266920628637838 
2 0.05049553009152265 14.145001389311185 0.04085230705825602 24.593665280776797 0.06949809461739805 4.299401868565928 0.060260407474298214 8.44733159877686 
2 0.050541620318865374 15.609282634354841 0.04093486944157295 27.522804788529708 0.06951124101549117 4.719993416641577 0.06028492586538967 9.311344512202197 
3 0.05077037466709685 22.6932768461546 0.041337988779286995 38.73387987734459 0.0695757204498636 6.789265159657265 0.06040606520313583 13.582280450309923 
1 0.050378624052100494 10.492473095547734 0.040641494838323404 18.692856301412053 0.06945642681111999 3.16854878260692 0.06019936308695366 6.240086207093037 
4 0.05103434662984775 30.983354835868873 0.04180227123404624 53.890749797798414 0.06964965618132553 9.203069935818684 0.06054367537141712 18.562045906697158 
1 0.05034816288009651 9.557171262642395 0.04058598580914615 16.618967733312797 0.06944279779461957 2.8218282552429135 0.060183211587474396 5.64638880903948 
2 0.050572424974196485 16.56589263583999 0.04099002555178825 26.772267759329146 0.06952001099035063 5.000096292507673 0.06030136160200258 9.889605049587974 
2 0.05061834216471377 17.967277363151485 0.04107151644395063 30.92628286791281 0.06953273880743512 5.408704717334091 0.060325428230922594 10.74363369019007 
3 0.05080835385942591 23.48695854246916 0.04140815768759565 40.79311562135834 0.0695864643428935 7.134637054948771 0.06042603663096448 14.293375955888951 
3 0.05083027774915137 23.83759180759565 0.04144733478639739 41.913877422055144 0.0695922991557145 7.324286892608636 0.06043713283644869 14.699514434537653 
3 0.050724558437143054 20.671844596504503 0.041259965748067236 37.28751138211403 0.06956238363167869 6.359425487245447 0.06038125967661443 12.716599349135189 
4 0.050896551374299284 25.941925797614783 0.04156277026748574 45.29921863521077 0.06961035138842289 7.911254259933026 0.06047121310690569 15.94117328557967 
3 0.05067571676202369 19.34776793371558 0.04117333390804757 33.897747659446026 0.06954896552708953 5.9285515544167575 0.0603558490989657 11.810257334908545 
3 0.05083596995294555 23.542815433316967 0.04145591296177929 42.251099838355785 0.06959386505565045 7.375584479177904 0.060440103766093156 14.806251125080431 
4 0.05087523575901045 25.239929796177517 0.041524300569022184 43.801912228184186 0.06960429358479711 7.715821308914279 0.06046002441573893 15.539395287268011 
2 0.050470786116028454 13.362279698387756 0.0408080555124304 23.69569174190164 0.06949097212093225 4.071453650787019 0.060247199600273936 7.982893158902451 
4 0.05101097948772907 30.31340885695343 0.04176331815642822 52.37826688631526 0.06964312189684625 8.985858730517785 0.06053154129395809 18.11681519154852 
3 0.05074291692938508 21.883835647178692 0.041292705773777874 36.44664342831122 0.06956810667003333 6.5409306652238275 0.060391640236626375 13.067730574823287 
4 0.05094285500428651 28.21076364994436 0.04164422420120586 48.49429755366286 0.06962332022953582 8.33724481390872 0.060495335407124415 16.816038320554007 
2 0.05055392919712243 15.99348226144512 0.04095671590791221 27.51765701136852 0.06951471940295037 4.832171202734786 0.06029147196640929 9.542795025460311 
4 0.05096034305569588 28.7582865303934 0.04167547803761402 47.65234500394697 0.0696287284433444 8.51369568527367 0.06050503230590665 17.1562798650961 
2 0.050602639323639356 17.511555632899178 0.04104412068842709 30.07012752454695 0.06952852725391767 5.273900557475452 0.06031737759666639 10.455387352633661 
4 0.050965027316357284 28.90352666302266 0.041683612790036066 50.096555300767044 0.06963002987269386 8.557220850440098 0.06050746512028373 17.24420705824565 
3 0.05068662172404894 20.13565768906733 0.041192983090178395 35.30676896756315 0.06955181348534313 6.020397332193825 0.060361438322934266 12.016970765005514 
3 0.05073774348941727 21.671021085204785 0.04128304780538587 36.74701500262794 0.06956637474597697 6.486219138326094 0.06038857642255473 12.967057517338883 
3 0.050841891739223086 24.23265995416666 0.04146722723223209 42.564665840903636 0.06959550893860962 7.427080540093984 0.06044306547159704 14.910469648861943 
3 0.05077522121069109 22.84906894051942 0.041350098267450494 39.64523547216943 0.06957691971130985 6.825988981766135 0.06040830090664086 13.668416444576525 
2 0.050559060056428295 16.15229038628677 0.04096643337414798 27.161290130879657 0.0695162014767647 4.878201421456653 0.06029422901432728 9.638570032005557 
1 0.05026718396233567 7.009593491500752 0.04043454304156565 12.184033799006539 0.069427691292418 1.8463636926761129 0.06013973782078861 4.116793259957937 
2 0.05054977028539722 15.85722307868366 0.04094963950573851 26.716663566403145 0.06951358058024948 4.794924740501964 0.06028928880476901 9.46519809695206 
1 0.050457930465718656 12.982298074151833 0.04078467177600451 22.98943880720008 0.06948725257258827 3.952657665414774 0.06024034925273255 7.741860960263077 
3 0.05073002821844548 21.49444600213923 0.04126961861809807 37.60828942725863 0.06956397617972009 6.4113035515308825 0.06038425313287392 12.82378938124197 
3 0.0506963031420119 20.418369396614324 0.04120960916502346 34.810929003839256 0.06955476060025208 6.113366650938232 0.060366730397420444 12.193450820295846 
4 0.05098630946247289 29.58188906233179 0.041719513533966954 49.882502581521805 0.069635634115268 8.740168879558528 0.06051807533666855 17.638086654125583 
1 0.05035054469287477 9.632753598618041 0.04059027568136278 16.751544862162042 0.06944379716657763 2.8482799084771244 0.06018450936887132 5.692817675177528 
2 0.05060693635657818 17.631094502111097 0.0410511182533874 30.32435798433614 0.06952991107369057 5.317647784222321 0.06031978467274487 10.532562908600406 
4 0.05088595829193769 25.91249511956628 0.04154454304304779 45.926214228566984 0.06960773269778579 7.826027103214888 0.06046608667976596 15.746985370959516 
1 0.05044552139261478 12.5784477773721 0.04076273965982613 21.832753598929727 0.06948361023730139 3.8354628347028146 0.06023368476901847 7.508673174725061 
2 0.05059866030242395 17.00189343535451 0.04103605190784707 30.600375988024524 0.06952721865212101 5.231038032586743 0.060314961352846176 10.37143503400537 
1 0.05029833905639619 7.993863142774245 0.04049351430569581 13.917266216546107 0.06943356400997125 2.288075605953665 0.0601564592146973 4.70160929302048 
3 0.05076431105329898 22.508994094679565 0.04133158515592518 37.676814861526445 0.06957367851837988 6.722415745599328 0.06040250264416695 13.470390869882625 
3 0.0508478346401066 24.43301513402498 0.041477081953675145 43.83771168877092 0.06959687305823167 7.473742774836383 0.06044588844035252 15.022136729590295 
3 0.05071281887114757 20.898224918827246 0.041240004565919385 35.6612000788399 0.06955940021047181 6.261370564355564 0.06037542017601203 12.500487690951488 
1 0.05025596136448814 6.649174329825291 0.04041322781690752 11.35139235939341 0.06942471951349714 1.6629013316359398 0.060133956601053765 3.9125194596141064 
4 0.05104416435195058 30.465714621240103 0.04181939226105147 51.11046357504141 0.06965199118264905 9.278068849508447 0.06054825972946656 18.739068218615103 
4 0.05095517556679369 28.59885367527782 0.04166505560512719 48.51996604250796 0.06962724155499687 8.46556310864476 0.06050231523031552 17.05737852784822 
2 0.050525100993592975 15.094318337959189 0.040905537096586064 26.386099721219985 0.06950638465635632 4.5658755650045695 0.06027595299516283 9.001025043202675 
2 0.05050915374841851 14.5351660946616 0.04087664419133913 25.50579283294532 0.06950195806453849 4.423009338968446 0.0602675988709942 8.700692846969748 
2 0.05065826171556368 19.211982135749814 0.04114266710629181 33.00373575854347 0.06954390240618392 5.76662209107275 0.06034648951012302 11.487549237884014 
4 0.05104080570538103 29.710898336211148 0.041814140305721614 52.96339177867766 0.06965103738332243 9.246955771362805 0.060546518534069026 18.67541887980835 
3 0.05067117268287121 19.59098563560382 0.041165111483629384 33.63246385434868 0.06954773957080448 5.88823083718854 0.060353502117455826 11.725708776676479 
4 0.05086737991767635 25.20985592226326 0.041513143886163506 44.90429861636065 0.06960262535078325 7.659781527750356 0.06045658657996743 15.404944727582611 
4 0.05088904502482252 25.71101901111872 0.04154958171746825 45.000130377421236 0.06960859466963089 7.85447824267847 0.060467730279815536 15.80641766958916 
1 0.05044808132197083 12.658994029580242 0.040767549008492145 22.50925809224778 0.06948437436716458 3.8601502470991704 0.06023514896265055 7.561084232485426 
4 0.050939795483621944 28.11317759989281 0.04163884886724328 48.71126410225491 0.0696233827411454 8.337643296715402 0.06049477154618044 16.77310190500527 
3 0.05072766611186721 21.408378149180557 0.041265133233836127 36.56388199247918 0.06956353209515102 6.396198644126453 0.06038324389105458 12.77935469511857 
2 0.050555691922345436 16.049764950607806 0.040960158964292864 27.647407409859333 0.06951515106635324 4.8448242077856944 0.06029244391147488 9.57771789475539 
4 0.05101955514842292 29.707599662405336 0.04177713880957819 52.991331446187665 0.06964546675849015 9.06515857059701 0.06053594182304968 18.279739974268747 
1 0.05034598490287641 9.487377859443919 0.040581976424357125 16.503702090449192 0.06944192881106992 2.7985494858973623 0.06018204290069723 5.604133984119376 
3 0.05069361437183242 20.298220014790406 0.041204921730938635 34.820368433694775 0.06955400960548225 6.09015775230839 0.06036529810588749 12.143908226139677 
2 0.05064659305689789 18.87533106691749 0.04112185615973841 32.412976609249014 0.0695410426057697 5.67433496424451 0.06034073553359465 11.271203680445922 
3 0.050863173469368285 25.602346286090295 0.04150572245046681 43.42210613490723 0.06960180121000555 7.632436453361862 0.06045478590673553 15.331642224991066 
4 0.050979168755270955 29.296669738014145 0.04170720557587546 50.71518696273065 0.06963404360753371 8.687396377944697 0.06051485444681938 17.510008620101267 
1 0.050262605997123275 6.865292796971454 0.04042596945188267 11.937232354407119 0.06942656676254166 1.7677390495464436 0.06013740751240433 4.033489713505328 
2 0.05046691972233408 13.198241096133842 0.04080115816375203 22.968416458190756 0.06948983926535048 4.035613395810798 0.06024514189879798 7.910949497913184 
1 0.050411962574650616 11.503322159386828 0.04070237801126295 20.525161838399317 0.06947199584722127 3.516305596274683 0.06021637644572454 6.881385209583319 
2 0.050630776986568926 18.390185471897702 0.041093914133635695 31.415767079926447 0.06953641895005962 5.525425387085784 0.060332278810442154 10.978823622588724 
1 0.0502798416546076 7.412897977609028 0.040458603369183006 12.891256157457326 0.069430704679871 2.0414829883668033 0.06014636036947393 4.349519749761901 
2 0.050620106956509404 18.065512789162618 0.041075289411586585 30.640207512032156 0.06953343291818295 5.429405366078555 0.06032660910724731 10.778974458313225 
3 0.05071281887114757 20.898224918827246 0.041240004565919385 35.6612000788399 0.06955940021047181 6.261370564355564 0.06037542017601203 12.500487690951488 
4 0.05091538429537999 26.516070279374965 0.04159573909591224 46.2212771535424 0.06961605720775606 8.097770051633361 0.06048153689774268 16.303406256442937 
4 0.05092049624799825 26.560937787086026 0.04160497896847094 46.37042711516342 0.06961747300968832 8.144593355872157 0.06048417094606311 16.400032430090754 
1 0.05041285768572344 11.565444550162132 0.04070373445017098 20.554883118402977 0.06947195524689559 3.5281159567225537 0.060217008359262324 6.89607234858276 
2 0.05046667210325899 13.20204998299412 0.04080076317310092 21.6683127059677 0.06948979765802481 4.033990767031705 0.06024503814468429 7.907460440817853 
4 0.0510523899215814 30.71975785970024 0.04183431823164652 53.67094399551549 0.06965475477514348 9.370442467929877 0.06055309274859148 18.905494590860883 
1 0.050411750120936426 11.520490679299373 0.04070156477252949 20.509202098564977 0.06947147103259624 3.5150047747254582 0.06021634310673727 6.874869543190283 
3 0.05083268730632871 23.963231979398163 0.041451254235288615 42.07488391383795 0.0695929590670124 7.345749148453291 0.06043837429949752 14.743995447106148 
4 0.05087271543508748 25.919255869199628 0.04152227367424488 44.18090277095256 0.06960412353541737 7.70763839129526 0.060459383398004954 15.504778058981813 
2 0.05049009785995649 13.965975439122293 0.04084266365231442 24.74906201068896 0.0694965096989415 4.249106534822981 0.060257476512984354 8.34495892510801 
3 0.05079869181617806 22.92585855638471 0.041391191272062394 40.881591250416 0.0695834294142759 7.0369573939442684 0.060420576272592466 14.107180792167407 
4 0.05103556688374624 31.145905213656032 0.04180682972984488 53.87451263621763 0.0696500151943229 9.213896325657512 0.060544296660575744 18.584505811470212 
2 0.050647562616094745 18.903959948725564 0.04112384424425758 33.17214226448942 0.06954133450406087 5.682995297275744 0.060341290181708154 11.289325072422603 
3 0.05083758784904141 24.112105984468748 0.04145894257631959 40.94124075691824 0.0695943728274748 7.390573095303194 0.06044098551702137 14.835768711015366 
3 0.05077284361891334 22.82567941450069 0.041345621410922115 38.32775943518179 0.06957650488331554 6.812021811521939 0.060407388379561534 13.627837607834758 
3 0.050788693003535654 23.321732888842867 0.04137364979732538 40.703985689144034 0.06958035695023441 6.9374871274560235 0.06041502369019867 13.915225997509571 
4 0.051058131813362564 31.862686479237368 0.0418467472764593 53.59389123159042 0.06965703192129288 9.442529213542157 0.06055677623899906 19.024365203193256 
1 0.05029999382637419 8.048179878773606 0.04049678158571911 14.015426932990929 0.06943372614973159 2.303817242181752 0.06015735004881806 4.734582647753963 
4 0.0510593979425117 31.902900010365393 0.04184705423191121 55.146954594834995 0.06965736101027928 9.454934570134895 0.0605574537925858 19.049743246915774 
3 0.05079769556438263 22.89562814794661 0.04139013113543394 39.59885264668059 0.06958316524358947 7.028140824895781 0.06042005799222416 14.089062723234866 
4 0.05105996714632326 31.25838742824802 0.041848907347849254 53.90767922843234 0.06965704579167817 9.443504139442597 0.06055713871176349 19.04973664181784 
4 0.051012489029903005 30.420746510527387 0.041765080021578464 50.30157326806667 0.06964302958814661 8.982716323856732 0.060531717467102376 18.13542403410218 
2 0.05054557642747428 15.682904533930587 0.04094179981884499 26.95795313768348 0.06951249260572688 4.759598046569363 0.06028712564973747 9.382476871953202 
1 0.05038034928744963 10.551841541357343 0.04064424823211107 17.82595085840527 0.06945710903349825 3.187154782264362 0.06020030757135575 6.274662417449891 
4 0.05101748230968003 29.068553989539133 0.04177302373273449 52.96183078771038 0.06964492952172337 9.045645949235665 0.060534911590240936 18.23949640647232 
3 0.05076283398688397 22.4143540413172 0.041328839386081964 38.687440269225576 0.06957354120831818 6.716637286780411 0.060402070512577045 13.446417862372712 
2 0.05055345338985329 15.979722437206016 0.04095606793471101 27.38060327214078 0.06951459559211493 4.827924376149455 0.060291222573813974 9.533635686149085 
3 0.05080435422063735 23.814936496640904 0.04140132568165977 41.45899903542894 0.0695853191791254 7.0982606505108405 0.06042391443932692 14.21827634367098 
1 0.05037385358322408 10.340118033062561 0.04063293498136359 17.216758144220403 0.06945422642147517 3.115938980652041 0.06019685305659277 6.147726878036419 
2 0.050608869452397884 17.715368864228857 0.041055100215032815 31.12605474780994 0.06953024083111833 5.328936341223415 0.0603206102086095 10.57011041757685 
2 0.05062671167473741 18.221949098833555 0.04108661748965668 32.08431833327169 0.0695352994770128 5.490048220606982 0.06033014713235398 10.902347251119096 
1 0.05040980772155588 11.459521167036698 0.040698201035165575 19.91836325030361 0.06947061066086753 3.495201827064919 0.06021537156124861 6.837636691875835 
4 0.05092869071514579 27.712332157684095 0.04162035873658362 47.095045932336085 0.06961975828912623 8.219588656618535 0.060488439372359905 16.55493979053076 
3 0.050724865317928525 21.321694548922373 0.041260728526003446 36.43467283377533 0.0695627432025836 6.371067928463197 0.06038172633139179 12.726325346973834 
2 0.05055555126957706 16.044297727514664 0.04096033071174475 27.631274041274338 0.06951519557280772 4.847261283859902 0.06029233324445471 9.573045622831305 
3 0.050738261559491314 21.73615250248296 0.04128421202452743 37.12841848691329 0.06956628248715754 6.483786075218333 0.06038854814717356 12.972864130403575 
3 0.0508523694032048 24.52028348002773 0.04148573023379008 42.72550293606729 0.06959888996570426 7.536540390941008 0.06044915102750629 15.1182301195847 
1 0.050299054154323786 7.842874225580429 0.040494437702921895 13.944101365717373 0.06943374325017446 2.3115357123348637 0.060156855896062476 4.7162037388940075 
2 0.05059048954876518 17.0830463348177 0.04102163668379775 29.420647699517595 0.069525078290888 5.163592687063359 0.06031081930139924 10.222236755036395 
3 0.05084309535413852 24.269035161700717 0.0414687580397479 42.57107881536395 0.06959579964549277 7.437918608125315 0.06044366479756821 14.93346704997445 
1 0.050348858958093136 9.577282004236292 0.04058727922513603 16.653663722713336 0.0694431097173738 2.8300096950287053 0.06018360927938408 5.660951544657074 
2 0.050489677390235146 13.913591792916653 0.040841738527541846 23.91818563538385 0.06949641101799722 4.244776834901898 0.060257273941816666 8.336293761512653 
3 0.050843331833482795 24.261314280521653 0.04147109323099462 43.65395892589055 0.06959584272986227 7.439953903027183 0.060444014141569705 14.955049522254928 
4 0.05094127754827808 27.629716059872898 0.04164078620892518 48.89685688537709 0.06962285353945243 8.322389467059107 0.06049446332939503 16.78501265489645 
2 0.05058275668347671 16.877428922582396 0.04100795536394735 29.73158024864611 0.06952290332783304 5.093710184841425 0.06030674621636448 10.078387832097592 
4 0.05096016438776572 28.752195552128633 0.0416742226579038 48.57458099026319 0.06962869556116255 8.511949610123619 0.06050495996239312 17.151404648869722 
2 0.05054698166250895 15.77871621069102 0.040944374613152486 27.702807856789764 0.06951274409517627 4.768658423179382 0.06028778171926441 9.41253286990328 
4 0.05093162089725549 27.852858361344584 0.0416251162619323 47.22678287097642 0.06962108074914186 8.261606169861869 0.060490497731661694 16.61850448681991 
3 0.05075969059183685 21.987375904538407 0.04132241227956342 38.16596979021999 0.06957277511840426 6.693196195155503 0.06040044103101592 13.382571526431168 
1 0.05037082736148315 10.250016301569062 0.04062728344576547 17.92482672320974 0.06945285809264416 3.0779130656050135 0.060195300112496374 6.0898797218676695 
3 0.05073056145960053 21.51138855773038 0.041270512336264394 35.700386917236145 0.06956404504315136 6.413047337150678 0.060384577719592394 12.834610714842018 
4 0.05096859842053415 28.96193401029069 0.0416879994737864 48.63468639452365 0.06963106896716452 8.589711676416304 0.060509339984685426 17.309682699286377 
4 0.050982692549569754 29.466532530825766 0.04171322785608481 47.290622299246365 0.06963506929574072 8.72105176473344 0.060516696176161844 17.57739418075507 
2 0.050615159953535535 17.911886389033345 0.04106627186162937 31.489294154719357 0.06953201014054186 5.385357460272185 0.06032395423868969 10.687370175247391 
3 0.050696229986264815 20.37835339268204 0.04120936849359344 35.631149722963556 0.06955470873562575 6.113034040159957 0.06036664974679577 12.192243925870867 
4 0.0508972626370953 26.711756413531837 0.041563917494328285 45.444850769791714 0.06961048209914297 7.917421993161689 0.06047150267959343 15.954188893998156 
1 0.050282866290436344 7.344340161879598 0.04046430156771528 13.056044317719245 0.06943135970549069 2.0684664973322335 0.06014800552763515 4.405855846953711 
2 0.05052699144449484 15.15355469604881 0.0409087882815837 26.76104513855604 0.06950706800289945 4.587196127759272 0.06027715034845856 9.038448362738645 
1 0.050343367525792625 9.405882813455255 0.04057722382555525 16.356508074470415 0.06944113399681398 2.7711750740698258 0.060180653329920994 5.554590089382264 
2 0.05064325701829807 18.739034143471287 0.041115975435179426 32.97747203400439 0.06953998010234216 5.640403063119214 0.06033888166470941 11.211098291649973 
4 0.05097421783627172 29.196875973816624 0.04169912520941247 48.30272681320923 0.06963269278922612 8.642301841413905 0.060512287183619784 17.417020951296873 
4 0.05087565609402321 25.304789543783404 0.041526826842681885 44.31950303872723 0.06960448004680278 7.719917856783437 0.06046030660602018 15.547468842514203 
4 0.050903269219948664 26.38894084007727 0.04157568101061864 45.340208028660335 0.06961260948857881 7.98519536869735 0.060475129179792385 16.074466930771532 
4 0.05097772350415308 29.308067134157277 0.041704957921406605 49.642691892357604 0.06963322045646855 8.662320057574346 0.060513593584372735 17.47739762034474 
2 0.05046568996294868 13.217690314013655 0.04079950798270369 23.45583713009055 0.06948944251587126 4.022136856971568 0.06024451650166703 7.891399063803867 
3 0.05079703004495416 22.41475574187544 0.041388405082594434 40.13650533047122 0.0695827629582106 7.0158419616328755 0.06041943995610517 14.072517623864368 
2 0.05061270782528711 17.81886313678942 0.04106132016831945 29.758955023012657 0.06953155155374309 5.368993503184173 0.06032285472849752 10.638873243421587 
2 0.050652259922516 19.070942470964603 0.0411321545188278 32.14278267551957 0.06954224514289177 5.712097576950827 0.06034334683386024 11.375274157932902 
2 0.05055468360682498 16.017964521913775 0.04095842340944854 27.422073549098847 0.0695149324387683 4.839012027113019 0.06029185972125437 9.556678991514184 
1 0.05031943747588974 8.629416836530686 0.040534323430696996 15.096725778096877 0.06943643897938606 2.533447676349787 0.06016817757752635 5.114294196511169 
2 0.05062948338736116 17.984471831729714 0.041091099374285386 31.208409118653993 0.06953625223375845 5.52069819268297 0.060331703570743175 10.95214894816811 
4 0.051025132671987695 30.813902837884104 0.041786552588894965 53.41165768055957 0.06964655372750209 9.101264121570452 0.06053829481918414 18.378225943729355 
2 0.05059220905393014 17.13560153548844 0.04102496757626162 28.9085776756255 0.06952558720282884 5.180129573333543 0.06031185086312626 10.26103542168655 
4 0.05099256712630039 28.888821015827865 0.04173077338290447 50.045441628148225 0.06963729686095059 8.795738255800114 0.060521247877022 17.75731060744018 
1 0.05029849230823051 7.9989339006773035 0.040493804377133166 13.357633172927965 0.0694335624176352 2.289684447759045 0.06015655652495768 4.704811277857178 
2 0.05046958181744723 13.317661160889767 0.040805653978102825 23.087206234959563 0.06949060156001614 4.059246618134241 0.06024651795838722 7.958436123154587 
4 0.05104632576432525 30.532203067215995 0.0418234615712645 53.17786044088366 0.06965249743029184 9.296550443478072 0.06054932639763581 18.78062857714672 
3 0.05082005042226723 24.30972241721934 0.04142869898057757 41.31374525922968 0.06958941512191183 7.230766306321669 0.06043176098075439 14.506975191250456 
1 0.0504433410767813 12.44371648840215 0.040759671706207236 22.242256807679876 0.06948309976330802 3.8195430331050533 0.06023273526239008 7.475906199953509 
3 0.050714970229092146 21.028591479815965 0.041242880355438605 34.742384762194504 0.06955971068218578 6.273496448199144 0.060376369903301065 12.543398550441307 
4 0.05087635306984021 25.27524480627394 0.041526327366948466 44.951054057963795 0.06960403659229343 7.70790191170785 0.06045989964854752 15.549978266098822 
3 0.05073926715647359 21.716977253251752 0.041286706489834055 38.08361992076127 0.06956661224426008 6.494893426697525 0.06038913264975691 12.993304521300582 
4 0.050931918338939265 27.810120011490046 0.04162590711305085 48.179328194770164 0.0696211410016369 8.26401907219023 0.06049064988366163 16.62357895856622 
4 0.05095499282788687 28.59220425266438 0.04166402780148154 47.11930590453632 0.06962719275261176 8.463419425075795 0.06050221543910037 17.05211313233284 
1 0.05039333794197135 10.95759333471634 0.040668324313540255 19.041523183199324 0.06946327626687675 3.327848703206714 0.06020706840817014 6.525080055267594 
3 0.050793178644632175 22.301983422222328 0.04138163285966506 39.98977956608512 0.06958220246499892 6.9970251323879324 0.06041806913517579 14.009660696902534 
1 0.05030224344075294 8.119558675519432 0.040500987057066506 14.13908120524014 0.0694339984293413 2.3407600606602452 0.060158537554178805 4.777504358841414 
3 0.050782307358427814 23.11856987107053 0.04136218309643035 39.423821142950146 0.06957912940514568 6.89776316495916 0.06041233722748056 13.805439939982842 
1 0.05044910667119451 12.690685928885424 0.04076910976541116 22.005197805626175 0.06948471351250379 3.8710834767591935 0.06023567896767299 7.577173992334551 
3 0.050768720330179 22.69331559463754 0.041337787903915395 38.39068728054828 0.06957533990584089 6.774553121251939 0.06040523261157445 13.550783914479425 
3 0.05074073082974269 21.812193595609017 0.04128908227290732 37.695997009130494 0.06956749477869156 6.521509041254849 0.060390496506782666 13.027285270147086 
3 0.050777640066685836 22.926044809134645 0.041354554547667295 37.10257217824717 0.06957786205319955 6.85553656536198 0.06040990912622616 13.717485346903917 
3 0.050694843475321286 20.381851396709777 0.041207844741276055 34.587382274805066 0.06955435215353986 6.101119659065306 0.06036595037267738 12.167359182893774 
2 0.050591134078339685 17.144713703093615 0.041022681982529015 30.06170686621217 0.06952528087203437 5.168963950739302 0.06031118740418928 10.233556935424527 
4 0.050976598451584976 29.2147836501347 0.04170267453492877 48.87235698759371 0.06963284917903999 8.649649912100626 0.060512956597330345 17.453937477692225 
3 0.05074161904983811 21.84340307154559 0.04129039336794428 37.51964862256871 0.06956771834286149 6.528716974259497 0.060390923104181815 13.042824726434091 
2 0.05063041567168578 18.369897012967854 0.04109269182921721 31.046005307921753 0.0695365396145736 5.528675695568838 0.06033221945493185 10.968979193593231 
3 0.05069891174567777 20.499918754768082 0.04121531984746468 33.99022107728285 0.06955573627020875 6.143668467072731 0.060368427370055454 12.246177592972051 
1 0.0503253153547301 8.843642612911992 0.040544047592608 15.386459445848937 0.06943736452228497 2.5835188691788775 0.06017097931498796 5.213012171094148 
4 0.05089183218525195 25.742553945045678 0.04155560181750867 46.236782711129436 0.06960937351775787 7.8803554818089525 0.06046915787846182 15.859208741661451 
4 0.05102365631548174 30.76623699113643 0.04178352097291845 51.98757240750297 0.06964659592111384 9.102563904352403 0.06053811408779171 18.359804031571635 
2 0.0505187036216427 14.86874411211185 0.040894287946016517 25.710934033889668 0.06950468855942465 4.511687252305219 0.06027271651741779 8.88441617548377 
4 0.05100576685634757 30.206744733375366 0.04175145129441997 51.13277979649841 0.06964064421814016 8.90687703755706 0.060527700009754756 18.0009361783282 
2 0.05049526318286688 14.118397316636102 0.04085267661426441 25.051625817398964 0.06949794285010794 4.292886395655961 0.060260357113463725 8.447183819277319 
3 0.05081016477405609 23.99355556651883 0.04141266218626534 41.91081318713891 0.06958651446595158 7.137487224674407 0.06042657722325928 14.330313023659386 
3 0.05069378049706562 20.302106697179426 0.04120583422192708 34.76730150004404 0.06955404854285666 6.0908394143074505 0.06036538401300926 12.146812996540906 
3 0.0507863711798492 23.245501642249664 0.041368848183499715 40.584485784468676 0.06957970521209293 6.9161675939293685 0.06041378513530697 13.871720329388395 
2 0.05065427088235924 19.1066752685089 0.041135889117136525 32.80791652422967 0.06954322930335932 5.743687205624394 0.06034484275858411 11.414853765498716 
3 0.05072879573094398 20.769226580161398 0.0412681318296443 37.550445977998606 0.06956365651722991 6.400456010224548 0.06038362403628934 12.801280667734847 
4 0.050942343978101136 28.194454472205223 0.041642135298352735 47.18909868477398 0.06962320964093796 8.332640361810574 0.06049505848015284 16.80448201215366 
2 0.0506586861187794 19.251876213735216 0.041143491925297045 32.83948014831317 0.06954445445610345 5.78246507821064 0.06034715641567566 11.495477244671836 
1 0.0503348617270246 9.1396177231326 0.04056165610999708 15.81287054927775 0.06943907720375045 2.680737124964611 0.060176108210258816 5.392686499742249 
1 0.05032728411480046 8.90304235421831 0.040547648929768795 15.386743620744202 0.06943772006426506 2.6043396173850106 0.0601720643861818 5.2500500431223065 
1 0.05029030962444753 7.739588228691024 0.04047846952513998 13.480858184510916 0.06943265224540618 2.194111632677489 0.060152083610617815 4.547693395239437 
3 0.05070289989697927 20.62537472080296 0.04122225464943429 35.37408973823434 0.06955663792188449 6.173073302302439 0.06037022134370644 12.316725485130698 
4 0.05094415990923144 28.137534066418993 0.04164560753392106 46.78619200893526 0.0696236627688711 8.349254649401946 0.060496013776747126 16.840864143833908 
1 0.05032514477227277 8.835308296893839 0.04054381832197771 15.392529552949995 0.06943715293882932 2.584520852700714 0.06017090528768232 5.210487901064913 
4 0.05102563036609335 30.83239022412203 0.04178817759654561 51.90285496937057 0.06964668499967093 9.105151375555584 0.06053852117795635 18.386676896688705 
3 0.05085204792791591 24.508302802644828 0.04148561496673455 41.95239451109104 0.06959877944748497 7.533999166094487 0.06044897290744454 15.113851919799902 
1 0.050429683457131766 12.100948187816833 0.04073395861703566 21.470744516245695 0.06947875238740026 3.6913587540998174 0.060225530064427726 7.21126265878806 
3 0.0508303674904468 23.839814146610852 0.041446164594478675 40.89630364326142 0.06959232898432396 7.32447137022108 0.060437174162190556 14.69966691926221 
2 0.050465539473125084 13.22098343669281 0.0407990006980319 23.427194162119928 0.06948945947312832 4.022666415236773 0.060244421532652546 7.8848639376010325 
4 0.05094158487682619 28.17005454567596 0.04164078515932708 47.98734062619434 0.0696229758671793 8.326414851048803 0.06049467097210716 16.79193260938692 
2 0.05048274711038368 13.687093919800864 0.04082964551486395 23.537538713344613 0.06949434723296193 4.178456504276744 0.06025345770315753 8.204082836063211 
1 0.05038989649480193 10.850472291926655 0.04066173617811671 18.85728752508613 0.06946163278060775 3.291238616842216 0.06020525800262274 6.458486336392028 
1 0.05045835520814037 12.96292304237316 0.04078533746830028 22.35605661585341 0.0694873400244181 3.9550902234817764 0.060240498496012616 7.746611725810595 
1 0.050342871524545085 9.35901810477569 0.04057628943373252 16.338961448252682 0.06944097615001533 2.76472869032535 0.06018039182311854 5.544814963845676 
4 0.05102568406471407 30.77214204545505 0.041787048283614646 51.386107482886906 0.06964627606596016 9.092317525862251 0.06053808734136934 18.380590659484454 
2 0.05048760818481317 13.888977382281249 0.04083877594886857 24.493638938896872 0.06949576612151853 4.224417396172848 0.060256216913854674 8.301318483977035 
1 0.0503586720724314 9.886041803186139 0.04060505883096186 17.18268908578021 0.06944706179246359 2.9349049169152837 0.060188821806090656 5.850410955590054 
3 0.05077248272018842 22.812617537007792 0.04134626338957883 38.437695065190375 0.06957642151941569 6.808601763892689 0.06040720926689671 13.621020024702101 
2 0.05058167591876254 16.859432350202212 0.04100649147943231 29.69638060816946 0.06952249634005774 5.081129411512924 0.06030613074220091 10.061958281888627 
3 0.050707181498241695 20.729558361986104 0.04123002759470494 36.3972488574556 0.0695576262072157 6.20632786244565 0.060372283669654116 12.39836202324246 
2 0.0505662736317846 16.37939017024872 0.040979254884522066 27.411982925299867 0.06951825100343642 4.943970732067323 0.06029805966046642 9.77339386610873 
2 0.05052670066864144 15.143643426091618 0.040908277055117404 26.141468630636176 0.06950700215654766 4.583996552610278 0.060277014635979384 9.032060731282655 
4 0.050997193735513514 28.969971494365193 0.04173907832527092 49.18804002858719 0.06963926723399443 8.858916043441976 0.060524398706977935 17.855988817433833 
4 0.05091130802763853 25.876835417627422 0.04158995809762574 46.121277120642006 0.06961488205232029 8.06074375053225 0.06047935712180615 16.22735883597006 
3 0.05067365189018606 19.710444126002347 0.04117069288395976 33.668859756831964 0.06954827419468941 5.90521617902218 0.0603547517374987 11.777514887520372 
2 0.050499179520633965 14.255919293066174 0.04085902565634865 25.225754716099264 0.06949913883920858 4.333195649491055 0.06026233875669982 8.516592480619725 
2 0.05047294650762252 13.413582629921592 0.040811552530410834 23.836015098877354 0.06949154005579647 4.090388321128383 0.0602482698313435 8.021825234609611 
3 0.0507813042250736 23.04130613777872 0.04136028184326629 39.402893702087965 0.06957888162824752 6.888806088436451 0.06041183982919174 13.786161579904086 
4 0.0509017410226424 26.09867404836616 0.04157155052981758 46.810377842369846 0.06961173314701433 7.958290489325952 0.06047386434939013 16.038875982994057 
2 0.05055714521133153 16.08888708038733 0.04096284478920607 27.454743153541102 0.06951567743237197 4.861294514640027 0.06029323637568529 9.602940976892882 
2 0.05055174741618894 15.559012543655513 0.04095243023732536 26.54692071516008 0.06951428117117509 4.816298351139423 0.06029045483260094 9.49910935229245 
2 0.05056188307441749 16.237052560497574 0.04097108391822028 28.62020714753777 0.06951690444681309 4.900971986860053 0.06029573402106907 9.694022757713991 
2 0.050565228695017915 16.338638394530584 0.04097724847517998 28.511637215089355 0.06951795129687516 4.935779311081549 0.06029751558901281 9.75598087638687 
2 0.05055094228566366 15.890896422143959 0.040951326109721145 27.913121684813348 0.06951379076716149 4.801348217365808 0.06028970241564713 9.479745769864271 
2 0.05048592199526912 13.819043419166494 0.04083603484359663 24.555180330994897 0.06949514787066635 4.202900421917858 0.06025530528224822 8.271943957011128 
1 0.05033289628611992 9.08149257539148 0.04055809019417986 14.830822557379111 0.06943864964481997 2.660306317308045 0.060175041270225424 5.3566013810876925 
3 0.0508310093959771 23.91229365123294 0.04144780293248198 40.40721892489488 0.06959252318139694 7.33057097714624 0.060437525999893806 14.71232938168136 
1 0.050269856226836274 7.093741093410065 0.04043955976403605 12.331948905797486 0.06942833365898785 1.8681082314835618 0.060141076251062985 4.165379905906209 
3 0.05082493819020926 24.41290259898881 0.04143629462977807 41.616865371133834 0.06959078503313465 7.274876650390672 0.06043432166826165 14.598086651448067 
1 0.05036965648012322 10.213633737466287 0.04062507867822983 18.194896451476943 0.06945202948465627 3.0627069575133823 0.06019461638208042 6.065488532345232 
1 0.05026863871120124 6.907716021888075 0.04043742826685165 12.275117622749464 0.06942807146597248 1.85873860882931 0.06014051526825722 4.144377932599473 
3 0.050800691184551626 23.69615743428408 0.04139507045136771 40.82924765121165 0.06958434448019621 7.065156083191065 0.06042202855266108 14.149140633047148 
2 0.050494302560930106 14.055584451383584 0.04085079040668524 24.892600435103382 0.06949754521883493 4.2812172657840435 0.06025971085289973 8.428403424541639 
2 0.05059308564772306 17.163595745266054 0.04102695042191646 28.691290849490247 0.0695258702427173 5.187446478678628 0.06031235298763134 10.276805349872726 
4 0.050871214744523566 25.819812591977705 0.041518922407417995 44.06678182938732 0.06960364818123538 7.6944285071557745 0.06045856964821753 15.47780381952206 
4 0.050940725542337154 28.142158204171018 0.04163966413156682 46.51831456148509 0.06962358894958395 8.345017874581638 0.060495234754485885 16.789576414449467 
3 0.050705507450838724 20.72331952864922 0.04122629127521381 35.23916409892837 0.06955715173808401 6.191431986772917 0.060371402168579544 12.366975305230579 
4 0.0508718649558225 25.83881936299654 0.041519991190087854 45.15426174587446 0.06960384189819221 7.70079098971113 0.06045891852969924 15.490326802940327 
1 0.05032791280615512 8.922664492790535 0.04054881592350111 15.435893416612592 0.06943777916052978 2.6095235096184424 0.06017235984432845 5.261545906140943 
4 0.05093668822949482 28.014024700035215 0.041634463394047264 47.17226129441285 0.06962246163296568 8.308415715670861 0.06049312336667638 16.715047152454748 
1 0.050354152269874594 9.74106792232287 0.040596985418288864 16.94560500270783 0.0694452404050408 2.886999127835713 0.06018644727981768 5.763634710599063 
2 0.0505648643220483 16.327119589248973 0.04097657662752262 28.648494491690307 0.06951784663865293 4.932726439785859 0.060297306620026025 9.749164794571607 
3 0.050674158649452294 19.725177419852777 0.04117188443698919 33.03238969652347 0.06954864954592128 5.917030025056545 0.060355284784435845 11.790855961226544 
1 0.05036358834264452 10.038473248104085 0.04061411369629035 17.462327026043077 0.06944908502876451 2.986937337380903 0.060191448572435635 5.946045079344508 
1 0.050416617128740224 11.691585701636418 0.04071035806537884 20.031869801900534 0.06947353431902314 3.5647741644023165 0.06021888871594274 6.966118059767743 
3 0.050831218671805824 23.918599129297853 0.0414485166778014 42.003417958138165 0.06959254136197927 7.332353755267607 0.06043760190048938 14.71682446666539 
4 0.050953689009495484 28.551379950360985 0.04166284099803263 48.366155493626046 0.06962679378786352 8.45114422808987 0.06050151552140791 17.028849198553647 
3 0.050815089909410784 23.225254925631493 0.04141908009706268 41.13862800057762 0.06958833999667342 7.195765231718221 0.0604295729172593 14.419473488109139 
4 0.051046466538460414 30.472541563162366 0.04182388447147102 52.29808275646176 0.06965264884156319 9.299404670599786 0.060549484932485485 18.783052784642802 
2 0.05061622574326152 17.94587711896559 0.0410686524667669 30.136708913970743 0.06953234540435979 5.394701640747798 0.06032453679715931 10.706693170511972 
1 0.05044787926424286 12.63351890040515 0.04076677786760327 22.480933244691546 0.06948434866108898 3.8593666156853095 0.06023499967719094 7.553356893675553 
4 0.050909695364859384 26.33881206880435 0.04158584597132946 47.15660868310073 0.0696136803811461 8.022177846812983 0.06047767356880186 16.18398372032788 
4 0.051056159327805474 31.798755631581393 0.04184105891305782 53.668171691604 0.06965638049913313 9.423961509177934 0.060555669612504984 18.98695991697796 
3 0.05080862329972463 23.899089412671174 0.04140829647123197 40.71564868143704 0.06958653695667413 7.137703592070986 0.06042617658201832 14.298571045449535 
4 0.05090027695109385 26.861041918627098 0.041568921207187394 46.716526193579 0.06961136118033479 7.945265157989162 0.06047310742549985 16.01078535440861 
2 0.05054484110442721 15.697432323848679 0.04094067230182595 27.06176444976726 0.06951210844774817 4.748452266199429 0.06028656399714757 9.369505643074765 
1 0.050431789617866506 12.157262547858263 0.040737590750480134 21.577978903625493 0.0694795248405091 3.711780610113705 0.06022661247208459 7.251186926308533 
3 0.05076323582357968 22.475166695668346 0.04132956399984745 38.1084733100668 0.06957362429792133 6.720339380510356 0.060402258065343585 13.454556292055795 
3 0.050737659912700406 21.717222445873432 0.041283705237979716 37.95633241722461 0.06956659373847221 6.493834727813069 0.060388837065027956 12.97034300229987 
4 0.050952852173798746 28.468966425244883 0.041661640723995794 48.36112318102926 0.06962657481816428 8.44329396417427 0.06050111078544328 17.013602002236496 
2 0.05065544335825385 19.14326219928335 0.04113794046090711 31.815013679053134 0.06954356181149758 5.7542468640467295 0.060345465020268295 11.436950742721868 
1 0.05037306894748399 10.310516574194157 0.040631238506248404 18.372613867788584 0.06945378038284793 3.1053624943716485 0.060196349291457264 6.1317621055387495 
1 0.05034632553580996 9.497999742319427 0.04058292409341756 16.518933675447972 0.06944216473392631 2.8029009756227254 0.060182245462024705 5.612056444136459 
1 0.05035156289302449 9.660533206221611 0.04059213182803785 16.79432110012658 0.06944408397187987 2.8586458116794313 0.06018503244898403 5.71258466429857 
1 0.05030093890744551 8.075132861593175 0.04049847294799126 13.959764458442255 0.06943392427009572 2.3459280186042646 0.06015789630220254 4.752144267653584 
4 0.05092705174589712 27.715526461393456 0.04161538568166556 46.96984218984206 0.06961930030367355 8.206111559365542 0.06048758290147034 16.524116922971782 
4 0.05091792289206228 26.538670140680544 0.041600953276944866 45.83603040318337 0.06961640790060471 8.109414029143688 0.06048240514528266 16.344444956762384 
3 0.05068574882510816 20.10829837206432 0.04119207268596707 34.05920012746661 0.06955160375107206 6.011987465766874 0.06036100809778087 11.999677208025009 
2 0.05053972910668577 15.206908931819672 0.04093210637122345 27.42137929293629 0.06951070073557222 4.703126537777045 0.060283927903631594 9.27667440352805 
4 0.05104643065216201 30.47466089213209 0.041823393425094314 51.447884561592915 0.06965263338857759 9.29920844839437 0.060549447673530196 18.782377825158342 
3 0.05072265888976825 20.626019630490475 0.041257252064718426 36.957398357808174 0.0695619536812232 6.345388313029218 0.060380439483468905 12.6872255650436 
1 0.05033932348676562 9.278619594718801 0.040570004169916 15.631169939337514 0.06944005930014874 2.7267443478002216 0.06017850236350915 5.4771088728342106 
3 0.05078743767248863 23.231355554201908 0.04137106685515114 39.35965946050506 0.06958001529621752 6.925501787468752 0.06041433411493545 13.890838526226082 
1 0.050268389744713746 7.048189521028547 0.04043686696139913 12.25873464878654 0.06942800666851037 1.8564491951302824 0.060140372600184656 4.139095946974938 
1 0.05035005858199602 9.613671278546501 0.040589402799890886 15.779271442563417 0.06944357242458377 2.8429187058705905 0.06018425125288977 5.684040227931986 
1 0.05042090195574635 11.582766808193233 0.04071828378765884 20.042805592497377 0.06947534132952837 3.6085344225615947 0.060221124648857115 7.0493990211134845 
2 0.050650713911988186 19.003775069227867 0.04112903326165338 31.467439691719825 0.06954223724949601 5.710944425447144 0.06034296854295439 11.34718035694318 
4 0.050931943392169866 27.864336440877246 0.041625723648735555 47.72160375989804 0.0696210978509924 8.264037710366065 0.060490602856274764 16.625256107393746 
1 0.05046177557623176 13.021023613817212 0.040791470068484895 23.219322268171148 0.06948833494664484 3.9871593416224065 0.060242332219690164 7.812272705102799 
1 0.05039628578748808 11.05458024000966 0.040673550930282944 19.66182809328444 0.06946465360590949 3.358711825513666 0.06020857183568369 6.581215571979459 
3 0.050702626862985725 20.569240594896215 0.0412215433902274 34.912372723002065 0.06955655944575517 6.1716998869798685 0.06037000269812718 12.31182086890968 
1 0.050417278824319935 11.71238855640531 0.040711704249746496 20.090598327904228 0.06947377856934223 3.571441259730309 0.06021924306737185 6.978726605203724 
3 0.05072396214521603 21.24628904167674 0.041259255159555024 37.23153994711787 0.06956248198982898 6.36155454385173 0.060381247340012954 12.70783755206899 
3 0.050711810458613206 20.92109825702097 0.04123761658853607 36.59630608981903 0.06955894646339475 6.247819905645434 0.06037477022395349 12.48419324589759 
4 0.050888988729575514 25.706528393531492 0.04154942280109148 46.05730335378885 0.06960859263671557 7.854571773307858 0.06046771843016292 15.805829614398117 
1 0.05028610054669055 7.608330117787216 0.040470422131360276 13.138598724255946 0.06943191241502204 2.142989359627397 0.060149795769131056 4.468094573997226 
2 0.05055234144255175 15.944936922072497 0.0409542833779377 27.465997509974578 0.06951429768330687 4.817311273742385 0.06029064742067588 9.51206253486227 
2 0.05058782446501593 17.047336775516335 0.04101759580103279 30.03319241353186 0.0695243604024906 5.139436467753224 0.06030953084053041 10.177799824995855 
3 0.05072191112492499 21.200215915172855 0.04125545859928338 35.90088205732151 0.0695617493666151 6.338135846968084 0.06038002754124673 12.67156250753858 
1 0.050351126221431966 9.650864503011572 0.04059132002137155 16.793003214868566 0.06944402415868352 2.85444807470864 0.06018481412426112 5.703752134990301 
4 0.050928386460466726 27.75554432016107 0.041619853888889086 48.1984124706213 0.06961968740253414 8.217866205827551 0.06048825946573193 16.550271475973755 
1 0.050325988609483084 8.861626753660536 0.04054519862817736 15.430365883758336 0.06943749768527929 2.589822871945361 0.060171318678868435 5.224795322141988 
2 0.05063873649189735 18.622243366568508 0.041107589712745904 31.198397482977462 0.06953885040918546 5.603611243814845 0.06033664277585815 11.12556556438887 
3 0.050856811641647515 25.348270260701355 0.04149554065680204 44.31830586584353 0.06959962893057374 7.563070470238078 0.06045096490930331 15.204776925011695 
2 0.05055072607772972 15.884415990088055 0.04095077698473895 26.97114261493083 0.06951372699232086 4.799767170027131 0.060289589115716934 9.476518803521618 
2 0.05064114863286009 18.697424246950256 0.04111228363337808 32.059322894107495 0.0695395341215482 5.625484918609743 0.06033791820354147 11.170557481502925 
3 0.05076829020136242 22.677381332289134 0.04133733695192931 38.633941876005494 0.06957489299324841 6.761943828456427 0.06040460973280977 13.538573863080188 
3 0.05086529578410566 25.199953305811906 0.04150877828136029 43.76103901621733 0.06960233121068349 7.651416451591148 0.060455886228102086 15.372955694885011 
4 0.05095667008387308 28.646336440943816 0.04166732427782223 48.58898247901903 0.0696277096865203 8.479334452988411 0.060503141807502644 17.084861364762617 
2 0.050465138042386434 12.888897348982903 0.04079802418458489 23.390085256200557 0.069489328346547 4.018891623949458 0.06024417720839083 7.877141182330439 
1 0.05026252444668709 6.8630363918308035 0.04042577442883979 11.924559953095143 0.06942653429975627 1.7671632664947665 0.06013738076008124 4.032354583467831 
3 0.0508485118780798 24.45425438237582 0.04147842806144543 43.61445179787806 0.06959710505228811 7.47986447563603 0.0604462821904886 15.034851944005927 
1 0.0503507487745679 9.639235057967234 0.04059070396659449 16.664448816410204 0.06944386002084979 2.85033639803787 0.06018461452485323 5.6966364596820025 
1 0.050408097173359034 11.424910035587011 0.04069500808418502 19.821787553824926 0.0694698717764523 3.4801898279672736 0.06021459786521797 6.80613325968055 
4 0.05092937509878761 27.781779345062155 0.041614134822332206 48.118419935222356 0.0696202785042824 8.240616712954884 0.06048927303142844 16.576752182050917 
4 0.051014148880861934 29.841502211744135 0.041768260704017 49.861039442681324 0.06964348774098607 8.997593133735483 0.06053254867634965 18.165956494912187 
1 0.05026046767635527 6.797565553771467 0.0404218417395017 11.818822009293198 0.06942595867347384 1.7505733092639921 0.06013628956557223 3.9951981260888587 
2 0.05047844876138759 13.590887266298157 0.040821934952439486 23.32544658797201 0.06949313111959339 4.139350310374313 0.06025128870084023 8.126692231622346 
1 0.05032353925355652 8.78441151005039 0.04054086844040722 15.298441752431785 0.06943691103349742 2.568269584387535 0.060170045983434964 5.180107920557184 
1 0.05044963710659338 12.433399424228684 0.04077013484637929 21.623731288182103 0.06948482534512881 3.873712013319629 0.060235973765704255 7.587783375002241 
1 0.05030638691092647 8.246329242593998 0.040508884419440214 14.359534316503305 0.06943458660991127 2.3995268908943634 0.06016088146631504 4.856651553335942 
1 0.05030421883798194 8.178463182395381 0.04050463288217462 14.239947936115206 0.06943425144629863 2.3758643343082015 0.06015959115613058 4.814585251479916 
3 0.05086182672345663 25.560215942517903 0.041503810437667536 44.65774201853447 0.06960137248527855 7.619361258246764 0.06045404129421794 15.306444121523253 
4 0.05091658157361938 26.552378991681497 0.041598592846715146 45.00513372390471 0.06961603784782638 8.096675716792483 0.06048169971062293 16.318696122625795 
2 0.050591398459799465 17.15361575129797 0.041023405068676175 30.184414463383042 0.06952531701703729 5.171073003017783 0.060311289191178355 10.238727796595803 
3 0.050720157200570326 21.142954397329326 0.04125224736645323 37.056292205648425 0.06956148591071559 6.3293437464304905 0.06037941148773999 12.642283969343287 
2 0.050515668888229115 14.750013611619858 0.0408885717877154 25.534209282204625 0.06950388977177493 4.485369554579771 0.060271161159217115 8.825626313523271 
3 0.05070276899190288 20.575376770331143 0.0412209208525934 35.19519107589699 0.06955657569667052 6.17260934648017 0.06037014113694435 12.315078347215053 
4 0.05098049512331935 29.396250687712485 0.04170945889254774 51.016949011177566 0.06963436788742942 8.699563379324964 0.06051552085120687 17.536804839046994 
2 0.05056539052650063 16.343590180934218 0.04097737660315974 28.14704350975108 0.06951800370658337 4.937252928057964 0.06029760905951317 9.75894409724517 
3 0.05082996743515783 23.880125724162493 0.041446373725469304 40.548951801543936 0.06959224151709989 7.321170113849779 0.06043699492916145 14.692954078080072 
3 0.05077250966402245 22.815132098467142 0.04134500589317624 38.960087491056925 0.06957611883616067 6.799440975474707 0.060406879538215996 13.616950265117634 
2 0.05060934027534987 17.730270751882326 0.04105517900446324 30.459200062779736 0.06953019629982835 5.3278788327868245 0.060320663976322034 10.576620232419689 
2 0.05058827840785859 17.01853255726847 0.041018266088581 29.94507083677173 0.06952449203294404 5.143434448300575 0.06030978107667251 10.186044578954801 
1 0.05025875283546546 6.744196375092858 0.04041854743467328 11.716942396671541 0.06942542742615036 1.684617369662811 0.060135371955997316 3.96464827656636 
4 0.05105065819850678 30.60565803628226 0.041830547366703295 53.49903229187358 0.06965374285011643 9.337501694965532 0.0605515702774984 18.86222910313008 
4 0.050896755202946495 25.948873835141267 0.04156306857934493 46.28555783568226 0.06961004449677038 7.902356600787101 0.060470908064644 15.938601730968974 
2 0.050471739186960275 13.371226346260382 0.040809521506068445 23.757528645897303 0.06949119602255424 4.07817192378822 0.06024759721695393 7.996436057002422 
3 0.0507789137582913 22.966972615343316 0.04135646111335864 39.22179847857616 0.06957823879666211 6.867789220472996 0.06041059749555663 13.742227256356752 
4 0.05092153661740504 26.705625793210764 0.041607271885073814 46.61548776918314 0.0696170516366496 8.13236198815441 0.06048385618252585 16.407784286765104 
2 0.050608909505753676 17.71658723039136 0.04105506607293878 30.3866112963438 0.06953025463151688 5.3294421521398245 0.06032063687808786 10.570651194665801 
4 0.05101140662656871 29.75762693135264 0.041762527091816826 49.958440562082295 0.06964320169354496 8.98895899789757 0.060531724935727504 18.12405954913128 
2 0.0504779101854105 13.590162106823225 0.040820830030605396 23.712492939613014 0.0694930062862454 4.137374723952549 0.0602509975062279 8.117687422878154 
3 0.050768388385631434 22.683071882569287 0.041338010662096546 38.68272715426933 0.06957521990654467 6.771543745782961 0.06040503566813584 13.545493979178621 
4 0.05105365119212052 30.75832484292033 0.04183637923120497 52.05416279998413 0.06965516363759551 9.383035470063145 0.06055380195430395 18.929112235549386 
2 0.05057953983995005 16.74084866814538 0.04100276401245965 27.456081772373686 0.0695220387883547 5.06492105804423 0.06030516427989584 10.023462173310973 
2 0.05064628065910744 18.82033290626177 0.04112101491079496 31.630569582244192 0.06954092439099338 5.668522283726074 0.0603406216842445 11.263810226361453 
3 0.05070599164961002 20.644759312955905 0.04122698395629891 35.33950963752254 0.06955709006817039 6.188767702693715 0.060371403441349336 12.371623756216831 
2 0.05052422318177252 14.698288370386809 0.040904211177573785 25.267602497580704 0.06950631913064492 4.5624159096721915 0.06027571005200546 8.98662693359638 
1 0.05037125176911905 10.262128020034261 0.040627960853736836 18.292306524577622 0.06945310613307926 3.08745048921901 0.060195479175911316 6.097042489569813 
1 0.05044159134618757 12.381190122835983 0.04075504281344108 21.609251952999124 0.06948248908073826 3.799968522724785 0.060231568961382806 7.432193303030154 
3 0.05067509311841715 19.7678574167434 0.04117190286299852 34.637837641972716 0.06954882612876714 5.92323765185759 0.06035556839984496 11.798405680213202 
1 0.050360786885744316 9.92533075849741 0.040608711440266856 17.293375352503144 0.0694483501636772 2.959952756928346 0.06018991144650941 5.892935276787069 
1 0.05041665434644978 11.693081243137296 0.04071044393655386 19.362832352602652 0.06947353926992426 3.565428607807933 0.060218916115868826 6.966970436165427 
3 0.050696229986264815 20.37835339268204 0.04120936849359344 35.631149722963556 0.06955470873562575 6.113034040159957 0.06036664974679577 12.192243925870867 
4 0.050988122011016254 28.75129717075064 0.041722304046486094 49.03467981234839 0.0696365891772618 8.772179162799421 0.060519547651234795 17.68163567135998 
3 0.050860590367471856 24.773268923549047 0.04149961842035867 42.23856866185535 0.06960119495859388 7.6132607500524685 0.06045343092529033 15.274375534938898 
3 0.05076124106823697 22.462711658899526 0.041324710901187445 37.14840620978366 0.0695732524607359 6.707650231541571 0.06040128765646204 13.411161940663138 
3 0.050700106695563615 20.490469943625975 0.04121679302483951 35.681522721807355 0.06955583153109482 6.148828265456937 0.060368727218422645 12.265377406251176 
4 0.051017818202759156 30.588880659028938 0.04177346560761184 51.74781939687191 0.06964443074744056 9.031041341665986 0.06053443927372668 18.237425853021563 
4 0.05089354928696379 25.849683396565023 0.04155865988362399 46.22985592031 0.06960984322641253 7.895424927623425 0.060470029492102305 15.891218909930853 
4 0.05100335410305068 29.556026661735523 0.041749954788786445 52.134172287035746 0.06964086276090906 8.913342006846571 0.060527478104070734 17.97183959685604 
3 0.05084961351072753 24.487911551783267 0.0414805897944043 42.91906240328789 0.0695980766130728 7.511563506393577 0.0604476951917919 15.06812518199278 
4 0.05087540290934628 25.3001212625092 0.041526688665416915 45.02697927898349 0.06960438429290491 7.717905278272849 0.060460131865736365 15.543187031926854 
3 0.050687936331085016 20.13750653400832 0.041195894316035146 34.58752185064982 0.0695524182645676 6.038169467607887 0.06036240865301416 12.043507449504641 
4 0.05092719576734732 27.72038248224185 0.04161690628691678 46.94709968440536 0.06961933245096982 8.206285629382087 0.06048767527736504 16.527057786250914 
4 0.05097013888931808 29.068959351256314 0.0416911394507604 49.50684682795601 0.06963143260456513 8.6033326691514 0.06051010419961729 17.33995893761102 
2 0.050661826050015714 19.308210557419194 0.04114868147977373 32.820708332805374 0.06954491982891889 5.797480220135571 0.0603483052053268 11.54745935300187 
1 0.05036379557341941 10.044980689596315 0.04061434636126042 17.45760921409849 0.06944939468118172 2.9902886972096714 0.06019158310612251 5.950737853055701 
4 0.05095203662419271 27.905980530678697 0.04165974626470435 47.239293644206 0.06962595314638109 8.423539200947896 0.06050019751079172 16.990054541576324 
4 0.051015444058652194 29.87831616845774 0.04176927082578613 49.957175783795684 0.06964382105115631 9.00926490944195 0.06053320248176779 18.18990063356544 
4 0.050997289887285135 29.02900860740945 0.041739009110453563 51.73791579647766 0.06963921179790478 8.857183343452968 0.06052436698688268 17.855997143970995 
4 0.05099973030204621 29.1061546327089 0.04174302742075329 49.784335899253534 0.06964032243572656 8.89432573857665 0.060526154008187324 17.91142547908016 
1 0.050321987791348735 8.736231669667086 0.040537896937207774 15.213725269170641 0.06943669778415332 2.5529240545622223 0.06016921825168481 5.151064596842292 
2 0.05046853670664771 13.309587770724528 0.04080414704243025 23.041641086112687 0.06949031391830969 4.050286266962353 0.06024601376433532 7.9416648200862054 
1 0.05029196519655482 7.793886346931371 0.04048180109679579 13.576735657157931 0.06943259149114034 2.2131682006851103 0.06015302255752999 4.581443753718686 
1 0.05033791918000263 9.234658311517359 0.04056721453852717 16.076337677481 0.06943973584898223 2.711954751575498 0.060177742624077005 5.45057855318958 
4 0.05094980455503072 28.4357525121142 0.04165567602534261 49.35288454209753 0.06962570457612083 8.415529778850772 0.06049945540855637 16.95454405756189 
2 0.05064893386784995 18.94809667313813 0.04112644583186058 32.80420885035806 0.06954172728614834 5.694312439421993 0.06034202589878092 11.313655570733596 
3 0.050768388385631434 22.683071882569287 0.041338010662096546 38.68272715426933 0.06957521990654467 6.771543745782961 0.06040503566813584 13.545493979178621 
3 0.050700714852482384 20.508896586682905 0.04121756933564464 34.243513960629734 0.06955578474203823 6.1473889671302455 0.060368777481229166 12.273255042977192 
4 0.05090189792446594 25.53671988108379 0.04157160377190762 46.7801382327725 0.06961181226442573 7.9595964124840295 0.060473985056662516 16.040749018713274 
3 0.05066943959305588 19.185060316284584 0.0411634931421153 34.379168148599014 0.06954701599037552 5.865523900908998 0.06035238765664795 11.6955473857094 
1 0.05043295092522394 12.19311506592211 0.04074034491922053 21.667733599748498 0.06947993209619632 3.7172294304842546 0.060227133266993735 7.276107418912053 
4 0.05092739738950107 27.72674651532835 0.041617680589267146 48.11399705875802 0.06961944109472451 8.208613084134637 0.060487817282433555 16.530619918224936 
2 0.05047687607864979 13.557978594327327 0.04081919224113736 24.061898997483738 0.06949273031190331 4.127695813169649 0.06025045528554085 8.097657969158487 
4 0.0510580715570494 31.861154572386802 0.041844854365412756 54.95478198196749 0.06965698334742762 9.442571847343554 0.060556752169433015 19.023638425439277 
1 0.0503234515740346 8.781734162479427 0.04054060541557822 15.288419397628918 0.0694369176973422 2.5673531790216435 0.0601699927972294 5.178402354178859 
1 0.05037042273165139 10.026921763908357 0.0406266103538669 17.719874713441573 0.06945275380380118 3.07373989127009 0.060195085863988196 6.082089600736536 
4 0.05094615056436663 28.319152779342907 0.04164931309522228 47.98074146104191 0.06962465797346971 8.381424662844642 0.060497546529022804 16.88598324710269 
1 0.050277368927451736 7.331131834403523 0.04045380628859306 12.759456648123187 0.06943022521382844 2.0169278781333 0.06014497023177662 4.30136516493851 
2 0.05062028351425892 18.071141693616635 0.04107507010164506 31.65447612967343 0.06953347630231235 5.431215637464942 0.0603266960164369 10.782241208797197 
2 0.0504841931506793 13.767854271099537 0.04083199855248129 23.87094762933856 0.06949480466916055 4.194583584904089 0.06025430602276508 8.233574971090786 
2 0.0504696894690026 13.349356115893652 0.04080643429830908 23.556972384498444 0.06949058197768417 4.058584718543112 0.060246619778878616 7.963436600741692 
2 0.05055895542858426 16.14546749544514 0.0409660664632292 27.8129457817629 0.06951617142851275 4.877980563535468 0.060294173195005143 9.637675487551856 
2 0.05055339438594273 15.97769421913913 0.04095592064442557 27.002419664415235 0.06951459684397784 4.827112893205197 0.06029121520392985 9.53230590945642 
1 0.05040007320284691 11.160926333930744 0.04068031825476069 19.87428662195564 0.06946632089762218 3.3986106201325597 0.06021052721918887 6.654299305407809 
1 0.05041956245020053 11.788125924518889 0.040715969470714035 20.922347751871822 0.069474748362814 3.594820135009244 0.060220441238817465 7.023378575713275 
2 0.050551501141936614 15.90138990522586 0.04095290332879714 27.54879021314189 0.06951421520346644 4.814181194397625 0.06029031974622232 9.494582817252837 
3 0.050849410210757985 24.481059726826565 0.041480386831733676 43.07127069918268 0.06959735447291115 7.487573245781388 0.06044675998599371 15.051640386879981 
3 0.050714709903484124 21.02060181808584 0.041242961360851135 36.491700791053596 0.06955971417583487 6.2737138485670325 0.06037622408928121 12.537858742187002 
3 0.05081135762568376 24.0032694853774 0.0414142063791018 38.8525013666946 0.06958689363162074 7.1482984617777845 0.06042725303708766 14.352926180276105 
4 0.05089585972306887 25.9177775761117 0.04156285782427577 46.429490144654196 0.0696105443851 7.9176034139070826 0.06047130508532278 15.935104089349887 
2 0.05064975166929585 18.973666902285714 0.04112774123104408 33.316799610311314 0.06954193029547032 5.702225925884702 0.060342408740164256 11.329625764078024 
1 0.05039016325391865 10.861337220216914 0.04066255006938437 18.885341376439033 0.06946166012129766 3.293517180421253 0.06020541945748625 6.464099566294356 
4 0.050996031278204734 28.99233886895172 0.04173779708320905 50.48090319461085 0.06963929917889856 8.861215020295356 0.06052423419250522 17.841198837337828 
3 0.05077636742950723 22.93522981929892 0.041352737227303975 39.507932770238064 0.06957753000471091 6.845082541995642 0.06040924823235524 13.694669002893907 
1 0.05039096111876681 10.886314217769606 0.040663838534669705 18.92334627747132 0.06946219717736572 3.302698736701264 0.060205829614498864 6.479526151491848 
3 0.05080910930772048 23.914867374584787 0.041410118271751624 40.68298185353796 0.0695863830236192 7.1314978622606375 0.06042604457828673 14.301560304955155 
4 0.05088210034427012 25.796452426916527 0.04153720435508882 44.05219676488243 0.06960664999336356 7.790881443763477 0.06046407938989051 15.674986360208345 
2 0.0506082321950911 17.69720110987106 0.04105368547982863 30.96624454162041 0.06953007397297853 5.3235751917595255 0.06032028934119025 10.558506275832567 
1 0.05036030003090365 9.90393258625248 0.04060798527146776 17.683763111920253 0.06944814973621768 2.9549201810513948 0.06018966982900679 5.883863701921231 
3 0.05075388113179001 22.22695559777356 0.04131215811026615 37.102658417100265 0.06957115288296754 6.640589066386779 0.06039738552888596 13.274035301667263 
4 0.05096852395952463 29.01828446479724 0.04168578636775193 49.05558809803259 0.06963094743059048 8.588261679262853 0.06050928221677835 17.309900644078006 
2 0.05054037103836505 15.52929470636273 0.04093276234495989 26.559346507200548 0.0695108735341332 4.708805975210567 0.06028426138526991 9.288779511899225 
3 0.05073678824869636 21.688595864672873 0.041281336705334695 37.37031297377602 0.06956608366553814 6.4766230886012135 0.060388030883761566 12.947935316551062 
4 0.05096391165670465 28.87162981103752 0.04168118192846384 47.64139151293618 0.06962932025267106 8.533483455414691 0.06050639509034975 17.21511962515557 
1 0.05037593560915628 10.412717461795324 0.040636727977781735 17.96249480033266 0.06945527289775877 3.139697916905786 0.06019798862374528 6.189120080602362 
2 0.05049127681913903 14.030576285657919 0.04084477201552844 24.250412627159044 0.06949686803253416 4.260142576663485 0.060258090544459894 8.365175315169648 
1 0.05036396238289884 10.050206321016427 0.04061469474632771 16.929494186058513 0.06944943977457382 2.9918345334556715 0.06019166270843037 5.9536548755334335 
1 0.05031235070734559 8.198859823471187 0.0405209060539518 14.13323194103322 0.06943556159259426 2.4632209356969623 0.06016436592890913 4.981577822764021 
1 0.05045548577589824 12.892897100755357 0.040780400520060045 22.00025712853165 0.06948656300365678 3.93005509342345 0.060239077839124154 7.696487510103213 
2 0.05046758376244529 12.989004888934698 0.04080260710758182 23.551705321589388 0.06949001239163857 4.040759237953436 0.06024546600027875 7.923777002752663 
3 0.05081203096460015 23.99808891516027 0.04141565971856183 39.783221112026226 0.06958707246339127 7.153710883401959 0.06042757778115478 14.364116386274052 
2 0.050566473527522485 16.386392113577777 0.040979431553666804 28.197605482694865 0.0695183057673865 4.945588553798153 0.06029817492734694 9.777227323365796 
3 0.0508284472806879 24.52145708015747 0.041443820623550585 41.79585677502628 0.06959175858535582 7.306864912887353 0.06043614161330184 14.664474728993648 
3 0.05074656600272257 21.52048108172217 0.04129886596814716 38.503737240521815 0.06956882137880063 6.565705311235446 0.060393201212076454 13.132622036072139 
4 0.050975581059901555 29.241527717681198 0.041701654848874545 50.54005668635779 0.06963347996331293 8.66992704667384 0.06051351006774719 17.452433072743947 
1 0.05027368901964754 7.218680958405018 0.04044692233285689 12.456851869862735 0.0694293200150923 1.9439666873938861 0.060143082279023985 4.236065415519209 
1 0.05043295890270816 11.752759993249201 0.040738943090446664 21.634950100136713 0.06947970578121274 3.7154492920147177 0.06022687380187841 7.26326962910364 
1 0.05037849208006353 10.488332759761864 0.04064109293918012 18.2545646383492 0.06945639388915995 3.1673998051378165 0.06019930248970207 6.237774630497053 
2 0.050584782621080314 16.950303164923664 0.04101169761076296 29.847829181683625 0.06952333349018816 5.106935382346732 0.06030773279701168 10.11841479977026 
1 0.0504390139635693 12.357764273092224 0.04075080644068154 21.606498041916307 0.06948183735246811 3.7790076261557557 0.060230346853272256 7.38567499084481 
2 0.05060653645533396 17.63660038992206 0.04105082222402382 29.514842879228706 0.06952963431328396 5.308065724558643 0.060319441237347504 10.526343192218736 
3 0.0507288830796092 20.36262379584226 0.04126785969574863 36.67597077974931 0.06956357358686403 6.39836499623827 0.0603836810689948 12.803762118082087 
3 0.05078037303874132 23.059361907311942 0.04135866594127389 39.30974483577035 0.06957862045349536 6.880652127855714 0.060411350973694156 13.76897824455084 
3 0.05077268195146036 22.82060559523878 0.04134601333707928 38.11331255418516 0.06957612853687903 6.800733779590168 0.06040692825544429 13.620851080940099 
4 0.050882443853111706 26.25062359320005 0.041539329488491074 45.663019612828336 0.0696067245426995 7.794522367584231 0.060464212576175846 15.68170026671009 
3 0.05078595426524831 23.22005186600868 0.04136971104016083 38.35421479560873 0.06957946346458158 6.907761858878244 0.060413397280325555 13.863317600874206 
2 0.05063095492189142 18.352821824391647 0.04109473298261447 32.34248145149754 0.06953649167392545 5.5275281340200895 0.06033236761341476 10.982131686233947 
3 0.05075608402032226 21.6304316205088 0.04131571736865046 38.79788396214792 0.06957151347483105 6.651838322213689 0.060398240481188525 13.310142127165918 
2 0.05058745106454225 17.035128438729963 0.04101655420084586 30.009615960304842 0.06952423633740575 5.1367083280684325 0.060309331759433274 10.171690479520313 
2 0.0505776661830043 16.718569788323 0.04099921441464198 28.140653291768057 0.06952146574851999 5.04732510997516 0.06030404371478987 9.98321012190712 
4 0.050897072483083006 26.75835416636308 0.04156401516438948 46.4893835028069 0.06961046573474136 7.91692490204783 0.06047146114709294 15.951795523571317 
4 0.050977789297967355 29.24957923323592 0.04170400864153485 48.26461241040495 0.06963322627244191 8.661117319186022 0.0605136259416912 17.476533160474474 
4 0.05097477207481478 29.215631118294777 0.04170076671251405 50.06000522491929 0.06963325827410483 8.662688225209518 0.060513106382303415 17.437652623505734 
1 0.0504450540445058 12.53579742914233 0.04076141272039886 22.300989598250105 0.0694834806771549 3.8315774899206616 0.060233389627208624 7.497033119211368 
1 0.050262646755203644 6.867327186461073 0.04042598731020352 11.931963129157444 0.06942658614701132 1.768006822457392 0.060137414179459656 4.033936902557809 
4 0.05100492458400252 30.1801875349803 0.04175163948687945 52.18078808173709 0.0696413245313218 8.92889092551955 0.060528323940603035 18.002205470692868 
1 0.05039903235451624 11.139872514856041 0.040678740340627066 19.562902706327723 0.06946576759438267 3.3871010892376106 0.060209978652591575 6.633557627329052 
3 0.050694066185984654 20.311420176357494 0.04120558253619511 34.538887896153064 0.069554126149569 6.094064265907921 0.06036552997340856 12.152088490572392 
2 0.05049424992579825 14.071680154410862 0.040850351508670515 24.86971821628432 0.06949762770729415 4.284955544455737 0.06025970712526894 8.427161344028471 
3 0.050688536487049615 20.17612710877712 0.041196424647195265 34.905413603136495 0.06955261209222138 6.044003362728172 0.06036267827243643 12.049371054383874 
4 0.050874799392726044 25.28132359032326 0.04152444389095872 45.25613711802107 0.06960423638557436 7.712210932113891 0.06045984801583815 15.531402903035007 
3 0.05069920565544582 20.509051920158946 0.04121508305799001 34.330749232508786 0.06955558958113006 6.139652221767214 0.06036827052529188 12.24772371880373 
2 0.050607802571526396 17.638932612264675 0.041053020767514166 30.402334800976554 0.0695297712771235 5.313950109461265 0.0603198475527554 10.547497390203137 
4 0.05100284562058249 30.11110125197039 0.04174983278737379 50.39058896768444 0.0696407764878319 8.909031197656851 0.06052725050168177 17.9631066406201 
1 0.05035496846877885 9.770944692388067 0.040598346129767524 16.98981478712899 0.0694454732163982 2.8950001207031524 0.06018685020005199 5.7787435900727 
1 0.05030671119749314 8.260733898160451 0.04050939747978926 14.380656918277896 0.06943460620558908 2.402110644782971 0.06016102242690807 4.863429743217162 
3 0.05080368223866686 23.79147496930529 0.041400504148592567 40.550067503936965 0.06958515457239933 7.092219049641464 0.060423570667762085 14.205390168800568 
1 0.05025936099068697 6.762940447081631 0.04041974620316695 11.757501885300655 0.06942566119908652 1.6893174706913932 0.060135728314737825 3.975084487180605 
2 0.05048919364613408 13.929928226996935 0.040841043830050196 24.700480190978258 0.0694962310726859 4.240105055958768 0.060256973878843226 8.327123215733732 
1 0.05044215029098709 12.445503856083391 0.04075655493662445 22.14675985876252 0.06948276472997396 3.808131478540642 0.06023201877785678 7.4449398767891894 
2 0.05048232421276312 13.742954293446934 0.04082857319195696 23.19201266080182 0.06949438970615854 4.179670327899399 0.06025341951607264 8.196988755008316 
4 0.050886887210454534 26.444724520543815 0.04154543761350142 45.93851101042419 0.06960797010700678 7.83425276310537 0.060466574866632525 15.764625850495511 
1 0.05043615021228827 12.287927540665299 0.04074617694005444 21.32387721638394 0.06948093153994613 3.7508256867008947 0.06022885313578451 7.334389132549421 
4 0.05103833698033037 31.174025680426006 0.041810155517796085 54.101820733340176 0.06965076429596148 9.23897055914794 0.06054572330325986 18.636816707854642 
1 0.05025698704886746 6.688031654036668 0.04041523728946685 11.61748073969387 0.06942504505924142 1.6704802495859752 0.060134496179444344 3.930855852282426 
1 0.050331037623155196 9.020171529262601 0.04055453794383225 15.394260819399523 0.06943834327573996 2.641903586014029 0.060174071750545545 5.320992246884674 
4 0.05092335151761962 27.594944512259975 0.04160948359876989 47.67656157603362 0.06961829960891569 8.171568586916502 0.060485702865758696 16.45446097636814 
3 0.050701823844036306 20.569614703224076 0.041220442404132605 35.0776208705776 0.06955628671902485 6.16262850075335 0.060369757144092276 12.301180455152794 
1 0.05029329276547924 7.838375813872327 0.0404842884364829 13.545478156712823 0.06943272586805646 2.2241476660851522 0.06015366889781056 4.606837799241992 
4 0.051003569742751595 30.076277280608423 0.041749640879782515 52.19273509040213 0.06964051231863312 8.900620074806891 0.06052708204957463 17.96659514585005 
1 0.05033498845764032 9.14360396294752 0.04056190442370446 15.917126997150035 0.06943910442605801 2.68215475527927 0.06017618280736557 5.395355932484109 
2 0.05057030022896534 16.446717774764817 0.04098564018802833 27.618257827183243 0.06951929090286627 4.9771607579409345 0.06030002801442913 9.843282456824495 
4 0.050995439629968775 28.974031524633563 0.04173658781061072 48.902077626495945 0.06963877324241204 8.842067096830162 0.060523465376472366 17.821689416665603 
2 0.05058384378786035 16.929069039747766 0.041010735047210166 29.82115741752447 0.06952321332562414 5.103408727180776 0.060307387870047593 10.103170372649885 
2 0.05052764012874615 15.173672948312397 0.040910110839780287 26.62370838904057 0.06950726401914004 4.59281230753412 0.060277516629705805 9.050124818731778 
1 0.050305123998077426 8.207127186079166 0.040506282835132044 14.180735443982837 0.06943440487725303 2.3858316477040864 0.06016013363328567 4.8320584463703575 
4 0.05097036112625738 29.0189013412136 0.04169073725280077 48.91224863138028 0.069631601019408 8.607352219147142 0.06051030907394863 17.344516562362337 
1 0.05041938887904499 11.776143799086515 0.040715355847022454 20.43613303690262 0.06947425651183665 3.5895493086783987 0.06022034955033271 7.017947722556299 
2 0.05051782507808454 14.857390043447111 0.04089250599317361 25.99057470137165 0.06950452902607585 4.504748735694617 0.0602723231040439 8.865152730177744 
2 0.050510370186663156 14.594230686032386 0.040879062442213836 25.839754007918394 0.06950221357056424 4.432076802368807 0.060268177170002046 8.725228601147359 
3 0.05071925498703108 21.16273957276273 0.04125074776417549 34.55607822555673 0.06956103941619045 6.31479558936761 0.060378659658799474 12.622020310663412 
1 0.05036335665738116 10.002250249959353 0.040613513305889054 17.833181599061977 0.06944944087854525 2.985918234533276 0.06019122740576762 5.9427322949162695 
1 0.05025932096356149 6.762624956892845 0.04041974624820141 11.755304827648086 0.06942568812739873 1.729596003964641 0.06013571446797374 3.973775088670762 
3 0.050859760323526425 24.798084234874334 0.041498806431556456 42.64459205774711 0.06960093511233348 7.604498205872501 0.06045297882676295 15.25815469108179 
1 0.05038944887566714 10.835778135014888 0.040661208874131716 19.05177119353711 0.06946145891031723 3.286307487491565 0.06020504932252026 6.450417654925902 
3 0.05068453906358546 19.99836170484006 0.041190503553843065 33.20617502746928 0.06955156397423405 6.010090448429457 0.06036075533484779 11.984518394462118 
2 0.050614393966173864 17.888579650054332 0.04106514136413228 30.71288708058779 0.06953179627346853 5.378521997608493 0.06032354264751573 10.673111135918843 
3 0.05073049865015321 21.49867359019669 0.04127060511749423 36.2838477765457 0.06956424984491727 6.417906081731222 0.06038474504099407 12.83194699883182 
4 0.050963595853208074 28.26142467328599 0.04168039942011851 48.32379326139172 0.06962965690901464 8.542770611446842 0.06050671928409544 17.215118274480073 
1 0.05041468062689099 11.622470539025532 0.04070700080842672 19.96099878323053 0.06947273020522271 3.5460093785317794 0.06021793683288661 6.9306256702801745 
4 0.0508993388611923 26.830628770033854 0.041567537511553766 45.55486442845171 0.06961075487042251 7.926753771896 0.060472241664798865 15.988530797342595 
3 0.050834430626700775 24.017002582915342 0.04145408036550659 40.62776478632327 0.0695934957259789 7.361898290593413 0.0604393240183723 14.776698331386802 
4 0.05103617849191087 31.16517686587332 0.04180659383971023 51.75180761213282 0.06965026598529174 9.220109890679584 0.06054467635363529 18.59572496956997 
2 0.050637369664477364 18.60534686090609 0.04110634176834983 32.66402467262124 0.06953826249008994 5.585340030954572 0.06033571194704186 11.101557695144663 
3 0.05081154212032496 24.03392683537566 0.041414274362932706 41.899467813365675 0.06958687470019288 7.149243375321444 0.06042730686364058 14.355846429445833 
1 0.05043859353166019 12.131413653033153 0.04074998114017082 20.824762755746036 0.06948171366036601 3.775087121430051 0.06023013569447076 7.377799815720678 
4 0.051053066434418024 30.680682104236304 0.041835208986704855 54.82100541193421 0.06965493789766322 9.376272065712518 0.060553456037882 18.918528949536732 
1 0.05026292441374549 6.8793470542502435 0.040426593134530675 11.958927991837287 0.0694265690837264 1.7704497120417855 0.060137561626074164 4.041103025494044 
1 0.050410918926124135 11.504839498134418 0.04069995748680395 19.988235195325586 0.06947115403882924 3.508758623411649 0.060216032566595114 6.85983220587805 
4 0.05100262620444525 30.104678676389614 0.04174906032766903 50.876549335831136 0.06964069689086227 8.907658777206269 0.060527141193365316 17.959688699738262 
2 0.05058256026531076 16.8712724240027 0.04100790657567482 29.577413303084644 0.06952286771229022 5.091401236627137 0.060306653406859013 10.073892238643975 
1 0.05034686085302835 9.514745318085684 0.04058350507675414 16.027640925816094 0.06944231425359368 2.807261801802251 0.060182471949301174 5.621552709322475 
3 0.05073801404311742 21.728904353283667 0.04128387368258886 36.25428180535669 0.06956608278876981 6.478814317839062 0.06038838800895163 12.969766957521898 
3 0.050762206141148535 22.49284894405784 0.04132681114475106 38.355725649724064 0.06957352113490363 6.715959809917507 0.060401799626739326 13.429097475534581 
1 0.05028271857295691 7.503310333049136 0.04046405071054662 13.059872768990687 0.0694312764547536 2.0669384694063355 0.06014789153471957 4.403438350481823 
3 0.050711213529761746 20.902522701586726 0.041236524370135884 34.85783447078172 0.06955845648164577 6.233224615183391 0.06037416660085467 12.47034262829068 
4 0.05104182117676048 29.73707658737648 0.04181524385487449 52.972993530618304 0.06965125368021732 9.255642383671567 0.06054699869092771 18.69510602029512 
2 0.05054070472387114 15.540950826887642 0.04093326372592975 26.095352649035668 0.06951098815555914 4.711521489164314 0.060284471137447324 9.294365404379558 
2 0.05057994448950426 16.79521342885314 0.04100369241956284 28.243761478068684 0.06952215158988237 5.068621165566176 0.06030538281171906 10.031080916331558 
2 0.05060042742367922 17.43872910528011 0.04103929501203667 29.971273274424142 0.0695279080650627 5.253466495693354 0.0603162178521008 10.413147814688868 
2 0.05060199656462958 17.486695569015676 0.04104304398176881 29.512484985547076 0.06952836966759508 5.2676703550097415 0.06031706321833796 10.442939712502726 
3 0.05076553193976041 22.592393413901608 0.04132378196434408 38.055210471960706 0.0695742905759475 6.745548259062238 0.060403522378129335 13.491646994043787 
1 0.050298977471345874 8.013869958111984 0.04049477311046945 13.658742781178267 0.06943364324370478 2.2944640691512275 0.06015682288221913 4.7144222127830036 
3 0.050753568594347244 22.117773831128257 0.0413121787725652 37.17674762756381 0.06957110372288085 6.637726062032217 0.0603972345019841 13.267404779856989 
4 0.05088891037608029 25.70443569005638 0.04155020163991717 46.12367113656237 0.06960824009457553 7.842895334729287 0.06046725038914662 15.798289100937575 
4 0.050901298973655106 26.084863002883203 0.041571414674944705 46.759132820470874 0.06961162745664676 7.954683035107278 0.060473662006270024 16.031644993134286 
3 0.05072663651098806 20.703835822671444 0.041264538520468796 36.51963665829967 0.06956333853562582 6.38856418902223 0.060382836981115816 12.764200379197103 
4 0.051000320651731344 29.124920165094665 0.041745414342655066 50.598275510003 0.06964050593041389 8.900083641373309 0.06052648892523371 17.922944446216917 
3 0.05075757525223664 21.674127763724382 0.04131849166375314 38.58323232543785 0.06957189146658273 6.6648327017665405 0.06039897167394659 13.338361003080639 
4 0.05101727242391487 29.637122806966374 0.04177356587220632 52.954432834525676 0.06964481979270176 9.043251393418583 0.06053476180212976 18.236743041303093 
2 0.0505417006686857 15.613659208086485 0.04093511419298618 27.518078192811494 0.06951124709760714 4.721134649796298 0.06028497042328886 9.313869129528271 
3 0.05084736290047477 24.41874334056256 0.04147632097228652 41.52068808141914 0.06959710236453434 7.479606569971736 0.0604460765324097 15.01856174412996 
2 0.05061928525402446 18.039972776055905 0.04107363743708274 29.425189734987782 0.06953320963769642 5.422576630013276 0.06032617174641456 10.76387641722418 
3 0.05076568404902607 22.597315116820358 0.04133281245992848 38.55113167930385 0.06957446136234875 6.746986478570134 0.060403605225851434 13.494401453392744 
2 0.05059654133515157 17.316218805947877 0.041032781749224645 29.834506424038885 0.06952681395775176 5.219344235175031 0.06031415355078641 10.342236622055966 
1 0.05028242713944525 7.483987413277736 0.040463391616058345 13.028411711075876 0.06943118262380232 2.0637456910331937 0.06014769708376091 4.396437381073743 
4 0.05093521907993076 27.912637331609538 0.041631369354197846 47.26689130347786 0.06962208104828026 8.294589264905575 0.06049239305258989 16.686327973041443 
3 0.05086240422904793 25.541862131134614 0.041504763493005734 43.03644444807473 0.06960156256691911 7.625415066177226 0.060454381530863376 15.318071791112695 
1 0.05030134036286764 7.913113483575884 0.04049923262598247 13.991519193215893 0.06943397438063804 2.3498283066602452 0.060158125448871426 4.759964545034997 
2 0.05066712757802775 19.51696215852508 0.04115854957568484 33.30826383802889 0.06954642916769516 5.846687911562388 0.06035127402517746 11.655107362797235 
4 0.05098482124334734 29.534325366477674 0.04171725221305265 51.21593610012773 0.06963521989835855 8.726435426714525 0.06051729561149297 17.60975019556181 
1 0.05031744607244941 8.595951183520762 0.04052939500084043 14.956531557763432 0.06943623023085305 2.5047951126132375 0.060166729349109174 5.063791986456714 
1 0.05036624821133149 10.095124845623426 0.0406187421383032 17.05980814357107 0.06945076089073267 3.0213590999359408 0.06019281800292244 5.999291110047219 
1 0.05036987490662197 10.220291798442904 0.04062568543773513 17.67444630914406 0.06945249695823626 3.067997817117676 0.06019478979951833 6.071556874017347 
2 0.050473041829611875 13.44254667459821 0.04081236048390332 22.732783050416913 0.06949148925683431 4.086642887584652 0.0602483180045585 8.024924192736242 
2 0.050590688829696806 17.131538149524836 0.041022408516920385 29.32531553883323 0.06952515723330997 5.1649342532937945 0.060310947332492704 10.225238798811613 
1 0.05028382141051133 7.53834030533969 0.04046613912475388 13.11047610146531 0.06943148872483487 2.0767212603646565 0.06014850009222966 4.424514156758148 
4 0.05102326927205936 29.763633926049387 0.04178409320100215 53.239957217624806 0.06964653050893146 9.099748688440862 0.06053789664016993 18.350845910790337 
1 0.050366317020531556 10.097335509070021 0.04061904232792539 17.574811819808595 0.06945087685397339 3.0228558165098884 0.06019285593679584 6.00118044879695 
4 0.05098171648608139 29.43578966183835 0.041711448741632705 49.83063199281662 0.0696343260874451 8.698939229029207 0.06051566732643754 17.552916057886044 
4 0.05099789274719011 29.04900615636127 0.041741334929217874 50.69310271782597 0.06963981149318799 8.877132999280409 0.060525205156098216 17.876318502479187 
1 0.05033190460660743 9.047415718935719 0.04055613096383805 15.754020950149556 0.06943850439139133 2.6507223196027905 0.06017453286863515 5.337153900732508 
4 0.05098482124334734 29.534325366477674 0.04171725221305265 51.21593610012773 0.06963521989835855 8.726435426714525 0.06051729561149297 17.60975019556181 
3 0.05078516118392527 23.20790682842132 0.041366540884702215 38.520180587195526 0.06957933568431933 6.904465883642177 0.06041311695920944 13.848235700565146 
2 0.05058540942866664 16.970422959226244 0.041013494650618 28.405821826020862 0.06952368823740554 5.118029984534802 0.06030824704960067 10.132538146125011 
1 0.05038076931743416 10.34140444987432 0.04064529449067346 18.81840619255172 0.06945745425398922 3.1925373296550315 0.06020050094522167 6.282129256705221 
4 0.05088860000382547 25.69452076123515 0.04154938201533574 46.02733082895052 0.06960845736566931 7.851176152950278 0.060467468786114906 15.798529606226543 
3 0.0507742214050939 22.81520970315772 0.041348300043211605 39.90007061649317 0.06957689229712745 6.825670140840718 0.06040809865243295 13.654690390626609 
2 0.05049522594224805 14.091581655737865 0.040851733659810464 24.764747053371053 0.06949797739345047 4.2964600777736575 0.06026020437939021 8.441678772083204 
3 0.050769351953465734 22.709169966945392 0.04133949933994446 39.27161956161338 0.06957554759884328 6.780862556338751 0.06040556139467189 13.562935884881743 
1 0.050335500669871705 9.159382482059298 0.04056274766945197 15.949897004134021 0.06943919493637257 2.6872498016444877 0.06017644856893818 5.404521981925041 
2 0.05065234664485909 19.073452309966267 0.041132205235602376 33.42390662297553 0.06954243298359543 5.7192870311579345 0.06034360424316232 11.380378176341496 
4 0.05088122492990055 26.267933219435662 0.04153612442589481 44.290427685743374 0.0696067566800187 7.794329554217508 0.06046405225709376 15.66445951585683 
3 0.05073170176372359 21.53636148341303 0.041272784117138236 36.78424383440843 0.06956432837532725 6.422392630335773 0.06038505053459946 12.851407248099122 
2 0.050627575310392844 18.293433298139366 0.04108839954061803 31.403367456692838 0.06953530810761484 5.491355566968169 0.06033036821515686 10.916740285653207 
4 0.05105682122171903 31.759888992332368 0.041841324855460035 53.72330800150454 0.06965656816424225 9.430286488157194 0.06055605314257954 19.00057505357321 
2 0.050484543692780236 13.780598155742968 0.04083252551746373 24.44917505116112 0.06949489664627158 4.197928741083217 0.060254480478080165 8.24054681745918 
2 0.05062220628888733 18.131162420234865 0.041078665117505894 30.99296354165033 0.06953400302388243 5.448943331349757 0.06032769535190743 10.818921531079573 
4 0.050942561483410996 28.143460632470656 0.04164310107421379 48.95636398122265 0.06962327751979011 8.335224269509938 0.06049522680696071 16.8098038616347 
4 0.05090489477384243 27.008211422046124 0.04157688694091564 44.86785670451401 0.06961305180719529 8.000243394530607 0.06047598797393304 16.105116002604138 
1 0.050455201280086334 12.833959622253383 0.04077969283252775 22.841737845960587 0.06948638571914224 3.9243578324043207 0.06023874787172958 7.6848771430886895 
1 0.05043223090845772 12.165208999412465 0.04073889920596104 20.76465929271997 0.06947963467562829 3.7141906020712527 0.06022680064571254 7.2609747462611365 
4 0.05091104886666749 26.38061004133459 0.04158878385074384 47.274754754196785 0.06961439276065881 8.044882622946627 0.06047877162390397 16.215629044350138 
1 0.05041364782887041 11.589991029537474 0.04070491637497113 20.234999821319864 0.06947230882728735 3.535897079353929 0.06021741268275821 6.911093378048202 
4 0.050978744160421675 29.340609825159667 0.04170688959132944 50.770183660538045 0.06963387720752914 8.683052857522233 0.06051460485939582 17.503145524593172 
3 0.050742484244226005 21.871012392220287 0.04129291052271981 36.447413590997535 0.06956799594223709 6.537038552353723 0.06039141079023913 13.059518570275022 
3 0.05070028199471088 20.542477403979262 0.04121688074685122 34.462448908511384 0.06955566056210152 6.143273202846492 0.060368558109054525 12.265661020597364 
2 0.05048902352068678 13.932228016757843 0.04084089749340651 24.56679113462912 0.06949620460468664 4.239187621649898 0.06025690174559008 8.324534653561951 
4 0.05100245476366307 30.099503002871028 0.04174697162604123 50.97436166738055 0.06963974870826464 8.877643489857169 0.06052595535407895 17.938759777300543 
4 0.051007028010782315 30.247109278683563 0.04175531615059059 49.70317176366185 0.06964196176273577 8.948312962913452 0.06052943184407496 18.040597044158275 
1 0.05027202578576325 7.164285537615707 0.04044377119635417 12.213289837475543 0.06942892717831414 1.9302747461254324 0.06014225621854987 4.2055711493995585 
1 0.050399384583996135 11.151754381091374 0.04067924689070662 19.365549552432515 0.06946582297789097 3.389983767426853 0.06021017165395125 6.640164072629356 
3 0.050864329202298365 25.117058926087477 0.04150771787567401 43.78578653940498 0.06960208295135373 7.642229792696854 0.06045538994817597 15.354246218831918 
4 0.05095517556679369 28.59885367527782 0.04166505560512719 48.51996604250796 0.06962724155499687 8.46556310864476 0.06050231523031552 17.05737852784822 
2 0.050625778062591165 18.235645896469123 0.04108504523459973 30.589496964190225 0.06953499909560586 5.481122289888902 0.060329597008823566 10.885908175816384 
2 0.0505260023553578 15.12169400748597 0.04090701175969844 26.582975842460108 0.0695067787687748 4.578198257453035 0.06027661144796187 9.019755001390802 
3 0.050797621704348386 22.432676921308307 0.041389871081869464 38.22285041153134 0.0695834811878012 7.037014336129363 0.060420420241724546 14.091735328725758 
1 0.05031635891351392 8.560120987642836 0.04052754246914273 14.913007800749318 0.06943616768183686 2.4960446679165322 0.060166215805544196 5.043755325692933 
4 0.051031692582703105 31.026201211807244 0.0417979414696929 50.27982871140449 0.06964845612923494 9.161518138836064 0.060541707035434954 18.500905188112654 
4 0.051039814558498965 30.325764865700062 0.04181240861238929 52.49541941593024 0.06965071550200241 9.237962962681118 0.060545986082685334 18.658405647780494 
3 0.05072774216347642 20.785169942362618 0.041265798232859544 35.91000344817341 0.06956329761574773 6.388246215981552 0.06038310472871929 12.78218326643653 
2 0.05059883430573596 17.385919392829166 0.041036714599309985 29.076299865582513 0.06952761744908645 5.243185832829446 0.06031546590120638 10.37947520634844 
4 0.050883037189410577 26.323342178111837 0.04153991974993562 45.68769593876688 0.0696068999408056 7.799450106684428 0.060464542498513296 15.692493276404278 
1 0.05045022461173003 12.74725660129919 0.040770921404856476 22.576305166688083 0.06948513287881512 3.8836992403671844 0.06023633372461118 7.595474314160239 
3 0.050675219655528535 19.768945720745897 0.041172915820515694 33.394425121428256 0.0695488703957851 5.923933793610583 0.06035562306260689 11.800497052731696 
2 0.05059027898428168 17.118400446872464 0.041021550643923446 28.789939626508954 0.0695250489075657 5.161015204364025 0.06031073483511047 10.217472886303717 
1 0.050310040133965006 8.366180975918814 0.04051548571082033 13.64333303646743 0.06943509118480853 2.4343213252191567 0.06016281752472793 4.926013083113697 
4 0.05087672614129231 26.1254508552801 0.041529048375545705 45.40137723581104 0.06960548803162325 7.753370430772385 0.06046168264403652 15.58046820201722 
2 0.05050604618580816 14.417462875631395 0.040871306567971874 24.902700016886474 0.06950106115456303 4.394922659263814 0.060265963747004034 8.643971106110206 
4 0.05098680902535417 29.48123401708036 0.04172031088682547 48.809719237137394 0.06963574312712227 8.74497770421267 0.060518305702201645 17.64845412299872 
3 0.05083505606559554 24.037308210851126 0.04145477555644451 40.635516149143484 0.06959367025734309 7.367640996982146 0.0604396633252212 14.788489917366658 
3 0.050741635059626186 21.839002898976837 0.04129027328682117 38.00508604199365 0.06956770282332911 6.529523990208648 0.060390930618406446 13.044561169238463 
1 0.050274387235517234 7.238139643055989 0.04044821257901225 12.584902362114425 0.06942947814706471 1.9935413002640654 0.06014348019410548 4.248333433212153 
1 0.05033774718412336 9.229201311687715 0.04056693182269602 16.063882263458346 0.06943969201470876 2.710300215822083 0.060177653375646865 5.447304741806657 
3 0.05081964084754866 24.296040285540776 0.041428319736402666 42.34980837085972 0.06958964552636046 7.237503947802258 0.06043196447713674 14.505072578492355 
2 0.050605741726730616 17.61201752323675 0.04104931612603154 30.25819278985846 0.06952940532620999 5.30096526585393 0.060319024242087516 10.511891762619689 
4 0.05098595281265448 28.95638761226204 0.04171834411036604 49.59176043242037 0.06963516513199604 8.725081657985122 0.06051741747040658 17.62400739085133 
1 0.05042609307174271 11.978928275414685 0.04072758979922005 21.26988694772113 0.06947736417305014 3.6573490156483266 0.06022373666022034 7.144745588876677 
1 0.050455932575445096 12.893908593062443 0.040781457312684136 22.007680486703876 0.06948663170540596 3.9317608019893933 0.06023929944252655 7.70527961136487 
2 0.050573017897981506 16.542040974524177 0.040991194080137336 28.268840844026567 0.06952015441369035 5.005866273576041 0.06030164613398255 9.901251724023847 
2 0.05059886754932361 17.387443872537855 0.041036363498356807 29.29868504931185 0.06952743138079519 5.2390021500246675 0.060315255939296354 10.378379590466064 
4 0.05088142426338456 26.274318522983 0.041536918440830774 44.578485898480075 0.06960680927226898 7.79668981456401 0.06046415838282766 15.66950226454873 
1 0.05032999271743925 8.987710380171933 0.040552603451497936 15.65340314512488 0.06943815986558195 2.6314965106669916 0.060173516615169086 5.3014325560765005 
2 0.05048155435055596 13.42613568725966 0.04082753401524259 24.02019835725729 0.06949406796345639 4.169517889174482 0.060252884037110835 8.181918016104515 
4 0.05100817281663552 30.22459164117337 0.04175791642461811 50.085496848584555 0.06964224945800467 8.958469724148364 0.060530017406619716 18.06408787768106 
2 0.05053382523315161 15.367079233630566 0.04092065333858732 26.361235879744083 0.06950900319881452 4.64937695136455 0.06028077599124617 9.166006644205854 
2 0.050487307184255335 13.583796190043751 0.040837460485133405 24.526207026499673 0.06949571992478484 4.223040968512295 0.06025598856979377 8.291946666668904 
3 0.05068740123697311 20.159402256168562 0.041194020838901085 34.47403654765162 0.06955202292577349 6.027625992419461 0.06036185579727682 12.031659980801615 
3 0.05076930485903203 22.708674253145574 0.041339826307816165 38.14100509856518 0.06957549996047832 6.7796120244356715 0.06040549657026386 13.561148372677872 
4 0.0509122359717049 26.41921791534986 0.041590321374907493 47.363200162788985 0.0696151286523431 8.069062898499356 0.06047984301497748 16.24496957892229 
3 0.05069845048399117 20.485449500471535 0.04121347551014944 35.07749452590951 0.06955513992199466 6.127233850336161 0.06036758532352306 12.231912582634942 
2 0.0505484999081441 15.817454699475212 0.04094737262735798 27.1021590456882 0.06951320115515458 4.78365120681808 0.060288607819358644 9.441979152431738 
1 0.050342448544280397 9.37585419448622 0.04057549052260079 16.092384783172122 0.06944084464750688 2.758925516575734 0.060180166042332894 5.5361576070529175 
1 0.05042030665303184 11.770995841983899 0.04071725797323401 20.13223226271587 0.06947498908981774 3.5990674753920815 0.06022067302643923 7.037535232366719 
4 0.05102225960590658 29.791405284265625 0.04178204558528541 53.189241646571716 0.06964623914841875 9.090452244051768 0.06053735103260364 18.331324879959915 
1 0.050436502169688535 12.303936913820309 0.04074630748960457 21.840324423809427 0.06948109910200337 3.7559034048829636 0.06022907181972229 7.339423959369232 
1 0.050258166801443314 6.725522573079315 0.04041753941138219 11.690967263693127 0.06942533818231113 1.680135652854246 0.060135105022441224 3.953338281144906 
1 0.05040917405138397 11.415051146959414 0.04069699281559942 20.352941672176527 0.06947060289564444 3.4882072984177968 0.060214958691820294 6.825841818121205 
1 0.050425047913314994 11.961949079680839 0.040725852046351464 19.516281657289387 0.06947691810097631 3.64826233090981 0.06022323967559181 7.126488035880138 
2 0.05058866069280075 17.026972045548995 0.0410189463227072 28.706566626838043 0.06952460210001114 5.147073116873487 0.06030998689322135 10.192901543472766 
4 0.050927100708936704 27.71762644417929 0.041616417995286606 45.009946846742935 0.06961897930449643 8.193902795176333 0.0604872030216568 16.517793463900535 
1 0.05037311083684899 10.311823324632723 0.040631262592813945 17.942813689015125 0.06945376035049103 3.1044732585781167 0.060196331619937704 6.1319575221510565 
1 0.05030659447557526 8.253946450237105 0.04050921381175567 14.376212145722391 0.06943438535480088 2.402484802087328 0.06016097758404744 4.861451496042128 
4 0.050890621665493255 25.76053693970486 0.041553189800699476 45.966555004530655 0.06960902592241694 7.869340878284083 0.06046852368564226 15.836393803994582 
2 0.050634553831463536 18.495082045886935 0.04110019266350704 31.77361309852056 0.06953770732654067 5.565925164690668 0.06033442911336073 11.046436490112786 
4 0.05099048339546362 28.76589040341771 0.04172717797917701 51.53518271799764 0.06963683713079179 8.780990041826197 0.06052028624533927 17.71970017060545 
1 0.05039550504864212 11.019461157445075 0.04067208152239589 19.166187669587647 0.06946400754155743 3.349767557352674 0.06020819103052828 6.566540135230261 
4 0.05102295359181974 29.174385197242355 0.04178435744002045 50.117184034742266 0.0696465029425538 9.096225514478082 0.060537747831084024 18.34324568019697 
1 0.05033019639970705 8.993914164910805 0.04055299361394501 15.463726559782696 0.0694382960752464 2.633329224253106 0.060173604994578286 5.305479059333689 
2 0.050578878720244705 16.762291167006076 0.041001401175202255 28.594782373150384 0.06952183378480141 5.058655748642766 0.06030479632527743 10.010466618429877 
2 0.05064745501768329 18.90217165453418 0.04112330174963361 31.842797958693644 0.06954131172875357 5.681508557813511 0.060341236670388584 11.286529633142454 
3 0.05081190068317741 24.04539837316447 0.04141485008018821 41.70107639759046 0.0695870115465438 7.152198144371008 0.06042751679430658 14.361767738604817 
2 0.05048080487243711 13.70104044436396 0.04082596392371996 23.855496175561495 0.06949391449136355 4.1655036066002475 0.06025257098078409 8.168925382477715 
1 0.050326804641647814 8.88756750712606 0.0405467813830832 15.478196065170318 0.069437603901073 2.5983223440483956 0.06017177206161543 5.240416063873509 
1 0.05041354613286808 11.578541977681871 0.040704941929226204 19.788893199553097 0.06947248748901962 3.5324482014539162 0.060217222741181575 6.909874705440861 
4 0.050940884626389626 28.09166645912457 0.041640396915185104 48.797573995576066 0.06962363807016174 8.346749651642202 0.060495311518533545 16.792689193708803 
3 0.05070499884085875 20.707908582048947 0.04122549548462566 34.437438580112186 0.06955706513607436 6.187680137115243 0.060371183188218346 12.357357615912946 
3 0.05084689861359019 24.40243013781507 0.041475279594560974 42.816740969062394 0.06959694918929704 7.475494823831942 0.06044583316321643 15.011159259876399 
2 0.05047558994572808 13.521172756032097 0.04081675687797631 23.957403660731917 0.06949233790732898 4.115446987091213 0.06024974125608712 8.072898593705933 
4 0.05088525957703054 26.393365266960462 0.041543314238358796 44.45354348121985 0.0696075057009297 7.819533998700386 0.0604656829031881 15.735057468240058 
2 0.050623137032771895 18.13910552559414 0.041079842276402836 29.4572786620546 0.06953443754931096 5.460754289905785 0.06032839850820554 10.833215474591931 
1 0.05037197631000415 10.28754281490708 0.04062943719258559 18.326133306230595 0.06945347271450604 3.0958188894823344 0.06019589639233891 6.112224118489012 
1 0.05044688539943302 12.595483766907552 0.04076497498091303 21.865361884286234 0.06948417615563159 3.853149217266919 0.06023458240699246 7.533751166479793 
3 0.05079238653222127 23.437631339669924 0.0413800061804616 40.910000320466345 0.06958168252690816 6.98033686114095 0.0604172973266936 13.98982787714466 
3 0.05078700357044905 23.254561580076444 0.041371609438841835 38.74737764704394 0.06958051678534463 6.941977876473099 0.060414912439719894 13.897118046856031 
4 0.0508964594333409 26.7411845980826 0.041562500445849436 46.48031760212159 0.06961026835206585 7.910965361207282 0.06047108456378356 15.93983174672088 
3 0.05069308936990078 20.32756525171887 0.04120405399921532 33.82951063880788 0.0695538666613922 6.084577684993143 0.06036501990552743 12.133245943878714 
2 0.050659987228929546 19.292478232780276 0.04114428650349854 33.66101505978924 0.06954477430652066 5.794745692788183 0.06034781924098957 11.520661527297637 
3 0.0507591733115151 21.723433712701294 0.041322419139657285 37.04815667206612 0.06957266263150731 6.688870043182023 0.060400169527741666 13.372968101722876 
1 0.050416617128740224 11.691585701636418 0.04071035806537884 20.031869801900534 0.06947353431902314 3.5647741644023165 0.06021888871594274 6.966118059767743 
1 0.050432325448421925 12.17365161861892 0.040738798417520386 21.60561235382744 0.06947969092832247 3.7166669383472675 0.06022691453497427 7.261400377383538 
1 0.05042960240755593 12.098316452165394 0.04073371210544509 21.465875063558705 0.06947869016763782 3.6907213939734818 0.06022549408849849 7.209652284558771 
1 0.0504484459540297 12.639509696271091 0.040767458467340686 22.489972732044727 0.06948444081042593 3.8622506395613967 0.06023517111125023 7.559275037653154 
2 0.05057802695052762 16.728872962326772 0.040999872925843575 28.69142487235024 0.06952158996143117 5.050088510878753 0.06030425907741001 9.989109087256452 
3 0.05081837362568724 24.25680493352484 0.041426695646571234 41.24690311214316 0.06958931677869519 7.225862157048779 0.06043132947622516 14.480531598499619 
1 0.05035436020346458 9.747599717378579 0.04059741955364607 16.838611933146673 0.06944537690319735 2.8894371253731768 0.06018656727021576 5.767825034249492 
3 0.050717924877980894 21.121192041624546 0.041247900694213066 34.984512189729045 0.06956063506111246 6.3022368515406075 0.06037793957380897 12.597040349734504 
4 0.05090743483577337 27.03404371296577 0.04158320136514974 47.0806113963195 0.06961374367255488 8.023151823789183 0.06047727009844024 16.153237741483558 
4 0.0509146534918819 26.493249410783335 0.0415947619743883 47.4381200352911 0.06961584062761388 8.091177808283668 0.06048113942534979 16.289714297058453 
2 0.05050620589959141 14.476652129826737 0.04087181019306644 25.50532830947236 0.06950113633432017 4.397675287479197 0.06026607723005719 8.64862305755019 
4 0.05098773738264867 29.627895980315678 0.041721542046835695 50.090767601560245 0.06963598696762133 8.753802338925585 0.06051877181374412 17.666036342689768 
3 0.0507192135446775 21.16179049313562 0.041251604218458575 37.076232114155665 0.06956123451004885 6.321589456772324 0.060378902899271836 12.625796674322979 
4 0.050868706603150814 25.793202903455192 0.04151565951566793 44.96350010935483 0.0696030089903864 7.6720409259340325 0.06045728594171122 15.430096320453563 
4 0.051007028010782315 30.247109278683563 0.04175531615059059 49.70317176366185 0.06964196176273577 8.948312962913452 0.06052943184407496 18.040597044158275 
2 0.0504687263003337 13.309000290708529 0.040804630858670574 23.021986103308144 0.06949038027603696 4.052279337805354 0.0602461261513262 7.944933968608924 
1 0.050299967526086585 8.043864326302554 0.04049664911480333 13.748882921115547 0.06943376571141337 2.303916936842211 0.06015736024140592 4.7332842810020885 
4 0.05088626215781731 26.42493996614952 0.04154566049366719 45.521795973878206 0.06960783502060738 7.829295416657045 0.06046627025243421 15.753613160879102 
2 0.05050321752554101 14.356135884687731 0.040866082365025105 23.9089558241327 0.06950028105882705 4.369460742985366 0.06026445599854865 8.590311132895703 
1 0.050424510127144814 11.94513688049785 0.040724819209007675 20.705040244490164 0.06947678989859665 3.643083763122187 0.060222958255322215 7.1163588079245255 
1 0.05026740644130266 7.017890967671295 0.04043503014857152 12.196620631909852 0.0694277775350581 1.8473807833742746 0.06013984211572414 4.1206335313770825 
1 0.050310040133965006 8.366180975918814 0.04051548571082033 13.64333303646743 0.06943509118480853 2.4343213252191567 0.06016281752472793 4.926013083113697 
2 0.050542352185722395 15.635739449557814 0.04093631535991621 27.551980694682932 0.0695114283150459 4.726826433294831 0.060285314224967114 9.326110343572944 
1 0.05033644778152507 9.188954424992355 0.04056456172476057 15.94629890802069 0.06943939222467513 2.6971022104994598 0.06017696666124661 5.423034597896143 
2 0.050574583934192154 16.635976027811 0.040993965485566594 29.298867198776016 0.06952059356093825 5.020160466839458 0.060302479107523864 9.930562891482632 
3 0.05075794765460687 21.588072161556674 0.041320130196954165 39.101716449795404 0.06957229712307338 6.676690527489103 0.06039951048730605 13.349343771573157 
4 0.05099000343834605 28.809186911709354 0.04172652149469809 51.40477359069214 0.06963754377014195 8.804340385610935 0.06052105886420047 17.727203123013858 
3 0.050825851772872646 24.49168696761084 0.04143933322407537 41.14829005736304 0.06959102388896939 7.283142787958956 0.06043477702428433 14.615711467306863 
1 0.05044821772636535 12.676247467308205 0.04076757566366614 22.47594476216168 0.0694844434248483 3.862224941671065 0.06023517956268085 7.559736286359657 
1 0.0503513364756404 9.657448064657052 0.04059176093678589 16.788469169047225 0.06944409111962693 2.8565862272266678 0.06018492537889848 5.707709170381299 
1 0.05045361065976439 12.838752000449933 0.04077730421507593 22.76670438642288 0.06948599595170406 3.9119458715709343 0.06023805983613227 7.660829346410159 
4 0.05102902372206388 30.940436392669834 0.04179416332818414 52.32621888172982 0.06964765503672195 9.137125948201883 0.060540306551592336 18.45197292955379 
2 0.05048974351635936 13.95892886325068 0.04084208177149058 24.587267574779997 0.06949642677754733 4.2455585260738635 0.060257303378824324 8.337795619895273 
1 0.05034590812634128 9.485078458737837 0.04058180038623315 16.189445594464154 0.06944200342850702 2.7983323468315726 0.06018201806470323 5.603980420711267 
4 0.0508846069093122 26.318553174335676 0.04153997234559278 45.83725651142339 0.06960728911437886 7.813839395427948 0.06046535604806952 15.723044788370657 
1 0.05036987490662197 10.220291798442904 0.04062568543773513 17.67444630914406 0.06945249695823626 3.067997817117676 0.06019478979951833 6.071556874017347 
4 0.05095627751630307 28.637247038766457 0.041668266211157476 49.419060343603725 0.06962759817972329 8.475895277312144 0.060502904151103855 17.07718654101934 
1 0.05045992312989618 13.006263817531016 0.0407886939988157 21.82904628788456 0.06948781586177596 3.9704017767133495 0.060241412415985504 7.781000918257311 
4 0.050957816988559154 28.076511212741195 0.04167086143406177 47.259949900731954 0.06962764819152346 8.477459008782972 0.060503264439223194 17.09898730075009 
1 0.05037525681431909 10.385004916944627 0.040635201545364034 18.167758270542503 0.06945488013885098 3.1316127989000746 0.0601975789768414 6.174541175427228 
2 0.050609213831264 17.72609225157482 0.04105551324612313 31.161880635488387 0.06953016432799054 5.3266832646346725 0.06032059733169315 10.57426019725062 
1 0.050261332287308357 6.825341496173325 0.040423477518606074 11.858504584396627 0.06942623879336883 1.7574657362201482 0.06013674070244294 4.010094746645578 
2 0.05053314577481209 15.343919814500794 0.0409200093173603 26.333011392393484 0.06950883375288522 4.643705105645169 0.06028043008102725 9.153703442752187 
1 0.050404569839250665 11.314559934088816 0.04068876353888009 19.65948340514682 0.06946828095792043 3.444641930994848 0.060212820463586406 6.739721450979085 
4 0.05097968162304397 29.37080052634351 0.04170777880740145 49.36811275673292 0.06963369556054343 8.677569513060554 0.06051458884209522 17.51307767094878 
4 0.05095536504047643 28.604980248715254 0.041666994891219236 46.88508505383579 0.06962735554166709 8.46728421085405 0.060502446820108524 17.060128219215706 
4 0.05095706365847791 28.602983642648088 0.04166938176562787 48.40870759556034 0.06962736621894242 8.469777954931935 0.06050281396741887 17.08584285593175 
2 0.050615086067317794 17.910111858743168 0.04106643678541027 31.45548250819216 0.06953201743358431 5.384290094724697 0.06032394092375899 10.685049222224581 
3 0.05085955037843737 24.791668844948582 0.04149855062739351 43.43620834376913 0.06960089886972397 7.60323143996005 0.060452887096733424 15.25430943824845 
1 0.05044045861106616 12.444332281150631 0.04075357948440548 21.550357560497968 0.06948229918374502 3.7936806465151287 0.060231184309288754 7.415251653384841 
2 0.05053053645525167 15.257442208750252 0.04091503731407714 26.207909934722288 0.0695081122096898 4.619879423132435 0.060279076811842705 9.10519550037003 
1 0.050399546470543864 11.156840877940695 0.040679595780627915 18.558350199554344 0.06946607841551174 3.3922165669398856 0.060210242315483865 6.643269261235533 
3 0.05071750411978974 20.619495950295374 0.0412485533525503 36.4741158285808 0.06956096115116182 6.312312451538068 0.06037820713576747 12.593659854333243 
2 0.050474571831660674 13.480178923730818 0.04081472443870488 22.485266370513358 0.06949204310936238 4.105473492444256 0.060249179411068644 8.052392744934547 
4 0.05104257092246365 30.356312256410853 0.041816740742510246 51.382005025567686 0.0696515340071224 9.262773437901254 0.060547433413653005 18.708471274055324 
2 0.050560800740961157 16.206657878610883 0.040969121885623364 27.889286589903367 0.06951666587404746 4.894656322031932 0.06029512447948375 9.67182504220592 
1 0.05040289563044207 11.262237150027449 0.04068558686750241 19.083031945208536 0.0694675488808561 3.4274414479219764 0.06021196459540925 6.70747110171408 
1 0.05041530801052574 11.642229615159076 0.04070798816041218 20.32750042383113 0.06947289647392206 3.5513940748540493 0.06021823490288362 6.943122906362305 
4 0.050878721000821324 26.134243211729217 0.04153159016279124 45.5021217120071 0.06960606462909047 7.771348853044292 0.06046275206729479 15.617332972934188 
4 0.051018592644534067 29.677689786865308 0.0417772747058238 52.981963298653284 0.06964522884558251 9.056423013112777 0.06053544719775 18.261598433155022 
2 0.050598618762074374 16.957748560822058 0.041036260789938765 28.477495598255956 0.06952756360021652 5.241549881671397 0.060315359092152174 10.375605452068552 
3 0.050711096774508746 20.89839988678895 0.041237107355811584 35.33183334028264 0.06955875036525844 6.2412518075169645 0.06037437498890881 12.470834987539984 
1 0.05038777765517037 10.783249379804996 0.04065836716606848 19.191721733547066 0.06946056507207884 3.2678069129832794 0.060204187518080654 6.418052625900144 
2 0.05052784795869604 15.18016656665345 0.040910397076652186 25.47035435674341 0.06950733413389744 4.594912408968772 0.06027761958251878 9.053812884722705 
1 0.05040485316291062 11.315044264288328 0.04068913779953971 19.542715311977517 0.06946834469677783 3.446943663875129 0.06021297381802536 6.74517436608443 
2 0.05065106398236825 19.01457665826941 0.041129620530828394 32.37034482556432 0.06954212623947337 5.707862584626393 0.06034290734436763 11.351074788959599 
1 0.05031595195596282 8.54765521870244 0.04052671639161825 14.785079071036884 0.06943593823000989 2.492697221693691 0.060165982797747486 5.036468804527288 
3 0.050702491481750434 20.61271371318236 0.04122104275916597 36.132649907829816 0.06955651414658266 6.169004845892342 0.060370021577120535 12.308999995198699 
1 0.05045446041319017 12.816748968708817 0.040778673488764045 22.046558441414152 0.06948625293940922 3.9201150595128738 0.06023849869050659 7.676259839784308 
2 0.05063905672980247 18.631949158112423 0.04110863240840273 32.00410664804712 0.06953896486595776 5.6072459114485085 0.0603368166395822 11.131889297098727 
2 0.05058866069280075 17.026972045548995 0.0410189463227072 28.706566626838043 0.06952460210001114 5.147073116873487 0.06030998689322135 10.192901543472766 
2 0.05066031051787068 19.257916270613183 0.04114612927961207 33.71679295409562 0.06954490980358642 5.7971454502797695 0.06034801265125732 11.525808934124836 
1 0.05029845080030667 7.997728280655008 0.04049368993571021 13.914276931309118 0.06943357308644084 2.289283809966959 0.06015652986295905 4.7039909877055655 
3 0.050861488868272575 24.797504522740496 0.041501996758309456 43.542598150346585 0.06960146809271348 7.620459485199871 0.06045392203216497 15.289841304214239 
4 0.051031960429772594 31.031323057329566 0.041798953712641716 52.16766021517542 0.06964896483147952 9.180342539128716 0.06054242179656381 18.5162390567804 
2 0.05066712757802775 19.51696215852508 0.04115854957568484 33.30826383802889 0.06954642916769516 5.846687911562388 0.06035127402517746 11.655107362797235 
1 0.05037248306108645 10.292405118413376 0.040630173558114234 17.9342252797912 0.0694535390268475 3.0980581900286923 0.06019602121767622 6.120147762417519 
2 0.05065434168732673 19.108745401850598 0.04113529488559295 32.78997394346389 0.06954325744917243 5.743905218283631 0.060344911594125326 11.415562477627438 
4 0.05097195100755399 29.126181874196696 0.041696291000636335 49.23350251081155 0.06963248200686359 8.636528740287934 0.06051163229271559 17.3832653330589 
3 0.050807329304200156 23.440050700848644 0.0414066874583777 41.469317121317076 0.06958617690218635 7.125326398581366 0.06042549321545707 14.273766180908286 
2 0.05058822705436013 16.725372088500126 0.041018768237625694 29.919439886773983 0.06952440302785257 5.140556633212876 0.0603098099795874 10.189347513518808 
1 0.050319602492962155 8.634651330254158 0.04053458748762727 15.004925952664212 0.06943645221281144 2.5350416507773574 0.06016826094988237 5.117141384793792 
1 0.05033119897472317 9.025407094287463 0.04055475591400094 15.723373142890456 0.06943844545984142 2.641999158962554 0.06017408633334871 5.323842862834084 
4 0.050963004318520154 28.84332515113632 0.04167858478177007 50.030176045193876 0.06962947620473323 8.537875086413798 0.060506433499911194 17.204600559512816 
4 0.05090631189257798 27.053073475502003 0.041580169994967366 45.533609142223725 0.06961342776174166 8.013272397381549 0.06047669271463603 16.132173381635756 
4 0.0509130012489861 26.44275144241564 0.04159259894904253 45.38868258672761 0.06961536817773403 8.076530552108235 0.060480263982118296 16.259638119280837 
3 0.05071929655341678 21.16402934447835 0.04125089502603016 35.28141690161706 0.06956127313829326 6.322459137065286 0.06037895587907879 12.626674352914218 
3 0.05071142273663596 20.908619663515303 0.041237332797274165 36.601199910669735 0.06955883666850056 6.244144141479504 0.060374556460364215 12.476730081197994 
4 0.051040227968383235 30.33953081788091 0.04181313058874332 50.53586750861116 0.06965086387528627 9.240945933690188 0.0605461918008008 18.66370387262133 
3 0.05072081854415218 21.2113243058067 0.041254329164121764 34.99671175485504 0.06956168005910442 6.334776640660893 0.06037973648556163 12.654025140516453 
1 0.05029688316173142 7.776821955282005 0.040490762763812846 13.640481413374328 0.06943353680335095 2.2735701601296032 0.060155695917446794 4.673542290809197 
1 0.05027912276563566 7.386251325187734 0.04045716691792622 12.602399915147737 0.06943066975664483 2.033839382660507 0.060145929966040165 4.333950475962135 
1 0.05027417766014484 7.204387317765997 0.0404478685806859 12.57949876538002 0.0694294875844194 1.9922448363302305 0.0601433874445645 4.244180781501839 
1 0.05041796853439249 11.739595754622165 0.04071276560586898 20.38065628198813 0.06947409544743752 3.5793082359180763 0.060219631667345196 6.993432791747975 
1 0.05029889693951887 8.011175303584125 0.040494583057439505 13.843734556740472 0.06943359617103853 2.292697405462935 0.06015672922475331 4.71250134866334 
3 0.05082769081019284 24.498209455520772 0.04144202088878794 41.79787013009661 0.06959152519326471 7.299487262618049 0.060435723335388644 14.649812513458238 
2 0.05064798726835597 18.91868024132608 0.041124488546230555 33.21274745792759 0.06954144380960965 5.6864919448910225 0.060341509956407344 11.29701509882509 
2 0.05064269948136002 18.72127165891616 0.041114661998933995 32.141426051775525 0.06953981921668166 5.634698881342482 0.06033860121973542 11.199586388504292 
4 0.05102056301929599 29.67981085336597 0.04177906037652831 50.25485425161422 0.06964580764292486 9.073966995169616 0.060536499726633566 18.297526091029916 
3 0.050677728732678715 19.846316081605025 0.041176824733478876 33.95932216256579 0.06954936851309734 5.941259772245582 0.06035673175948854 11.844839026285715 
2 0.050624827210720924 18.214056285053992 0.041083473351046076 31.107316183068086 0.06953474718481752 5.472022563723398 0.0603290844505975 10.867190789909241 
2 0.05047731706877049 13.293557891251393 0.04081953874678108 23.520041374831457 0.06949280883438774 4.130435378567734 0.06025063337346363 8.104139258260142 
3 0.050685077544980826 19.632387028999116 0.04119085747318127 35.067973935891075 0.06955123424404855 6.001667936431737 0.06036049159807759 11.987985036124991 
1 0.0504337369275509 12.233598839309268 0.0407414753683865 21.564942984298945 0.06948021101505633 3.7310842631154224 0.060227681604693675 7.289168418898482 
3 0.050732859598714694 21.56129250853591 0.04127520376513459 36.37364852875917 0.0695648995404948 6.439290357397409 0.0603859741234742 12.876527955443567 
2 0.05057387973171198 16.249672560513485 0.040991978915937304 28.60139075129908 0.06952041559407404 5.0134781700791695 0.060302127047956657 9.916582576848498 
1 0.050307666274963504 8.288173965980448 0.04051106873302036 14.388434387953478 0.06943501731724111 2.4113807218302883 0.060161584863459794 4.88020477849011 
4 0.05093185124972184 27.860444062884046 0.04162565323640135 47.20803647685059 0.06962108733152093 8.263911046401578 0.06049057617159812 16.623639530475423 
3 0.050774643690467046 22.83239414261388 0.04134919719885993 37.98360188706423 0.0695767510470582 6.819916261058535 0.060407993101885035 13.656951356792836 
2 0.050507175967784576 14.503738334436312 0.040873300763005105 24.26452800215249 0.06950144120083647 4.406680774482508 0.06026663291294543 8.667259090592502 
4 0.050964179338203394 28.275288332714318 0.041679824053299806 48.89601723180827 0.06962940021496478 8.535985513722299 0.06050655470288242 17.21896091178998 
1 0.05040114933498394 11.196197043491082 0.04068268918691613 19.33126640066695 0.06946678046675885 3.4097578777110646 0.06021108706506555 6.675066856635761 
3 0.05081151595344087 24.008451749904445 0.04141430251068194 40.25342195742122 0.06958688789299439 7.14939522833645 0.0604273193535507 14.356543797400628 
2 0.05047787826140937 13.551672777232648 0.04082097898869457 24.097547192844708 0.06949300384854414 4.13685116013567 0.06025098228707314 8.116750443057672 
1 0.05039433434914551 10.988744351927968 0.040670360581844735 18.844801942605102 0.0694637360199739 3.3383161296253987 0.06020758227733965 6.544184055624927 
1 0.050267805494022835 7.028769179946236 0.04043569988031184 11.988268648844755 0.06942781837291477 1.8511467449000993 0.06014001877351821 4.128062543516717 
4 0.050875644610792026 24.815066960495162 0.041526636585958565 44.06176692583873 0.0696044406211703 7.719802744334631 0.06046025003369284 15.547681990424312 
3 0.05073215483027575 21.550503964800008 0.04127347172390492 37.72988831788248 0.06956476764536039 6.435893033494082 0.0603855818825082 12.862933733807207 
1 0.05034937481513031 9.59623620269754 0.04058819095548739 15.744657125528315 0.06944328631957236 2.835255375051286 0.060183872633433236 5.670468097646948 
2 0.05049830365962127 14.243927045155456 0.040857029297227364 24.631344844329753 0.0694988762990824 4.3246857748256735 0.06026185066710619 8.498542194620017 
3 0.05079252782431691 23.44393441970458 0.04138101909486713 40.766609563505696 0.06958201150458562 6.990393439218894 0.06041772240817615 13.996982396414342 
3 0.050749194223451886 22.08536631652413 0.04130301564666604 37.67415398603937 0.06956902511379184 6.5733130956416685 0.06039394358046866 13.172744225803907 
4 0.0509692743598754 29.040167286841815 0.041689512487909336 47.84345100592104 0.0696312515335136 8.5963806545499 0.06050971031922471 17.32347670693418 
1 0.05029563119849941 7.912707062983449 0.04048858889336746 13.764756929326362 0.06943306185703783 2.2457097017391 0.060154923670849056 4.651001314361759 
2 0.05057376756744665 16.605131341302485 0.040993071395604694 29.298865752344533 0.06952026933060573 5.009280448535816 0.06030209094075277 9.91902511972217 
3 0.05072047741104289 21.201095117677333 0.04125255318274031 35.163031978897365 0.06956133663380311 6.325881048530361 0.06037925890194381 12.645499274319203 
4 0.05087739809659429 26.143952923575636 0.041529411754568556 44.79935008809066 0.0696053094684621 7.7478559748400855 0.0604616177441234 15.587284188887457 
4 0.05091658157361938 26.552378991681497 0.041598592846715146 45.00513372390471 0.06961603784782638 8.096675716792483 0.06048169971062293 16.318696122625795 
1 0.05034532074694502 9.466857591599823 0.040580779593225424 15.938672650754512 0.06944171726611444 2.7914621105965702 0.060181682990204745 5.591408174947435 
4 0.05105243682489995 30.721206254314204 0.04183459855372795 53.32533426756771 0.06965475408771528 9.370511232680567 0.06055310401574236 18.906465279716524 
2 0.0505495633810098 15.459562706821862 0.04094907841100055 27.33483282474615 0.06951352185807472 4.792695216139833 0.06028919277681283 9.461222581443776 
2 0.050666960641132006 19.510442426933274 0.041158723865078656 33.838841914345075 0.06954661242378392 5.85183973102083 0.06035144419322004 11.655369035991203 
1 0.05034993095427894 9.609782277049609 0.040589196452379066 16.286666241393444 0.06944341356398591 2.8408922432196086 0.06018415803684344 5.681581216021769 
1 0.0502919329584126 7.792213549002031 0.04048176024830595 13.31111384443632 0.06943258332495914 2.212783085690159 0.06015299998673167 4.58066867138387 
1 0.05044037636636702 12.440919867991466 0.04075340043611987 21.528820668527192 0.06948227496855613 3.7927739837317027 0.0602311360101187 7.413431502421295 
4 0.05088993532874175 25.18411049490546 0.041551784650237907 44.923515487143426 0.06960885836976471 7.862250966700799 0.06046818099487179 15.82238172370676 
2 0.05060917601326655 17.724282590174873 0.0410550677357349 31.19817424049442 0.06953015207417809 5.326217825787403 0.06032057775657784 10.573338716731332 
4 0.05092013969330098 26.087892653121674 0.04160522844857129 47.783651561757175 0.06961735552812895 8.141036203073508 0.06048397990428156 16.393726867794825 
2 0.050529507940142014 15.2253323150499 0.04091319708531032 26.64284872092792 0.06950781681030391 4.610125533912155 0.060278536998655805 9.085520848170793 
4 0.05099973030204621 29.1061546327089 0.04174302742075329 49.784335899253534 0.06964032243572656 8.89432573857665 0.060526154008187324 17.91142547908016 
4 0.051019339041580535 29.641988328557694 0.0417769548398614 51.601868139720054 0.06964500540831488 9.048735950161419 0.06053533530523382 18.266657329228387 
1 0.05034461858564156 9.44492990078334 0.04057944787645904 16.433583529337763 0.06944147856510548 2.7833949604258303 0.06018129974953283 5.578213017902703 
4 0.05093243857147363 27.823955698229963 0.04162547072040439 47.297758466221694 0.06962125615155498 8.268090201395243 0.06049089251753335 16.632867424715933 
3 0.05069023662304637 20.248141638699007 0.04119917385432906 35.506492336211366 0.06955283978666076 6.051861924220582 0.06036338812102747 12.08330538038036 
4 0.05096766333400221 28.990758551079672 0.04168652174514177 47.908365483028454 0.06963080307744064 8.580999742273365 0.06050885143087605 17.29226884985321 
2 0.05047383677057782 13.40907143757696 0.04081392474534281 22.774007964818566 0.06949180229865129 4.097477278542135 0.06024874170566778 8.038452643182966 
3 0.05077393766837888 22.858521249662356 0.04134802003766471 37.89636228058795 0.06957655646581558 6.813424265296514 0.06040762213661212 13.644062466139564 
2 0.05053153795226909 15.293705584106192 0.040917155884099936 26.364593163942097 0.06950836479771143 4.62895081560271 0.060279554548752015 9.123387123425132 
2 0.05063444388038317 18.49191184447843 0.041100673002964536 30.86170561688873 0.06953766502700713 5.565468361578424 0.060334371771419794 11.045862233747147 
2 0.05055077669236892 15.885858771890963 0.040950779900488773 27.35140491738814 0.06951383827360602 4.8028215802625995 0.060289732741687474 9.478068884519057 
1 0.05036354624316901 10.037155265830416 0.040613940028942204 17.45436466911344 0.06944927037151062 2.987511853686402 0.06019144594803681 5.945798752943999 
3 0.050686303596678715 20.12585035128307 0.0411926370394405 34.33323117170185 0.0695517514504467 6.016820642669716 0.06036131428699572 12.010247326834213 
1 0.05030937619463238 8.345303728787338 0.04051419910358232 13.896185121940395 0.06943516542031382 2.4272879738833124 0.06016247140731259 4.912777917727368 
1 0.05035806343857154 9.830251609432418 0.04060418608569106 17.157199798608865 0.06944718187923515 2.9291229387818047 0.06018838571903048 5.840165459917239 
2 0.05054923595560705 15.84054126477064 0.04094873843710916 27.815266508241173 0.0695134262245081 4.789815519616008 0.0602890135130192 9.455161193035693 
1 0.05027846973672214 7.367230591581327 0.04045593143592892 12.715068400650102 0.06943046987018267 2.0278380693957456 0.06014560815015372 4.322244056042957 
4 0.050926561718710704 27.6451548770962 0.04161515058598096 46.811124180124935 0.06961919349786723 8.201019935449281 0.06048737265171743 16.514403449705917 
4 0.05105788816411615 31.854236366750012 0.04184458931521774 53.80207395268053 0.06965693013165383 9.43995606341114 0.06055663765039815 19.019175229315444 
4 0.051020826606409594 29.746571414674168 0.04177946665098457 51.73650892411264 0.0696458776263319 9.076164700690786 0.0605366445235857 18.302442750982642 
4 0.05105467682051905 30.729320474267702 0.04183920527331266 54.89319866273663 0.06965547667781034 9.391905396129621 0.06055431440675942 18.947033236682877 
3 0.05069172737198276 20.295014092087648 0.04120210841836008 34.74877452043596 0.06955314822978591 6.060581410588371 0.06036418635077177 12.10995608083071 
4 0.050934101074780344 27.876967420377195 0.04162936822571988 47.29092730746791 0.06962175708638636 8.284513510364366 0.060491803626492466 16.665310668326534 
3 0.05073584643739291 21.659063822697345 0.04128065359194325 37.86334217398979 0.0695658062128123 6.468724872524229 0.06038751560191456 12.930949637709421 
1 0.05035874808074366 9.888573291484414 0.040605324928132326 17.18362543176297 0.06944718559083356 2.936102113819095 0.06018887651261442 5.852117456032349 
4 0.05089175785577936 25.795258728103683 0.04155462658628942 44.73820828862654 0.06960936864458352 7.879221498299595 0.06046913622458157 15.856974374483041 
1 0.050365672501299655 10.087620626269478 0.040617936397690554 17.572927499703866 0.06945049165755972 3.0156648147785563 0.06019254285312373 5.989475362081043 
4 0.05099872253571934 29.072174850234187 0.04174234844541912 49.25146723571375 0.06963969403099382 8.872466996119556 0.06052517630734453 17.88415528795297 
2 0.05056971521770871 16.480698887586517 0.04098555582327621 27.714424374771472 0.06951924602154466 4.975543968169321 0.060299920172490404 9.838949580776383 
2 0.050525854194993114 15.1177945069151 0.04090673522928312 26.694940493121486 0.0695067575214656 4.576300645648891 0.06027655329685218 9.015957255250289 
3 0.050772200280659485 22.805301615188753 0.04134409750591193 39.80368156470895 0.06957602314484154 6.7968951109191496 0.06040670410455501 13.611067865429945 
3 0.05083249472166842 23.957798917135896 0.041449969608012636 41.14001580394049 0.06959292392114791 7.3442892747123025 0.060438310396544334 14.74045423370113 
2 0.05046436660175346 13.166926986628102 0.04079651000642815 22.314217363751908 0.06948912983191455 4.0123100944182655 0.06024379290190942 7.863048590024421 
1 0.05039038056816597 10.868165949142044 0.04066296405009358 18.88532674984547 0.06946170950774724 3.2953642455260725 0.06020553316435068 6.467958830231669 
4 0.05089117395376428 25.773427563474815 0.04155371574118243 46.14988536990601 0.06960917973683893 7.874928460162325 0.060468814115883195 15.847096579697729 
1 0.0504340249810586 12.242827661569304 0.04074207154935892 21.711156743841965 0.06948032118106744 3.733722710499735 0.06022782757294258 7.294750591742714 
3 0.050848667743547106 24.45861206560005 0.04147855462079112 42.9403563504482 0.06959709262793415 7.4801563966965805 0.06044632573887694 15.037616764425564 
3 0.05081439791115615 24.04493247412814 0.041419267578766905 40.96377422720981 0.06958771399914118 7.175514878132122 0.0604288311135612 14.40974513738242 
4 0.050961206036714654 28.78562068913045 0.04167747229477573 47.860650238794335 0.0696290018591347 8.521223383304882 0.06050548939647289 17.170300309450248 
1 0.050288800060607264 7.693655354409806 0.04047578323094412 13.392908850852573 0.06943213364034252 2.1689024424416337 0.06015128023558305 4.520734056615934 
3 0.05072290970311072 20.63349959024432 0.04125771798943023 37.18575956653423 0.06956201864820777 6.347669062435089 0.06038056217237738 12.69169842845189 
3 0.05069525351192285 20.39418528156578 0.041207836529293836 35.58561746780824 0.06955446009624824 6.104597400632211 0.060366144266920906 12.174026420736547 
1 0.050440539300947586 12.19935224276772 0.04075385008972367 21.166000435521113 0.06948232803341323 3.794251797109785 0.06023122963518256 7.416542127809518 
4 0.050979168755270955 29.296669738014145 0.04170720557587546 50.71518696273065 0.06963404360753371 8.687396377944697 0.06051485444681938 17.510008620101267 
3 0.05068175173767773 19.981676386651902 0.041184964912548395 33.303303618463 0.06955071169218993 5.982805232120218 0.06035918326804911 11.928346946497483 
2 0.050541413175853825 15.602806435079605 0.04093464048132327 27.241615563251003 0.0695111664033463 4.718618439601711 0.06028480621741237 9.308355783126599 
3 0.05080958772807864 23.974911862085385 0.0414117812880259 41.41561173726986 0.06958636908685178 7.132170122851685 0.060426293481855506 14.319803366699457 
2 0.050591627527704165 17.165566084276428 0.04102350369819768 28.03016516643271 0.06952536001046809 5.171616891948313 0.06031140170840177 10.243082346406691 
2 0.05051433484930584 14.702673666508542 0.04088598467212319 26.058056957947564 0.06950341283009112 4.470241963466465 0.06027032074065412 8.797531311718865 
3 0.05085170164882859 24.552598658567582 0.041484592386959666 44.087533050641284 0.06959870894745565 7.53070461048753 0.060448815482174935 15.106548636275567 
1 0.05046245281186536 13.123274448532872 0.040792907600533015 23.107130644397117 0.06948866401099549 3.997067089300873 0.06024284345980062 7.825119256869496 
2 0.05062096596802897 18.092563444641137 0.04107672048959911 31.768239410063387 0.06953365615681449 5.4379482203939435 0.060327047042844285 10.795917894794908 
3 0.05078679326130957 23.248134895350713 0.041370356481793616 38.72829330308901 0.06958016903903053 6.93042960670193 0.06041445621694216 13.886985946345215 
2 0.05056161201369232 15.916468794280217 0.04097098433149214 27.963890443800615 0.06951693153197801 4.901469102397364 0.06029558932515291 9.686419249430408 
4 0.050936062980667995 27.99486802676221 0.04163319602777638 48.61354181189321 0.06962227304364525 8.302698221006716 0.060492781506028284 16.703675851764597 
1 0.050316156089040075 8.553986661304762 0.04052707011082441 14.897906932635852 0.06943595793292426 2.494645758405926 0.060166090208298814 5.040298855896802 
1 0.05044239728199158 12.387203123988073 0.04075601045108821 21.89549031416069 0.06948259119053549 3.8029749978902183 0.060231771368149466 7.439288820002839 
3 0.050776288240789655 22.932861133231984 0.04135216868135552 38.95113092105997 0.06957746223185868 6.843875011140329 0.06040918721654098 13.693724171092004 
4 0.0510462268016495 30.529420811965554 0.041822918303490095 52.44752427291125 0.06965255774566506 9.29718008441642 0.06054934508645891 18.77872699610061 
1 0.05040018859746859 11.16457054985884 0.040680620729241154 19.784377724792698 0.06946636134399699 3.3999160615149515 0.06021059296171368 6.6566873601345575 
4 0.05091222078439041 26.363108221054166 0.04159040128917598 45.29670292420339 0.069615161978492 8.068445182427547 0.06047985400144699 16.24337676487658 
3 0.05082971578004978 23.872410574480295 0.04144617093664201 41.0419447596242 0.06959217060291148 7.319058373197073 0.06043683958265561 14.687944050767161 
3 0.050866691495006854 25.7295656086211 0.04151223181355731 44.902923128227826 0.06960240157753009 7.652975885987816 0.06045619558792592 15.392482921585843 
3 0.05070279936732293 20.575357899057494 0.0412216704864223 36.163348022734695 0.06955660348900472 6.173338726764727 0.060370160876321466 12.316001268538376 
2 0.05059094786074016 17.096985069292437 0.041022634357746265 27.696815952429215 0.06952523085615804 5.167036107450328 0.060311076951058896 10.22992816945302 
2 0.050661459945078854 19.3383775495517 0.04114813973212371 32.54926474093273 0.06954502290277219 5.8008909977529015 0.06034835958524738 11.543934414600406 
4 0.050996549672473614 29.008841667078855 0.04173897919242427 50.55740066871229 0.06963945160563152 8.865602985633576 0.060524522446828447 17.851589209009738 
2 0.050505401918526524 14.44871056100103 0.040870145771806636 25.597439568517053 0.06950090044014523 4.389701811593136 0.06026564833535649 8.632806951784989 
2 0.0506508636488203 19.007545855412197 0.041129323864403336 31.72745187277628 0.06954227374251495 5.7123366162421805 0.06034305018555035 11.350346026130943 
2 0.050541276796390734 15.598535844023683 0.04093427177189733 27.485183530365823 0.06951113613839383 4.717562529724982 0.060284758032899934 9.305996766092301 
3 0.050828973095645325 23.849449797653293 0.04144426894190673 41.83389423720301 0.0695919163313479 7.312336583210741 0.060436422640199536 14.674504353654743 
1 0.05036770126435937 10.140321597326055 0.0406214376458199 17.67924130346854 0.06945146361663654 3.043366993037139 0.06019359725724503 6.027721237706372 
1 0.050443384783346236 12.530487827682185 0.04075893185355611 22.238267448499357 0.06948315920459594 3.8211121620630144 0.06023273351781141 7.470803286721261 
1 0.05032227505509172 8.74513923301968 0.040538527713992786 14.921607278461085 0.0694367525856304 2.5558251945632504 0.060169373733022516 5.156598286035495 
4 0.05093206265296808 27.867749922451914 0.04162601107018301 46.24486508276839 0.06962113342981899 8.264893391953668 0.06049067683414896 16.627347776520775 
1 0.05044746222418419 12.629922237152012 0.04076599921546668 21.173462165805667 0.06948422091327791 3.8552779687354146 0.060234749641639565 7.544776721871915 
3 0.05067367947335579 19.730905553009094 0.041171209821235545 34.630463793317546 0.06954843890264283 5.911305492628016 0.060354913157433965 11.779464750354183 
2 0.050620022594433565 18.062813538641016 0.04107135257659615 31.696026701465588 0.0695333235989492 5.428600478328666 0.06032655593609824 10.778204067192378 
1 0.0503562039368343 9.806197310265897 0.04060074456498523 16.406089487721356 0.06944610708574796 2.907792698537011 0.06018748507732892 5.8029246884308066 
4 0.05097321468925446 29.166004196332523 0.04169780865136596 48.979019969158166 0.06963282707868587 8.647860629989143 0.060512275783858704 17.407182684994893 
1 0.05028430149257723 7.554044769085652 0.040467044298224876 13.148810033076225 0.06943155223470036 2.080421010446959 0.06014872730209211 4.43372800200521 
1 0.050398606902309274 11.126269718754818 0.040677860062295554 19.78849488159846 0.0694656364645762 3.3830910037522393 0.06020975882508443 6.625844888319134 
1 0.0503220697105193 8.738807563759273 0.04053793067927573 15.21010134539181 0.06943688167507137 2.551334911003868 0.06016923225620184 5.151472268499123 
3 0.05071066502385531 20.884996156361325 0.04123543385328188 36.57438074562519 0.06955858085355386 6.237408810939904 0.06037411064685931 12.46303841617066 
2 0.05060644352697996 17.63243014349019 0.04105086458921019 30.45492994375424 0.06952960690963622 5.307413734971392 0.06031939553831871 10.524965041295685 
3 0.05073810078248301 21.682644361834328 0.04128453799083239 36.93834627682571 0.06956647897390833 6.489837978540014 0.06038875488165572 12.974491106261192 
4 0.051038131252825615 30.58080658034273 0.041809143999117795 53.62173595800702 0.06965076222243134 9.23792047623628 0.06054566486651882 18.631964249324845 
4 0.050868868174792456 25.798352329012392 0.04151445781033719 42.869932015851035 0.06960300409781064 7.67346711239924 0.060457339350570335 15.43350161786081 
1 0.05039249593468873 10.933290862047873 0.040666637412761796 19.4606203156797 0.06946280359562677 3.31856279750144 0.06020660488540306 6.50826108970021 
3 0.050679611276221184 19.535163697956605 0.04118062114349114 34.11887433166729 0.06954986757061365 5.957721192813194 0.0603577677612969 11.88631978715443 
4 0.05087640450691666 25.275849426936425 0.041528317724705145 44.7709820706014 0.0696046573282562 7.726908136378489 0.06046064059997426 15.561610713600015 
1 0.05030874557317018 8.322355693397576 0.04051304899334013 14.496260758536959 0.06943508472307909 2.420720672252082 0.060162115561603426 4.900321839324537 
4 0.05104608559161289 30.524848347931744 0.041821717751209984 51.46311430571268 0.06965251767361799 9.295638554979378 0.06054927231906615 18.775698929469705 
2 0.050581326017151464 16.848470251374977 0.04100598278846434 29.512595003734038 0.06952239666036905 5.07751678903807 0.060305945411625796 10.054707245945089 
3 0.05078726746018928 23.224122961031444 0.04137063215901482 39.93036576031356 0.06958021011650203 6.932906076930858 0.06041457769763581 13.893363718611544 
1 0.050383997799280024 10.662689129213213 0.04065133752732525 17.851711568824065 0.06945890632790115 3.227380826406376 0.06020218695685377 6.344384161086309 
2 0.05058028302493499 16.808328838569313 0.041004122293464826 28.544605277150048 0.0695222200274799 5.071879867677621 0.06030552625240145 10.037903378721074 
4 0.05094013364358063 28.12386682634635 0.041640374080176866 48.82420917402497 0.06962338755882763 8.339133738765744 0.06049487103058988 16.77946769577496 
1 0.05034127612348943 9.339576703004981 0.0405734087382239 16.13994295342262 0.06944055053284598 2.7467669197251845 0.06017953871748725 5.513923935893919 
4 0.05103284139067436 30.995428692277166 0.04180063757786481 53.73961347569893 0.06964924212766468 9.18883010866627 0.060542912450142906 18.533466229603583 
2 0.050500125644259805 13.962058567120213 0.040860596347688294 25.148716567935562 0.06949941418322811 4.341792730432047 0.06026284179641246 8.53345501208762 
2 0.050476260706757335 13.541138541630104 0.04081855855256376 23.083075426641827 0.06949246523382548 4.117127655002097 0.060250160251616336 8.08757268394709 
3 0.050689436230004915 19.74215429477755 0.04119849730124951 35.44237231802874 0.06955260954875356 6.0453702517268235 0.06036293537045469 12.069062598504093 
3 0.05085655398877629 25.393615611663 0.04149349682335438 44.33977749077879 0.06959990186818485 7.570828935180354 0.06045127637208266 15.205401276306825 
3 0.0507656616317385 22.50094312478938 0.041333811766201434 39.52623002781486 0.06957434987951759 6.742584493755436 0.06040356982890514 13.499488779067326 
4 0.05100546629650158 30.197341884566576 0.04175295604637357 50.66422228635008 0.06964147851722013 8.933633966998531 0.06052859826083643 18.012504224672067 
3 0.05079440385262576 22.338670341002793 0.04138419123889134 38.71338122839285 0.06958257164635666 7.00759987590672 0.060418728162887514 14.031384585911635 
3 0.05079798062302664 22.904183120501653 0.041390118048296856 40.23666781115247 0.06958324928787848 7.031252650012284 0.06042020616931846 14.094196108435629 
2 0.050558372174634346 16.127301217456647 0.04096502276970593 28.43260035478347 0.06951600026494298 4.872894929569554 0.06029386335666496 9.62689759673392 
1 0.050417195211778655 11.710046174150174 0.04071153742143767 20.78301719830752 0.06947367351858989 3.570203728149515 0.06021919513833244 6.977518969609804 
1 0.05039168347994286 10.910127088385286 0.04066522614560917 18.964468535048447 0.06946253337219013 3.310361380089509 0.06020620109680798 6.493090122225832 
3 0.050725671121386026 21.34662358297127 0.041261138529882134 35.93640028499845 0.06956264702990422 6.367258982875074 0.06038187930941395 12.737362358965811 
4 0.051022459882792616 29.797916301361237 0.04178280361400214 52.13021970135077 0.06964635968609975 9.092037300386426 0.060537513320164126 18.334574352881923 
4 0.050880872744903494 26.203042303943015 0.041536615561973814 44.584647966576185 0.0696066349110388 7.7906246837033635 0.060463854079140456 15.658585526932649 
3 0.05072564329955498 20.716961238833516 0.041261993688846546 36.36474201420977 0.06956279374494254 6.371920154758134 0.06038201417531282 12.742211258776896 
3 0.05082243370895937 24.383362882055167 0.04143246315535444 41.156030522479774 0.0695900598302486 7.252202936905256 0.060432975093718186 14.551262667308185 
2 0.05051686028009646 14.827012819767324 0.040890679165783816 26.193868416066152 0.06950423759850458 4.49634670235764 0.060271817575069886 8.848053833469148 
3 0.050692560027093735 20.310671591393152 0.041203235655862605 35.152900823799285 0.06955369782229831 6.079951045206968 0.0603647406887481 12.124160117082535 
4 0.05089373555442116 25.854156867305214 0.041557231620692636 46.34794843035972 0.06960987215934841 7.897467767326058 0.06047013237637814 15.89497904481438 
3 0.05073684047344934 21.64270728815023 0.041281603156894844 37.11438554929056 0.06956601568693531 6.474548853151158 0.06038808949582797 12.95040589833862 
2 0.05051341948417556 14.674187505804667 0.04088440712259577 25.500917743349028 0.06950315367788337 4.462048054844198 0.06026983712181442 8.780373395273873 
3 0.050866631266858454 25.727772256702714 0.04151159155010137 44.924419634218715 0.06960239098031193 7.653006881472787 0.06045617643333302 15.39163114581316 
1 0.050362192178321996 9.992387383230977 0.04061156492866397 17.22964288524288 0.06944873953617484 2.9738108801748395 0.06019072992656645 5.920041461528887 
1 0.05027891758901991 7.37980838377525 0.0404567808676529 12.842904670480996 0.06943060093211326 2.0320965431451574 0.060145831409391705 4.330292865830227 
1 0.05041473090052591 11.623821386857282 0.040706922188358544 20.293296515625673 0.06947279379427901 3.546738055539236 0.06021795571736249 6.9314839468834775 
4 0.05103923797301241 30.249540139339693 0.04181191374293384 52.303982821124215 0.06965061188382382 9.23236535898052 0.0605456898669207 18.64512192003586 
2 0.05061622574326152 17.94587711896559 0.0410686524667669 30.136708913970743 0.06953234540435979 5.394701640747798 0.06032453679715931 10.706693170511972 
1 0.050335249485145415 9.151606820030153 0.040562266298818914 15.624125558060134 0.06943914920646235 2.6846335325084967 0.060176311281803715 5.399848803117533 
4 0.050902944890564614 26.946423341084103 0.04157533264504139 46.86339751354562 0.06961247303666654 7.981787003520056 0.060474944574225906 16.0693438728989 
1 0.05037033795112271 10.23470052459797 0.04062647904733685 17.82210908172403 0.06945275545162265 3.073287101305801 0.06019503811278902 6.080581348697503 
1 0.05033411180923623 9.116303292177195 0.040560277664030434 15.873054800984843 0.06943891622866422 2.6732183300433823 0.06017571388857975 5.37872000134767 
2 0.05057409637208725 16.252971517098864 0.04099341520832997 28.60409153404053 0.069520466602109 5.015461118648423 0.060302227810580936 9.921344303150306 
1 0.05030625958381244 8.244486045222157 0.040508472073543474 14.35034745839406 0.0694345121728565 2.3962834056749998 0.06016070041341311 4.853881195135188 
3 0.05067325812304622 19.707693709643895 0.04116952304355323 34.557420671960735 0.06954832627193451 5.90665145799115 0.06035458585323328 11.763686178845996 
2 0.05060881650830138 17.71396280746298 0.04105481724158312 30.963126123699862 0.06953021330204148 5.327764627928416 0.06032059500431443 10.569031500153727 
2 0.050617961263466994 17.979792742735135 0.04107100944460236 30.186674474452445 0.06953301142927006 5.415597038569553 0.06032562410583431 10.736564233215182 
3 0.050828929397319846 23.37928633076639 0.04144395859192198 41.87703440533975 0.06959191074574689 7.311943447117852 0.060436408281245656 14.673605671550566 
4 0.05087768341901722 26.156189256854468 0.04152956462097325 45.411877249724874 0.06960575399238969 7.761861775839371 0.06046221056348707 15.598195223065337 
2 0.05051512800547682 14.773276834615597 0.040887396770449426 25.236882662524586 0.06950374732844908 4.479922352798717 0.06027089782214862 8.814873096994218 
2 0.050628334312782075 18.305087975536715 0.04108931894428761 30.613641957297695 0.06953593349825773 5.509521029912738 0.0603310918806209 10.929939386614674 
1 0.05034302943373733 9.394708017895292 0.040576602975775866 16.353931198483245 0.06944097865904966 2.764921296534987 0.060180411953941824 5.547025984382084 
3 0.050724918599952526 21.323541457980703 0.041260319604134656 37.35397398355104 0.06956240347177738 6.360112355062766 0.060381442279679856 12.723471174719084 
4 0.050948942104213836 28.407346766059185 0.04165430654984144 48.143299615348866 0.06962508998472541 8.395777415444758 0.060498551934947374 16.932125929849597 
2 0.050555691922345436 16.049764950607806 0.040960158964292864 27.647407409859333 0.06951515106635324 4.8448242077856944 0.06029244391147488 9.57771789475539 
3 0.05076832813622221 22.628486191648747 0.041337858033512434 38.20538366590283 0.06957465499815657 6.753862663141663 0.06040431867351681 13.534847677689365 
4 0.05101060324857235 30.303748823152393 0.04176254953747882 49.99679145040139 0.069642997108687 8.981696079244577 0.060531305972963925 18.108946045930303 
2 0.05050620589959141 14.476652129826737 0.04087181019306644 25.50532830947236 0.06950113633432017 4.397675287479197 0.06026607723005719 8.64862305755019 
1 0.05043791540049499 12.07151849240589 0.04074911660690036 20.676881793428457 0.06948155312554155 3.77036298278216 0.06022985824935771 7.368230135004073 
1 0.05038193209001755 10.591521451309642 0.04064756207847693 18.815914883898575 0.06945795015916684 3.2051032893336755 0.06020111960675397 6.304657675374555 
3 0.05075220067382034 21.509479361556476 0.04130940631937868 38.77421074790899 0.06957071089685139 6.625450563453353 0.06039652522582092 13.24207817928811 
2 0.05055153612570908 15.861590069895863 0.04095301010798169 26.633515163685864 0.06951422755705847 4.81457115686788 0.0602903421612506 9.49529804313005 
1 0.050436086177339565 12.291200403396868 0.04074543719071478 21.818875287084637 0.0694808812952363 3.7495457637158713 0.060228766648329976 7.330845531031798 
1 0.05043880018023268 12.38699416274583 0.04075023252149468 21.974231784123162 0.069481773237563 3.7770493180737015 0.060230245574369644 7.381896539431868 
2 0.05057335763616468 16.229060409562102 0.040992258595469844 28.48308967279197 0.06952019307975933 5.0060431806144505 0.06030188711135594 9.910547379816347 
3 0.05067431122654718 19.759346750242212 0.04117184214841483 33.8528640917852 0.06954860300946922 5.916425299105123 0.060355216386961355 11.790011886275398 
4 0.05088495511190103 25.831286112028845 0.04154301879102733 43.812766922664835 0.06960744242840533 7.817259161274196 0.06046556339884453 15.728765296382795 
3 0.05077634491622411 22.934371503356857 0.04135236459228052 39.11567512634027 0.06957748912007966 6.844784676656491 0.060409210327661486 13.69437871529714 
1 0.050429075369806176 12.03372254720648 0.040732549293244505 20.68769470230983 0.0694783930915425 3.682552370705845 0.06022508732373153 7.197725710393589 
4 0.05098266326519298 29.40704107637767 0.04171345210010038 49.875340407467284 0.06963552238636983 8.735802886965624 0.06051725595279693 17.585284215041163 
3 0.05080012897456811 23.678750456801346 0.04139406583669697 40.55941698052395 0.06958417359751819 7.060330324520358 0.06042171443788423 14.13927412303877 
1 0.05029445719254997 7.875135745387214 0.040486371391594014 13.708896035754643 0.06943316101373784 2.25043941087898 0.060154361931944636 4.628329289943961 
3 0.050748071979302214 22.050313443439773 0.041302237960795525 37.62368907528345 0.06956898366629748 6.571167329548066 0.06039365733801535 13.155837789787238 
3 0.050805177285559056 23.840744807593058 0.041402545482495834 40.26960932010009 0.06958561051747683 7.106067100075387 0.06042437781731088 14.233308167127342 
4 0.05104980079135672 30.578930463722692 0.04182963373837082 51.75953018765521 0.06965356933790401 9.329965235528643 0.06055119090464386 18.845871968902788 
4 0.051047869807514724 29.926145594409157 0.04182769934530967 54.58931903860141 0.0696529717596082 9.311517018740963 0.06055014871976279 18.810185878326067 
4 0.05089691166877055 26.753793789881183 0.04156284803675699 45.19460082196245 0.06961038104197784 7.914730343871 0.06047133082622539 15.948423750745059 
4 0.05105742057080118 31.839706334571577 0.04184243965641015 53.75809720063508 0.06965671764233491 9.435445053444772 0.06055634139568848 19.01174790037563 
4 0.05087993550843206 26.171287721851133 0.04153400247314571 45.59705611745359 0.06960637405342018 7.782882324676605 0.06046337260843269 15.641693789940167 
1 0.05041635158658951 11.683312851550504 0.04070996821571759 20.198481294391186 0.06947337942303652 3.5626461435525565 0.060218765690893884 6.961380391921395 
2 0.050581157971776855 16.843242056690833 0.04100517347936089 29.65902122423909 0.06952245413490404 5.078678612763537 0.060305964260054835 10.051776104419778 
3 0.05077432141458661 22.870139150421824 0.04134837552994589 39.90998662864276 0.06957690087215936 6.826035767196903 0.06040814105516427 13.6562770296165 
1 0.0503108136489796 8.386934208568508 0.040516766304644035 14.606663756237959 0.06943522179144221 2.4424502445833367 0.06016325092344332 4.939613707165916 
4 0.05089963127560014 26.731782752699143 0.041568734661091414 46.736987652664666 0.06961151135349572 7.950330976751753 0.06047317858865916 16.005776658775797 
3 0.05068221680996504 19.990423380298736 0.04118534340143815 34.24342786594322 0.06955073280480173 5.984541273026561 0.06035924111407078 11.931601861949058 
4 0.051036375114116496 31.172040289632584 0.04180702389070937 53.945798655504646 0.0696502215966219 9.221334489836421 0.060544733442703814 18.600635682394408 
1 0.05042164273597627 11.84529187612263 0.040719108969112475 20.441328366339945 0.06947547826685593 3.615539750168783 0.06022153763548212 7.063985866335855 
4 0.05099091350042967 28.837722905341366 0.041728663100261576 51.12292029515089 0.06963736210880116 8.797852205914445 0.06052096003697969 17.735073231098095 
2 0.050494767621317216 14.10287979012671 0.04085159327734924 23.981440743307378 0.06949781904526856 4.290186951892666 0.060260043190350235 8.437370728661126 
1 0.05039433434914551 10.988744351927968 0.040670360581844735 18.844801942605102 0.0694637360199739 3.3383161296253987 0.06020758227733965 6.544184055624927 
3 0.05077442486093529 22.87410694359851 0.0413495453183237 39.92098616570289 0.06957653940465129 6.814555937913516 0.06040784345226977 13.654359556421047 
1 0.0503056442549046 8.226942692861368 0.040507339539705964 14.322033375776522 0.06943450777737904 2.391452415452223 0.06016043884189733 4.84290646015576 
2 0.05046909407343101 13.304706500241569 0.04080515752455708 23.601423141036673 0.06949047280779991 4.054906871413766 0.06024629574108983 7.950339065132901 
2 0.050536378842834614 15.398435945109048 0.040925759339836734 27.142209190444145 0.06950977489854859 4.672819012847296 0.06028217462353656 9.214080391773146 
2 0.050489091151366815 13.615909397368378 0.04084101154598839 24.42940222199904 0.06949621651333762 4.2392196737937375 0.060256932882592276 8.325365672974801 
4 0.05093573949588017 27.40140032234831 0.041632289210296713 48.31614799011117 0.06962217163417646 8.299913330134615 0.060492593383605874 16.696951043856632 
2 0.050505532495525585 14.431541859319523 0.04087020349843119 25.585762896169403 0.06950094613329125 4.390620978998259 0.06026569863474477 8.633575386620953 
2 0.050570711774101496 16.512322554625236 0.040986810302320056 28.39726316414751 0.06951950833833971 4.984442150886255 0.060300442855309756 9.857368105247753 
3 0.05080128094374311 22.493905028684303 0.0413953698150531 40.3030826115053 0.06958395900450112 7.05322634859161 0.06042168671009314 14.151136625983971 
2 0.050553293111216 15.933715646599556 0.04095600352894142 28.15865242857361 0.06951454505602742 4.826214133504687 0.06029113162969331 9.530540436738356 
1 0.05042732528544689 12.02605620119597 0.040730118066046914 20.862330924191035 0.06947785302214944 3.670265973746338 0.060224390716860275 7.169633536053519 
2 0.050472174676976886 13.393162448018177 0.04081046549554883 23.422069757129222 0.06949125584974485 4.081683855642476 0.06024778598677429 8.006826264568707 
2 0.05047042858651161 13.37892893874577 0.04080728920606936 22.774295706387573 0.06949095793885147 4.070478809631518 0.06024708723157387 7.97525988599125 
3 0.050751524523893685 22.15069868373531 0.041308593041167664 37.789140543676034 0.0695704936623014 6.619328340125017 0.06039614142883563 13.229901819086853 
4 0.05104470244139592 30.48096634201275 0.04181938834109077 52.79179735833619 0.06965205254474308 9.282667340507833 0.060548515437456 18.750770892631163 
4 0.05096140225332797 28.79001185088533 0.04167702978783201 48.7905687099806 0.0696290043773505 8.523059525279667 0.06050557697699134 17.17576912104234 
3 0.05084184665375111 24.191247553074085 0.04146720002950215 42.534045880227424 0.06959552883996235 7.429350415908816 0.06044318146717191 14.916403413186 
1 0.05028261891556949 7.498088353238527 0.04046385399311504 13.051049422889296 0.06943127968918264 2.066433897777094 0.060147873289955654 4.401213627487103 
4 0.05093255066389045 27.88937813270339 0.04162774913784193 47.21702877351947 0.06962131629670114 8.269883242624136 0.06049097404600873 16.635919610787653 
4 0.050928240019674574 27.753842578322953 0.04161800387507056 47.0541584783465 0.06961962970191929 8.216398763219946 0.06048820786664263 16.546882618885846 
4 0.05089238201733137 25.75940722069048 0.041555802334186924 46.2275823631458 0.0696095211536474 7.884722855552648 0.06046945911469366 15.86875860901398 
3 0.05072421777078991 21.301023169056855 0.04125908829832399 37.27972107355045 0.06956230458639776 6.356800334419399 0.060381104157339695 12.7099697299379 
2 0.0506286075186436 18.312447015008672 0.041089966673370414 32.2060813570499 0.06953583667308641 5.5061015219196445 0.0603310481090239 10.932414719586681 
2 0.05063808572855664 18.556993974474107 0.041106524816752026 31.77302615358219 0.06953868742481055 5.598195958536388 0.06033630369388147 11.113060196960896 
2 0.05062914248276079 18.330113405717725 0.04109072080966038 32.181116709489736 0.06953615173726642 5.517389067286438 0.060331540330390385 10.945836002349518 
3 0.050748988514068595 21.655525061814444 0.041302893153736815 36.763435204823814 0.06956924269608136 6.578656905108147 0.060394139542132776 13.172122250076509 
4 0.051042325304667714 30.408323131625945 0.04181677822922554 54.33741142025103 0.069651380884168 9.259248837001442 0.06054725553392052 18.704742421766024 
2 0.0505400937862561 15.561978791142721 0.04093236634853993 27.471046332899665 0.06951082207243557 4.705931851404782 0.06028413906341636 9.282725437798732 
2 0.050550899546017866 15.889659146737571 0.04095119861094557 27.55206840795318 0.06951388410673041 4.803983314960637 0.06028979718048115 9.480324411427642 
1 0.05029035776362452 7.7427849616243565 0.04047866817594751 13.483606840734947 0.0694325583558614 2.197140073480108 0.060152157025344224 4.549895130658783 
4 0.051034986219797386 31.064174420407806 0.04180452104158795 53.891038585895515 0.0696498455134982 9.20852786002217 0.06054402041911455 18.574140539335225 
2 0.050639150703844615 18.59129250229733 0.04110912867976334 30.828462265353476 0.06953900329304398 5.6075532956769 0.06033686685072766 11.13283135914927 
3 0.050749652521804745 22.09531734714259 0.04130470860263056 37.801820552815435 0.06956996328313073 6.602229188828636 0.060395146642110466 13.194540623247486 
2 0.05066649028285926 19.46945110096637 0.041157570374194 34.20902577395539 0.0695463840439424 5.845620828101005 0.06035109763975969 11.644412868268834 
3 0.0507105285568607 20.83295355548401 0.041235642858532554 34.97250559860349 0.06955859650693685 6.2363235810104864 0.06037408485929456 12.460248349858025 
1 0.05027213231984416 7.16953219810271 0.0404440328186361 12.376057521024823 0.06942896211166054 1.931289540954949 0.06014231335753502 4.207720842831177 
1 0.05040570509718514 11.27124591529649 0.040691529808009254 19.006954468248257 0.06946861846452343 3.4548581096475734 0.06021343604752396 6.766004676261664 
2 0.050540492292972604 15.574432934373657 0.04093309871655987 26.71554374943515 0.06951093612665425 4.710084820937519 0.060284347063143805 9.290527445695922 
1 0.05025828266010961 6.69611044410688 0.04041711038308751 11.67978573530838 0.06942525853562136 1.6784228816783624 0.060134961912713746 3.949540507119366 
4 0.050913726255059966 26.464628826903613 0.04159388772984829 46.32735274335856 0.06961558814161219 8.082585839570081 0.060480642991383074 16.27217058085683 
2 0.05053397721589339 15.371993455977114 0.040921437427064375 25.630459130870246 0.06950907331117723 4.650358046295151 0.0602808772758874 9.168550950799169 
1 0.050411962574650616 11.503322159386828 0.04070237801126295 20.525161838399317 0.06947199584722127 3.516305596274683 0.06021637644572454 6.881385209583319 
1 0.05044896786902817 12.698630504979253 0.040768652905031844 22.01443939161062 0.06948468029827456 3.8699053595816535 0.06023559399481624 7.573905457788558 
4 0.050945677170891934 28.304339606451983 0.041649041395416225 47.615978133483544 0.0696241732070889 8.3653719381088 0.06049683967184988 16.869866645438144 
1 0.050456364387803834 12.905631081691476 0.040782225881045256 21.63685395253894 0.0694869111722421 3.9412637466385902 0.06023962141902069 7.713250697299793 
2 0.0505758284632896 16.67114368851644 0.04099607342030968 28.183968543723246 0.06952096459028545 5.0301638863459734 0.06030316483770254 9.952248841871015 
2 0.050649403332641764 18.96283768547359 0.04112723368253786 33.323128918654575 0.06954185032987405 5.699593159748288 0.060342256508110016 11.323702407817176 
3 0.050700872819690435 20.561045330367556 0.04121849740237334 35.06878809556273 0.0695556573844325 6.142004128019037 0.060368675529597814 12.272447475437215 
1 0.05025878306284158 6.745646855102376 0.04041866329946757 11.506889514353352 0.06942551863350217 1.684788370842167 0.0601354116892366 3.9642385754388494 
3 0.05075216308917609 21.45793506316395 0.04130956864821983 36.70661901868432 0.06957070153202273 6.624975242028715 0.06039650455731599 13.241246885437661 
3 0.05081472449318227 24.109492241926368 0.04141996975406239 41.11292324387277 0.06958781681129789 7.178712232501745 0.060429021282088914 14.415859322515635 
2 0.05064969250049861 18.972188902323257 0.04112744023173089 32.431198253840336 0.06954172735521964 5.696093022039497 0.06034216067679095 11.325942756103334 
1 0.05041997013346766 11.787617977479542 0.04071649417294372 19.50954895350996 0.06947494465102691 3.5980524506214557 0.06022060368047645 7.029945636298956 
1 0.05039483794304926 10.998482464073213 0.04067088034711273 19.075296678480505 0.06946390281959723 3.343717880624103 0.06020783936038859 6.553754988751095 
1 0.05027578634784493 7.265550213691529 0.04045058341563541 12.65716256646733 0.06942972347347176 2.0041344236216436 0.06014410275211973 4.271828228841754 
3 0.05077885000875345 22.96566793857527 0.041356595629717934 39.07634295317604 0.06957819962022738 6.866526315733085 0.06041055692164662 13.740599515937589 
1 0.050413687106151406 11.591398665249171 0.040705245700295246 19.765471270736153 0.06947230232543856 3.5361421762444607 0.06021743072517645 6.911894819364517 
1 0.05028597830289092 7.604450972874595 0.04047018042293059 13.22784359849465 0.06943192662156913 2.1417508894441126 0.06014971988372895 4.465716482614438 
1 0.05030059068727451 8.065603943483575 0.04049784152184405 14.03794474402651 0.0694339459654218 2.341026427228254 0.06015767920011752 4.745292519142995 
2 0.050464682575280105 12.894664550022664 0.040796845017989934 22.83560864583266 0.06948917353056598 4.013807681160636 0.06024388818558919 7.8661821961175304 
4 0.05087825723525312 25.679879246748733 0.04153162935914802 44.15204118296599 0.06960561142615637 7.7565744303079125 0.06046209960261332 15.603200887389438 
3 0.050731532232096685 21.531185145931378 0.04127261266642872 37.692884427694 0.06956451156055048 6.427861055486277 0.06038525896209272 12.852365452358404 
4 0.05094540471750284 28.23775705995896 0.041648917004800765 49.073065512198895 0.069624466954773 8.37500298137588 0.06049718570038962 16.872911460991496 
3 0.05084501555830904 24.347231061348 0.04147156663967609 42.65497305732764 0.06959643864064217 7.458402931836122 0.06044486565432676 14.974885606209062 
1 0.05043927358989793 12.344008900621736 0.04075092802590371 20.337848058812835 0.06948179020293485 3.7775089521244345 0.06023032460075419 7.387484059424004 
1 0.05038260095973938 10.61246302198145 0.04064878747835592 18.222707823846896 0.06945825957410626 3.212481871220181 0.06020145893050739 6.31757476974819 
4 0.05096333685635731 28.853688027211057 0.04167989923067554 48.81859824774797 0.06962916482082347 8.5289329866871 0.06050608700654388 17.204758173303688 
1 0.05034506457987263 9.458976587626367 0.04058028374376453 15.928485559855085 0.06944165002722358 2.78905505169205 0.060181559987931385 5.586861357864278 
2 0.050490755115789196 13.952192521063694 0.04084401535730895 24.52431424420923 0.06949671687677543 4.25472099376131 0.060257825065884195 8.356730051302906 
3 0.05070974354356972 20.85624723419525 0.041234290495402955 36.19876063790611 0.06955834594413327 6.229719744004952 0.060373633467138456 12.445955119297683 
1 0.050279719912993605 7.408976000934539 0.04045837416574972 12.884310370450057 0.06943075235415272 2.0383587458643 0.06014623406889334 4.3459568056349385 
3 0.05069111559299283 20.275766800055447 0.04120114704515539 35.54312973187611 0.06955305967126751 6.060219726914675 0.060363825422551975 12.10090629574036 
3 0.05071353902191107 20.96780790460182 0.041240672330933294 35.278060640981955 0.0695593610603074 6.261924821219035 0.060375493943633694 12.511329746215178 
2 0.05048937138042418 13.933693657676736 0.040841581268092356 24.00721696908947 0.069496305946221 4.241652011460336 0.06025706417465347 8.32958634404814 
2 0.05055532150223254 16.028662786760112 0.0409594187088075 28.29065305510303 0.06951514221735271 4.845520448246683 0.0602922498225435 9.570136536223568 
1 0.05029840965604086 7.996466882957054 0.04049366119959221 13.92310676927977 0.06943355094802431 2.288911665478909 0.060156510997033716 4.703258723438873 
1 0.05034056840368285 9.31738352680397 0.040572120865661684 16.22267801725571 0.06944036858015726 2.739672781853459 0.06017916610213166 5.500383078962539 
4 0.050913064063160915 26.444042231537548 0.041590195355278435 46.3395367551873 0.06961533907063377 8.076745023091323 0.06048029166089534 16.261216996018813 
1 0.050311089184704026 8.395933363261829 0.04051729774103192 14.623206995882885 0.0694352289125449 2.4452276556437935 0.06016341113562308 4.945059793699203 
4 0.05094193247360794 28.180589049643544 0.04164237562344234 47.7706199899093 0.06962311762848183 8.32949195872697 0.06049486782368674 16.79695868926001 
4 0.05103494296728252 31.126389789302124 0.04179288362418805 53.70521680852797 0.06964969204770784 9.20855706493057 0.06054399071926285 18.572752088088002 
2 0.050636869569511675 18.523982178723767 0.04110498639375565 31.056035262981858 0.06953836770821434 5.586706912377506 0.06033566389352315 11.089915793140705 
1 0.05033657306160409 9.19285279080098 0.04056471399514179 15.604619943647936 0.06943942840900212 2.698295673159747 0.060177027934075575 5.425366372861136 
4 0.05098832550055886 28.757263675335544 0.041722862699725444 49.64648323384895 0.06963629711831085 8.761971958906557 0.060519185263247524 17.678409500428096 
2 0.05048465415676181 13.775338003277891 0.040832934604067096 24.459676610479075 0.06949492712756593 4.198491540222884 0.060254524852468114 8.241272483556926 
4 0.05097461494701615 29.20851552686357 0.041699901227776226 50.54483827381499 0.06963238749298054 8.634832896222578 0.060512046143014385 17.41998617810523 
2 0.050549154147978295 15.837994843609 0.04094812784578229 27.19427354216244 0.06951340161186291 4.789419932385544 0.06028896039890681 9.453545130721364 
2 0.050464073673993984 13.182830174412326 0.04079604607104852 23.228448454786978 0.06948911983315216 4.011637368450658 0.060243725783318144 7.8576872430280815 
1 0.05033807997500894 9.209456699665719 0.04056758693198931 16.09270642829639 0.06943975674113832 2.7138848918080836 0.060177841171071125 5.45361354469771 
4 0.05093692502846679 28.028591992895905 0.04163397468193657 47.19789557547627 0.06962213155492629 8.296638544132206 0.06049276868258592 16.710347991400052 
2 0.05046270432492771 13.140386740330328 0.04079345902706757 22.48752360039837 0.06948871423583527 3.9997695201797705 0.060242995410893854 7.832930506782617 
3 0.050681694115733714 19.97866709098696 0.04118495364386129 35.06062744205704 0.06955044449222567 5.975814078784593 0.060358870839600495 11.92490086225948 
3 0.05071674906862815 20.9888517201577 0.041246653321462004 36.89407047914792 0.06956028717156354 6.292073373461953 0.06037730570890609 12.576145219540978 
1 0.050447138254602786 12.653697408790663 0.04076542125380434 21.39878220180474 0.06948424093149835 3.855572534830072 0.06023472341654949 7.540306800447825 
3 0.05081319517673415 24.09749602123271 0.04141712293822965 41.18719829808125 0.06958782151538039 7.179075322359827 0.06042856877479441 14.383890145500095 
2 0.05051782507808454 14.857390043447111 0.04089250599317361 25.99057470137165 0.06950452902607585 4.504748735694617 0.0602723231040439 8.865152730177744 
4 0.05096420621013416 28.88034571685306 0.041681625445406274 50.121944661937576 0.06962981009600464 8.549477496492361 0.06050704932703205 17.228779508938278 
1 0.05032310793738306 8.771420134074077 0.0405400071651952 15.160281471912805 0.06943684614072065 2.564074646903843 0.06016981994793068 5.172167834918342 
1 0.05042356474466703 11.91369990900895 0.04072291728523784 20.03600215967963 0.06947628533541352 3.6318293323663653 0.06022238495913339 7.097545643591149 
4 0.05095830762552143 28.634511335608956 0.041671040906134514 49.769749966654835 0.06962817190761059 8.494869580552617 0.06050399735187976 17.116391678393615 
4 0.05090901583960137 26.317828935374497 0.041584001573425414 46.492510807735115 0.06961352152593236 8.01723113642924 0.0604773391853066 16.172029349193412 
4 0.05102582144831482 30.836116743439543 0.041788097563642296 52.076843415989444 0.0696467487693814 9.107882722298445 0.06053861726560433 18.39057319843875 
2 0.050573525924289695 16.60266453625703 0.040992075252763646 29.2774400857424 0.06952031178399565 5.009633695756245 0.06030193654605988 9.909726203608418 
2 0.05062016498714724 18.067259146367675 0.04107554346693612 31.74521968889306 0.06953344871957312 5.429922936809431 0.06032663674418838 10.779943833153396 
1 0.05037244502518279 10.291112582355492 0.04063004051575931 17.92602077509644 0.06945355103397739 3.100015270564355 0.06019610454364497 6.120046640923052 
1 0.050319818572089135 8.696684305090916 0.040533987864144014 15.097704699710638 0.0694363248996885 2.5306217538286284 0.0601680130938395 5.11015066984142 
4 0.05101383330500746 30.46358625942353 0.041766364228588905 51.585150021882555 0.06964333610800151 8.99501433267515 0.06053237756416509 18.161967159375564 
4 0.05090360180012832 26.966908690403592 0.04156534243290263 46.25189859011374 0.06961244168129654 7.9879860902833455 0.06047523927659339 16.08266934972438 
3 0.050734894220676466 21.581865396487824 0.04127863222842563 36.82086925614865 0.06956547414671235 6.457415169688571 0.06038706934608851 12.914285279382634 
1 0.05027782910887879 7.346225372424806 0.04045468997574249 12.77841617944136 0.06943018793132653 2.023146340456687 0.06014525097317389 4.312008370940531 
3 0.05071823924776374 21.131043372642132 0.041248881970165144 36.98030849603655 0.06956071630738737 6.304727444014672 0.06037809303974595 12.60289967855508 
2 0.050487844323875285 13.903535157909483 0.040838634985334486 24.645334195453945 0.06949587820796502 4.22813345637798 0.06025627369646906 8.301963979018272 
2 0.05065568357958657 19.150679730367276 0.04113804692413343 33.47681409876489 0.06954342297475648 5.750828441457508 0.06034533953992499 11.438643695861703 
3 0.05072119237657106 21.22357553240393 0.04125475736759606 35.78371494879584 0.06956157351687503 6.33224383841127 0.06037966697112781 12.658278886297776 
4 0.05089480730105994 26.687588962164057 0.041559836016757556 44.10787213132069 0.06960954171663013 7.885697104737597 0.060469899444972254 15.90191987386101 
3 0.05083673331907168 24.79741654137503 0.04145903163919103 42.538481449936846 0.06959400333983803 7.379362166072086 0.06044055707154443 14.829329198377247 
3 0.05081154212032496 24.03392683537566 0.041414274362932706 41.899467813365675 0.06958687470019288 7.149243375321444 0.06042730686364058 14.355846429445833 
4 0.050897364015996746 25.967438724621633 0.0415639648321013 45.36509318431605 0.06961056289281098 7.918511536612653 0.060471627256934765 15.955835589314365 
4 0.05087192942457637 25.89509012920008 0.041521198475128626 45.27233265523959 0.06960389410729784 7.701652449209822 0.06045895747166167 15.49183662336029 
2 0.050483293943528317 13.734428129444414 0.04083054794277602 23.814442786195052 0.06949452963077142 4.1850604150700885 0.06025378674101482 8.214315980391286 
2 0.050475397576261495 13.510848153192475 0.04081653239513934 23.41393044146424 0.06949221738076007 4.111868252763921 0.060249554357918164 8.068525553031872 
1 0.05025783883457915 6.7158677938137945 0.040416863537948974 11.350376696474601 0.06942525830895187 1.6775808202313098 0.06013493301268226 3.9471917061718584 
4 0.05099000343834605 28.809186911709354 0.04172652149469809 51.40477359069214 0.06963754377014195 8.804340385610935 0.06052105886420047 17.727203123013858 
2 0.05058384378786035 16.929069039747766 0.041010735047210166 29.82115741752447 0.06952321332562414 5.103408727180776 0.060307387870047593 10.103170372649885 
4 0.050893066118991546 25.834521035390388 0.04155695057049356 45.08000052477937 0.06960973535474568 7.891254634932092 0.06046983717777608 15.881889769154588 
1 0.050461320024474086 12.765199148884417 0.04079099190835958 23.19745063545026 0.0694882455534448 3.98385510423254 0.0602421837636269 7.805888724574378 
1 0.050352808931207006 9.699399719165637 0.04059444019428409 16.761526610271638 0.06944471451495855 2.87280016317341 0.060185731693381136 5.737077872002679 
2 0.05046520328740296 13.21776349011781 0.040798170102224564 22.64551675306411 0.0694894591522092 4.02280436296376 0.06024433781146736 7.8788933715233735 
4 0.0509639076614576 28.869203147101437 0.041681457049947364 50.127005369638105 0.06962970551021216 8.545641347382901 0.060506894763520024 17.223026012901634 
4 0.051050115068901836 30.648514449611355 0.0418297008721041 53.32098845616305 0.0696536447613644 9.333499397891135 0.06055136665278218 18.852581038075876 
4 0.05088555974792278 26.402420227893508 0.041543838742790586 44.82429637769584 0.06960762202905178 7.822488546879946 0.06046588242417117 15.739724762905752 
1 0.050433404681389724 12.191814470535697 0.040740822667690996 21.147834743180784 0.0694800325877665 3.7248339288393937 0.06022738730437478 7.282112535550287 
1 0.05038383445046325 10.657374174470045 0.04065101688875046 18.970392582212604 0.06945881096302524 3.2253744831780993 0.0602020838230804 6.340868457230334 
3 0.05079774197858731 21.988669423290503 0.04138900277973599 40.20843839268345 0.06958294532057473 7.0219025300096165 0.06041980926576975 14.085873883730434 
3 0.05076341538623365 22.480552683889073 0.04132941218278831 39.34147680934946 0.06957341259358507 6.714452180208762 0.060402006357914796 13.453199832066819 
1 0.050345824348006406 9.482445024270952 0.04058165714327186 16.487381274736624 0.06944188300697902 2.7969396536826787 0.060181959258903274 5.6010948299448735 
1 0.05035509628299965 9.775039442059663 0.040598568407306 16.458870487095208 0.06944561086619419 2.8956586699511653 0.06018688054713704 5.781072635908063 
1 0.05029484918740594 7.885163044396985 0.04048707090759742 13.726092753547409 0.06943320142100755 2.254577328124135 0.06015459635228095 4.634887324387115 
2 0.05061961676524331 18.050343468712292 0.041074267759735716 31.708990914571444 0.06953328026668808 5.425999084632005 0.06032633004198108 10.770714164590508 
4 0.050966662849685415 28.90193011496823 0.04168584902974222 49.02972981718385 0.06963048697777366 8.57187738827788 0.060508300507322185 17.274242479935474 
3 0.05081266551425532 23.60411209350617 0.04141661840600146 41.97824372375383 0.0695876676605069 7.173724640887765 0.06042828769695292 14.374291546622597 
4 0.050937032343192835 28.033030287512826 0.0416331708399096 48.613428838192945 0.06962175981516386 8.286761952048353 0.060492395421449206 16.70730782089277 
4 0.05100672814259059 29.610044190297987 0.04175621096575923 51.10337115224949 0.06964186359216576 8.945968939560936 0.06052925940714823 18.036498001648226 
1 0.05030073497939956 8.068763269084418 0.04049809391988931 13.947134407121732 0.06943388306885354 2.3276913202432716 0.06015778813605528 4.7482762498125215 
3 0.05069674304111639 20.432298549842038 0.04121108581910968 35.66525696720672 0.06955505033777784 6.121854561698633 0.06036726827782117 12.205156663065928 
4 0.05097904630078529 29.292263091102836 0.04170696129904263 50.892167220289515 0.06963402124001974 8.686789126063738 0.060514816928732264 17.508755183097925 
3 0.050849900199298914 24.49711180302562 0.04148271279149636 42.68879544879261 0.06959819596177448 7.514623739368164 0.060447835869694266 15.07329812263824 
3 0.05069534127066562 20.397238700758628 0.041208444210291365 34.569361886043104 0.06955448468193325 6.105529656810882 0.060366202878096034 12.176425972342448 
4 0.05087246015758355 25.91171055756189 0.04152216813294614 45.26221666084265 0.06960403258580414 7.706113215388361 0.06045922334479181 15.501344560820485 
2 0.05063869964496328 18.621131793254825 0.0411079179591153 31.534697952499823 0.06953886309455573 5.602881950634027 0.06033664310462712 11.124124605472314 
3 0.05068500295464423 20.06100640909183 0.04119159990673099 34.40274621464036 0.06955166490355222 6.014363152056954 0.060360975663599305 11.99339798821619 
1 0.05040576589654609 11.340265713913512 0.040690869712366094 19.723584703388298 0.0694688304833776 3.4571809126466944 0.06021346255085802 6.76323752394938 
4 0.05086749418880106 25.26760874727746 0.04151356499173936 44.94661959830235 0.06960262944766069 7.660687836387406 0.06045662728054453 15.407818178953965 
2 0.050521796574127045 14.994373129823071 0.04089961590365407 25.50371692945956 0.06950557653965612 4.538666228193494 0.06027440031715836 8.94184896628216 
2 0.05049017521213508 13.967431357241784 0.040843150120064516 24.727762403949363 0.06949653991415775 4.249807904618877 0.06025752366646568 8.346369775122955 
2 0.050597817221227935 17.363940909214904 0.04103518092191989 30.57100088504705 0.06952715578885167 5.2303077697250915 0.06031480055267733 10.364972156752023 
4 0.05088168046893678 25.440277615961776 0.04153686254695912 44.49800748152329 0.06960653181798035 7.786992780628606 0.06046388641314583 15.667458436376194 
3 0.05078400948868387 23.172579317447692 0.04136639772709694 40.47066527645742 0.0695790757347314 6.894862033188448 0.06041256628670718 13.827157283267425 
2 0.05053035767338624 15.25223876731582 0.04091563286474996 26.269229289824352 0.06950803033075825 4.61777122362245 0.06027894617354992 9.10178808683261 
1 0.05038123281224146 10.569941659595031 0.04064628519340077 17.945810868693716 0.06945761712329439 3.1973640783994104 0.06020074326510305 6.2909544125070695 
2 0.05051441600787735 14.705201914424162 0.04088629636328388 25.645109025889166 0.06950345649118457 4.4704438005616804 0.06027038340354633 8.798318016470777 
4 0.050999869187929994 29.11120909592026 0.04173329061269536 50.55502944117561 0.06964020945016833 8.895775131338093 0.06052624903411029 17.914129280001134 
2 0.05053856333631455 15.514934616234905 0.04092978143701402 25.739081183459497 0.069510382002023 4.692145235690921 0.06028331446136539 9.254398057532091 
3 0.050708931908536224 20.83064404164591 0.04123203037185043 35.75141933714334 0.06955813346154077 6.222052459845426 0.06037322846995411 12.430237276348759 
3 0.05084615894774985 24.330709154370858 0.04147360489877574 41.67155147984198 0.06959645673725114 7.4587262742984235 0.060445071209725386 14.990724953487819 
4 0.05093820778336575 28.062189636698463 0.0416363631512244 48.70631895621965 0.06962289640682384 8.321406263734652 0.06049391185737111 16.741741293929156 
2 0.0505438680797784 15.640417790964978 0.0409391637488 27.623283770429055 0.06951185435748183 4.740355848758126 0.0602861080419372 9.354551362865859 
1 0.050361820688669276 9.980698812556534 0.040610798651355924 17.76598080765391 0.06944840009036037 2.9687561332193595 0.06019052085077366 5.9121020876902985 
1 0.050283658311948295 7.533150347566777 0.04046581818633708 13.005797029903414 0.06943138064873797 2.074928678177084 0.06014837341232204 4.421406929527772 
1 0.05037004068489766 10.225743470987172 0.04062620212905023 18.210299580448826 0.06945262234500003 3.070130607674612 0.06019488736828282 6.075015817805685 
4 0.05105639527650365 31.806291214414653 0.04184122493658773 52.24605854824388 0.06965647978607707 9.42578575450531 0.060555830646378074 18.990187936760496 
3 0.05072529204433859 21.335059046039294 0.04126105337473597 35.071713932261225 0.06956287548103497 6.373563864722725 0.06038197121372951 12.732851571371011 
2 0.05058090149888621 16.835487513254854 0.041004957097179905 29.609469287458996 0.06952227430476965 5.073899317174183 0.06030572509173614 10.047052028939381 
1 0.05037360591344923 10.327078356626426 0.04063212316766341 17.8770277196353 0.06945414618171598 3.113537356847498 0.06019672823228994 6.143038532171415 
1 0.05044032883234868 12.19290798040758 0.04075334965864225 21.54032788658309 0.0694822694685295 3.7925163102582085 0.0602311229563768 7.412755698445508 
2 0.05054433214910836 15.390067064048946 0.040939961692471806 26.945419330614392 0.06951200945035393 4.74413366804969 0.060286370834116254 9.362427397559527 
3 0.050788269906976546 23.307751971087747 0.04137246536891637 39.42452175410223 0.06958049886559577 6.942822715119149 0.06041508688277377 13.912255914370064 
3 0.05074903331740945 22.031781617353886 0.04130344191469189 38.31153418378334 0.06956924471602748 6.579688028665338 0.06039415531904609 13.173763090473916 
3 0.0508289864599211 23.850456101546904 0.041444926846433604 41.82356548194414 0.06959192961217266 7.31252304183936 0.06043644856534639 14.67529801072892 
1 0.05030971942637854 8.353007289340539 0.04051478729446369 14.228257678627894 0.0694352596696687 2.431291208082235 0.06016268800111735 4.918624959955728 
2 0.05060013564518405 17.386404379755188 0.041039931972895134 30.65650583073134 0.06952781172043425 5.251379477462353 0.060316018856303874 10.408723539669102 
3 0.050861201363528986 24.842438718353044 0.0415008687424697 43.47143891875025 0.06960135567611352 7.618642344458209 0.06045376744913541 15.286254353403015 
4 0.05097831425942512 29.26868318629276 0.041705096933976185 48.414361150470384 0.06963337136503248 8.665894619891658 0.06051391352607436 17.486652824959155 
1 0.05045470012233222 12.870823632921201 0.040779551685895164 22.84166614776 0.06948633585595732 3.922795255767288 0.0602386529122221 7.6818472280368555 
4 0.05098270277213719 28.91224311177324 0.04171354296834656 49.49890808135662 0.0696355580745937 8.736747876656697 0.06051728884045708 17.58696430403406 
3 0.05077516778890708 22.896319502367888 0.041350374766605344 38.42557208796386 0.06957719464479713 6.83370110909159 0.06040863469123188 13.671901971676451 
1 0.05040241511198641 11.24706323471288 0.040684793310244494 19.990565510977813 0.06946744050092926 3.422570546124227 0.060211699612366554 6.698578737828591 
4 0.05101195574275853 30.40469295115751 0.0417642234376255 51.4359602639841 0.06964278868837044 8.976673591084513 0.06053138236292042 18.125606217661456 
3 0.05073604305858058 21.6652565151741 0.04128034271055593 37.12373209602818 0.0695658737252574 6.469928003699897 0.06038762127101012 12.933834469123857 
4 0.050915295304609996 26.45708100660533 0.041596059081844154 47.28973614529689 0.06961601312642225 8.09667421894064 0.06048146893496178 16.301341990033695 
2 0.050628787844799336 18.31876666214551 0.04109031752488357 32.187757647127 0.06953605293425144 5.514319694062613 0.060331333932617456 10.939253130966557 
2 0.05049479775279877 14.115918953705087 0.040851180806803444 25.02642720074108 0.06949788098057626 4.292668151653868 0.060259999922862864 8.433349128890779 
1 0.05027980130338918 7.411635177505888 0.04045857314213205 12.89510757729138 0.06943067577900233 2.041280784126056 0.06014633933112336 4.348893127690319 
1 0.050435630165088376 12.210472721356073 0.04074396326192577 21.26120971322514 0.069480598931426 3.7410969025787226 0.06022827844534566 7.314352633950534 
2 0.05049848458419513 14.231417062829383 0.0408576013405918 25.08476565540494 0.0694989600561522 4.32683840460191 0.060262018977422484 8.503845275708539 
4 0.0510083295177998 30.22972995319865 0.04175788101125977 49.86404466739604 0.06964235540827102 8.960273392802197 0.0605301125842795 18.065204236313203 
1 0.05035530250025257 9.781331491784844 0.040599009664065086 17.0040450821406 0.06944565049549578 2.8987252006956097 0.06018703417565452 5.785369974417966 
3 0.05071428931168879 20.982178127154835 0.041241894669666476 34.98727588901419 0.06955982239630804 6.275360540485458 0.06037622790170882 12.528977343592919 
3 0.05082752408278194 24.492206873720708 0.04144135275848532 40.39251533642663 0.06959148017440661 7.298180364285559 0.06043563894632141 14.646916475510428 
2 0.05062993131850886 18.35092944309268 0.04109232747674727 31.46800575575164 0.06953639217271151 5.525073932153754 0.06033196695218732 10.961220134319253 
1 0.05036843545068394 10.17705457599633 0.04062310440889531 18.12647814773252 0.06945190184021066 3.052332106349683 0.06019401789398522 6.043492117407124 
3 0.05078926396851906 23.340054252020614 0.041373617488678134 38.86741377395213 0.06958078721017077 6.951354159435006 0.06041566314273004 13.930299551683593 
4 0.05101977959750378 29.714653519077228 0.04177792117828051 52.897625888959354 0.06964559222833952 9.067224663348373 0.06053611866813615 18.28381030533122 
3 0.050756886999655935 21.652583091056357 0.041317677499133315 37.359888909112875 0.06957203645283713 6.6675177780824155 0.060398981791734585 13.329313877894464 
4 0.050984052498681764 29.45277069886842 0.041716475842240495 48.50098380125619 0.06963577944288171 8.746238148583162 0.0605178922890501 17.613347647884602 
3 0.05080972716445723 23.927691699096762 0.04141080264452184 40.874621623803364 0.06958641709720183 7.133278739162707 0.06042638034609703 14.32114565132027 
1 0.05032623446638028 8.869219939555288 0.0405456654549194 15.426984615209708 0.06943753191451738 2.5936683335074475 0.06017150452572765 5.229933857798751 
3 0.05072859366607148 20.810808131417787 0.041268055567439746 36.591964229982224 0.06956386492978274 6.406657555241042 0.060383850769809476 12.801654558391487 
2 0.05050985468547249 14.556694547134379 0.04087798617840534 25.217834827810222 0.06950215935329787 4.429246989384184 0.060267973172669964 8.713735991372161 
4 0.05094373450857457 28.238691273241557 0.04164495471669914 49.051717730971916 0.06962357576403956 8.346383347330615 0.06049577399862797 16.83213989476115 
4 0.050960721509736184 28.76968998736691 0.04167523996533276 48.70896443315604 0.06962880264266888 8.517002536725967 0.0605051972195582 17.16172499666552 
3 0.05067220839895242 19.673304726353113 0.04116700427490975 33.680988961937565 0.06954804124672814 5.897544934714697 0.06035405473827671 11.744632877554418 
3 0.05080820895243373 23.46719531576193 0.04140938730677048 41.750890978477784 0.06958642788844148 7.1327195570678015 0.06042595377361191 14.29022667875061 
2 0.05049698220598162 14.162830640924062 0.04085519349550988 24.179359804684044 0.0694985260122057 4.312629714347476 0.06026117205896001 8.473498094570008 
4 0.05102145050065258 29.648785634167098 0.04178074633066298 53.10609223569446 0.06964603212042295 9.082302085720121 0.060536962228759525 18.314901321572137 
2 0.050556875418380345 16.080484954411073 0.040962655598604646 28.344112106367806 0.06951557514991044 4.859368286179203 0.060293057070374786 9.598469918493631 
1 0.050385308881429 10.707324755015062 0.04065376891803517 18.26598079939871 0.06945965432960587 3.242610873984398 0.060202900676573814 6.370690307594825 
2 0.05058873534955312 17.072242988736427 0.041019419447626396 28.656620163000344 0.06952461727462614 5.147554743891041 0.0603100220354119 10.194504108048623 
4 0.050994829378140115 28.958924557700858 0.04173478195344242 51.781975410587656 0.06963799400234365 8.818903684431529 0.06052246677817169 17.80050036344888 
1 0.05043670629279804 12.315966213995242 0.040746983170267065 21.862998247586223 0.06948118568189725 3.759050771835109 0.06022923586840316 7.345527212051005 
3 0.050814957905898614 24.116925364051095 0.041420194159516296 41.17286483639306 0.06958788344173882 7.180807574499497 0.06042914159788728 14.420379415040264 
4 0.050993968959051506 28.924635845403735 0.04173243733038447 50.00016209047716 0.06963834455801843 8.828569494244443 0.0605227024266876 17.793984572530746 
2 0.05054701630314562 15.77991927247918 0.04094487857990792 26.93982811395075 0.06951277230938181 4.768623653570508 0.060287806202668937 9.412738528086773 
4 0.05104458257902391 30.47798000245292 0.04182133666235327 53.07049253868583 0.0696520615828147 9.281895479955848 0.060548464334385696 18.748690459861194 
4 0.05102164855274817 29.772765870851572 0.04178007952519218 53.146592299038375 0.06964604278952304 9.083956933755795 0.06053706060169126 18.320431027339975 
3 0.05067297117281504 19.698847512772822 0.04116880443189044 33.44195268030969 0.06954802739984403 5.898249522834874 0.06035416062805188 11.755800923906525 
2 0.05058529855536259 16.966754336310238 0.04101255066160992 28.503568559360986 0.06952362788607529 5.116620007988989 0.06030816097797378 10.130050306521824 
4 0.05102833113888945 30.85626554290919 0.04179238715514834 51.984714731205585 0.06964748045893947 9.130531968078468 0.06053997951700132 18.437869333348875 
3 0.05086240422904793 25.541862131134614 0.041504763493005734 43.03644444807473 0.06960156256691911 7.625415066177226 0.060454381530863376 15.318071791112695 
4 0.05098832550055886 28.757263675335544 0.041722862699725444 49.64648323384895 0.06963629711831085 8.761971958906557 0.060519185263247524 17.678409500428096 
1 0.050343325058305875 9.404472826342522 0.04057710520499162 16.05936983412268 0.06944106877940595 2.768939204307301 0.060180560232925305 5.5531204391178415 
4 0.050989882990741156 28.804991253714388 0.04172713986724538 51.04168245050573 0.06963713233202438 8.788673921049618 0.06052048642474479 17.714772643278565 
4 0.0508973009357655 26.767211137219853 0.04156432117204589 45.375623427604026 0.06961053052799411 7.91770367046963 0.06047154831383853 15.95426230056223 
1 0.050342871524545085 9.35901810477569 0.04057628943373252 16.338961448252682 0.06944097615001533 2.76472869032535 0.06018039182311854 5.544814963845676 
3 0.05072879573094398 20.769226580161398 0.0412681318296443 37.550445977998606 0.06956365651722991 6.400456010224548 0.06038362403628934 12.801280667734847 
3 0.05072576550794868 20.720645209497853 0.041260586371358446 37.11970240121009 0.06956278121261152 6.372997592902209 0.06038206081873858 12.745169378512546 
3 0.05076672927679875 22.63070120873137 0.041334558001213904 38.61467055501097 0.06957475079435814 6.756654720285276 0.06040414306762354 13.513969396865054 
1 0.050329735794928054 8.979377396715003 0.04055219496557267 15.642074815914526 0.0694381151034211 2.628985316435 0.06017338133993928 5.296610921808828 
4 0.05102924277785546 30.947071481869436 0.041794291642233694 51.74265045485497 0.06964769653074261 9.138327784992658 0.060540385381497884 18.454874864060546 
2 0.05062827499722564 18.255486583785146 0.04108954794443781 32.18057880667638 0.06953594111705433 5.5094277681335475 0.060331097307183154 10.929231734659473 
4 0.05089184455235246 25.79757575225281 0.04155524956313724 45.95830447481737 0.06960938139000457 7.879908872039332 0.06046917936423797 15.858847812505923 
1 0.050399908530791016 11.155730802780505 0.04068023505425429 19.853006082762352 0.06946601514883377 3.396028760525592 0.060210452612047605 6.651156688079976 
1 0.050281064869094595 7.44889640813151 0.040460885243036614 12.617084335601415 0.06943101319834191 2.052410122335563 0.060147017070460676 4.37135555226438 
2 0.05065096151679997 18.96727327502901 0.04112926987421169 33.38546290369485 0.06954229434817463 5.713148826779014 0.06034309453868623 11.35176133462966 
2 0.050637456932000245 18.56364081622081 0.041106047743715894 32.23009480104354 0.06953829592807145 5.585798686146845 0.06033576564434945 11.102462047199975 
2 0.050520031701744315 14.871736347333883 0.040896412983807286 25.882946970206024 0.0695051031872282 4.523667881879206 0.060273474067818245 8.907528477054813 
1 0.050345278621665955 9.465525535776992 0.0405806894818484 16.474100575100827 0.06944171061794845 2.7911611676237293 0.06018166844306757 5.5908281258995425 
2 0.05054856176061225 15.779004860618409 0.04094780317841353 26.999169732499666 0.06951324360051803 4.783721155616559 0.06028866198580134 9.442807550070198 
2 0.050660876307421734 19.320300382038692 0.041146954179704986 33.934182929902626 0.069544768590777 5.792665118673009 0.060348060352397016 11.53302696756878 
2 0.050591627527704165 17.165566084276428 0.04102350369819768 28.03016516643271 0.06952536001046809 5.171616891948313 0.06031140170840177 10.243082346406691 
1 0.05043061192868129 12.133296050059148 0.040735902138656514 21.02739551203384 0.06947905738332148 3.7016215533655576 0.06022606859041204 7.23067111941656 
1 0.05027327159846432 7.202237399383809 0.040446142867938975 12.531328982474085 0.06942922044468187 1.9839236909011562 0.060142903828681996 4.228108396837065 
3 0.05077661258763781 22.944889184082065 0.04135243665488729 38.657788073160376 0.06957726061231997 6.837778111704809 0.06040900488366008 13.694893826481453 
4 0.05089417026045153 25.869539456050187 0.041558398421933755 46.32001385044556 0.06960999256162771 7.901734302779657 0.060470365314457354 15.90365037613357 
1 0.050388066845006504 10.792280446819916 0.040658603123244874 19.208445132211246 0.06946088167187811 3.2720775603707777 0.060204337687318296 6.424106055943729 
1 0.05037133259390982 10.264457031000482 0.040628069201645675 17.868803564711953 0.0694531091817702 3.0879587282861207 0.0601955162051267 6.098404043212606 
1 0.050434408968393483 12.249479277039175 0.040742231063742015 20.87522134602061 0.06948040338227099 3.7358917666739586 0.060227945368848734 7.29957129484379 
3 0.0507278882410652 21.368281550602596 0.04126640574612857 36.60958690595234 0.06956359958576601 6.398120773700751 0.06038334025635832 12.783270107771347 
2 0.050667365648665974 19.541804871755595 0.041158711970442616 34.25242365074864 0.0695464305298765 5.84756804773653 0.06035129579270426 11.657144701206871 
4 0.051016714655109506 30.55621573183521 0.041772662128348945 50.62031281085931 0.06964412493079648 9.02081565385267 0.06053386821038055 18.216237479251827 
2 0.050509296375500966 14.54310006345035 0.040876961924101105 25.057617064601768 0.069501987357082 4.424943996760602 0.06026767017058602 8.704525908860294 
1 0.05034248989986093 9.377137253677649 0.04057568339649388 16.3209009516329 0.06944086385698109 2.759682668963142 0.06018019734976192 5.537147274051046 
2 0.05063713367435295 18.553728997612595 0.0411047969872251 31.89396109969808 0.06953818248308453 5.583152050425285 0.060335575514742355 11.096922458058652 
3 0.050809892252318925 23.98320122137472 0.041410954539145804 41.88672091482647 0.06958642714653986 7.134943600965204 0.060426431468141265 14.324801179809759 
1 0.05030066405501551 8.06851260841081 0.04049797456022338 13.383658845382033 0.06943381517068806 2.3101232489752173 0.06015771165139246 4.747141187604646 
1 0.050377362787040136 10.446721950608154 0.04063892652391624 18.611441295226737 0.0694556842315017 3.1538449846613794 0.060198690930991505 6.215710079398538 
1 0.05041285768572344 11.565444550162132 0.04070373445017098 20.554883118402977 0.06947195524689559 3.5281159567225537 0.060217008359262324 6.89607234858276 
4 0.0509138560129937 26.468896785989035 0.041592750141524096 47.426866690722974 0.06961561720376615 8.083841154081984 0.060480736249102926 16.27497982791874 
4 0.05097249434582009 29.143213510840873 0.041696572580515734 50.582761883870745 0.06963222377591491 8.62719812778403 0.060511419491408446 17.384685589508127 
4 0.05096093939544749 28.72204413020051 0.04167605486742039 47.29417930084437 0.06962850145754709 8.507282883133394 0.06050484503022556 17.15965712242229 
3 0.050718013688132405 20.673531774842893 0.04124800379020841 36.97059175991838 0.06956063027670363 6.303252898199276 0.06037796493521611 12.599184883488926 
3 0.05082961819597298 23.869520238250868 0.041445421116963185 41.913017793047935 0.06959209154090172 7.317687473853306 0.06043679029966266 14.687005582358145 
3 0.050801762877807764 22.507491996595338 0.04139709608035745 40.45231154235101 0.06958407129495403 7.058127470101968 0.06042190518004733 14.161053824795733 
1 0.05043969231479121 12.088807014335384 0.04075112445050064 21.993974274667607 0.0694818484475215 3.7795763849814215 0.060230430519459185 7.391361407628324 
2 0.050541620318865374 15.609282634354841 0.04093486944157295 27.522804788529708 0.06951124101549117 4.719993416641577 0.06028492586538967 9.311344512202197 
2 0.0505562910937015 16.062496883328958 0.04096118419818244 28.288065002409382 0.06951538478365389 4.853288460401141 0.06029272463225539 9.587274793628671 
4 0.05088376609541291 26.345937345743483 0.04154043941906287 43.79579384839735 0.0696071111587177 7.806717788275343 0.06046493951571347 15.707348191769634 
4 0.05105668020327514 31.15265487169051 0.04184177050819179 52.54214765650569 0.06965658212317075 9.429031676560982 0.06055599409367267 18.996120892467236 
4 0.050909631360163354 26.33645388489275 0.041586441750055964 46.25089340866966 0.06961441151514744 8.043866849484495 0.06047849399213444 16.1944911200808 
1 0.05041468062689099 11.622470539025532 0.04070700080842672 19.96099878323053 0.06947273020522271 3.5460093785317794 0.06021793683288661 6.9306256702801745 
3 0.050838264634660756 23.662397441168586 0.041459845474527135 41.398600540780066 0.06959420310943817 7.3876195425528195 0.06044090112456037 14.843892043742269 
1 0.05038395136217226 10.661326818610483 0.04065122373205943 17.977427839897672 0.06945888298686413 3.2268821431713888 0.0602021598313572 6.34341149134722 
3 0.050774380581725155 22.874061361257453 0.04134794126066713 37.7266947458665 0.06957693951074433 6.8261944343450125 0.06040820378016863 13.657104853524379 
2 0.050567291192335384 16.369298368122305 0.04098124063957882 28.600133317900827 0.06951851629054459 4.9537100978272495 0.060298571003435386 9.793356341555011 
1 0.050273651350432734 7.21671630746866 0.04044686076437405 12.545955659638668 0.0694292747232495 1.9437329330164643 0.06014308865713301 4.235823731075479 
2 0.05048426555594843 13.740436578262125 0.040832367077124496 23.885179202571976 0.06949484653565101 4.19551016021949 0.0602543767842201 8.235683804084497 
3 0.05066882175990493 19.58807245160792 0.04116178123233009 33.75812068443039 0.06954705256488877 5.866750199780005 0.06035232841598379 11.68774769257518 
3 0.05084106652708344 24.156906080029884 0.04146518347267582 43.452627472405425 0.06959525418651621 7.4197619895211036 0.06044263191313768 14.895126021367787 
3 0.05082655411525613 24.513210134788896 0.04143966226258065 40.99079788120525 0.06959121347958035 7.289458880385382 0.06043512545475972 14.628226980744893 
1 0.05043027933929668 12.120985490717695 0.040735066907117444 20.39252233292096 0.06947886462637078 3.6949731501977654 0.06022579596315011 7.223148128690906 
1 0.05039752440718996 11.09247887199758 0.040675757990692764 19.50277111965757 0.06946514886756339 3.371884853798202 0.06020919844877594 6.6049233719013545 
3 0.05082355108731003 24.418987654879288 0.04143456134255809 40.92292479751542 0.06959040798735368 7.2619550130300095 0.06043360507436907 14.571940504369 
4 0.051001593259820635 30.07698433161313 0.04174672681602438 52.09898678104561 0.06964083239452831 8.911658861733759 0.06052707308147638 17.945812876931278 
3 0.05070794823143217 20.800074268903256 0.04123138123194757 35.92964845605564 0.0695576547044063 6.207350905283095 0.0603724539875231 12.409315219714541 
4 0.05088448938157854 26.36910765311088 0.041542462883981085 45.68704853128832 0.06960694670058751 7.801912090944232 0.0604648823524486 15.71465998780605 
4 0.05105996714632326 31.25838742824802 0.041848907347849254 53.90767922843234 0.06965704579167817 9.443504139442597 0.06055713871176349 19.04973664181784 
3 0.05086252292572778 25.581745065132203 0.04150362337276904 44.650583235267774 0.0696015915074774 7.625845994109639 0.06045444788597332 15.318925345495677 
2 0.05065540407092077 19.096681354261865 0.04113753307403287 33.5998729729573 0.06954352929333667 5.754012962409238 0.06034544098499754 11.436179363289968 
3 0.05086613663782523 25.1177535535605 0.04151109812966579 43.8390928717469 0.06960226126730672 7.648361872471793 0.06045591875708735 15.381977533237682 
2 0.050583804300490434 16.926264893716773 0.041010535467025266 29.37099533292365 0.06952321223245264 5.10255866832904 0.06030738233622669 10.101678736928609 
1 0.050459380236457796 13.026629833558658 0.040787637959671066 22.98047740038403 0.0694876723990392 3.96574215180924 0.060241133564153324 7.769326114292869 
4 0.051012341191301845 30.417030369937162 0.04176471760160467 51.414324052889484 0.06964291128122937 8.981199866333021 0.060531593848995716 18.13359015986503 
3 0.050853983158230434 24.621800181681785 0.041487594802756954 42.973908779541674 0.06959932617671345 7.551731938858291 0.060450002872313356 15.14932623694187 
1 0.05026186657232279 6.842895256503165 0.04042447911256271 11.889071686229428 0.06942629070815165 1.7615692525312263 0.06013699131490887 4.020864089672296 
3 0.05071125600382644 20.90385135969563 0.04123674591983574 36.6072499646742 0.06955878276650924 6.2430168096744465 0.06037445791285134 12.473924728761983 
1 0.05031694764360327 8.57788436838747 0.040528645754049755 14.937078223750461 0.06943620838389859 2.5018122502921494 0.06016652940100679 5.054700354286631 
3 0.05080454292164782 23.820557477459467 0.04140164057480054 40.573325451031494 0.06958541676079266 7.099907989938328 0.06042405269215213 14.221289769804182 
2 0.05055646493803932 16.06770658129458 0.04096161047688028 27.28917264424566 0.06951545377492344 4.854702611627259 0.06029282289438105 9.589840018519396 
3 0.05072358229218249 21.281256702868582 0.041258981114470586 36.33595749944948 0.06956237788698323 6.358507940922129 0.06038106898065424 12.701964872175568 
3 0.05086054012450061 24.82098405053963 0.041500492385194584 42.35268204495009 0.0696012138317266 7.6123877338826045 0.06045344114465091 15.272977142825752 
2 0.05046512266394972 13.215062058837713 0.04079752285914552 22.6640467322145 0.06948944082443967 4.022418253076497 0.06024430640514692 7.877674622638248 
1 0.05040203602688429 11.233142885145108 0.04068387568199966 19.88666359547768 0.06946705425379139 3.416711306889475 0.060211471014457486 6.691645826770267 
3 0.05080668138966281 23.837687330244545 0.0414059138220008 41.643083751595086 0.06958568873614715 7.109883132805971 0.06042475947466939 14.256957362588214 
1 0.05040086125782243 11.185432390244856 0.040682053000159056 19.181700017939853 0.06946665946916816 3.4068457598115116 0.06021093431157639 6.669362778529963 
4 0.05099775116194065 29.045464601793917 0.041740679641392595 50.64946614735735 0.06963984056026028 8.877176003359875 0.06052518262914582 17.87314904904313 
1 0.050259037703880474 6.755828867733456 0.040419148745126234 11.742008737936656 0.06942559332582161 1.6860279703272076 0.060135514958650604 3.9684169328231262 
1 0.050395045868730615 11.00514403436697 0.04067143810355591 19.136982283147653 0.06946396382741328 3.3456762242829052 0.06020794131642593 6.557683931120768 
3 0.050850178381641006 24.503075259119335 0.04148178047224218 43.926484596283046 0.06959824342328398 7.517232214403933 0.06044798294604732 15.078298324673364 
4 0.05090456213726983 26.942524270645997 0.04157739821480286 46.883221302496 0.0696129311486168 7.997471209900951 0.060475798054059914 16.100087184199698 
3 0.050835610642978556 24.0032455376927 0.04145611357806529 42.03666843462695 0.06959381813672291 7.372470637435178 0.06043995919093181 14.798726875572962 
1 0.05040526935195202 11.328119931315442 0.04069000882375463 19.6861111626951 0.06946868379613017 3.451496478246535 0.060213171433741164 6.753019625320268 
2 0.050573477925029565 16.59665866338981 0.04099219792954572 27.153648383074632 0.0695202454968767 5.006346795661054 0.060301969718911407 9.911759475724159 
3 0.050762196466430896 22.44278366664472 0.04132748596691303 36.37332287897453 0.06957336789379089 6.710732737668917 0.06040173754306245 13.43438982382819 
4 0.050997920010255784 28.99188396305957 0.041740100383214886 48.37257165480396 0.06963963684290023 8.878587227203186 0.0605252090945823 17.87752628742893 
2 0.05064726291878334 18.895990026295568 0.0411231030393979 33.17537369828325 0.0695412537071853 5.679862756157112 0.06034112825110623 11.282615058509785 
4 0.05091440099383111 26.485876858227094 0.04159396552913606 47.25083811988681 0.06961577246749832 8.089001474993362 0.06048101578587704 16.285285485534523 
4 0.05104352191649782 30.386033585898623 0.04181865423385238 53.079024840321644 0.06965172316257537 9.271009814298315 0.06054788354448544 18.727827406204266 
3 0.050784486291556775 23.18666394533698 0.04136586846310707 37.59268216506159 0.06957916515018629 6.898396377563633 0.06041276483108774 13.835597847260805 
3 0.05069975594980548 20.526301189537424 0.041216570372362045 35.53505406423928 0.06955574331299899 6.145673645508265 0.06036855703787658 12.259374398925607 
1 0.0504562238154002 12.913420889120198 0.04078224215187119 22.91372187483278 0.06948673559193563 3.934863981966339 0.060239480205905825 7.711369315255103 
3 0.0508304240129183 23.428102345912446 0.04144672282151239 41.865720340313445 0.06959201699137381 7.316147961679066 0.060436809022781555 14.696494988977525 
2 0.05049670529551285 14.115933489313147 0.04085440120972614 24.15353026513346 0.06949840459122966 4.3092601761072284 0.060260971255371484 8.467921534000142 
3 0.05085406579469841 24.093331723345994 0.0414887075184747 44.098733447155794 0.06959931816010236 7.55241073741791 0.06045001669979426 15.151653825615316 
4 0.05095397078636628 28.5568375517999 0.04166300201134965 48.0256428958524 0.0696269082133289 8.454957640603684 0.06050169253093335 17.034678760300572 
4 0.051006957034165766 30.18306693857849 0.04175449838455864 48.77946909592832 0.06964193299475058 8.947681663808144 0.06052941041361139 18.039768667319983 
3 0.05073977455846194 21.732515227552724 0.04128730352105278 36.293467116125065 0.06956721765665541 6.513013119632371 0.060389978493915496 13.009496321013913 
2 0.05059297023179059 17.202381326574855 0.0410243549475242 30.215440936258506 0.06952576122496154 5.186721627009255 0.06031226749706185 10.275478774078312 
3 0.05075225648484814 22.173350995265356 0.04131007387549476 37.872953767707386 0.06957073678844426 6.625471283041824 0.060396556013309635 13.242499079841105 
3 0.05074492396508447 21.947666564863358 0.04129623905568143 38.37107590451256 0.0695686196203252 6.558865071607023 0.060392652684321015 13.105825084155754 
1 0.05029044371533575 7.740004560589116 0.04047881733093036 13.48804836891328 0.06943232132232055 2.197837933098696 0.06015211313857125 4.551180764817274 
2 0.05059890934372108 17.3456596826634 0.041036806654533756 29.192423320734967 0.06952764361941222 5.243963956930661 0.060315514956374515 10.380920370024322 
1 0.050338308204760665 9.245628980836807 0.040568321353792076 15.093827352510022 0.06943999600152062 2.7113619973643166 0.060178077461346305 5.458258753907094 
2 0.05053753448384064 15.474317971393479 0.0409275998569977 27.13922515544173 0.06951008489963806 4.683508508351886 0.060282773270995016 9.235908668622148 
2 0.05051570637764284 14.790614752251779 0.04088563552331962 25.30078695794618 0.06950385639618767 4.485739141297531 0.060271195411410704 8.826440905320693 
4 0.05088883842062185 25.701569443576165 0.04154938711756271 45.463672688259805 0.06960853075565591 7.852285619744954 0.06046759545358525 15.801919222629746 
2 0.05065747393744039 19.206756913961147 0.04114179792307903 33.650453424328745 0.06954412716838851 5.7727113219611965 0.060346548660105935 11.474607451977567 
1 0.050288177153970805 7.672813627402422 0.04047446885498227 13.361932511410439 0.06943218572931217 2.1757174587213006 0.06015088867124493 4.5070258754621495 
3 0.05071603875475674 21.014329207677665 0.04124531153897943 36.82080178265658 0.06955985923666072 6.278795658113321 0.060376649746991105 12.559547378877213 
3 0.05066898004705157 19.593101890851724 0.04116233960123555 34.34046893365426 0.06954710767078363 5.8686104010311535 0.06035241088773281 11.6906971595408 
3 0.05080532135645057 23.84482516023711 0.041402293613822076 41.59853147370453 0.06958562468963907 7.10686976225842 0.06042444789057792 14.235454749137611 
1 0.05041922929874104 11.771045739488446 0.040715303861960796 20.443556029388738 0.06947410019526568 3.587650272913612 0.0602202843636455 7.015303318340832 
3 0.05070677338439701 20.76344360759785 0.041229050846736226 36.37382700123825 0.06955752279940239 6.203386307649987 0.06037207954820471 12.39115408247369 
3 0.050745048381426336 21.953889245107554 0.04129667200502398 36.36795178168368 0.06956844831686107 6.553360159486405 0.06039244417272719 13.104465224438162 
4 0.05090189792446594 25.53671988108379 0.04157160377190762 46.7801382327725 0.06961181226442573 7.9595964124840295 0.060473985056662516 16.040749018713274 
1 0.05046141707864069 13.04825981000331 0.04079165345818815 23.09423579070479 0.06948824337975013 3.9840269595133835 0.060242197054263494 7.808913174865907 
1 0.05029408105986792 7.863273264386217 0.04048569725450664 13.68539549454286 0.06943284362407962 2.231390617146898 0.06015410009458394 4.621790359411695 
2 0.050519494006074764 14.916824807235898 0.04089540684602968 25.740404091447694 0.06950483249703716 4.5155062489743285 0.06027302933927453 8.895877327919157 
4 0.05097747853016599 29.300484608931963 0.04170462148661869 50.10781186170797 0.06963353251340779 8.671829882319901 0.06051395578994413 17.479901733947354 
4 0.05091758712935436 26.583756389039923 0.04159213394525399 46.27446394235518 0.0696165224992649 8.117679428596684 0.0604826493486816 16.346178711368033 
2 0.05060681671052732 17.64360348748454 0.041051696021194 31.03308302620806 0.06952958695477238 5.307605781245799 0.06031944763585223 10.531275814224557 
2 0.05056508437208766 16.30335065920324 0.04097705437405269 28.697926878697224 0.0695178173754819 4.930340642743395 0.06029741971828513 9.753270664094018 
4 0.05095002295919131 28.44255777710788 0.04165591381463772 49.33301182214375 0.06962580169987302 8.417482414748608 0.06049961218100965 16.958089969965982 
1 0.05039278832448518 10.940495598636495 0.04066744598919398 17.755478565276555 0.06946307155898054 3.3221634864943654 0.060206781841722234 6.514677695952531 
2 0.050591134078339685 17.144713703093615 0.041022681982529015 30.06170686621217 0.06952528087203437 5.168963950739302 0.06031118740418928 10.233556935424527 
3 0.0508289864599211 23.850456101546904 0.041444926846433604 41.82356548194414 0.06959192961217266 7.31252304183936 0.06043644856534639 14.67529801072892 
4 0.051047607050652324 30.572148288917823 0.041826947052455446 54.57095231623002 0.06965347438211437 9.32660078357209 0.06055066043985232 18.814635989067487 
1 0.05038523801963456 10.701379522433152 0.04065343136817815 18.028152119051327 0.0694594837245426 3.241018404932645 0.060202834599309016 6.368599715023102 
3 0.0506981741489813 20.476596108019002 0.04121337387800274 35.75413174544144 0.06955531396360257 6.131030454361438 0.06036775359674196 12.229181492151287 
4 0.05088626215781731 26.42493996614952 0.04154566049366719 45.521795973878206 0.06960783502060738 7.829295416657045 0.06046627025243421 15.753613160879102 
1 0.050362614906044566 9.982161700588225 0.04061225372910091 17.29247016784701 0.06944918741467546 2.97967718345346 0.060190894746651805 5.928754984743794 
2 0.050465050731097846 12.879707810358155 0.04079762879292069 22.859667584264002 0.06948929766023292 4.017821199023957 0.06024412427592844 7.874630242974286 
1 0.05033673932105816 9.19808567520081 0.04056496659955375 15.495618662883675 0.06943948127288421 2.6996798470194845 0.06017710757693652 5.428200086063375 
3 0.0506895221867953 20.225552390289533 0.041197893159701904 35.40397704624562 0.06955261653639774 6.046401137333012 0.06036296993786934 12.07070177746697 
2 0.050483594056423345 13.753381154759655 0.040831240710771766 23.814074912489268 0.06949463672877229 4.188708468403451 0.06025397626984067 8.221473073087349 
3 0.05074590487258869 21.980000216432398 0.04129806864052326 38.45377343520282 0.06956864924978104 6.5588077570007 0.06039286654025768 13.118863475175143 
1 0.050461168166643255 13.086022377220948 0.04079089482743115 22.53390875994441 0.06948832004410371 3.9859950223078755 0.06024222038066468 7.80374998236679 
3 0.05085148954703261 24.49291105544299 0.04148361797824619 41.88641608834287 0.06959864839364524 7.529261577612905 0.060448708432329745 15.102970088468808 
1 0.05039958791231147 11.158139657734525 0.04067961514250205 19.384695746020846 0.06946613083360696 3.3929199333603632 0.06021027134412928 6.644118805491237 
2 0.050502484103583586 14.298249591602561 0.04086498621113718 25.453129973861547 0.06950004163060804 4.362054622803799 0.060264153221208025 8.581743593566365 
3 0.050685285034679006 20.069666080130297 0.04119175649021441 34.40488571059592 0.06955150966304409 6.0101926321165875 0.06036084432426022 11.99539089239081 
4 0.05089461716769252 25.882787152165964 0.041559903822237766 45.310525274958636 0.06961015723264309 7.905400362096303 0.060470620348197814 15.91057788806464 
1 0.05029889693951887 8.011175303584125 0.040494583057439505 13.843734556740472 0.06943359617103853 2.292697405462935 0.06015672922475331 4.71250134866334 
1 0.05029688316173142 7.776821955282005 0.040490762763812846 13.640481413374328 0.06943353680335095 2.2735701601296032 0.060155695917446794 4.673542290809197 
3 0.05069949860171656 20.47157829995753 0.04121546091068135 35.953869233034766 0.069555647976592 6.142916953931999 0.06036840903566618 12.254109169262842 
3 0.050818663135075846 24.266016069444284 0.041426740012533825 40.76512748259729 0.06958940168980474 7.228250404866086 0.0604314699720675 14.48562785339846 
3 0.05083876679709918 24.136702036522113 0.041462120067462735 41.7451047422052 0.06959464278162532 7.398883221678737 0.060441435621963566 14.85221923554478 
2 0.05047878828759876 13.290658109736626 0.04082267952283876 24.159573570152027 0.06949318040427155 4.141884712370304 0.06025142814920932 8.134492805469623 
1 0.05034366195091093 9.41496833765973 0.04057784066085245 16.373030033600394 0.0694412035502743 2.7734239653913404 0.06018079146309311 5.560432919540373 
1 0.050392624041556346 10.937011735405846 0.040666839763370224 19.384303342318155 0.0694626975447195 3.319340227294363 0.06020667854596572 6.510530393532643 
1 0.05026409005321593 6.767013967892437 0.040428747714518085 12.016174597849815 0.0694268415469978 1.7794904574809665 0.06013811711309867 4.06208887367816 
2 0.0505931408755812 16.83156730795744 0.04102745111796521 29.60072062090672 0.06952586037252191 5.188565367021843 0.060312355500878975 10.27855614602068 
1 0.050361946199826445 9.984621539111396 0.04061106736425276 17.764746790458037 0.06944846447694675 2.970142648916112 0.060190588743450416 5.914565718087273 
2 0.050542352185722395 15.635739449557814 0.04093631535991621 27.551980694682932 0.0695114283150459 4.726826433294831 0.060285314224967114 9.326110343572944 
2 0.050654823404958284 19.12328140588328 0.04113650173666984 33.272875506130156 0.06954337844134584 5.748731833723869 0.06034515070728733 11.425373497298079 
3 0.05070485174897769 20.69444481786908 0.04122515829882691 35.36617273177961 0.0695573867808165 6.1985848082532256 0.06037148773320737 12.356726033493128 
2 0.05051961269366735 14.917439694749248 0.040895809387945084 26.34360213533869 0.06950498228090891 4.521051814428728 0.06027323469861072 8.901274957097439 
3 0.0508241019759028 24.436137199742227 0.04143502098013413 41.321029901509625 0.06959051558203774 7.266616151883125 0.06043387444952153 14.583225207676596 
1 0.05026581004468471 6.967403493361166 0.04043198984850223 12.106633226025501 0.06942739412573233 1.8354127283716821 0.06013905994236298 4.09178547186226 
2 0.05064190537575973 18.720693729777135 0.041113352899388014 32.87524494919829 0.06953953045142362 5.625519763793585 0.06033807442144754 11.181293165513694 
1 0.050435578916118495 12.25096255261959 0.04074453596683185 20.855290530704075 0.06948069716984584 3.7435672966112863 0.06022841754231404 7.319303111188144 
2 0.05065083760642386 18.598271810680085 0.041129634470659586 31.88865010598845 0.06954227222939323 5.7118893343858375 0.0603430344499854 11.349513296390828 
2 0.05059040568054026 17.082470500217934 0.04102162310943135 30.137495894456844 0.06952506148904206 5.162510488041542 0.06031078582134082 10.220510379779656 
3 0.05083175622679248 23.93501700025923 0.041449268558981255 41.82224525809168 0.06959270176431663 7.337647958823244 0.0604378961244371 14.72691171752002 
1 0.05040003000495822 11.125846447508005 0.04068033020466503 19.395686512191524 0.06946624742102103 3.397884433014334 0.06021049881336612 6.6534208682847735 
3 0.05068396922615759 19.983074343411875 0.0411893485186818 33.578037214859954 0.0695513689413466 6.005729714734217 0.06036042202509244 11.974881185862486 
4 0.05100932677234736 30.32029086281824 0.041760295652359766 51.251715217447725 0.06964259246712039 8.970011831197745 0.06053059492340791 18.085220974405697 
1 0.05025896733502179 6.736914154408008 0.04041882132496678 11.730752573635357 0.0694255380778783 1.685428212322631 0.06013545175389016 3.9657528678859513 
1 0.050269182982207505 7.076716385749789 0.040438424861172426 12.297902693693839 0.06942816513229563 1.8630779134136666 0.06014077249542986 4.1544924848437095 
2 0.05049580656214812 14.153771017960405 0.04085312872480397 25.050390707040822 0.06949815959387622 4.3022078121236005 0.06026054731183765 8.453386824351034 
3 0.05070579600503402 20.732683913540342 0.04122712453429521 35.47248160992051 0.06955708940213773 6.189545179141762 0.0603715720956977 12.373302782264009 
1 0.050321423281838217 8.717796207984609 0.0405367392280473 15.171457876732376 0.06943678119341609 2.5447466713192766 0.06016887576761047 5.138808423476841 
2 0.05059308564772306 17.163595745266054 0.04102695042191646 28.691290849490247 0.0695258702427173 5.187446478678628 0.06031235298763134 10.276805349872726 
1 0.05029737826983368 7.967166057314944 0.04049172988524014 13.866761848565307 0.06943355492085101 2.2777847563067537 0.06015593238602346 4.683514707661288 
4 0.05087261731785596 25.808690190331713 0.04152267658131727 44.93655662887572 0.06960407761154999 7.707609010803781 0.060459301875139634 15.504488852289233 
4 0.05092305867817457 27.588510716215247 0.041610349341144895 46.60511695701196 0.06961820142654378 8.169315948950768 0.06048552661967145 16.45027541732501 
2 0.050544548530171554 15.65161866846518 0.04094004926686265 27.679942551628983 0.06951208313738143 4.74682805209156 0.06028651992249488 9.366876587991396 
2 0.05064697648450787 18.886989466638212 0.04112282178742804 32.571596415601675 0.06954113538517259 5.677216800860341 0.06034093842787919 11.277954140084859 
4 0.0510540223042763 30.770660990002078 0.041835832729158896 52.44729171417962 0.06965526485713205 9.386280016997645 0.06055397818865845 18.935649386354633 
1 0.05040199528955669 11.220695893810648 0.04068410209969796 19.97214417332433 0.0694671544885126 3.4184136095304716 0.060211519677782 6.690999336037381 
1 0.050325906213277795 8.858795093560918 0.04054397851959164 15.2817420462185 0.06943757217175722 2.5901849990060404 0.06017131622143475 5.224022032464926 
3 0.05069184207764431 20.25193156699346 0.04120246036417992 35.57515593289385 0.06955329750304136 6.0665121668979065 0.060364239058050696 12.113650028528077 
3 0.050849936407747355 24.496326319971985 0.0414810789386465 42.870599927042385 0.06959816333775928 7.514452429948638 0.060447859435504916 15.07393304479596 
1 0.050343239493891634 9.40198665067616 0.04057693125557636 16.356859992427133 0.06944108656724939 2.7694787428423764 0.06018057539737668 5.552140860508092 
4 0.05102850685782105 30.924640863342102 0.041792592296619004 50.94655866848512 0.06964749820584493 9.131923669381525 0.060540030383236396 18.44181347164631 
2 0.050469769174963285 13.35215629818563 0.04080646389060912 23.08711041279955 0.06949080246754309 4.066029680975435 0.06024679815105118 7.965536579245162 
4 0.05104312783451105 30.43332244586393 0.04181651475197029 53.02068322835969 0.06965166598537761 9.268062381502613 0.060547711012825745 18.71870063475128 
2 0.050481191728786824 13.672598206894198 0.040827239727423234 23.04535145009794 0.06949392573016504 4.164980450328711 0.060252672865271084 8.176256114031991 
2 0.05066649028285926 19.46945110096637 0.041157570374194 34.20902577395539 0.0695463840439424 5.845620828101005 0.06035109763975969 11.644412868268834 
1 0.05033677521746528 9.199384041752154 0.040565318519642124 16.023452253352833 0.0694394790007143 2.7003481571217423 0.06017713583006985 5.429270375473774 
2 0.050578513569468096 16.718336997943645 0.04100113849252905 28.85803005055333 0.06952164778553431 5.051751226862106 0.06030461212488417 10.005068632775535 
3 0.05070028199471088 20.542477403979262 0.04121688074685122 34.462448908511384 0.06955566056210152 6.143273202846492 0.060368558109054525 12.265661020597364 
3 0.05072283193339422 20.63113415338259 0.041257036098712584 37.02955237196452 0.06956198900420275 6.347069889530163 0.06038051958831085 12.690295768218837 
4 0.05105909077851685 31.893237431422797 0.04184698957778711 53.926993124474635 0.06965729021717877 9.451638856618919 0.060557264635597886 19.042417283189213 
4 0.051008112396492486 30.281038823526252 0.04175776016137629 51.18004272535214 0.06964224743412906 8.9591083107637 0.06052999519192405 18.06342438061032 
3 0.050789375353794464 23.343002987797195 0.041374424395400886 40.75167249862556 0.06958081643828493 6.9524338771305025 0.06041568615151445 13.932317571166399 
1 0.050265694177589096 6.96531079674989 0.040431779398658343 12.104243087432797 0.0694273044686323 1.8341193763115702 0.06013896035773096 4.090629976126171 
2 0.05062900697687546 17.966017403082585 0.041090404677811325 32.19246763638738 0.06953611951249733 5.516473604015904 0.06033146730210244 10.943686679585074 
1 0.05028430149257723 7.554044769085652 0.040467044298224876 13.148810033076225 0.06943155223470036 2.080421010446959 0.06014872730209211 4.43372800200521 
3 0.05072413035883966 21.298270565722056 0.041258880129373184 37.2748692954501 0.06956252563841947 6.36379059987272 0.06038135822418271 12.712616275767214 
2 0.050632993937599055 18.407550372604963 0.04109801529909577 32.26122297598088 0.06953725620287667 5.5513369832024395 0.060333587162386425 11.016755536970553 
4 0.05096992272040416 29.061688431650815 0.0416908777575519 50.16905054825201 0.06963138587138025 8.601765118697651 0.060510030635912836 17.33700825317458 
2 0.05066161700782974 19.34343592556587 0.04114830850545849 33.92183633318299 0.0695450453582904 5.802696888578107 0.06034843191970245 11.547670400007064 
3 0.050758811798257863 21.71214088633824 0.041320512873925325 39.07647683046989 0.06957257346825249 6.685414441259563 0.060400014627963204 13.365365042489426 
2 0.0506645986517633 19.390283413623713 0.04115412853277471 34.09335379376152 0.06954611550105265 5.835564502804709 0.060350287547055716 11.606111267991313 
3 0.05075337172218227 21.547495838239605 0.041311306249797446 37.90682983545721 0.069570793012283 6.627802204670277 0.06039683761338699 13.260078791213067 
4 0.05093474410111189 27.951691721399317 0.04163083721478798 48.53182484702488 0.06962195943222863 8.290706272849844 0.0604921477547037 16.677775105250486 
2 0.050529214812748746 15.215989543273869 0.040912975466603045 25.26133299954507 0.0695077345044114 4.607840589154326 0.06027836804787832 9.080373783842358 
3 0.05083260783347886 23.9097471469545 0.041450426825523884 40.98197071387162 0.06959296327136685 7.34496843090942 0.06043835943560903 14.741799743802257 
3 0.05067317289912678 19.705109555841354 0.0411683834068398 34.56050561721567 0.06954826652875531 5.904933970581842 0.0603545169569162 11.761574953019393 
4 0.051022362976190797 29.794855935577807 0.04178234500421631 53.211467778436216 0.069646248976905 9.090593985565906 0.06053742884836999 18.334365914863916 
3 0.05075169359086257 22.155798903962275 0.041308179859061656 37.82766993598036 0.06957054589591236 6.620664139684386 0.06039623749064742 13.232581043870283 
2 0.05065523359373105 19.136725133593455 0.0411371011862383 32.80574015584805 0.06954349062699187 5.752378370660303 0.06034536190014368 11.433194655831988 
1 0.05030138858253234 7.9124109010225565 0.04050022865531182 14.113710613565933 0.06943422068393428 2.3515272340090427 0.06015836125133175 4.7688230581953075 
1 0.05030999664263987 8.364927756632337 0.04051532433752356 14.555412108011193 0.06943525465128059 2.4333321499855387 0.06016280897088307 4.924589203235394 
4 0.050915954986347066 26.53314967071891 0.041597627014992734 47.51182667840972 0.06961616405774251 8.10246960915178 0.06048177711134952 16.31441819882381 
1 0.050425180345570496 11.965978358968366 0.04072636743557601 20.75237525599799 0.06947702001263008 3.649554972350193 0.0602232978943136 7.128901318552001 
4 0.05099112788333891 28.786962204795337 0.04172917218735457 49.787114183634564 0.06963795468734149 8.814924249954293 0.06052166976162825 17.74651816654196 
3 0.05085410269618852 24.62359817197281 0.04148860971274704 42.70319927855461 0.06959938804463463 7.553080441619218 0.06045007281756554 15.151595895009644 
2 0.05064833907348567 18.929685015390582 0.0411254421705683 33.21158576562041 0.06954157117184698 5.689707439722224 0.06034171518188967 11.3031799057272 
2 0.05060628039518211 17.628627569964856 0.04105041581146329 30.99526748082723 0.06952954170931132 5.306557371186626 0.06031928388566017 10.522738557210573 
4 0.05102997155867985 30.911263417686268 0.04179422143126165 51.08563530816186 0.06964792910340153 9.145615846269962 0.06054080712900205 18.468375478671618 
3 0.05086287705676155 25.592944644297518 0.04150514812623414 44.75002060332585 0.06960161158706485 7.627760619702168 0.06045455447231017 15.326620080434543 
4 0.050962340690670835 28.76483999031141 0.04167805917225501 49.87549792851822 0.06962923935890793 8.530565275361052 0.060506046621639255 17.19222981773111 
3 0.05082906049965204 23.852546107203533 0.04144458497161905 40.78185569279559 0.06959194139412082 7.312996835854998 0.06043648167580157 14.676728203581018 
4 0.05099381408604238 28.927034917845752 0.04173291123359412 51.62413202904812 0.06963768461465383 8.809281001174117 0.060521905073517325 17.780176167354465 
4 0.050923492133455525 27.023191310277106 0.04161053184738076 45.69680674515644 0.0696179745075038 8.160754541024144 0.06048531652421678 16.449829232714524 
1 0.05027114240163357 7.134569582378111 0.0404421065659582 12.403972454876392 0.06942874120799807 1.9230081324199606 0.06014182015314403 4.18888223974952 
4 0.05101698372515381 30.50524909621752 0.04177301838964665 51.409248036455004 0.0696442190247573 9.023229869816557 0.06053401010187058 18.221395253135576 
1 0.0502932501686266 7.834555014418645 0.040484064190590606 13.637721724545614 0.06943280214763212 2.2248950257892806 0.06015372205807108 4.605717216567328 
4 0.05091325514655022 26.44991209642734 0.041592462896232786 47.41615894173102 0.06961546610200745 8.078631669227297 0.06048043257474987 16.26406389203995 
3 0.050817053305536986 24.21499870831691 0.041423669512395345 40.27498943700891 0.06958862495539411 7.203859200948438 0.060430246493443016 14.450696145027388 
3 0.05086508871239058 25.626713008202252 0.04150902358285076 42.58840307829123 0.06960234239635674 7.6498609696404305 0.06045582583526725 15.368247037356905 
4 0.051055381741872706 31.77410736602733 0.04184103568866916 54.84353483993217 0.06965615277782325 9.41558434817804 0.06055527916603409 18.972548180286907 
4 0.051053429775004065 30.69218376540066 0.041835418477366215 53.39338149769458 0.0696551028346791 9.380944314577134 0.060553682076548744 18.92471956908156 
1 0.050432235146018176 12.171353444675361 0.04073865009235676 21.118889789024234 0.0694795973544762 3.7133874357198104 0.06022678889810993 7.258681661171259 
1 0.050435208582717474 12.274619186333004 0.04074397410838314 20.7818726298245 0.06948067782943375 3.7431228502512623 0.06022836057109746 7.314216086164214 
4 0.05095499282788687 28.59220425266438 0.04166402780148154 47.11930590453632 0.06962719275261176 8.463419425075795 0.06050221543910037 17.05211313233284 
1 0.050412769603539555 11.562704127025622 0.04070340197884199 20.097849316744504 0.06947179685535065 3.526825961791329 0.06021698486850231 6.894880883410823 
3 0.05075568644172431 21.618042887842304 0.04131503611249032 38.93631922710432 0.06957140429333775 6.648050887387839 0.06039803129173203 13.302621376972832 
2 0.05051417127912823 14.697375493641289 0.04088548399981508 25.427455252512893 0.06950337199475372 4.4682056188504085 0.060270250553655244 8.793785820756753 
4 0.05092855642961371 27.764068268022775 0.04162017650391843 47.04778286692747 0.06961973369586962 8.219229070904905 0.06048839310045928 16.553552881690194 
4 0.05092952526319712 27.784933216690252 0.04162146472145452 46.59533072789937 0.06962040859014097 8.241629272721763 0.06048935277650177 16.579779688807136 
1 0.05042509906249768 11.963561386042645 0.0407261273428423 20.740418546531405 0.0694769969075598 3.648769643178807 0.0602232545208757 7.127255821344368 
3 0.05078537231942366 23.203375505883656 0.04136794796076962 38.47499898695535 0.06957976575565182 6.9174934258859455 0.06041370910158208 13.860210748796046 
3 0.050735812864157126 21.609827431502044 0.04127954683140749 37.744015215210595 0.06956578259267746 6.468679621868359 0.06038748547492352 12.930212946239863 
1 0.050420265144391095 11.812421416990441 0.04071683463103225 20.718021195169282 0.06947465803565497 3.598747395210456 0.06022079241536556 7.035423674724251 
2 0.05057287742718586 16.258488371775705 0.040991434052949395 28.55935674018901 0.06952012450451117 5.004942168195223 0.060301574411074164 9.899081773258262 
4 0.050958174991073316 28.63284618923266 0.04167078544608899 48.63009096782806 0.06962814804333266 8.494044686834915 0.060503931882061976 17.114350060017593 
1 0.05042601313468692 11.699957781335096 0.04072747341509216 20.793776392141446 0.06947737532039719 3.656525451908709 0.06022366989692549 7.143074143125008 
3 0.05085722704803708 25.414636414216297 0.041495327113351105 44.366687883850474 0.06960007082196487 7.577191470703285 0.060451598212770644 15.218579638613388 
4 0.050868020577295225 25.771131688410286 0.04151341408592913 42.70043226859891 0.06960279801905998 7.665227107911039 0.06045690645657627 15.41671728222423 
1 0.05035358707830332 9.72781738801692 0.040595960114872674 16.789516323209217 0.06944502159967578 2.880898945294998 0.06018613834158872 5.752338434162831 
1 0.050311012170242565 8.155723912520408 0.04051838982613075 14.64309348048393 0.06943533475144578 2.4508504393627577 0.0601637047566297 4.955774395431561 
1 0.05030421883798194 8.178463182395381 0.04050463288217462 14.239947936115206 0.06943425144629863 2.3758643343082015 0.06015959115613058 4.814585251479916 
1 0.05041087302679735 11.511602286728472 0.04069972043491786 19.995762579701903 0.06947106647412979 3.5063172119584487 0.06021592889887364 6.857683156281391 
4 0.05098818204626952 28.753610082268995 0.041723530731971215 51.376683349757194 0.06963658681758467 8.772362914678157 0.06051957189165964 17.68374456186189 
4 0.05102709114523446 30.878193968618746 0.041789856674473505 52.24215859859165 0.06964704858906166 9.11697015669495 0.06053928099199922 18.41413702656164 
3 0.050731139637139225 21.518766220607358 0.041271800563698335 36.30127013663586 0.0695644217851841 6.423128820816245 0.06038508645457552 12.84379318958907 
2 0.05064628065910744 18.82033290626177 0.04112101491079496 31.630569582244192 0.06954092439099338 5.668522283726074 0.0603406216842445 11.263810226361453 
1 0.050311925872143906 8.425591518282555 0.04051892665384605 14.669413989079157 0.06943527801464904 2.451787497439504 0.06016377158662987 4.961436975599364 
4 0.050957816988559154 28.076511212741195 0.04167086143406177 47.259949900731954 0.06962764819152346 8.477459008782972 0.060503264439223194 17.09898730075009 
1 0.050382970472932186 10.625340449112786 0.04064947359650679 18.929520972578224 0.06945844348493375 3.216600908502999 0.0602016585535796 6.324973344909161 
1 0.05039462668256607 10.99800784512779 0.04067064258673823 19.572116777945826 0.0694638897396207 3.3413495465959984 0.06020773279651594 6.549896519448687 
2 0.050542524048283834 15.639370863164388 0.04093673376011402 27.563233358396747 0.06951147563561354 4.728564391367412 0.06028539423222702 9.329309242011485 
4 0.050977579350706057 29.303520742691283 0.041704018300675244 48.2891133840658 0.06963356686595537 8.672851675021017 0.06051402264881125 17.48204041890228 
1 0.05035436020346458 9.747599717378579 0.04059741955364607 16.838611933146673 0.06944537690319735 2.8894371253731768 0.06018656727021576 5.767825034249492 
3 0.050808302844860355 23.886410291883426 0.04140847566958739 39.87758984614264 0.06958648996448333 7.134521534207508 0.060426031651460044 14.29192680366764 
3 0.05073254993969213 21.515056112909015 0.04127486992482127 36.86479261920022 0.06956480220577368 6.437039320687498 0.06038578932998441 12.871115730890796 
2 0.050506860840541803 14.49472278666578 0.040872880991296726 25.083798091725498 0.06950133540863038 4.403846651355809 0.060266457522559436 8.661710944162929 
4 0.05089691166877055 26.753793789881183 0.04156284803675699 45.19460082196245 0.06961038104197784 7.914730343871 0.06047133082622539 15.948423750745059 
1 0.05041997013346766 11.787617977479542 0.04071649417294372 19.50954895350996 0.06947494465102691 3.5980524506214557 0.06022060368047645 7.029945636298956 
1 0.05026954063007429 7.084563585747192 0.04043905624776129 12.322775290708176 0.06942837208033445 1.866147398147294 0.0601409660486114 4.159366192086438 
2 0.050512600389333584 14.636182436793089 0.04088278904686221 25.244442462910563 0.06950297957426026 4.455700150155304 0.06026949704122693 8.767924735588704 
2 0.05064350867638405 18.79130696432258 0.04111663309403821 31.93774045604282 0.06954004743250526 5.64261719567086 0.0603390080531427 11.215701795235088 
1 0.05034569937851785 9.478751509873035 0.040581343323791715 16.477803602655577 0.06944184405362792 2.795640128603183 0.06018189309853346 5.598686844083523 
1 0.05033707523111296 9.208419628961815 0.0405657375700219 16.034114336362528 0.06943953638389952 2.703492686534672 0.06017729943964678 5.434771173427731 
1 0.050317306621530375 8.588770340187393 0.04052919478539012 14.957946893326204 0.06943625767568311 2.5054208997531946 0.06016672433376193 5.061596536755481 
1 0.05033623859913968 9.182372173619832 0.04056402291915502 15.98042024134592 0.06943942481764863 2.694331835793709 0.06017682781876169 5.418943350472822 
1 0.050385485175043696 10.71298044036748 0.04065387259426999 18.50984004090097 0.06945948915705899 3.2433883936388597 0.06020299460737917 6.374087999047289 
4 0.050998509629788316 29.06808637823205 0.041740981475658634 49.50166357313235 0.06963960940679112 8.869960677031253 0.06052503779230909 17.87908058325081 
2 0.05049893816913627 13.96812419173941 0.04085882201997715 25.217512969191425 0.06949899494510078 4.32925149952331 0.060262143301169566 8.511904593530208 
1 0.05028340059147536 7.522930295338161 0.04046529048808718 13.09495352169434 0.06943138678858585 2.072746264495656 0.060148257984234975 4.4158802748044605 
2 0.0505985145889005 17.33994100099658 0.04103702066815941 30.186074351093147 0.06952737584947244 5.236700802762975 0.060315184587241846 10.378015090622535 
4 0.05100189126719266 30.08100906062831 0.041746839296658546 50.899030983213244 0.06964048746033683 8.900897071202506 0.06052674638329718 17.94491067230124 
1 0.050260635826109026 6.803109479911015 0.0404221681396703 11.60923126757519 0.06942598247633784 1.7516016374341496 0.06013633908208336 3.998011486077858 
4 0.051014913289767774 30.499164444014117 0.041769075531611334 49.83202360603851 0.06964369114456907 9.004797400585401 0.060532953329902515 18.180456267512643 
4 0.050891889711114115 25.798964258376667 0.04155492997802136 45.90733841171584 0.06960936780286778 7.8807365926225375 0.0604691887292491 15.86089367912495 
3 0.050683271803496154 20.027889479914613 0.0411871068680172 33.5782744096291 0.0695508826825884 5.989992278516982 0.060359702363964166 11.95426047268593 
2 0.0506540545320586 19.055383143720796 0.04113501360776254 31.97510635219614 0.06954317599089432 5.7415378809504 0.060344750391639244 11.410407536373754 
2 0.05062937379150482 17.94092361477171 0.041090752933685026 31.90140701224222 0.06953620837446364 5.519749209245994 0.060331655693830734 10.95059852023408 
2 0.050647562616094745 18.903959948725564 0.04112384424425758 33.17214226448942 0.06954133450406087 5.682995297275744 0.060341290181708154 11.289325072422603 
1 0.050450777952065304 12.746184824660642 0.04077221594667492 22.106051438597447 0.0694851553931123 3.8844124431844014 0.06023659161062019 7.609814673683097 
3 0.05075359939115194 22.21579045972645 0.0413115665805711 37.922073138680204 0.06957082324113706 6.629176231781974 0.060396932361913305 13.263566946913766 
2 0.05062499249299292 18.167124159841165 0.04108376186677657 32.01695776863905 0.0695347644483759 5.473391394569591 0.06032915864181164 10.8704922587971 
1 0.050378011544667964 10.477239586493408 0.04064042144624144 18.653453395924807 0.06945622596306601 3.1625075873425503 0.06019908724335497 6.229515637352487 
4 0.05097290422002078 29.15616685032429 0.0416956596445388 50.56112300803327 0.06963231085805652 8.630601247136719 0.06051163208040601 17.391949233346082 
2 0.05047144309076183 13.372413870277947 0.04080936376609203 23.08195168293931 0.06949111373034071 4.075822213179359 0.060247490105486246 7.995120735448898 
1 0.050394576600998865 10.998099960086426 0.04067049286418668 19.54938083014968 0.06946387130336329 3.34109016151764 0.0602077022492705 6.5491244593216935 
4 0.05090852962136825 27.123393919777804 0.041585436863633876 46.75213893381026 0.06961404324920532 8.03293093193821 0.06047785873375013 16.174165982876257 
1 0.05033856720685668 9.255068059539285 0.04056832671835262 16.008433843023163 0.0694398361015806 2.71765572546147 0.060178049977807735 5.462454604813959 
3 0.050687500800533455 20.138295219782854 0.04119529935179553 34.43360563599815 0.06955210969289014 6.029266803819622 0.06036201807193875 12.036458474239026 
1 0.05043007788874944 12.10077850371791 0.04073465264222769 21.502437951413405 0.069478836240031 3.6932185233292323 0.060225673668297564 7.219385353976408 
3 0.05072785444893827 20.788453827319415 0.04126651180702127 36.03578594286289 0.06956333235909196 6.389302903083297 0.06038316643249059 12.784460887944366 
1 0.050412069115176816 11.526757037037994 0.04070235739501219 19.778774088982892 0.06947158480240764 3.5180312224032653 0.06021649758443972 6.880364615118292 
1 0.05025581913626358 6.652368485065058 0.040413087377160574 11.25948171072427 0.06942473311917588 1.6622312015752398 0.06013392934873475 3.9105627844360136 
2 0.05054164758131583 15.611865312879122 0.04093533175131448 27.526180303138336 0.06951125801084893 4.720287598275936 0.06028496436207711 9.312413731826132 
1 0.050415424296475074 11.646112737060859 0.04070838793584627 20.215997537560366 0.06947299302927426 3.5544073751103964 0.06021836879139912 6.946314025740361 
3 0.050690524075491086 20.25715626509946 0.04120052557073246 35.502716040671636 0.06955291273809676 6.054861974823792 0.06036350143746605 12.089174129430763 
1 0.05044381100766826 12.542068321657721 0.04075967765629844 21.99619901627256 0.06948328640825033 3.825022763266552 0.06023296981803685 7.4785964426237665 
3 0.05079411179825115 22.327627595722095 0.04138240060019959 40.02742397926884 0.06958191971174103 6.988956141401394 0.06041790460420242 14.018417890179027 
1 0.05042732528544689 12.02605620119597 0.040730118066046914 20.862330924191035 0.06947785302214944 3.670265973746338 0.060224390716860275 7.169633536053519 
1 0.05026519144424672 6.947968756356896 0.04043084673519122 12.080966051606486 0.06942724419775355 1.830318048545624 0.06013873668813195 4.080453256567561 
2 0.05046362796374907 13.169482015716516 0.040795365135141336 23.299787432149735 0.06948899094526803 4.0074730979237945 0.060243480696327165 7.848901529334164 
1 0.05039946835435429 11.154365338595326 0.04067926730548085 19.376265145093576 0.06946599819672575 3.389893374599241 0.060210142251675744 6.641049522742186 
2 0.05065517287505683 19.13450007520159 0.04113790984725416 31.926417427953293 0.06954348001068729 5.751671129336922 0.060345315798586006 11.4315988861438 
4 0.05099940107514955 29.09668257609359 0.04173023275913433 50.64054886223005 0.06963999811195473 8.891038535164569 0.0605259560794123 17.905122607035945 
2 0.050664750516756916 19.441850027902507 0.041153875283240354 33.2970752356124 0.06954616086964253 5.837425414010981 0.0603503857294289 11.609172615959938 
4 0.05097391020711313 29.18701862275001 0.04169745062577168 48.03660001063705 0.06963213713965813 8.625118094194002 0.06051160537361977 17.403056074505724 
2 0.05056570142413014 16.363355496056307 0.04097803235417742 27.776817930818964 0.06951800275018577 4.935002545141917 0.060297779960885124 9.764194692235083 
4 0.051001077540310066 29.43360459790309 0.04174554701590179 49.758805544639216 0.06964029470823363 8.892874620771448 0.06052634192862707 17.927753153523337 
4 0.050929377291119834 27.78160766820945 0.04162140502281267 46.241951905871964 0.06962040774211713 8.240001364798486 0.0604892880230818 16.575090595799583 
2 0.0505242649936253 15.032305105851771 0.040904612689437014 26.61355611924639 0.06950624836749549 4.560835720279542 0.060275654552295846 8.987649619554926 
1 0.05031333512854828 8.468321257190457 0.040521655492754605 14.741395888117665 0.06943572042868475 2.4647586628919798 0.06016461155270496 4.988314221633023 
4 0.050907337503376435 27.085488955352314 0.04157451273494059 45.86405090706701 0.0696135824409107 8.021885175096546 0.06047723189325701 16.152139642716396 
2 0.05059498833618886 17.222650238747935 0.04103031180388605 30.382239646179233 0.06952637714529916 5.205428307524709 0.06031332938982696 10.313030051386901 
1 0.050278727553684635 7.37511084966196 0.040456507332692224 12.833183284972634 0.06943049741637239 2.0319304204242394 0.060145787229827316 4.328030330614986 
4 0.05094170211206781 28.173861505797852 0.041640935401740076 47.39053907175386 0.06962300472659302 8.327651884078831 0.06049473723124125 16.79404359175042 
1 0.05032549157424373 8.845679453948366 0.04054434131586234 15.393669293178167 0.06943741530780809 2.5860553922042704 0.0601711079566164 5.215793860322365 
1 0.050338811858562704 9.262521294460033 0.04056892376972244 16.128050073116007 0.06943994469369301 2.721390001857729 0.060178235350371555 5.4678832972703955 
2 0.050656990161920455 19.191547551016114 0.04114075768825177 33.641579238071365 0.06954399781503569 5.767325407226208 0.06034631873338806 11.464934868215705 
2 0.050582064638235044 16.855435883818323 0.04100716455991395 29.697148152170495 0.06952272200181633 5.086427176980391 0.060306398357383016 10.064659276797068 
2 0.050554584769662944 16.015074237109687 0.040958062002106735 27.586255438325697 0.06951491906300396 4.838264031883127 0.06029183030084863 9.555308887988804 
2 0.0506286075186436 18.312447015008672 0.041089966673370414 32.2060813570499 0.06953583667308641 5.5061015219196445 0.0603310481090239 10.932414719586681 
4 0.05090644553624028 27.0568164548138 0.04158009589079469 45.42288457367954 0.0696134945765331 8.014446146533913 0.06047680563971618 16.13442071566454 
2 0.05065118339847674 19.018875673843393 0.041130418605382316 32.61924315118517 0.0695421482623462 5.70982159987562 0.060342951795618605 11.35422621176757 
4 0.050917981256627776 26.541525476870525 0.04160038045221118 47.60336898678359 0.0696167299100069 8.121641663348079 0.06048285846317679 16.353604020075302 
1 0.0502904774731968 7.746682138944823 0.04047893194427232 13.48932889717183 0.06943237288960138 2.1984120824246007 0.06015215366880113 4.5526714606471534 
2 0.05054470857900073 15.698538347019939 0.040940605608601036 27.578385405015034 0.06951213126116898 4.7485797704757235 0.06028660044576364 9.370232690774543 
1 0.050412069115176816 11.526757037037994 0.04070235739501219 19.778774088982892 0.06947158480240764 3.5180312224032653 0.06021649758443972 6.880364615118292 
3 0.05084843610079648 24.453065012334168 0.04147830718838321 43.88036081826352 0.06959704482078051 7.479172410388176 0.060446217529396294 15.033965295149585 
1 0.05036524760478718 10.067220794179573 0.040616994576173265 17.540356754209295 0.06945017200063933 3.006837382359259 0.06019227521888926 5.979729234934693 
3 0.05078301575975186 23.141152316069707 0.04136358166123542 40.214149701381544 0.06957875291011487 6.886396270755964 0.060412015132671956 13.809419474323951 
3 0.05073426539792997 21.6102893247777 0.04127730469431824 35.91480460549325 0.06956537854637682 6.455668220554989 0.06038669768384473 12.902603564893976 
2 0.050509011806464554 14.538249619551246 0.040876376117011615 25.646150884874537 0.06950192479638431 4.421999611474785 0.06026754083524111 8.698831303281498 
4 0.05099065745470296 28.76889667149164 0.04172775096586338 51.48696957983657 0.06963726262047938 8.794761704564445 0.060520846626104484 17.73027738787921 
3 0.05078014926573582 23.050553089157102 0.04135890681457346 39.27727666573848 0.0695785602540988 6.878153535518746 0.06041123044593853 13.764508358729737 
3 0.05085264839484662 24.5813313120384 0.041485816825568025 44.11457591168933 0.06959894643082934 7.539683406603747 0.06044928803313195 15.12484525372216 
2 0.05048274711038368 13.687093919800864 0.04082964551486395 23.537538713344613 0.06949434723296193 4.178456504276744 0.06025345770315753 8.204082836063211 
4 0.05093668822949482 28.014024700035215 0.041634463394047264 47.17226129441285 0.06962246163296568 8.308415715670861 0.06049312336667638 16.715047152454748 
2 0.05063433244887916 18.496673244469815 0.041100026495384114 31.75051531676082 0.06953749307363369 5.561367810200352 0.06033418738276567 11.046038748890698 
3 0.0508485838042662 24.40300938644636 0.04147882240439858 42.20759998746384 0.06959711239897573 7.48006044794799 0.060446321619272714 15.036194795773511 
1 0.05038831546242513 10.79905560515867 0.040659089805082836 19.230105276997712 0.06946095899552794 3.2744269708999845 0.06020447245723184 6.428693859785736 
1 0.05036616094122955 10.092141034960486 0.040618696090035565 17.246826988666704 0.06945077929211903 3.020880768778419 0.060192779270587846 5.998148781011777 
2 0.050611116244497746 17.790031106035652 0.04105916592132799 29.882720745476963 0.06953078433111916 5.344068610514702 0.060321809256407066 10.612041973336497 
1 0.050407556825524245 11.407870318885742 0.040694072510396674 20.275474683585408 0.06946970047494186 3.474794616323108 0.06021432150334869 6.795773508302314 
1 0.05042842731525178 12.06234456965628 0.040731742928305795 21.401327240197624 0.069478264892575 3.6796323531132957 0.06022488429712978 7.187917447311013 
1 0.05030023906620744 8.053086675435363 0.0404971086401687 14.021518954621992 0.06943358897810067 2.3064896488460684 0.060157451795112706 4.739216431686296 
2 0.0505260023553578 15.12169400748597 0.04090701175969844 26.582975842460108 0.0695067787687748 4.578198257453035 0.06027661144796187 9.019755001390802 
2 0.05049352986417853 13.752050839028808 0.040849049237525706 24.24839585854732 0.06949743733147101 4.279044415984108 0.060259240034384744 8.409567947719031 
1 0.05044460899955975 12.527798667787454 0.040761184604385256 22.29300966085662 0.0694833940485441 3.8285823312652694 0.06023322825104369 7.490818750732503 
4 0.05088311863888353 26.325857914584226 0.04153931677795027 45.66911580603087 0.06960688741302819 7.800369672784447 0.06046456076837432 15.694592933770284 
1 0.050265435129531834 6.807404598418178 0.040431270777194196 12.087716929326309 0.06942727567300366 1.8320338345397011 0.060138839064619844 4.08514284959769 
1 0.05029375722219798 7.850033009617485 0.04048514801045083 13.675205480934455 0.0694328605207724 2.2295600943107545 0.06015399627928247 4.615213764771066 
2 0.050652095849645404 19.065792774440883 0.04113147077075532 33.456107135968885 0.06954216762404483 5.710973993396488 0.060343252450789774 11.372870663426502 
1 0.05043487387204548 12.264194230081145 0.04074337032160813 21.255110834180336 0.06948057037375152 3.739919183926046 0.060228200822986855 7.308079515613194 
3 0.05073659566235887 21.68278351769005 0.04128176112040333 37.42347309472671 0.06956601733859145 6.47546692598159 0.06038791233633981 12.945123396031454 
2 0.050608981177167986 17.71912100035283 0.04105537080133458 31.01433376012336 0.06953008363267761 5.324138688981577 0.06032044230775356 10.569718037329341 
3 0.050765153294948205 22.5350730195917 0.04133335637115965 38.5775346368486 0.06957417402979724 6.738017270331172 0.06040326983263792 13.490582613336182 
1 0.05027592680214238 7.126865789185591 0.040451106460839395 12.668329244075176 0.06942980703227986 2.0068791785052524 0.06014427496701567 4.276339575232598 
4 0.051028259974056224 30.856124498384865 0.04179234409278446 52.28560672056868 0.06964743353676764 9.129730666325479 0.06053992857509462 18.437315827288284 
2 0.05057943607961666 16.789163835231165 0.04100261283203548 28.90955977341624 0.06952189594997589 5.060685321657713 0.060305092943239866 10.023368609719489 
3 0.050770875178504336 22.75802239963205 0.041342190392227696 37.58525387105499 0.0695759692841538 6.7940094773163135 0.060406376543637806 13.591062892029331 
3 0.05069202052524306 20.303966363791083 0.041202986499641256 35.571256262552616 0.06955331797292745 6.0680726607343285 0.060364288190084305 12.117093060915586 
2 0.050479891937457645 13.609311279205315 0.04082434849157802 23.499147881154347 0.06949356447961129 4.155055559830411 0.06025199447956388 8.152508023645465 
3 0.05071626131591829 21.069066649351647 0.04124512523120662 36.89777269591208 0.06956015119450565 6.287693048504312 0.06037705355017381 12.567118628881886 
1 0.050316703136610685 8.570462300721154 0.04052812112418145 14.926604212332146 0.06943618182972326 2.499056250561445 0.0601663851581555 5.049749334758808 
1 0.05033049887321489 9.003313994937923 0.04055349854951432 15.67047956379364 0.06943824116409994 2.636475299320255 0.06017378280338899 5.310757748345313 
2 0.05062521430694568 18.218169018095004 0.041083930628968 31.26471498740679 0.06953465609944007 5.470304994059309 0.06032906695295679 10.872229332963153 
3 0.05076925379801447 22.710193593906716 0.04133897726593018 36.69199967420219 0.06957519069560641 6.769776717581955 0.060405135696391866 13.555721716335793 
3 0.05079053323197118 23.381571960147994 0.04137750124482179 40.80297196599509 0.0695811542796931 6.963329306162619 0.06041628720460814 13.954640277671704 
1 0.050335079097921065 9.146194861499845 0.040561907271026314 15.823424567854726 0.06943908490567727 2.6817634385139906 0.060176172094586956 5.396202880437424 
1 0.050336992284857066 9.205880807274355 0.040565665310198784 16.033279027942992 0.06943951729388396 2.7027150665839206 0.060177257266279635 5.433214532379609 
1 0.050294060212838984 7.851792987893397 0.04048561842478872 13.4191846448656 0.06943287865790568 2.231482953583199 0.060154101856588295 4.62055490691378 
3 0.05082781296090344 24.50280552564607 0.04144239256075502 41.748178934990634 0.06959156498475597 7.300836915347074 0.060435805162118605 14.652735867266589 
2 0.050527274710163196 15.161554570300401 0.04090937734469617 26.664934649166252 0.06950700870701126 4.58594270795504 0.06027711178711533 9.041840719121131 
2 0.05050877961009974 14.58297629984016 0.04087622053850771 25.099482811197085 0.06950188165922032 4.421243082484883 0.06026746802983755 8.697110918651948 
3 0.050865684045283986 25.697358422214695 0.04150901871376679 42.297195149334414 0.06960213978638542 7.643694873869066 0.060455689726495274 15.372441404418547 
4 0.051038891987010615 30.298225599957057 0.04181037299275063 52.149307525618404 0.06965049416477095 9.228602429962063 0.0605455164225319 18.638304843220897 
2 0.050541413175853825 15.602806435079605 0.04093464048132327 27.241615563251003 0.0695111664033463 4.718618439601711 0.06028480621741237 9.308355783126599 
1 0.05032430896578401 8.626955636543752 0.04054227434022577 14.944682585524387 0.06943717195840231 2.5760443312627745 0.06017044136576368 5.1952540777152505 
3 0.050784806228404276 23.196796931506533 0.04136618572183829 40.52995463554243 0.06957920481824564 6.901054892817584 0.06041290937587816 13.84232955143456 
3 0.05075216308917609 21.45793506316395 0.04130956864821983 36.70661901868432 0.06957070153202273 6.624975242028715 0.06039650455731599 13.241246885437661 
1 0.05036847516517694 10.178107528593944 0.040623178742024174 17.91747298287648 0.06945185982593101 3.0522846298404436 0.06019403981678582 6.043951946143464 
4 0.05087565609402321 25.304789543783404 0.041526826842681885 44.31950303872723 0.06960448004680278 7.719917856783437 0.06046030660602018 15.547468842514203 
2 0.050467589459551966 13.255445745963442 0.04080280901857035 23.51392574451823 0.06949005235200703 4.041741401422669 0.060245492661374356 7.923136916125239 
3 0.05075817703766513 21.692737112657287 0.04131962571407123 39.09825573947612 0.06957238887304865 6.679277360752737 0.06039967622921312 13.353450788354479 
1 0.05040077766869072 11.18288519327317 0.040681947324805304 19.90979183275427 0.06946660772496102 3.4060698441996466 0.06021090165054584 6.668057241704541 
1 0.050401482987319404 11.205101012906717 0.040683129491171546 19.922592722923508 0.06946685853959238 3.4130966444389954 0.060211262685343846 6.68155156385627 
3 0.05072051671065777 21.202199654469908 0.04125329811360095 35.47813656923461 0.0695613598561339 6.325998584312584 0.06037929352238565 12.64603290099671 
4 0.051035802983291634 31.09440977495193 0.04180426527460022 53.938943136578544 0.0696500619358192 9.216590174536915 0.060544432530944804 18.589463061868493 
4 0.050904061344986304 26.98113700708503 0.041576380808254966 45.91295210924771 0.0696128097050319 7.992206136932237 0.06047553477008176 16.089079859677543 
4 0.05096043990362995 28.760754215916688 0.04167420968043386 47.46903983370951 0.0696287480863719 8.514544404892677 0.06050507068045641 17.15590113020781 
1 0.050307666274963504 8.288173965980448 0.04051106873302036 14.388434387953478 0.06943501731724111 2.4113807218302883 0.060161584863459794 4.88020477849011 
3 0.05068869827900736 20.134899189621574 0.04119658978340542 34.4384025824704 0.06955263610750122 6.044701349366241 0.06036275435750158 12.051981972027331 
3 0.05072528199468179 20.70601006685031 0.041261392431200486 37.23062843073053 0.06956267052421304 6.368499450189662 0.060381796699792954 12.735764914350806 
2 0.05053955183566898 15.54510348980413 0.0409310923613993 26.027629577010735 0.06951066377663499 4.701459757403017 0.06028384924184839 9.272845882575943 
4 0.050952220119410675 28.504882271887634 0.04166033389235162 48.31452617143099 0.0696268922706386 8.452579552093558 0.0605013263667339 17.00852573313128 
2 0.05063702068122132 18.594175684891983 0.041105257914898344 32.62144907749662 0.06953815976910824 5.581286118255185 0.060335531860933656 11.093880447187674 
3 0.050732260281430665 21.542322100149995 0.04127334889415663 37.69799994597264 0.06956479320616163 6.437229234883922 0.0603856421256503 12.865233230770798 
4 0.050956769857338415 28.057462991209654 0.041668702487347296 48.09923527068529 0.06962774905433497 8.48132134161423 0.06050316024966016 17.086447543287193 
1 0.05032280991758324 8.761788563209794 0.04053960243876737 15.26115881524368 0.06943681918829178 2.56120132706262 0.06016966447476278 5.166779397690933 
4 0.05096016438776572 28.752195552128633 0.0416742226579038 48.57458099026319 0.06962869556116255 8.511949610123619 0.06050495996239312 17.151404648869722 
4 0.05095648440328644 28.64078352605093 0.04166783873461853 48.4546728020132 0.06962764511482064 8.478029660028186 0.0605030236834593 17.081507646984925 
1 0.050426132017296045 11.980391895568761 0.04072763173900853 20.546962829947425 0.06947736497947225 3.6577139887830654 0.060223740461854414 7.1455710098395215 
2 0.050516625922282454 14.781088289266402 0.04089048342566729 25.05297486358854 0.06950418616182016 4.493543598102256 0.06027168338420309 8.842491680504333 
2 0.050664154804721064 19.423395814166316 0.04115351970521993 33.34996086138925 0.0695460003337954 5.831807533060394 0.060350047473997595 11.597729346631368 
3 0.05085093350288504 24.52890020290676 0.04148363954624098 41.71584588580194 0.06959845816563297 7.5234624972152115 0.060448371889234534 15.092456654769757 
1 0.05042121603807209 11.831321934451719 0.040719239058445746 20.412057602008105 0.06947534735628225 3.611515430266757 0.06022132165529233 7.0561598982119005 
4 0.05098107759079201 29.415513782756456 0.04171001984613381 49.7229008981877 0.06963413833967007 8.691645031752994 0.06051534866946875 17.53918629825403 
3 0.05075929499500126 21.677815864654793 0.041321795660197565 37.9584950837483 0.06957243357635798 6.681074736687146 0.060399922677634464 13.370042296930592 
1 0.050416687101946 11.694250500315729 0.040710546054301966 20.292057095116867 0.06947347450284895 3.565414629084652 0.06021894834923697 6.96812557844567 
4 0.051006399312005804 30.167274537743985 0.04175412358854648 51.14107420560656 0.06964176909190645 8.943110262347922 0.06052910131441234 18.030623822247684 
2 0.05052605596578456 15.124232916696352 0.04090742535157781 26.706904398671792 0.06950681153524241 4.577802232983949 0.06027664930980349 9.019660608259194 
1 0.05041751572195036 11.720092846931925 0.04071208776733605 20.33246265716832 0.06947392552731972 3.573865845580786 0.06021935298594698 6.983266596883278 
3 0.05081456335403789 24.121664367999422 0.04141928733447202 41.66685442822114 0.06958819189389755 7.189577708169159 0.060429244177473675 14.406230114242529 
2 0.05066200757346608 19.366628626066408 0.0411494714902187 33.968145010584365 0.06954496439227245 5.799239793042263 0.06034850489070831 11.557096653372941 
3 0.05071044987199562 20.87851210536511 0.04123528727758584 36.535317721511774 0.06955852296354822 6.235476542688062 0.06037400347970495 12.459293817008444 
1 0.05044213934752455 12.617808881454465 0.04075759117569426 21.68002579850352 0.06948278806248204 3.8092523854956175 0.060232148830489586 7.454063523439404 
4 0.05100611270365067 30.159468384255366 0.041755658006953314 49.61830322530158 0.06964174444885632 8.939849296625379 0.060528956873439975 18.023218176207074 
2 0.05052799052119493 15.17818402716036 0.04091070287386174 26.805972058035856 0.06950736605655593 4.5966629722250785 0.06027770596135521 9.05767981876215 
2 0.05058371914790134 16.925166451317672 0.041009937809468454 28.459409046234367 0.06952318686768674 5.101759202056298 0.060307341256273794 10.100114132297808 
4 0.050903334291511206 26.958759113969865 0.04157567901372276 46.64257714755113 0.06961256876226041 7.985257966441329 0.06047514585042193 16.07665813092384 
4 0.050895356451952714 26.649143852792967 0.04156080725055416 45.369562059895785 0.069609646580189 7.890480345444077 0.06047016756095745 15.913915887869635 
1 0.050347363055738406 9.530409234376908 0.04058444596754756 16.260234843864495 0.0694425207148858 2.8136699362232855 0.06018279645695821 5.631403619048769 
1 0.05028634337596964 7.454656582997998 0.04047097471146584 13.261594815618889 0.06943186312931217 2.0987456540259313 0.0601498505745077 4.472979162616148 
1 0.05046141707864069 13.04825981000331 0.04079165345818815 23.09423579070479 0.06948824337975013 3.9840269595133835 0.060242197054263494 7.808913174865907 
4 0.05092458176097399 27.637519753014153 0.041611866073826595 47.94149896430648 0.06961859703499759 8.182864718002392 0.06048628503033039 16.477636978616268 
4 0.050875644610792026 24.815066960495162 0.041526636585958565 44.06176692583873 0.0696044406211703 7.719802744334631 0.06046025003369284 15.547681990424312 
3 0.05069222191670662 20.271853950869474 0.041203349189533084 34.15552808276057 0.06955358978253752 6.076753519915664 0.06036465499406737 12.124206464552353 
4 0.05097255078812055 29.144708552384106 0.041695610445669835 50.57184989838972 0.06963185717038967 8.616027673826684 0.060511013450702845 17.379363991372504 
3 0.050799188606997114 22.94061460802907 0.04139241249669998 41.21669911975515 0.06958356372902096 7.041338353397694 0.060420845459488906 14.116892674999903 
1 0.05041492787074574 11.630688958623457 0.040707549438989306 20.194338976006325 0.06947283332692049 3.549354112169188 0.06021811179818206 6.936881794619086 
3 0.05084567665261571 24.366811065460176 0.04147399208943753 42.58293631956334 0.06959664296334435 7.464145194790061 0.06044520003968258 14.986753100304593 
3 0.050775858538567954 22.919232382293607 0.04135117752597447 38.75690027817567 0.06957734831319425 6.839956782423743 0.060408958779635105 13.685482727135675 
4 0.050936039741732074 27.936817623368448 0.0416338429630148 48.58787477187356 0.0696222734029752 8.30183981346797 0.06049275056066951 16.701634216429195 
4 0.05091208835727838 26.414331310560776 0.041591328276827697 46.12891261935267 0.06961508872426672 8.067898001971148 0.06047977400896036 16.24280161368042 
4 0.05090653277093449 27.059404639746628 0.041580061030271516 44.69683374715402 0.06961349591761039 8.014273579425126 0.06047682504845897 16.13495997511413 
2 0.05049046142048167 13.9812519140195 0.040843315278369666 24.779301917549695 0.06949651351734319 4.249477525702227 0.06025755144994712 8.350582819239403 
1 0.050454615336057905 12.840467491420714 0.040778722030619406 22.574710424769073 0.06948625957453054 3.9206311785657397 0.060238516878157566 7.677047824793706 
2 0.050496222116945454 14.192309519409656 0.04085407972287218 23.552092427580867 0.06949831067219293 4.306370263002064 0.06026078209500305 8.461887558436624 
1 0.050435630165088376 12.210472721356073 0.04074396326192577 21.26120971322514 0.069480598931426 3.7410969025787226 0.06022827844534566 7.314352633950534 
3 0.05080906783174606 23.956378654423254 0.04141053309565059 40.30299940765313 0.06958623960262143 7.12708639523307 0.060426022338704345 14.308568455639133 
4 0.05100245476366307 30.099503002871028 0.04174697162604123 50.97436166738055 0.06963974870826464 8.877643489857169 0.06052595535407895 17.938759777300543 
4 0.05103446927731673 31.11063929657388 0.04180318208968303 53.82297905738483 0.06964965614234864 9.202808314451955 0.060543717735904334 18.563356711239884 
4 0.05097610130558191 29.257009256322924 0.04170088144175058 49.35484102859281 0.06963273579532968 8.645311135811353 0.06051275533883273 17.444415486920043 
1 0.05038039514234338 10.553225677933801 0.04064473277310278 18.354997474815985 0.06945729964802365 3.1886530056514415 0.06020033028029174 6.275738815620612 
3 0.05078332322427516 23.052281319263802 0.041364088663913966 39.49437962488364 0.06957942322019306 6.907482628659944 0.060412873085674515 13.824889165886379 
1 0.05026252444668709 6.8630363918308035 0.04042577442883979 11.924559953095143 0.06942653429975627 1.7671632664947665 0.06013738076008124 4.032354583467831 
1 0.050343367525792625 9.405882813455255 0.04057722382555525 16.356508074470415 0.06944113399681398 2.7711750740698258 0.060180653329920994 5.554590089382264 
2 0.05056549112490336 16.356788371272252 0.040977626200566594 28.169521113129985 0.06951793119619917 4.933762185190628 0.06029765274124007 9.761105121434417 
4 0.050988071526431866 28.74958696850707 0.041723078660171956 51.384968556574094 0.0696361718569488 8.759224593944893 0.060519029222598976 17.673951729861294 
3 0.05075608402032226 21.6304316205088 0.04131571736865046 38.79788396214792 0.06957151347483105 6.651838322213689 0.060398240481188525 13.310142127165918 
1 0.050272250530406334 7.170729902647787 0.040444174246115815 12.231501086166602 0.06942899876625205 1.9319136082728612 0.060142358284269316 4.2091217714711515 
1 0.050410658091107216 11.505374044614584 0.040699519738656056 19.974678513852318 0.06947104302209126 3.5059020851603635 0.06021588254904917 6.85421199662633 
2 0.05059048954876518 17.0830463348177 0.04102163668379775 29.420647699517595 0.069525078290888 5.163592687063359 0.06031081930139924 10.222236755036395 
3 0.05067144401140392 19.64578096877336 0.04116599553852333 33.674797325826134 0.06954779937730352 5.890783606385235 0.06035363735754177 11.731660601622776 
3 0.050699081363314455 20.531279889086772 0.04121486860920937 34.12225437465302 0.06955535368768308 6.132879338053088 0.06036802499342615 12.246244997303078 
1 0.05028814780181159 7.675702955585289 0.04047452768607652 13.365937707921763 0.06943220991319114 2.1760550024519434 0.06015090663685513 4.507887486382944 
3 0.05072969448695057 20.844296631887435 0.041269868772415105 36.698097390445454 0.06956417801280505 6.416778495763216 0.06038444485832151 12.82267139201912 
1 0.05027130696020654 7.143478336584414 0.040442472341442194 12.425394318145342 0.06942862268957384 1.88067454027142 0.060141850260553666 4.193751605583121 
4 0.05103766299141462 30.200961465611602 0.04180797342136302 52.708025090332626 0.06965013185532934 9.217309497919633 0.06054487913353953 18.615266679756893 
3 0.05074722871510211 21.541261184569343 0.041300632173432175 37.16485243568767 0.06956877315234258 6.564054852703275 0.060393230623559634 13.1402861594554 
2 0.050518027665783484 14.825879118881142 0.04089269957973403 25.65354385124192 0.06950452896764374 4.505385187791364 0.06027237301626631 8.869016007717352 
2 0.05061994892557038 17.668882842581823 0.04107504747880213 31.730493164950268 0.06953336678443024 5.428884944106679 0.06032649741868201 10.77712647302483 
2 0.050635316175432855 18.52721841669734 0.04110189924226105 32.01674359071505 0.06953777481634023 5.569714418583866 0.06033471812562694 11.064104008244852 
4 0.05103663478758439 31.18015425615898 0.04180779842355383 54.030967773881535 0.06965033748525414 9.224600581544994 0.060544877547519194 18.605545696848456 
4 0.05104834480843652 30.594332153863974 0.041826458618419396 52.24682356084479 0.06965317023847142 9.316750461201257 0.06055041793429482 18.817943214565013 
1 0.05029175109529662 7.789477813952419 0.04048133717636779 13.556884520380132 0.06943272609395867 2.209766759984266 0.06015289758970167 4.577234240706796 
4 0.05095798925917762 28.683378651191628 0.04166911750579727 48.590636700520356 0.06962805579146136 8.491647838381743 0.06050381425380574 17.109800817703146 
4 0.05099855840263123 29.06898866309666 0.04174180987774194 50.56979697195588 0.06964008096841358 8.884690923628819 0.06052562939009624 17.889106060894118 
4 0.051015444058652194 29.87831616845774 0.04176927082578613 49.957175783795684 0.06964382105115631 9.00926490944195 0.06053320248176779 18.18990063356544 
3 0.0507409084801133 21.352727860926187 0.04128897556486408 37.28108601395679 0.06956752743045855 6.522797758379068 0.06039057020860737 13.03030641369846 
4 0.05098630946247289 29.58188906233179 0.041719513533966954 49.882502581521805 0.069635634115268 8.740168879558528 0.06051807533666855 17.638086654125583 
2 0.050540540664110754 15.576002109610277 0.040933213594425796 27.471331306554077 0.06951093049638178 4.710904515505986 0.06028434975880252 9.291955479922061 
3 0.050676598283083504 19.812191487298062 0.04117482257150741 33.15602184922567 0.06954922030499276 5.9367041235885765 0.06035632702193827 11.82700570256846 
2 0.05066669393609442 19.50350691288275 0.04115826738432209 34.2282150451963 0.06954629633603719 5.843090158699181 0.06035102070636065 11.647596597024421 
2 0.05050732426892375 14.50390673734598 0.040873697344608606 25.095191378431725 0.06950147161016516 4.408357556197634 0.06026670331609494 8.670272833038805 
4 0.050923650868002435 27.607233915415584 0.04161084111700073 46.59275943471299 0.06961836912913012 8.175051770993695 0.0604858445875875 16.46123228452517 
3 0.050776996465025 22.954144843953546 0.041354377346854806 38.58336602549973 0.06957768173575234 6.850896152942509 0.06040956037438243 13.707037111219952 
3 0.05070295865089073 20.627629362564903 0.041222133643547924 35.69994627284642 0.0695566452340595 6.174651738651451 0.06037024429258003 12.319023890746063 
1 0.05028455935980821 7.561518263505211 0.04046752836745993 13.152777088162571 0.06943162731722771 2.083293343925094 0.06014890753053272 4.438735764082327 
1 0.05031931361592823 8.625568207876913 0.0405340276638125 15.091045486467232 0.06943645718195499 2.531877196475282 0.06016809392937551 5.111623930614043 
3 0.05082687701042728 24.4182722904958 0.04144135863802339 41.743398644175464 0.0695913286557898 7.29261233049989 0.06043532405289002 14.634828828033 
4 0.05098446815336841 28.908856824958086 0.041715559580830404 48.953784325364275 0.06963510589284637 8.723287714752226 0.06051708025149396 17.602712428810158 
4 0.05094239090717052 28.195100380542943 0.04164314166142601 48.85104656720104 0.06962322689152005 8.332947533032335 0.06049510154626921 16.805551350643714 
3 0.05071387846206201 20.96899451776529 0.04124118365413666 35.82973034705271 0.06955967896582516 6.271644423686176 0.06037597976539745 12.521416071503122 
4 0.050870873327452035 25.8612844700393 0.04151874217245698 43.70614054977888 0.0696035993130667 7.691353338217946 0.060458431574522256 15.471009687680901 
2 0.050524338887544186 15.034522933051345 0.04090433631451831 25.063764855157697 0.06950629624373594 4.5615352948940195 0.06027570487508889 8.988316388487714 
4 0.051022647763995496 29.799635287552995 0.04176948339434338 52.597611257244786 0.06964615330090547 9.093795894494182 0.06053757704668807 18.33905371488477 
3 0.05077382012834912 22.855206433462815 0.041347293716385326 38.917984329193146 0.06957674698748785 6.821468661832048 0.06040788396674464 13.64730479769961 
4 0.050985362022824485 29.494277814809085 0.041717756401202524 50.036127679837264 0.0696353092963542 8.730947930568979 0.06051753483002244 17.621115952015497 
3 0.05080781233670043 23.918743445910074 0.041407468719205434 41.44266013998119 0.06958585166134224 7.116125117086527 0.06042533969017812 14.285460123834858 
2 0.050532520042748774 14.985245529426638 0.0409190085510813 26.417732833854608 0.06950865361317632 4.637884433571843 0.06028008959817148 9.141964962450096 
3 0.05071583656376265 21.055348589693082 0.04124502120582662 36.65739188349936 0.06956002987228513 6.283725773543816 0.06037681764178854 12.558695973177313 
3 0.05076568404902607 22.597315116820358 0.04133281245992848 38.55113167930385 0.06957446136234875 6.746986478570134 0.060403605225851434 13.494401453392744 
2 0.05063202258161714 18.430153375041296 0.04109670207594749 32.417099113901166 0.06953676503137138 5.53732796787064 0.0603328990742689 11.002626129197031 
3 0.050867061897361655 25.74111442333532 0.041512386359312634 41.4524854896317 0.0696025413117867 7.656719884059621 0.06045641734016719 15.399098232645144 
4 0.05099426360788396 28.93756123782155 0.04173351541151123 49.28835917265231 0.06963884990888834 8.844567031761857 0.06052335072597572 17.806873791485195 
1 0.05026026059727745 6.647171996588222 0.040421493853537376 11.80762028303028 0.0694258669335606 1.6962934804066283 0.0601361650763633 3.9918596899247434 
1 0.05032960916892243 8.975511300607856 0.040552005389774284 15.510303984047525 0.06943808429692931 2.6277807100746124 0.0601733186707887 5.294322659829294 
2 0.05054351004039016 15.670220281978823 0.04093850629131012 27.477129161376617 0.06951176364656612 4.737662957754611 0.06028592479150648 9.347753021732082 
2 0.05056508437208766 16.30335065920324 0.04097705437405269 28.697926878697224 0.0695178173754819 4.930340642743395 0.06029741971828513 9.753270664094018 
2 0.05060849008292325 17.7037531776162 0.041054332371054277 30.263359778476296 0.06953013112070777 5.325572399699373 0.06032040659501765 10.563201401107133 
1 0.05030671707510801 8.257870127239398 0.040509355761331314 14.275784392720883 0.0694346461219946 2.402862185261177 0.06016106231138324 4.863019834461455 
2 0.05065820403036807 19.256508135117876 0.041143310046362874 32.72876626882466 0.06954411689019716 5.771756141753771 0.060346734618460816 11.48929743153099 
3 0.05077239747787513 22.811478513064998 0.041344630763401155 37.793284738880786 0.0695763794581986 6.807782321246639 0.060407158642583045 13.619481885340317 
3 0.05074590487258869 21.980000216432398 0.04129806864052326 38.45377343520282 0.06956864924978104 6.5588077570007 0.06039286654025768 13.118863475175143 
3 0.05078837813066815 22.15825183700237 0.04137309916138345 39.713675167644766 0.06958084269621527 6.952944273122983 0.060415545689166086 13.919537920072571 
2 0.050466422472782844 13.250113818067984 0.040800179533300396 23.471888302904652 0.06948982111801014 4.034162276309355 0.06024500633739037 7.9022001791699426 
1 0.050402811048405084 11.25908002931499 0.040685425640187484 19.910088849775285 0.06946754765492796 3.4264292453594933 0.060211913569833554 6.706198078923814 
1 0.05043252134534788 12.173253950214633 0.04073917845966244 20.930531128546363 0.06947975805378177 3.7167022072667115 0.06022696186658348 7.266226253450144 
1 0.050427619701434875 12.035041676989334 0.04073033226285362 20.652937234832056 0.0694779407474391 3.6734165212096186 0.060224551400419365 7.175259183400347 
1 0.050264879213526625 6.937053842171599 0.040430219493103804 12.063557565275287 0.06942711041055996 1.8266267744165632 0.06013851482005354 4.074358148875692 
1 0.050440358160740814 12.388294403698438 0.04075307675188794 21.53611808290072 0.06948214388578494 3.788871184172926 0.06023094619151219 7.410329339502544 
2 0.050572424974196485 16.56589263583999 0.04099002555178825 26.772267759329146 0.06952001099035063 5.000096292507673 0.06030136160200258 9.889605049587974 
4 0.050981381845600096 29.424836723939187 0.04171163159150619 49.83068953751158 0.06963463043769236 8.707559484122944 0.06051599132326024 17.55349387101951 
4 0.050914124361514844 26.47745450755225 0.041594698853304225 46.157011938129514 0.06961571232388504 8.086495122032535 0.06048086489930029 16.280220183971377 
4 0.050901298973655106 26.084863002883203 0.041571414674944705 46.759132820470874 0.06961162745664676 7.954683035107278 0.060473662006270024 16.031644993134286 
4 0.050968896942297004 29.030304369118625 0.04168916658196169 47.30585787835946 0.06963115610693198 8.592635978487326 0.06050950627436349 17.31626023717204 
1 0.05025562301624028 6.644010307689767 0.04041261620884936 11.544836350808913 0.06942468893743857 1.6588411723824819 0.06013374784992067 3.9038744194725545 
2 0.05055988207665717 16.17756922592175 0.04096732828380375 27.843495277259176 0.06951641695364381 4.886430219839371 0.060294651600003225 9.654717078180038 
3 0.05076792657612156 22.18833915342497 0.04133643919048258 36.90709960191896 0.06957483860958916 6.7589113703067865 0.06040445914132701 13.531361175691197 
4 0.05102243051439927 29.79715981015091 0.041782569573619296 53.22983124256156 0.06964633675553866 9.091822203456847 0.06053749160475054 18.333820515567282 
3 0.05071527544581308 21.03858539383947 0.04124355540985151 34.92139132458791 0.0695599020248432 6.278924859199118 0.060376548771194596 12.54846903589486 
1 0.050406573061191964 11.137229970062725 0.04069236633870596 20.231232515197842 0.069469212989381 3.4653791249003247 0.06021385500945435 6.778285223958335 
3 0.05083526262763084 24.69837195655967 0.0414559793780891 43.19517152667261 0.06959332916344654 7.357822635361627 0.060439470763960376 14.796679768779597 
1 0.050433371634790225 12.206117612133019 0.04074061545085842 21.670310991379864 0.06948008213293859 3.726414349719261 0.06022745055121346 7.280755580546052 
3 0.050707181498241695 20.729558361986104 0.04123002759470494 36.3972488574556 0.0695576262072157 6.20632786244565 0.060372283669654116 12.39836202324246 
2 0.050576485890742616 16.69170374082251 0.04099737159740747 29.40865135619875 0.06952112751405205 5.037180282229348 0.06030347950209521 9.965641507301914 
3 0.05078607975907294 23.225413580456728 0.04137014635535682 39.239213808191934 0.06958027879165288 6.93348358526503 0.06041443618787841 13.878571268159453 
3 0.05076998605778488 22.682297760650176 0.04134057643552862 37.95724972839719 0.06957567143653674 6.785765364125889 0.06040588257706812 13.575292470002804 
4 0.05102526487775043 30.817350459935255 0.04178633482359042 51.86754029866803 0.06964662472005875 9.101826571683107 0.060538374792328 18.378533782487718 
2 0.05059350499076638 17.176234823869304 0.0410276356442874 29.76999309202907 0.06952597036788737 5.190955538095244 0.060312580490658796 10.28443907064268 
2 0.050628787844799336 18.31876666214551 0.04109031752488357 32.187757647127 0.06953605293425144 5.514319694062613 0.060331333932617456 10.939253130966557 
1 0.05029873412047185 8.006440021870114 0.04049430448567246 13.932121884375615 0.06943359916508082 2.292120842375412 0.06015668756326338 4.709587665763143 
4 0.05089783532031563 26.78390363266837 0.041564461415560264 45.40615730935769 0.06961064832258301 7.922337933955473 0.06047182729753475 15.96443826729573 
2 0.05048919364613408 13.929928226996935 0.040841043830050196 24.700480190978258 0.0694962310726859 4.240105055958768 0.060256973878843226 8.327123215733732 
4 0.051002379520227945 30.095353362687213 0.041746765385975715 50.86466944318278 0.06964060477879468 8.905253758365056 0.060527007097733766 17.95443874884051 
1 0.05031188524027622 8.184970338069684 0.04052002052387117 14.69154060593434 0.06943538590409645 2.4587769790160174 0.060164132658189 4.972647309255358 
3 0.05082903049274494 23.8517464908242 0.04144476046595979 41.68350870933669 0.06959163761002227 7.303481576443518 0.060436088843862534 14.670625356009543 
2 0.05061487178911689 17.901888845407235 0.04106532257107782 31.477976003150623 0.06953193108511424 5.383004655826332 0.06032380761412516 10.682102886082994 
4 0.050882292777301344 25.510721933218395 0.041538051512833296 44.576642955038324 0.0696066987176299 7.792431639461888 0.06046418802167079 15.678541756350445 
3 0.05079453450191921 22.339297681386856 0.04138353198032667 38.2374005331737 0.0695817996651776 6.984072521040396 0.06041782269850261 14.02088418307863 
3 0.05085722704803708 25.414636414216297 0.041495327113351105 44.366687883850474 0.06960007082196487 7.577191470703285 0.060451598212770644 15.218579638613388 
2 0.0506318903897842 18.42594473269758 0.04109622115212153 31.033304947776195 0.0695367458666036 5.535660937828782 0.06033283843457097 10.99952897981639 
1 0.050392260793453346 10.928206248985768 0.04066636670871333 19.00185088350455 0.06946278419170362 3.3164437707842422 0.06020650450589796 6.504302200625385 
3 0.05072065878591246 21.15932881882988 0.041252904930863664 35.80405160641176 0.06956163224252952 6.33397669355098 0.060379659279452255 12.6513592573037 
4 0.05089798867719231 25.986700113416685 0.041565611763661026 45.492177838687155 0.06961041145371168 7.9133677173025845 0.060471538809161375 15.9613202431869 
3 0.05077993580664204 23.04806500912169 0.04135816713950464 38.68054956476039 0.06957850221073922 6.876321874467555 0.06041112268605383 13.760716580650941 
4 0.05101688793840795 30.502830593609396 0.04177258310700373 51.56814512468661 0.06964424972553515 9.023307739631395 0.06053398139366539 18.218277271715273 
1 0.05028810309397895 7.5102264430363395 0.04047441502376112 13.356763407237192 0.06943225999614974 2.1760053468976595 0.06015091105391831 4.506503319950963 
4 0.05105378408413826 30.701239083012815 0.04183674801803641 53.40212811291544 0.0696551727968392 9.383826343285216 0.060553835613382324 18.93219797267282 
4 0.05090074871196717 26.821615802662357 0.04157005007597432 45.531967607232716 0.06961149006833259 7.94912382451133 0.0604733338708913 16.01879267481264 
4 0.05102099439642097 29.6924455358098 0.041780496093206713 52.83702887469808 0.06964595079016508 9.078763830848539 0.060536760509456986 18.306977365262618 
2 0.05051508654731932 14.482305772506141 0.04088728276518403 24.754391648037164 0.06950373076898045 4.4797006780876085 0.06027086814909344 8.814178989589243 
2 0.05054977028539722 15.85722307868366 0.04094963950573851 26.716663566403145 0.06951358058024948 4.794924740501964 0.06028928880476901 9.46519809695206 
4 0.050875887061469324 25.313048458975352 0.041526692268773285 45.19442157942105 0.0696045282709933 7.722098767041143 0.060460423272608144 15.55193717109049 
4 0.050886609492870306 26.435710485992217 0.04154645834473008 44.93607919608356 0.06960794217808318 7.832422763742324 0.06046645367188822 15.76021758689198 
1 0.05033877751340109 9.261607601433656 0.04056885093683602 16.119890245469897 0.06943993484737869 2.720934995437259 0.06017821079030895 5.466994668325226 
1 0.05034432986540419 9.435761733359694 0.04057893206529134 16.31125208460451 0.06944139204269639 2.7805573173911227 0.06018114077243194 5.572718567850082 
2 0.05053434465693255 15.385052719998944 0.040922252147762815 25.9208303660558 0.06950913552965535 4.6539530109399525 0.0602810670364091 9.177022294182096 
4 0.05089183218525195 25.742553945045678 0.04155560181750867 46.236782711129436 0.06960937351775787 7.8803554818089525 0.06046915787846182 15.859208741661451 
1 0.05044262978834931 12.506125713890743 0.0407577109987877 22.162364455778732 0.06948295235703086 3.814221977348282 0.060232351510130774 7.456584006912547 
4 0.050913233817305614 26.44977528043927 0.04159189708496709 45.79672022792718 0.06961545704075232 8.078246819371191 0.06048040241770686 16.263303199285765 
4 0.050973360397252164 29.170883190950246 0.041697355704314785 49.87618535353723 0.06963245934824006 8.635362986643225 0.060511874779921294 17.401483497367597 
2 0.050624827210720924 18.214056285053992 0.041083473351046076 31.107316183068086 0.06953474718481752 5.472022563723398 0.0603290844505975 10.867190789909241 
4 0.05096982566397895 29.06007303174865 0.041690605434634535 47.762138994263495 0.06963141506346854 8.601340668514158 0.060509992856494346 17.333844384068314 
4 0.0510061117601409 30.21815096497919 0.04175523375700428 48.633957696141806 0.06964131009586076 8.926061491604425 0.0605284445158184 18.015509434139798 
2 0.050552790890784474 15.959499104975478 0.040955015687356336 27.22617421141735 0.06951440659734916 4.821813575887466 0.060290874693697226 9.521372661091862 
1 0.050337540979091475 9.222807765311831 0.040566554504920846 15.957233014252363 0.06943963529452649 2.7082963179545843 0.060177548711056114 5.443399647845272 
4 0.05091130802763853 25.876835417627422 0.04158995809762574 46.121277120642006 0.06961488205232029 8.06074375053225 0.06047935712180615 16.22735883597006 
3 0.050742649707868424 21.870758622366072 0.04129263730579854 36.4551323417072 0.06956777870330036 6.530750360790966 0.06039116594998626 13.058678131334574 
2 0.05050853750891436 14.576097836234032 0.040875989442689234 25.613581530521664 0.06950179987603151 4.418745560118442 0.060267331349753886 8.692610351018484 
4 0.05098446815336841 28.908856824958086 0.041715559580830404 48.953784325364275 0.06963510589284637 8.723287714752226 0.06051708025149396 17.602712428810158 
2 0.05064603321344494 18.81336080122117 0.0411211050474642 31.38241475152189 0.0695409297281015 5.668721312795438 0.06034048631077364 11.259684845064578 
3 0.05073836297995401 21.73929883575998 0.04128355936280548 37.89031919386746 0.06956651313737403 6.492267658749495 0.06038886533240913 12.979081603397784 
3 0.0507363950916694 21.676024228811468 0.041280854531671525 37.972320426176495 0.06956595715989222 6.473436288224096 0.060387819317249 12.941371676364662 
3 0.0507812511735657 23.089658918711844 0.04136092897963635 38.67009454680077 0.0695788511810916 6.888809929550666 0.0604117893544423 13.78606615418153 
4 0.050939727982458216 27.520319558278715 0.04163986722312421 47.90848636578213 0.06962335340686887 8.336087506058245 0.0604947163374077 16.770757013064532 
1 0.05031491648847584 8.515699483075105 0.0405242922688162 14.818631614058944 0.0694359347614925 2.4804503507383795 0.060165395201647896 5.015487451275213 
4 0.0509845778518986 29.526715453949954 0.0417174446126896 50.00816955060092 0.06963606125961949 8.75433954353685 0.060518245263894974 17.62356931164268 
4 0.05092233009840863 26.15470898612238 0.04160701388232496 46.51074446183384 0.06961799086667328 8.161410257611845 0.06048513730365981 16.43430368986148 
2 0.050538216268719974 15.423697981968285 0.04092915429189367 26.7210129403265 0.06951026253609136 4.689423502107465 0.0602831208952565 9.248855745312747 
2 0.050567954161457984 16.432381235587552 0.04098179992025682 26.918893955648503 0.06951872793049688 4.958927126411917 0.060298961153122055 9.804874983492791 
2 0.05046544737408776 13.192332713501292 0.04079816721119559 23.1770476316631 0.06948932078615218 4.019275178904946 0.06024422424866903 7.8809000675597165 
1 0.05041747796382447 11.718716024809012 0.04071191657611807 20.816687262741056 0.06947374743072848 3.573196717408192 0.06021936912544442 6.983303685011295 
2 0.05056636856451831 16.383105278106473 0.040978891795885056 28.750753811739465 0.06951826246785223 4.944500644467945 0.0602981028501116 9.7748978979308 
4 0.05102365631548174 30.76623699113643 0.04178352097291845 51.98757240750297 0.06964659592111384 9.102563904352403 0.06053811408779171 18.359804031571635 
2 0.050615222924283276 17.91413549918177 0.04106661936261763 31.35876942367805 0.06953202725518667 5.385626414360015 0.06032398215535809 10.688067713683298 
1 0.0502798416546076 7.412897977609028 0.040458603369183006 12.891256157457326 0.069430704679871 2.0414829883668033 0.06014636036947393 4.349519749761901 
3 0.050805177285559056 23.840744807593058 0.041402545482495834 40.26960932010009 0.06958561051747683 7.106067100075387 0.06042437781731088 14.233308167127342 
4 0.05087780412891352 26.05272379059511 0.041530197997344157 45.50033065706593 0.06960541731002719 7.7518001356911 0.060461811966856883 15.594836025749396 
1 0.05043294222708672 12.170887459046913 0.04073995512624431 21.645298915734145 0.06947987562467689 3.719825058435629 0.060227137149975504 7.272534815773007 
2 0.05047844876138759 13.590887266298157 0.040821934952439486 23.32544658797201 0.06949313111959339 4.139350310374313 0.06025128870084023 8.126692231622346 
1 0.0502919329584126 7.792213549002031 0.04048176024830595 13.31111384443632 0.06943258332495914 2.212783085690159 0.06015299998673167 4.58066867138387 
4 0.050960778704284414 28.76965598196444 0.041675560856362606 48.81113494121006 0.06962883889749456 8.517623959675863 0.06050525988401521 17.16394492802589 
2 0.05057395568856967 16.6160589368992 0.04099274386796879 28.650616662477084 0.06952043012674172 5.014604111809076 0.06030215507657927 9.919066804322048 
2 0.050598035288958884 17.371914460730807 0.041035678087548114 29.89066906299138 0.06952722395432237 5.232193086312902 0.06031491877916094 10.368735006481794 
3 0.050795007406525906 23.51981464758869 0.0413855542311316 40.219291034416855 0.06958212795531749 6.994265429192818 0.06041830962842576 14.033338194884475 
2 0.05059074616685142 17.090907305376426 0.041022062190454615 29.87696857943152 0.06952514120250411 5.165408675075776 0.06031095617724778 10.226784720904357 
3 0.050833492183685255 23.937248286239075 0.041452016792480284 41.292819893533256 0.0695931656919031 7.352456502877905 0.06043880740360259 14.759656411422716 
2 0.05058115528539512 16.83878244042598 0.04100498621287625 27.461163888170482 0.06952239043072421 5.0770402095403755 0.0603058342702925 10.047874454489076 
3 0.05075508153317469 21.599595071050487 0.04131455162434692 37.666374111031445 0.0695714940184167 6.6517163478747126 0.06039802066271359 13.29656779080716 
2 0.050623942666143076 18.164158015290422 0.04108166605192338 30.361694337950638 0.06953470584218005 5.471259681267299 0.060328794503759574 10.84993011433713 
2 0.050626680545423894 18.265309291683888 0.0410860659426745 31.95150555929258 0.06953531790749516 5.491319432917414 0.06033010979665734 10.901792351137683 
2 0.05066200757346608 19.366628626066408 0.0411494714902187 33.968145010584365 0.06954496439227245 5.799239793042263 0.06034850489070831 11.557096653372941 
2 0.05058384378786035 16.929069039747766 0.041010735047210166 29.82115741752447 0.06952321332562414 5.103408727180776 0.060307387870047593 10.103170372649885 
4 0.0509172071116976 26.56868468806248 0.04159919780372408 45.16512714279544 0.06961656785853762 8.114603870135191 0.060482477800148135 16.337968580323768 
3 0.050726339222833684 20.286407480520694 0.04126359492579187 36.318492241036964 0.0695629973920752 6.37844061253981 0.06038236509579283 12.755122034287217 
1 0.05042655155354479 11.993426575246767 0.040728441908705434 21.31530141402919 0.06947754621125318 3.6616394936528835 0.060223957241912554 7.153347293684542 
4 0.05103328589262629 31.073576212354862 0.041799688230422447 52.448015246436015 0.06964940925168403 9.193165454014316 0.06054315483471834 18.540574209078795 
3 0.05075034589221491 22.11710969656849 0.04130660589298012 37.80109878155082 0.06957014942612624 6.608122058100859 0.06039550748635815 13.207288396772972 
3 0.05071775413681974 20.674352799561014 0.04124789600654041 36.26815254468271 0.06956100716591615 6.3146009855696885 0.06037833150792352 12.598321602432184 
3 0.050685816414010584 20.110521374840513 0.04119211045473216 35.19856492505626 0.06955159829719915 6.0131279668504884 0.060361035715407095 12.001931606073482 
2 0.050649973607536904 18.61652167607448 0.041127255389654546 33.32045503117196 0.06954199144076696 5.704787578573525 0.06034255383906821 11.334303198482347 
2 0.05048925072555577 13.929759277651161 0.04084151748726528 24.711419204938842 0.0694962614417183 4.240857132276482 0.060256996394223106 8.327736791654136 
2 0.05060475089255963 17.570636994602346 0.041047533149008344 29.48716979949281 0.06952931114372937 5.297039419874854 0.06031863590524954 10.490448115766986 
2 0.050651044556230554 18.60423334757474 0.041129659263176056 33.17897270500752 0.06954231451841693 5.713713494811765 0.060343143746674065 11.353329918838318 
1 0.050393418763433825 10.960274627447713 0.04066844433133936 18.92368436669877 0.06946330843943631 3.328576478936828 0.06020710117688893 6.526484963530395 
2 0.05061313634773902 17.832436760236238 0.04106163298747018 30.628420526154382 0.06953165000272883 5.372611098923583 0.06032305972280192 10.646398313280551 
1 0.050317306621530375 8.588770340187393 0.04052919478539012 14.957946893326204 0.06943625767568311 2.5054208997531946 0.06016672433376193 5.061596536755481 
3 0.05069702790909578 20.441082105560234 0.041211455964624756 34.55824618313564 0.06955499279488102 6.120267567108576 0.06036713453569875 12.20733073014859 
3 0.05072108502811508 21.22003426797284 0.041253989408853345 35.67796404347736 0.06956173794204108 6.338247505844715 0.06037986820807743 12.660505012872111 
3 0.05078900513261466 23.28187634054013 0.04137390820897507 40.74233041097209 0.06958042259646292 6.940194975252403 0.060415122295446974 13.92072029420567 
1 0.05028610054669055 7.608330117787216 0.040470422131360276 13.138598724255946 0.06943191241502204 2.142989359627397 0.060149795769131056 4.468094573997226 
3 0.05072882438272665 20.816525628787705 0.04126723500276301 36.703037736709284 0.0695636703227875 6.401264585017037 0.06038365751911975 12.802266322640346 
4 0.051040268102490405 30.341576334668417 0.04181390051904508 52.48758924451931 0.06965089693784174 9.241952369554097 0.060546246525460055 18.665296340441635 
4 0.05103208254352394 30.043483915428993 0.04179892031132533 52.29960607428056 0.06964906784854738 9.18140938909097 0.06054256819104341 18.518394925101408 
3 0.05081023709248618 23.94174673219768 0.04141337209268181 41.051447781399474 0.0695868979530814 7.14765842646762 0.06042702841038715 14.335989470709317 
4 0.05100122261556929 29.152881814681148 0.04174731149295777 49.77658304345215 0.06964083822002468 8.909766809730957 0.060526992897677115 17.939603115734496 
3 0.050689436230004915 19.74215429477755 0.04119849730124951 35.44237231802874 0.06955260954875356 6.0453702517268235 0.06036293537045469 12.069062598504093 
1 0.050329077631780086 8.959044580863084 0.040550988699713006 15.604919786371529 0.0694380061393639 2.6220567611604984 0.06017302082723162 5.2840433550972286 
1 0.0503088815011137 8.326253718624518 0.040513231551010775 14.296719832199418 0.0694351737312006 2.423138655498332 0.06016223868220152 4.902929262023095 
3 0.05076968165557412 22.72090612145106 0.0413404637726288 38.75876124200195 0.06957562291898385 6.783266342134897 0.060405736183468485 13.568712915989451 
2 0.0506071983905483 17.639411794617974 0.04105153741471313 31.048680932241307 0.0695299768170002 5.319774039154451 0.06031990861725715 10.537152298575922 
3 0.050852183001894716 24.567358567789682 0.04148601021877403 42.66895199273328 0.06959886701032855 7.535367595122004 0.060449063326825425 15.115412395959419 
3 0.05069034713596361 20.20462932219752 0.041200026982589406 35.504395842715795 0.06955286320184555 6.053339648230439 0.0603634164587367 12.086208384063855 
3 0.05083599879590607 24.065014382936006 0.04145724262873069 42.08197210742603 0.06959358433991883 7.366169927176793 0.06043973815972818 14.801469145672693 
3 0.05075442828911496 22.24395160937363 0.04131326654989895 38.06633830231769 0.06957129508325735 6.645377818989429 0.06039765088028224 13.283875900533213 
1 0.050407932865846036 11.419180222900883 0.040694633344728316 20.180497469787902 0.06946986520205098 3.4785859153486314 0.06021450231601596 6.802924708726747 
3 0.050749737460139166 22.09804635120014 0.041305522214317776 38.68390382174306 0.06956999206816376 6.602365375907676 0.060395200667150685 13.195950260402075 
4 0.050876983322386604 25.34800050764502 0.04152941496907227 44.3521087925925 0.06960448884454565 7.721789768652714 0.06046055396567986 15.566549244741415 
1 0.05035089801916346 9.64807920965466 0.040590948923237065 16.77733338498741 0.06944393175900013 2.8514462818854436 0.06018466085925871 5.700183970090972 
3 0.05083531211841312 23.991747065022068 0.041455731467920726 42.16961517456583 0.06959372665632867 7.369720852722908 0.06043978806528649 14.792876936733853 
3 0.05068341588694668 20.008976481246165 0.04118787107159631 35.018731532524555 0.06955094284358335 5.99147033718462 0.06035988499484803 11.959893883265185 
1 0.050306625819531346 8.258020789946084 0.040509225721478095 14.38766672137395 0.06943436896487434 2.400865300537265 0.06016090690248549 4.862216146715807 
4 0.05096989683066886 29.06137697962086 0.041690463363612415 49.590872914590676 0.0696314351228341 8.601802059494968 0.060510041790955274 17.335258710061588 
1 0.050338200034237404 9.243681765884691 0.04056778256043844 15.84045037659418 0.0694397875020143 2.714766848704599 0.06017789629733135 5.455713608475285 
4 0.05097074796535622 28.478449263679455 0.04169232832680573 49.93942982565919 0.0696313365016293 8.599006173775479 0.0605100544067194 17.344364800409906 
1 0.05026662228694565 7.097993902093288 0.04043276152802681 12.140254067817645 0.06942740812513958 1.8383453872974922 0.06013923010866014 4.100037414987517 
4 0.05088680786115209 25.834735914334452 0.041546250606509204 45.62275508099183 0.06960760324327853 7.8232076863406546 0.06046608964588437 15.757759807766794 
1 0.05030388011096047 8.170760016626966 0.04050405660523217 14.230225860749371 0.06943446392883454 2.3709905796400745 0.06015943955850887 4.808126034069032 
4 0.05088141320627517 26.274114962537304 0.04153679910407274 44.63612451244041 0.06960683100754442 7.796058831734014 0.060464175902587056 15.668117645272236 
3 0.050803075599679795 22.5977905752261 0.041399739461054116 39.35552293705496 0.06958500712198085 7.086302803200776 0.06042328465627158 14.193611277558057 
2 0.05049819421102124 14.225081648868903 0.04085796422672368 25.116396450664087 0.0694988202357076 4.322463808541096 0.06026189334165284 8.501473970481447 
4 0.050952951277596005 28.4699940688271 0.04166093128703528 48.36856181069335 0.06962624461496751 8.432100909659798 0.060500725195518065 17.00744760899691 
2 0.05054910414719475 15.836448245116149 0.04094861573756118 27.30549557149112 0.0695133787229501 4.7889672529261045 0.060288945874664754 9.453571445336799 
3 0.05076671337831552 22.154261020132022 0.04133483543610946 38.701568897869336 0.06957461106080824 6.751630552163793 0.060404111669599046 13.518966770187294 
1 0.05026252444668709 6.8630363918308035 0.04042577442883979 11.924559953095143 0.06942653429975627 1.7671632664947665 0.06013738076008124 4.032354583467831 
3 0.050706178275295125 20.697456875572836 0.04122815648943533 33.96412675001969 0.06955726911726832 6.194180711985149 0.06037176460671552 12.379644779824506 
1 0.050418130543796756 11.744956563928445 0.040713220224601825 20.380315667853502 0.06947418992259571 3.580772315533835 0.06021971553622293 6.996601289743671 
4 0.05088388453293992 26.348087839516005 0.041541511255957744 45.80804845154614 0.06960713121058222 7.807644073124145 0.06046499931547544 15.709576619324443 
2 0.05060938171293683 17.731589135892374 0.041055855605650525 30.635316200138114 0.06953023427562097 5.327501585648258 0.06032071696854924 10.576556492851005 
2 0.05049181615235147 13.732870998987355 0.04084578672182558 24.258140714519847 0.06949710545133025 4.267628001081759 0.060258471444776716 8.376305030423037 
2 0.05060865994045155 17.70883682635615 0.04105464012465513 31.139851870189524 0.0695301910680087 5.327266882181772 0.06032050111818384 10.566211428217072 
2 0.05061011690006989 17.233631782849606 0.04105690935716867 31.136974971200665 0.06953043401427028 5.335258380376359 0.06032109569956164 10.591643679495364 
3 0.05086171745962773 25.556514387212637 0.041503567556006996 44.49638425195375 0.06960135253828585 7.618765028433415 0.06045398017177289 15.304229980863624 
2 0.050492681102530836 14.012707306827588 0.04084755199658152 24.871245840430596 0.0694972698100883 4.273685413617132 0.06025888810032761 8.394891586081467 
4 0.050943948661302876 28.245298635066632 0.041645550889103565 47.06846206199121 0.06962364020541863 8.347991253881622 0.060495902820573835 16.836310139878428 
1 0.050448344420948234 12.665144794880437 0.04076801425602903 21.971256481886986 0.06948443656548058 3.8618145311645025 0.06023528947628439 7.565459561987645 
2 0.05066161700782974 19.34343592556587 0.04114830850545849 33.92183633318299 0.0695450453582904 5.802696888578107 0.06034843191970245 11.547670400007064 
1 0.05044889369354366 12.687210411088147 0.0407687992431487 22.52408648268662 0.06948465363707602 3.8688802604476265 0.06023556931873534 7.573130342373096 
1 0.05032514477227277 8.835308296893839 0.04054381832197771 15.392529552949995 0.06943715293882932 2.584520852700714 0.06017090528768232 5.210487901064913 
2 0.050523986171108023 15.024368560589295 0.040903424131136505 26.6037106712617 0.06950622867659169 4.560695641708797 0.06027556927478075 8.982859998673792 
1 0.050424429677552986 11.94279901817341 0.04072449486133347 20.717809291613108 0.06947660711456435 3.641996551650442 0.0602229255996117 7.115401171295534 
4 0.05090165026514289 26.096256427507114 0.04157209960774197 46.746921723611045 0.06961172476658699 7.958086726402331 0.0604738442375937 16.038271901666256 
3 0.05067598212235987 19.792448537102857 0.04117392369157812 33.9323269488066 0.06954905044963264 5.930940535918852 0.06035600596457846 11.815653612282174 
1 0.05039390700343586 10.975534696087397 0.04066937550614157 19.533531500127033 0.06946337663818233 3.333151438090444 0.06020737013486817 6.536204626389576 
3 0.05069792349281357 20.46907089203055 0.04121290890449501 35.6283061248444 0.06955523604946537 6.129252129463646 0.06036760248450375 12.22534715849126 
3 0.050827707874271336 24.446330213698936 0.041441735912951236 41.804608391669944 0.06959157094558371 7.299958984939951 0.060435776752776636 14.64984732151081 
2 0.050593962514347744 17.191139576677077 0.04102849557081469 29.53409287133461 0.06952608858438133 5.195630202645799 0.06031279379689843 10.293695439328264 
4 0.05096930099473904 29.041822918107584 0.0416910486566809 47.638839111688014 0.06963125850163536 8.59584032106711 0.06050971154802263 17.32533467283852 
4 0.05103259105292535 31.054967385677326 0.04180016040835958 51.54961573525569 0.069648653400298 9.170049675452525 0.06054215792996783 18.5194499274628 
3 0.05068745497656106 20.161551622568396 0.04119470428146072 35.404238291326905 0.06955205409978842 6.027538092084141 0.060361868292146195 12.031878697906873 
2 0.050542437823426954 15.59678397198581 0.04093682351961973 26.408039358340893 0.06951147364583045 4.726957003410079 0.060285360733720816 9.32694251092505 
4 0.05092785977774987 27.68597061043395 0.041618020877500564 45.37432747877792 0.06961957833033303 8.21262367784205 0.06048804037490567 16.53867621554067 
4 0.050919908720612625 26.02318221821657 0.04160446723067653 47.65249614029563 0.06961729595104935 8.1400595309461 0.06048385512323542 16.389390105874522 
3 0.050729805776133605 21.487129394405446 0.04127029276566744 36.720166304800344 0.06956378351967302 6.404381521641213 0.060383958061523094 12.8172716980085 
3 0.05076413896082482 22.503157266303624 0.04133115470201439 38.48140182302392 0.06957386623191904 6.7282473929531905 0.06040272122319653 13.471054732640482 
2 0.050571952778097354 16.188021766519235 0.040989353265085994 28.10172813887823 0.06951986052006062 4.996542261357659 0.06030107161600586 9.881178768924817 
3 0.05068707002444863 20.149740170259395 0.041193998329134146 35.271796632134404 0.06955174889120026 6.018570682752883 0.06036143318215591 12.022044256569357 
3 0.050731251461159366 21.522082917351902 0.041272151302645235 37.65392635290318 0.0695645277283202 6.427938965753943 0.060385125157297805 12.846189098038717 
4 0.0509204727049269 26.618179660712933 0.04160448149896867 47.350259167672306 0.06961670997100528 8.12163028113019 0.06048326987597913 16.386852358738526 
3 0.05079330486155061 22.255181401626807 0.0413817744095932 40.0060357308512 0.06958224492027956 6.996960834869377 0.06041814119098756 14.010380409086014 
3 0.0507373790951696 21.661062563200936 0.041282943399676926 37.54679928109012 0.06956654806672954 6.490983614338042 0.060388713937570226 12.96428486964669 
1 0.050375444606865175 10.387157468747008 0.040635708220110714 18.519265798624193 0.06945495879397419 3.13366999793728 0.060197698742129026 6.178578904961968 
1 0.050301673345801046 8.07560722682624 0.04050080139704542 14.126253756706495 0.06943382017446008 2.3264725960623047 0.060158551663376914 4.776401702378914 
3 0.05077787758448009 22.976597234021636 0.041354608956228014 38.171303859923796 0.06957762046794176 6.8482347287788015 0.06040967236224028 13.71713129088917 
4 0.050928258514130055 27.752109199684337 0.041619063981453916 48.17284501536651 0.06961963159525196 8.216545801545765 0.0604881821093652 16.54728443339497 
3 0.05085686547468734 25.403494550228604 0.041493859341962154 44.17185416367215 0.06959994436922336 7.57389550430702 0.06045140077680221 15.211988130843357 
4 0.050947477762087065 28.360955019212202 0.041652592177196544 48.329996149938665 0.06962509712966095 8.39397392242181 0.0604982693206629 16.909954430468254 
2 0.05047907263701642 13.621979279189173 0.04082280184771588 23.920838187953166 0.06949330727753718 4.1457201156187935 0.060251608231719433 8.138516769207552 
2 0.050621639286386265 18.113591186603152 0.04107818164884233 31.066942480177666 0.06953384522707129 5.4438215413118485 0.060327390393966916 10.808246572930873 
4 0.050949100865506344 28.35611802432867 0.041654895895327254 48.95526455161666 0.06962512241647002 8.396698098135676 0.06049861458673818 16.934111363493052 
2 0.05052471941345216 15.048965677943377 0.04090427205686024 25.305365726988207 0.06950642606083937 4.567258114162251 0.06027596398291046 8.99668391642522 
2 0.05051620429031599 14.806515423025152 0.040889838624019105 25.297517967154626 0.06950406945619565 4.489735252456731 0.060271465758024126 8.8348644787586 
1 0.05034119280588367 9.337006330193244 0.0405732337728798 16.23585690598042 0.06944052087973644 2.7461961202363403 0.06017950577512578 5.512379635943482 
3 0.05075337172218227 21.547495838239605 0.041311306249797446 37.90682983545721 0.069570793012283 6.627802204670277 0.06039683761338699 13.260078791213067 
2 0.050515131393039425 14.718631928163134 0.04088708315452348 26.072220313934498 0.06950362315467859 4.477023616133787 0.06027072018777335 8.811390347383721 
3 0.05074464671536701 21.89226714789149 0.041297147314051756 38.39492764211159 0.0695685860293763 6.55695866599183 0.06039252515233519 13.100691755813614 
1 0.0504472946707485 12.595773906666368 0.04076586196542065 21.920583985110376 0.06948418647246402 3.8538081996177995 0.06023469826905 7.542298459784069 
2 0.05052211961171425 15.004180337460486 0.04090016913762135 26.48067011630699 0.06950566399507953 4.5416730420524 0.06027457542194194 8.948276261716536 
1 0.05043464759598261 12.25924765950504 0.040743108723393553 21.147627709051065 0.0694804396318977 3.736161210301687 0.06022803674954867 7.305445624968547 
4 0.051021349398337114 29.703633720688465 0.04177998244918801 51.56707632853372 0.06964603821005709 9.08165221425815 0.060536947112964846 18.313396345642822 
3 0.05078673061074666 23.25691914525393 0.041370386235460466 40.64179399368438 0.06957978537502155 6.918439730846217 0.06041393621624368 13.877327429140587 
2 0.05057410860611444 16.616260531122013 0.040994176671998686 28.763347928055357 0.06952042400335798 5.012004726155955 0.06030230280612074 9.923597026176886 
3 0.05083068697038758 23.902001580134716 0.04144776542465333 41.956628358811955 0.06959185761004802 7.310849403262294 0.0604366429061159 14.697494542992114 
1 0.05027208415493164 7.165525393347316 0.040443866183315566 12.372161283113652 0.0694289551975464 1.930510505164508 0.06014227230794417 4.206111777243744 
2 0.05052461472925264 15.080699471392398 0.04090437271522191 25.98523065172473 0.06950640699695819 4.565212362603655 0.06027591146572302 8.993156968782607 
2 0.050479891937457645 13.609311279205315 0.04082434849157802 23.499147881154347 0.06949356447961129 4.155055559830411 0.06025199447956388 8.152508023645465 
1 0.05037466934211242 10.371043384799645 0.040634401792207904 18.490194702945228 0.06945451918065465 3.124482282325986 0.060197300905709475 6.164406511767162 
3 0.050712842429865235 20.946823788504002 0.041239446678773925 36.19370576347803 0.0695593963724923 6.262103286943776 0.06037543249947119 12.501291645349886 
1 0.050297460800962354 7.969761492148573 0.04049194545464083 13.778844674162539 0.06943332495456064 2.278554958736582 0.060155913777156046 4.685536478448709 
4 0.051048089835578105 30.587534698823674 0.041826673001200146 52.74747990504136 0.06965303529069826 9.313880791912899 0.060550263408940874 18.814480563038522 
4 0.05102164855274817 29.772765870851572 0.04178007952519218 53.146592299038375 0.06964604278952304 9.083956933755795 0.06053706060169126 18.320431027339975 
3 0.050686384651827246 20.1282889722802 0.04119265838040516 34.56409149107553 0.06955178191703693 6.017789248464881 0.06036135338469635 12.011722990440244 
2 0.05056009206292335 16.183841861952214 0.040968009597918145 28.533164614612225 0.06951648626887157 4.888585401811594 0.06029476060049229 9.658690240665532 
2 0.050665864356136424 19.46767659129128 0.041156267598712694 33.369805452110974 0.069546273613929 5.840723726735104 0.06035073011533337 11.627184938812254 
1 0.05041364782887041 11.589991029537474 0.04070491637497113 20.234999821319864 0.06947230882728735 3.535897079353929 0.06021741268275821 6.911093378048202 
1 0.0504361616609598 12.280291805453109 0.040745726971906454 20.69018511912307 0.06948090771841384 3.7505900955755473 0.060228802311400854 7.333515713049491 
4 0.050997289887285135 29.02900860740945 0.041739009110453563 51.73791579647766 0.06963921179790478 8.857183343452968 0.06052436698688268 17.855997143970995 
3 0.05068443903962849 19.627583844821206 0.04118981809785501 34.27562153910676 0.06955108939740381 5.996149404101647 0.06036025261499832 11.9770095155381 
4 0.05100516357906232 30.188073008727702 0.04175268822863547 49.73616448337687 0.06964145117288176 8.930915243787553 0.06052847975027361 18.00551251682543 
3 0.05079232326458917 23.43644134242128 0.041379797524889024 39.95043065681672 0.06958167548722557 6.979290690365157 0.060417274601873835 13.98764304698731 
3 0.05083578551634048 24.767317632334148 0.04145735885906319 41.750134126467366 0.0695935166660353 7.3630798044014085 0.060439779550498895 14.807215917556281 
3 0.050808945809603025 23.95965020609706 0.04140795644143917 40.81483236316889 0.0695866050473691 7.1397767990342444 0.06042634792502326 14.304579088714712 
2 0.05052529476498213 15.100551465273849 0.04090599224748337 26.66694066086289 0.06950660896261164 4.5713708009328675 0.06027627002165398 9.005764684882594 
4 0.05095464903023498 28.582256670735354 0.04166473775527178 48.46394889564262 0.06962713860974276 8.460610523021794 0.060502064316260484 17.046345418965196 
4 0.05098491603522508 29.536714567888204 0.041715640625114736 48.68458751748856 0.06963523283785904 8.727652438042252 0.06051734144554978 17.612054932061007 
4 0.05097363422121186 29.17934499869059 0.04169704341634498 50.403831387920675 0.06963212342761493 8.626418949899664 0.060511524867504086 17.400105016030288 
4 0.051056067488514364 31.79621539451005 0.041841784988323666 54.56584609910416 0.06965632595390284 9.421458935237379 0.06055563218654568 18.985378677587775 
4 0.05088028881595792 26.238253391028746 0.041534811024243286 45.30492203668236 0.06960650383482739 7.785652569058774 0.0604635700501809 15.646736901446051 
3 0.05083878590722718 24.149004500911822 0.04146227681556379 41.67542191171151 0.06959471240452594 7.401445492278603 0.060441600370362204 14.858003124957808 
3 0.05081354920894095 23.988283719536504 0.04141685305640326 41.06104686360894 0.06958787852227938 7.18042428405397 0.06042867720029238 14.387507700347651 
1 0.05039316225295448 10.952005172307397 0.04066793407702517 19.04544319432581 0.06946326803189683 3.3261191566940136 0.06020697611443006 6.521898407842791 
4 0.05097311203367435 29.047213173591167 0.041696586468013254 49.623675168481014 0.06963186352846178 8.617566565321926 0.06051118145548519 17.38892274489216 
3 0.05084298378819814 24.250609838244895 0.041469789467412796 42.64431111454586 0.06959577671002667 7.4368636397272425 0.06044385839364828 14.947477797749375 
4 0.050947024086365936 28.347386635353622 0.04165169354981652 45.808546860423476 0.06962498008035925 8.390558541060411 0.0604980433344551 16.90207974546978 
3 0.05086526249807298 25.684762220018104 0.04150964906735889 42.21512480496837 0.06960240915254765 7.65159457618131 0.06045590395869223 15.371322913709964 
3 0.050830896265289326 23.391152961373912 0.04144768962964861 41.9020201221962 0.06959245757725871 7.32994188112819 0.060437442116155426 14.710655956299544 
3 0.05067297117281504 19.698847512772822 0.04116880443189044 33.44195268030969 0.06954802739984403 5.898249522834874 0.06035416062805188 11.755800923906525 
2 0.05060192776014276 17.485037045832573 0.04104243723217328 29.674594515707177 0.06952822128189609 5.264398614312428 0.060316889061081014 10.441429909993916 
2 0.050571137086263915 16.525363122331914 0.040987948720349436 27.82470778206673 0.0695196399949571 4.988091894181889 0.060300665538113175 9.864952218949933 
4 0.05101054196781794 30.35674073950836 0.04176189720977313 50.054033816004434 0.06964295927175848 8.980263567655939 0.06053125785959394 18.107572038422443 
2 0.0506155860469481 17.925513892083487 0.04106714696853174 30.9371207110314 0.06953212203147249 5.389150061135123 0.060324145903204375 10.695103462446024 
2 0.05060782721481527 17.683043319850135 0.04105281235313039 31.08818500775933 0.06952977351636454 5.314515825021964 0.060319861393602306 10.548343181658648 
4 0.05101264216467347 30.365711432318705 0.04176437988594049 51.360771514477676 0.06964297594490645 8.983101929925366 0.060531753297099276 18.1395044008961 
3 0.050855335524485956 24.611658868878397 0.04149083961399154 42.17236013614278 0.06959971885605518 7.564029037608259 0.06045070705212483 15.174515882201518 
3 0.05083109677760135 23.86375714286671 0.04144754407386819 39.75441096079963 0.0695925465925979 7.331403092654914 0.060437575504161824 14.713702344057362 
1 0.05033369633370999 9.103425618690734 0.0405594180466927 15.8462592791769 0.06943882600318396 2.6690208563254307 0.060175494518915774 5.371009762964164 
4 0.05089354928696379 25.849683396565023 0.04155865988362399 46.22985592031 0.06960984322641253 7.895424927623425 0.060470029492102305 15.891218909930853 
4 0.050868706603150814 25.793202903455192 0.04151565951566793 44.96350010935483 0.0696030089903864 7.6720409259340325 0.06045728594171122 15.430096320453563 
3 0.050733013730584406 21.566134422426757 0.04127599670843783 37.726539402798075 0.06956479735060397 6.436868053069641 0.060385740876052876 12.875281399452268 
1 0.05044159134618757 12.381190122835983 0.04075504281344108 21.609251952999124 0.06948248908073826 3.799968522724785 0.060231568961382806 7.432193303030154 
2 0.05063836157611397 18.56566296699102 0.041107110053862805 32.692545400817686 0.0695387369235303 5.600047478932767 0.06033641443295094 11.117870303272005 
4 0.050917354884152236 26.576253766652314 0.04159935688650188 45.98188960475877 0.06961657943772397 8.116187428633623 0.060482531040358146 16.34192118854175 
3 0.05082005042226723 24.30972241721934 0.04142869898057757 41.31374525922968 0.06958941512191183 7.230766306321669 0.06043176098075439 14.506975191250456 
4 0.05087492167582732 25.274919355120222 0.041525720247379355 44.19343947485366 0.06960461221035216 7.725793302396255 0.06046030213751339 15.541121427824999 
2 0.050568454120917296 16.448063538589576 0.04098293234595308 28.293068706298534 0.06951884610980438 4.96418777735559 0.06029919835873214 9.815099478004313 
2 0.05055583606062649 16.054486178972116 0.04096066375291542 27.680427500928296 0.06951519579680304 4.846240797100949 0.06029250573397375 9.580147501936759 
1 0.050309123497232024 8.334701661565916 0.040513716136965146 14.503532960125233 0.06943518698823856 2.425531002587341 0.06016237776663084 4.907770436899956 
1 0.050372221801545616 10.295230571340946 0.040629966113947244 18.329331066874012 0.06945356231633845 3.098361420410933 0.06019602380708605 6.117011946970974 
1 0.05032549157424373 8.845679453948366 0.04054434131586234 15.393669293178167 0.06943741530780809 2.5860553922042704 0.0601711079566164 5.215793860322365 
3 0.050738308569319025 21.737671169150907 0.041284773808641026 37.44136205567695 0.06956680804751524 6.499608257226325 0.060389189912745875 12.981782904845346 
3 0.05077223835575863 22.806609361856676 0.04134364053615745 38.419286615692506 0.06957628636456796 6.806398541789325 0.060407049455971785 13.617513258956887 
3 0.05076410048649051 22.50185981554798 0.04133083333558095 38.525755186499424 0.06957360182687498 6.719750952880441 0.06040237569764414 13.465697709438269 
1 0.05031907467916448 8.670045323448893 0.04053246215724785 14.863906957719871 0.0694362888735003 2.523525759047582 0.0601676343231393 5.095220007648001 
2 0.05052027104293276 14.940713023714485 0.04089700758788708 25.779322234301343 0.06950519045101826 4.526941962767985 0.060273589001189856 8.911006259646134 
2 0.05047042858651161 13.37892893874577 0.04080728920606936 22.774295706387573 0.06949095793885147 4.070478809631518 0.06024708723157387 7.97525988599125 
4 0.05101840170843308 29.672335313827507 0.041774886754597805 51.33913478620313 0.06964518305212904 9.05446718941818 0.060535382934577234 18.25773509418172 
4 0.050981789365607745 29.437766688861217 0.04171120545508229 49.533088602884085 0.0696343625816285 8.6980763514413 0.06051572120500805 17.552090657761973 
2 0.05054376224809951 15.637936347637119 0.04093881428505866 26.815207682845237 0.06951185415810447 4.739394780448245 0.060286076309818845 9.35170794023674 
2 0.05066579852283267 19.465821340767317 0.041155929212469244 32.762199792204505 0.06954622847280338 5.840488280009223 0.06035066560929796 11.626350936089127 
2 0.050478555834999106 13.616204945529706 0.04082216042402007 23.587242375777738 0.06949321717231799 4.142623926312312 0.06025133304952004 8.127350127888032 
2 0.05050200456956827 14.281749748570956 0.04086394966591724 25.387088738934228 0.06949990714952647 4.357596910759437 0.0602637660921022 8.566152124794339 
2 0.050611865473674564 17.801994982624393 0.04106002311092401 31.05685236879188 0.06953112588705304 5.356191520337461 0.06032227170075549 10.626466815605509 
4 0.05089852625318868 26.80551884694558 0.041565625614297504 45.17268039149559 0.06961123200505155 7.940840053000244 0.06047263583913167 15.984411457466075 
4 0.05100033403924272 30.03667063455895 0.041743296668240656 49.338343698588574 0.06963958961100242 8.869847297844107 0.06052531119305151 17.902901736192117 
1 0.05041052945215985 11.501270402998909 0.04069933338827804 20.414126913313996 0.06947097849259129 3.5045548327027958 0.06021581545751362 6.851895034981934 
2 0.050568047589368906 16.393790980848344 0.0409819888045937 28.00583664927881 0.06951873706785992 4.960759646681124 0.06029897502003766 9.807225906349185 
3 0.0507789137582913 22.966972615343316 0.04135646111335864 39.22179847857616 0.06957823879666211 6.867789220472996 0.06041059749555663 13.742227256356752 
3 0.050859760323526425 24.798084234874334 0.041498806431556456 42.64459205774711 0.06960093511233348 7.604498205872501 0.06045297882676295 15.25815469108179 
2 0.050526958471998916 14.816063422154581 0.04090881004043678 26.765155208257312 0.06950705704786417 4.587119179687819 0.06027711500280308 9.037868377529602 
2 0.05063052956349712 18.38532665388781 0.04109404424776254 32.29027300072729 0.06953635920832359 5.5242730008932615 0.06033213647211442 10.975051787088589 
4 0.05097173631589891 28.57042896341624 0.041694899717663346 49.22916120257453 0.06963239972940002 8.634661170116598 0.060511503646548094 17.37905096025609 
1 0.05035026633859051 9.62024454005743 0.04058975223022722 16.622521250293225 0.06944360956882722 2.8437734492729265 0.06018430256469578 5.687441297613175 
2 0.050563079613141784 16.27013345578108 0.04097330142440561 28.4356256402098 0.06951747380521846 4.919864522617539 0.06029643311309637 9.711262473536916 
2 0.05056412228312586 16.29583071531338 0.04097518864169396 28.732544717680447 0.06951763189114069 4.924813215118041 0.06029684596307424 9.730015753933884 
1 0.05035806995745189 9.867745948357527 0.040603995912066024 16.833522212463453 0.06944692347226941 2.929071279015942 0.06018852945698513 5.8391586827601065 
1 0.050343113931183 9.397514244335547 0.04057689830334155 16.3503682979666 0.06944104836153506 2.7672938261966147 0.06018052788290942 5.549467764474646 
1 0.05030278001480566 8.113182005398468 0.04050297031574876 14.201549644307145 0.06943392444419036 2.3366132787759897 0.06015912505575007 4.798304344712858 
1 0.05037163079091922 10.276796277051039 0.04062881163029951 17.87965016858146 0.06945323211733812 3.0911442604687407 0.06019571704522668 6.105225689478037 
3 0.05071086018098103 20.49197008025097 0.041235856051548836 35.76481202640267 0.06955866848433283 6.238741236403334 0.060374240844426844 12.465900963134011 
2 0.050610567741889434 17.248570608176713 0.04105793694037261 31.187692338543126 0.06953055844764189 5.3386398517444436 0.060321330253231165 10.599200037837592 
2 0.05054484110442721 15.697432323848679 0.04094067230182595 27.06176444976726 0.06951210844774817 4.748452266199429 0.06028656399714757 9.369505643074765 
4 0.05092485140570656 27.64562392570669 0.041612862770322244 46.943261569221335 0.06961870053228794 8.185097193332505 0.06048648026955278 16.483980000853137 
3 0.05068169618465414 19.96261918954197 0.04118430936680999 33.61772391750896 0.0695506896056314 5.982366882169467 0.06035905540647376 11.921648604186371 
1 0.050382473696643434 10.60855938644408 0.04064858691504682 18.794680720129694 0.06945815908239353 3.210433396569171 0.06020138522894134 6.314728434633942 
2 0.05062325701492796 18.142812584454788 0.04108113791891295 31.872023657222247 0.06953451746458021 5.465046448415045 0.0603284241878274 10.836904415372777 
2 0.050572326425039574 16.562762193792214 0.040989949785496464 28.398834263835578 0.06951996244961818 4.999670843130151 0.060301272793203284 9.888027018935318 
1 0.05031206969650316 8.45400447212892 0.04051915037700245 14.293619976563914 0.06943546948862579 2.4522149635664094 0.060163846504435584 4.962963999780454 
2 0.050595249102236076 17.274957882321683 0.04103109953752379 28.928085644339355 0.06952649362006774 5.2072844385968695 0.06031351530357326 10.317351325002887 
1 0.050291216457687325 7.7700668474082635 0.04048039279876338 13.525507859286893 0.06943249864158271 2.206207921532798 0.060152616035164176 4.567283301525322 
1 0.05026322146628628 6.885028067370145 0.040427107778475316 11.971639375310064 0.06942667782682692 1.7726199170535086 0.0601377144245376 4.045253226003612 
3 0.05083086734129055 23.90775900371792 0.041447968609462774 41.946192225763845 0.06959215101675563 7.319984649654474 0.0604370369842772 14.704597198610875 
1 0.050454615336057905 12.840467491420714 0.040778722030619406 22.574710424769073 0.06948625957453054 3.9206311785657397 0.060238516878157566 7.677047824793706 
4 0.05090092595366423 25.51288855123682 0.04157071714797532 44.94891109725523 0.06961152467512141 7.951719474295908 0.060473452567290885 16.024317901427555 
4 0.051004710212812346 30.172610728297588 0.041750693579400686 49.840160793675935 0.0696400413844927 8.885247560885091 0.06052670067467862 17.97157994835525 
2 0.05048759938866013 13.904687147761615 0.04083848408167219 24.054888697587373 0.0694958116811292 4.225976686502554 0.060256151319114735 8.297761587208058 
2 0.050495215876626254 14.118535325897458 0.04085249017709628 24.589026761550933 0.06949792714062204 4.2944899760826 0.060260271215128766 8.446658365281136 
2 0.05064259106722356 18.764283268477094 0.041114920362479185 32.12346808145004 0.06953979533638177 5.634831295302157 0.06033853338993918 11.198875061655375 
3 0.05072201844965909 21.192528113803057 0.041255276992264375 37.21382912552066 0.06956174655785399 6.3393121096489695 0.06038007253549208 12.675138303928186 
3 0.05081456335403789 24.121664367999422 0.04141928733447202 41.66685442822114 0.06958819189389755 7.189577708169159 0.060429244177473675 14.406230114242529 
1 0.05028462558712145 7.398727794342276 0.04046761578338847 12.805267606513485 0.0694316628696147 2.084246311828361 0.06014897929837206 4.439629629464794 
3 0.05081617660452766 24.161140858335468 0.04142263712016466 40.16982712929023 0.06958823491198911 7.1916815839827235 0.0604297923109807 14.443173907860603 
4 0.05089813674172328 26.736104568719288 0.041565244874449715 46.4562875122196 0.06961075375728018 7.926505442035216 0.06047200304527994 15.971619520103767 
4 0.050978463045798096 29.27477300673319 0.04170536579548273 47.974360280607826 0.06963384543248174 8.681214408676476 0.06051449656271042 17.496985319835204 
4 0.051000057648580045 29.1165846939257 0.041744368132971485 50.578659137497894 0.06964000869788764 8.884585678035318 0.06052584394409923 17.910310564343963 
1 0.05040984831662256 11.471095952946206 0.040698254466759426 19.927090381271377 0.06947066913235563 3.497748755554646 0.0602154892344791 6.839273069769268 
4 0.05100169794775844 29.108659744482118 0.04174715676890074 50.87933126364584 0.06964091156607617 8.914136269902901 0.06052722075096242 17.949848714475316 
1 0.05029646202386497 7.928486767337445 0.04049006488394746 13.71878215700915 0.06943321834769411 2.269564446396716 0.06015539854531411 4.665959526827839 
2 0.05059498833618886 17.222650238747935 0.04103031180388605 30.382239646179233 0.06952637714529916 5.205428307524709 0.06031332938982696 10.313030051386901 
1 0.05029965463861522 8.038217477043439 0.040496006208539784 13.988528073376418 0.06943389850594757 2.3131878013961265 0.060157104565530105 4.726519251832332 
4 0.050924498578922325 27.634418189645636 0.04161244753138739 44.30088916362363 0.06961865553565381 8.182695777298676 0.06048630432739147 16.47667640314664 
1 0.05043854546664903 12.381511028444557 0.04074997134436662 21.962107473516156 0.0694816028523061 3.772591100038403 0.060230070356279274 7.378758463954608 
2 0.05058712121235541 17.021848754824394 0.04101631511098567 29.302862579039424 0.06952415447437013 5.134046346059682 0.06030914414442208 10.165505170432487 
2 0.050656601782155516 19.17928623611865 0.041139209902451825 33.667412064769124 0.06954366382572688 5.757231197153777 0.060345842452119866 11.45422606558159 
3 0.05083170448225015 23.93311926435159 0.04144933608163635 42.00721496893393 0.06959268380809344 7.336979600439141 0.06043785287500379 14.725575649396864 
2 0.05055491791931728 16.024503519737273 0.04095892184628645 27.602747060147653 0.06951501407736889 4.8414044875163675 0.060292007976109493 9.561627416096629 
4 0.05094525426915011 28.290432259388723 0.041648281938646496 49.12148640929958 0.0696244435811383 8.374616388314422 0.06049709728470313 16.86991453558781 
1 0.05025768774507723 6.710099943247411 0.04041652856597178 11.656014616016995 0.06942526031864069 1.6750396491058166 0.06013484289270471 3.942370172692832 
4 0.05098180035762963 29.437612378270064 0.041711414269113886 48.682178350723646 0.06963482383885417 8.713098113532004 0.06051625017713584 17.561414280061612 
3 0.05072539600433301 21.33817538544548 0.04126180028224654 37.33335191041755 0.06956255343632904 6.3648745174291275 0.06038171468684422 12.732526757554943 
2 0.05059750659191462 17.35446302322494 0.04103469392494723 29.424352639181148 0.06952708299558993 5.226647065689571 0.060314655034460075 10.357926560324012 
4 0.05088823786221499 25.12980944616 0.04154923611450487 46.051555421891294 0.0696083693189372 7.847807695484849 0.060467287934876865 15.791885031477866 
3 0.05079909319424779 22.93787680919529 0.0413915299916798 40.955856035202345 0.06958325521689568 7.031040790802561 0.0604204415507127 14.109126593860376 
2 0.0505792046303253 16.772543929570233 0.04100252256648225 28.719831979393412 0.06952190946592106 5.062123653163394 0.06030494699609564 10.01743551343231 
4 0.050973284045326236 29.16831119974288 0.041696965651850965 50.60566787695357 0.06963239127447099 8.634628956371623 0.06051178435295661 17.4001804516346 
2 0.05066521670168174 19.447661760061425 0.041154772228487436 34.10266037737817 0.06954606113933041 5.835632987777201 0.060350353489911024 11.616049713996727 
3 0.050820666764137525 24.328528978264593 0.04143021646275955 40.93546550460475 0.06958961564307825 7.235982357305571 0.06043209832290649 14.517399867936012 
4 0.05100916523584139 29.687108295037348 0.04175873262837641 48.78861344893227 0.0696425903050814 8.9685237072329 0.06053055275103998 18.081292908524304 
3 0.050683832056798536 20.038700479330135 0.04118803748419017 34.32427319983933 0.06955116847281799 5.998366445787859 0.06036021202307196 11.9689776459466 
1 0.05044664384904869 12.588832297166523 0.04076435559029786 21.866564689954423 0.06948410590889072 3.8508008148444572 0.06023445352711178 7.528974688071574 
2 0.05062906886804104 18.327581331502085 0.041090787818404424 30.894205066470523 0.06953613642891329 5.516893116595567 0.06033148463433746 10.944453584436678 
4 0.05095384035245065 28.555876316396404 0.04166323666869392 48.39365141488528 0.0696264555025694 8.440294963797054 0.06050115472687677 17.025311030545495 
4 0.05104171671071115 29.80001317252831 0.04181597860044434 51.78606164907044 0.0696512212939672 9.254717561468052 0.06054692829708765 18.693010658193387 
1 0.05029559000562502 7.911422667183449 0.040488484190189376 13.761777269987519 0.06943305664914255 2.245322237166089 0.060154897410891514 4.650106099596423 
2 0.050475065433604326 13.482347404269461 0.04081559407492219 23.37744503391183 0.06949217312135128 4.110333727065852 0.06024941734416687 8.061745196099448 
1 0.05032565661881723 8.851028224005299 0.04054459027853254 15.406434104380272 0.06943746536196242 2.5877105516839 0.060171192966760656 5.218980222379547 
1 0.05040868476251061 11.378737535209199 0.040695450846662776 19.8433160862231 0.06946996816463084 3.480505486388769 0.0602146256467857 6.809941493427067 
3 0.05086608885562077 25.603346401210835 0.04151031528873313 44.86800702766756 0.06960223698479463 7.647946928334854 0.06045589503783155 15.381195144535848 
3 0.05085950828076008 24.790598893516286 0.04149816863744465 43.405353275504034 0.06960090954415096 7.602673250224394 0.06045289720819709 15.252921323376166 
3 0.050845672650317586 24.366955686817736 0.0414729766372056 42.75537491154795 0.06959661959663443 7.464957633571478 0.06044518657330071 14.988144002429806 
1 0.05030741767517828 8.282971203324085 0.04051063814161863 14.426670260541993 0.06943509673566925 2.407555047798349 0.06016143841902468 4.875730053642225 
3 0.050678891920899825 19.87546024528957 0.041179155860612084 34.07869713623411 0.0695499026968869 5.958018064275976 0.06035756896293769 11.87006348276685 
2 0.05049224969930467 14.042422605868191 0.04084733329696717 24.906860150404565 0.0694970763460328 4.266461742523076 0.06025865754440314 8.38935308293797 
1 0.0503856031779105 10.71691315206945 0.040654269261742926 19.07652437627144 0.06945968327517509 3.2450833172692284 0.060203060400713534 6.376457639949268 
2 0.0505973269156708 17.305213003628747 0.04103487117861139 30.547652392641833 0.06952702602788954 5.225314946812564 0.06031454655293404 10.355452904918446 
1 0.05042813953421802 12.01381369821733 0.040731425450512296 21.40226888487212 0.06947817004234878 3.678319276434965 0.06022482284266086 7.185254835672593 
2 0.05064139648357552 18.703603363086835 0.04111228198490327 32.774095461644585 0.06953940263119626 5.621365920662503 0.060337817383812054 11.1720272752565 
1 0.05036542403076667 10.07255827544532 0.04061724315106171 17.958788117433976 0.06945016289766962 3.0084564773149536 0.06019234866152736 5.983163705166978 
2 0.05050535349727371 14.44741557636063 0.040869838319398694 25.580853993841057 0.06950088743714292 4.38884347137751 0.06026561548519005 8.631424383279972 
2 0.05050293324779206 14.369196399362632 0.04086565387651018 25.460211662314787 0.06950022378687588 4.368696536034743 0.06026437879609207 8.588523040253017 
1 0.05033132568702152 9.029280664299993 0.04055513175822295 15.714677247693695 0.06943838167551404 2.645060064274289 0.06017422962621492 5.3264527554840075 
2 0.0506359780822294 18.535587931962137 0.04110327069443648 31.841302124482173 0.06953809453475732 5.579697474766452 0.06033515736571331 11.074141446719107 
4 0.05098362597553702 29.496011748016144 0.04171399689164881 51.10834626357153 0.06963445256843512 8.70385944720018 0.06051617002169361 17.580643479993658 
2 0.0505265741811731 15.142339686240543 0.04090779071368905 26.733167999968163 0.06950695808686178 4.582855415956312 0.060276952734177436 9.030042276089754 
2 0.05054088402342429 15.586551576260096 0.04093372118112587 26.874867880715772 0.06951103714549113 4.713168587086248 0.060284533871135124 9.29729851920047 
1 0.05036867949616632 10.184539628020657 0.04062336974322017 18.144462001499484 0.06945199169544553 3.0548717079865653 0.060194137269989303 6.048278827569192 
1 0.0503513364756404 9.657448064657052 0.04059176093678589 16.788469169047225 0.06944409111962693 2.8565862272266678 0.06018492537889848 5.707709170381299 
4 0.05089461716769252 25.882787152165964 0.041559903822237766 45.310525274958636 0.06961015723264309 7.905400362096303 0.060470620348197814 15.91057788806464 
3 0.0507117104447824 20.51476023308183 0.041237338728565234 35.76920982175913 0.06955890376630437 6.246852176701462 0.06037469237990839 12.482139741619154 
2 0.05062213508926713 18.08427984669155 0.04107884256253725 31.122508222658745 0.06953379443066064 5.44279215575573 0.06032741884448829 10.814671581317302 
2 0.05056408228808172 16.29381939195307 0.040974552493649605 27.27159708805194 0.06951777262044338 4.9293979977643705 0.06029701728410147 9.731471521822648 
2 0.050620736422890666 18.08567680635614 0.04107603059024079 31.6095775715418 0.06953359650629587 5.435343402307415 0.06032692945110894 10.790788061971236 
1 0.050415835345376456 11.707612672150224 0.04070917308160758 20.72355759453689 0.0694731421897955 3.5548747508132346 0.06021841795197529 6.952704296067918 
4 0.050898083562339914 26.79133729644771 0.04156663555965278 46.65023618309203 0.06961074813467888 7.925425920342744 0.06047198539051033 15.97093603815988 
3 0.05075850114521041 21.70246838659242 0.04132104825384608 38.135395957481805 0.06957246877186729 6.683134301696889 0.060399807364356906 13.360209762648259 
3 0.05084225935660932 24.227234136686462 0.04146933563695131 42.56714502865421 0.06959588229068618 7.440807133521071 0.060443840605034424 14.93985100717643 
3 0.050733789820439135 21.54829394681193 0.0412768542678022 37.760450754975444 0.06956524291421878 6.451335961433877 0.06038644500861852 12.893773918534484 
1 0.05043975436718227 12.38699382558177 0.04075194567272174 21.417894451990794 0.06948198362667313 3.783825762138079 0.06023066909758832 7.40001455394291 
3 0.0506961407051804 20.42210945325426 0.041209249625989354 35.81328169639063 0.06955471059824252 6.111670484259838 0.060366635907979624 12.189890840305592 
2 0.05057330653317438 16.59596162021241 0.04099197461126667 28.520952793265604 0.06952023790321046 5.008427145515985 0.06030180789635042 9.906585626460348 
3 0.050769179634557626 22.220257698975423 0.04133892889046871 37.51536561537447 0.06957548009838475 6.778952551645925 0.06040545065281141 13.559301951173845 
3 0.0508282065408884 24.51320198048873 0.04144244024903054 41.480713704841314 0.06959171548958228 7.304778867496481 0.06043604583770362 14.659541693708386 
1 0.050382473696643434 10.60855938644408 0.04064858691504682 18.794680720129694 0.06945815908239353 3.210433396569171 0.06020138522894134 6.314728434633942 
4 0.05087598365036415 25.317739339467607 0.0415262876216517 44.307951925768194 0.0696045068291828 7.722588220763106 0.0604604374060007 15.554251849704418 
2 0.05048410302548807 13.798552334005933 0.040832163428969094 24.40261006081419 0.06949488706909909 4.196640647729882 0.06025435644235416 8.23138023445261 
1 0.05031777231137743 8.577246534001329 0.04053123282649025 14.80133761726914 0.06943618823199517 2.516918800892596 0.06016728951349683 5.082512975000208 
1 0.05037454910641122 10.366582203632692 0.04063405271045541 18.47063496425131 0.06945445424004101 3.1231158575973783 0.06019724100570721 6.162171586864292 
2 0.05047448616734966 13.232082987219105 0.04081477106805857 23.896987409045902 0.0694921084753791 4.107876993957753 0.060249257195976305 8.052337213971066 
1 0.0503469512466024 9.517439509086945 0.04058394590223425 16.019315911963883 0.0694423046150459 2.807719200989645 0.060182506908379285 5.623137342977162 
4 0.05091658774215483 26.553231604215433 0.041590004884005494 46.28768895631286 0.06961584367550938 8.096516620270775 0.060481675351611607 16.320415384242715 
4 0.050911320079941445 26.388664040949017 0.041587887196679246 46.21227398315506 0.06961417595245596 8.037331568880902 0.060478544853211046 16.2138385370613 
1 0.050275328676211595 7.270383731776218 0.04045011549821077 12.64693519940056 0.06942968110748594 2.002160090015132 0.06014399299866944 4.266540175428153 
1 0.05030232773501643 8.098979859116994 0.04050207133430072 14.168537412471647 0.06943386633201397 2.3323053283803943 0.06015887624370177 4.789523292617833 
4 0.05093220257497784 27.821090555442026 0.04162684246698119 48.400472355476516 0.069621172463213 8.26629784145679 0.06049074205864833 16.629311765236462 
1 0.0504327359993853 12.186406278981318 0.04073949777846762 21.568783116232105 0.06947976679860748 3.7183518470152377 0.060227046617677735 7.26801150496234 
1 0.05029934224216649 8.024862475068508 0.04049540483169909 13.500300282524034 0.06943367389640605 2.2969735706071246 0.06015697589969351 4.721246853561468 
4 0.05091730663033254 26.575427252932656 0.04160002398631807 46.12680508824462 0.06961659535286384 8.115522800766676 0.06048253909945739 16.34016875656456 
4 0.05096444824710193 28.344847883132978 0.041682086517392726 48.7452045383328 0.06962986252833238 8.551147941311118 0.06050715540024132 17.232549669864348 
3 0.0508485838042662 24.40300938644636 0.04147882240439858 42.20759998746384 0.06959711239897573 7.48006044794799 0.060446321619272714 15.036194795773511 
2 0.05058039425038917 16.818672521978144 0.041004314205082555 29.6329955970884 0.0695221617197436 5.069112948241257 0.060305602217479506 10.041092363911513 
4 0.05105061884981843 30.600667902432285 0.04183188294838347 52.07453958467156 0.06965372624897635 9.336728655498458 0.06055158175974769 18.863052458361942 
3 0.05078595426524831 23.22005186600868 0.04136971104016083 38.35421479560873 0.06957946346458158 6.907761858878244 0.060413397280325555 13.863317600874206 
1 0.05034773865254123 9.54215049596651 0.040585112455529204 16.605353435913425 0.06944258447741467 2.8171948761668437 0.06018297772967307 5.638830774277874 
3 0.05083368280168926 23.994161499615576 0.04145259403780923 41.979595769236425 0.0695932475443318 7.355376756815811 0.060438913147770876 14.763256095605062 
1 0.05035444197406681 9.750162163445285 0.040597683243117653 16.970318431343344 0.0694452823464767 2.8895017630821185 0.060186588868260796 5.7690876748696285 
2 0.05066641939810364 19.512470907178738 0.04115811574412266 33.917227632578545 0.06954639876996413 5.845757254081872 0.06035105782580545 11.643096265101644 
2 0.050471142020153195 13.356876676270355 0.04080909462447687 22.39060295197624 0.06949102440873967 4.072480035497816 0.06024731937257381 7.988589408217368 
2 0.05065234664485909 19.073452309966267 0.041132205235602376 33.42390662297553 0.06954243298359543 5.7192870311579345 0.06034360424316232 11.380378176341496 
4 0.050952070269357295 28.500117318089686 0.04166070329338068 49.09812319916654 0.069626867847182 8.45127898974755 0.06050125848695065 17.005657004325528 
4 0.05105330811454738 30.68739744575209 0.04183646735647496 52.28452518035027 0.06965502398068057 9.379113594713768 0.06055357790777107 18.923789601078266 
1 0.050292725840499486 7.8193648442391135 0.04048316451419377 13.617851032771105 0.06943304496224867 2.2322455346406596 0.0601534240996585 4.594751549856207 
1 0.050302093903558276 8.13777228794406 0.04050037437104644 14.12722031619305 0.06943415791349339 2.3574790974711646 0.06015851453448544 4.774564427388299 
3 0.05082561250023641 24.43278260338391 0.04143814489205044 41.66479274932658 0.06959095493408508 7.281139575526379 0.060434647821751966 14.611308342773231 
3 0.050778168797167754 22.99276412178658 0.04135421662999772 38.30432148571465 0.06957799781976412 6.8604739309657905 0.06041020013190625 13.727925748115297 
1 0.050437048399850935 12.270839776654112 0.040747066722434375 21.347551548551944 0.06948112907046407 3.7570249895012973 0.06022917531862108 7.346609053498179 
4 0.0509434834816173 28.23434227870394 0.04164481684155992 48.67481980093778 0.06962393325736893 8.357605614366213 0.060496185662883395 16.83636969618579 
2 0.05054317439542664 15.659824765818538 0.04093794513520814 27.63770707409477 0.06951166948229369 4.734856449459121 0.06028574472756234 9.341765127152474 
4 0.05092813105985172 27.750758487401185 0.04161882297268778 47.05425858239512 0.06961963235833292 8.216092641543174 0.06048817231857245 16.54543637890239 
1 0.05025495573211911 6.62499913869067 0.04041139504764686 11.512099032895268 0.06942449779001955 1.654899568097767 0.060133447916217296 3.8936780877823565 
4 0.0509405689613622 28.080795072011778 0.041640103643846585 46.26170244698881 0.0696235683831014 8.34375246526215 0.06049516193328439 16.786758238710178 
3 0.050687294431277174 20.156800335159627 0.04119504239256451 35.16063159184877 0.06955202443367528 6.02653306179951 0.06036179965883459 12.02908281993985 
3 0.05072754780528018 21.40372300850362 0.04126577698374253 35.312095852192726 0.06956353914564485 6.394888524541375 0.06038319536889194 12.77655346234706 
2 0.05057247437562643 16.52506845856754 0.04099061401617471 28.504954838585057 0.06952001066162536 5.001280701180467 0.06030135698240931 9.891160259669999 
4 0.050883741821155695 26.291293883078264 0.04154118641736692 45.43962607608752 0.06960708602872259 7.806384646157312 0.06046490842569478 15.706709714700773 
4 0.050927055633280094 27.661289028408255 0.04161690492482327 46.97524592798484 0.06961930784072223 8.205472774638528 0.06048760565331229 16.5248371929863 
3 0.05067654377041264 19.41878739118471 0.0411757056220017 34.677962951477085 0.06954922428679886 5.936278992151047 0.060356293276284625 11.82558341368249 
4 0.05093795990054288 27.997757427801627 0.04163584628239321 48.69127820518885 0.06962278847823379 8.319418362776059 0.06049379112356075 16.739371192171596 
2 0.05048067707467437 13.697425494940145 0.0408256949641598 24.24117364130236 0.06949389242017136 4.164770699895922 0.06025252364899791 8.166745091325339 
4 0.05102437080765141 30.788986238642373 0.04178523287212409 51.93107187428124 0.0696463105842704 9.093571936075392 0.060537876913883015 18.36311983797929 
4 0.050930529586293107 27.818368135026866 0.04162306963851742 48.253071995267 0.06962072637839556 8.251010411866783 0.060489915347343215 16.597774580964536 
1 0.05029688316173142 7.776821955282005 0.040490762763812846 13.640481413374328 0.06943353680335095 2.2735701601296032 0.060155695917446794 4.673542290809197 
1 0.050397822570180495 11.101858832295589 0.040676353955220124 19.737353963772122 0.06946502743209419 3.373898782462939 0.06020937296330131 6.6104527944692135 
3 0.050717361942033454 20.66214865264439 0.04124753637122394 35.765205961842796 0.06956092286620354 6.310560152768618 0.06037813587808829 12.590073845479685 
1 0.05031760687839989 8.597775860025322 0.04052979210896062 14.373016345024476 0.06943613699470627 2.50909733077249 0.0601668563495248 5.067693437932824 
3 0.05077092157246119 22.76358679639224 0.04134246262596776 38.81855058276773 0.06957568876592793 6.786007159428822 0.06040603593944486 13.587487091258145 
2 0.0505355861686441 15.41352637472078 0.04092447224568517 26.59059773701364 0.06950954000565546 4.666392768892116 0.060281746558161806 9.200242599948345 
2 0.05047330518920107 13.454629606534061 0.040812496268567935 23.824590848915282 0.06949168134182815 4.093585481288852 0.06024851896717187 8.028596127794012 
3 0.05075520395945917 21.60330396789211 0.04131532995669006 38.73622246396847 0.06957109972011549 6.638377267459617 0.06039753013694217 13.29066752516655 
1 0.0503326998759895 9.07206082666887 0.04055748351580221 15.487696393118346 0.06943868685666592 2.657217341292609 0.060174898923396294 5.35213828799262 
3 0.05073643700704032 21.677425472029874 0.04128104406996817 37.054190202186625 0.06956599235112357 6.473626973102968 0.06038783465528117 12.94126462887264 
2 0.0505548838447593 16.02439644629945 0.04095901119607055 28.23707251560852 0.06951501942146428 4.840497338509239 0.06029199425827353 9.559962486535182 
2 0.05048899021378981 13.893235776844529 0.04084061271911095 24.541291300625165 0.06949618380059361 4.238611257046559 0.060256881665482195 8.323779670728992 
4 0.05095839444153124 28.09883195264303 0.041672036898292575 48.623468602472464 0.06962820987669846 8.495898420149981 0.060504027906502944 17.118046605723002 
4 0.050872572926258554 25.898899468942282 0.041522642862169404 44.89027599997861 0.06960405103798539 7.706742865811298 0.06045926393572891 15.502702495929068 
3 0.050784997257298826 23.202711302549552 0.04136576885188106 39.374589085826905 0.06957928107460573 6.902924344319976 0.06041303521945551 13.845241058762236 
4 0.05100403091112486 30.149852789897484 0.04175013202264713 50.93963374740964 0.0696411280416935 8.920910419896419 0.06052789951002915 17.984548189448702 
2 0.05061666801909841 17.870927360339426 0.04106938801837894 31.54482542866749 0.06953244975251624 5.399204660811932 0.06032476073956343 10.715652051335864 
4 0.050928885414004074 27.71493827074612 0.041619602844166104 47.01093136700941 0.0696198508340555 8.221905026518368 0.060488573494671474 16.55867495823327 
4 0.050913829221023554 26.468067823841817 0.041593426143729906 46.332282061403575 0.06961556946084793 8.083066307242046 0.06048068695301845 16.275055182213226 
2 0.05059173117864028 17.12552357656714 0.04102409772229727 29.535020689049183 0.06952538552892032 5.17297321727094 0.06031146110434423 10.245968166890789 
4 0.05090587208568444 26.98402108970611 0.04157968698620506 47.003171287015945 0.0696132842813392 8.008745754284615 0.060476465451454374 16.12433574891573 
2 0.05052348592129149 15.01048730982821 0.04090239675204362 26.085930057041633 0.06950609610820718 4.555069082494181 0.06027533259696033 8.972483477093663 
4 0.05087703818112001 26.135175158197704 0.041529389183235524 45.407664603074906 0.06960519550128014 7.744876827147715 0.060461397658394554 15.580250784373026 
2 0.050552961947623286 15.964347249483945 0.04095494609221116 27.981324650049213 0.06951444234421553 4.823129447842554 0.06029096045430486 9.524398397457004 
1 0.050403651612490594 11.285931813299118 0.0406868735350705 19.595730920427275 0.06946790453118543 3.4351627817284474 0.06021234861845933 6.721919985056021 
2 0.05055658414379731 16.071567350085736 0.0409614027712934 26.163666533360434 0.06951550049607733 4.8558783970913755 0.060292912251395506 9.592086433017636 
3 0.05067885192644935 19.881744464133384 0.041179579640661726 33.237386044481106 0.06955009099681658 5.963904502215416 0.06035778942384584 11.872211534621854 
3 0.050683208650895 20.027358981838855 0.04118712415854087 34.97725539245143 0.06955087881679733 5.98887183256601 0.0603596785533881 11.952006582537877 
2 0.05065826428166 19.239758186849894 0.04114286385006837 31.830362276646916 0.06954436222709282 5.778896382942623 0.060346949079958134 11.487877976802404 
1 0.05037082736148315 10.250016301569062 0.04062728344576547 17.92482672320974 0.06945285809264416 3.0779130656050135 0.060195300112496374 6.0898797218676695 
4 0.05099830193249414 29.062340347339624 0.041740974028098066 50.66197229819467 0.06963994968286946 8.88241770400338 0.06052544919527405 17.8848595336605 
2 0.05056589192886289 16.35930140172483 0.04097841667834724 28.617700558040685 0.06951816101635654 4.941082780927379 0.06029788931328438 9.767440159110096 
2 0.05048445782794192 13.77899371175873 0.040832389591918615 23.083732809575846 0.06949490802003752 4.197098361646502 0.06025446772884248 8.23811901253885 
2 0.0505484999081441 15.817454699475212 0.04094737262735798 27.1021590456882 0.06951320115515458 4.78365120681808 0.060288607819358644 9.441979152431738 
3 0.05084346408745218 24.26421591943109 0.04147051291720416 42.666316028154704 0.06959587898341954 7.441095776945838 0.060444081486211644 14.957136559974836 
1 0.05034139549915083 9.343110718533273 0.040573791194396205 16.263761412040115 0.06944058101258417 2.7482642558162516 0.060179611312479474 5.516132497518143 
2 0.05057561199869488 16.62245850647968 0.04099556876718778 28.832937078190525 0.0695209005272471 5.028467378140434 0.060303048182081334 9.948625238645747 
1 0.050329698919968205 8.978656335320574 0.04055209805144579 15.422259302149863 0.0694380769505074 2.6274555178340675 0.0601733127052196 5.295446580317673 
1 0.05044045861106616 12.444332281150631 0.04075357948440548 21.550357560497968 0.06948229918374502 3.7936806465151287 0.060231184309288754 7.415251653384841 
4 0.05099536942168699 28.971893679342077 0.04173666409348046 50.53829339676129 0.06963911078106047 8.854507821546633 0.060523906165514584 17.82909687306781 
4 0.05102738952729289 30.30278516352461 0.04179062225545475 51.289729756618684 0.06964721674667027 9.121421683199257 0.06053947773206667 18.419118891119258 
3 0.05066847102529939 19.559553106128355 0.0411616669778086 34.323897847912065 0.06954679696408499 5.859400553301391 0.06035193915645688 11.680827634108201 
2 0.050548251404256804 15.818655521495561 0.040947045778469 27.629182501536537 0.06951297364250157 4.776502367672053 0.060288279408917546 9.434706807824005 
1 0.050407692194853415 11.412277642608904 0.04069401208559655 20.276692478057154 0.0694697131398436 3.475938052778338 0.0602143827732322 6.798119946141807 
1 0.05034803210885149 9.55317269481732 0.04058562677242343 16.275873638745082 0.0694427932876188 2.8211049279716685 0.06018316269767825 5.64441132682389 
3 0.05085071848145587 24.46897118596334 0.041482685394184614 42.955406128830546 0.06959841315810712 7.521453488222031 0.06044827562233015 15.08720465938894 
3 0.05072546383230168 21.339328297984927 0.041261172809297704 37.30998369684677 0.0695629193584545 6.375556123742858 0.0603820591241653 12.736451738792184 
1 0.05046091727760382 13.077814507820856 0.040790562365002836 23.1767345838986 0.06948823466435361 3.9832892923479455 0.06024208205423748 7.799257536474769 
1 0.05041108072456348 11.518325689893814 0.04070030768770271 20.219906315928647 0.06947116032736274 3.5083491789674435 0.06021603162379417 6.861494298154713 
1 0.05043257718529413 12.181447970310831 0.04073923075400991 21.393257012130423 0.06947981741647774 3.719039047056957 0.0602270305993999 7.2659154811365 
4 0.05089680011347743 26.695165830243667 0.041562376698035766 46.527278558089336 0.06961008970674144 7.903948319847092 0.060470954973524504 15.940003512131165 
4 0.05093398935104643 27.92871448218158 0.041630332223738874 46.02211359621248 0.06962174468441432 8.283186465531514 0.06049173792253974 16.66303375537078 
4 0.05089052641500809 25.20248080877828 0.04155193043929308 45.016482617649885 0.06960899648659878 7.867851087750862 0.06046847457602138 15.833588181422282 
4 0.05102365631548174 30.76623699113643 0.04178352097291845 51.98757240750297 0.06964659592111384 9.102563904352403 0.06053811408779171 18.359804031571635 
2 0.05066701075822113 19.511867461670143 0.04115861171955444 34.249803389647425 0.06954653182588905 5.849869967333605 0.060351454693137005 11.656285954628554 
4 0.05096721351134666 28.919022098978065 0.04168688681389598 50.24456881639448 0.06963062521456098 8.576139964678354 0.06050858557681893 17.284444446032133 
1 0.05025896733502179 6.736914154408008 0.04041882132496678 11.730752573635357 0.0694255380778783 1.685428212322631 0.06013545175389016 3.9657528678859513 
1 0.05045488161967552 12.88072403460221 0.04077951968682371 22.82347857086549 0.0694863826001233 3.924509457410358 0.06023875731750563 7.685584605592835 
3 0.05086631887800848 25.23123709409803 0.041510906899934294 43.79263027140585 0.0696023205849591 7.650041374061116 0.060456022602752256 15.385026093187529 
3 0.0507353586166037 21.643425962956282 0.04127840543848927 37.82302472155551 0.06956564781398328 6.464289464693907 0.06038726101583884 12.921758122551887 
3 0.050729029585461036 20.824076811230743 0.041268175646720286 37.58568798947955 0.06956373021941262 6.402846034764425 0.06038376864494051 12.805920612848846 
2 0.05062359653957145 17.582705350045096 0.0410807957469312 30.611465996808988 0.06953462598533969 5.467477787839191 0.060328654199990527 10.842988534977573 
3 0.05074464671536701 21.89226714789149 0.041297147314051756 38.39492764211159 0.0695685860293763 6.55695866599183 0.06039252515233519 13.100691755813614 
2 0.05050789394703666 14.484470732710454 0.04087464435936787 24.83586363956281 0.06950158077594822 4.410575037302416 0.060266879781081875 8.675469998858059 
3 0.050857758772461556 25.432726041259553 0.04149582763915691 44.27061375761025 0.06960024503120284 7.581899226091929 0.06045191484132854 15.22824613611047 
1 0.05044718252101978 12.65419927001722 0.04076536330053592 21.656441289829594 0.06948424798109157 3.8561557373144995 0.060234740557796505 7.541088901376173 
1 0.05042164273597627 11.84529187612263 0.040719108969112475 20.441328366339945 0.06947547826685593 3.615539750168783 0.06022153763548212 7.063985866335855 
2 0.05059325972574018 17.21149101748565 0.041027669502257655 29.21050631979337 0.0695259107533156 5.1891948577895475 0.060312435363539973 10.280099270026001 
4 0.05095042484737624 28.4549122131804 0.041658453743783366 49.19716718755259 0.06962588199642664 8.420847349301699 0.060499772187492515 16.966400291187878 
2 0.05056508437208766 16.30335065920324 0.04097705437405269 28.697926878697224 0.0695178173754819 4.930340642743395 0.06029741971828513 9.753270664094018 
1 0.0504484459540297 12.639509696271091 0.040767458467340686 22.489972732044727 0.06948444081042593 3.8622506395613967 0.06023517111125023 7.559275037653154 
1 0.05044388174074832 12.545120751609575 0.040759802123995006 22.257242815984917 0.06948331440484697 3.8257002506942976 0.06023301385297558 7.479939185462257 
2 0.050620603985484555 18.081194595271953 0.0410759027810839 30.97937863831143 0.06953357376629979 5.434076472707046 0.06032687172095604 10.78827633219905 
3 0.050742484244226005 21.871012392220287 0.04129291052271981 36.447413590997535 0.06956799594223709 6.537038552353723 0.06039141079023913 13.059518570275022 
2 0.05055689901689634 16.080956082009465 0.04096196054680014 27.600640729191376 0.0695155981616856 4.8593074451822655 0.06029309677014154 9.598397295948748 
2 0.05052555917655268 15.108603118176784 0.040906292077658016 26.667940085080932 0.06950651958649293 4.569905514543632 0.060276202899694695 9.009325003683745 
1 0.050439547369308516 12.303340281492163 0.040751141618646194 22.01368416679245 0.0694818080630771 3.7779777096632743 0.06023035341535534 7.3884443250235705 
4 0.05104841105548326 30.596582921761172 0.04182756346305551 52.758809803785496 0.06965310648202806 9.316356497952958 0.060550435877203414 18.821040077577504 
4 0.05092370840294862 27.551190423104174 0.041609733104477485 46.5972775247066 0.06961834955047415 8.174759658251572 0.06048585082774873 16.46206160045718 
4 0.050973284045326236 29.16831119974288 0.041696965651850965 50.60566787695357 0.06963239127447099 8.634628956371623 0.06051178435295661 17.4001804516346 
2 0.05053522721821337 15.40210380500179 0.04092387040330507 26.578637939038003 0.06950944405321015 4.662349923999474 0.060281561052330644 9.1926016276839 
3 0.05082481396359083 24.45932730047914 0.04143673887117163 42.574295884271905 0.06959072434404842 7.274192347750855 0.06043423290490937 14.59654895396587 
2 0.050542524048283834 15.639370863164388 0.04093673376011402 27.563233358396747 0.06951147563561354 4.728564391367412 0.06028539423222702 9.329309242011485 
2 0.050468551560544396 13.292558528816746 0.040804137707031965 23.590272034487647 0.06949030869803079 4.050202446431112 0.060245996291678414 7.941125217673138 
1 0.05039062234560997 10.875833938703531 0.04066335021318165 19.106102764880944 0.06946181199293071 3.2978234699081455 0.06020565699052015 6.472594279457796 
1 0.050391259743644654 10.897233611539466 0.040664761574914124 18.932125221473573 0.06946214169555368 3.3047245984790825 0.06020599219203633 6.484972413720709 
4 0.051000269880429515 29.122940731902947 0.0417442529883166 50.8362605750277 0.069640552046224 8.900736112804704 0.0605265062572811 17.9212320569236 
4 0.05095157488182391 28.484449048655403 0.041659941800888646 49.3137854228779 0.06962668053615201 8.446937357146517 0.06050096900294005 16.99746536024449 
2 0.05049557429928001 14.146227635986486 0.040852512632241586 25.066288453122432 0.06949808452268709 4.300013731458884 0.06026040370424498 8.448717641448008 
4 0.05101519387103633 30.507633905136043 0.04176899544650552 49.86752130434944 0.06964376414760907 9.006921717218 0.060533090334608096 18.185393846658318 
2 0.05057163286251295 16.177497686188282 0.0409889544796837 28.4998756734293 0.06951976266318691 4.993201527640666 0.060300903596082825 9.875110492480415 
3 0.05071883213412291 21.149290793096082 0.0412493908669266 36.13107286766976 0.06956087486591081 6.311437262295031 0.0603784161451412 12.615572055079706 
1 0.050284096608128215 7.54755600839115 0.04046662013074136 13.13041377048395 0.06943149520723076 2.0786664507178947 0.06014862007245939 4.429813841486556 
2 0.05063435621565676 18.48527332857821 0.041099984837212576 32.51047249459462 0.06953764363094476 5.565135597881431 0.06033432488666281 11.044287870450688 
2 0.05047529039996199 13.495722075150479 0.040816285813051065 23.38453306866011 0.06949227445965926 4.11308948244626 0.06024960573596973 8.06777183428413 
3 0.05081503610469777 24.11921057608969 0.04142068590931054 41.96805895919667 0.06958788578209218 7.18223403440331 0.060429151405851186 14.422691467618819 
3 0.050725441111653134 20.933118734640416 0.0412619217414892 36.48193451018532 0.06956292440836065 6.3753475554442485 0.06038205298733916 12.73596048621819 
3 0.05082638345006173 24.508257111301084 0.04143967654193834 41.732167858759304 0.06959118034492981 7.287950016994438 0.060435056676780605 14.625141296162862 
2 0.05060091753690221 17.453991127365683 0.04104109657394671 30.73248956744278 0.06952802697352602 5.257938126722337 0.06031643610761498 10.4229768916333 
4 0.05096642865664739 28.951392145375962 0.041686523746616966 48.47188075926361 0.06963002952765393 8.55702916080248 0.06050769610606403 17.263339222340488 
2 0.05065358580685677 19.066134024148763 0.04113516299273366 33.18692538433128 0.069542791739494 5.730524359630389 0.06034426095901453 11.403392725784997 
1 0.050362070925285385 9.988550618818527 0.04061150914846989 17.343278046974586 0.06944862008888658 2.971695366329457 0.0601906745953613 5.917159285368155 
2 0.05060653645533396 17.63660038992206 0.04105082222402382 29.514842879228706 0.06952963431328396 5.308065724558643 0.060319441237347504 10.526343192218736 
4 0.05093296581261164 27.896028484495666 0.04162755138521088 48.44472518990612 0.06962144898075454 8.274251095786179 0.06049119883575631 16.644168014794236 
4 0.05097551117201057 29.18104655618408 0.0417011306638226 49.28347132751888 0.06963302536487394 8.65412218531458 0.06051297016634681 17.441761246901518 
3 0.050831316607834374 23.921398563513804 0.04144771397324634 41.966093409191764 0.06959256773464326 7.333573158573782 0.06043766878766155 14.718834383688455 
2 0.05062148270836173 18.108549622174998 0.04107753200856458 30.64257046355828 0.06953379573915659 5.44238529403811 0.060327300469090774 10.80529053763914 
1 0.050324069642520584 8.801399133661471 0.040541855379792505 15.330178415967794 0.06943698212520794 2.573762614982556 0.060170331328622116 5.190177649116694 
2 0.05052280873149604 14.982845651635833 0.040901330314855336 25.784097831940926 0.06950589522142755 4.54870955095392 0.060274942656534755 8.959313554614296 
2 0.050546680561587995 15.76930667754252 0.040944268993496805 27.678557642911425 0.06951266696544536 4.766062059209191 0.06028762399401215 9.407101277848295 
3 0.05076273015976731 22.50914064059608 0.04132786376955526 37.97975714650497 0.06957366433725859 6.72099445065259 0.06040205585684644 13.439318395321866 
2 0.05052522547605243 15.098201660463662 0.04090577109754781 26.642531758274494 0.06950654180332086 4.570792820458516 0.06027617393120588 9.005067595287525 
2 0.05049017521213508 13.967431357241784 0.040843150120064516 24.727762403949363 0.06949653991415775 4.249807904618877 0.06025752366646568 8.346369775122955 
4 0.05094794226522824 28.32039219326805 0.041653358056769584 46.00508590662126 0.06962523146131969 8.398585481305782 0.06049851295574983 16.91872966329005 
4 0.0510185465015421 29.676501915811752 0.041775011193680385 53.070818558915924 0.06964516479721394 9.054446391690632 0.06053543227527055 18.260887673424527 
3 0.050831596056238146 23.929701974031452 0.04144908967051471 41.95919318971791 0.06959266318834675 7.336551144437948 0.06043781366077172 14.723968928415719 
4 0.05087817259000612 25.61916467368426 0.04153123188314287 44.659322135814946 0.06960589063890293 7.7669548707508955 0.0604624358175481 15.607787950053298 
2 0.0505681978397979 16.439126717354366 0.04098241609208512 28.33181304289701 0.06951879111341903 4.960917390413947 0.06029907355217719 9.809310985206846 
2 0.05051883975503122 14.896109694614575 0.040894618604560264 26.10406420484869 0.0695047644203246 4.512719550937527 0.06027281242152206 8.885012156506734 
2 0.05062186610507221 18.075202975059636 0.04107797414058774 30.20972426501469 0.06953391796806278 5.4457876066583495 0.06032753084722168 10.812091844464415 
4 0.05102301611978723 30.687278321158107 0.04178340640875867 53.21856909123628 0.06964594642946072 9.081213015699628 0.060537186404366464 18.337628385021983 
4 0.05093799483430578 28.0546227434999 0.04163446349174367 47.39312066643009 0.06962284597332842 8.320837538855873 0.06049383988303645 16.739307831716467 
1 0.05031556406277958 8.539241378120906 0.04052638214877284 14.859134737516172 0.06943604774677894 2.486946474177725 0.06016581412839441 5.030733202035654 
2 0.05046410526705982 13.164087815876087 0.040796225584921866 22.820417009012253 0.06948900596880751 4.008360401758095 0.06024363073943497 7.858971396710149 
1 0.050354152269874594 9.74106792232287 0.040596985418288864 16.94560500270783 0.0694452404050408 2.886999127835713 0.06018644727981768 5.763634710599063 
1 0.05026399949806778 6.909499472186556 0.0404285694998582 12.014599274650136 0.06942694304575656 1.8204928066171397 0.060138110758550814 4.05855954556805 
3 0.05078243768816297 23.12943838542049 0.04136210375054058 39.26154670546243 0.06957918229878728 6.8990399549516495 0.06041243314450519 13.807772241314591 
4 0.05098474768713594 29.531942756437463 0.04171652039259059 49.984437968622025 0.0696347817941344 8.71384237349063 0.060516755008686404 17.60167972597178 
3 0.050689919674054965 20.238176461147543 0.041199756994716674 35.483092869382695 0.06955276886272112 6.049280430270113 0.060363209277270825 12.077327702902249 
2 0.05065568357958657 19.150679730367276 0.04113804692413343 33.47681409876489 0.06954342297475648 5.750828441457508 0.06034533953992499 11.438643695861703 
3 0.05068929919869493 20.208559162224525 0.041197254204200784 35.480541056007226 0.06955279379863437 6.050934823650711 0.06036303460048278 12.063809121501375 
4 0.05102509596900552 30.75276296766168 0.04178619206764812 51.71619793961446 0.06964619444831485 9.087892773533115 0.060537827915031685 18.36863302041872 
4 0.05099108894678443 28.785484117470368 0.04172680841527662 50.36506443729572 0.06963737208278195 8.799100660611154 0.06052106870830039 17.7381429702959 
1 0.05046071324127065 12.992275050892385 0.04078988629976233 23.161787023503695 0.06948803851588965 3.9773578592061485 0.060241800778203146 7.7926719284906465 
4 0.050947024086365936 28.347386635353622 0.04165169354981652 45.808546860423476 0.06962498008035925 8.390558541060411 0.0604980433344551 16.90207974546978 
4 0.05101256693817876 30.423982531682576 0.04176490677792797 51.27052052999126 0.0696430324296639 8.983434714884437 0.06053175742449594 18.13690535949523 
3 0.050782064432843624 23.11106113646701 0.041361837815931654 40.04939563915522 0.06957906291167944 6.895590261983912 0.060412211635283194 13.800855861018121 
3 0.050775698087843955 22.86266824838244 0.04135123188023761 38.258564311106596 0.06957733404169385 6.8386808048952314 0.060408897835335075 13.681809754146453 
4 0.0510340062323711 31.09581228073028 0.04180341973329855 53.866911529556376 0.06964954409392873 9.19819207244085 0.06054348056545857 18.554707165860076 
4 0.05100122261556929 29.152881814681148 0.04174731149295777 49.77658304345215 0.06964083822002468 8.909766809730957 0.060526992897677115 17.939603115734496 
4 0.05092055901436141 26.156397943578106 0.04160541019163396 46.9029915445336 0.0696167562558671 8.122414616815103 0.06048333110616737 16.388768421108946 
4 0.05088122492990055 26.267933219435662 0.04153612442589481 44.290427685743374 0.0696067566800187 7.794329554217508 0.06046405225709376 15.66445951585683 
4 0.05105686085697445 31.821681554329018 0.041843007068441254 53.02877678468451 0.06965610038234196 9.412825183462255 0.06055546778787731 18.99001128777955 
4 0.05102188109193769 29.775768943949306 0.04178085787990996 50.80508697447098 0.06964617373548436 9.086763235024856 0.06053721293473409 18.323692179968898 
4 0.05097574243507698 29.187218575243996 0.041700963293593275 48.452598728983226 0.06963258030609885 8.641677103689528 0.06051251022473799 17.438339238118182 
1 0.05042414920477319 11.931655922561166 0.04072416364208146 20.45262996825254 0.06947663086725513 3.6394820347620196 0.06022276927891711 7.109497696831016 
2 0.0504858389613387 13.829877959321758 0.040834848354826335 24.49842006921579 0.06949527492766717 4.2088962896805935 0.060255160673643025 8.26257659893439 
2 0.05059436371618762 17.246025395451618 0.041029446632669095 29.647342809734234 0.06952620523498967 5.19955132361273 0.06031300469351129 10.301403834660283 
2 0.05059268507023562 17.19358658489414 0.041026639249977556 30.093780580609906 0.06952572576080672 5.184239417353822 0.060312105954394 10.269868095647627 
1 0.05041783984439894 11.735937961141376 0.04071277001652884 20.246569341329582 0.06947403173003129 3.5779999133334264 0.06021956272968591 6.990947036775691 
1 0.050459659730053896 13.008584247435698 0.0407881708710363 22.884078328701953 0.06948776626310027 3.9685826812832667 0.06024128783043703 7.7745656420200335 
2 0.050579357040270126 16.787887964208444 0.04100307221910589 29.589165444838187 0.06952171210276513 5.0545921189705165 0.060304848511169004 10.018859728487575 
4 0.05096802745845419 28.39785661300989 0.04168798819658883 49.17992863414603 0.06963047921618803 8.57207718832087 0.060508526513286774 17.29301289157886 
3 0.050826450576907746 23.994024126642294 0.04143979483273 42.70824829879683 0.06959119596327965 7.2889581538901655 0.06043508548246794 14.626772669285605 
1 0.05039932912756987 11.151858054537751 0.0406790619203 19.374069295762677 0.0694660262333413 3.3904521014175506 0.060210140202562434 6.639422542369816 
2 0.0506540545320586 19.055383143720796 0.04113501360776254 31.97510635219614 0.06954317599089432 5.7415378809504 0.060344750391639244 11.410407536373754 
2 0.050557344721093044 16.094995176376933 0.040963293648298524 28.383180554547174 0.06951572607937848 4.863563884335088 0.06029331780603224 9.607113934152451 
3 0.05069861166003705 20.490113489208277 0.04121427171671042 35.09229821972362 0.06955519638369669 6.1282145349668795 0.06036768976841056 12.234578176501909 
1 0.050362571692641446 9.980869915315647 0.04061222475121544 17.062270300750676 0.06944915176184312 2.9791095559626544 0.060190866396826345 5.927823454481453 
2 0.050609100690808054 17.680339989498272 0.041055536901841785 31.189023745503345 0.0695301440878682 5.325752240069441 0.06032054036701893 10.571921265965118 
2 0.05063638208588139 18.548163554712485 0.04110400120196622 31.07587964512583 0.06953822584286887 5.582449030976673 0.060335408737881416 11.080806985484418 
3 0.05078713588377577 23.270125741027808 0.04137066505158697 40.15097258717121 0.06958017401841778 6.932141139696421 0.06041450432935661 13.891363781311671 
3 0.050692051043434216 20.304945877734617 0.04120269693340093 35.601300040602176 0.06955332007905694 6.068314883946286 0.06036430488189293 12.117888450992812 
1 0.050388768457760816 10.816249024634896 0.04065992000055817 19.24677562312895 0.06946124460846036 3.2799167578501747 0.06020470224711068 6.437860374245426 
4 0.051051914225347016 30.705797450050348 0.041832218092225454 54.53120572857048 0.06965467630020991 9.366719909025232 0.06055287726858584 18.89575821292934 
1 0.05042963971318838 12.050621236330134 0.04073354618130484 21.328030614594763 0.06947855276737376 3.6867653082044036 0.06022531701389824 7.206372207430627 
4 0.050910131129427647 26.351886314573527 0.04158706936456522 47.23026432730039 0.06961452038080967 8.0491341810667 0.060478725371757656 16.205101207693804 
2 0.05046958181744723 13.317661160889767 0.040805653978102825 23.087206234959563 0.06949060156001614 4.059246618134241 0.06024651795838722 7.958436123154587 
2 0.05047605503642849 13.516863518134684 0.040817499009223907 23.851861288649168 0.0694924576787174 4.1187182086875405 0.06024993650833721 8.079249974907277 
2 0.05053843346586996 15.471541748997904 0.04092932039814813 26.874069780566565 0.06951034032378976 4.690752917874131 0.06028325717522033 9.25198688565725 
3 0.050855202841128724 25.3506735200298 0.04149172881852619 43.913769631152206 0.06959947501574036 7.557604873353867 0.06045053226929172 15.18011175569904 
3 0.05083473920200539 23.97476965441834 0.04145510132798706 41.91147731002424 0.0695932590108016 7.3548115915275645 0.06043910840687662 14.777130127990537 
4 0.05093469802422037 27.95916170019056 0.04163123354356091 47.451169250993686 0.06962192346850335 8.29065408661736 0.06049211311321736 16.678089454780157 
1 0.05037754589816362 10.462395610927123 0.040639529536376603 18.078176740119414 0.06945599268203535 3.157452111058425 0.06019884874208102 6.220621167948737 
3 0.05066992612262727 19.622475032211693 0.04116397223764549 33.41921442673197 0.06954715141944556 5.870244068875759 0.060352633821112875 11.704807155455953 
4 0.05092905964337667 27.771933840026605 0.04161979525031535 48.19230375018369 0.069620330783111 8.238330129107762 0.06048915461410966 16.5702926084084 
3 0.05082544641358276 24.478909330781406 0.04143798735163993 42.648666655817735 0.06959090687868509 7.2797933807356 0.06043456534607851 14.608520298541203 
4 0.0510557239757445 31.724469785394337 0.04184154711986017 52.55469049767078 0.06965623678669144 9.418111411014252 0.06055544529225336 18.978843491076404 
3 0.05069015901300866 20.245717895143926 0.04120005684960743 35.473558149234734 0.06955281250469947 6.052020325932313 0.06036331695611099 12.08255624577493 
2 0.050551423031763076 15.898948452340028 0.04095234998999203 28.047334702136425 0.06951418987871862 4.813434770147143 0.060290285543511214 9.493144295448552 
2 0.050582064638235044 16.855435883818323 0.04100716455991395 29.697148152170495 0.06952272200181633 5.086427176980391 0.060306398357383016 10.064659276797068 
3 0.05071428931168879 20.982178127154835 0.041241894669666476 34.98727588901419 0.06955982239630804 6.275360540485458 0.06037622790170882 12.528977343592919 
3 0.05074041784597222 21.80061848059317 0.04128873145344366 38.10436205129568 0.06956737357443021 6.518865877739732 0.060390295063892985 13.022072771619131 
4 0.050909714301258346 26.339137912937634 0.041585720407458907 47.17180169317983 0.06961440355182928 8.04588502241504 0.0604785159184952 16.19777344741167 
2 0.050561233408395745 16.220796523708817 0.040970252303565456 28.583247819006658 0.06951681535664316 4.899294139907469 0.060295371731265056 9.680502444691163 
4 0.0509453818512345 28.295009658561735 0.04164883853441222 46.867417117980786 0.0696241333310895 8.362708329019002 0.06049674011797734 16.86399773081248 
3 0.05074136286903291 21.830115228446697 0.04129024177522882 38.155479349743295 0.06956763499035612 6.5272898764389025 0.06039077871561377 13.039276102819873 
2 0.050497701983253394 14.201746765548398 0.040856493032815015 25.198445948686388 0.06949865599248906 4.318228120227093 0.06026151300763845 8.489644248810194 
1 0.05043774474928059 12.348341649529612 0.040748922614051254 21.922989556305257 0.0694815079408478 3.7685001970206216 0.06022978039497044 7.364987578742069 
1 0.050446093217855224 12.60784318916981 0.04076320831519826 21.462859721806467 0.06948394877846291 3.8459518964865196 0.06023415836495712 7.518730917333409 
3 0.05070130909779439 20.5729829144146 0.04121848682134609 36.08417038493912 0.06955617314870376 6.158642646975274 0.0603693703072264 12.287101278722108 
3 0.05082355108731003 24.418987654879288 0.04143456134255809 40.92292479751542 0.06959040798735368 7.2619550130300095 0.06043360507436907 14.571940504369 
2 0.050626680545423894 18.265309291683888 0.0410860659426745 31.95150555929258 0.06953531790749516 5.491319432917414 0.06033010979665734 10.901792351137683 
3 0.05084453709378232 24.225140659076832 0.04147185426738764 41.21010065187811 0.0695963283661923 7.454396034535961 0.060444613126420244 14.966146413121638 
2 0.0506114197331712 17.78827023734922 0.04105978846384149 31.239332365567446 0.06953098168980396 5.352591246774227 0.06032200559459078 10.618743369150758 
4 0.05100954410992613 30.327694404530064 0.041759848431146454 51.25845726179345 0.06964268813515202 8.97207732425623 0.06053077078838446 18.08920807836196 
4 0.05103930174829431 30.190661518674197 0.04181138441487883 52.1108285752684 0.06965061372679081 9.232732977142868 0.06054572513497404 18.646491116936325 
2 0.05047950715061591 13.595686516407593 0.04082340909006616 23.745014179318936 0.06949344467808174 4.1505392745375405 0.06025178849284751 8.144176714431406 
2 0.05065891974068002 19.259333068746635 0.04114402194420198 32.97139291508063 0.06954450563317834 5.785083746258297 0.060347262858315286 11.500869909884548 
2 0.05054943944322994 15.497668224449189 0.04094883938129967 27.205521824042336 0.06951347236472355 4.792270938793214 0.060289115007477787 9.459645481607298 
2 0.05051133600963019 14.638152765547025 0.04088111759684197 24.916784381048906 0.06950263231487122 4.444209439084202 0.060268835203364145 8.744103633911573 
4 0.05102959677669464 30.95937433766094 0.041795044788985956 51.311746887793944 0.0696477800267176 9.141297996253112 0.060540585524626156 18.462105433718005 
3 0.05084228525113697 24.228183551499207 0.04146849843822072 42.53340098617045 0.06959588744261752 7.441693927339122 0.06044386214966829 14.940678913021301 
1 0.05039567580476145 11.024739826922726 0.04067257743150514 19.185295351963646 0.06946409362886727 3.3516598729044986 0.06020827625993201 6.569652627117348 
1 0.05033619497286881 9.181149185993988 0.040564059766279935 15.97709336221958 0.06943934245983731 2.6943852390215133 0.06017682707895121 5.418010558077552 
3 0.050843329040311504 24.206096490494033 0.04147138131468002 42.62857150996517 0.06959620003043736 7.450793128871453 0.06044440454941197 14.959819875592038 
1 0.050404475895634036 11.311601038644906 0.040688368395292246 19.626628275965118 0.06946822026766017 3.4434440277256955 0.06021277085848985 6.737708783557349 
1 0.05038027164708159 10.54937135984411 0.040644569030173605 17.680945754024155 0.06945729705314867 3.187653950580944 0.06020026651745145 6.2732865056441725 
1 0.05032472327249562 8.82215784576731 0.04054311601746762 15.3668865400963 0.06943707899607646 2.5803755633796657 0.060170686633447656 5.202737263930034 
4 0.05087752056011652 26.097429536539334 0.04153026109244801 44.53118543354375 0.06960534919490396 7.748993336217767 0.060461678447505905 15.58944833352741 
4 0.050912497468652416 26.42730287672739 0.041591651823607 45.834142153680126 0.06961525649313262 8.07137573728095 0.06048001944646529 16.24930519344349 
3 0.0508622019015601 25.572232016184216 0.041503452897697315 41.669162543745244 0.069601513592689 7.623375582386518 0.06045426491621235 15.313218151939907 
4 0.05087490541539107 25.275736294609537 0.041524630096909224 45.367748128278166 0.06960461675004494 7.7245553650030745 0.06046032157442548 15.539455708053634 
2 0.05058552321634028 16.974009983341396 0.04101334568904739 29.93137619365438 0.06952369220550833 5.118899575821762 0.060308289656617185 10.13538912207803 
4 0.050911682820772394 26.402402933898536 0.04159009165047876 45.676988686547375 0.06961499923006371 8.063376646919298 0.06047956082656941 16.233620006049023 
3 0.05079906896538942 22.93689140517572 0.041391225769770695 39.071427322004496 0.06958355030881244 7.040059175127278 0.06042078241696045 14.113316405523037 
4 0.050974225176139476 29.196898103627877 0.04169859677665621 48.016658310109605 0.06963223611712938 8.628292804689732 0.06051178246146856 17.409558115029014 
2 0.05058516431817088 16.962736882597987 0.04101266140422364 29.72331814653818 0.06952357591358355 5.115835048945454 0.0603080807333559 10.128691899768906 
3 0.05069344722745359 20.33886461581332 0.041204845503767365 34.244192894501225 0.06955395955631538 6.088626147588808 0.06036520246908918 12.14105834769234 
1 0.050310888074762604 8.38954957843747 0.04051694509233139 14.60535507049882 0.06943525247030977 2.4432590703978407 0.06016329014595643 4.941105247092674 
3 0.05076878392344546 22.643953423138033 0.041338588961712594 37.26476761807151 0.069574816677874 6.757168266462349 0.06040458110061071 13.54221861139717 
2 0.0505857306198496 16.979036867403703 0.04101396062596967 29.889177083944855 0.06952375889212371 5.121157571702517 0.06030841598888892 10.139307506829415 
1 0.05037685853569631 10.43096042531889 0.04063816991702932 18.590486491930424 0.06945564386129358 3.149692084805713 0.06019844974781198 6.2063723936415185 
3 0.0507232786965354 20.64460498461958 0.04125829728362819 37.14042531980837 0.06956211967680682 6.350990239505921 0.0603807471170185 12.698675858758817 
3 0.05084756218995231 24.42456896705694 0.041478314140568545 42.77815179791645 0.06959715147911935 7.481464801969073 0.06044618601994922 15.023534489084394 
4 0.05094199361270411 28.182137233218885 0.04164361784600852 47.36242266596592 0.06962311432147442 8.330226015147023 0.0604948952943806 16.800050566481104 
3 0.050750689907567814 22.128100327908108 0.041306996223323504 37.42270622921173 0.06957026648435813 6.611708407070239 0.06039568976962778 13.214113039180631 
2 0.05046716996488927 13.273039731991167 0.040801697005921275 22.943788510038534 0.0694900330686937 4.041146917162919 0.0602454011269836 7.9165301974386155 
2 0.05065723449370592 19.199221746720646 0.04114141484244434 32.631242704019094 0.069544002428332 5.7663940177242035 0.06034645194717693 11.468680987589904 
2 0.05049009785995649 13.965975439122293 0.04084266365231442 24.74906201068896 0.0694965096989415 4.249106534822981 0.060257476512984354 8.34495892510801 
2 0.050610405195423334 17.24406593585273 0.041057509771926556 31.238172718951866 0.06953051252156542 5.337611891843003 0.06032125285182517 10.596918133676349 
3 0.05072098057691402 21.168837869655817 0.04125383407212739 34.62565284398878 0.0695617337390895 6.336690873184062 0.060379838789651474 12.657254551580023 
3 0.05077875176081973 22.911767192470684 0.04135601470335594 39.242248856635406 0.06957813859751454 6.8660199237005966 0.06041046642060691 13.739122863743962 
3 0.050827738303240264 24.55126559946159 0.04144229951486829 41.79696564782628 0.06959158288620057 7.300429165408445 0.06043579144335196 14.650689533774084 
3 0.0507441219997552 21.874705793934417 0.04129546136262778 38.3631648510529 0.06956815277968845 6.544286987755832 0.060391894175902794 13.086971889925092 
1 0.0504011179297907 11.193617984100552 0.040682314106457354 19.323006158568937 0.06946647961105337 3.408033427043425 0.060211097178639 6.674250264818701 
3 0.05084571320540023 24.366723513216186 0.04147357854624232 42.4829800868641 0.06959664231571802 7.464581684863729 0.060445235309273884 14.988042635514265 
4 0.0508923383650713 25.813128576960462 0.04155697411099961 45.18061589596941 0.06960952056023788 7.885240915247882 0.06046941909579064 15.868892677673397 
1 0.05033566487701283 9.130985228217082 0.040563105369519195 15.954439003877079 0.06943912541055426 2.689635629181786 0.06017644803985347 5.406645587851209 
3 0.050733524113610075 21.587087571263957 0.0412761313231582 37.73970136328836 0.0695650763924234 6.445480782950968 0.06038631790517981 12.888547373185077 
2 0.050532589831637886 15.3266218512965 0.04091894918852455 26.410436948403067 0.0695086682598128 4.638562990384152 0.060280133018593876 9.143499950514983 
3 0.05084361873054002 24.215047697369727 0.04147139539597703 42.69793678104847 0.069595948082683 7.442882686699223 0.06044417649888336 14.959959138776217 
3 0.05077890023065464 23.01577037987576 0.04135697759074729 40.14633172401521 0.06957820114206571 6.868007116426433 0.060410545857735184 13.74217282829992 
1 0.05031992621264184 8.644830268766402 0.04053525204271839 15.13420404736081 0.0694365317988155 2.5383901910659246 0.060168437296339514 5.123632648502551 
1 0.05033149016212991 9.034501300566003 0.04055536794585031 15.731203220072434 0.06943840874857801 2.6466371174439756 0.06017431774156885 5.329486972466072 
2 0.050541536642056996 15.606664481176466 0.040934777182008796 27.521445787020763 0.0695112048603361 4.719305782590899 0.06028489830756041 9.310567799539267 
3 0.05068724259695989 20.155141247212043 0.04119406745046805 35.02547292605031 0.06955195632064642 6.024615708631944 0.0603617734672949 12.028046846236958 
4 0.05092756766718347 27.6762918590883 0.04161810764799618 46.970598149323806 0.06961907913906748 8.198126346077888 0.06048739202383009 16.526854239144928 
4 0.05102425627076368 30.72546687962494 0.0417838886583575 53.29350261244734 0.06964628908476225 9.093495146465035 0.0605378133603048 18.36095952833322 
1 0.05027149021715235 7.144896339160266 0.04044273245826886 12.430795611299937 0.0694288044477753 1.881114781303289 0.06014192472417614 4.194390179601914 
2 0.05058475443869305 16.94637513009291 0.04101176132493463 29.18145652361627 0.06952346006689598 5.111191217780229 0.060307782538247645 10.114491345340035 
1 0.050288800060607264 7.693655354409806 0.04047578323094412 13.392908850852573 0.06943213364034252 2.1689024424416337 0.06015128023558305 4.520734056615934 
1 0.05041285768572344 11.565444550162132 0.04070373445017098 20.554883118402977 0.06947195524689559 3.5281159567225537 0.060217008359262324 6.89607234858276 
2 0.05062090540362674 18.090508487539765 0.04107661758007788 31.0576654971479 0.06953362340992472 5.436753499696738 0.06032699089324951 10.794159528293504 
1 0.05044485446844531 12.535461399861635 0.04076153621078153 22.279800419800118 0.0694834568929667 3.8307408546001427 0.06023334787373935 7.495532633891432 
4 0.05089461716769252 25.882787152165964 0.041559903822237766 45.310525274958636 0.06961015723264309 7.905400362096303 0.060470620348197814 15.91057788806464 
4 0.050914728300320414 26.44136085319476 0.04159495308230912 47.47966842422532 0.06961586807442151 8.091707588836304 0.06048118240732216 16.291054728581354 
4 0.05102059362905571 29.739763990982965 0.041777861131126325 51.371269666069125 0.06964579824761814 9.074356229172306 0.06053651168165018 18.298457881017846 
1 0.05031916441239924 8.672931157631925 0.040532662368096224 15.057789268743917 0.06943630415053284 2.524408816717208 0.06016768241524393 5.09698473149578 
4 0.05099709122266192 29.022856950890237 0.04173793958304022 50.999513051624334 0.06963915750772949 8.855618390457778 0.0605242689006729 17.85251487354605 
2 0.05056141095331625 16.18050948902023 0.040970464812593456 28.199413346933294 0.0695168058214469 4.897064192405027 0.06029551661135209 9.685078364545424 
4 0.050993968959051506 28.924635845403735 0.04173243733038447 50.00016209047716 0.06963834455801843 8.828569494244443 0.0605227024266876 17.793984572530746 
4 0.0508970313901387 26.757668684906577 0.041563075055570116 46.476357146382405 0.06961011968851755 7.9067447077223765 0.06047102915361522 15.945382566127876 
4 0.05090753687899326 27.091654529482053 0.041583253146560695 47.087682064777866 0.06961378536071738 8.024750010505175 0.06047734830796085 16.15583454157442 
4 0.05101222596736441 30.353635713347966 0.041765030992823325 49.968281089348025 0.06964293690808207 8.979870267656556 0.06053155064675246 18.129727907451326 
4 0.0508748397830753 25.229392039660446 0.0415234903930103 45.33418955109995 0.06960419351975573 7.7128925538755935 0.06045983708397866 15.532879769411252 
2 0.05060261098756532 17.510435032374243 0.04104417055390382 30.085254534093043 0.06952851445930035 5.273695581842121 0.06031734788122287 10.454842659112142 
3 0.05077031752949651 22.744716696401163 0.04134186341404517 38.756910029195424 0.06957579611478434 6.788973592394429 0.06040607167524305 13.58075951344432 
4 0.050915295304609996 26.45708100660533 0.041596059081844154 47.28973614529689 0.06961601312642225 8.09667421894064 0.06048146893496178 16.301341990033695 
1 0.05035225769914704 9.686402807010378 0.04059337057485666 16.283362270870384 0.06944447250355429 2.866532859946981 0.060185419127124516 5.725854420888401 
2 0.050619569188542005 18.048669722556973 0.04107388844128406 31.65834954933563 0.0695332532827717 5.425444673089283 0.06032629611650472 10.769947471023483 
3 0.05081488475743958 24.114511023083157 0.041420974852947115 42.14239630466119 0.0695878425290329 7.1803656222335475 0.060429074671502894 14.41975505757768 
4 0.05096330401110266 28.852018260041156 0.041680676058874634 48.766265699593305 0.06962955188128644 8.540864392590072 0.060506540364242654 17.210801842229227 
1 0.05036039086856846 9.906691913188148 0.04060808688374016 17.668496477683604 0.06944814602859327 2.95574146914076 0.06018971509513933 5.885477109109433 
4 0.051035369959645624 30.553758410581445 0.04180619024165507 52.81259551058399 0.06964996255142425 9.212244996670737 0.060544194091125283 18.58078425510297 
1 0.05029264582192285 7.817291807793642 0.040483040089162634 13.612511757992673 0.06943286435715539 2.2168039630802605 0.06015336296360139 4.593677338934596 
2 0.050630384386737594 18.379120243524927 0.04109335324216535 32.2697269946829 0.06953628945752646 5.522613984350836 0.06033202369512401 10.972091276976952 
1 0.05026718396233567 7.009593491500752 0.04043454304156565 12.184033799006539 0.069427691292418 1.8463636926761129 0.06013973782078861 4.116793259957937 
2 0.050515131393039425 14.718631928163134 0.04088708315452348 26.072220313934498 0.06950362315467859 4.477023616133787 0.06027072018777335 8.811390347383721 
4 0.050964871888873 28.902256272952616 0.04168304537056796 49.730472916024226 0.06963001621499051 8.55506626556512 0.060507393928002806 17.240097304233604 
1 0.05031494678402285 8.519933957383174 0.04052448649218189 14.824312400963825 0.0694357113208324 2.4826206505811843 0.0601654248572383 5.018164415345055 
3 0.05080049410248105 23.691420951538966 0.04139421848047034 40.3437985251638 0.06958427633230893 7.063059454896451 0.06042192948228363 14.145260803232185 
3 0.05074482754890812 21.947553183587388 0.04129608906962682 37.48621983960582 0.06956863662667659 6.558370855538594 0.06039262037399497 13.103205918420036 
3 0.050801423453137665 22.548329606082508 0.04139645322494113 40.35710991520083 0.06958454751575718 7.0715920531476275 0.06042241526603739 14.163288102023895 
3 0.05069148561795357 20.287330471944916 0.04120186739983261 35.44442089797326 0.06955317383988067 6.063463032533295 0.060364022157814355 12.107591851470554 
2 0.050506495110307005 14.462412052559447 0.04087219655181112 24.07409588162045 0.06950121669486663 4.399013764264232 0.06026620984103688 8.651738008168 
2 0.05055267445610343 15.955514945357043 0.04095460376583945 28.132670644528325 0.06951436288121451 4.820843711971231 0.06029079484379026 9.519122224020165 
2 0.050507092900129266 14.49083057715804 0.04087382576158002 25.57141939363177 0.06950118971503216 4.397605627996737 0.06026660464807001 8.671784729572808 
4 0.05100535753956879 29.621602272685628 0.04175249294680487 52.354528202563166 0.069641435858853 8.931853999689489 0.06052852511308014 18.009611354390803 
4 0.051007047534242934 30.248064436434724 0.04175592763540979 49.80791268739238 0.06964192792440466 8.948535829663578 0.06052941456598667 18.042351196785702 
3 0.0506946321575227 20.329245258876956 0.041206758912506886 35.244496104385405 0.06955430890413376 6.098627324592896 0.060365851540095404 12.1620000373813 
4 0.050957582370131885 28.670165197849638 0.04166922579769555 47.73167261047625 0.06962796970334308 8.487848689860181 0.06050359853493944 17.101737962950427 
3 0.050729310887931624 20.784138612089944 0.04126932607530988 37.577557363347545 0.0695637147248073 6.402611805048113 0.0603839111405999 12.81218183886445 
3 0.050838745330422985 24.09691312492432 0.04146140708201922 41.236835589697215 0.06959468064606511 7.402183370289204 0.06044154197777315 14.858043201474691 
4 0.050978470744733696 29.331182481567946 0.04170538714330804 48.1161788969422 0.06963342599131257 8.667394974998487 0.06051399373326531 17.48956473241737 
3 0.05074260553004946 21.874735758606096 0.041292881377057535 37.81342032978031 0.06956757235407193 6.524280366565392 0.06039090562053506 13.054641820580724 
3 0.05083502312071936 24.03437371174642 0.04145481698825812 42.18239036338082 0.06959360223499864 7.366546214496199 0.060439599071915553 14.787538637152233 
1 0.05036616094122955 10.092141034960486 0.040618696090035565 17.246826988666704 0.06945077929211903 3.020880768778419 0.060192779270587846 5.998148781011777 
2 0.050586472302493427 17.003580982337116 0.04101532673701197 29.940761264945525 0.06952397034908224 5.1269125459484854 0.06030880005802297 10.152293056805885 
4 0.050951777217954866 28.490189697653488 0.04165914422707098 46.195763113299094 0.06962630362209961 8.434161808638803 0.06050054122213829 16.991692109020295 
1 0.05038168325034657 10.583895784126074 0.040647112835519264 18.395334868512407 0.0694578712382212 3.202740385089217 0.06020098030021237 6.3000272851355295 
1 0.05035806343857154 9.830251609432418 0.04060418608569106 17.157199798608865 0.06944718187923515 2.9291229387818047 0.06018838571903048 5.840165459917239 
4 0.050936264262652395 28.0009643449013 0.04163194491333855 47.3088588761495 0.06962235984183648 8.304772840858714 0.06049292617955877 16.70639740096835 
2 0.050470214712628206 13.360308120000274 0.0408076129028639 23.166026262749305 0.0694907102604034 4.062222325344857 0.060246951859495544 7.97619248592797 
4 0.05093965825277955 28.108658321953158 0.041639024790454476 46.97675130037101 0.06962333789388941 8.33536697935331 0.06049470172653282 16.769867147427323 
1 0.050424677166519064 11.95038629865124 0.040725207564139256 20.216854888075776 0.06947682410908326 3.6447266345480456 0.06022304731756959 7.119731680962874 
4 0.051021563858219265 29.769402018875933 0.04178137298959035 53.17461190906231 0.0696460637701116 9.084134395152088 0.060537017654229364 18.31896514326987 
1 0.05027580156203654 7.284940763403283 0.04045091198021535 12.665975378022434 0.06942973351130424 2.0056279912232715 0.060144200687022996 4.2750774945044085 
4 0.05088758825214497 26.46730967133674 0.041547641700712026 46.03769568782609 0.06960782626574778 7.83059394304851 0.060466491163861866 15.772581696138014 
3 0.050763447510931016 22.48181008112464 0.04133006854770992 38.510509235496706 0.06957369475013249 6.722575778463113 0.06040235815279943 13.45849156256412 
4 0.05094478985955413 28.27607369882121 0.041647109554859015 48.96357059232075 0.06962391421932011 8.357010277865525 0.06049637745142302 16.85313094604808 
1 0.05025518948314004 6.630841678762083 0.04041182448917946 11.524309285504037 0.06942451832316446 1.6571462987457317 0.060133577184251344 3.898942034786168 
3 0.05067182679981784 19.657373773890306 0.04116707105521625 33.69052791660518 0.06954770158510412 5.887652626160207 0.060353581233336416 11.735260762067057 
3 0.050773905185996115 22.857609384753324 0.04134760075593106 38.84413194687669 0.06957652454444455 6.812673740672926 0.060407611283149844 13.643176105552152 
2 0.05058802858118579 17.006858076925585 0.04101818528943969 30.030465664350306 0.06952434120650201 5.138879502951079 0.06030969900415086 10.185464832689368 
1 0.05037392982589025 10.342540870882432 0.040632715550465125 17.99996985026611 0.06945409408974494 3.115763883536644 0.060196893334443204 6.149082169481315 
1 0.05033995679688138 9.298234854247905 0.04057099069721794 16.182689521582365 0.06944021434468607 2.733009881546462 0.06017882954386826 5.488857372180051 
4 0.05100082193309703 30.04901689005891 0.04174530951430455 48.89950288928992 0.06964020733607146 8.890890367338248 0.06052616634090234 17.923856622584193 
3 0.05067972434291969 19.538523462844488 0.0411811256822799 34.12725551432477 0.06955011821988262 5.965253788996207 0.06035810389177247 11.892111366532136 
1 0.05046001414666701 13.010697815174563 0.04078853606828538 23.093165840215608 0.06948783396203354 3.9716660962082555 0.060241438445774696 7.7807502168494125 
3 0.05083590767398314 24.666511990441897 0.04145784795127444 42.26635865326287 0.06959406652199573 7.381946827474162 0.06044049717202127 14.820072292810334 
1 0.05031214534568682 8.189928222185946 0.04052042589457374 14.694808703446503 0.06943544185749832 2.4619305000123624 0.06016430664347082 4.976791256832606 
2 0.050524746995365424 15.034185967753071 0.040904823430559324 26.01613629054185 0.06950631923777749 4.563622310688011 0.06027583979540413 8.995680041608228 
4 0.05097410129650596 29.193168531803842 0.041697769000349015 49.43530290387484 0.0696325877823284 8.641528989117242 0.0605121911916904 17.415908300868175 
1 0.05035431673830528 9.746356771407328 0.040597336595286956 16.956286562355423 0.06944532171979331 2.887956921413512 0.06018647681440479 5.7667062778416875 
1 0.05037891754430883 10.501517492466414 0.040641872725549325 18.27154942817422 0.0694565510647821 3.1717680056304136 0.060199518733888326 6.245746489908013 
2 0.05062696108140772 18.274146570678617 0.041086961732890274 31.94778568215704 0.0695354057137657 5.494199345263612 0.0603302707531194 10.90728734600906 
1 0.05045926578890849 13.0167340580719 0.04078776275501128 22.561502830526862 0.06948759366806585 3.9628443686626165 0.0602410963171493 7.770426165290807 
2 0.05059145260441349 17.160316193878096 0.04102359390280023 29.376783616137924 0.06952530080174699 5.170620163054336 0.06031129930767991 10.240781026027662 
4 0.05095079832783221 28.46051571811028 0.041659688764838235 48.17001540417304 0.06962648108449772 8.439966216617337 0.06050056465249143 16.982934462197626 
3 0.05079281727417061 22.29046431751754 0.041380772632547524 39.94136122407667 0.06958180267966665 6.984698512802479 0.060417515221809805 13.997984339774018 
3 0.05072561444310848 21.298066669392785 0.04126153837957835 36.452924574404136 0.06956291768448453 6.376489712716254 0.060382101422820536 12.739241416609342 
2 0.05046505327863841 13.1847884701998 0.04079789647222625 23.139563287588096 0.06948930975361431 4.018333055491408 0.060244138329057485 7.875480529038771 
2 0.05051480160628726 14.708418333781538 0.04088666093791151 26.07200594989563 0.06950352830439062 4.4743670033342875 0.060270530643967334 8.805226430414026 
1 0.05026220614217149 6.8461077091789075 0.04042503310898341 11.905677968752034 0.06942646072961141 1.7626342234928696 0.060137126887588474 4.024093579959216 
2 0.05062183672614982 18.119703918626968 0.041077955770247185 30.002178711333777 0.06953391375889587 5.445392763307649 0.06032750889019345 10.811357874947891 
2 0.05051423775855054 14.69963872096039 0.04088582803222365 25.32863727096431 0.06950339688233073 4.469580514425569 0.06027027983959068 8.795826908830358 
4 0.05094576475769419 28.30694285847246 0.041648819497860604 46.870364180455034 0.06962461877409255 8.378748770691786 0.060497400366191965 16.878534752110475 
3 0.05071909218729108 21.157665689576504 0.0412511759015141 37.04345500228383 0.06956118673026077 6.320617900198037 0.06037882701931485 12.62372766593489 
4 0.05103494145162578 31.126656840662577 0.04180210530457724 53.8547340035718 0.06964979412125898 9.20840607912928 0.06054398719000981 18.57369543150582 
2 0.050639583119534606 18.24163530461498 0.04110972186980562 32.009915086152965 0.06953909502060732 5.611280095599673 0.06033707036281536 11.14088839870814 
3 0.050714339543231325 20.98368392332108 0.04124280418794564 35.76221075168596 0.06955959630820104 6.269312383533108 0.060375940238115725 12.527048996001716 
4 0.0510501648555841 30.64981811521593 0.04183018887391643 53.33690752877523 0.06965361220525226 9.333586883781004 0.060551353778329195 18.85427832652192 
1 0.050274300399466496 7.235380136343551 0.040448078353234156 12.588353220705542 0.06942948790890804 1.9927418049716323 0.06014341892341728 4.246498534303209 
1 0.05035509628299965 9.775039442059663 0.040598568407306 16.458870487095208 0.06944561086619419 2.8956586699511653 0.06018688054713704 5.781072635908063 
3 0.05074639157225027 21.99574926346829 0.041298509608982195 38.48816098137776 0.06956826376682371 6.5483568429483014 0.06039250036084309 13.121055569187916 
3 0.05067372024919331 19.66521021214188 0.0411709220089687 33.65245167680389 0.06954829215331745 5.906925307857508 0.060354769197328774 11.779944609866694 
4 0.051011560352153894 30.331742012701323 0.04176322550678889 51.166887068237386 0.06964269291035283 8.974015440606948 0.060531200564716316 18.11914593243114 
4 0.05100817281663552 30.22459164117337 0.04175791642461811 50.085496848584555 0.06964224945800467 8.958469724148364 0.060530017406619716 18.06408787768106 
3 0.05077507441740457 22.895996403000716 0.0413495853535892 37.74972376561313 0.06957713888485655 6.832527916493602 0.060408559728128176 13.669814854252772 
2 0.050610728158848504 17.253299593569842 0.04105807743506722 31.262711868018307 0.06953074498961401 5.344460197935763 0.06032164859898934 10.605211559687461 
3 0.05070529045754095 20.716827245519806 0.04122620685602576 35.65847898001567 0.06955709730270285 6.189496481962227 0.06037130333187255 12.363123038591073 
3 0.05070848887628217 20.816614260081614 0.04123249702426542 34.963358814520646 0.06955802391656404 6.217857452286944 0.06037299857411915 12.421917404579016 
4 0.0510544218046039 31.744066580997206 0.04183962832840805 53.360840247614476 0.06965588871961044 9.406389394631336 0.06055478820357113 18.954420288534838 
3 0.05083368280168926 23.994161499615576 0.04145259403780923 41.979595769236425 0.0695932475443318 7.355376756815811 0.060438913147770876 14.763256095605062 
4 0.0509453818512345 28.295009658561735 0.04164883853441222 46.867417117980786 0.0696241333310895 8.362708329019002 0.06049674011797734 16.86399773081248 
2 0.05057253139359016 16.569183992456487 0.04099063640924171 28.292335203163645 0.06952003697699623 5.000742914887876 0.06030140295691807 9.89110924713401 
2 0.050532151315947724 14.973761686490079 0.04091800072753987 25.663601696328463 0.06950853727976428 4.6344965034334376 0.06027988514296741 9.135003442155059 
4 0.051030228284290435 30.919093665595994 0.04179510799971479 52.334135546931144 0.06964802217512012 9.148020060805644 0.06054097247088893 18.47341317367429 
3 0.05081642219678847 24.171169314530424 0.041423325596602036 42.26873535900293 0.06958827130565337 7.194189509915755 0.06042988716332044 14.44845536468038 
2 0.050577303596457845 16.665116303983666 0.040998342544840416 28.758851679153594 0.06952135878175579 5.044389719149849 0.06030384575868346 9.976345621781757 
3 0.05086581771182812 25.702211097096118 0.041509579395939585 43.80531926573487 0.0696021733633021 7.645018202631265 0.06045576984057381 15.375321324263435 
1 0.05035517921214653 9.777585014123845 0.04059874550056473 17.003013569617288 0.06944569890850863 2.8980667801779574 0.06018698590716257 5.783222235498876 
3 0.05074288440986334 21.88358954296791 0.0412928786702759 38.24205437696893 0.06956806168902256 6.541182835837643 0.06039157969681328 13.06787636175151 
2 0.050500125644259805 13.962058567120213 0.040860596347688294 25.148716567935562 0.06949941418322811 4.341792730432047 0.06026284179641246 8.53345501208762 
2 0.05051441600787735 14.705201914424162 0.04088629636328388 25.645109025889166 0.06950345649118457 4.4704438005616804 0.06027038340354633 8.798318016470777 
1 0.05029392108682566 7.855365251763194 0.04048533302905506 13.6760436922168 0.06943286489493769 2.230012759065914 0.06015403191288937 4.617897657734856 
1 0.05037004068489766 10.225743470987172 0.04062620212905023 18.210299580448826 0.06945262234500003 3.070130607674612 0.06019488736828282 6.075015817805685 
3 0.050695678134384234 20.407719471288527 0.04120859522258914 34.91656284151149 0.06955455850762841 6.10797411001001 0.06036636101520955 12.18225843223641 
3 0.050690956595909255 20.226308581166474 0.04120092584212793 34.1071585085547 0.06955325532966186 6.065807858506773 0.060364023597127704 12.101377328911914 
3 0.05070666609596428 20.71340516133315 0.04122903504364682 36.368018665625115 0.06955748511832016 6.201719144065756 0.060372007718732225 12.388497049265617 
1 0.05043657603289566 12.31173395231784 0.040746444714426365 20.60265203857505 0.0694811520060821 3.7578775464316783 0.06022915990702894 7.342959193843673 
4 0.05098041225975869 29.39520232379371 0.041708633475374776 50.637198824005324 0.06963393391824489 8.685906281196901 0.06051498429612778 17.52768708593627 
4 0.050904439153718596 26.374839551357788 0.041576812832397496 46.90796587232596 0.06961287557644621 7.995349557941944 0.06047572103718805 16.097111720523497 
2 0.050473651983595214 13.427804793998968 0.04081359000770116 23.208876614100863 0.06949166049371909 4.091211075935146 0.06024878010622238 8.03961221177517 
3 0.05073331153420006 21.533548865158505 0.04127488393140334 37.77967749022302 0.06956511325750422 6.446183243882937 0.060386191653347854 12.883228508135161 
4 0.05093632138222729 28.002861979495343 0.041633013142592844 48.567356250836326 0.06962233149013879 8.30447814061564 0.06049292723408095 16.707860344989847 
3 0.050732260281430665 21.542322100149995 0.04127334889415663 37.69799994597264 0.06956479320616163 6.437229234883922 0.0603856421256503 12.865233230770798 
1 0.05043534230426152 12.268392815355075 0.040744304687810456 21.274259763547786 0.06948073682231046 3.744957494294698 0.06022845673495658 7.317556523454391 
3 0.05074528796314581 21.9615662835578 0.041296817459935506 36.423828470629374 0.06956876345264176 6.562481012246789 0.060392872832934444 13.11225007065541 
3 0.05067173220217336 19.609685466493183 0.041166562287850754 32.66787240457661 0.06954790889182728 5.89295572746755 0.06035380491471641 11.736278146902645 
4 0.050939996482934104 28.11962820445882 0.04163931562777111 47.672648894172795 0.06962343124437717 8.338937496964954 0.06049487517566256 16.776560515844682 
3 0.05084709456852331 24.410720977132314 0.04147569371774611 42.79775138369007 0.06959671361748193 7.467502641080496 0.06044556001564951 15.008584199040715 
3 0.050721943182605964 21.247127433144048 0.04125556850189589 36.28859966964931 0.06956197080248813 6.346118916641432 0.06038033121099813 12.677254424910956 
1 0.05029316843468244 7.833482917331301 0.04048407461098531 13.634248745366657 0.06943275356613857 2.2237003925834213 0.06015364860810744 4.604715024404376 
2 0.05065756433217997 19.22884844307746 0.04114202269900095 32.80887544332232 0.0695439169178915 5.766679370591694 0.06034638629808087 11.478635582712545 
1 0.05027505480831422 7.261226554894373 0.040449546613518496 12.29397049850645 0.06942959921522471 1.9991617874009293 0.06014380341806558 4.261249239796964 
2 0.05056706204289518 16.40432868971675 0.04098010119854354 26.806324113644536 0.06951845966566654 4.950636020600278 0.060298466561425144 9.787899410419746 
3 0.050733789820439135 21.54829394681193 0.0412768542678022 37.760450754975444 0.06956524291421878 6.451335961433877 0.06038644500861852 12.893773918534484 
4 0.05100633355923785 30.225339010367406 0.04175467127942534 51.15994430204995 0.06964171634342106 8.94101052156356 0.06052903735586659 18.028538234309583 
2 0.05064258981615814 18.742316094251514 0.04111462836234738 32.139926507021684 0.06953994014570111 5.637228133522209 0.06033870533055481 11.196328378840017 
2 0.05064455733719969 18.81122326263678 0.04111828975213001 32.10288332072862 0.06954049961167466 5.655759771738628 0.060339697574868144 11.23260136210873 
1 0.050263007675444116 6.880502486330134 0.04042668773476909 11.960795902896521 0.06942663449764463 1.7708906160733793 0.060137596429186646 4.04131331699798 
1 0.050303474222691415 8.154996353401849 0.04050322934574034 14.207897148341322 0.06943428074412743 2.37078459815836 0.06015929010156854 4.80087610000602 
4 0.05091518760553436 26.51008143440294 0.04159644356972003 46.38415094554614 0.06961600616415636 8.095922128708562 0.0604814277102119 16.299888619451423 
2 0.05055196583206989 15.933372444502462 0.040954005495256365 27.43847588047055 0.06951418069071072 4.814291127787475 0.060290439069070924 9.505778106646103 
2 0.05048310312959882 13.737940681096266 0.04082997229342537 24.278607143508232 0.06949450953031534 4.184433393002684 0.060253716243493204 8.211680004241334 
1 0.05036253089444191 9.979573916120435 0.04061223515896874 17.037099728363785 0.06944903379870108 2.975912275878939 0.06019074284381738 5.9260226177007675 
2 0.05047505418436153 13.233450622546878 0.04081574311911864 23.933780737689915 0.06949220182069686 4.110343755412972 0.0602494679206649 8.062093636250776 
2 0.05047341174876284 13.45401686045742 0.040813112362005785 23.855363247242146 0.0694916847163228 4.093195131888168 0.06024862536083547 8.033463736537188 
3 0.05070748945206956 20.785446556154646 0.041230503628651924 33.854888209167385 0.06955775826819174 6.209037551523635 0.060372499674173886 12.403772209079012 
2 0.050494302560930106 14.055584451383584 0.04085079040668524 24.892600435103382 0.06949754521883493 4.2812172657840435 0.06025971085289973 8.428403424541639 
3 0.050829380216262245 23.862337915862817 0.04144520482217871 41.87216258342109 0.06959206312003337 7.315723430680333 0.06043668659430823 14.681860158126023 
3 0.05069711246492033 20.44381028678446 0.04121125324192957 34.877039789113304 0.06955498299728143 6.121451492199817 0.06036715419969242 12.209606543230736 
2 0.050580369714431674 16.821031971788223 0.04100430335450882 28.926984850189633 0.0695219956660679 5.063966514873854 0.06030538480508803 10.038012165823627 
3 0.050843329040311504 24.206096490494033 0.04147138131468002 42.62857150996517 0.06959620003043736 7.450793128871453 0.06044440454941197 14.959819875592038 
3 0.05072065878591246 21.15932881882988 0.041252904930863664 35.80405160641176 0.06956163224252952 6.33397669355098 0.060379659279452255 12.6513592573037 
2 0.05052784795869604 15.18016656665345 0.040910397076652186 25.47035435674341 0.06950733413389744 4.594912408968772 0.06027761958251878 9.053812884722705 
4 0.051021217503048125 29.757780737406712 0.04178095612059053 53.10155314094758 0.0696459598915055 9.080826531701593 0.06053684215828172 18.312326528669054 
3 0.05076627886285904 22.616052201185205 0.04133372357011629 38.47098711108348 0.06957436999672825 6.743673061334583 0.06040359722275993 13.500674672514737 
4 0.050976882702359096 29.282632485667012 0.041701698909842 50.7911030797231 0.06963335458906722 8.667244545143408 0.06051365688564292 17.46902810875094 
4 0.05092748844535975 27.72994249582261 0.041616601181416434 48.192277889229686 0.06961903350184309 8.196822561011775 0.06048737491375371 16.52592196738024 
1 0.05027963736153176 7.4063952518102685 0.04045825286613767 12.886649571785972 0.06943077368696896 2.036969101461085 0.0601461981193139 4.3443078904624866 
3 0.050797253941713985 22.370738306498268 0.04138925184675538 40.081363731550745 0.06958248062280091 7.007878079849678 0.0604191566560182 14.072448392745263 
1 0.05042365046673762 11.916462054129378 0.04072329991807176 20.660531578482612 0.06947639517149226 3.634415445181247 0.06022251024181863 7.099785637332202 
2 0.05048180235893873 13.65996275263861 0.04082768900767664 24.300091276662755 0.0694941149226529 4.171194949998748 0.060252990110673886 8.185598496402855 
2 0.05052266135771336 15.017938707718002 0.040901394092824964 26.51454300154926 0.0695058342278998 4.5476296785944115 0.06027484621843384 8.95708722119247 
3 0.050670272678520714 19.625107772730217 0.04116444526658769 33.70355490331609 0.06954726839490298 5.873963134533019 0.060352860448502355 11.712260467266995 
4 0.05100467313190925 30.11346611650352 0.0417511632885403 50.86423752137843 0.06964129382992165 8.92612901331911 0.060528199026481724 17.9954356082708 
3 0.05076075040317089 21.771488241898442 0.0413247216217064 39.16613242270487 0.0695731255105407 6.702837529465709 0.06040102783894898 13.401344368564802 
1 0.050453310251636574 12.822133020659948 0.04077669847815809 22.655280985625684 0.06948591085180061 3.9096614782285206 0.060237911579392046 7.657597616046488 
2 0.05053212294261426 15.27180659509717 0.040918181407584006 26.420765378707586 0.06950852496512054 4.633884587352621 0.060279862391651284 9.134287256068085 
1 0.05032159541721215 8.723034426107734 0.04053699943867961 15.17084501079375 0.06943681307418068 2.5463787490966845 0.06016896326345169 5.142009755853725 
3 0.05074604395266782 21.553496861913384 0.04129914722333181 37.59111127643335 0.06956869242210242 6.561099017745198 0.060392924889463906 13.12292013990635 
4 0.050998540204709855 29.069469209027876 0.041740806839349956 49.61461376650823 0.069639994062524 8.883996024801942 0.060525541201755885 17.888581233027004 
4 0.051041526250950056 30.380942401180256 0.041815497540736754 52.80648837248475 0.06965127100336166 9.25423756019672 0.060546904858472896 18.68928390860884 
1 0.05041496627667534 11.588819972076974 0.040707822374067025 20.678518541903113 0.06947263274848617 3.546359220941241 0.06021803285163124 6.938291075650116 
4 0.05105658288586663 31.81217984918854 0.04184096389000136 52.24463019489749 0.06965601220231644 9.410691261677965 0.06055533680979373 18.985089996204703 
1 0.050287495294969106 7.654989213227753 0.040473101545271464 13.316611604174625 0.06943210538308892 2.155384218163274 0.06015053781757405 4.495441012572942 
1 0.050420004839823576 11.788812651499857 0.04071683092912113 20.959619491932592 0.06947492713932234 3.598507266993704 0.060220629765016596 7.030511619991016 
3 0.05073218679080175 21.55158383573832 0.04127343254976705 36.22051929023762 0.06956481576628411 6.43613271547986 0.06038562945885023 12.862826087175199 
2 0.05060349811082158 17.533763552286114 0.04104552984473934 30.044221518367333 0.0695287637020097 5.2817980862836205 0.06031781336697416 10.471429951527032 
2 0.05065092468686909 19.010366952047587 0.04112968472648201 32.441158024941004 0.0695422531288412 5.710938191719224 0.060343088986027096 11.350507646259818 
2 0.050475065433604326 13.482347404269461 0.04081559407492219 23.37744503391183 0.06949217312135128 4.110333727065852 0.06024941734416687 8.061745196099448 
1 0.050307821607113626 8.295921597385547 0.04051129561202173 14.33800776253985 0.06943494688404504 2.4097707187786517 0.06016154457830186 4.883105623335848 
3 0.050847674111141127 23.90013453156356 0.041476718188965214 43.80322759525852 0.06959680708339151 7.471600448943036 0.060445807605095346 15.019237808447972 
4 0.050935306028157004 27.9712264295513 0.04163055528626513 46.61065417198277 0.06962208942752413 8.295384549392654 0.0604924249016416 16.687881511058585 
2 0.050576635385638224 16.695217955085607 0.04099790257390292 29.457072543650575 0.0695211829428734 5.038169523449058 0.06030358078242777 9.96861109698435 
3 0.050686331152448874 19.741881195546767 0.04119320119017353 35.27490582484037 0.06955172675491007 6.01711648484113 0.06036130579750308 12.011602322547395 
2 0.05048047993674646 13.64889670709868 0.04082578839244539 24.237573261812635 0.06949370233236377 4.1588418826644995 0.06025228818978945 8.163768870569989 
4 0.05102816349979974 30.913067851464756 0.04179256455678502 52.307735687424 0.06964740008773855 9.128445339471025 0.06053988238596468 18.436123757936873 
1 0.050317992608081265 8.584483745110656 0.04053163431844838 14.976618186185974 0.0694362563975137 2.5189754462978398 0.06016739334335812 5.086467959499809 
2 0.05060316578851167 17.52175912587088 0.04104443982098172 30.682175256463296 0.06952884459812299 5.283517640866927 0.06031776140435337 10.461357890317567 
3 0.050751115027204155 22.137625800028538 0.041307710005073904 37.57497719037 0.06957009119083142 6.607066841371593 0.060395568767861105 13.21736512817613 
3 0.050746145099982584 21.987864423976703 0.04129806684962729 37.57729610035955 0.0695686946504411 6.562264995660067 0.06039294835040541 13.124455934448187 
2 0.05053509366586547 15.398065820688135 0.04092348746270106 26.292382107580202 0.06950939368539319 4.661813510879253 0.060281472330298305 9.190852286991486 
1 0.050442486556282154 12.435359560946955 0.040757023756887716 21.645211220460304 0.0694828807502414 3.811913937436728 0.060232238250346126 7.450635773228254 
2 0.05052083814210954 14.919173261029538 0.04089822550773183 25.814660958602396 0.0695053276245908 4.531495802598587 0.060273867403396963 8.922869222671657 
2 0.05052384768546454 15.056507743912032 0.04090327441930562 25.962217200008173 0.06950617420105382 4.55904695130743 0.060275463101785866 8.979250170510605 
3 0.050799313538265375 22.492119163498373 0.04139176285938532 40.30284701824563 0.06958359650257138 7.043073368610239 0.060420875678665706 14.118634012561355 
1 0.05040969422325868 11.245983643218853 0.04069799128664028 19.807535564059272 0.06947048732877191 3.4946281717841514 0.060215351623576455 6.8358736057741165 
3 0.05086711979398227 25.68937002153491 0.041513255513338745 43.861344915551214 0.06960253747589543 7.6574818204741915 0.06045644574475242 15.401122679446786 
1 0.0504327359993853 12.186406278981318 0.04073949777846762 21.568783116232105 0.06947976679860748 3.7183518470152377 0.060227046617677735 7.26801150496234 
4 0.05094466898407999 28.275946282052956 0.0416487169508582 49.03783050233027 0.06962474008593182 8.382236784199442 0.06049735052821498 16.86580759596979 
2 0.05058949102898299 17.096575433625212 0.04101995690739118 29.01225637051424 0.06952480794782893 5.154800079737216 0.06031039956062876 10.208996625691029 
3 0.05074109072743184 21.821475249038194 0.041290216186677484 37.81682176025512 0.06956758818541758 6.524791654864001 0.060390670536811145 13.034267160506772 
2 0.05065635387668586 19.171465993752975 0.041139217912972134 33.61945824110421 0.06954379125546425 5.762593710981504 0.06034593262564085 11.453665653750145 
3 0.05081993016878346 24.30601021036653 0.041428862608603415 41.35188781676387 0.06958975699661132 7.239892345743236 0.060432137076150264 14.509478972868086 
3 0.05077561270614208 22.86250454200311 0.04135022728029701 39.04051577275433 0.06957672849039721 6.820029902225967 0.06040818517040818 13.671020785448542 
4 0.05089637539201023 26.738166197774348 0.04156312202757264 46.506998404296496 0.06961025970457507 7.91024865640164 0.06047108279466427 15.938942723306837 
3 0.0508133013643157 23.878230152440885 0.04141824013498139 41.847396403537495 0.0695876479172155 7.17347097383095 0.060428456162433496 14.388416344779339 
2 0.05055807990524164 16.07641925622815 0.040964819833264096 27.751317709522255 0.06951591730666908 4.870539638202184 0.060293702049247874 9.621731544642236 
3 0.050761154705246635 22.411047739200882 0.04132503847451232 36.319293077110004 0.06957324327582691 6.706590159130468 0.06040124958621603 13.409642100577965 
4 0.05103268991162213 31.058073056316847 0.041800789911045654 52.03141189538908 0.06964874070140793 9.171208008278212 0.06054225374899761 18.520431091880504 
2 0.05064645721709554 18.87092532046927 0.04112140112189881 32.59760470388064 0.06954104118021523 5.673055127494129 0.0603407153342046 11.268297688336684 
1 0.05035700854751921 9.793444885752331 0.040602105726302774 17.104138138765713 0.06944654906617109 2.917808912948425 0.060187848927041744 5.820185355454822 
2 0.05064614257040882 18.861261069472935 0.041121065244967565 32.65502575887068 0.06954095428936817 5.669837796698397 0.06034055317656954 11.26207765553707 
3 0.05067819789304347 19.861285028078264 0.04117754236891734 34.014292817458546 0.0695497014438448 5.95094845682525 0.060357198909991326 11.855916495164436 
3 0.05079719100233748 22.419770241997423 0.041388647555645086 40.23933100108756 0.06958333692626495 7.033391013597033 0.060420173650324385 14.084159228725312 
4 0.05093324806450276 27.849619790059496 0.041628890443733906 48.209990614899496 0.06962146722223624 8.27662299994481 0.06049129284277508 16.650328464673198 
2 0.050562160078379915 16.249102429805454 0.04097177928558189 28.6423504621065 0.0695170601648846 4.9068711618273255 0.06029584137620342 9.697085827068452 
4 0.05098515042244152 29.486478040390704 0.0417171020192641 50.02054106888073 0.06963619414004953 8.759330543562177 0.060518536942155865 17.634338269650105 
4 0.051012837713825906 30.43294595214295 0.041765869498263976 51.490579216562786 0.06964307172130996 8.986123747446868 0.06053185846146507 18.143142270731488 
1 0.050344863416822386 9.452432632171242 0.040579891381296224 16.392533284021177 0.06944157026297143 2.7863908543909233 0.060181432677915724 5.5825078242346695 
1 0.050432866770672644 12.190421258623878 0.04073967711006539 20.5090955236114 0.06947989395780643 3.721797399581992 0.06022719267171785 7.271395321691128 
3 0.050719834531970834 21.181544155132077 0.041251855314477226 35.94434255539134 0.06956141989743152 6.32706738274837 0.06037925746989777 12.637111317864713 
3 0.05083585275116809 24.768653668938956 0.04145812429362797 42.440819169589304 0.06959349083784036 7.363073901891785 0.06043977850257396 14.809180017122063 
4 0.0509175448095445 26.58209065119676 0.041599144777592884 46.81847406590036 0.0696166039364557 8.117469393308928 0.06048263024476168 16.345480505151055 
3 0.050840679098809086 24.206667557377518 0.04146472908874908 42.47209150185106 0.06959520739798027 7.418737165398642 0.06044257007116176 14.894202647719137 
4 0.050931473696192095 27.848455478906487 0.041624313228002245 47.218264323189274 0.06962061211080753 8.247314861813253 0.06048992635171566 16.60832982397377 
3 0.050783259630320265 23.147894527966606 0.04136343594222534 39.686210818132345 0.06957876796065585 6.887113858575977 0.06041209077983154 13.813188117509151 
2 0.050515640012750974 14.789002019641709 0.04088710397621412 26.11652144598498 0.06950386470788401 4.485284669823265 0.060271145967777405 8.825020468545741 
2 0.05059951345009169 17.410309127502728 0.04103845914852385 30.369977307249297 0.06952765344490351 5.245980831477896 0.06031572045000202 10.397096657707726 
2 0.05066770732590422 19.48803248061136 0.041159996468791926 33.97745940668183 0.06954680820112549 5.858316476710807 0.06035183046393437 11.669013924403012 
3 0.05085738205867278 25.367515757217177 0.04149469588880269 43.20223686451158 0.06960011726815503 7.578072242283669 0.06045169924891645 15.220683375825786 
4 0.05094929760558461 28.419096287612422 0.04165533219867668 47.986548871119545 0.06962560993836645 8.410928740188202 0.06049922347040212 16.94422324842908 
4 0.05092929043125408 27.778281101135995 0.04162147699613718 46.7450300124634 0.0696203703645257 8.239892341228403 0.06048924415688931 16.575278841626176 
4 0.051031239755038205 30.94917148752978 0.041797322746563545 52.01599026731692 0.06964831427868842 9.157577112480638 0.060541509441203234 18.49293517976275 
4 0.05087577808700229 25.309577702361587 0.04152659492138729 43.28933926804226 0.06960450149737715 7.721072905795415 0.060460353012585163 15.549759809965645 
2 0.05058989802131515 16.735047426247625 0.041021274560846824 29.452229794959997 0.06952493170957473 5.158402326520522 0.06031062369416634 10.216595055558656 
4 0.05099826057193785 29.061073477755286 0.041741512116414 49.79588648307977 0.0696395424069824 8.867502402244536 0.06052491463745372 17.8746004605489 
3 0.05069378049706562 20.302106697179426 0.04120583422192708 34.76730150004404 0.06955404854285666 6.0908394143074505 0.06036538401300926 12.146812996540906 
1 0.050378746371987825 10.496370693746067 0.04064167009825619 18.04796001094983 0.06945647072746208 3.1700389048239197 0.060199431125796066 6.242426366988724 
4 0.05097182112321075 29.121728117119396 0.041695233918188725 50.4785428924226 0.06963198307657442 8.61990769717429 0.06051103717265205 17.371822665889887 
3 0.05072028327320364 21.19498234642267 0.041252807657657695 36.80865575066862 0.06956148734521642 6.33094847605233 0.06037943449669099 12.646074790157508 
1 0.050386364401914095 10.740629952391862 0.04065556022301668 18.090687596067138 0.06945987499188037 3.2526381505828104 0.06020343686790734 6.3907238502535355 
2 0.05056081051970083 16.203840940603182 0.04096970050507158 27.912088767171962 0.0695166146339308 4.8912814779593345 0.06029518424174922 9.673943870250866 
2 0.05050393097521404 14.396482623409145 0.04086776671192026 23.95463274782402 0.06950051938668447 4.376821074215315 0.06026490393018043 8.605841762436945 
1 0.05036028377391969 9.938095825408434 0.04060796698705096 16.737630474728224 0.06944784029267972 2.9525909440070826 0.06018970437508003 5.88206957856849 
2 0.050494544208197475 14.096086911837066 0.04085102435475067 24.877782264757002 0.06949777835411584 4.289380918551739 0.06025994299327379 8.433107431475857 
4 0.05096812406256229 28.948436676645922 0.04168786131939291 50.353864541601084 0.0696304611160383 8.571339681314253 0.06050856469561877 17.294371592968513 
1 0.05045455811244787 12.86883513064176 0.04077892092015063 22.826478077150043 0.06948628945828332 3.921380498635739 0.060238584219126014 7.679208736700862 
2 0.050555691922345436 16.049764950607806 0.040960158964292864 27.647407409859333 0.06951515106635324 4.8448242077856944 0.06029244391147488 9.57771789475539 
2 0.050538296556473204 15.498094706582517 0.04092961154919091 27.244899390008754 0.06951030922991516 4.691113416693889 0.06028318026902838 9.251021499399767 
3 0.05085256519350645 24.527360081492997 0.041485359413326 44.0902017820675 0.06959891607346633 7.539051986766937 0.06044924231186303 15.123437659777746 
2 0.05062433179879602 17.287346112380405 0.041082209121836 30.795700788039976 0.0695348295751208 5.474149161358058 0.060329023023400374 10.85678848728686 
3 0.050842728206291446 24.24055097659072 0.04147017368213228 42.126540180447066 0.06959546793360562 7.427937953554182 0.060443396419303096 14.93964300936941 
1 0.05044858746318379 12.677158539999233 0.04076836840426514 21.662573928437638 0.06948457734231031 3.866501927804998 0.060235406493072643 7.567515651058988 
3 0.05079817388789545 22.90990890475023 0.04139006523799197 40.064939366581314 0.0695832859724888 7.0325222253085204 0.06042030216728504 14.097597877612014 
1 0.05033186349109244 9.046137947682727 0.04055611417007716 15.462435563520552 0.06943850480337907 2.6500784260224606 0.060174506301882015 5.336392960487921 
4 0.05087192942457637 25.89509012920008 0.041521198475128626 45.27233265523959 0.06960389410729784 7.701652449209822 0.06045895747166167 15.49183662336029 
1 0.05039016325391865 10.861337220216914 0.04066255006938437 18.885341376439033 0.06946166012129766 3.293517180421253 0.06020541945748625 6.464099566294356 
3 0.05084485296470499 24.29089263969594 0.04147217294911494 42.700824546681936 0.06959637367009175 7.456822228944072 0.060444758444610905 14.97267041356724 
2 0.05055166981364959 15.865495936937998 0.04095292582427088 28.049512664382757 0.0695142303059609 4.816104952594041 0.06029038666111055 9.498628990740546 
1 0.050329735794928054 8.979377396715003 0.04055219496557267 15.642074815914526 0.0694381151034211 2.628985316435 0.06017338133993928 5.296610921808828 
1 0.050300771074996656 8.070832045025174 0.04049812161814254 13.78284121030498 0.06943388527566496 2.327167199735235 0.06015774797662762 4.748831897941847 
3 0.05082851904965744 23.836188118816235 0.04144344618899256 41.79357505775026 0.06959178947773735 7.308308169110316 0.06043619380939623 14.666267737948118 
3 0.050759865980430155 22.418601110031553 0.041322962704073575 38.238421557641914 0.06957285028691618 6.695008048859345 0.06040055729783518 13.386224699962426 
4 0.05090489477384243 27.008211422046124 0.04157688694091564 44.86785670451401 0.06961305180719529 8.000243394530607 0.06047598797393304 16.105116002604138 
1 0.0504238838945659 11.924420394464303 0.040723818895548235 20.46716680480348 0.06947644920011357 3.6348091340171726 0.06022257560014364 7.107012429148957 
3 0.05070612262722374 20.743109035241837 0.0412285396864872 35.49566628656756 0.06955736719061044 6.197815075614832 0.060371749289867827 12.37902980046062 
1 0.05030451364830794 8.189825628451894 0.04050512386809202 13.591674151145474 0.06943457633741598 2.378315401601623 0.06015982105318827 4.819929772131412 
3 0.05070120113800476 20.597358197258067 0.04121934248205934 34.88694008945811 0.0695561813464442 6.160127336302798 0.06036939631296353 12.290239585857979 
4 0.0510488516618551 30.60843032098283 0.041826546940692926 50.59915232530851 0.06965284984622608 9.307093238651827 0.060550180730590306 18.819829593800165 
1 0.05037891754430883 10.501517492466414 0.040641872725549325 18.27154942817422 0.0694565510647821 3.1717680056304136 0.060199518733888326 6.245746489908013 
4 0.05098351039776183 29.49318066663617 0.04171485126767647 48.409809666115464 0.06963449270624818 8.70303164910212 0.06051615455830226 17.578343885425703 
2 0.05060634099589808 17.630247357749283 0.041050322001417845 30.987847477035427 0.0695295563433931 5.3069746928544 0.060319312168870896 10.523305661449484 
4 0.05092705174589712 27.715526461393456 0.04161538568166556 46.96984218984206 0.06961930030367355 8.206111559365542 0.06048758290147034 16.524116922971782 
1 0.05025784533413942 6.718284021387149 0.04041698124919394 11.677292669135543 0.069425182798857 1.677985914381879 0.060134926375438734 3.948978885084114 
1 0.05035597089708706 9.732755779825464 0.040600377575594704 17.042376289585153 0.06944612418784482 2.9061269424033664 0.06018725405535359 5.799306667059286 
3 0.05077393766837888 22.858521249662356 0.04134802003766471 37.89636228058795 0.06957655646581558 6.813424265296514 0.06040762213661212 13.644062466139564 
2 0.05050332979430479 14.320235035453678 0.040866133411584404 24.752724492919437 0.06950029892965179 4.370698875233816 0.0602645161039317 8.592977231521946 
2 0.05053206387734185 15.270336843186119 0.04091806142545836 26.389901016850605 0.06950854208538929 4.633424690471666 0.06027987582287218 9.132904355040193 
2 0.05065863456520259 19.250432131518505 0.04114300899106937 32.72157396987366 0.06954422915919672 5.775588750069664 0.06034687637709805 11.491595391122063 
1 0.050344660495047724 9.446162550880377 0.040579694803171654 16.335620815094344 0.06944152163930152 2.784557115914718 0.06018133360979483 5.5789325084589025 
4 0.05091447680871526 26.488292257359625 0.041595382420173764 47.074496971577716 0.06961580652682502 8.089561740665545 0.060481058962676894 16.286719847948874 
4 0.05105593318218878 30.76629176440113 0.04184184182638123 53.24800268166992 0.06965585379274605 9.404604659120448 0.060554983369092284 18.97267374188894 
1 0.05033652630391918 9.002477925634611 0.040564651117118725 15.476331168395816 0.06943937177723514 2.6967741476134837 0.06017696050449867 5.4241008796361125 
2 0.050508826733034175 14.497235427191976 0.040876360396294255 25.735545631011895 0.06950188136697985 4.420538904210846 0.06026745555981185 8.69582049621428 
2 0.050644589956055544 18.767983705097485 0.04111882819058407 32.975349683273656 0.06954043646369361 5.653861673945547 0.060339714777251016 11.233388637854224 
2 0.05063016109116606 18.36194515860467 0.04109274228896328 31.416646376673093 0.06953644644790019 5.526635416870725 0.06033205746401388 10.964916972518585 
2 0.050595249102236076 17.274957882321683 0.04103109953752379 28.928085644339355 0.06952649362006774 5.2072844385968695 0.06031351530357326 10.317351325002887 
3 0.05067657473863342 19.419968271620558 0.04117530591952764 33.662374598373184 0.06954922854749719 5.935166095056845 0.060356334889383745 11.82538290591163 
3 0.05073595964712313 21.662620723494893 0.04127980232403751 37.267170224352896 0.06956585429051629 6.469628320647442 0.06038759348046398 12.932508053314587 
3 0.05075564036072111 21.566140010845505 0.041315668985476034 38.66179182731237 0.06957137080461287 6.647606450896992 0.06039797342222808 13.302217162524789 
2 0.05053382523315161 15.367079233630566 0.04092065333858732 26.361235879744083 0.06950900319881452 4.64937695136455 0.06028077599124617 9.166006644205854 
3 0.050680332238611944 19.920016161741167 0.04118136347938527 34.92576495350836 0.06955026537889149 5.970110033224308 0.06035832071548338 11.89727187974474 
1 0.05044253775659198 12.472128511504343 0.040757040997580686 22.17141275078405 0.06948290139665556 3.812593140614865 0.06023226403224382 7.45142675846939 
2 0.050495677730153544 14.099648513197476 0.04085287139771494 24.929582583772866 0.06949813839428794 4.301634754392948 0.060260491709170284 8.451681715880193 
2 0.05056961399276744 16.48485735886315 0.04098491925377322 27.345006872096047 0.06951919859188983 4.973908742072211 0.060299837801319124 9.8356145420387 
2 0.05066345090586124 19.401044165985404 0.04115236855785158 34.049541857498575 0.06954580247968604 5.826395131480825 0.0603496821127214 11.58578520975508 
4 0.05089848354541776 26.801451635525847 0.04156713072824025 46.02140394277067 0.06961123335957126 7.940265331021953 0.06047260673467471 15.983673085827897 
4 0.05088272319924647 26.313327177347965 0.041538914905929106 45.37290510026055 0.06960681905561157 7.796471918878657 0.060464385405520446 15.686570794836896 
4 0.05088943213194095 25.723118324135676 0.04154991062550248 44.87776583581558 0.06960867291677206 7.858505708147717 0.06046790242090964 15.814456144348394 
2 0.050474838549402254 13.476716050036396 0.04081538328882062 23.372909939468958 0.06949205233200653 4.106944858043072 0.06024924977432293 8.058198567482052 
3 0.05069361437183242 20.298220014790406 0.041204921730938635 34.820368433694775 0.06955400960548225 6.09015775230839 0.06036529810588749 12.143908226139677 
2 0.05055287999656548 15.961763339161513 0.04095486790748494 27.36699386820726 0.06951442160322907 4.8229686802178735 0.06029089776865867 9.522919900211276 
1 0.05041867102169757 11.760894144122924 0.040714113850121456 20.877365979713783 0.06947439723101244 3.5864408332795152 0.06021999875023163 7.006743698535159 
3 0.050827919572975014 24.55649949391907 0.04144148801263845 40.68435094716169 0.06959158496353832 7.301825650597931 0.060435846530449554 14.654168286613265 
4 0.050876286362153335 26.05847041356144 0.041527948024353764 44.25778736067749 0.06960501764592626 7.737249982414291 0.060461043703427156 15.565214015402816 
1 0.05045154015521519 12.708829026456533 0.040772545605550145 21.911305732530174 0.06948519038230697 3.886377718189409 0.06023659821445163 7.611995057102265 
1 0.05028720840631207 7.645988336286512 0.04047257644178966 13.311476761339232 0.06943207392296277 2.1526947160625953 0.060150372889930526 4.489876183230232 
3 0.05073704945307693 21.649563613540174 0.04128201664972771 36.165317647072705 0.06956606669948982 6.4767152195269535 0.0603881875697946 12.95417502858208 
1 0.05028303078313114 7.511235841823478 0.040464583283827016 13.074116712305766 0.0694313672962967 2.069322437254223 0.06014804331738066 4.40876506820359 
1 0.050450766461177896 12.698771913206661 0.04077191342573466 21.7527980592964 0.06948509889669781 3.882598622160446 0.0602364726515879 7.605731833570661 
3 0.05068846633667666 20.173570176698796 0.04119624313764572 34.489166028493756 0.06955255999557827 6.044127111985962 0.06036259673540447 12.048762412475325 
2 0.05048418264373713 13.76386920236627 0.04083193592470969 23.316025060215324 0.06949471235942425 4.1908539499120065 0.060254175922235684 8.230682534195484 
2 0.05060681671052732 17.64360348748454 0.041051696021194 31.03308302620806 0.06952958695477238 5.307605781245799 0.06031944763585223 10.531275814224557 
2 0.05049661644275395 14.151409354875591 0.04085452719363256 24.170904689788927 0.06949836695156408 4.308948419295194 0.06026091776448269 8.467102617360215 
4 0.050921675164194644 26.655569449508654 0.0416074564327357 46.43205060431866 0.06961781873577097 8.155587396402765 0.060484783659037644 16.421891124770703 
2 0.050591398459799465 17.15361575129797 0.041023405068676175 30.184414463383042 0.06952531701703729 5.171073003017783 0.060311289191178355 10.238727796595803 
2 0.0505933115216338 17.21317100466043 0.04102742034073478 29.62740374633891 0.06952590187858551 5.190193456317071 0.06031243666390233 10.281679433462553 
3 0.05078037303874132 23.059361907311942 0.04135866594127389 39.30974483577035 0.06957862045349536 6.880652127855714 0.060411350973694156 13.76897824455084 
3 0.05080719399226237 23.90434094154286 0.04140678501354471 39.33679591357277 0.06958617791874785 7.123996022066467 0.060425456655265455 14.270952501642137 
1 0.05045797320500913 12.991508528695448 0.04078219376851648 22.882183497561464 0.06948722256713784 3.953214197741994 0.060240346582297835 7.740705651718227 
2 0.050505764806220085 14.457966977848013 0.04087111293280177 24.89478312701445 0.06950100131207045 4.391523801910145 0.060265960000083794 8.643727081723295 
1 0.050450766461177896 12.698771913206661 0.04077191342573466 21.7527980592964 0.06948509889669781 3.882598622160446 0.0602364726515879 7.605731833570661 
2 0.05057405504718968 16.613825811078726 0.04099325277078354 27.800489359272138 0.06952039819149246 5.011520683031027 0.06030227765691424 9.922600100673517 
3 0.05081720817349093 24.16510162874683 0.041424190846481274 42.233767843461564 0.06958809130105834 7.188396090198145 0.060429621409542056 14.44470760627872 
4 0.05087664744396601 26.122106926637958 0.04152853821578476 45.04157790920444 0.06960509656470636 7.7411461025020625 0.06046122017119959 15.57352722659561 
1 0.05042098475546395 11.822075315995596 0.04071853681427247 20.988739118065702 0.06947534775018091 3.6093428058071417 0.0602211758575135 7.050744743224406 
3 0.050816952374676025 24.21049773097669 0.04142361295403578 42.259822349133664 0.06958857700603523 7.2020136151931755 0.06043016875123427 14.448160775697815 
3 0.05076604317347343 22.60863780145208 0.04133380178097651 39.55092748991267 0.06957456504769909 6.750352782556995 0.060403782248174165 13.501536125965742 
3 0.05081550628095014 24.1340489366278 0.04142088725343079 41.86329213659867 0.06958799619381831 7.186000059510296 0.060429385062551924 14.431290268486771 
1 0.05033915657404263 9.273422721774292 0.04056954719199575 15.727044434174058 0.06944001551388979 2.7247660269094993 0.060178410417934716 5.4739697056969066 
4 0.050980537874375044 29.39689294409025 0.04170946747269218 49.58590010682143 0.06963445495734064 8.700942422068108 0.0605156095334583 17.53706072533656 
4 0.050955527972378144 28.60969844151371 0.04166761788052279 47.01469827118546 0.06962739737456969 8.46873794862604 0.06050252494837819 17.063061001258944 
4 0.0510028351482714 29.544387198083086 0.04174815391479484 49.155553716067075 0.06964080049806981 8.909490359610317 0.060527252565338495 17.961338255923827 
2 0.05049793688900463 14.208943185792458 0.04085707276969619 25.197758787321632 0.06949873161045926 4.320694829333485 0.060261640210908594 8.494204762310535 
4 0.05094819803874516 28.327370820465255 0.04165263458334491 47.42961850978113 0.06962525565368911 8.401156741235432 0.060498613885903475 16.92472551386108 
3 0.05067394653078346 19.311012047646376 0.04117137069393488 33.76805223196831 0.06954829469631366 5.907013192902886 0.06035478806402043 11.780630342356085 
3 0.05071091567181439 20.89308046625554 0.04123614559141421 35.98023326155051 0.06955868398626146 6.240588598637842 0.06037426942743722 12.46848573312956 
2 0.050639395297065105 18.598517161980062 0.041109489431561716 30.98499426345205 0.06953907584760846 5.609727394810936 0.06033700559460022 11.137303866728967 
3 0.050749399352903554 22.091630198953776 0.04130306052711319 37.75677170771086 0.06956912414340874 6.575462349335436 0.060394073022940795 13.175801420052114 
1 0.050296363630824084 7.9586515201903225 0.04048994982248935 13.813434872175435 0.06943315947634152 2.2691337824665134 0.060155358703585016 4.664562170155884 
2 0.05063066563823691 18.38780656187716 0.04109382420260888 32.29597329317858 0.06953638983698998 5.524057525740575 0.060332223871939664 10.976294650209642 
3 0.05070601253103851 20.739390080828535 0.041227021569166106 34.65011621024366 0.06955722185952226 6.19322430369534 0.06037169795633056 12.376874436185352 
2 0.05059335627962809 17.214304337385006 0.04102717764396878 29.602076256339252 0.06952590021091434 5.190132702794125 0.060312452933865744 10.282189545781502 
1 0.05038961694366688 10.841903578088239 0.040661364609949055 18.84120405777704 0.06946148679802464 3.288151538622036 0.060205111688046334 6.452938610108291 
4 0.050930529586293107 27.818368135026866 0.04162306963851742 48.253071995267 0.06962072637839556 8.251010411866783 0.060489915347343215 16.597774580964536 
4 0.050903801839240995 26.919204440313564 0.04157595097220426 45.256365242026206 0.0696127494791608 7.990080091330542 0.06047541996652787 16.084579523809047 
3 0.05071902054402855 21.15529072237289 0.04125043231092534 36.00737782630524 0.06956118252051983 6.319367891579406 0.060378812523416224 12.621229456782462 
3 0.05083479131646225 24.02800559434821 0.041455212232702196 41.16288549957476 0.06959358540568128 7.365025850690122 0.06043951339246704 14.783141771311389 
1 0.0502965556654499 7.932186084670242 0.0404902322588999 13.816830608449171 0.06943324768045286 2.2705490918081304 0.060155447730238586 4.667773593955265 
3 0.05082848666920993 23.835166608650514 0.04144361610976109 41.82276155715537 0.06959178801408954 7.307739905562097 0.06043618687997591 14.66542312429382 
4 0.050896379518683685 26.737217541047993 0.04156315441801272 46.16806600484689 0.06961027320529092 7.909998646870017 0.06047107373113736 15.93790867982769 
1 0.05029745665502631 7.967653988045936 0.04049184348837036 13.764111037407545 0.06943349021524181 2.2773509933614977 0.06015590806525112 4.6839708069451635 
3 0.05073671401463119 21.638753680851828 0.041282167012821065 37.29728118828973 0.06956597374608377 6.474284114349592 0.06038799820071972 12.948979733444839 
1 0.050317266132865614 8.5875217251298 0.04052911276149404 14.9516270574484 0.06943624258489521 2.5049838688500907 0.06016670230718798 5.060762734703496 
1 0.0504182611055705 11.748787812494545 0.040713408277101584 19.651047819220906 0.06947416800865516 3.581886641506119 0.06021977073756475 6.998520853988154 
4 0.05095801616713458 28.680661397797945 0.041671747534765775 47.250366068239614 0.06962810568211478 8.492227163054887 0.0605038371999941 17.110587354124576 
1 0.050372180494159556 10.293964100195277 0.040629915892440235 18.343749159716594 0.06945340746960182 3.096843796212385 0.06019599396141688 6.115816693219342 
4 0.0508923383650713 25.813128576960462 0.04155697411099961 45.18061589596941 0.06960952056023788 7.885240915247882 0.06046941909579064 15.868892677673397 
1 0.05033054198343588 9.004656939405816 0.04055364521713991 15.673544396499503 0.06943823042346708 2.6369689326062944 0.06017380965393693 5.311475426255139 
2 0.05054591480918942 15.745340447227914 0.04094263959955875 27.718445067128176 0.06951242918730893 4.758819579772741 0.06028720203347356 9.392437536714182 
1 0.05044332221401415 12.534539908909357 0.04075860517702906 22.217298796461353 0.06948313530354308 3.820215013137976 0.060232686864367856 7.466686096196898 
4 0.050923492133455525 27.023191310277106 0.04161053184738076 45.69680674515644 0.0696179745075038 8.160754541024144 0.06048531652421678 16.449829232714524 
3 0.05067834911073525 19.865944108589996 0.041178234260864165 34.41729856545955 0.06954953847458126 5.944691184680261 0.0603571088576597 11.85568498190166 
1 0.05033940675389449 9.281205258301078 0.04057000614415623 15.618840417663176 0.0694400783929616 2.727472445140273 0.06017854113891271 5.4785850894533334 
2 0.05046704193519876 13.269522952955947 0.04080131183643154 23.38471250105967 0.06948999081105346 4.039739764324194 0.060245332802563355 7.9142356680270805 
3 0.05076302352280883 22.468611613133636 0.041329278527622804 38.37141147060825 0.06957360043575896 6.718298376887151 0.06040217846775235 13.450088569717536 
1 0.050348417149297886 9.565062238154665 0.04058645390015016 16.11000159561814 0.06944291640126989 2.824918853225131 0.060183356322703815 5.651446346797503 
4 0.05101195574275853 30.40469295115751 0.0417642234376255 51.4359602639841 0.06964278868837044 8.976673591084513 0.06053138236292042 18.125606217661456 
4 0.050917354884152236 26.576253766652314 0.04159935688650188 45.98188960475877 0.06961657943772397 8.116187428633623 0.060482531040358146 16.34192118854175 
4 0.051056248193352284 31.80149440213254 0.041842648668062817 53.38341639150583 0.06965643936262791 9.42382136557438 0.0605557586260454 18.987156366158068 
4 0.05102045779155401 29.61592404041779 0.04177976484551601 51.60557612623207 0.06964575943498755 9.073882533565406 0.06053643832624891 18.297812133621672 
1 0.050271386750601235 7.145225985643532 0.04044259559228071 12.422180589452118 0.06942871477669324 1.8813676501267529 0.06014191523423088 4.194624436014372 
2 0.05054835975746913 15.822092891202947 0.040947468159037013 27.883978541468785 0.06951315343912903 4.780780492477823 0.06028852993653383 9.438059360225276 
4 0.051012310852837084 30.415497353986446 0.04176388308324709 51.47567729267206 0.06964289601724144 8.980860362829342 0.06053155283660387 18.132213707538632 
3 0.0506737769336326 19.734522282185274 0.04117114741366641 33.82741163777333 0.06954848888706519 5.911444547964543 0.06035498663218446 11.780071975615755 
3 0.05086030112319111 24.226077055705392 0.04149918318840425 42.97327365777718 0.06960108451644309 7.609833876439798 0.06045326595310966 15.26850277377946 
4 0.05099139466595448 28.852156286847094 0.04172921288416316 50.932213441303176 0.06963748090836763 8.801614910520986 0.060521212608744865 17.743313459369315 
3 0.05072623248598031 20.73909138078745 0.04126370948920146 36.51169567168438 0.06956287094666948 6.374663323223094 0.06038230512288374 12.753665949326821 
3 0.050835951118390885 24.77261589557177 0.041458117983187145 42.57060607958006 0.06959354651860168 7.36396516345012 0.06043984593484345 14.809820292639458 
4 0.05097812436857417 29.262471681295494 0.04170459504574122 48.96208689666438 0.06963332647124296 8.6642460630779 0.060513810777845435 17.48296245111761 
3 0.05085406579469841 24.093331723345994 0.0414887075184747 44.098733447155794 0.06959931816010236 7.55241073741791 0.06045001669979426 15.151653825615316 
3 0.05080052531298388 23.69084866100615 0.041394896844563704 41.35469745317092 0.06958429457974177 7.06337879856234 0.060421944071188435 14.14612739418833 
4 0.05102595852326399 30.840683289287444 0.04178884616265151 52.21654820063712 0.0696473430615534 9.124747485908298 0.060539314819969034 18.40174896100483 
2 0.05056027287416137 16.190241849953914 0.040968566960513667 27.72709363399005 0.06951654179912714 4.889344295461255 0.06029486717187441 9.661133971290862 
1 0.05044455615109363 12.490273011915104 0.04076046853813575 22.2786833869732 0.06948336641001625 3.828380494175076 0.06023319602106243 7.490022736508132 
1 0.0504340249810586 12.242827661569304 0.04074207154935892 21.711156743841965 0.06948032118106744 3.733722710499735 0.06022782757294258 7.294750591742714 
2 0.05055270178413736 15.955673234360017 0.04095464422603966 27.47573050283002 0.06951439570684037 4.820977032730816 0.060290835237375384 9.51911183949744 
2 0.05062096596802897 18.092563444641137 0.04107672048959911 31.768239410063387 0.06953365615681449 5.4379482203939435 0.060327047042844285 10.795917894794908 
4 0.05096444824710193 28.344847883132978 0.041682086517392726 48.7452045383328 0.06962986252833238 8.551147941311118 0.06050715540024132 17.232549669864348 
4 0.0510421935635101 30.404352454281945 0.04181691364442039 51.89423359536636 0.06965144421560582 9.260030363808436 0.06054725351033374 18.70211255443594 
3 0.050846995481888466 24.40769844160825 0.041476088160955604 42.81368971030513 0.06959697709252004 7.476182331889288 0.06044587088851607 15.012530107610647 
4 0.050971281049238815 29.105973235341658 0.04169365311823091 49.2894760878749 0.0696318058174149 8.615552414651207 0.06051072457527704 17.362605585226184 
1 0.050408756789323175 11.375925810551871 0.040696203856876986 19.878397521093866 0.06947042520823336 3.484853377842788 0.06021478451261136 6.819585421711302 
2 0.05047765312309459 13.580907861581192 0.04082037277889871 24.06050047427807 0.06949291067419708 4.133817928529072 0.060250826478938334 8.110711082436723 
3 0.050774380581725155 22.874061361257453 0.04134794126066713 37.7266947458665 0.06957693951074433 6.8261944343450125 0.06040820378016863 13.657104853524379 
3 0.05072655253048035 20.748798185714133 0.04126386085774432 36.816218782923954 0.06956304968973961 6.380106688539405 0.06038247084702457 12.758851057606106 
4 0.05105734197974463 31.834346200734092 0.04184370189976584 52.68415339515805 0.0696568066381701 9.435520194485944 0.06055638060928685 19.009860423703607 
1 0.0503799997076043 10.535490087191398 0.0406438446264905 17.431425148984097 0.06945707380856642 3.1839669059705704 0.06020008909424115 6.266846760665542 
1 0.05046017069693713 13.054836823370232 0.040789046501393256 23.13985446814451 0.06948801022630297 3.976308783528512 0.060241670103089916 7.785227537357454 
3 0.050790385347007284 23.32588044964727 0.04137691177019383 40.65534723042697 0.06958085855619911 6.952821858538828 0.06041588588289405 13.94621447430057 
3 0.05075705268796267 21.658230528237418 0.04131739898454048 39.01532410035776 0.06957174354146253 6.660477114581356 0.06039871645247976 13.328857090604213 
2 0.05066111767278488 19.32816730469839 0.0411473787732219 32.90547422707273 0.06954492949478439 5.797740863852601 0.060348194611635785 11.53774762103919 
1 0.050290602024557096 7.722513419909244 0.04047922910491208 13.497739269057632 0.06943239785641583 2.2004782513494994 0.06015227488547845 4.555340015097553 
2 0.050582666335039106 16.874689504696075 0.04100778972144532 29.71241213711112 0.06952287947437664 5.092774627566029 0.06030669831856381 10.076581216887242 
1 0.05043881962893833 12.295336809531088 0.04075008468879693 21.610942295619964 0.06948165258099781 3.7732984064196793 0.060230078065848694 7.379183414129957 
3 0.050710772013610586 20.888504716119513 0.04123524445464222 35.58378774612963 0.06955864516331334 6.238614639873022 0.060374206970591704 12.464739832706595 
4 0.05097574243507698 29.187218575243996 0.041700963293593275 48.452598728983226 0.06963258030609885 8.641677103689528 0.06051251022473799 17.438339238118182 
4 0.05094956709486551 28.42518675385446 0.04165532308307298 48.19879927390175 0.0696256549315035 8.413868106833558 0.060499350508989955 16.951020111304782 
3 0.050738261559491314 21.73615250248296 0.04128421202452743 37.12841848691329 0.06956628248715754 6.483786075218333 0.06038854814717356 12.972864130403575 
3 0.050695678134384234 20.407719471288527 0.04120859522258914 34.91656284151149 0.06955455850762841 6.10797411001001 0.06036636101520955 12.18225843223641 
4 0.0509190988747657 26.576532109546854 0.041603170894217244 46.41489854159332 0.06961707404381536 8.132331580939328 0.060483446707320324 16.374707865296266 
3 0.0506944254106093 20.368582567750614 0.04120667292062171 35.49362426371895 0.0695542227677616 6.097296264952885 0.06036571388013283 12.158986703052767 
4 0.05090152650642864 25.47611652262193 0.04157191495856724 46.695658956871455 0.06961169751790476 7.957116303586976 0.06047377037413957 16.035230203505623 
3 0.05083206065588323 23.944025404328848 0.041449867832146735 42.05126709192142 0.0695927889010142 7.340131423373672 0.06043804818598443 14.732063220639825 
2 0.050600600418833366 17.444063388354248 0.041040324837999374 30.70461625321992 0.06952796414101667 5.255310685578921 0.06031631568415308 10.41709780580617 
4 0.05089423755684739 25.87140889802047 0.04155935060039641 46.345541228679934 0.06961005043817306 7.901982222325773 0.06047041484690964 15.903897209416069 
2 0.05059181703959996 17.165326292110908 0.04102456091497139 28.872165017030277 0.06952550687691633 5.176069346457507 0.06031168158286441 10.253065445213602 
2 0.050665308443139614 19.077191942879846 0.041155101028057084 32.58783708162902 0.0695460794711955 5.8342124634257395 0.06035043158645768 11.61619723170889 
4 0.050956906048382 28.65371348764137 0.041668736223014355 48.47041974603171 0.0696277337570084 8.481712624040071 0.060503188443538816 17.08966905199652 
2 0.050559242018235084 16.15801188621606 0.040966083642403985 27.694616291590904 0.06951625997125463 4.880468481903787 0.06029432073295445 9.64176676494645 
2 0.05056427079048503 16.2997199681757 0.04097527327013041 28.048883114546662 0.06951781786118723 4.930823629556381 0.06029710136286093 9.734541472980897 
3 0.05069559683188213 20.359486089256166 0.04120908238935147 35.73424824037308 0.06955456994702944 6.107034246652359 0.060366357629124845 12.18017097960492 
2 0.05061340623431877 17.840776173016895 0.041062622753800695 31.342085768181988 0.06953173075715616 5.375074528516847 0.060323214570118924 10.651872361576308 
3 0.050843241746106084 24.27383170566879 0.04146915032450498 42.482027405651785 0.0695958756646437 7.439276417641819 0.060443764880461825 14.935567289917685 
1 0.05034416469897153 9.43059993713627 0.04057858762008084 16.299618686705706 0.06944136987727015 2.7794077038296994 0.06018106953469948 5.5694347578483745 
3 0.05084673699636769 24.399517083170387 0.0414758217686471 42.38625532925916 0.06959691548330664 7.474543429991719 0.06044571926561575 15.00732917465398 
2 0.05055491791931728 16.024503519737273 0.04095892184628645 27.602747060147653 0.06951501407736889 4.8414044875163675 0.060292007976109493 9.561627416096629 
3 0.05075189678337706 22.16221452447645 0.04130926481683224 38.250576050209126 0.06957060255485636 6.622490902205354 0.060396335545230564 13.236559341327071 
4 0.05088289587293669 26.318142646886475 0.041539324654902364 45.79166158501427 0.06960684231141989 7.798300403391259 0.06046448318982435 15.691393682537932 
1 0.050457111158484245 12.964665832244515 0.040783536787587206 22.45819122215671 0.06948712825007805 3.9480188967413596 0.06024003064538441 7.7274147901160335 
1 0.050279921015467854 7.4129749936249665 0.04045874306404742 12.899909830224008 0.06943075205418672 2.0424768468225096 0.06014641539599841 4.350229297896641 
2 0.0506415826593811 18.71061844450221 0.04111270257231801 32.095827031510325 0.06953945325519591 5.623109985490872 0.060337898116588864 11.175202094164444 
1 0.05028294507287334 7.506267768620626 0.04046436779679001 13.06901976499291 0.06943128942846646 2.0684251245414567 0.06014798560717829 4.406574595095369 
2 0.05050535349727371 14.44741557636063 0.040869838319398694 25.580853993841057 0.06950088743714292 4.38884347137751 0.06026561548519005 8.631424383279972 
4 0.05095749657819999 28.610875473601986 0.041670494852504805 48.508695907377614 0.06962790582772045 8.487263332538543 0.060503520218915606 17.10112468159992 
1 0.050449141706164644 12.689824925769562 0.040769441742106526 21.945845336947833 0.06948466612928865 3.8696504962575675 0.060235685380916795 7.580147486071415 
2 0.05054037103836505 15.52929470636273 0.04093276234495989 26.559346507200548 0.0695108735341332 4.708805975210567 0.06028426138526991 9.288779511899225 
3 0.05082531237543385 24.473826988989977 0.04143754932538925 41.69014300725571 0.06959086788133521 7.2784749399386754 0.06043450592354577 14.606210229136845 
1 0.05031395422593937 8.485527937702006 0.0405225299032556 14.137288202121704 0.06943607958829517 2.4724893413777735 0.06016491774724504 4.998539972877781 
4 0.05089977284689422 26.845145942238464 0.04156819162638882 45.70287097737436 0.06961089899064918 7.930145691810429 0.06047245585011725 15.99491070246702 
2 0.050596586565451615 17.30885277811961 0.041032747775625 30.50155660589589 0.06952701484486402 5.223972047947123 0.060314318159807076 10.338837282468859 
2 0.05059928322045111 17.407559088392684 0.04103794087163809 30.342012106601896 0.06952757500742199 5.243657227077355 0.060315588067251256 10.392623162749704 
1 0.050411929640633533 11.51314663745303 0.0407018248519956 20.267322242113032 0.06947145892758465 3.515845517870942 0.06021638288820291 6.876301595172881 
3 0.05067037716979398 19.63635502030609 0.041164274007100744 32.76081519003941 0.06954728637310846 5.873609889700424 0.06035289729725257 11.712355938820611 
4 0.05095453547464372 28.57852882542444 0.041664695955493304 47.53408337418879 0.06962710551116971 8.459556398870527 0.06050199986495349 17.044102691203697 
3 0.05084915123657084 24.472085422363808 0.041479124578651806 42.59905024794993 0.0695972716604214 7.4850061006578485 0.060446614168226255 15.046412739516256 
1 0.050406540140032596 11.363504978344302 0.040692273619464286 20.200320473068054 0.06946909445604628 3.464692084001888 0.060213849594220735 6.77771759171482 
3 0.05083447963504536 24.018468324440413 0.04145390496221058 42.17165569279837 0.06959346540205423 7.362379442180651 0.06043932065047013 14.778040446150602 
3 0.05073700595135534 21.6963434828653 0.04128233921965766 36.603726836491674 0.06956605628281308 6.47615049846946 0.060388158957996874 12.953549246777154 
4 0.05095790409424332 28.689910408693578 0.04167095059202373 48.277934964104986 0.06962805351494884 8.49097256965023 0.06050374398574617 17.107827506246725 
4 0.05099122211822924 28.78832595987901 0.04172792776996038 51.54135549754709 0.0696374342821526 8.80051790912282 0.06052112733702203 17.740739468417015 
2 0.05047095379127361 13.395758971803776 0.04080850026906431 23.707951743491474 0.06949112579150175 4.076237695875646 0.0602473994111843 7.986497976982685 
1 0.05033308001820014 9.08390697686489 0.04055825375540656 15.59977247417566 0.0694387216789554 2.662549124229882 0.0601751583448669 5.359186196101911 
4 0.05102705885495419 30.876538531524396 0.04178996477068962 52.12912459373605 0.06964707894775042 9.11809262329337 0.06053929652904686 18.415247480946444 
2 0.05053972910668577 15.206908931819672 0.04093210637122345 27.42137929293629 0.06951070073557222 4.703126537777045 0.060283927903631594 9.27667440352805 
2 0.05054562393978455 15.684266802411546 0.04094207096831893 27.700870914189903 0.06951249479458887 4.760641785711135 0.06028713347065987 9.384086833654095 
4 0.05095620643465475 28.635297702317473 0.04166794389282251 48.04406179446423 0.06962755925548467 8.47610359517322 0.06050285098723579 17.076949396899842 
1 0.050402173660311564 11.23897769690397 0.04068419119108185 19.984897112550826 0.06946730190795014 3.419662145820344 0.06021156309168459 6.693460531201339 
4 0.05098007206964276 29.325557846259034 0.04170825860087095 49.726777975215654 0.06963380929213446 8.681886896459698 0.06051480088805172 17.521333070956633 
2 0.05059436371618762 17.246025395451618 0.041029446632669095 29.647342809734234 0.06952620523498967 5.19955132361273 0.06031300469351129 10.301403834660283 
3 0.050839860277768836 24.181996911722642 0.04146332493319595 42.15197910522751 0.06959498117071447 7.411166228176848 0.06044214004250503 14.878577325968058 
4 0.05096101771961846 28.723102303922293 0.04167722950721008 49.54503006642577 0.06962888735770528 8.519143345046304 0.0605053526977663 17.167629642906984 
4 0.050882526048777375 26.307090742278206 0.04153791552513736 45.7633946836772 0.06960641618254657 7.7839002894300275 0.0604638890718753 15.67697320493547 
4 0.05101657523117625 29.615531072998504 0.04177301131249481 52.13025846686152 0.06964460161108878 9.035688695621356 0.060534374777545016 18.223003369803116 
3 0.050824017681288206 24.433126352500956 0.041434827216286066 41.383704492571994 0.0695904802996358 7.266243190652875 0.06043380287442165 14.580964280755392 
4 0.050869858567058265 25.829260879201666 0.0415173746985916 45.115230946843745 0.0696032848050134 7.6819058153280455 0.06045785376573585 15.452162735948118 
1 0.05037209868177881 10.29138200826623 0.04062967578397303 18.31616806125478 0.06945354742725328 3.097301512290941 0.06019596314711423 6.1147261410055815 
4 0.0509842525854358 29.515769773465742 0.04171551252918883 51.167141091103524 0.06963467147504936 8.709014809943104 0.06051652638832098 17.591149387892543 
2 0.050471625102148934 13.367340032593177 0.04080932709507504 23.658998284215766 0.06949116566755822 4.0772721576613025 0.060247539247686645 7.994097516983904 
4 0.0509865115503584 29.588822398410617 0.04172007083526426 51.30648855696209 0.06963611721676878 8.756379247445583 0.0605187235964497 17.651601182678377 
2 0.0505373752140255 15.46916440566481 0.040927554988366546 27.28341687793387 0.0695100354279015 4.6826837814248155 0.06028267477311698 9.233433477346088 
4 0.050908700369242645 26.307492423110837 0.041584274354596176 47.108162436012336 0.06961343181513377 8.014112047521147 0.06047716092681945 16.165305565924918 
3 0.050835017404436945 24.03450831117118 0.041455965286825096 42.12707886246259 0.06959362461390209 7.366789274449159 0.060439624205816986 14.788316390914241 
2 0.050552159781997265 15.939462978735033 0.04095377207622092 27.94719158082794 0.06951422626313816 4.8161606410582865 0.06029054500809716 9.50975906977315 
1 0.05027011247820179 7.101712802847291 0.04044024700392449 12.356877563917937 0.06942842164908489 1.8705140410300207 0.06014124131769061 4.170525969915319 
4 0.05088483754528104 25.57987560072317 0.04154283773793539 44.83953952610028 0.06960742593677845 7.815933294815098 0.06046550456652407 15.726409861689826 
1 0.050379209933549884 10.510618983398421 0.04064219412106458 18.2309981296331 0.06945668189971288 3.175161460267301 0.060199668592239186 6.251553768923899 
3 0.050762785941429 22.462669006756848 0.04132862593571919 38.36764660439768 0.06957369203733284 6.7211867158572245 0.06040211484625997 13.440268498043604 
4 0.05098377112380723 29.44298189284775 0.041714602083670074 49.979932179944136 0.069634854711765 8.715886852034009 0.06051672056225941 17.59109421998692 
4 0.050909829459628485 26.341320966082975 0.04158660820897632 46.109107082608496 0.06961406760421596 8.034473420625407 0.06047813163395364 16.192910578706464 
4 0.05105723329641902 31.83369338098463 0.04184283046834117 53.780341440147154 0.06965614242781606 9.416295456397004 0.06055561075674791 18.99785792248534 
1 0.05046017069693713 13.054836823370232 0.040789046501393256 23.13985446814451 0.06948801022630297 3.976308783528512 0.060241670103089916 7.785227537357454 
4 0.051020690583693906 29.62495114651923 0.04177895208457582 53.17377303825217 0.06964585295930148 9.076012875962448 0.060536596661574925 18.30122281743743 
1 0.05034540425296631 9.468405569583709 0.04058083586722605 16.364687777309626 0.06944169428968798 2.7909478010108963 0.06018167508537124 5.592723943089927 
2 0.05050615503245616 14.4751990248488 0.04087173281631253 25.0156590077477 0.0695011231686554 4.3970585822836465 0.06026606228518962 8.647664206894792 
4 0.05087838934889921 26.178503612609926 0.04153167109969961 45.49406553447425 0.06960595420264817 7.769085595236769 0.06046255293711381 15.612266841640462 
1 0.050293496570433784 7.84509590055813 0.040484655120089565 13.652715538103275 0.06943278397655081 2.2268941776681452 0.06015383072305349 4.611029958351855 
4 0.050925107185645545 27.654209555781666 0.041613944065972394 47.28112317456162 0.0696184169431984 8.17619512524808 0.060486146275836386 16.481405673130435 
3 0.05075490379725893 21.544559734530566 0.041313967729868485 37.75673804985472 0.06957146439263276 6.649295368284567 0.06039794591281904 13.29203303330436 
1 0.050356252949906866 9.80752573699047 0.040600765940180215 17.057245972960153 0.0694461819424258 2.909771928927561 0.06018756930587017 5.804292356064823 
4 0.050935306028157004 27.9712264295513 0.04163055528626513 46.61065417198277 0.06962208942752413 8.295384549392654 0.0604924249016416 16.687881511058585 
2 0.050657056170464586 19.193686231107957 0.04114075266662794 33.716016001824116 0.0695440150595034 5.768913370537794 0.06034633168371667 11.467206484965356 
3 0.05078009668124232 23.046132888734114 0.041358295530985856 37.85625228125029 0.06957825130565469 6.868686633600889 0.060410839614839174 13.758911204583319 
1 0.05027052579087139 7.116325785805405 0.04044094433517442 12.376732063217325 0.06942860738301193 1.8743217293047347 0.06014148859076492 4.177449755837296 
1 0.050328790730580095 8.949966480467326 0.04055040164821511 15.282377703318707 0.0694379234131643 2.6194701828855047 0.06017287620148991 5.278619437254835 
1 0.050316197937997784 8.555317240117796 0.04052723848070346 14.893999348489036 0.06943612634170329 2.4944040819657443 0.060166129461155585 5.040539084058954 
2 0.050550139549998284 15.86884423936164 0.04095048558199253 27.238389345650592 0.06951366825600983 4.798407889704917 0.0602894791978118 9.472704409097494 
2 0.05061419771249616 17.86526126316899 0.041063777155608085 31.41673565164471 0.06953195376407144 5.382252545907833 0.060323627465672616 10.66651327781075 
3 0.05066916898941594 19.599235431524797 0.04116284073760495 34.19810545814023 0.0695471562870551 5.8703957639948845 0.060352493219335245 11.694517428942737 
3 0.050825761572675786 24.488335283537545 0.041438427841447856 41.68985981618308 0.06959103109772699 7.282172784290042 0.060434767465604486 14.61344069170705 
1 0.0504310717617529 12.134747294395604 0.04073660177470687 21.545692404360928 0.06947925329699818 3.704538613686231 0.06022625970343511 7.23769997382774 
3 0.05070377217585078 20.652791031102492 0.04122364637073742 35.09776038155721 0.06955666891647383 6.174329170624435 0.06037042109598323 12.329608133854846 
3 0.05075636251333291 21.58820662251232 0.041316150972446494 37.67023564313921 0.06957159566598968 6.654259738622332 0.06039838283670669 13.315405952280646 
3 0.050711810458613206 20.92109825702097 0.04123761658853607 36.59630608981903 0.06955894646339475 6.247819905645434 0.06037477022395349 12.48419324589759 
2 0.05063061436017918 18.386064411894193 0.04109414424352716 32.32802154346831 0.0695363730298836 5.524808588400129 0.06033216159001849 10.97659200280099 
3 0.05078779592476501 23.242972019267235 0.041371913590774044 39.67209332337675 0.06958035790009962 6.938087354066728 0.060414841028062924 13.903300477440208 
3 0.05082811925084724 23.823936076894125 0.04144389654494608 42.7369567921168 0.06959171547903066 7.304268627661967 0.060436023445114694 14.658167593755389 
4 0.05093324806450276 27.849619790059496 0.041628890443733906 48.209990614899496 0.06962146722223624 8.27662299994481 0.06049129284277508 16.650328464673198 
2 0.05047960019625368 13.600228311476178 0.04082384255085601 24.18084633768185 0.0694934897062581 4.15199730722858 0.06025184971787123 8.14659774471351 
2 0.05060787900570031 17.660740167820503 0.041052705425438374 30.224260851372957 0.06953019209174487 5.3258862387044825 0.06032030126336557 10.549501779517028 
4 0.050920128673956476 26.661521688753727 0.041604137744176165 47.6040235181181 0.06961733257630406 8.140877732121055 0.06048395140853337 16.393290109372177 
1 0.050255378119227936 6.637435391977144 0.0404122431407611 11.535319412560005 0.06942460733864711 1.6581692113466346 0.060133663046688976 3.901398965286938 
1 0.05026406273145162 6.912981259751805 0.04042866824434526 12.012494920925604 0.06942697545274557 1.8198898545057816 0.06013811785424307 4.059149168382753 
4 0.05094036053878198 28.130010587947293 0.0416395237373343 48.64805541659206 0.06962348579523321 8.342915359694656 0.0604950334269988 16.784689934419212 
3 0.05069034713596361 20.20462932219752 0.041200026982589406 35.504395842715795 0.06955286320184555 6.053339648230439 0.0603634164587367 12.086208384063855 
2 0.050463288143318165 13.133501113204677 0.04079466791084398 23.29747616337459 0.06948880640052835 4.001862720813621 0.0602432181593142 7.842581716682946 
2 0.050614623202335465 17.895161728067627 0.041065532751877014 31.445119037660447 0.06953186127568274 5.380821549113099 0.06032366464677889 10.677514482139767 
3 0.05067929881153377 19.895657647659846 0.04118014934311294 33.84724091823638 0.06955022047590151 5.968265028951092 0.060358019244356055 11.880412627128413 
1 0.050355680466401334 9.754410566787385 0.04059966246186526 17.042229323208893 0.0694462467550789 2.9064659495370764 0.06018721645667978 5.79491027222717 
4 0.0508988304477491 26.75861084244524 0.041566934875967944 42.9576189245666 0.06961066216028215 7.922396929934462 0.06047199610118318 15.978193973305247 
1 0.05035534378921399 9.782718494510426 0.040599160337260964 17.015849412267055 0.06944573159309282 2.898382958562718 0.06018701449157593 5.785894962281439 
1 0.05025701409246071 6.689924638959575 0.04041533002234919 11.391536587372672 0.06942503360336028 1.6712804453836305 0.06013451478968738 3.93235396825132 
2 0.05065532049963391 19.139342759149617 0.0411381918577395 33.607426698761344 0.06954352290092118 5.75329558476351 0.06034540356620151 11.434637354494376 
1 0.0503816042942475 10.581622362849469 0.040646928170775705 18.268811689493724 0.0694578454249529 3.201785736569287 0.0602009337720939 6.298374345328076 
2 0.05066396167738489 19.000132366065436 0.04115258676083234 33.49411461029337 0.06954590927737093 5.828112341409373 0.06034997327421985 11.593525932312088 
4 0.050951123302290055 28.47765215873276 0.04165758213391169 49.23735167042134 0.06962608713838078 8.428111832797011 0.060500167346481816 16.980147081410372 
2 0.05049782807490425 14.18571998799409 0.04085642722210041 25.16604593799334 0.06949871843992246 4.3203870895058385 0.06026156946852821 8.489881589131022 
3 0.05075265461759402 22.1860225292099 0.041309404001839904 35.92971086543276 0.0695705505157915 6.620698543323248 0.06039641864928409 13.245747337396569 
2 0.050532151315947724 14.973761686490079 0.04091800072753987 25.663601696328463 0.06950853727976428 4.6344965034334376 0.06027988514296741 9.135003442155059 
4 0.050954475473261374 28.57617887367232 0.04166589979867816 48.45839300182698 0.06962707445566516 8.459320124160172 0.06050195742439994 17.044232970568586 
4 0.050997999646047586 28.99461994976873 0.04174163774765851 49.716896449253305 0.0696399221689648 8.879154028448479 0.0605253050527834 17.877508311962956 
3 0.05072230086424316 20.80567951703427 0.041256057918989376 36.31167543108957 0.06956185833863433 6.342769193929442 0.06038023749547611 12.67994048103166 
3 0.05067922372788201 19.893139703422648 0.04117956484486758 34.103779160804336 0.06954975972915997 5.953737372811178 0.060357451319968516 11.872062277324002 
3 0.05072520797424969 21.332182612847465 0.041261491776989144 36.36735710206455 0.06956309929803317 6.381139460921973 0.060382222350114215 12.735910949478697 
1 0.050363070005441025 9.99323359238942 0.04061313532971046 17.437871622793175 0.06944914275130877 2.981909487992943 0.06019106095932243 5.936772878769107 
4 0.050879600681886704 26.21691443653545 0.04153414119605309 45.53659279321981 0.06960633218804041 7.7799871864630505 0.060463223771798635 15.634347302387841 
2 0.05065987104635594 19.28879537697465 0.041145007882864945 33.87722148311042 0.06954454205530522 5.784756296485569 0.06034754002193458 11.51370995372507 
1 0.05042694282885905 11.572457963591157 0.040728161342858324 20.800656172834344 0.06947747765336362 3.658404385777517 0.06022381353529671 7.150661938291643 
3 0.050770834475166796 22.759027142722847 0.04134227154364166 38.19644903797479 0.06957568174118581 6.785455671884168 0.060406007273985485 13.585994285104693 
1 0.05032708970019695 8.896443674003951 0.04054730947553913 14.968905879788585 0.06943768593527541 2.6022660061573206 0.060171969427175974 5.246237673900009 
3 0.050762397145404425 22.071472998706007 0.041327386934695245 36.51082488670531 0.06957358963268252 6.717969956461988 0.06040189676325839 13.432880474881381 
2 0.05058985545997132 17.10811983865958 0.04102098128425535 28.902131208812698 0.06952491352839416 5.15809352839519 0.06031059338971919 10.216004832317301 
3 0.050856811641647515 25.348270260701355 0.04149554065680204 44.31830586584353 0.06959962893057374 7.563070470238078 0.06045096490930331 15.204776925011695 
3 0.05081237142614239 23.544150161642808 0.041415484422109065 40.52131220481706 0.06958763577367728 7.1710159738724 0.06042816840061086 14.367559671846994 
2 0.050606202037993916 17.625066780145335 0.041050312502156086 30.176831304098595 0.06952954105572559 5.30549888633408 0.060319257070668694 10.520470703009 
4 0.05094603424437588 28.202312316018634 0.04164927950780087 49.07423161556301 0.0696242632920248 8.368264226503149 0.06049701726235547 16.87648805265585 
1 0.050425180345570496 11.965978358968366 0.04072636743557601 20.75237525599799 0.06947702001263008 3.649554972350193 0.0602232978943136 7.128901318552001 
1 0.05025598490831919 6.656763345699517 0.0404133071232583 11.561847399012311 0.06942472286742343 1.663260120895168 0.06013396143611353 3.9138385996544223 
3 0.05070974354356972 20.85624723419525 0.041234290495402955 36.19876063790611 0.06955834594413327 6.229719744004952 0.060373633467138456 12.445955119297683 
4 0.051011640733139775 30.394708176828182 0.04176384288834397 50.32660607643247 0.06964277519214304 8.974479567669102 0.060531255053411524 18.118760505113293 
3 0.05084823047406255 24.44542225374275 0.04147743958929702 41.8173726859352 0.06959734682708278 7.48725248851647 0.060446541090607916 15.034589874353298 
4 0.050928485712958896 27.76164240576357 0.04161922138924566 47.50454888335518 0.06961971793411265 8.219041788461462 0.06048835153629484 16.551899259622353 
4 0.05100991613210689 30.33910280563159 0.04176108489695894 51.22619481080593 0.06964274754037561 8.975229787415746 0.060530939593277544 18.09753819476477 
1 0.0503345277674376 9.129209736976817 0.040561143756375394 15.608002036872852 0.06943899762136703 2.6775072296203772 0.06017594055568565 5.386604192635707 
1 0.0502647428357332 6.933679595064167 0.04042992703945876 12.056019183083503 0.06942706381931131 1.8259265475279267 0.060138435050027486 4.072402373311666 
2 0.0505400937862561 15.561978791142721 0.04093236634853993 27.471046332899665 0.06951082207243557 4.705931851404782 0.06028413906341636 9.282725437798732 
2 0.050612280677318024 17.81511508273062 0.041061610527549815 31.32914648710125 0.06953124387517978 5.36080465816578 0.06032247170553673 10.635005442253435 
3 0.05069702790909578 20.441082105560234 0.041211455964624756 34.55824618313564 0.06955499279488102 6.120267567108576 0.06036713453569875 12.20733073014859 
4 0.05098438695246531 29.520784175563865 0.04171469898598229 49.94938102987295 0.0696346561009908 8.710955895282115 0.06051656097603593 17.595283494554046 
2 0.05057913097691238 16.78047903026998 0.04100229409833169 28.87033597560396 0.06952165068598902 5.052917506304231 0.060304734208013036 10.015046150073655 
4 0.05088404459486038 26.354711069701427 0.04154177443047076 45.26432533012861 0.06960717661441423 7.809086698955747 0.060465052887275064 15.71186412864993 
2 0.05047105993929908 13.36076588339023 0.040808587600690574 23.594910019447962 0.0694910059354038 4.072640760674256 0.060247294508049776 7.9880615469807905 
4 0.050980731749616225 29.404091785561036 0.0417094234186793 48.03937953689973 0.06963360636634541 8.674186395565892 0.06051465387882813 17.52511824059845 
3 0.050814445189743554 24.115044780163522 0.04141885563666357 41.06351506647912 0.06958813564942809 7.188592541757844 0.06042915539803202 14.404533027663012 
3 0.05070295865089073 20.627629362564903 0.041222133643547924 35.69994627284642 0.0695566452340595 6.174651738651451 0.06037024429258003 12.319023890746063 
2 0.050635700616627255 18.486744822829053 0.04110217553156366 30.52731755837714 0.06953800156799592 5.575767113961797 0.060335013690413386 11.06768954250713 
