3 0.05076828971505165 22.67738151550293 0.04133733734488487 38.633941650390625 0.06957489252090454 6.761943817138672 0.06040460988879204 13.53857421875
1 0.050370827317237854 10.250016212463379 0.04062728211283684 17.924827575683594 0.06945285946130753 3.0779130458831787 0.06019530072808266 6.089879512786865
3 0.05074041709303856 21.80061912536621 0.04128872975707054 38.10436248779297 0.06956737488508224 6.518866062164307 0.06039029359817505 13.022072792053223
4 0.0510358028113842 31.094409942626953 0.04180426523089409 53.938941955566406 0.0696500614285469 9.21658992767334 0.06054443120956421 18.589462280273438
3 0.050752200186252594 21.509479522705078 0.041309405118227005 38.77421188354492 0.06957071274518967 6.625450611114502 0.060396526008844376 13.242077827453613
2 0.050540491938591 15.574433326721191 0.04093309864401817 26.715543746948242 0.06951093673706055 4.710084915161133 0.06028434634208679 9.29052734375
3 0.050709936767816544 20.862228393554688 0.04123365506529808 34.94525909423828 0.06955820322036743 6.2243146896362305 0.06037349998950958 12.44530200958252
3 0.050711214542388916 20.902523040771484 0.041236523538827896 34.85783386230469 0.06955845654010773 6.233224391937256 0.06037416681647301 12.470342636108398
1 0.05038876831531525 10.816248893737793 0.04065991938114166 19.246774673461914 0.06946124136447906 3.279916763305664 0.060204703360795975 6.437860488891602
4 0.051000334322452545 30.036670684814453 0.04174329712986946 49.33834457397461 0.06963958591222763 8.869847297668457 0.0605253130197525 17.902902603149414
4 0.05089813843369484 26.73610496520996 0.041565243154764175 46.4562873840332 0.06961075216531754 7.9265055656433105 0.06047200411558151 15.971619606018066
2 0.05064697563648224 18.88698959350586 0.04112282022833824 32.571598052978516 0.06954113394021988 5.67721700668335 0.06034093722701073 11.2779541015625
3 0.05068638548254967 20.12828826904297 0.04119265824556351 34.564090728759766 0.06955178081989288 6.017789363861084 0.0603613518178463 12.011722564697266
3 0.05086120218038559 24.842439651489258 0.041500870138406754 43.471439361572266 0.06960135698318481 7.618642330169678 0.06045376881957054 15.286253929138184
4 0.05097321420907974 29.166004180908203 0.04169780761003494 48.97901916503906 0.06963282823562622 8.647860527038574 0.060512274503707886 17.407182693481445
4 0.05091385543346405 26.468896865844727 0.04159275069832802 47.4268684387207 0.06961561739444733 8.083841323852539 0.06048073619604111 16.274980545043945
1 0.05040281265974045 11.259079933166504 0.04068542644381523 19.91008949279785 0.06946754455566406 3.426429271697998 0.0602119117975235 6.706198215484619
4 0.050984740257263184 29.531545639038086 0.041718218475580215 50.018001556396484 0.06963609158992767 8.754725456237793 0.06051833555102348 17.62632942199707
4 0.0510355681180954 31.145904541015625 0.04180682823061943 53.87451171875 0.06965001672506332 9.213896751403809 0.060544297099113464 18.584505081176758
3 0.050709743052721024 20.856246948242188 0.04123429208993912 36.198760986328125 0.06955834478139877 6.229719638824463 0.06037363409996033 12.445955276489258
2 0.05063531547784805 18.527217864990234 0.04110189899802208 32.01674270629883 0.06953777372837067 5.569714546203613 0.060334719717502594 11.064104080200195
1 0.05045992136001587 13.006263732910156 0.040788695216178894 21.82904624938965 0.06948781758546829 3.9704017639160156 0.06024141237139702 7.781001091003418
1 0.050336990505456924 9.205881118774414 0.04056566581130028 16.033279418945312 0.06943951547145844 2.7027151584625244 0.06017725542187691 5.4332146644592285
2 0.050575610250234604 16.622459411621094 0.04099556803703308 28.832937240600586 0.06952089816331863 5.028467178344727 0.06030304729938507 9.948625564575195
4 0.05092233046889305 26.154708862304688 0.04160701483488083 46.510746002197266 0.06961799412965775 8.161410331726074 0.06048513576388359 16.434303283691406
1 0.05041196197271347 11.50332260131836 0.04070237651467323 20.525161743164062 0.06947199255228043 3.516305685043335 0.060216374695301056 6.881385326385498
4 0.05096418038010597 28.275287628173828 0.04167982563376427 48.896018981933594 0.06962940096855164 8.535985946655273 0.06050655618309975 17.218961715698242
1 0.05025816708803177 6.725522518157959 0.040417540818452835 11.690967559814453 0.06942533701658249 1.6801356077194214 0.06013510376214981 3.953338384628296
1 0.05026718229055405 7.009593486785889 0.040434543043375015 12.184033393859863 0.06942769140005112 1.8463636636734009 0.0601397380232811 4.116793155670166
4 0.050999730825424194 29.106155395507812 0.04174302890896797 49.78433609008789 0.06964032351970673 8.894326210021973 0.060526154935359955 17.91142463684082
3 0.050773780792951584 22.85378074645996 0.0413476899266243 37.96411895751953 0.0695761889219284 6.803272724151611 0.06040717288851738 13.637080192565918
2 0.050581324845552444 16.84847068786621 0.04100598394870758 29.51259422302246 0.06952239573001862 5.077516555786133 0.060305945575237274 10.054707527160645
1 0.05028429999947548 7.554044723510742 0.0404670424759388 13.148810386657715 0.06943155080080032 2.080420970916748 0.060148727148771286 4.433728218078613
1 0.05045938119292259 13.026629447937012 0.04078763723373413 22.980478286743164 0.06948767602443695 3.9657421112060547 0.060241132974624634 7.769326210021973
3 0.05076604336500168 22.6086368560791 0.04133380204439163 39.550926208496094 0.06957456469535828 6.75035285949707 0.06040378287434578 13.50153636932373
2 0.0504726767539978 13.418051719665527 0.0408114455640316 23.23164939880371 0.06949148327112198 4.0889434814453125 0.060248177498579025 8.018621444702148
1 0.05029905587434769 7.842874050140381 0.040494438260793686 13.944101333618164 0.06943374127149582 2.311535596847534 0.06015685573220253 4.716203689575195
3 0.05073050037026405 21.498674392700195 0.041270606219768524 36.28384780883789 0.06956425309181213 6.417906284332275 0.06038474664092064 12.831947326660156
1 0.050368476659059525 10.178107261657715 0.04062318056821823 17.91747283935547 0.06945186108350754 3.0522847175598145 0.06019404157996178 6.043951988220215
4 0.050978463143110275 29.27477264404297 0.04170536622405052 47.974361419677734 0.069633848965168 8.681214332580566 0.06051449477672577 17.496984481811523
1 0.05041174963116646 11.520490646362305 0.04070156440138817 20.50920295715332 0.06947147101163864 3.515004873275757 0.06021634489297867 6.874869346618652
1 0.050385601818561554 10.716913223266602 0.040654268115758896 19.07652473449707 0.06945968419313431 3.2450833320617676 0.06020306050777435 6.376457691192627
4 0.05105402320623398 30.770660400390625 0.041835833340883255 52.44729232788086 0.06965526193380356 9.386280059814453 0.06055397912859917 18.935649871826172
4 0.05088726431131363 26.457168579101562 0.04154794663190842 46.00539779663086 0.06960809230804443 7.838572025299072 0.06046675145626068 15.772942543029785
2 0.050622206181287766 18.131162643432617 0.04107866436243057 30.992963790893555 0.06953400373458862 5.448943138122559 0.060327693819999695 10.818921089172363
4 0.05089736357331276 25.967439651489258 0.0415639653801918 45.36509323120117 0.06961056590080261 7.918511390686035 0.06047162786126137 15.955835342407227
1 0.05038297176361084 10.625340461730957 0.040649473667144775 18.929521560668945 0.06945843994617462 3.2166008949279785 0.06020165979862213 6.3249735832214355
1 0.05043257772922516 12.181447982788086 0.04073923081159592 21.39325714111328 0.0694798156619072 3.719038963317871 0.06022702902555466 7.265915393829346
3 0.050669167190790176 19.59923553466797 0.04116284102201462 34.19810485839844 0.0695471540093422 5.870395660400391 0.060352493077516556 11.694517135620117
2 0.050542522221803665 15.639370918273926 0.04093673452734947 27.563232421875 0.06951147317886353 4.728564262390137 0.06028539314866066 9.329309463500977
1 0.05039958655834198 11.1581392288208 0.04067961499094963 19.384695053100586 0.06946612894535065 3.3929200172424316 0.060210272669792175 6.644118785858154
3 0.05069975554943085 20.52630043029785 0.041216570883989334 35.53505325317383 0.06955574452877045 6.145673751831055 0.060368556529283524 12.259374618530273
3 0.05067929998040199 19.895658493041992 0.04118014872074127 33.84724044799805 0.06955022364854813 5.968265056610107 0.060358017683029175 11.880413055419922
1 0.05032407119870186 8.801399230957031 0.04054185375571251 15.330178260803223 0.06943698227405548 2.5737626552581787 0.06017033010721207 5.1901774406433105
4 0.05090852826833725 27.123394012451172 0.04158543795347214 46.752140045166016 0.06961404532194138 8.032931327819824 0.060477860271930695 16.174165725708008
1 0.05037197470664978 10.287542343139648 0.04062943533062935 18.326133728027344 0.06945347040891647 3.0958189964294434 0.06019589677453041 6.112224102020264
3 0.05071583762764931 21.055349349975586 0.04124502092599869 36.65739059448242 0.06956002861261368 6.283725738525391 0.06037681922316551 12.558695793151855
2 0.05062028393149376 18.071142196655273 0.04107506945729256 31.654476165771484 0.06953347474336624 5.431215763092041 0.06032669544219971 10.782240867614746
1 0.050336774438619614 9.199383735656738 0.04056531935930252 16.023452758789062 0.06943947821855545 2.700348138809204 0.06017713621258736 5.429270267486572
3 0.05076940730214119 22.71506118774414 0.041339218616485596 39.68710708618164 0.06957495212554932 6.763474941253662 0.06040487810969353 13.554841995239258
3 0.05079687386751175 22.41048812866211 0.041388608515262604 40.14751434326172 0.06958324462175369 7.030229091644287 0.06042001023888588 14.078240394592285
2 0.05048048123717308 13.648897171020508 0.04082578793168068 24.237573623657227 0.06949370354413986 4.158842086791992 0.06025228649377823 8.163768768310547
3 0.05083673447370529 24.79741668701172 0.04145903140306473 42.538482666015625 0.06959400326013565 7.379362106323242 0.0604405552148819 14.829329490661621
1 0.050405703485012054 11.271245956420898 0.04069152846932411 19.006954193115234 0.06946861743927002 3.4548580646514893 0.06021343544125557 6.76600456237793
1 0.0503002405166626 8.053086280822754 0.04049710929393768 14.02151870727539 0.06943359225988388 2.3064897060394287 0.060157451778650284 4.739216327667236
1 0.050309717655181885 8.353007316589355 0.040514785796403885 14.22825813293457 0.06943526118993759 2.431291103363037 0.06016268953680992 4.9186248779296875
4 0.0510270893573761 30.87819480895996 0.04178985580801964 52.242156982421875 0.06964705139398575 9.11697006225586 0.060539279133081436 18.41413688659668
1 0.05042090266942978 11.58276653289795 0.040718283504247665 20.042804718017578 0.06947533786296844 3.608534336090088 0.060221124440431595 7.049398899078369
2 0.0504947267472744 14.064236640930176 0.04085152596235275 25.008270263671875 0.06949778646230698 4.288044452667236 0.06026006489992142 8.436999320983887
2 0.05047021433711052 13.360307693481445 0.040807612240314484 23.166027069091797 0.0694907084107399 4.062222480773926 0.06024695187807083 7.976192474365234
1 0.050332896411418915 9.08149242401123 0.040558088570833206 14.830822944641113 0.06943865120410919 2.660306215286255 0.06017504259943962 5.356601238250732
1 0.05032879114151001 8.949966430664062 0.04055040329694748 15.282377243041992 0.0694379210472107 2.6194701194763184 0.060172874480485916 5.278619289398193
3 0.05083597078919411 23.542816162109375 0.041455913335084915 42.2510986328125 0.06959386169910431 7.375584602355957 0.06044010445475578 14.806251525878906
1 0.050342872738838196 9.359018325805664 0.04057629033923149 16.338960647583008 0.06944097578525543 2.7647287845611572 0.06018039211630821 5.5448150634765625
1 0.05045966058969498 13.008584022521973 0.04078816995024681 22.884078979492188 0.06948776543140411 3.9685826301574707 0.06024128943681717 7.774565696716309
3 0.05082687735557556 24.418272018432617 0.041441358625888824 41.7433967590332 0.06959132850170135 7.292612552642822 0.060435324907302856 14.634828567504883
2 0.05057287588715553 16.258487701416016 0.04099143296480179 28.559356689453125 0.06952012330293655 5.004941940307617 0.06030157580971718 9.89908218383789
3 0.050864327698946 25.1170597076416 0.04150771722197533 43.78578567504883 0.06960207968950272 7.6422295570373535 0.06045538932085037 15.354246139526367
1 0.05037125200033188 10.262127876281738 0.04062796011567116 18.292306900024414 0.06945310533046722 3.0874505043029785 0.06019547954201698 6.097042560577393
3 0.050681695342063904 19.96261978149414 0.041184309870004654 33.61772537231445 0.06955069303512573 5.982367038726807 0.060359057039022446 11.921648979187012
3 0.050756677985191345 21.646913528442383 0.04131713882088661 38.99889373779297 0.06957168132066727 6.656692981719971 0.06039854884147644 13.321237564086914
3 0.05071045085787773 20.878511428833008 0.04123528674244881 36.535316467285156 0.0695585235953331 6.235476493835449 0.060374002903699875 12.459293365478516
4 0.05087193101644516 25.895090103149414 0.04152119904756546 45.27233123779297 0.06960389763116837 7.701652526855469 0.0604589581489563 15.491836547851562
3 0.05076219514012337 22.44278335571289 0.04132748767733574 36.373321533203125 0.06957336515188217 6.710732936859131 0.060401737689971924 13.4343900680542
2 0.0505027212202549 14.357586860656738 0.04086640104651451 24.860754013061523 0.06949996948242188 4.358404636383057 0.060264311730861664 8.591038703918457
1 0.05028429999947548 7.554044723510742 0.0404670424759388 13.148810386657715 0.06943155080080032 2.080420970916748 0.060148727148771286 4.433728218078613
3 0.0507376603782177 21.717222213745117 0.041283704340457916 37.95633316040039 0.06956659257411957 6.493834495544434 0.06038883700966835 12.970342636108398
4 0.050930529832839966 27.818368911743164 0.0416230708360672 48.25307083129883 0.06962072849273682 8.251009941101074 0.06048991531133652 16.597774505615234
2 0.05064259096980095 18.764284133911133 0.041114918887615204 32.12346649169922 0.06953979283571243 5.634831428527832 0.06033853441476822 11.198875427246094
4 0.050917353481054306 26.57625389099121 0.04159935563802719 45.98188781738281 0.06961657851934433 8.11618709564209 0.060482531785964966 16.341920852661133
2 0.050644975155591965 18.82053565979004 0.04111885279417038 32.2364501953125 0.06954040378332138 5.65405797958374 0.060339681804180145 11.238611221313477
3 0.050745610147714615 21.971031188964844 0.041297513991594315 36.49856185913086 0.06956857442855835 6.557025909423828 0.06039270758628845 13.113835334777832
4 0.05092838779091835 27.755544662475586 0.04161985218524933 48.19841384887695 0.06961968541145325 8.217865943908691 0.060488261282444 16.55027198791504
3 0.05071801319718361 20.673532485961914 0.041248004883527756 36.9705924987793 0.06956063210964203 6.303252696990967 0.06037796661257744 12.5991849899292
4 0.05096649378538132 28.839181900024414 0.04168522357940674 47.75421142578125 0.06963048130273819 8.57015323638916 0.06050824373960495 17.27028465270996
2 0.050578877329826355 16.762290954589844 0.04100140184164047 28.59478187561035 0.06952183693647385 5.058655738830566 0.06030479818582535 10.010466575622559
1 0.050382599234580994 10.612462997436523 0.04064878821372986 18.222707748413086 0.0694582611322403 3.21248197555542 0.060201458632946014 6.317574977874756
2 0.050600599497556686 17.444063186645508 0.0410403236746788 30.70461654663086 0.06952796131372452 5.255310535430908 0.06031631678342819 10.417098045349121
3 0.050717923790216446 21.121192932128906 0.0412479005753994 34.98451232910156 0.06956063210964203 6.302237033843994 0.06037794053554535 12.597040176391602
4 0.05101781710982323 30.58888053894043 0.041773464530706406 51.74781799316406 0.06964442878961563 9.031041145324707 0.060534439980983734 18.2374267578125
2 0.05047173798084259 13.37122631072998 0.040809523314237595 23.75752830505371 0.0694911926984787 4.078171730041504 0.060247596353292465 7.99643611907959
3 0.050764139741659164 22.503156661987305 0.041331153362989426 38.48140335083008 0.06957386434078217 6.728247165679932 0.06040272116661072 13.471055030822754
4 0.05087703838944435 26.135175704956055 0.04152939096093178 45.40766525268555 0.06960519403219223 7.744876861572266 0.06046139821410179 15.58025074005127
3 0.05069095641374588 20.226308822631836 0.041200924664735794 34.10715866088867 0.06955325603485107 6.065807819366455 0.060364022850990295 12.101377487182617
3 0.05073285847902298 21.56129264831543 0.041275203227996826 36.37364959716797 0.06956490129232407 6.439290523529053 0.06038597226142883 12.876527786254883
3 0.05079411342740059 22.327627182006836 0.041382402181625366 40.02742385864258 0.06958191841840744 6.988955974578857 0.06041790544986725 14.018418312072754
1 0.05045636370778084 12.905631065368652 0.040782224386930466 21.63685417175293 0.06948690861463547 3.9412636756896973 0.06023962050676346 7.713250637054443
3 0.05072028189897537 21.194982528686523 0.04125280678272247 36.80865478515625 0.06956148892641068 6.330948352813721 0.06037943437695503 12.646075248718262
2 0.05061142146587372 17.788270950317383 0.041059788316488266 31.23933219909668 0.06953097879886627 5.352591037750244 0.060322005301713943 10.618742942810059
4 0.05098457634449005 29.526716232299805 0.041717443615198135 50.00817108154297 0.06963606178760529 8.754339218139648 0.06051824614405632 17.62356948852539
2 0.05049580708146095 14.15377140045166 0.04085312783718109 25.050390243530273 0.06949815899133682 4.302207946777344 0.06026054546236992 8.453387260437012
3 0.050679612904787064 19.53516387939453 0.04118062183260918 34.118873596191406 0.06954986602067947 5.95772123336792 0.06035776808857918 11.886320114135742
3 0.05085499584674835 24.653200149536133 0.041490938514471054 42.480491638183594 0.06959963589906693 7.5608320236206055 0.06045055016875267 15.168562889099121
3 0.050710663199424744 20.88499641418457 0.04123543202877045 36.574378967285156 0.06955858319997787 6.237408638000488 0.06037411093711853 12.463038444519043
1 0.05029349774122238 7.845096111297607 0.040484655648469925 13.652715682983398 0.06943278759717941 2.2268941402435303 0.06015383079648018 4.611030101776123
4 0.05098812282085419 28.751296997070312 0.04172230511903763 49.0346794128418 0.06963659077882767 8.77217960357666 0.06051954627037048 17.6816349029541
2 0.050600916147232056 17.453990936279297 0.041041094809770584 30.73248863220215 0.06952802836894989 5.257937908172607 0.06031643599271774 10.42297649383545
1 0.0504128560423851 11.565444946289062 0.04070373624563217 20.55488395690918 0.06947195529937744 3.52811598777771 0.060217007994651794 6.8960723876953125
2 0.05065234750509262 19.07345199584961 0.04113220423460007 33.42390823364258 0.06954243034124374 5.719286918640137 0.060343604534864426 11.380377769470215
4 0.05088891088962555 25.704435348510742 0.041550200432538986 46.12367248535156 0.06960824131965637 7.8428955078125 0.060467250645160675 15.79828929901123
1 0.05031635984778404 8.560120582580566 0.04052754119038582 14.913007736206055 0.06943617016077042 2.496044635772705 0.060166217386722565 5.043755531311035
2 0.05052027106285095 14.940712928771973 0.040897008031606674 25.779321670532227 0.06950519233942032 4.526941776275635 0.060273587703704834 8.911005973815918
2 0.050597816705703735 17.363941192626953 0.041035182774066925 30.571001052856445 0.06952715665102005 5.230307579040527 0.06031480059027672 10.364972114562988
2 0.050588734447956085 17.072242736816406 0.04101942107081413 28.656620025634766 0.0695246160030365 5.147554874420166 0.06031002104282379 10.194503784179688
2 0.05052433907985687 15.034523010253906 0.04090433567762375 25.063764572143555 0.06950629502534866 4.561535358428955 0.06027570366859436 8.988316535949707
1 0.05027208477258682 7.165525436401367 0.040443867444992065 12.372160911560059 0.0694289579987526 1.9305105209350586 0.06014227122068405 4.206111907958984
4 0.05093324929475784 27.849618911743164 0.0416288897395134 48.209991455078125 0.06962146610021591 8.276622772216797 0.06049129366874695 16.650327682495117
2 0.05056412145495415 16.29582977294922 0.040975186973810196 28.7325439453125 0.06951763480901718 4.924813270568848 0.06029684469103813 9.730015754699707
4 0.05092937871813774 27.78160858154297 0.04162140563130379 46.24195098876953 0.06962040811777115 8.240001678466797 0.060489289462566376 16.575090408325195
1 0.05034816265106201 9.557170867919922 0.04058598726987839 16.618967056274414 0.06944280117750168 2.8218283653259277 0.06018321216106415 5.646389007568359
3 0.05071428790688515 20.982177734375 0.04124189540743828 34.987274169921875 0.06955981999635696 6.275360584259033 0.06037622690200806 12.528977394104004
3 0.05069255828857422 20.310670852661133 0.04120323434472084 35.15290069580078 0.06955369561910629 6.07995080947876 0.0603647418320179 12.124159812927246
4 0.05092015489935875 26.661460876464844 0.04160527139902115 47.75090026855469 0.0696173906326294 8.14254093170166 0.06048399955034256 16.394573211669922
3 0.05077223852276802 22.806610107421875 0.04134364053606987 38.41928482055664 0.06957628577947617 6.806398391723633 0.06040704995393753 13.617513656616211
1 0.050436705350875854 12.315966606140137 0.040746983140707016 21.862998962402344 0.06948118656873703 3.7590508460998535 0.060229234397411346 7.345527172088623
4 0.050904061645269394 26.981136322021484 0.04157638177275658 45.9129524230957 0.06961280852556229 7.99220609664917 0.060475535690784454 16.089080810546875
3 0.05085955187678337 24.791667938232422 0.04149854928255081 43.43620681762695 0.0696009024977684 7.603231430053711 0.060452885925769806 15.25430965423584
4 0.05096475034952164 28.89801597595215 0.04168163239955902 49.874595642089844 0.069629967212677 8.554387092590332 0.060507357120513916 17.23814582824707
2 0.050593141466379166 16.831567764282227 0.04102745279669762 29.60072135925293 0.06952586024999619 5.188565254211426 0.06031235679984093 10.278555870056152
2 0.05058540776371956 16.970422744750977 0.04101349413394928 28.40582275390625 0.06952368468046188 5.118030071258545 0.060308247804641724 10.132537841796875
1 0.050304219126701355 8.178462982177734 0.040504634380340576 14.239948272705078 0.06943424791097641 2.375864267349243 0.0601595900952816 4.814585208892822
4 0.05099256709218025 28.88882064819336 0.04173077270388603 50.045440673828125 0.06963729858398438 8.795738220214844 0.06052124872803688 17.75731086730957
4 0.05089052766561508 25.20248031616211 0.04155192896723747 45.016483306884766 0.06960899382829666 7.867851257324219 0.06046847626566887 15.833588600158691
2 0.05047043040394783 13.378929138183594 0.04080728814005852 22.774295806884766 0.0694909542798996 4.070478916168213 0.060247085988521576 7.975259780883789
2 0.05062325671315193 18.142812728881836 0.04108113795518875 31.872024536132812 0.06953451782464981 5.465046405792236 0.06032842397689819 10.836904525756836
2 0.05051884055137634 14.896109580993652 0.04089462012052536 26.10406494140625 0.0695047676563263 4.512719631195068 0.060272812843322754 8.88501262664795
1 0.05034570023417473 9.478751182556152 0.040581341832876205 16.47780418395996 0.06944184750318527 2.795640230178833 0.06018189340829849 5.598686695098877
1 0.05035568028688431 9.754410743713379 0.04059966281056404 17.04222869873047 0.06944624334573746 2.906466007232666 0.060187216848134995 5.794910430908203
1 0.05044834315776825 12.665144920349121 0.040768012404441833 21.971256256103516 0.06948443502187729 3.861814498901367 0.06023528799414635 7.565459728240967
3 0.050701308995485306 20.572982788085938 0.041218485683202744 36.084171295166016 0.06955617666244507 6.158642768859863 0.06036936864256859 12.287101745605469
3 0.050726231187582016 20.739091873168945 0.04126371070742607 36.511695861816406 0.0695628672838211 6.374663352966309 0.060382306575775146 12.753665924072266
4 0.05092370882630348 27.551191329956055 0.041609734296798706 46.5972785949707 0.0696183517575264 8.174759864807129 0.060485851019620895 16.462060928344727
4 0.05096502602100372 28.903526306152344 0.0416836142539978 50.096553802490234 0.06963002681732178 8.557220458984375 0.06050746515393257 17.24420738220215
4 0.05104760825634003 30.572147369384766 0.04182694852352142 54.570953369140625 0.0696534737944603 9.326601028442383 0.06055065989494324 18.81463623046875
2 0.050637368112802505 18.6053466796875 0.041106343269348145 32.664024353027344 0.06953826546669006 5.5853400230407715 0.060335710644721985 11.101557731628418
1 0.05044787749648094 12.633519172668457 0.04076677933335304 22.480934143066406 0.06948434561491013 3.8593666553497314 0.060235001146793365 7.553357124328613
4 0.050919100642204285 26.5765323638916 0.041603170335292816 46.41489791870117 0.06961707770824432 8.132331848144531 0.06048344820737839 16.37470817565918
1 0.050440460443496704 12.444332122802734 0.04075358062982559 21.550357818603516 0.06948229670524597 3.7936806678771973 0.06023118272423744 7.415251731872559
2 0.05055339261889458 15.977694511413574 0.04095591977238655 27.00242042541504 0.06951459497213364 4.827112674713135 0.060291215777397156 9.532305717468262
2 0.050473835319280624 13.40907096862793 0.04081392660737038 22.77400779724121 0.06949180364608765 4.097477436065674 0.06024874001741409 8.038453102111816
2 0.050496507436037064 14.11371898651123 0.04085415601730347 24.37750816345215 0.06949836760759354 4.308286666870117 0.060260891914367676 8.464879989624023
2 0.05061439424753189 17.888580322265625 0.041065141558647156 30.712886810302734 0.06953179836273193 5.378521919250488 0.06032354384660721 10.673110961914062
4 0.05101727321743965 29.637123107910156 0.041773565113544464 52.95443344116211 0.06964481621980667 9.043251037597656 0.0605347603559494 18.236743927001953
4 0.05098650977015495 29.588823318481445 0.04172006994485855 51.306488037109375 0.06963611394166946 8.756379127502441 0.06051872298121452 17.651601791381836
2 0.050533976405858994 15.371993064880371 0.04092143848538399 25.63045883178711 0.06950907409191132 4.650358200073242 0.060280878096818924 9.168550491333008
1 0.050278935581445694 7.381782054901123 0.04045684263110161 12.844404220581055 0.06943050771951675 2.033144474029541 0.06014586612582207 4.331984519958496
2 0.05060886964201927 17.715368270874023 0.0410551019012928 31.126054763793945 0.06953024119138718 5.328936576843262 0.06032061204314232 10.570110321044922
2 0.050608981400728226 17.7191219329834 0.04105537012219429 31.014333724975586 0.06953008472919464 5.324138641357422 0.06032044067978859 10.569718360900879
2 0.05046362802386284 13.169482231140137 0.04079536348581314 23.299787521362305 0.06948898732662201 4.007472991943359 0.060243479907512665 7.848901748657227
3 0.05077522248029709 22.849069595336914 0.041350096464157104 39.64523696899414 0.0695769190788269 6.82598876953125 0.060408301651477814 13.668416023254395
1 0.050355177372694016 9.77758502960205 0.04059874638915062 17.003013610839844 0.06944569945335388 2.898066759109497 0.06018698588013649 5.783222198486328
2 0.05049698054790497 14.162830352783203 0.04085519164800644 24.179359436035156 0.06949852406978607 4.312629699707031 0.06026117131114006 8.473498344421387
1 0.05030999705195427 8.364927291870117 0.04051532596349716 14.555412292480469 0.069435253739357 2.4333322048187256 0.06016280874609947 4.924589157104492
3 0.05068662017583847 20.135658264160156 0.04119298234581947 35.30677032470703 0.06955181062221527 6.020397186279297 0.06036143749952316 12.01697063446045
4 0.05100471153855324 30.172611236572266 0.04175069183111191 49.84016036987305 0.06964004039764404 8.885247230529785 0.06052669882774353 17.971580505371094
4 0.05097758024930954 29.30352020263672 0.04170401766896248 48.28911209106445 0.06963356584310532 8.6728515625 0.060514021664857864 17.482040405273438
3 0.05074073001742363 21.812192916870117 0.041289083659648895 37.69599533081055 0.0695674940943718 6.521509170532227 0.060390494763851166 13.0272855758667
1 0.05031730607151985 8.588769912719727 0.040529195219278336 14.95794677734375 0.06943625956773758 2.5054209232330322 0.060166724026203156 5.061596393585205
2 0.05048119276762009 13.672597885131836 0.04082724079489708 23.045351028442383 0.06949392706155777 4.164980411529541 0.06025267392396927 8.17625617980957
3 0.05078401044011116 23.172578811645508 0.041366398334503174 40.470664978027344 0.06957907229661942 6.894862174987793 0.06041256710886955 13.827157020568848
2 0.050654053688049316 19.055383682250977 0.04113501310348511 31.975107192993164 0.06954317539930344 5.741538047790527 0.06034475192427635 11.410407066345215
1 0.050345279276371 9.46552562713623 0.040580689907073975 16.47410011291504 0.06944171339273453 2.791161060333252 0.060181669890880585 5.590827941894531
4 0.050988323986530304 28.75726318359375 0.0417228639125824 49.646484375 0.06963630020618439 8.761972427368164 0.06051918491721153 17.678409576416016
3 0.05078332498669624 23.05228042602539 0.04136408865451813 39.494380950927734 0.06957942247390747 6.907482624053955 0.060412872582674026 13.824889183044434
3 0.0508628785610199 25.592945098876953 0.04150514677166939 44.75001907348633 0.06960161030292511 7.627760410308838 0.06045455485582352 15.326620101928711
2 0.05056729167699814 16.369298934936523 0.0409812405705452 28.600133895874023 0.06951851397752762 4.953710079193115 0.06029856950044632 9.793355941772461
3 0.05082004889845848 24.309722900390625 0.04142870008945465 41.313743591308594 0.06958941370248795 7.230766296386719 0.06043175980448723 14.506975173950195
3 0.05070893093943596 20.830644607543945 0.04123203083872795 35.75141906738281 0.06955813616514206 6.222052574157715 0.060373228043317795 12.43023681640625
4 0.050984468311071396 28.908857345581055 0.041715558618307114 48.95378494262695 0.06963510811328888 8.723287582397461 0.0605170801281929 17.602712631225586
2 0.05057458579540253 16.635976791381836 0.04099396616220474 29.298866271972656 0.06952059268951416 5.020160675048828 0.060302477329969406 9.930562973022461
1 0.0504554845392704 12.89289665222168 0.04078039899468422 22.00025749206543 0.06948656588792801 3.9300551414489746 0.06023907661437988 7.6964874267578125
4 0.05089423805475235 25.871408462524414 0.04155934974551201 46.345542907714844 0.06961005181074142 7.901982307434082 0.06047041341662407 15.903897285461426
3 0.05072486400604248 21.32169532775879 0.041260726749897 36.43467330932617 0.06956274062395096 6.371068000793457 0.060381725430488586 12.726325035095215
3 0.05076220631599426 22.492849349975586 0.04132680967450142 38.3557243347168 0.06957352161407471 6.7159600257873535 0.060401801019907 13.429097175598145
3 0.05082852020859718 23.8361873626709 0.04144344478845596 41.793575286865234 0.06959179043769836 7.308308124542236 0.0604361928999424 14.666267395019531
4 0.050889935344457626 25.184110641479492 0.04155178368091583 44.92351531982422 0.06960885971784592 7.862250804901123 0.06046818196773529 15.822381973266602
4 0.05105658248066902 31.812179565429688 0.04184096306562424 52.24462890625 0.06965601444244385 9.410691261291504 0.06055533513426781 18.985090255737305
3 0.050713878124952316 20.968994140625 0.04124118387699127 35.82973098754883 0.06955967843532562 6.271644592285156 0.06037598103284836 12.521415710449219
4 0.050913255661726 26.449913024902344 0.04159246385097504 47.416160583496094 0.06961546838283539 8.078631401062012 0.06048043072223663 16.26406478881836
1 0.05026918277144432 7.076716423034668 0.04043842479586601 12.297903060913086 0.06942816823720932 1.8630778789520264 0.06014077365398407 4.154492378234863
1 0.05036615952849388 10.092141151428223 0.04061869531869888 17.246826171875 0.06945078074932098 3.020880699157715 0.0601927787065506 5.9981489181518555
3 0.05072290822863579 20.633499145507812 0.041257716715335846 37.185760498046875 0.06956201791763306 6.3476691246032715 0.060380563139915466 12.69169807434082
3 0.050808947533369064 23.95965003967285 0.041407957673072815 40.8148307800293 0.0695866048336029 7.139776706695557 0.06042634695768356 14.30457878112793
3 0.05067972466349602 19.538522720336914 0.04118112474679947 34.127254486083984 0.06955011934041977 5.965253829956055 0.06035810336470604 11.892111778259277
3 0.050742484629154205 21.87101173400879 0.041292909532785416 36.44741439819336 0.06956799328327179 6.537038326263428 0.06039141118526459 13.059518814086914
3 0.05073169991374016 21.536361694335938 0.041272785514593124 36.784244537353516 0.0695643275976181 6.422392845153809 0.06038505211472511 12.851407051086426
4 0.0510018914937973 30.081008911132812 0.0417468398809433 50.89903259277344 0.06964048743247986 8.900897026062012 0.06052674725651741 17.944910049438477
4 0.05087751895189285 26.097429275512695 0.04153026267886162 44.531185150146484 0.06960535049438477 7.748993396759033 0.060461677610874176 15.589447975158691
2 0.050537653267383575 15.4780855178833 0.04092757776379585 27.324235916137695 0.06951012462377548 4.685214042663574 0.06028284505009651 9.238965034484863
4 0.05095677077770233 28.057462692260742 0.04166870191693306 48.09923553466797 0.06962774693965912 8.481321334838867 0.06050315871834755 17.08644676208496
1 0.05043364316225052 12.182689666748047 0.040741175413131714 21.673128128051758 0.06948007643222809 3.7256529331207275 0.06022746115922928 7.284341335296631
4 0.051025133579969406 30.813901901245117 0.0417865514755249 53.411659240722656 0.06964655220508575 9.101263999938965 0.06053829565644264 18.378225326538086
1 0.05043402314186096 12.242827415466309 0.04074207320809364 21.711156845092773 0.06948032230138779 3.733722686767578 0.06022782623767853 7.294750690460205
2 0.05059436336159706 17.24602508544922 0.041029445827007294 29.647342681884766 0.06952620297670364 5.199551105499268 0.06031300500035286 10.301403999328613
3 0.0507342666387558 21.610288619995117 0.04127730429172516 35.9148063659668 0.06956537812948227 6.4556684494018555 0.06038669869303703 12.902603149414062
3 0.050741635262966156 21.83900260925293 0.041290272027254105 38.00508499145508 0.06956770271062851 6.529523849487305 0.060390930622816086 13.044561386108398
4 0.05097036063671112 29.018901824951172 0.04169073700904846 48.91225051879883 0.06963159888982773 8.607352256774902 0.0605103075504303 17.34451675415039
1 0.050264742225408554 6.933679580688477 0.04042992740869522 12.056018829345703 0.06942706555128098 1.8259265422821045 0.060138434171676636 4.072402477264404
1 0.05036408454179764 10.054059982299805 0.04061489552259445 17.36739730834961 0.06944949924945831 2.9931836128234863 0.06019173562526703 5.956306457519531
1 0.0503375418484211 9.222807884216309 0.04056655615568161 15.957233428955078 0.06943963468074799 2.708296298980713 0.060177549719810486 5.443399429321289
3 0.050809893757104874 23.98320198059082 0.04141095280647278 41.886722564697266 0.06958642601966858 7.13494348526001 0.06042643263936043 14.324801445007324
3 0.05067868530750275 19.876543045043945 0.04117882251739502 34.85851287841797 0.06954967230558395 5.951282024383545 0.060357239097356796 11.863441467285156
2 0.05059162899851799 17.165565490722656 0.04102350398898125 28.03016471862793 0.06952536106109619 5.171617031097412 0.06031140312552452 10.243082046508789
1 0.05040969327092171 11.245984077453613 0.04069799184799194 19.80753517150879 0.06947048753499985 3.4946281909942627 0.06021535024046898 6.835873603820801
3 0.05072633922100067 20.286407470703125 0.04126359522342682 36.3184928894043 0.06956299394369125 6.3784403800964355 0.06038236618041992 12.755122184753418
3 0.050831008702516556 23.912294387817383 0.041447803378105164 40.40721893310547 0.06959252059459686 7.330571174621582 0.06043752655386925 14.712328910827637
3 0.050764311105012894 22.50899314880371 0.04133158549666405 37.676815032958984 0.06957367807626724 6.722415924072266 0.06040250137448311 13.470391273498535
2 0.05054977163672447 15.857223510742188 0.040949638932943344 26.716663360595703 0.06951358169317245 4.794924736022949 0.06028928980231285 9.465198516845703
2 0.0505242645740509 15.032304763793945 0.040904611349105835 26.613555908203125 0.06950625032186508 4.560835838317871 0.06027565523982048 8.987649917602539
3 0.050769682973623276 22.720905303955078 0.04134046286344528 38.75876235961914 0.06957562267780304 6.783266544342041 0.06040573492646217 13.568713188171387
3 0.050698172301054 20.47659683227539 0.041213374584913254 35.75413131713867 0.06955531239509583 6.131030559539795 0.060367751866579056 12.229181289672852
2 0.050592683255672455 17.193586349487305 0.04102664068341255 30.093780517578125 0.06952572613954544 5.184239387512207 0.06031210720539093 10.269867897033691
3 0.05079909414052963 22.937877655029297 0.0413915291428566 40.95585632324219 0.06958325207233429 7.031040668487549 0.0604204423725605 14.109127044677734
3 0.05082938075065613 23.862337112426758 0.04144520312547684 41.872161865234375 0.06959206610918045 7.315723419189453 0.060436688363552094 14.681859970092773
3 0.050712842494249344 20.946823120117188 0.04123944789171219 36.19370651245117 0.06955939531326294 6.262103080749512 0.060375433415174484 12.501291275024414
2 0.050661616027355194 19.343435287475586 0.04114830866456032 33.921836853027344 0.06954504549503326 5.802696704864502 0.06034843251109123 11.547670364379883
1 0.050447139889001846 12.65369701385498 0.040765419602394104 21.39878273010254 0.06948424130678177 3.855572462081909 0.06023472175002098 7.540306568145752
3 0.0507480725646019 22.05031394958496 0.041302237659692764 37.623687744140625 0.06956898421049118 6.571167469024658 0.06039365753531456 13.155838012695312
2 0.0505852997303009 16.966754913330078 0.04101255163550377 28.503568649291992 0.06952362507581711 5.116620063781738 0.06030816212296486 10.130050659179688
2 0.05061895400285721 18.03029441833496 0.04107286036014557 30.953201293945312 0.0695330798625946 5.419346332550049 0.06032596528530121 10.757648468017578
1 0.050455931574106216 12.893908500671387 0.04078145697712898 22.007680892944336 0.06948663294315338 3.931760787963867 0.06023930013179779 7.70527982711792
4 0.05101657658815384 29.61553192138672 0.04177301004528999 52.13025665283203 0.06964460015296936 9.035688400268555 0.06053437292575836 18.223003387451172
4 0.050896912813186646 26.753793716430664 0.041562847793102264 45.19459915161133 0.06961037963628769 7.914730548858643 0.06047132983803749 15.948423385620117
1 0.05032680556178093 8.887567520141602 0.040546782314777374 15.478196144104004 0.06943760067224503 2.5983223915100098 0.06017177179455757 5.240416049957275
2 0.050532590597867966 15.326622009277344 0.040918949991464615 26.410436630249023 0.06950867176055908 4.63856315612793 0.06028013303875923 9.143500328063965
3 0.05075608566403389 21.63043212890625 0.0413157157599926 38.797882080078125 0.06957150995731354 6.651838302612305 0.06039823964238167 13.310142517089844
4 0.050988323986530304 28.75726318359375 0.0417228639125824 49.646484375 0.06963630020618439 8.761972427368164 0.06051918491721153 17.678409576416016
2 0.05049017444252968 13.96743106842041 0.04084315150976181 24.72776222229004 0.06949654221534729 4.249807834625244 0.060257524251937866 8.346369743347168
4 0.05092855542898178 27.764068603515625 0.041620176285505295 47.04778289794922 0.06961973011493683 8.219228744506836 0.060488391667604446 16.553552627563477
2 0.05060938000679016 17.73158836364746 0.04105585440993309 30.635316848754883 0.06953023374080658 5.3275017738342285 0.060320716351270676 10.576556205749512
3 0.05083874613046646 24.096912384033203 0.041461408138275146 41.23683547973633 0.06959468126296997 7.402183532714844 0.06044154241681099 14.858043670654297
3 0.05069525167346001 20.39418601989746 0.04120783507823944 35.58561706542969 0.06955446302890778 6.104597568511963 0.06036614254117012 12.174026489257812
4 0.051020458340644836 29.615924835205078 0.041779763996601105 51.60557556152344 0.06964576244354248 9.073882102966309 0.06053643673658371 18.29781150817871
3 0.050755079835653305 21.59959602355957 0.04131455346941948 37.66637420654297 0.06957149505615234 6.651716232299805 0.06039801985025406 13.296567916870117
4 0.05092905834317207 27.771934509277344 0.04161979630589485 48.19230270385742 0.06962033361196518 8.238329887390137 0.06048915535211563 16.570293426513672
2 0.05056140944361687 16.180509567260742 0.040970463305711746 28.199413299560547 0.06951680779457092 4.897064208984375 0.06029551476240158 9.685078620910645
1 0.05025896802544594 6.736914157867432 0.040418822318315506 11.730752944946289 0.0694255381822586 1.685428261756897 0.06013545021414757 3.9657528400421143
2 0.05062668025493622 18.265308380126953 0.041086066514253616 31.951505661010742 0.06953531503677368 5.49131965637207 0.0603301115334034 10.901792526245117
4 0.051017481833696365 29.068553924560547 0.04177302494645119 52.961830139160156 0.06964492797851562 9.045645713806152 0.06053491309285164 18.2394962310791
2 0.05060042813420296 17.43872833251953 0.04103929549455643 29.97127342224121 0.06952790915966034 5.253466606140137 0.060316216200590134 10.413147926330566
3 0.050825610756874084 24.432783126831055 0.04143814370036125 41.664791107177734 0.06959095597267151 7.281139373779297 0.060434646904468536 14.611308097839355
4 0.050953689962625504 28.551380157470703 0.04166284203529358 48.366153717041016 0.06962679326534271 8.451144218444824 0.06050151586532593 17.02884864807129
4 0.05091249570250511 26.427303314208984 0.04159165173768997 45.83414077758789 0.06961525976657867 8.071375846862793 0.0604800209403038 16.249305725097656
2 0.05049770325422287 14.201746940612793 0.0408564917743206 25.19844627380371 0.06949865818023682 4.318228244781494 0.06026151403784752 8.489644050598145
1 0.050256986171007156 6.6880316734313965 0.040415238589048386 11.617480278015137 0.06942504644393921 1.6704802513122559 0.06013449653983116 3.9308557510375977
1 0.05037454888224602 10.366581916809082 0.04063405096530914 18.47063446044922 0.06945445388555527 3.1231157779693604 0.060197241604328156 6.162171363830566
2 0.050522662699222565 15.017938613891602 0.040901392698287964 26.514543533325195 0.06950583308935165 4.5476298332214355 0.060274846851825714 8.957087516784668
4 0.05097747966647148 29.30048370361328 0.04170462116599083 50.107810974121094 0.06963353604078293 8.671830177307129 0.06051395460963249 17.479902267456055
4 0.051022954285144806 29.17438507080078 0.04178435727953911 50.117183685302734 0.06964650005102158 9.09622573852539 0.06053774803876877 18.343246459960938
2 0.05049009621143341 13.965975761413574 0.04084266349673271 24.749061584472656 0.0694965124130249 4.249106407165527 0.060257475823163986 8.344959259033203
3 0.05066898092627525 19.593101501464844 0.041162338107824326 34.34046936035156 0.06954710930585861 5.868610382080078 0.06035241112112999 11.690696716308594
1 0.05030766502022743 8.28817367553711 0.04051106795668602 14.388434410095215 0.0694350153207779 2.4113807678222656 0.06016158312559128 4.880204677581787
2 0.05065225809812546 19.070941925048828 0.04113215580582619 32.142784118652344 0.06954224407672882 5.712097644805908 0.06034334748983383 11.375273704528809
3 0.05079906806349754 22.936891555786133 0.04139122739434242 39.07142639160156 0.06958355009555817 7.0400590896606445 0.06042078137397766 14.113316535949707
4 0.05094234272837639 28.194454193115234 0.04164213687181473 47.1890983581543 0.06962320953607559 8.332640647888184 0.06049505993723869 16.804481506347656
1 0.05025828257203102 6.696110248565674 0.040417108684778214 11.67978572845459 0.06942525506019592 1.6784229278564453 0.06013496220111847 3.949540615081787
1 0.05043286830186844 12.190421104431152 0.04073967784643173 20.509096145629883 0.06947989761829376 3.721797466278076 0.06022719293832779 7.271395206451416
3 0.05081508681178093 24.120901107788086 0.041420504450798035 42.20199203491211 0.06958788633346558 7.1818389892578125 0.06042918562889099 14.423446655273438
4 0.0508773997426033 26.143953323364258 0.04152941331267357 44.79935073852539 0.06960530579090118 7.747856140136719 0.0604616180062294 15.587284088134766
3 0.0508350171148777 24.034507751464844 0.041455965489149094 42.127079010009766 0.06959362328052521 7.3667893409729 0.06043962389230728 14.78831672668457
4 0.05098171532154083 29.435789108276367 0.04171144962310791 49.830631256103516 0.0696343258023262 8.698939323425293 0.060515668243169785 17.552915573120117
4 0.05091595649719238 26.53314971923828 0.041597627103328705 47.51182556152344 0.0696161612868309 8.102469444274902 0.06048177555203438 16.31441879272461
1 0.05027417838573456 7.204387187957764 0.040447868406772614 12.579498291015625 0.06942948698997498 1.992244839668274 0.06014338880777359 4.244180679321289
4 0.05094199255108833 28.18213653564453 0.041643619537353516 47.362422943115234 0.06962311267852783 8.330225944519043 0.06049489602446556 16.800050735473633
4 0.051049210131168365 30.560108184814453 0.04182857647538185 51.86903762817383 0.06965338438749313 9.324241638183594 0.06055084615945816 18.83360481262207
3 0.05082493647933006 24.41290283203125 0.041436295956373215 41.61686706542969 0.06959078460931778 7.274876594543457 0.06043432280421257 14.5980863571167
2 0.0505073256790638 14.503907203674316 0.0408736988902092 25.095191955566406 0.06950147449970245 4.408357620239258 0.060266703367233276 8.670272827148438
2 0.05055646598339081 16.067707061767578 0.0409616120159626 27.289173126220703 0.06951545178890228 4.854702472686768 0.06029282137751579 9.589839935302734
2 0.05049567669630051 14.099648475646973 0.0408528707921505 24.929582595825195 0.06949813663959503 4.301634788513184 0.06026049330830574 8.451682090759277
4 0.05105365067720413 30.758325576782227 0.04183638095855713 52.054161071777344 0.0696551650762558 9.383035659790039 0.06055380031466484 18.92911148071289
4 0.05093606188893318 27.9948673248291 0.04163319617509842 48.61354064941406 0.06962227076292038 8.302698135375977 0.060492780059576035 16.703676223754883
2 0.05058516561985016 16.962736129760742 0.041012659668922424 29.723318099975586 0.06952357292175293 5.115835189819336 0.06030808016657829 10.128691673278809
4 0.05091133713722229 26.389015197753906 0.04158901423215866 47.32305145263672 0.06961452215909958 8.04787826538086 0.06047895923256874 16.22066307067871
2 0.05054483935236931 15.697432518005371 0.040940672159194946 27.061763763427734 0.06951210647821426 4.748452186584473 0.06028656288981438 9.369505882263184
1 0.05035431683063507 9.746356964111328 0.0405973382294178 16.956287384033203 0.06944531947374344 2.8879568576812744 0.0601864755153656 5.766706466674805
3 0.050696566700935364 20.42709732055664 0.041211050003767014 35.82252883911133 0.06955485045909882 6.116662502288818 0.060366880148649216 12.19962215423584
2 0.05048974230885506 13.958929061889648 0.04084208235144615 24.58726692199707 0.06949643045663834 4.245558738708496 0.06025730445981026 8.33779525756836
4 0.0508866086602211 26.435710906982422 0.04154645651578903 44.93608093261719 0.0696079432964325 7.832422733306885 0.060466453433036804 15.760217666625977
3 0.05070028081536293 20.542476654052734 0.041216880083084106 34.46244812011719 0.06955566257238388 6.14327335357666 0.060368556529283524 12.265661239624023
2 0.050656601786613464 19.17928695678711 0.041139211505651474 33.66741180419922 0.06954366713762283 5.75723123550415 0.0603458434343338 11.45422649383545
2 0.050588030368089676 17.006858825683594 0.04101818427443504 30.030466079711914 0.06952434033155441 5.138879299163818 0.060309700667858124 10.185464859008789
4 0.050928130745887756 27.75075912475586 0.04161882400512695 47.05426025390625 0.06961963325738907 8.216093063354492 0.06048817187547684 16.54543685913086
2 0.05059032887220383 17.120365142822266 0.04102121666073799 29.20048713684082 0.06952503323554993 5.16185188293457 0.060310736298561096 10.219038009643555
2 0.05049268156290054 14.012707710266113 0.040847551077604294 24.871246337890625 0.06949727237224579 4.273685455322266 0.0602588877081871 8.394891738891602
2 0.05052921548485756 15.215989112854004 0.04091297462582588 25.261333465576172 0.06950773298740387 4.607840538024902 0.06027836725115776 9.080373764038086
4 0.05094056949019432 28.080795288085938 0.04164010286331177 46.26170349121094 0.06962356716394424 8.34375286102295 0.06049516052007675 16.786758422851562
4 0.05101955682039261 29.707599639892578 0.04177713766694069 52.9913330078125 0.0696454644203186 9.06515884399414 0.060535941272974014 18.279739379882812
1 0.05037544295191765 10.387157440185547 0.04063570871949196 18.51926612854004 0.06945496052503586 3.1336700916290283 0.060197699815034866 6.178578853607178
4 0.051052436232566833 30.721206665039062 0.041834600269794464 53.32533264160156 0.06965475529432297 9.370511054992676 0.06055310368537903 18.906465530395508
3 0.05076553300023079 22.59239387512207 0.04132378101348877 38.05521011352539 0.06957428902387619 6.745548248291016 0.06040352210402489 13.491646766662598
1 0.05036335811018944 10.002250671386719 0.04061351343989372 17.833181381225586 0.06944943964481354 2.9859182834625244 0.06019122898578644 5.942732334136963
2 0.05064200237393379 18.7232608795166 0.04111424461007118 32.121437072753906 0.06953978538513184 5.633330345153809 0.06033837050199509 11.186482429504395
1 0.050450779497623444 12.746184349060059 0.0407722145318985 22.106050491333008 0.06948515772819519 3.8844125270843506 0.06023659184575081 7.609814643859863
1 0.050442151725292206 12.445504188537598 0.040756553411483765 22.146759033203125 0.06948276609182358 3.808131456375122 0.0602320171892643 7.444940090179443
4 0.050875984132289886 25.317739486694336 0.04152628779411316 44.307952880859375 0.06960450857877731 7.722588062286377 0.06046043708920479 15.554251670837402
3 0.05069344863295555 20.338865280151367 0.041204843670129776 34.24419403076172 0.06955395638942719 6.088626384735107 0.06036520376801491 12.141057968139648
2 0.05065234750509262 19.07345199584961 0.04113220423460007 33.42390823364258 0.06954243034124374 5.719286918640137 0.060343604534864426 11.380377769470215
2 0.050494302064180374 14.055584907531738 0.040850792080163956 24.892601013183594 0.06949754804372787 4.281217098236084 0.06025971099734306 8.428403854370117
2 0.05058475583791733 16.946374893188477 0.041011761873960495 29.181455612182617 0.06952346116304398 5.111191272735596 0.060307782143354416 10.11449146270752
3 0.05085188150405884 24.55782127380371 0.04148538410663605 43.184757232666016 0.06959876418113708 7.532459259033203 0.060448892414569855 15.109522819519043
3 0.05068033188581467 19.920015335083008 0.04118136316537857 34.92576599121094 0.06955026835203171 5.970109939575195 0.06035831943154335 11.897272109985352
2 0.0506325401365757 18.40171241760254 0.04109747335314751 32.421966552734375 0.06953691691160202 5.542490005493164 0.06033318117260933 11.012675285339355
3 0.05071929469704628 21.164030075073242 0.04125089570879936 35.28141784667969 0.06956127285957336 6.3224592208862305 0.06037895753979683 12.62667465209961
1 0.050439752638339996 12.386993408203125 0.04075194522738457 21.41789436340332 0.0694819837808609 3.7838258743286133 0.060230668634176254 7.400014400482178
1 0.050348032265901566 9.553173065185547 0.04058562591671944 16.2758731842041 0.06944279372692108 2.8211050033569336 0.06018316373229027 5.644411563873291
2 0.050610728561878204 17.253299713134766 0.04105807840824127 31.262712478637695 0.06953074783086777 5.3444600105285645 0.06032164767384529 10.60521125793457
3 0.050843462347984314 24.26421546936035 0.04147051274776459 42.666316986083984 0.06959588080644608 7.44109582901001 0.06044408306479454 14.957136154174805
3 0.05076872184872627 22.693315505981445 0.041337788105010986 38.39068603515625 0.06957533955574036 6.774553298950195 0.06040523201227188 13.55078411102295
4 0.0509074330329895 27.03404426574707 0.04158320277929306 47.08061218261719 0.0696137472987175 8.023151397705078 0.06047727167606354 16.15323829650879
2 0.050538431853055954 15.471541404724121 0.04092932119965553 26.874069213867188 0.06951034069061279 4.690752983093262 0.06028325855731964 9.251986503601074
2 0.05059094727039337 17.09698486328125 0.041022635996341705 27.696815490722656 0.06952523440122604 5.167036056518555 0.060311075299978256 10.229928016662598
3 0.05079725384712219 22.370738983154297 0.04138925299048424 40.081363677978516 0.06958247721195221 7.007878303527832 0.06041915714740753 14.07244873046875
2 0.050519492477178574 14.916824340820312 0.040895406156778336 25.74040412902832 0.06950483471155167 4.515506267547607 0.060273028910160065 8.89587688446045
2 0.05049848556518555 14.231416702270508 0.040857601910829544 25.084766387939453 0.06949896365404129 4.326838493347168 0.06026202067732811 8.50384521484375
1 0.05027369037270546 7.2186808586120605 0.040446922183036804 12.456851959228516 0.06942932307720184 1.9439667463302612 0.060143083333969116 4.23606538772583
4 0.05096420645713806 28.880346298217773 0.041681624948978424 50.121944427490234 0.06962981075048447 8.549477577209473 0.060507047921419144 17.228778839111328
3 0.050828445702791214 24.52145767211914 0.04144382104277611 41.79585647583008 0.06959176063537598 7.3068647384643555 0.06043614074587822 14.664474487304688
2 0.050478555262088776 13.616205215454102 0.04082215949892998 23.587242126464844 0.06949321925640106 4.1426239013671875 0.06025133281946182 8.127349853515625
2 0.05053434520959854 15.385052680969238 0.04092225059866905 25.92082977294922 0.06950913369655609 4.6539530754089355 0.060281068086624146 9.177021980285645
4 0.051008328795433044 30.2297306060791 0.04175788164138794 49.864044189453125 0.06964235752820969 8.960273742675781 0.06053011119365692 18.065204620361328
4 0.05101589858531952 30.530807495117188 0.04177013412117958 51.592010498046875 0.06964393705129623 9.0137357711792 0.06053346395492554 18.199260711669922
4 0.051057420670986176 31.839706420898438 0.04184243828058243 53.75809860229492 0.06965671479701996 9.435444831848145 0.06055634096264839 19.011747360229492
4 0.05096093937754631 28.722043991088867 0.041676055639982224 47.2941780090332 0.06962849944829941 8.507283210754395 0.06050484627485275 17.159656524658203
1 0.050388067960739136 10.792280197143555 0.040658604353666306 19.208444595336914 0.06946088373661041 3.2720775604248047 0.060204338282346725 6.424106121063232
3 0.0508284866809845 23.835166931152344 0.04144361615180969 41.82276153564453 0.06959179043769836 7.307739734649658 0.0604361854493618 14.665423393249512
4 0.050892338156700134 25.813129425048828 0.04155697301030159 45.18061447143555 0.06960952281951904 7.8852410316467285 0.06046941876411438 15.868892669677734
2 0.050548359751701355 15.82209300994873 0.04094746708869934 27.88397789001465 0.06951315701007843 4.78078031539917 0.060288529843091965 9.43805980682373
2 0.05064350739121437 18.79130744934082 0.041116632521152496 31.937740325927734 0.06954004615545273 5.642617225646973 0.060339007526636124 11.215702056884766
1 0.05033452808856964 9.129209518432617 0.040561143308877945 15.608001708984375 0.06943899393081665 2.677507162094116 0.06017594039440155 5.386604309082031
1 0.05045461654663086 12.84046745300293 0.04077872261404991 22.574710845947266 0.06948626041412354 3.920631170272827 0.060238517820835114 7.6770477294921875
4 0.050957903265953064 28.689910888671875 0.04167095199227333 48.27793502807617 0.06962805241346359 8.490972518920898 0.06050374358892441 17.10782814025879
4 0.05087825655937195 25.679880142211914 0.041531629860401154 44.152042388916016 0.06960561126470566 7.756574630737305 0.0604620985686779 15.603200912475586
1 0.05038147792220116 10.577690124511719 0.04064655303955078 18.836252212524414 0.06945773959159851 3.200270891189575 0.06020086631178856 6.295739650726318
3 0.05071428790688515 20.982177734375 0.04124189540743828 34.987274169921875 0.06955981999635696 6.275360584259033 0.06037622690200806 12.528977394104004
1 0.0503607876598835 9.925331115722656 0.040608711540699005 17.29337501525879 0.06944835186004639 2.9599528312683105 0.06018991023302078 5.892935276031494
1 0.05041784048080444 11.73593807220459 0.04071277007460594 20.24656867980957 0.06947403401136398 3.5779998302459717 0.06021956354379654 6.990947246551514
1 0.05032708868384361 8.896443367004395 0.040547311305999756 14.968905448913574 0.06943768262863159 2.6022660732269287 0.06017196923494339 5.246237754821777
1 0.05039333924651146 10.957592964172363 0.04066832363605499 19.041522979736328 0.06946327537298203 3.3278486728668213 0.0602070689201355 6.52508020401001
4 0.050925105810165405 27.65420913696289 0.04161394387483597 47.281124114990234 0.06961841881275177 8.17619514465332 0.060486145317554474 16.48140525817871
4 0.05098007246851921 29.325557708740234 0.04170825704932213 49.726776123046875 0.06963381171226501 8.681886672973633 0.06051480025053024 17.521333694458008
3 0.05074722692370415 21.541261672973633 0.04130063205957413 37.164852142333984 0.06956877559423447 6.5640549659729 0.06039322912693024 13.140286445617676
1 0.05027972161769867 7.408976078033447 0.040458373725414276 12.884310722351074 0.06943075358867645 2.038358688354492 0.060146234929561615 4.345956802368164
1 0.05044214054942131 12.617809295654297 0.040757592767477036 21.680025100708008 0.06948278844356537 3.8092525005340576 0.060232147574424744 7.454063415527344
2 0.050606537610292435 17.636600494384766 0.04105082154273987 29.514842987060547 0.06952963769435883 5.308065891265869 0.0603194423019886 10.52634334564209
4 0.05087960138916969 26.216915130615234 0.04153414070606232 45.53659439086914 0.06960633397102356 7.779987335205078 0.06046322360634804 15.634346961975098
1 0.05044380947947502 12.542068481445312 0.040759678930044174 21.996198654174805 0.06948328763246536 3.8250226974487305 0.060232970863580704 7.478596210479736
1 0.05037999898195267 10.535490036010742 0.0406438447535038 17.431425094604492 0.06945707648992538 3.183966875076294 0.06020008772611618 6.266846656799316
1 0.050366248935461044 10.095125198364258 0.04061874374747276 17.0598087310791 0.0694507583975792 3.0213592052459717 0.06019281968474388 5.999290943145752
1 0.050315290689468384 8.498181343078613 0.0405251681804657 14.837699890136719 0.06943576782941818 2.4864261150360107 0.060165636241436005 5.023863315582275
2 0.05063444375991821 18.491910934448242 0.041100673377513885 30.861705780029297 0.06953766196966171 5.5654683113098145 0.06033437326550484 11.045862197875977
1 0.05032973736524582 8.979377746582031 0.04055219516158104 15.642074584960938 0.06943811476230621 2.6289854049682617 0.06017338111996651 5.2966108322143555
4 0.05104786902666092 29.926145553588867 0.04182770103216171 54.589317321777344 0.0696529746055603 9.311516761779785 0.06055014953017235 18.8101863861084
2 0.05066736415028572 19.541805267333984 0.04115871340036392 34.25242233276367 0.06954643130302429 5.847568035125732 0.06035129725933075 11.657144546508789
4 0.05090027675032616 26.861042022705078 0.04156892001628876 46.71652603149414 0.06961136311292648 7.945265293121338 0.06047310680150986 16.010786056518555
2 0.05066579952836037 19.465822219848633 0.04115593060851097 32.76219940185547 0.06954623013734818 5.840488433837891 0.06035066395998001 11.626351356506348
1 0.05026985704898834 7.093740940093994 0.04043956100940704 12.331949234008789 0.06942833214998245 1.8681082725524902 0.060141075402498245 4.165380001068115
4 0.05096643045544624 28.951391220092773 0.0416865237057209 48.47188186645508 0.06963002681732178 8.557028770446777 0.060507696121931076 17.26333999633789
2 0.05050717666745186 14.503738403320312 0.04087330028414726 24.264528274536133 0.06950144469738007 4.406680583953857 0.060266632586717606 8.667259216308594
3 0.0507219098508358 21.20021629333496 0.04125545918941498 35.900882720947266 0.06956174969673157 6.338135719299316 0.06038002669811249 12.671562194824219
4 0.0510026253759861 30.104679107666016 0.04174906015396118 50.876548767089844 0.06964069604873657 8.907658576965332 0.06052714213728905 17.959688186645508
4 0.05091013014316559 26.351886749267578 0.041587069630622864 47.230262756347656 0.06961452215909958 8.049134254455566 0.06047872453927994 16.205101013183594
3 0.05072934925556183 21.462472915649414 0.04126874729990959 36.52328109741211 0.06956403702497482 6.411215305328369 0.060384150594472885 12.810295104980469
1 0.0502551905810833 6.6308417320251465 0.040411826223134995 11.524309158325195 0.06942451745271683 1.6571463346481323 0.06013357639312744 3.898941993713379
2 0.05063948780298233 18.243057250976562 0.04110861197113991 30.02105140686035 0.06953888386487961 5.6035943031311035 0.060336824506521225 11.135566711425781
1 0.050271306186914444 7.1434783935546875 0.04044247418642044 12.425394058227539 0.06942862272262573 1.8806744813919067 0.060141850262880325 4.193751811981201
4 0.05087246000766754 25.911710739135742 0.04152216762304306 45.2622184753418 0.06960403174161911 7.706113338470459 0.06045922264456749 15.501344680786133
4 0.051046084612607956 30.52484893798828 0.04182171821594238 51.46311569213867 0.06965252012014389 9.295638084411621 0.06054927408695221 18.775699615478516
1 0.05030671879649162 8.257869720458984 0.04050935432314873 14.275784492492676 0.06943464279174805 2.402862071990967 0.06016106158494949 4.863019943237305
2 0.05053053796291351 15.257442474365234 0.04091503843665123 26.207910537719727 0.06950811296701431 4.619879245758057 0.06027907505631447 9.105195045471191
3 0.05078037455677986 23.059362411499023 0.04135866463184357 39.30974578857422 0.069578617811203 6.880651950836182 0.060411352664232254 13.768978118896484
3 0.050725292414426804 21.335058212280273 0.04126105457544327 35.071712493896484 0.0695628747344017 6.373563766479492 0.060381971299648285 12.7328519821167
4 0.05087672546505928 26.125450134277344 0.04152904823422432 45.4013786315918 0.06960548460483551 7.75337028503418 0.060461681336164474 15.58046817779541
4 0.05089585855603218 25.91777801513672 0.04156285896897316 46.42948913574219 0.06961054354906082 7.917603492736816 0.0604713037610054 15.935104370117188
3 0.0507538802921772 22.22695541381836 0.04131215810775757 37.102657318115234 0.06957115232944489 6.640589237213135 0.06039738655090332 13.274035453796387
2 0.05046568810939789 13.217690467834473 0.04079950973391533 23.45583724975586 0.06948944181203842 4.022136688232422 0.06024451553821564 7.891398906707764
2 0.05050540342926979 14.448710441589355 0.040870144963264465 25.59743881225586 0.06950090080499649 4.389701843261719 0.06026564911007881 8.632806777954102
3 0.050681695342063904 19.978666305541992 0.04118495434522629 35.06062698364258 0.06955044716596603 5.975813865661621 0.06035887077450752 11.924901008605957
3 0.05078130587935448 23.041305541992188 0.0413602814078331 39.40289306640625 0.0695788785815239 6.888805866241455 0.06041184067726135 13.786161422729492
3 0.050855204463005066 25.35067367553711 0.04149172827601433 43.91376876831055 0.06959947198629379 7.557604789733887 0.06045053154230118 15.1801118850708
3 0.050733789801597595 21.548294067382812 0.041276853531599045 37.76045227050781 0.06956524401903152 6.451335906982422 0.06038644537329674 12.893774032592773
3 0.05068221688270569 19.99042320251465 0.04118534177541733 34.24342727661133 0.06955073028802872 5.984541416168213 0.06035923957824707 11.931601524353027
1 0.05032126605510712 8.712605476379395 0.04053657874464989 14.97525405883789 0.06943660974502563 2.5453402996063232 0.06016881763935089 5.136931419372559
3 0.05076409876346588 22.501859664916992 0.04133083298802376 38.5257568359375 0.06957360357046127 6.719750881195068 0.06040237471461296 13.465697288513184
4 0.05100817233324051 30.224592208862305 0.041757915169000626 50.08549499511719 0.06964224576950073 8.95846939086914 0.06053001806139946 18.064088821411133
1 0.05030059069395065 8.065604209899902 0.04049784317612648 14.037944793701172 0.06943394243717194 2.341026544570923 0.06015767902135849 4.745292663574219
1 0.05042450875043869 11.945137023925781 0.04072481766343117 20.705039978027344 0.06947679072618484 3.6430838108062744 0.06022295728325844 7.116358757019043
1 0.05025903880596161 6.755828857421875 0.04041915014386177 11.742009162902832 0.06942559033632278 1.686028003692627 0.06013551354408264 3.968416929244995
3 0.05082792043685913 24.556499481201172 0.04144148901104927 40.684349060058594 0.06959158182144165 7.301825523376465 0.06043584644794464 14.654168128967285
3 0.0506821945309639 19.9257755279541 0.041186440736055374 34.22925567626953 0.06955066323280334 5.982804775238037 0.06035923957824707 11.93790340423584
4 0.05099872127175331 29.072174072265625 0.04174234718084335 49.251468658447266 0.06963969767093658 8.872467041015625 0.06052517518401146 17.8841552734375
4 0.05101544409990311 29.87831687927246 0.04176926985383034 49.957176208496094 0.06964381784200668 9.009264945983887 0.060533203184604645 18.18990135192871
4 0.05105813220143318 31.862686157226562 0.04184674844145775 53.59389114379883 0.06965703517198563 9.442529678344727 0.06055677682161331 19.024364471435547
1 0.050319600850343704 8.634651184082031 0.04053458571434021 15.004925727844238 0.0694364532828331 2.535041570663452 0.06016826257109642 5.117141246795654
4 0.050892382860183716 25.75940704345703 0.04155580326914787 46.22758102416992 0.06960952281951904 7.884722709655762 0.06046945974230766 15.868758201599121
1 0.05041747912764549 11.71871566772461 0.040711916983127594 20.816686630249023 0.0694737508893013 3.5731966495513916 0.06021936982870102 6.983303546905518
4 0.05095464736223221 28.582256317138672 0.041664738208055496 48.46394729614258 0.06962713599205017 8.460610389709473 0.0605020634829998 17.046344757080078
2 0.05047079548239708 13.352618217468262 0.04080824926495552 23.710641860961914 0.06949104368686676 4.073578834533691 0.0602472759783268 7.9827189445495605
1 0.05037004128098488 10.225743293762207 0.040626201778650284 18.21030044555664 0.06945262104272842 3.0701305866241455 0.06019488722085953 6.075016021728516
4 0.05101164057850838 30.39470863342285 0.04176384210586548 50.32660675048828 0.06964277476072311 8.974479675292969 0.06053125485777855 18.11876106262207
1 0.05027580261230469 7.284940719604492 0.04045091196894646 12.665975570678711 0.06942973285913467 2.0056281089782715 0.060144200921058655 4.2750773429870605
3 0.050713539123535156 20.96780776977539 0.04124067351222038 35.27806091308594 0.06955935806035995 6.261924743652344 0.06037549301981926 12.511329650878906
1 0.05044533684849739 12.570903778076172 0.04076136648654938 21.571382522583008 0.06948360800743103 3.8369624614715576 0.06023367494344711 7.507480621337891
4 0.05091658607125282 26.553232192993164 0.04159000515937805 46.287689208984375 0.06961584091186523 8.096516609191895 0.06048167496919632 16.320415496826172
3 0.05071086063981056 20.49197006225586 0.04123585671186447 35.76481246948242 0.06955866515636444 6.238741397857666 0.060374241322278976 12.465901374816895
2 0.050619617104530334 18.050342559814453 0.04107426851987839 31.7089900970459 0.06953328102827072 5.425999164581299 0.06032633036375046 10.770713806152344
3 0.050765153020620346 22.535072326660156 0.04133335500955582 38.57753372192383 0.06957417726516724 6.7380170822143555 0.06040326878428459 13.490582466125488
1 0.050343114882707596 9.397514343261719 0.04057689756155014 16.35036849975586 0.0694410502910614 2.767293930053711 0.06018052622675896 5.54946756362915
2 0.05055488273501396 16.024396896362305 0.040959011763334274 28.237071990966797 0.06951501965522766 4.8404974937438965 0.060291994363069534 9.559962272644043
2 0.05046328902244568 13.133501052856445 0.04079466685652733 23.297475814819336 0.06948880851268768 4.001862525939941 0.06024321913719177 7.842581748962402
3 0.05085722729563713 25.414636611938477 0.04149532690644264 44.3666877746582 0.06960006803274155 7.577191352844238 0.06045159697532654 15.218579292297363
1 0.050412070006132126 11.52675724029541 0.04070235788822174 19.77877426147461 0.0694715827703476 3.518031120300293 0.060216497629880905 6.880364418029785
4 0.05102365463972092 30.766237258911133 0.04178352281451225 51.987571716308594 0.06964659690856934 9.102563858032227 0.06053811311721802 18.359804153442383
1 0.05033915489912033 9.273423194885254 0.040569547563791275 15.727044105529785 0.06944001466035843 2.7247660160064697 0.06017841026186943 5.47396993637085
4 0.05102059245109558 29.739763259887695 0.04177786037325859 51.37126922607422 0.06964579969644547 9.074356079101562 0.06053651124238968 18.298458099365234
4 0.05105161294341087 30.038475036621094 0.04183266684412956 53.51971435546875 0.06965399533510208 9.345746994018555 0.06055207550525665 18.881093978881836
2 0.05058206617832184 16.855436325073242 0.04100716486573219 29.697147369384766 0.06952272355556488 5.086427211761475 0.060306400060653687 10.064659118652344
3 0.05084333196282387 24.261314392089844 0.04147109389305115 43.65395736694336 0.06959584355354309 7.439953804016113 0.06044401228427887 14.955049514770508
4 0.05089637637138367 26.73816680908203 0.04156312346458435 46.50699996948242 0.06961026042699814 7.910248756408691 0.06047108396887779 15.938942909240723
2 0.05060921236872673 17.726091384887695 0.04105551168322563 31.161880493164062 0.06953016668558121 5.326683044433594 0.060320597141981125 10.574259757995605
3 0.05068853497505188 20.17612648010254 0.04119642451405525 34.90541458129883 0.06955261528491974 6.044003486633301 0.06036267802119255 12.049370765686035
1 0.05039462819695473 10.998007774353027 0.040670640766620636 19.57211685180664 0.06946388632059097 3.3413496017456055 0.060207732021808624 6.549896717071533
3 0.050835784524679184 24.767316818237305 0.04145735874772072 41.7501335144043 0.06959351897239685 7.363080024719238 0.06043978035449982 14.807215690612793
3 0.05070028081536293 20.542476654052734 0.041216880083084106 34.46244812011719 0.06955566257238388 6.14327335357666 0.060368556529283524 12.265661239624023
2 0.050571952015161514 16.18802261352539 0.04098935425281525 28.101728439331055 0.06951986253261566 4.996542453765869 0.060301072895526886 9.881178855895996
4 0.05097421631217003 29.196876525878906 0.0416991263628006 48.30272674560547 0.06963269412517548 8.642301559448242 0.06051228567957878 17.417020797729492
3 0.05075336992740631 21.547494888305664 0.04131130501627922 37.906829833984375 0.06957079470157623 6.62780237197876 0.060396838933229446 13.260078430175781
3 0.050866734236478806 25.73019790649414 0.04151212424039841 44.22312545776367 0.06960245966911316 7.653720378875732 0.06045626103878021 15.393061637878418
3 0.05069337040185928 20.33635139465332 0.04120397940278053 35.62804412841797 0.06955370306968689 6.080794334411621 0.060364898294210434 12.13586139678955
1 0.050345320254564285 9.46685791015625 0.04058077931404114 15.93867301940918 0.06944172084331512 2.7914621829986572 0.06018168479204178 5.5914082527160645
2 0.05055270344018936 15.955673217773438 0.04095464572310448 27.475730895996094 0.06951439380645752 4.820977210998535 0.06029083579778671 9.519111633300781
1 0.050456222146749496 12.913420677185059 0.04078224301338196 22.913721084594727 0.06948673725128174 3.934864044189453 0.06023947894573212 7.711369514465332
2 0.05047950893640518 13.595686912536621 0.04082340747117996 23.745014190673828 0.06949344277381897 4.150539398193359 0.060251787304878235 8.144176483154297
1 0.05035005882382393 9.61367130279541 0.04058940336108208 15.779271125793457 0.06944357603788376 2.842918634414673 0.06018425151705742 5.684040069580078
2 0.05063638091087341 18.54816436767578 0.04110400006175041 31.07588005065918 0.06953822821378708 5.582448959350586 0.06033540889620781 11.080806732177734
3 0.05070279911160469 20.57535743713379 0.04122167080640793 36.16334915161133 0.06955660134553909 6.173338890075684 0.06037016212940216 12.316000938415527
2 0.050477877259254456 13.55167293548584 0.040820978581905365 24.09754753112793 0.06949300318956375 4.1368513107299805 0.06025098264217377 8.116750717163086
1 0.05030209571123123 8.137772560119629 0.040500372648239136 14.127220153808594 0.06943415850400925 2.3574790954589844 0.060158513486385345 4.774564266204834
1 0.05032999441027641 8.987709999084473 0.04055260494351387 15.653403282165527 0.0694381594657898 2.6314964294433594 0.06017351523041725 5.3014326095581055
3 0.05069015920162201 20.245718002319336 0.04120005667209625 35.47355651855469 0.06955280900001526 6.05202054977417 0.060363318771123886 12.082555770874023
1 0.050331197679042816 9.025406837463379 0.04055475443601608 15.723373413085938 0.06943844258785248 2.6419992446899414 0.060174085199832916 5.323843002319336
3 0.05069148540496826 20.287330627441406 0.041201867163181305 35.444419860839844 0.06955317407846451 6.06346321105957 0.060364022850990295 12.10759162902832
3 0.05074590444564819 21.979999542236328 0.041298069059848785 38.453773498535156 0.06956864893436432 6.558807849884033 0.060392867773771286 13.118863105773926
3 0.05077628791332245 22.932861328125 0.04135216772556305 38.95112991333008 0.06957746297121048 6.843874931335449 0.06040918827056885 13.693724632263184
4 0.05098266154527664 29.407041549682617 0.04171345382928848 49.87533950805664 0.06963552534580231 8.73580265045166 0.06051725521683693 17.585283279418945
1 0.050338078290224075 9.209456443786621 0.040567588061094284 16.09270668029785 0.06943975389003754 2.7138848304748535 0.060177840292453766 5.453613758087158
2 0.0505085363984108 14.57609748840332 0.04087598994374275 25.61358070373535 0.06950180232524872 4.418745517730713 0.060267332941293716 8.692610740661621
3 0.050672970712184906 19.6988468170166 0.041168805211782455 33.441951751708984 0.06954802572727203 5.898249626159668 0.06035416200757027 11.7558012008667
4 0.05093243718147278 27.823955535888672 0.04162546992301941 47.297760009765625 0.0696212574839592 8.26809024810791 0.060490891337394714 16.63286781311035
4 0.051018547266721725 29.676502227783203 0.04177501052618027 53.07081985473633 0.06964516639709473 9.05444622039795 0.060535430908203125 18.260887145996094
2 0.05065826326608658 19.21198272705078 0.04114266857504845 33.00373458862305 0.06954390555620193 5.766622066497803 0.060346487909555435 11.487548828125
3 0.050759173929691315 21.723434448242188 0.04132241755723953 37.04815673828125 0.06957266479730606 6.688869953155518 0.06040016934275627 13.372967720031738
1 0.05034244805574417 9.3758544921875 0.04057548940181732 16.092384338378906 0.06944084167480469 2.758925437927246 0.060180164873600006 5.536157608032227
1 0.05045793205499649 12.982297897338867 0.040784671902656555 22.989439010620117 0.06948725134134293 3.952657699584961 0.06024035066366196 7.741860866546631
1 0.05041826143860817 11.748787879943848 0.04071340709924698 19.65104866027832 0.06947416812181473 3.5818865299224854 0.06021977216005325 6.998520851135254
3 0.050669971853494644 19.244367599487305 0.0411638505756855 34.36528778076172 0.06954716891050339 5.869945049285889 0.060352686792612076 11.704704284667969
2 0.05063455551862717 18.49508285522461 0.041100192815065384 31.77361297607422 0.0695377066731453 5.565925121307373 0.060334429144859314 11.046436309814453
1 0.050432734191417694 12.186406135559082 0.040739499032497406 21.568782806396484 0.06947976350784302 3.7183518409729004 0.06022704765200615 7.268011569976807
4 0.05094373598694801 28.238691329956055 0.041644953191280365 49.05171585083008 0.06962357461452484 8.346383094787598 0.060495775192976 16.83213996887207
4 0.050934698432683945 27.95916175842285 0.04163123294711113 47.451168060302734 0.06962192058563232 8.290654182434082 0.06049211323261261 16.678089141845703
2 0.05058037117123604 16.82103157043457 0.041004303842782974 28.926984786987305 0.06952199339866638 5.063966751098633 0.060305383056402206 10.038012504577637
1 0.050293292850255966 7.838376045227051 0.04048428684473038 13.545477867126465 0.06943272799253464 2.2241475582122803 0.060153670608997345 4.606837749481201
4 0.050882987678050995 26.32184600830078 0.04154004901647568 45.7108039855957 0.06960691511631012 7.799279689788818 0.06046455726027489 15.69198226928711
2 0.050568196922540665 16.43912696838379 0.04098241776227951 28.33181381225586 0.0695187896490097 4.9609174728393555 0.06029907241463661 9.809310913085938
2 0.050515126436948776 14.773277282714844 0.04088739678263664 25.23688316345215 0.06950374692678452 4.479922294616699 0.060270898044109344 8.814872741699219
2 0.050643257796764374 18.73903465270996 0.04111597687005997 32.97747039794922 0.06953997910022736 5.6404032707214355 0.060338880866765976 11.211098670959473
2 0.050609100610017776 17.680339813232422 0.04105553776025772 31.189023971557617 0.06953014433383942 5.325752258300781 0.06032054126262665 10.571921348571777
1 0.050303880125284195 8.170760154724121 0.040504056960344315 14.230225563049316 0.06943446397781372 2.370990514755249 0.06015944108366966 4.808125972747803
2 0.050606537610292435 17.636600494384766 0.04105082154273987 29.514842987060547 0.06952963769435883 5.308065891265869 0.0603194423019886 10.52634334564209
4 0.05105667933821678 31.15265464782715 0.041841771453619 52.54214859008789 0.06965658068656921 9.429031372070312 0.060555994510650635 18.99612045288086
4 0.050913065671920776 26.444042205810547 0.04159019514918327 46.33953857421875 0.06961534172296524 8.07674503326416 0.06048029288649559 16.26121711730957
2 0.05060070380568504 17.447372436523438 0.04104027897119522 29.86625862121582 0.06952797621488571 5.256607532501221 0.06031633913516998 10.419408798217773
3 0.050760749727487564 21.771488189697266 0.04132471978664398 39.166133880615234 0.06957312673330307 6.7028374671936035 0.06040102615952492 13.401344299316406
4 0.051055725663900375 31.724470138549805 0.041841547936201096 52.554691314697266 0.06965623795986176 9.418111801147461 0.06055544689297676 18.978843688964844
3 0.05075688660144806 21.6525821685791 0.04131767898797989 37.35988998413086 0.06957203894853592 6.66751766204834 0.06039898097515106 13.329314231872559
4 0.05101859197020531 29.677690505981445 0.04177727550268173 52.981964111328125 0.0696452260017395 9.05642318725586 0.06053544580936432 18.261598587036133
1 0.05042732506990433 12.026056289672852 0.04073011875152588 20.86233139038086 0.0694778561592102 3.6702659130096436 0.060224391520023346 7.169633388519287
2 0.05066459998488426 19.390283584594727 0.041154127568006516 34.093353271484375 0.06954611837863922 5.835564613342285 0.060350287705659866 11.606111526489258
1 0.05032506212592125 8.8326997756958 0.04054361954331398 15.3375244140625 0.06943728774785995 2.5833380222320557 0.06017083674669266 5.20916748046875
2 0.050593357533216476 17.214303970336914 0.04102717712521553 29.602075576782227 0.06952589750289917 5.1901326179504395 0.06031245365738869 10.28218936920166
2 0.05056539177894592 16.343589782714844 0.04097737744450569 28.147043228149414 0.06951800733804703 4.937252998352051 0.060297608375549316 9.758944511413574
1 0.05042467638850212 11.950386047363281 0.040725208818912506 20.216854095458984 0.06947682052850723 3.6447267532348633 0.0602230466902256 7.119731903076172
1 0.05035225674510002 9.686403274536133 0.04059337079524994 16.283361434936523 0.06944447010755539 2.866532802581787 0.06018541753292084 5.725854396820068
3 0.05082971602678299 23.87240982055664 0.04144617170095444 41.04194641113281 0.06959217041730881 7.319058418273926 0.06043684110045433 14.687944412231445
1 0.05029996857047081 8.043864250183105 0.040496647357940674 13.748883247375488 0.06943376362323761 2.3039169311523438 0.06015735864639282 4.7332844734191895
1 0.05034302920103073 9.394707679748535 0.04057660326361656 16.353931427001953 0.06944097578525543 2.764921188354492 0.060180410742759705 5.54702615737915
3 0.05084843561053276 24.453065872192383 0.04147830605506897 43.8803596496582 0.0695970430970192 7.479172229766846 0.06044621765613556 15.033965110778809
4 0.05102056264877319 29.679811477661133 0.041779059916734695 50.25485610961914 0.06964580714702606 9.073966979980469 0.060536500066518784 18.29752540588379
2 0.05065568536520004 19.150680541992188 0.041138045489788055 33.47681427001953 0.06954342126846313 5.750828266143799 0.06034534052014351 11.438643455505371
2 0.05053955316543579 15.545103073120117 0.0409310907125473 26.027629852294922 0.06951066106557846 4.701459884643555 0.0602838508784771 9.272846221923828
2 0.050591785460710526 17.123037338256836 0.041024722158908844 29.163347244262695 0.06952548772096634 5.175358772277832 0.060311660170555115 10.252233505249023
4 0.05087577924132347 25.30957794189453 0.04152659326791763 43.28934097290039 0.06960450112819672 7.721072673797607 0.060460351407527924 15.549759864807129
2 0.05052398517727852 15.024368286132812 0.040903422981500626 26.603710174560547 0.06950622797012329 4.560695648193359 0.060275569558143616 8.98285961151123
4 0.05098053812980652 29.396892547607422 0.04170946776866913 49.585899353027344 0.06963445246219635 8.700942039489746 0.06051560863852501 17.537059783935547
2 0.050608910620212555 17.71658706665039 0.041055064648389816 30.386611938476562 0.06953025609254837 5.329442024230957 0.06032063812017441 10.570651054382324
4 0.05090982839465141 26.341320037841797 0.041586607694625854 46.109107971191406 0.06961406767368317 8.034473419189453 0.06047813221812248 16.19291114807129
2 0.05048784613609314 13.903534889221191 0.040838636457920074 24.645334243774414 0.06949587911367416 4.228133678436279 0.06025627255439758 8.301963806152344
2 0.05057232826948166 16.562761306762695 0.040989950299263 28.398834228515625 0.06951995939016342 4.99967098236084 0.060301274061203 9.88802719116211
2 0.05047529190778732 13.495721817016602 0.0408162847161293 23.384532928466797 0.06949227303266525 4.113089561462402 0.060249604284763336 8.067771911621094
3 0.05083443224430084 24.01700210571289 0.04145408049225807 40.62776565551758 0.06959349662065506 7.361898422241211 0.060439325869083405 14.776698112487793
1 0.05043061077594757 12.133296012878418 0.04073590040206909 21.027395248413086 0.06947905570268631 3.7016215324401855 0.060226067900657654 7.230670928955078
4 0.05089675635099411 25.94887351989746 0.041563067585229874 46.28555679321289 0.06961004436016083 7.9023566246032715 0.060470908880233765 15.93860149383545
2 0.05063038319349289 18.379119873046875 0.04109335318207741 32.26972579956055 0.06953629106283188 5.522614002227783 0.06033202260732651 10.972091674804688
3 0.05074288323521614 21.883588790893555 0.04129287973046303 38.2420539855957 0.06956806033849716 6.541182994842529 0.06039157882332802 13.067876815795898
4 0.050886888056993484 26.444725036621094 0.04154543578624725 45.93851089477539 0.06960797309875488 7.834252834320068 0.06046657636761665 15.764625549316406
2 0.050477318465709686 13.293558120727539 0.04081953689455986 23.52004051208496 0.06949280947446823 4.130435466766357 0.06025063246488571 8.10413932800293
2 0.05062482878565788 18.21405601501465 0.04108347371220589 31.107316970825195 0.06953474879264832 5.472022533416748 0.06032908335328102 10.86719036102295
2 0.05064726248383522 18.8959903717041 0.041123103350400925 33.17537307739258 0.06954125314950943 5.679862976074219 0.06034112721681595 11.282614707946777
2 0.050574108958244324 16.616260528564453 0.040994178503751755 28.763347625732422 0.06952042132616043 5.012004852294922 0.06030230224132538 9.92359733581543
3 0.0507364384829998 21.677425384521484 0.041281044483184814 37.05419158935547 0.06956598907709122 6.473627090454102 0.060387834906578064 12.941264152526855
2 0.05064969137310982 18.97218894958496 0.041127439588308334 32.43119812011719 0.06954172998666763 5.6960930824279785 0.06034215912222862 11.325942993164062
4 0.051010604947805405 30.303749084472656 0.04176254943013191 49.99679183959961 0.06964299827814102 8.981696128845215 0.06053130701184273 18.108945846557617
2 0.05065092444419861 19.010366439819336 0.04112968593835831 32.441158294677734 0.06954225152730942 5.710937976837158 0.06034309044480324 11.350507736206055
4 0.05088210105895996 25.796451568603516 0.04153720289468765 44.05219650268555 0.06960664689540863 7.790881633758545 0.060464080423116684 15.674985885620117
3 0.050672419369220734 19.681489944458008 0.04116729274392128 34.41167449951172 0.06954807043075562 5.899646759033203 0.06035413220524788 11.749248504638672
1 0.05038193240761757 10.591521263122559 0.040647562593221664 18.815914154052734 0.06945794820785522 3.2051033973693848 0.060201119631528854 6.304657459259033
4 0.050872717052698135 25.91925621032715 0.04152227193117142 44.180904388427734 0.06960412114858627 7.707638263702393 0.060459382832050323 15.504777908325195
1 0.05043879896402359 12.386994361877441 0.040750231593847275 21.974231719970703 0.06948177516460419 3.7770493030548096 0.06023024395108223 7.381896495819092
1 0.050408683717250824 11.378737449645996 0.04069545120000839 19.84331703186035 0.06946996599435806 3.4805054664611816 0.06021462380886078 6.809941291809082
3 0.05086171627044678 25.556514739990234 0.04150356724858284 44.49638366699219 0.06960134953260422 7.618764877319336 0.060453981161117554 15.304229736328125
4 0.050872571766376495 25.89889907836914 0.04152264446020126 44.89027786254883 0.0696040540933609 7.706742763519287 0.06045926362276077 15.502702713012695
2 0.05059928447008133 17.40755844116211 0.04103793948888779 30.342012405395508 0.06952757388353348 5.243657112121582 0.060315586626529694 10.392622947692871
3 0.05077875033020973 22.911767959594727 0.04135601595044136 39.24224853515625 0.0695781409740448 6.8660197257995605 0.06041046604514122 13.73912239074707
2 0.05060216784477234 17.492237091064453 0.04104343801736832 29.645227432250977 0.06952831149101257 5.2664031982421875 0.0603170320391655 10.445276260375977
1 0.05034582316875458 9.482444763183594 0.040581658482551575 16.487380981445312 0.06944188475608826 2.7969396114349365 0.060181960463523865 5.601094722747803
1 0.05039782077074051 11.101859092712402 0.04067635536193848 19.737354278564453 0.0694650262594223 3.37389874458313 0.06020937114953995 6.610452651977539
2 0.05058266595005989 16.87468910217285 0.041007790714502335 29.712411880493164 0.06952288001775742 5.092774391174316 0.060306698083877563 10.076581001281738
4 0.05101155862212181 30.331741333007812 0.041763223707675934 51.16688537597656 0.06964269280433655 8.974015235900879 0.06053119897842407 18.1191463470459
2 0.05064139515161514 18.703603744506836 0.04111228138208389 32.77409362792969 0.06953940540552139 5.621366024017334 0.060337819159030914 11.172027587890625
2 0.05066641792654991 19.512470245361328 0.04115811735391617 33.91722869873047 0.0695464015007019 5.845757484436035 0.06035105884075165 11.643095970153809
1 0.05029193311929703 7.792213439941406 0.04048176109790802 13.311114311218262 0.0694325864315033 2.212783098220825 0.06015300005674362 4.5806684494018555
1 0.050454556941986084 12.86883544921875 0.04077892005443573 22.826478958129883 0.06948629021644592 3.9213805198669434 0.060238584876060486 7.679208755493164
2 0.050591398030519485 17.153615951538086 0.04102340340614319 30.18441390991211 0.06952531635761261 5.171072959899902 0.06031128764152527 10.238727569580078
2 0.050619568675756454 18.048669815063477 0.041073888540267944 31.658349990844727 0.06953325122594833 5.425444602966309 0.06032629683613777 10.769947052001953
2 0.05052600055932999 15.12169361114502 0.040907010436058044 26.582975387573242 0.06950677931308746 4.578198432922363 0.060276612639427185 9.019755363464355
2 0.050605740398168564 17.612016677856445 0.04104931652545929 30.25819206237793 0.06952940672636032 5.300965309143066 0.060319025069475174 10.51189136505127
4 0.05102156475186348 29.76940155029297 0.04178137332201004 53.17461013793945 0.06964606046676636 9.084134101867676 0.06053701788187027 18.318965911865234
2 0.050560809671878815 16.203840255737305 0.04096969962120056 27.91208839416504 0.0695166140794754 4.891281604766846 0.06029518321156502 9.673943519592285
3 0.05081992968916893 24.30600929260254 0.04142886400222778 41.35188674926758 0.0695897564291954 7.239892482757568 0.06043213605880737 14.509478569030762
2 0.05056636780500412 16.383106231689453 0.040978893637657166 28.75075340270996 0.06951826065778732 4.94450044631958 0.06029810383915901 9.774897575378418
3 0.05084453523159027 24.225141525268555 0.041471853852272034 41.21010208129883 0.06959632784128189 7.4543962478637695 0.06044461205601692 14.966146469116211
2 0.05060719698667526 17.63941192626953 0.04105153679847717 31.048681259155273 0.06952998042106628 5.319774150848389 0.06031990796327591 10.537152290344238
2 0.05052179843187332 14.994373321533203 0.0408996157348156 25.50371742248535 0.06950557976961136 4.538666248321533 0.0602743998169899 8.941848754882812
3 0.05080972611904144 23.927692413330078 0.04141080379486084 40.8746223449707 0.06958641856908798 7.133278846740723 0.06042638048529625 14.321146011352539
1 0.050313953310251236 8.485527992248535 0.04052253067493439 14.137288093566895 0.06943608075380325 2.472489356994629 0.0601649172604084 4.998539924621582
4 0.05105065926909447 30.60565757751465 0.04183054715394974 53.49903106689453 0.06965374201536179 9.337501525878906 0.06055156886577606 18.862228393554688
1 0.05043294280767441 12.170886993408203 0.04073995351791382 21.64529800415039 0.06947987526655197 3.719825029373169 0.06022713705897331 7.2725348472595215
2 0.05051857978105545 14.866745948791504 0.0408940389752388 25.679899215698242 0.06950464099645615 4.510476589202881 0.06027264893054962 8.882288932800293
3 0.05083448067307472 24.018468856811523 0.041453905403614044 42.17165756225586 0.06959346681833267 7.362379550933838 0.060439322143793106 14.778040885925293
2 0.05048418417572975 13.763869285583496 0.04083193466067314 23.316024780273438 0.06949470937252045 4.190854072570801 0.06025417521595955 8.230682373046875
4 0.05101544409990311 29.87831687927246 0.04176926985383034 49.957176208496094 0.06964381784200668 9.009264945983887 0.060533203184604645 18.18990135192871
1 0.050406571477651596 11.137229919433594 0.040692366659641266 20.231231689453125 0.06946921348571777 3.465379238128662 0.060213856399059296 6.778285026550293
4 0.05099775269627571 29.04546546936035 0.04174067825078964 50.64946746826172 0.06963983923196793 8.877176284790039 0.060525182634592056 17.873149871826172
2 0.05059851333498955 17.339941024780273 0.04103701934218407 30.18607521057129 0.06952737271785736 5.236701011657715 0.06031518429517746 10.378015518188477
1 0.05026780441403389 7.028769016265869 0.04043570160865784 11.988268852233887 0.06942781805992126 1.8511466979980469 0.06014001742005348 4.128062725067139
2 0.05056508257985115 16.3033504486084 0.040977053344249725 28.697927474975586 0.0695178210735321 4.930340766906738 0.060297418385744095 9.753271102905273
1 0.0504109188914299 11.504839897155762 0.04069995880126953 19.988235473632812 0.06947115063667297 3.508758544921875 0.0602160319685936 6.859832286834717
3 0.05073215439915657 21.550504684448242 0.04127347096800804 37.729888916015625 0.06956476718187332 6.4358930587768555 0.060385581105947495 12.862934112548828
4 0.05093972757458687 27.52031898498535 0.041639868170022964 47.908485412597656 0.06962335109710693 8.336087226867676 0.060494717210531235 16.7707576751709
4 0.05088526010513306 26.39336585998535 0.04154331609606743 44.45354461669922 0.06960750371217728 7.819533824920654 0.06046568229794502 15.735057830810547
2 0.05050293356180191 14.369195938110352 0.04086565226316452 25.4602108001709 0.06950022280216217 4.368696689605713 0.060264378786087036 8.588522911071777
4 0.05096101760864258 28.723102569580078 0.04167722910642624 49.54502868652344 0.06962888687849045 8.519143104553223 0.060505352914333344 17.16762924194336
3 0.05081837251782417 24.256805419921875 0.04142669588327408 41.24690246582031 0.06958931684494019 7.2258620262146 0.06043132767081261 14.480531692504883
1 0.05044896900653839 12.698630332946777 0.04076865315437317 22.01443862915039 0.06948468089103699 3.869905471801758 0.06023559346795082 7.5739054679870605
1 0.05032159388065338 8.723034858703613 0.04053699970245361 15.170845031738281 0.06943681091070175 2.5463788509368896 0.06016896292567253 5.142009735107422
4 0.050973910838365555 29.18701934814453 0.04169744998216629 48.036598205566406 0.0696321353316307 8.625118255615234 0.06051160395145416 17.40305519104004
2 0.050648339092731476 18.929685592651367 0.04112544283270836 33.211585998535156 0.0695415735244751 5.689707279205322 0.060341715812683105 11.303179740905762
1 0.050430815666913986 11.863872528076172 0.04073619842529297 21.542804718017578 0.06947916746139526 3.7031617164611816 0.06022616848349571 7.234324932098389
4 0.05097396671772003 29.187780380249023 0.04169832170009613 50.47831344604492 0.06963222473859787 8.629778861999512 0.060511715710163116 17.407499313354492
4 0.05095536634325981 28.60498046875 0.041666995733976364 46.88508605957031 0.06962735205888748 8.467284202575684 0.06050244718790054 17.060129165649414
2 0.05046692118048668 13.198241233825684 0.04080115631222725 22.968416213989258 0.06948983669281006 4.035613536834717 0.06024514138698578 7.91094970703125
1 0.05041813105344772 11.744956970214844 0.040713220834732056 20.38031578063965 0.06947419047355652 3.5807723999023438 0.060219716280698776 6.996601104736328
1 0.05041368678212166 11.591398239135742 0.04070524498820305 19.765470504760742 0.0694723054766655 3.536142110824585 0.06021742895245552 6.911894798278809
1 0.05042960122227669 12.098316192626953 0.040733713656663895 21.46587562561035 0.06947869062423706 3.6907215118408203 0.06022549420595169 7.209652423858643
4 0.0510091669857502 29.687108993530273 0.04175873100757599 48.788612365722656 0.06964258849620819 8.968523979187012 0.06053055450320244 18.0812931060791
4 0.05093399062752724 27.928714752197266 0.0416303314268589 46.02211380004883 0.069621741771698 8.283186912536621 0.060491736978292465 16.663034439086914
2 0.05055150017142296 15.901390075683594 0.0409529022872448 27.548789978027344 0.0695142149925232 4.814181327819824 0.060290317982435226 9.494583129882812
3 0.05074618011713028 21.940528869628906 0.041298843920230865 37.55354690551758 0.06956871598958969 6.562420845031738 0.06039297953248024 13.125144004821777
1 0.05042814090847969 12.013813972473145 0.04073142632842064 21.40226936340332 0.06947816908359528 3.678319215774536 0.06022482365369797 7.18525505065918
2 0.050573356449604034 16.229061126708984 0.04099225997924805 28.483089447021484 0.06952019035816193 5.006042957305908 0.06030188873410225 9.910547256469727
1 0.05035358667373657 9.72781753540039 0.04059595987200737 16.78951644897461 0.06944502145051956 2.880898952484131 0.06018613651394844 5.752338409423828
2 0.05056549236178398 16.356788635253906 0.04097762703895569 28.16952133178711 0.06951793283224106 4.933762073516846 0.0602976530790329 9.76110553741455
3 0.05073535814881325 21.6434268951416 0.0412784069776535 37.82302474975586 0.06956564635038376 6.464289665222168 0.0603872612118721 12.921757698059082
1 0.05046091601252556 13.077814102172852 0.04079056158661842 23.176734924316406 0.06948823481798172 3.9832892417907715 0.06024208292365074 7.799257755279541
3 0.05074590444564819 21.979999542236328 0.041298069059848785 38.453773498535156 0.06956864893436432 6.558807849884033 0.060392867773771286 13.118863105773926
2 0.050609175115823746 17.72428321838379 0.041055068373680115 31.19817352294922 0.06953015178442001 5.3262176513671875 0.06032057851552963 10.573338508605957
3 0.05077382177114487 22.855205535888672 0.04134729504585266 38.91798400878906 0.06957674771547318 6.821468830108643 0.060407884418964386 13.64730453491211
4 0.05088404566049576 26.354711532592773 0.041541773825883865 45.26432418823242 0.06960717588663101 7.809086799621582 0.06046505272388458 15.711864471435547
2 0.05047144368290901 13.372413635253906 0.04080936312675476 23.081951141357422 0.06949111074209213 4.075822353363037 0.06024748831987381 7.995120525360107
3 0.050811540335416794 24.033926010131836 0.041414275765419006 41.89946746826172 0.0695868730545044 7.149243354797363 0.060427308082580566 14.355846405029297
1 0.05046141892671585 13.048259735107422 0.04079165309667587 23.094236373901367 0.06948824226856232 3.9840269088745117 0.060242198407649994 7.808913230895996
4 0.051048409193754196 30.596582412719727 0.04182756319642067 52.75880813598633 0.06965310871601105 9.316356658935547 0.06055043637752533 18.8210391998291
4 0.050917983055114746 26.54152488708496 0.04160038009285927 47.603370666503906 0.06961672753095627 8.121642112731934 0.06048285961151123 16.35360336303711
1 0.050322275608778 8.745139122009277 0.04053852707147598 14.92160701751709 0.06943675130605698 2.5558252334594727 0.06016937270760536 5.156598091125488
4 0.05089373514056206 25.854156494140625 0.041557230055332184 46.34794998168945 0.0696098729968071 7.897467613220215 0.060470134019851685 15.894979476928711
4 0.05090189725160599 25.536720275878906 0.04157160222530365 46.7801399230957 0.0696118101477623 7.959596633911133 0.060473985970020294 16.040748596191406
4 0.05088884010910988 25.701568603515625 0.04154938831925392 45.46367263793945 0.06960853189229965 7.852285385131836 0.06046759709715843 15.801918983459473
3 0.050799187272787094 22.940614700317383 0.04139241203665733 41.216697692871094 0.06958356499671936 7.0413384437561035 0.060420844703912735 14.11689281463623
1 0.050429075956344604 12.033722877502441 0.040732547640800476 20.687694549560547 0.06947839260101318 3.6825523376464844 0.06022508814930916 7.197725772857666
3 0.05085410177707672 24.623598098754883 0.041488610208034515 42.70319747924805 0.06959939002990723 7.5530805587768555 0.06045007333159447 15.151596069335938
3 0.05080501362681389 23.328596115112305 0.04140263795852661 40.46519088745117 0.06958551704883575 7.104190826416016 0.06042424961924553 14.230137825012207
4 0.0509747713804245 29.21563148498535 0.04170076549053192 50.06000518798828 0.06963326036930084 8.662688255310059 0.06051310524344444 17.437652587890625
2 0.05059732869267464 17.305213928222656 0.041034869849681854 30.547653198242188 0.0695270225405693 5.225315093994141 0.06031454727053642 10.355452537536621
4 0.05098634958267212 29.525562286376953 0.041719306260347366 51.241188049316406 0.06963521242141724 8.728569030761719 0.060517605394124985 17.633132934570312
1 0.050367701798677444 10.140321731567383 0.04062143713235855 17.679241180419922 0.0694514662027359 3.0433669090270996 0.06019359827041626 6.027721405029297
4 0.050947558134794235 28.304697036743164 0.04165233299136162 48.23067092895508 0.069625124335289 8.395049095153809 0.06049833819270134 16.912033081054688
3 0.05079774186015129 21.988670349121094 0.04138900339603424 40.208438873291016 0.06958294659852982 7.021902561187744 0.06041980907320976 14.0858736038208
4 0.050960343331098557 28.75828742980957 0.04167547821998596 47.65234375 0.06962873041629791 8.51369571685791 0.060505032539367676 17.156280517578125
3 0.05084485188126564 24.2908935546875 0.0414721742272377 42.70082473754883 0.06959637254476547 7.456822395324707 0.06044475734233856 14.972670555114746
1 0.05036206915974617 9.988550186157227 0.04061150923371315 17.343278884887695 0.06944862008094788 2.9716954231262207 0.06019067391753197 5.917159080505371
3 0.050755687057971954 21.6180419921875 0.04131503775715828 38.936317443847656 0.06957140564918518 6.648050785064697 0.060398031026124954 13.302621841430664
1 0.05029965564608574 8.038217544555664 0.04049600660800934 13.98852825164795 0.06943389773368835 2.313187837600708 0.06015710532665253 4.7265191078186035
1 0.0504356287419796 12.21047306060791 0.04074396193027496 21.26120948791504 0.06948059797286987 3.7410969734191895 0.06022827699780464 7.314352512359619
3 0.05072396248579025 21.246288299560547 0.04125925526022911 37.23154067993164 0.06956247985363007 6.3615546226501465 0.06038124859333038 12.707837104797363
1 0.05029325187206268 7.834555149078369 0.04048406332731247 13.63772201538086 0.0694328024983406 2.2248950004577637 0.06015372276306152 4.605717182159424
3 0.05068574845790863 20.108299255371094 0.04119207337498665 34.059200286865234 0.06955160200595856 6.011987686157227 0.06036100909113884 11.999677658081055
4 0.05102997273206711 30.91126251220703 0.041794221848249435 51.085636138916016 0.06964793056249619 9.145615577697754 0.060540806502103806 18.46837615966797
2 0.05062183737754822 18.11970329284668 0.041077956557273865 30.002178192138672 0.06953391432762146 5.445392608642578 0.06032750755548477 10.811357498168945
3 0.05068793520331383 20.13750648498535 0.04119589552283287 34.587520599365234 0.06955242156982422 6.0381693840026855 0.06036240980029106 12.04350757598877
1 0.050443340092897415 12.443716049194336 0.04075967147946358 22.24225616455078 0.06948310136795044 3.8195431232452393 0.0602327361702919 7.4759063720703125
4 0.050974223762750626 29.196897506713867 0.04169859737157822 48.016658782958984 0.06963223963975906 8.62829303741455 0.06051178276538849 17.409557342529297
1 0.050385236740112305 10.701379776000977 0.04065342992544174 18.028152465820312 0.06945948302745819 3.241018295288086 0.06020283326506615 6.368599891662598
4 0.05094193294644356 28.18058967590332 0.04164237529039383 47.7706184387207 0.06962312012910843 8.32949161529541 0.06049486622214317 16.796958923339844
1 0.050441592931747437 12.381190299987793 0.04075504466891289 21.609251022338867 0.06948249042034149 3.7999684810638428 0.06023157015442848 7.432193279266357
3 0.050706177949905396 20.69745635986328 0.04122815653681755 33.96412658691406 0.06955727189779282 6.194180488586426 0.0603717640042305 12.379644393920898
2 0.05046597123146057 13.203471183776855 0.04079907014966011 23.452259063720703 0.06948954612016678 4.025485992431641 0.06024457514286041 7.890232086181641
2 0.050661616027355194 19.343435287475586 0.04114830866456032 33.921836853027344 0.06954504549503326 5.802696704864502 0.06034843251109123 11.547670364379883
2 0.05053215101361275 14.973761558532715 0.04091800004243851 25.66360092163086 0.06950853765010834 4.634496688842773 0.060279883444309235 9.135003089904785
3 0.050770919770002365 22.763586044311523 0.041342463344335556 38.81855010986328 0.06957568973302841 6.786006927490234 0.06040603667497635 13.58748722076416
3 0.05080532282590866 23.844825744628906 0.04140229523181915 41.59852981567383 0.06958562135696411 7.106869697570801 0.06042444705963135 14.235454559326172
4 0.05088029056787491 26.238252639770508 0.04153481125831604 45.3049201965332 0.06960650533437729 7.7856526374816895 0.060463570058345795 15.646737098693848
4 0.050995439291000366 28.974031448364258 0.04173658788204193 48.902076721191406 0.06963877379894257 8.842066764831543 0.060523465275764465 17.82168960571289
1 0.05041542276740074 11.646112442016602 0.04070838913321495 20.21599769592285 0.06947299093008041 3.5544073581695557 0.06021836772561073 6.946313858032227
3 0.050865087658166885 25.626712799072266 0.04150902479887009 42.588401794433594 0.06960234045982361 7.649860858917236 0.06045582517981529 15.368247032165527
4 0.05096989497542381 29.061376571655273 0.041690465062856674 49.59087371826172 0.0696314349770546 8.601801872253418 0.06051004305481911 17.33525848388672
1 0.050412070006132126 11.52675724029541 0.04070235788822174 19.77877426147461 0.0694715827703476 3.518031120300293 0.060216497629880905 6.880364418029785
3 0.05067748576402664 19.83868408203125 0.04117622971534729 34.36668395996094 0.0695493295788765 5.938630104064941 0.06035662814974785 11.839584350585938
3 0.05075069144368172 22.12809944152832 0.0413069948554039 37.422706604003906 0.06957026571035385 6.611708641052246 0.06039569154381752 13.214113235473633
1 0.05042517930269241 11.965978622436523 0.04072636738419533 20.75237464904785 0.06947702169418335 3.649554967880249 0.0602232962846756 7.128901481628418
2 0.050615087151527405 17.910112380981445 0.04106643795967102 31.455482482910156 0.06953201442956924 5.3842902183532715 0.060323942452669144 10.685049057006836
3 0.050733014941215515 21.566133499145508 0.0412759967148304 37.726539611816406 0.06956479698419571 6.436868190765381 0.06038574129343033 12.87528133392334
2 0.050603996962308884 17.548908233642578 0.04104640334844589 30.179574966430664 0.06952890753746033 5.285800933837891 0.06031809002161026 10.480382919311523
1 0.05042655020952225 11.993426322937012 0.04072844237089157 21.3153018951416 0.06947754323482513 3.661639451980591 0.060223955661058426 7.153347492218018
2 0.05066712573170662 19.5169620513916 0.04115854948759079 33.308265686035156 0.06954643130302429 5.8466877937316895 0.06035127490758896 11.655107498168945
3 0.05083826556801796 23.662397384643555 0.04145984724164009 41.39860153198242 0.06959420442581177 7.387619495391846 0.060440901666879654 14.843892097473145
2 0.05058827996253967 17.018531799316406 0.04101826623082161 29.945070266723633 0.06952448934316635 5.143434524536133 0.06030978262424469 10.186044692993164
2 0.05048919469118118 13.929927825927734 0.04084104299545288 24.70047950744629 0.06949622929096222 4.240105152130127 0.060256972908973694 8.327123641967773
3 0.050811514258384705 24.008451461791992 0.041414301842451096 40.253421783447266 0.06958688795566559 7.14939546585083 0.06042731925845146 14.35654354095459
3 0.05076925456523895 22.710193634033203 0.041338976472616196 36.69200134277344 0.06957519054412842 6.769776821136475 0.06040513515472412 13.555721282958984
3 0.05086274817585945 24.836833953857422 0.04150334745645523 43.63934326171875 0.06960182636976242 7.632757186889648 0.0604545958340168 15.3143949508667
4 0.05087640509009361 25.275850296020508 0.04152831807732582 44.77098083496094 0.06960465759038925 7.726908206939697 0.060460641980171204 15.56161117553711
3 0.050847362726926804 24.418743133544922 0.04147632047533989 41.520687103271484 0.06959710270166397 7.479606628417969 0.06044607609510422 15.018561363220215
2 0.05060681700706482 17.643604278564453 0.04105169698596001 31.033082962036133 0.06952958554029465 5.307605743408203 0.0603194460272789 10.531275749206543
3 0.05067598074674606 19.792448043823242 0.04117392376065254 33.93232727050781 0.06954905390739441 5.930940628051758 0.060356006026268005 11.815653800964355
3 0.050706665962934494 20.71340560913086 0.04122903570532799 36.368019104003906 0.06955748796463013 6.201719284057617 0.0603720061480999 12.388497352600098
2 0.0505267009139061 15.143643379211426 0.04090827703475952 26.141468048095703 0.06950700283050537 4.583996772766113 0.06027701497077942 9.032060623168945
1 0.05046141892671585 13.048259735107422 0.04079165309667587 23.094236373901367 0.06948824226856232 3.9840269088745117 0.060242198407649994 7.808913230895996
4 0.05093296617269516 27.896028518676758 0.04162755236029625 48.444725036621094 0.06962145119905472 8.274250984191895 0.06049120053648949 16.644168853759766
4 0.050868019461631775 25.77113151550293 0.041513413190841675 42.70043182373047 0.06960279494524002 7.665226936340332 0.060456905514001846 15.416717529296875
2 0.05061928555369377 18.03997230529785 0.04107363894581795 29.425189971923828 0.06953320652246475 5.422576427459717 0.060326170176267624 10.763875961303711
3 0.05080820992588997 23.467195510864258 0.041409388184547424 41.750892639160156 0.06958642601966858 7.13271951675415 0.060425952076911926 14.290226936340332
1 0.050352878868579865 9.70020580291748 0.040594860911369324 16.877269744873047 0.06944462656974792 2.8719401359558105 0.06018570438027382 5.738508701324463
1 0.05035806819796562 9.867746353149414 0.04060399532318115 16.83352279663086 0.06944692134857178 2.9290711879730225 0.06018852815032005 5.839158535003662
1 0.05043969303369522 12.088807106018066 0.040751125663518906 21.993974685668945 0.06948184967041016 3.779576301574707 0.06023043021559715 7.391361236572266
1 0.05037306994199753 10.310516357421875 0.040631238371133804 18.37261390686035 0.06945378333330154 3.1053624153137207 0.060196347534656525 6.1317620277404785
4 0.05088595673441887 25.912494659423828 0.04154454171657562 45.92621612548828 0.06960773468017578 7.826026916503906 0.060466088354587555 15.74698543548584
3 0.05079769715666771 22.895627975463867 0.041390132158994675 39.598854064941406 0.06958316266536713 7.028141021728516 0.06042005866765976 14.089062690734863
4 0.05100005865097046 29.11658477783203 0.04174436628818512 50.57865905761719 0.06964001059532166 8.8845853805542 0.06052584573626518 17.910310745239258
3 0.05086059123277664 24.773269653320312 0.04149961844086647 42.23856735229492 0.06960119307041168 7.613260746002197 0.06045342981815338 15.274375915527344
1 0.050330497324466705 9.003314018249512 0.0405534990131855 15.670479774475098 0.06943824142217636 2.6364753246307373 0.06017378345131874 5.310757637023926
2 0.050573308020830154 16.595962524414062 0.040991973131895065 28.520952224731445 0.06952023506164551 5.008427143096924 0.06030180677771568 9.906585693359375
4 0.050991129130125046 28.786962509155273 0.041729170829057693 49.787113189697266 0.0696379542350769 8.814924240112305 0.06052166968584061 17.746519088745117
2 0.05053382366895676 15.36707878112793 0.04092065244913101 26.361236572265625 0.06950899958610535 4.64937686920166 0.060280777513980865 9.166007041931152
1 0.05040916055440903 11.414506912231445 0.0406971275806427 20.248455047607422 0.0694701299071312 3.4877703189849854 0.06021503359079361 6.826991558074951
3 0.05079363286495209 22.315757751464844 0.04138204827904701 39.79553985595703 0.06958230584859848 7.000452041625977 0.060418300330638885 14.017813682556152
1 0.05030888319015503 8.326253890991211 0.040513232350349426 14.296719551086426 0.06943517178297043 2.4231386184692383 0.06016223877668381 4.902929306030273
1 0.05039316043257713 10.952005386352539 0.040667932480573654 19.045442581176758 0.06946326792240143 3.3261191844940186 0.060206975787878036 6.52189826965332
4 0.05089535564184189 26.64914321899414 0.04156080633401871 45.36956024169922 0.06960964947938919 7.8904805183410645 0.06047016754746437 15.913915634155273
3 0.05069052428007126 20.257156372070312 0.04120052605867386 35.502716064453125 0.06955291330814362 6.054862022399902 0.06036350131034851 12.089174270629883
2 0.05050012469291687 13.962059020996094 0.04086059704422951 25.14871597290039 0.0694994106888771 4.341792583465576 0.06026284024119377 8.533454895019531
1 0.05027138814330101 7.145226001739502 0.04044259712100029 12.42218017578125 0.0694287121295929 1.8813676834106445 0.0601419135928154 4.194624423980713
3 0.0508514903485775 24.492910385131836 0.041483618319034576 41.886417388916016 0.06959864497184753 7.529261589050293 0.06044870987534523 15.102970123291016
4 0.0509113073348999 25.876834869384766 0.04158995673060417 46.12127685546875 0.06961487978696823 8.06074333190918 0.060479357838630676 16.227359771728516
2 0.05059221014380455 17.135601043701172 0.04102496802806854 28.90857696533203 0.0695255845785141 5.180129528045654 0.060311850160360336 10.261034965515137
3 0.05072539672255516 21.33817481994629 0.04126179963350296 37.333351135253906 0.06956255435943604 6.364874362945557 0.06038171425461769 12.732526779174805
3 0.05067659914493561 19.812191009521484 0.04117482155561447 33.15602111816406 0.06954921782016754 5.936704158782959 0.06035632640123367 11.827005386352539
1 0.050378747284412384 10.496370315551758 0.0406416691839695 18.04796028137207 0.06945647299289703 3.170038938522339 0.06019943207502365 6.24242639541626
1 0.05040457099676132 11.314559936523438 0.04068876430392265 19.659482955932617 0.06946828216314316 3.4446418285369873 0.06021282076835632 6.739721298217773
3 0.05069567635655403 20.407718658447266 0.04120859503746033 34.916561126708984 0.06955455988645554 6.107974052429199 0.06036636233329773 12.182258605957031
2 0.05059654265642166 17.316219329833984 0.04103277996182442 29.83450698852539 0.06952681392431259 5.219344139099121 0.060314152389764786 10.342236518859863
1 0.05040769279003143 11.412277221679688 0.040694013237953186 20.27669334411621 0.06946971267461777 3.475938081741333 0.06021438166499138 6.798120021820068
3 0.05071626231074333 21.069067001342773 0.041245125234127045 36.89777374267578 0.06956014782190323 6.287693023681641 0.060377053916454315 12.567118644714355
4 0.050889045000076294 25.71101951599121 0.04154958203434944 45.00012969970703 0.06960859149694443 7.854478359222412 0.06046773120760918 15.806417465209961
4 0.05103328451514244 31.073575973510742 0.04179968684911728 52.44801712036133 0.06964940577745438 9.19316577911377 0.06054315343499184 18.54057502746582
4 0.051012489944696426 30.420745849609375 0.04176507890224457 50.30157470703125 0.06964302808046341 8.98271656036377 0.06053171679377556 18.13542366027832
1 0.05044037476181984 12.440919876098633 0.040753401815891266 21.528820037841797 0.06948227435350418 3.792773962020874 0.06023113429546356 7.413431644439697
2 0.050621867179870605 18.07520294189453 0.04107797518372536 30.20972442626953 0.06953391432762146 5.44578742980957 0.06032752990722656 10.812091827392578
4 0.05092642456293106 27.696325302124023 0.04161515459418297 46.95895004272461 0.06961917132139206 8.200087547302246 0.060487307608127594 16.51240348815918
4 0.05090174078941345 26.098674774169922 0.04157155007123947 46.81037902832031 0.06961173564195633 7.9582905769348145 0.060473863035440445 16.038875579833984
1 0.0504014827311039 11.205101013183594 0.04068312793970108 19.922592163085938 0.06946685910224915 3.4130966663360596 0.060211263597011566 6.681551456451416
2 0.050546981394290924 15.778716087341309 0.04094437509775162 27.702808380126953 0.0695127472281456 4.768658638000488 0.060287781059741974 9.412532806396484
1 0.05034466087818146 9.446162223815918 0.040579695254564285 16.335620880126953 0.06944151967763901 2.7845571041107178 0.06018133461475372 5.578932285308838
4 0.05089461803436279 25.882787704467773 0.04155990481376648 45.310523986816406 0.06961015611886978 7.905400276184082 0.06047062203288078 15.910577774047852
1 0.05027327314019203 7.202237606048584 0.040446143597364426 12.531329154968262 0.06942921876907349 1.9839236736297607 0.06014290452003479 4.2281084060668945
4 0.0509377047419548 28.046241760253906 0.041634466499090195 48.18606948852539 0.06962277740240097 8.317834854125977 0.06049368903040886 16.733373641967773
2 0.05061666667461395 17.870927810668945 0.0410693883895874 31.544824600219727 0.06953244656324387 5.399204730987549 0.060324762016534805 10.715652465820312
3 0.05078125 23.089658737182617 0.04136092960834503 38.67009353637695 0.06957884877920151 6.888810157775879 0.060411788523197174 13.786066055297852
2 0.050543174147605896 15.65982437133789 0.04093794524669647 27.637706756591797 0.06951166689395905 4.734856605529785 0.060285743325948715 9.341765403747559
3 0.05081266537308693 23.60411262512207 0.04141661897301674 41.97824478149414 0.06958767026662827 7.17372465133667 0.06042828783392906 14.37429141998291
4 0.051028162240982056 30.913068771362305 0.04179256409406662 52.307735443115234 0.0696474015712738 9.128445625305176 0.06053988263010979 18.43612289428711
1 0.05029035732150078 7.7427849769592285 0.0404786691069603 13.483607292175293 0.06943255662918091 2.1971399784088135 0.06015215814113617 4.549895286560059
1 0.050449106842279434 12.690686225891113 0.04076911136507988 22.005197525024414 0.06948471069335938 3.8710834980010986 0.060235679149627686 7.577174186706543
4 0.050985950976610184 28.956388473510742 0.04171834513545036 49.591758728027344 0.06963516771793365 8.725081443786621 0.06051741912961006 17.624008178710938
2 0.05061040446162224 17.24406623840332 0.04105750843882561 31.23817253112793 0.06953050941228867 5.337611675262451 0.060321252793073654 10.596918106079102
3 0.05072455853223801 20.671844482421875 0.04125996679067612 37.28750991821289 0.0695623829960823 6.3594255447387695 0.06038125976920128 12.716599464416504
1 0.0503070168197155 8.267168998718262 0.040509775280952454 13.572895050048828 0.06943496316671371 2.404632568359375 0.06016124039888382 4.867549896240234
1 0.05033644661307335 9.18895435333252 0.04056456312537193 15.946298599243164 0.06943938881158829 2.6971023082733154 0.06017696484923363 5.42303466796875
2 0.05047483742237091 13.476716041564941 0.040815383195877075 23.372909545898438 0.06949204951524734 4.106945037841797 0.06024925038218498 8.058198928833008
1 0.05026133358478546 6.825341701507568 0.04042347893118858 11.858504295349121 0.06942623853683472 1.7574657201766968 0.060136739164590836 4.01009464263916
3 0.0506737194955349 19.665210723876953 0.04117092117667198 33.65245056152344 0.06954829394817352 5.906925201416016 0.060354769229888916 11.77994441986084
4 0.050987739115953445 29.62789535522461 0.041721541434526443 50.09076690673828 0.06963598728179932 8.753802299499512 0.0605187714099884 17.66603660583496
4 0.051018401980400085 29.672334671020508 0.04177488759160042 51.339134216308594 0.06964518129825592 9.05446720123291 0.060535382479429245 18.257734298706055
1 0.05040077865123749 11.18288516998291 0.04068194702267647 19.909791946411133 0.06946660578250885 3.406069755554199 0.060210902243852615 6.668057441711426
4 0.05098474770784378 29.53194236755371 0.04171651974320412 49.984439849853516 0.06963478028774261 8.713842391967773 0.060516756027936935 17.6016788482666
4 0.05089963227510452 26.731782913208008 0.041568733751773834 46.73698806762695 0.06961151212453842 7.950331211090088 0.06047317758202553 16.00577735900879
1 0.05026569589972496 6.965310573577881 0.040431778877973557 12.104243278503418 0.06942730396986008 1.8341193199157715 0.06013895943760872 4.090630054473877
1 0.05034686252474785 9.514745712280273 0.04058350622653961 16.02764129638672 0.06944231688976288 2.8072617053985596 0.060182470828294754 5.62155294418335
1 0.05036358907818794 10.038473129272461 0.040614113211631775 17.46232795715332 0.06944908201694489 2.9869372844696045 0.06019144877791405 5.946044921875
4 0.050897836685180664 26.783903121948242 0.0415644608438015 45.406158447265625 0.06961064785718918 7.922338008880615 0.060471829026937485 15.964438438415527
2 0.050468552857637405 13.292558670043945 0.04080413654446602 23.590272903442383 0.06949030607938766 4.050202369689941 0.06024599447846413 7.941125392913818
2 0.050583720207214355 16.925167083740234 0.04100993648171425 28.459409713745117 0.06952318549156189 5.101759433746338 0.0603073425590992 10.100113868713379
2 0.0505482517182827 15.818655967712402 0.040947046130895615 27.629182815551758 0.06951297074556351 4.7765021324157715 0.06028828024864197 9.434706687927246
4 0.05099986866116524 29.111209869384766 0.04173329100012779 50.555030822753906 0.06964021176099777 8.895774841308594 0.060526248067617416 17.91412925720215
3 0.05080176144838333 22.507492065429688 0.0413970947265625 40.45231246948242 0.06958407163619995 7.058127403259277 0.0604219064116478 14.161053657531738
1 0.050264064222574234 6.912981033325195 0.04042866826057434 12.012495040893555 0.06942697614431381 1.8198899030685425 0.060138117522001266 4.059149265289307
2 0.05063435807824135 18.485273361206055 0.04109998419880867 32.51047134399414 0.06953764706850052 5.565135478973389 0.06033432483673096 11.04428768157959
2 0.05054910480976105 15.836448669433594 0.04094861447811127 27.305496215820312 0.06951338052749634 4.788967132568359 0.06028894707560539 9.453571319580078
4 0.05092756822705269 27.676292419433594 0.04161810874938965 46.97059631347656 0.0696190819144249 8.198126792907715 0.06048739328980446 16.526853561401367
3 0.050674159079790115 19.725177764892578 0.04117188602685928 33.03239059448242 0.06954865157604218 5.917029857635498 0.060355283319950104 11.79085636138916
4 0.050999466329813004 29.094900131225586 0.04174284264445305 49.330047607421875 0.0696398913860321 8.879179954528809 0.0605255626142025 17.897966384887695
3 0.05074656754732132 21.52048110961914 0.041298866271972656 38.50373840332031 0.06956882029771805 6.565705299377441 0.06039320304989815 13.132621765136719
1 0.05043650045990944 12.303936958312988 0.040746308863162994 21.84032440185547 0.06948109716176987 3.755903482437134 0.060229070484638214 7.339424133300781
3 0.05073671415448189 21.63875389099121 0.04128216579556465 37.297279357910156 0.06956597417593002 6.4742841720581055 0.060387998819351196 12.948979377746582
4 0.05102850869297981 30.924640655517578 0.04179259389638901 50.94655990600586 0.06964749842882156 9.13192367553711 0.060540031641721725 18.441814422607422
4 0.05091378092765808 26.412097930908203 0.04159305989742279 44.97651290893555 0.06961523741483688 8.071691513061523 0.06048025190830231 16.26692008972168
2 0.050581153482198715 16.838783264160156 0.04100498557090759 27.461164474487305 0.06952238827943802 5.077040195465088 0.06030583381652832 10.047874450683594
4 0.05091942474246025 26.58526039123535 0.041603464633226395 47.705474853515625 0.06961719691753387 8.135244369506836 0.06048363447189331 16.37982177734375
1 0.050411079078912735 11.518325805664062 0.04070030897855759 20.219905853271484 0.06947115808725357 3.5083491802215576 0.0602160319685936 6.861494064331055
4 0.0510302297770977 30.91909408569336 0.04179510846734047 52.334136962890625 0.06964801996946335 9.148019790649414 0.060540974140167236 18.473413467407227
1 0.0503108873963356 8.389549255371094 0.04051694646477699 14.605355262756348 0.069435253739357 2.4432590007781982 0.060163289308547974 4.941105365753174
4 0.05091208964586258 26.414331436157227 0.041591327637434006 46.12891387939453 0.06961508840322495 8.06789779663086 0.060479775071144104 16.242801666259766
1 0.050329700112342834 8.978656768798828 0.04055209830403328 15.422259330749512 0.06943807750940323 2.627455472946167 0.060173314064741135 5.295446395874023
1 0.050283659249544144 7.5331501960754395 0.0404658168554306 13.005797386169434 0.0694313794374466 2.0749287605285645 0.06014837324619293 4.4214067459106445
1 0.05044262856245041 12.506125450134277 0.040757711976766586 22.162364959716797 0.0694829523563385 3.8142218589782715 0.06023235246539116 7.4565839767456055
2 0.05064893513917923 18.948097229003906 0.041126444935798645 32.8042106628418 0.06954172998666763 5.694312572479248 0.06034202501177788 11.313655853271484
2 0.0506611168384552 19.328166961669922 0.0411473773419857 32.90547561645508 0.06954492628574371 5.797740936279297 0.06034819409251213 11.537747383117676
4 0.05103972181677818 31.278146743774414 0.04181258752942085 51.706783294677734 0.06965111941099167 9.251761436462402 0.06054644659161568 18.665184020996094
1 0.05030278116464615 8.113182067871094 0.040502969175577164 14.201549530029297 0.06943392753601074 2.336613178253174 0.06015912443399429 4.798304557800293
4 0.05105467513203621 30.729320526123047 0.04183920472860336 54.8931999206543 0.06965547800064087 9.391905784606934 0.06055431440472603 18.947032928466797
3 0.050762832164764404 22.41435432434082 0.04132883995771408 38.68743896484375 0.0695735439658165 6.716637134552002 0.06040206924080849 13.446417808532715
3 0.05077561363577843 22.862504959106445 0.04135022684931755 39.0405158996582 0.06957672536373138 6.8200297355651855 0.06040818616747856 13.6710205078125
4 0.05093521997332573 27.91263771057129 0.04163137078285217 47.26689147949219 0.06962208449840546 8.294589042663574 0.060492392629384995 16.686328887939453
3 0.050763022154569626 22.468610763549805 0.0413292795419693 38.37141036987305 0.06957360357046127 6.718298435211182 0.06040217727422714 13.450088500976562
2 0.05061796307563782 17.979793548583984 0.04107100889086723 30.186674118041992 0.06953301280736923 5.415596961975098 0.06032562255859375 10.736564636230469
2 0.05065826326608658 19.239757537841797 0.04114286229014397 31.83036231994629 0.06954436004161835 5.778896331787109 0.060346949845552444 11.48787784576416
2 0.05060192942619324 17.485036849975586 0.04104243591427803 29.67459487915039 0.06952822208404541 5.264398574829102 0.060316890478134155 10.44143009185791
3 0.05077390372753143 22.857608795166016 0.041347600519657135 38.84413146972656 0.06957652419805527 6.812673568725586 0.0604076124727726 13.643176078796387
1 0.05044858902692795 12.67715835571289 0.040768370032310486 21.662574768066406 0.06948457658290863 3.866502046585083 0.0602354072034359 7.567515850067139
4 0.051005467772483826 30.197341918945312 0.04175295680761337 50.664222717285156 0.06964147835969925 8.933633804321289 0.060528598725795746 18.01250457763672
3 0.05080719292163849 23.904340744018555 0.0414067842066288 39.336795806884766 0.06958618015050888 7.123996257781982 0.06042545661330223 14.270952224731445
1 0.05043107271194458 12.134747505187988 0.0407366007566452 21.545692443847656 0.06947925686836243 3.704538583755493 0.060226257890462875 7.23769998550415
4 0.050912220031023026 26.363107681274414 0.04159040004014969 45.29670333862305 0.06961516290903091 8.068445205688477 0.06047985330224037 16.243377685546875
3 0.05072081834077835 21.21132469177246 0.041254330426454544 34.99671173095703 0.0695616826415062 6.334776878356934 0.06037973612546921 12.654025077819824
4 0.05104808881878853 30.587533950805664 0.04182667285203934 52.74747848510742 0.06965303421020508 9.313880920410156 0.0605502650141716 18.81447982788086
1 0.05025596171617508 6.649174213409424 0.040413226932287216 11.35139274597168 0.06942471861839294 1.6629012823104858 0.060133956372737885 3.9125194549560547
2 0.05052422359585762 14.698287963867188 0.0409042127430439 25.267602920532227 0.06950631737709045 4.562416076660156 0.06027571111917496 8.986626625061035
4 0.05099482834339142 28.958925247192383 0.04173478111624718 51.78197479248047 0.06963799148797989 8.818903923034668 0.06052246689796448 17.800500869750977
1 0.05046245455741882 13.123274803161621 0.040792908519506454 23.10713005065918 0.06948866695165634 3.9970669746398926 0.06024284288287163 7.8251190185546875
2 0.050485920161008835 13.819043159484863 0.04083603620529175 24.555179595947266 0.06949514895677567 4.202900409698486 0.06025530397891998 8.271944046020508
2 0.050628334283828735 18.30508804321289 0.041089318692684174 30.6136417388916 0.06953593343496323 5.509521007537842 0.06033109128475189 10.929939270019531
4 0.050940725952386856 28.14215850830078 0.04163966327905655 46.518314361572266 0.06962358951568604 8.345017433166504 0.06049523502588272 16.789575576782227
4 0.05090360343456268 26.966909408569336 0.041565343737602234 46.25189971923828 0.06961244344711304 7.987986087799072 0.06047523766756058 16.082670211791992
1 0.050296884030103683 7.776822090148926 0.040490761399269104 13.640480995178223 0.0694335401058197 2.2735700607299805 0.06015569716691971 4.673542499542236
4 0.051027391105890274 30.302785873413086 0.04179062321782112 51.289730072021484 0.06964721530675888 9.121421813964844 0.060539476573467255 18.419118881225586
4 0.0509578175842762 28.07651138305664 0.04167086258530617 47.25994873046875 0.06962765008211136 8.477458953857422 0.060503263026475906 17.098987579345703
1 0.05041661858558655 11.691585540771484 0.04071035981178284 20.031869888305664 0.06947353482246399 3.56477427482605 0.06021888926625252 6.966117858886719
3 0.05077037587761879 22.69327735900879 0.0413379892706871 38.73387908935547 0.0695757195353508 6.789265155792236 0.06040606647729874 13.582280158996582
2 0.05051480233669281 14.708417892456055 0.04088665917515755 26.072006225585938 0.0695035308599472 4.474367141723633 0.0602705292403698 8.80522632598877
2 0.05066415295004845 19.42339515686035 0.041153520345687866 33.34996032714844 0.06954599916934967 5.831807613372803 0.060350049287080765 11.597729682922363
4 0.05088898912072182 25.706527709960938 0.04154942184686661 46.05730438232422 0.06960859149694443 7.85457181930542 0.06046772003173828 15.805830001831055
2 0.05056508257985115 16.3033504486084 0.040977053344249725 28.697927474975586 0.0695178210735321 4.930340766906738 0.060297418385744095 9.753271102905273
3 0.05080435425043106 23.8149356842041 0.04140132665634155 41.45899963378906 0.06958531588315964 7.098260879516602 0.06042391434311867 14.218276023864746
4 0.05095112323760986 28.477651596069336 0.04165758192539215 49.23735046386719 0.069626085460186 8.428112030029297 0.060500167310237885 16.980146408081055
4 0.05104634538292885 30.5330753326416 0.04182232543826103 51.873722076416016 0.06965259462594986 9.298442840576172 0.060549404472112656 18.780977249145508
1 0.050325144082307816 8.835308074951172 0.0405438169836998 15.392529487609863 0.06943715363740921 2.5845208168029785 0.06017090380191803 5.2104878425598145
1 0.05039433389902115 10.988744735717773 0.04067036136984825 18.844802856445312 0.06946373730897903 3.3383162021636963 0.060207583010196686 6.54418420791626
1 0.050341393798589706 9.343111038208008 0.04057379066944122 16.263761520385742 0.0694405809044838 2.7482643127441406 0.060179609805345535 5.516132354736328
3 0.050749652087688446 22.095317840576172 0.041304707527160645 37.80181884765625 0.06956996023654938 6.602229118347168 0.060395147651433945 13.194540977478027
2 0.0506647489964962 19.441850662231445 0.04115387424826622 33.29707336425781 0.0695461630821228 5.837425231933594 0.060350384563207626 11.609172821044922
3 0.05082903057336807 23.85174560546875 0.04144475981593132 41.683509826660156 0.06959163397550583 7.303481578826904 0.06043608859181404 14.670625686645508
4 0.0509507991373539 28.46051597595215 0.04165969043970108 48.17001724243164 0.06962648034095764 8.439966201782227 0.06050056591629982 16.982934951782227
3 0.05086526274681091 25.684762954711914 0.04150965064764023 42.215126037597656 0.06960240751504898 7.651594638824463 0.06045590341091156 15.371322631835938
4 0.05086749419569969 25.267608642578125 0.04151356592774391 44.94662094116211 0.06960263103246689 7.6606879234313965 0.06045662611722946 15.407817840576172
2 0.050541698932647705 15.613658905029297 0.04093511402606964 27.518077850341797 0.06951124966144562 4.721134662628174 0.060284972190856934 9.31386947631836
3 0.05079931393265724 22.49211883544922 0.0413917638361454 40.30284881591797 0.06958359479904175 7.0430731773376465 0.06042087450623512 14.118634223937988
4 0.050890807062387466 25.71051025390625 0.041552528738975525 46.243873596191406 0.06960908323526382 7.870397090911865 0.060468629002571106 15.838716506958008
2 0.05048155412077904 13.426136016845703 0.04082753509283066 24.020198822021484 0.06949406862258911 4.169517993927002 0.06025288254022598 8.181918144226074
2 0.05063066631555557 18.387805938720703 0.041093822568655014 32.29597473144531 0.06953638792037964 5.524057388305664 0.060332223773002625 10.97629451751709
1 0.050283823162317276 7.538340091705322 0.04046614095568657 13.11047649383545 0.06943149119615555 2.07672119140625 0.06014849990606308 4.424514293670654
3 0.05069222301244736 20.271854400634766 0.04120334982872009 34.1555290222168 0.06955359131097794 6.076753616333008 0.060364656150341034 12.12420654296875
4 0.05096859857439995 28.961933135986328 0.04168799892067909 48.63468551635742 0.06963106989860535 8.589712142944336 0.0605093389749527 17.309682846069336
2 0.05062010511755943 18.065513610839844 0.041075289249420166 30.640207290649414 0.06953343003988266 5.429405212402344 0.06032660976052284 10.778974533081055
3 0.05081472545862198 24.1094913482666 0.041419968008995056 41.11292266845703 0.0695878192782402 7.178712368011475 0.06042902171611786 14.41585922241211
3 0.05084332823753357 24.206096649169922 0.04147138074040413 42.628570556640625 0.06959620118141174 7.450793266296387 0.06044440343976021 14.959819793701172
1 0.050297461450099945 7.969761371612549 0.040491946041584015 13.778844833374023 0.06943332403898239 2.278554916381836 0.06015591323375702 4.6855363845825195
4 0.05091792345046997 26.53866958618164 0.04160095378756523 45.836029052734375 0.0696164071559906 8.109414100646973 0.06048240512609482 16.344444274902344
2 0.050514236092567444 14.699638366699219 0.04088582843542099 25.328638076782227 0.06950339674949646 4.46958065032959 0.0602702796459198 8.79582691192627
3 0.05073055997490883 21.511388778686523 0.04127051308751106 35.70038604736328 0.06956404447555542 6.4130473136901855 0.06038457900285721 12.834610939025879
2 0.05052083730697632 14.919173240661621 0.04089822620153427 25.814661026000977 0.06950532644987106 4.531495571136475 0.06027386710047722 8.922869682312012
2 0.05053206533193588 15.270337104797363 0.04091805964708328 26.38990020751953 0.06950854510068893 4.633424758911133 0.06027987599372864 9.132904052734375
1 0.050309374928474426 8.345303535461426 0.040514200925827026 13.896184921264648 0.06943516433238983 2.427288055419922 0.06016246974468231 4.912777900695801
2 0.05060644447803497 17.632431030273438 0.04105086624622345 30.45492935180664 0.06952960789203644 5.307413578033447 0.06031939387321472 10.524965286254883
1 0.05025768652558327 6.710100173950195 0.04041652753949165 11.656014442443848 0.06942526251077652 1.6750396490097046 0.06013484299182892 3.9423701763153076
4 0.0509982593357563 29.061073303222656 0.0417415127158165 49.7958869934082 0.06963954120874405 8.867502212524414 0.06052491441369057 17.874601364135742
1 0.05027163401246071 7.123448848724365 0.040443066507577896 12.440314292907715 0.06942882388830185 1.8832875490188599 0.06014203652739525 4.19791841506958
3 0.05078982189297676 23.357248306274414 0.04137551039457321 40.73772048950195 0.06958097219467163 6.956503868103027 0.06041595712304115 13.940597534179688
3 0.05075849965214729 21.702468872070312 0.0413210466504097 38.13539505004883 0.06957247108221054 6.683134078979492 0.06039980798959732 13.360209465026855
1 0.05036567151546478 10.087620735168457 0.040617935359478 17.572927474975586 0.0694504901766777 3.01566481590271 0.060192544013261795 5.989475250244141
2 0.050629932433366776 18.350929260253906 0.04109232872724533 31.468006134033203 0.06953639537096024 5.525074005126953 0.06033196672797203 10.961219787597656
1 0.05037248134613037 10.292405128479004 0.040630172938108444 17.93422508239746 0.06945353746414185 3.0980582237243652 0.06019601970911026 6.120147705078125
3 0.05072230100631714 20.805679321289062 0.04125605896115303 36.311676025390625 0.06956186145544052 6.342769145965576 0.0603802390396595 12.679940223693848
1 0.05041661858558655 11.691585540771484 0.04071035981178284 20.031869888305664 0.06947353482246399 3.56477427482605 0.06021888926625252 6.966117858886719
1 0.05031992495059967 8.644830703735352 0.040535252541303635 15.134203910827637 0.06943653523921967 2.5383901596069336 0.06016843765974045 5.123632431030273
3 0.050735846161842346 21.6590633392334 0.041280653327703476 37.86334228515625 0.0695658028125763 6.468724727630615 0.060387514531612396 12.930949211120605
2 0.050541412085294724 15.602806091308594 0.040934640914201736 27.241615295410156 0.06951116770505905 4.718618392944336 0.0602848045527935 9.308355331420898
3 0.05084361881017685 24.21504783630371 0.04147139564156532 42.69793701171875 0.06959594786167145 7.442882537841797 0.060444176197052 14.959959030151367
1 0.05031188577413559 8.184969902038574 0.040520019829273224 14.691540718078613 0.06943538784980774 2.4587769508361816 0.060164131224155426 4.972647190093994
2 0.050503216683864594 14.356136322021484 0.04086608067154884 23.90895652770996 0.06950028240680695 4.369460582733154 0.060264457017183304 8.590311050415039
1 0.05035054311156273 9.632753372192383 0.04059027507901192 16.751544952392578 0.06944379955530167 2.8482799530029297 0.06018450856208801 5.692817687988281
1 0.05040875822305679 11.37592601776123 0.04069620370864868 19.87839698791504 0.06947042793035507 3.4848532676696777 0.06021478399634361 6.81958532333374
2 0.05047506466507912 13.48234748840332 0.04081559553742409 23.377445220947266 0.06949217617511749 4.1103339195251465 0.06024941802024841 8.061745643615723
2 0.050483595579862595 13.75338077545166 0.04083124175667763 23.814075469970703 0.06949463486671448 4.188708305358887 0.06025397777557373 8.22147274017334
4 0.05102121829986572 29.757780075073242 0.04178095608949661 53.10155487060547 0.0696459636092186 9.080826759338379 0.06053684279322624 18.312326431274414
1 0.05043520778417587 12.274619102478027 0.04074397310614586 20.781871795654297 0.06948067992925644 3.7431228160858154 0.06022835895419121 7.314216136932373
1 0.05044664442539215 12.588831901550293 0.040764354169368744 21.86656379699707 0.06948410719633102 3.8508007526397705 0.06023445352911949 7.528974533081055
4 0.051039814949035645 30.32576560974121 0.041812408715486526 52.495418548583984 0.06965071707963943 9.23796272277832 0.06054598465561867 18.658405303955078
1 0.05044505372643471 12.535797119140625 0.04076141119003296 22.300989151000977 0.06948348134756088 3.8315775394439697 0.06023338809609413 7.49703311920166
2 0.05047687515616417 13.557978630065918 0.0408191904425621 24.061899185180664 0.06949272751808167 4.1276960372924805 0.060250453650951385 8.097658157348633
3 0.05068943649530411 19.742155075073242 0.0411984957754612 35.4423713684082 0.06955260783433914 6.045370101928711 0.060362935066223145 12.069062232971191
3 0.05070848762989044 20.816614151000977 0.04123249650001526 34.96335983276367 0.0695580244064331 6.217857360839844 0.06037299707531929 12.421916961669922
2 0.050635699182748795 18.486743927001953 0.041102174669504166 30.52731704711914 0.06953800469636917 5.5757670402526855 0.06033501401543617 11.067689895629883
1 0.05038168281316757 10.583895683288574 0.04064711183309555 18.395334243774414 0.06945787370204926 3.202740430831909 0.06020098179578781 6.300027370452881
2 0.05047989264130592 13.6093111038208 0.04082434996962547 23.499147415161133 0.06949356198310852 4.155055522918701 0.06025199592113495 8.152507781982422
1 0.05042000487446785 11.788812637329102 0.040716830641031265 20.959619522094727 0.06947492808103561 3.5985071659088135 0.0602206289768219 7.030511856079102
1 0.050294458866119385 7.875135898590088 0.040486373007297516 13.708895683288574 0.06943316012620926 2.250439405441284 0.06015436351299286 4.628329277038574
3 0.0508308969438076 23.39115333557129 0.04144768789410591 41.90201950073242 0.06959246098995209 7.329941749572754 0.06043744087219238 14.71065616607666
1 0.05025875195860863 6.74419641494751 0.04041854664683342 11.71694278717041 0.06942542642354965 1.6846174001693726 0.0601353719830513 3.9646482467651367
1 0.05039126053452492 10.897233963012695 0.04066476225852966 18.932125091552734 0.06946214288473129 3.30472469329834 0.06020599231123924 6.4849724769592285
1 0.05033881217241287 9.262521743774414 0.04056892544031143 16.128049850463867 0.06943994760513306 2.7213900089263916 0.0601782351732254 5.467883110046387
2 0.050570711493492126 16.5123233795166 0.0409868098795414 28.397262573242188 0.06951950490474701 4.984442234039307 0.060300443321466446 9.857368469238281
2 0.05062060430645943 18.081193923950195 0.04107590392231941 30.97937774658203 0.069533571600914 5.434076309204102 0.060326870530843735 10.788276672363281
2 0.050572533160448074 16.569183349609375 0.04099063575267792 28.292335510253906 0.06952003389596939 5.0007429122924805 0.06030140444636345 9.891109466552734
3 0.05083121731877327 23.91860008239746 0.04144851490855217 42.00341796875 0.06959254294633865 7.332353591918945 0.06043760105967522 14.716824531555176
2 0.05057365819811821 16.602108001708984 0.040992870926856995 28.59823989868164 0.06952027231454849 5.008694171905518 0.06030203774571419 9.915909767150879
3 0.05068632960319519 19.741880416870117 0.04119320213794708 35.274906158447266 0.0695517286658287 6.017116546630859 0.06036130711436272 12.011602401733398
1 0.05036615952849388 10.092141151428223 0.04061869531869888 17.246826171875 0.06945078074932098 3.020880699157715 0.0601927787065506 5.9981489181518555
2 0.05054037272930145 15.529294967651367 0.04093276336789131 26.55934715270996 0.06951087713241577 4.708806037902832 0.06028426066040993 9.288779258728027
3 0.05076497793197632 22.525848388671875 0.04133182764053345 38.38376998901367 0.0695742815732956 6.740237236022949 0.0604032464325428 13.480392456054688
4 0.05096374824643135 28.866519927978516 0.04168100282549858 49.059688568115234 0.06962969154119492 8.544204711914062 0.06050679460167885 17.218032836914062
1 0.050414927303791046 11.630688667297363 0.0407075509428978 20.194339752197266 0.06947283446788788 3.549354076385498 0.06021811068058014 6.936882019042969
2 0.05055014044046402 15.868844032287598 0.040950484573841095 27.23838996887207 0.06951367110013962 4.798408031463623 0.06028947979211807 9.47270393371582
3 0.05079719051718712 22.419771194458008 0.04138864576816559 40.23933029174805 0.06958333402872086 7.033390998840332 0.06042017415165901 14.084158897399902
1 0.050331491976976395 9.034501075744629 0.04055536910891533 15.731203079223633 0.0694384053349495 2.646637201309204 0.06017431616783142 5.329486846923828
2 0.05046410486102104 13.164088249206543 0.040796224027872086 22.820417404174805 0.0694890096783638 4.008360385894775 0.0602436289191246 7.85897159576416
1 0.050293922424316406 7.85536527633667 0.040485333651304245 13.676043510437012 0.06943286210298538 2.2300126552581787 0.060154031962156296 4.6178975105285645
4 0.050876982510089874 25.347999572753906 0.04152941331267357 44.352108001708984 0.06960448622703552 7.721789836883545 0.06046055257320404 15.566549301147461
3 0.05069205164909363 20.30494499206543 0.04120269790291786 35.60129928588867 0.06955332309007645 6.068315029144287 0.06036430597305298 12.117888450622559
2 0.050573017448186874 16.542041778564453 0.04099119454622269 28.268840789794922 0.06952015310525894 5.005866050720215 0.06030164659023285 9.901251792907715
3 0.050719253718853 21.162738800048828 0.041250746697187424 34.55607986450195 0.06956104189157486 6.31479549407959 0.06037865951657295 12.622020721435547
1 0.050438545644283295 12.381510734558105 0.04074997082352638 21.962106704711914 0.06948160380125046 3.7725911140441895 0.0602300688624382 7.378758430480957
3 0.05069052428007126 20.257156372070312 0.04120052605867386 35.502716064453125 0.06955291330814362 6.054862022399902 0.06036350131034851 12.089174270629883
4 0.050997089594602585 29.022857666015625 0.04173794016242027 50.99951171875 0.0696391612291336 8.855618476867676 0.06052426993846893 17.852514266967773
2 0.05062359571456909 17.582704544067383 0.04108079522848129 30.611465454101562 0.06953462958335876 5.467477798461914 0.0603286549448967 10.842988967895508
3 0.05074753612279892 22.031490325927734 0.04130077362060547 37.60483932495117 0.06956885755062103 6.566287994384766 0.06039340794086456 13.145468711853027
1 0.050385307520627975 10.707324981689453 0.0406537689268589 18.265981674194336 0.06945965439081192 3.2426109313964844 0.06020290032029152 6.37069034576416
3 0.05069034546613693 20.20462989807129 0.041200026869773865 35.50439453125 0.06955286115407944 6.05333948135376 0.060363415628671646 12.08620834350586
3 0.05084298551082611 24.2506103515625 0.041469790041446686 42.644309997558594 0.06959577649831772 7.436863422393799 0.06044385954737663 14.947477340698242
2 0.050583843141794205 16.92906951904297 0.04101073369383812 29.821157455444336 0.06952321529388428 5.1034088134765625 0.06030738726258278 10.103170394897461
1 0.050411928445100784 11.51314640045166 0.04070182517170906 20.267322540283203 0.06947145611047745 3.515845537185669 0.06021638214588165 6.8763017654418945
1 0.05037920922040939 10.510619163513184 0.04064219444990158 18.230998992919922 0.06945668160915375 3.175161361694336 0.060199666768312454 6.251553535461426
4 0.05100031942129135 29.124919891357422 0.04174541309475899 50.59827423095703 0.06964050233364105 8.900083541870117 0.060526490211486816 17.922945022583008
2 0.050474487245082855 13.232083320617676 0.04081477224826813 23.896987915039062 0.06949210911989212 4.107876777648926 0.06024925783276558 8.052337646484375
2 0.050657473504543304 19.206756591796875 0.04114179685711861 33.65045166015625 0.06954412907361984 5.772711277008057 0.06034654751420021 11.474607467651367
2 0.05049017444252968 13.96743106842041 0.04084315150976181 24.72776222229004 0.06949654221534729 4.249807834625244 0.060257524251937866 8.346369743347168
4 0.05086870491504669 25.793203353881836 0.04151565954089165 44.9635009765625 0.06960301101207733 7.672040939331055 0.06045728549361229 15.430096626281738
4 0.051019780337810516 29.71465301513672 0.041777919977903366 52.89762496948242 0.06964559108018875 9.067224502563477 0.06053612008690834 18.283809661865234
3 0.05076935142278671 22.709169387817383 0.04133949801325798 39.2716178894043 0.06957554817199707 6.780862331390381 0.060405559837818146 13.562935829162598
1 0.050286099314689636 7.608330249786377 0.0404704213142395 13.138598442077637 0.06943191587924957 2.14298939704895 0.060149796307086945 4.468094348907471
2 0.05066200718283653 19.366628646850586 0.04114947095513344 33.968143463134766 0.0695449635386467 5.799239635467529 0.0603485032916069 11.557096481323242
1 0.05043534189462662 12.268392562866211 0.04074430465698242 21.274259567260742 0.06948073953390121 3.744957447052002 0.06022845581173897 7.317556381225586
1 0.05033566430211067 9.130985260009766 0.040563106536865234 15.954439163208008 0.0694391280412674 2.6896355152130127 0.06017644703388214 5.406645774841309
4 0.05088122561573982 26.267932891845703 0.0415361262857914 44.290428161621094 0.06960675865411758 7.794329643249512 0.060464050620794296 15.664459228515625
4 0.05103259161114693 31.054967880249023 0.041800159960985184 51.54961395263672 0.06964865326881409 9.170049667358398 0.06054215878248215 18.51944923400879
4 0.05088311806321144 26.325857162475586 0.04153931513428688 45.66911697387695 0.06960688531398773 7.800369739532471 0.060464560985565186 15.694592475891113
2 0.05055234208703041 15.944936752319336 0.040954284369945526 27.46599769592285 0.06951429694890976 4.8173112869262695 0.06029064580798149 9.512062072753906
3 0.05086662992835045 25.727771759033203 0.04151159152388573 44.92441940307617 0.06960239261388779 7.6530070304870605 0.06045617535710335 15.391631126403809
3 0.050828929990530014 23.37928581237793 0.04144395887851715 41.87703323364258 0.06959190964698792 7.311943531036377 0.06043640896677971 14.673605918884277
2 0.050567954778671265 16.43238067626953 0.040981799364089966 26.918893814086914 0.06951873004436493 4.958927154541016 0.06029896065592766 9.804875373840332
3 0.05079038441181183 23.32588005065918 0.04137691110372543 40.65534591674805 0.06958086043596268 6.952821731567383 0.06041588634252548 13.94621467590332
2 0.05059375613927841 17.227012634277344 0.041028209030628204 29.630538940429688 0.06952604651451111 5.193552494049072 0.06031269580125809 10.28935432434082
3 0.05074464529752731 21.89226722717285 0.041297148913145065 38.394927978515625 0.06956858932971954 6.5569586753845215 0.06039252504706383 13.100691795349121
3 0.05080069229006767 23.696157455444336 0.041395071893930435 40.829246520996094 0.06958434730768204 7.065155982971191 0.060422029346227646 14.149140357971191
2 0.05060693621635437 17.631093978881836 0.041051119565963745 30.324357986450195 0.06952991336584091 5.317647933959961 0.06031978502869606 10.532563209533691
3 0.050733402371406555 21.583276748657227 0.0412757433950901 36.27267837524414 0.0695650577545166 6.4439802169799805 0.06038626655936241 12.886075019836426
1 0.050302326679229736 8.098979949951172 0.040502071380615234 14.168537139892578 0.06943386793136597 2.332305431365967 0.060158874839544296 4.789523124694824
2 0.05049522593617439 14.091581344604492 0.04085173457860947 24.764747619628906 0.0694979801774025 4.296460151672363 0.06026020273566246 8.441679000854492
2 0.05055689811706543 16.080955505371094 0.040961962193250656 27.60064125061035 0.06951560080051422 4.859307289123535 0.06029309704899788 9.598397254943848
1 0.050306595861911774 8.253946304321289 0.040509212762117386 14.376212120056152 0.06943438202142715 2.402484893798828 0.06016097590327263 4.861451625823975
2 0.0505949892103672 17.2226505279541 0.04103031009435654 30.382240295410156 0.06952637434005737 5.205428123474121 0.060313329100608826 10.313030242919922
1 0.05025582015514374 6.652368545532227 0.04041308909654617 11.259481430053711 0.06942473351955414 1.662231206893921 0.060133930295705795 3.910562753677368
4 0.05103537067770958 30.55375862121582 0.041806191205978394 52.81259536743164 0.06964996457099915 9.212244987487793 0.06054419279098511 18.58078384399414
2 0.050622135400772095 18.084280014038086 0.0410788431763649 31.122509002685547 0.06953379511833191 5.442791938781738 0.06032741814851761 10.814671516418457
3 0.0507490336894989 22.031782150268555 0.04130344092845917 38.3115348815918 0.06956924498081207 6.57968807220459 0.060394156724214554 13.173763275146484
1 0.05031491816043854 8.51569938659668 0.04052429273724556 14.818631172180176 0.06943593174219131 2.480450391769409 0.060165394097566605 5.0154876708984375
3 0.05078595504164696 23.22005271911621 0.041369710117578506 38.35421371459961 0.06957946717739105 6.907762050628662 0.06041339784860611 13.863317489624023
3 0.0508398599922657 24.181997299194336 0.041463326662778854 42.1519775390625 0.06959497928619385 7.411166191101074 0.06044213846325874 14.87857723236084
1 0.05044248700141907 12.435359954833984 0.04075702279806137 21.645212173461914 0.06948287785053253 3.8119139671325684 0.06023223698139191 7.45063591003418
1 0.05036396160721779 10.050206184387207 0.040614694356918335 16.929494857788086 0.06944943964481354 2.9918346405029297 0.06019166111946106 5.953654766082764
3 0.05071675032377243 20.98885154724121 0.041246652603149414 36.89406967163086 0.06956028938293457 6.2920732498168945 0.06037730723619461 12.57614517211914
2 0.05065106227993965 19.014575958251953 0.041129618883132935 32.37034606933594 0.06954212486743927 5.707862377166748 0.06034290790557861 11.351075172424316
3 0.0508410669863224 24.156906127929688 0.04146518185734749 43.45262908935547 0.06959525495767593 7.419762134552002 0.06044263020157814 14.895126342773438
3 0.05072546377778053 21.33932876586914 0.04126117378473282 37.30998229980469 0.06956291943788528 6.375555992126465 0.06038206070661545 12.736452102661133
2 0.05060780420899391 17.638933181762695 0.04105301946401596 30.402334213256836 0.06952977180480957 5.313950061798096 0.060319848358631134 10.547497749328613
3 0.050697922706604004 20.469070434570312 0.041212908923625946 35.6283073425293 0.06955523788928986 6.129251956939697 0.06036760285496712 12.225347518920898
4 0.05096852406859398 29.01828384399414 0.041685786098241806 49.05558776855469 0.0696309506893158 8.588261604309082 0.06050928309559822 17.309900283813477
3 0.050702959299087524 20.62763023376465 0.04122213274240494 35.699947357177734 0.06955664604902267 6.174651622772217 0.06037024408578873 12.319024085998535
3 0.050770875066518784 22.75802230834961 0.04134219139814377 37.58525466918945 0.0695759728550911 6.794009685516357 0.06040637567639351 13.591062545776367
2 0.050608232617378235 17.697200775146484 0.041053686290979385 30.966243743896484 0.06953007727861404 5.323575019836426 0.06032028794288635 10.55850601196289
2 0.05051508545875549 14.482305526733398 0.04088728129863739 24.754390716552734 0.06950373202562332 4.479700565338135 0.06027086824178696 8.814179420471191
3 0.05070488899946213 20.70429229736328 0.04122529178857803 35.316688537597656 0.06955701112747192 6.185651779174805 0.06037111580371857 12.354721069335938
3 0.05073225870728493 21.542322158813477 0.04127334803342819 37.697998046875 0.06956478953361511 6.437229156494141 0.06038564071059227 12.865233421325684
3 0.05077569931745529 22.862668991088867 0.041351232677698135 38.25856399536133 0.06957733631134033 6.838680744171143 0.06040889769792557 13.681809425354004
1 0.0502963624894619 7.958651542663574 0.04048994928598404 13.813434600830078 0.06943316012620926 2.2691338062286377 0.06015535816550255 4.664562225341797
4 0.05095295235514641 28.469993591308594 0.04166093096137047 48.368560791015625 0.06962624192237854 8.432101249694824 0.060500726103782654 17.007448196411133
1 0.050278469920158386 7.367230415344238 0.040455929934978485 12.715068817138672 0.06943047046661377 2.0278379917144775 0.06014560908079147 4.322244167327881
3 0.050733789801597595 21.548294067382812 0.041276853531599045 37.76045227050781 0.06956524401903152 6.451335906982422 0.06038644537329674 12.893774032592773
2 0.05055837333202362 16.127302169799805 0.04096502438187599 28.432600021362305 0.06951600313186646 4.872894763946533 0.06029386445879936 9.626897811889648
2 0.05056188255548477 16.23705291748047 0.04097108542919159 28.620206832885742 0.06951690465211868 4.90097188949585 0.06029573455452919 9.694023132324219
1 0.05025932192802429 6.762624740600586 0.040419746190309525 11.755305290222168 0.06942568719387054 1.7295960187911987 0.06013571470975876 3.9737751483917236
1 0.05029646307229996 7.9284868240356445 0.04049006476998329 13.718782424926758 0.06943321973085403 2.269564390182495 0.06015539914369583 4.665959358215332
3 0.05071282014250755 20.898225784301758 0.04124000295996666 35.66120147705078 0.06955940276384354 6.261370658874512 0.06037541851401329 12.500487327575684
2 0.05055905878543854 16.15229034423828 0.04096643254160881 27.16128921508789 0.06951620429754257 4.878201484680176 0.06029422953724861 9.638569831848145
2 0.050537075847387314 15.460063934326172 0.040927208960056305 27.294666290283203 0.06950996071100235 4.6796722412109375 0.060282543301582336 9.227947235107422
3 0.050829965621232986 23.880125045776367 0.041446372866630554 40.5489501953125 0.06959224492311478 7.321170330047607 0.06043699383735657 14.692954063415527
4 0.05087755620479584 26.152803421020508 0.04153021425008774 44.3911247253418 0.06960570067167282 7.760671138763428 0.06046212464570999 15.596858024597168
3 0.050695598125457764 20.359485626220703 0.041209083050489426 35.734249114990234 0.06955456733703613 6.107034206390381 0.06036635860800743 12.180171012878418
3 0.05068444088101387 19.62758445739746 0.04118981957435608 34.2756233215332 0.06955108791589737 5.99614953994751 0.06036025285720825 11.977009773254395
4 0.051040228456258774 30.33953094482422 0.04181313142180443 50.535865783691406 0.06965086609125137 9.240945816040039 0.06054619327187538 18.66370391845703
4 0.05092349275946617 27.023191452026367 0.04161053150892258 45.696807861328125 0.06961797177791595 8.160754203796387 0.060485318303108215 16.4498291015625
1 0.050372444093227386 10.291112899780273 0.0406300388276577 17.926021575927734 0.06945355236530304 3.100015163421631 0.060196105390787125 6.120046615600586
3 0.050774380564689636 22.874061584472656 0.041347939521074295 37.7266960144043 0.0695769414305687 6.8261942863464355 0.060408204793930054 13.6571044921875
2 0.05058949068188667 17.096574783325195 0.04101995751261711 29.012256622314453 0.06952480971813202 5.154799938201904 0.060310401022434235 10.208996772766113
3 0.05073856934905052 21.69700050354004 0.04128575697541237 38.052852630615234 0.06956660002470016 6.494286060333252 0.0603889562189579 12.982760429382324
2 0.05060881748795509 17.71396255493164 0.04105481877923012 30.963125228881836 0.06953021138906479 5.327764511108398 0.060320593416690826 10.569031715393066
3 0.05085406452417374 24.093332290649414 0.041488707065582275 44.098731994628906 0.06959931552410126 7.55241060256958 0.06045001745223999 15.151654243469238
2 0.05064745619893074 18.902172088623047 0.04112330079078674 31.842798233032227 0.0695413127541542 5.681508541107178 0.060341235250234604 11.286529541015625
2 0.05061524733901024 17.91518211364746 0.04106682166457176 29.822002410888672 0.06953207403421402 5.385985851287842 0.06032401695847511 10.688333511352539
4 0.05103663355112076 31.18015480041504 0.04180779680609703 54.030967712402344 0.06965033710002899 9.224600791931152 0.060544878244400024 18.605545043945312
3 0.05079232156276703 23.43644142150879 0.04137979820370674 39.95043182373047 0.06958167254924774 6.97929048538208 0.06041727587580681 13.987643241882324
1 0.0503513365983963 9.657447814941406 0.040591761469841 16.788469314575195 0.06944409012794495 2.856586217880249 0.06018492579460144 5.707709312438965
3 0.050729695707559586 20.844297409057617 0.04126986861228943 36.698097229003906 0.06956417858600616 6.416778564453125 0.060384444892406464 12.822670936584473
3 0.050820667296648026 24.328529357910156 0.041430216282606125 40.93546676635742 0.06958961486816406 7.235982418060303 0.06043209880590439 14.517399787902832
4 0.05103008821606636 29.982206344604492 0.04179587960243225 51.44068145751953 0.06964851915836334 9.162378311157227 0.06054152548313141 18.479888916015625
1 0.050362613052129745 9.982161521911621 0.04061225429177284 17.292470932006836 0.06944918632507324 2.979677200317383 0.060190893709659576 5.928754806518555
1 0.050376858562231064 10.430960655212402 0.04063817113637924 18.590486526489258 0.06945564597845078 3.1496920585632324 0.06019844859838486 6.206372261047363
1 0.050301339477300644 7.913113594055176 0.040499232709407806 13.9915189743042 0.06943397223949432 2.3498282432556152 0.060158126056194305 4.759964466094971
1 0.050319164991378784 8.672930717468262 0.040532663464546204 15.057788848876953 0.06943630427122116 2.5244088172912598 0.06016768142580986 5.09698486328125
1 0.05028749629855156 7.654989242553711 0.040473099797964096 13.316611289978027 0.0694321021437645 2.1553843021392822 0.06015053763985634 4.49544095993042
4 0.05101688951253891 30.502830505371094 0.04177258163690567 51.568145751953125 0.0696442499756813 9.023307800292969 0.06053398177027702 18.218276977539062
3 0.050859760493040085 24.798084259033203 0.041498806327581406 42.64459228515625 0.06960093230009079 7.604498386383057 0.06045297905802727 15.25815486907959
4 0.0510091669857502 29.687108993530273 0.04175873100757599 48.788612365722656 0.06964258849620819 8.968523979187012 0.06053055450320244 18.0812931060791
4 0.050956208258867264 28.635297775268555 0.04166794568300247 48.044063568115234 0.0696275606751442 8.476103782653809 0.06050284951925278 17.076950073242188
3 0.05077268183231354 22.820606231689453 0.04134601354598999 38.113311767578125 0.06957612931728363 6.80073356628418 0.06040692701935768 13.620851516723633
4 0.05090326815843582 26.388940811157227 0.041575681418180466 45.340206146240234 0.06961260735988617 7.985195159912109 0.06047512963414192 16.074466705322266
1 0.05036965757608414 10.21363353729248 0.04062508046627045 18.194896697998047 0.06945203244686127 3.06270694732666 0.06019461527466774 6.065488338470459
4 0.0509415864944458 28.170055389404297 0.041640784591436386 47.98733901977539 0.06962297856807709 8.326415061950684 0.06049467250704765 16.791933059692383
4 0.05105723440647125 31.83369255065918 0.041842829436063766 53.78034210205078 0.069656141102314 9.416295051574707 0.06055561080574989 18.99785804748535
2 0.05054454877972603 15.651618957519531 0.0409400500357151 27.679943084716797 0.06951208412647247 4.746828079223633 0.060286518186330795 9.366876602172852
1 0.05030638724565506 8.246329307556152 0.04050888493657112 14.35953426361084 0.06943458318710327 2.399526834487915 0.06016088277101517 4.856651782989502
3 0.050862524658441544 25.581745147705078 0.04150362312793732 44.65058135986328 0.06960158795118332 7.625845909118652 0.06045444682240486 15.318924903869629
4 0.05090971291065216 26.33913803100586 0.04158572107553482 47.17180252075195 0.06961440294981003 8.04588508605957 0.060478515923023224 16.197772979736328
4 0.050937995314598083 28.054622650146484 0.041634462773799896 47.39311981201172 0.06962284445762634 8.32083797454834 0.0604938380420208 16.739307403564453
4 0.050906531512737274 27.059404373168945 0.04158006235957146 44.696834564208984 0.0696134939789772 8.014273643493652 0.06047682464122772 16.134960174560547
4 0.050963908433914185 28.869203567504883 0.04168145731091499 50.12700653076172 0.06962970644235611 8.54564094543457 0.06050689518451691 17.223026275634766
1 0.05027114227414131 7.1345696449279785 0.04044210538268089 12.403972625732422 0.06942874193191528 1.9230080842971802 0.06014182046055794 4.188882350921631
3 0.05073254927992821 21.515056610107422 0.04127487167716026 36.86479187011719 0.0695648044347763 6.437039375305176 0.06038578972220421 12.871115684509277
2 0.050540704280138016 15.540950775146484 0.040933262556791306 26.095352172851562 0.06951098889112473 4.711521625518799 0.06028446927666664 9.294364929199219
3 0.05080835521221161 23.48695945739746 0.04140815883874893 40.79311752319336 0.06958646327257156 7.134636878967285 0.06042603775858879 14.293375968933105
3 0.050787437707185745 23.231355667114258 0.04137106612324715 39.35966110229492 0.06958001852035522 6.925501823425293 0.060414332896471024 13.890838623046875
4 0.05100402981042862 30.149852752685547 0.04175013303756714 50.939632415771484 0.0696411281824112 8.920910835266113 0.060527898371219635 17.984548568725586
4 0.05088823661208153 25.129810333251953 0.041549235582351685 46.05155563354492 0.06960836797952652 7.847807884216309 0.06046728789806366 15.791885375976562
4 0.051058072596788406 31.861154556274414 0.04184485599398613 54.95478057861328 0.06965698301792145 9.442571640014648 0.06055675074458122 19.023637771606445
4 0.05100122094154358 29.152881622314453 0.0417473129928112 49.77658462524414 0.06964083760976791 8.909767150878906 0.06052699312567711 17.939603805541992
2 0.05054054036736488 15.57600212097168 0.040933214128017426 27.471330642700195 0.06951092928647995 4.710904598236084 0.06028435006737709 9.291955947875977
2 0.05066521838307381 19.447662353515625 0.04115477204322815 34.1026611328125 0.06954605877399445 5.835632801055908 0.06035035476088524 11.616049766540527
4 0.051041822880506516 29.737075805664062 0.041815243661403656 52.972991943359375 0.06965125352144241 9.25564193725586 0.06054699793457985 18.695106506347656
1 0.05042963847517967 12.050621032714844 0.040733546018600464 21.328031539916992 0.06947854906320572 3.686765193939209 0.060225315392017365 7.206372261047363
1 0.05032973736524582 8.979377746582031 0.04055219516158104 15.642074584960938 0.06943811476230621 2.6289854049682617 0.06017338111996651 5.2966108322143555
3 0.0508485846221447 24.40300941467285 0.041478823870420456 42.20759963989258 0.06959711015224457 7.480060577392578 0.060446321964263916 15.036194801330566
3 0.050792526453733444 23.443933486938477 0.04138102009892464 40.76660919189453 0.0695820078253746 6.99039363861084 0.060417722910642624 13.99698257446289
1 0.0504329577088356 11.75275993347168 0.040738943964242935 21.634950637817383 0.06947970390319824 3.715449333190918 0.06022687256336212 7.263269424438477
3 0.05085406452417374 24.093332290649414 0.041488707065582275 44.098731994628906 0.06959931552410126 7.55241060256958 0.06045001745223999 15.151654243469238
4 0.05102924257516861 30.947071075439453 0.041794292628765106 51.74264907836914 0.06964769959449768 9.138327598571777 0.06054038554430008 18.45487403869629
4 0.05093254894018173 27.88937759399414 0.04162774980068207 47.2170295715332 0.06962131708860397 8.269883155822754 0.06049097329378128 16.63591957092285
3 0.05075189843773842 22.162214279174805 0.04130926355719566 38.25057601928711 0.06957060098648071 6.622490882873535 0.060396336019039154 13.23655891418457
2 0.05061313509941101 17.83243751525879 0.041061632335186005 30.628419876098633 0.06953164935112 5.372611045837402 0.06032305955886841 10.646398544311523
1 0.05045992136001587 13.006263732910156 0.040788695216178894 21.82904624938965 0.06948781758546829 3.9704017639160156 0.06024141237139702 7.781001091003418
4 0.05095298960804939 28.472187042236328 0.04166203737258911 48.32120895385742 0.06962662190198898 8.445119857788086 0.06050119176506996 17.0164852142334
2 0.05049046128988266 13.98125171661377 0.04084331542253494 24.7793025970459 0.0694965124130249 4.249477386474609 0.060257550328969955 8.35058307647705
1 0.05029406026005745 7.851792812347412 0.04048561677336693 13.419184684753418 0.06943287700414658 2.231482982635498 0.06015410274267197 4.6205549240112305
4 0.05095817521214485 28.63284683227539 0.0416707843542099 48.63009262084961 0.06962814927101135 8.494044303894043 0.06050393357872963 17.114349365234375
2 0.050659872591495514 19.288795471191406 0.04114500805735588 33.877220153808594 0.06954453885555267 5.784756183624268 0.0603475384414196 11.513710021972656
1 0.05042164400219917 11.845292091369629 0.040719110518693924 20.441328048706055 0.06947547942399979 3.615539789199829 0.060221537947654724 7.063985824584961
1 0.05035509541630745 9.775039672851562 0.04059856757521629 16.45886993408203 0.06944561004638672 2.8956587314605713 0.06018688157200813 5.781072616577148
1 0.050453610718250275 12.838751792907715 0.0407773032784462 22.766704559326172 0.06948599964380264 3.9119458198547363 0.0602380596101284 7.660829544067383
4 0.05088626220822334 26.42494010925293 0.04154565930366516 45.52179718017578 0.06960783153772354 7.829295635223389 0.06046627089381218 15.753613471984863
1 0.05035112798213959 9.650864601135254 0.040591318160295486 16.79300308227539 0.06944402307271957 2.854448080062866 0.06018481403589249 5.703752040863037
4 0.0510033555328846 29.556026458740234 0.04174995422363281 52.13417053222656 0.0696408599615097 8.913342475891113 0.06052747741341591 17.971839904785156
4 0.05101614445447922 29.6025447845459 0.041771817952394485 52.706886291503906 0.069644495844841 9.03282356262207 0.06053415313363075 18.215181350708008
3 0.050776612013578415 22.944889068603516 0.04135243594646454 38.65778732299805 0.06957726180553436 6.837778091430664 0.06040900573134422 13.694893836975098
1 0.05040111765265465 11.193617820739746 0.040682315826416016 19.32300567626953 0.0694664791226387 3.4080333709716797 0.060211095958948135 6.67425012588501
2 0.05046553909778595 13.220983505249023 0.04079899936914444 23.427194595336914 0.06948945671319962 4.0226664543151855 0.060244422405958176 7.88486385345459
4 0.05088376626372337 26.345937728881836 0.041540440171957016 43.79579544067383 0.06960710883140564 7.806717872619629 0.06046494096517563 15.707347869873047
1 0.050331681966781616 9.043943405151367 0.040555816143751144 15.739845275878906 0.06943851709365845 2.6477811336517334 0.060174379497766495 5.33416748046875
2 0.0506078265607357 17.683042526245117 0.04105281084775925 31.088184356689453 0.06952977180480957 5.314515590667725 0.06031985953450203 10.548343658447266
4 0.05097128078341484 29.105972290039062 0.04169365391135216 49.28947448730469 0.06963180750608444 8.615551948547363 0.060510724782943726 17.362606048583984
2 0.05050010234117508 14.250664710998535 0.0408606193959713 23.7843074798584 0.0694994255900383 4.342077732086182 0.060262858867645264 8.53403377532959
1 0.050319816917181015 8.696683883666992 0.040533989667892456 15.097704887390137 0.06943632662296295 2.5306217670440674 0.06016801297664642 5.1101508140563965
4 0.0509972907602787 29.029008865356445 0.04173900932073593 51.7379150390625 0.06963921338319778 8.857183456420898 0.06052436679601669 17.85599708557129
2 0.05054956302046776 15.459562301635742 0.040949080139398575 27.3348331451416 0.06951352208852768 4.792695045471191 0.06028919294476509 9.461222648620605
4 0.050884488970041275 26.369108200073242 0.04154246300458908 45.687049865722656 0.06960694491863251 7.801912307739258 0.06046488136053085 15.714659690856934
1 0.05025562271475792 6.644010543823242 0.04041261598467827 11.544836044311523 0.06942468881607056 1.6588411331176758 0.06013374775648117 3.903874397277832
1 0.0502927266061306 7.81936502456665 0.04048316553235054 13.617851257324219 0.0694330483675003 2.232245445251465 0.060153424739837646 4.594751358032227
4 0.05098269134759903 29.46653175354004 0.041713226586580276 47.29062271118164 0.0696350708603859 8.721052169799805 0.06051669642329216 17.577394485473633
2 0.05048232525587082 13.74295425415039 0.04082857444882393 23.192012786865234 0.06949438899755478 4.179670333862305 0.06025341898202896 8.196989059448242
2 0.05051620304584503 14.80651569366455 0.040889836847782135 25.297517776489258 0.06950406730175018 4.489735126495361 0.06027146428823471 8.834864616394043
1 0.050335079431533813 9.146194458007812 0.04056190699338913 15.823424339294434 0.06943908333778381 2.6817634105682373 0.060176171362400055 5.39620304107666
3 0.050693780183792114 20.302106857299805 0.04120583459734917 34.76729965209961 0.06955404579639435 6.090839385986328 0.060365382581949234 12.14681339263916
2 0.05056307837367058 16.27013397216797 0.040973301976919174 28.435625076293945 0.06951747089624405 4.919864654541016 0.0602964349091053 9.711262702941895
2 0.05052699148654938 15.153554916381836 0.04090878739953041 26.761045455932617 0.06950706988573074 4.587196350097656 0.060277149081230164 9.038448333740234
1 0.05027984082698822 7.412898063659668 0.04045860469341278 12.891256332397461 0.06943070143461227 2.041482925415039 0.06014636158943176 4.349519729614258
1 0.050267405807971954 7.017890930175781 0.040435031056404114 12.19662094116211 0.06942778080701828 1.8473807573318481 0.060139842331409454 4.120633602142334
1 0.05045926570892334 13.01673412322998 0.04078776389360428 22.56150245666504 0.06948759406805038 3.9628443717956543 0.06024109572172165 7.770426273345947
1 0.05046131834387779 12.765198707580566 0.040790993720293045 23.197450637817383 0.06948824226856232 3.9838550090789795 0.0602421835064888 7.805888652801514
4 0.050972551107406616 29.14470863342285 0.04169560968875885 50.57184982299805 0.06963185966014862 8.61602783203125 0.06051101163029671 17.379364013671875
4 0.050935305655002594 27.97122573852539 0.04163055494427681 46.610652923583984 0.06962209194898605 8.295384407043457 0.06049242615699768 16.687881469726562
3 0.05085071921348572 24.468971252441406 0.04148268699645996 42.955406188964844 0.06959841400384903 7.521453380584717 0.06044827401638031 15.087204933166504
1 0.050276849418878555 7.3148088455200195 0.04045287147164345 12.731827735900879 0.06943000108003616 2.0144944190979004 0.06014472246170044 4.293610572814941
4 0.05093194171786308 27.864336013793945 0.041625723242759705 47.72160339355469 0.06962110102176666 8.2640380859375 0.06049060449004173 16.625255584716797
4 0.05099603161215782 28.992338180541992 0.04173779860138893 50.48090362548828 0.06963930279016495 8.861214637756348 0.06052423268556595 17.841197967529297
3 0.0507890060544014 23.281875610351562 0.04137390851974487 40.74232864379883 0.06958042085170746 6.940195083618164 0.0604151226580143 13.920720100402832
2 0.05065756291151047 19.22884750366211 0.04114202409982681 32.808876037597656 0.06954392045736313 5.766679286956787 0.06034638732671738 11.478635787963867
4 0.05095221847295761 28.5048828125 0.041660334914922714 48.31452560424805 0.06962689012289047 8.452579498291016 0.060501325875520706 17.008525848388672
3 0.05078595504164696 23.22005271911621 0.041369710117578506 38.35421371459961 0.06957946717739105 6.907762050628662 0.06041339784860611 13.863317489624023
1 0.05036219209432602 9.992387771606445 0.04061156511306763 17.229642868041992 0.06944873929023743 2.973810911178589 0.060190729796886444 5.920041561126709
3 0.050687242299318314 20.155141830444336 0.041194066405296326 35.025474548339844 0.06955195963382721 6.02461576461792 0.060361772775650024 12.028046607971191
4 0.05095706507563591 28.602983474731445 0.04166937991976738 48.40870666503906 0.06962736696004868 8.469778060913086 0.06050281226634979 17.08584213256836
3 0.050849150866270065 24.47208595275879 0.04147912561893463 42.59904861450195 0.0695972740650177 7.485006332397461 0.060446612536907196 15.046412467956543
4 0.051032841205596924 30.99542808532715 0.04180063679814339 53.7396125793457 0.06964924186468124 9.188830375671387 0.060542911291122437 18.533466339111328
1 0.05026409029960632 6.767014026641846 0.04042874649167061 12.01617431640625 0.06942684203386307 1.7794904708862305 0.060138117522001266 4.062088966369629
3 0.05083590745925903 24.66651153564453 0.04145784676074982 42.266357421875 0.06959406286478043 7.381947040557861 0.06044049561023712 14.820072174072266
1 0.050341274589300156 9.339576721191406 0.04057340696454048 16.139942169189453 0.06944055110216141 2.7467668056488037 0.060179539024829865 5.5139241218566895
4 0.05092748999595642 27.729942321777344 0.04161660000681877 48.19227600097656 0.06961903721094131 8.196822166442871 0.060487374663352966 16.525922775268555
1 0.050292644649744034 7.817291736602783 0.04048303887248039 13.61251163482666 0.06943286210298538 2.216804027557373 0.06015336140990257 4.593677520751953
4 0.05092785879969597 27.685970306396484 0.041618019342422485 45.37432861328125 0.06961958110332489 8.212623596191406 0.06048804149031639 16.53867530822754
1 0.050437916070222855 12.071518898010254 0.040749117732048035 20.676881790161133 0.06948155164718628 3.7703630924224854 0.06022985652089119 7.36823034286499
1 0.050392623990774155 10.93701171875 0.040666840970516205 19.38430404663086 0.06946269422769547 3.319340229034424 0.06020667776465416 6.510530471801758
3 0.05072421953082085 21.301023483276367 0.04125908762216568 37.279720306396484 0.06956230103969574 6.356800556182861 0.06038110330700874 12.709969520568848
3 0.050845712423324585 24.366724014282227 0.04147357866168022 42.48297882080078 0.06959664076566696 7.464581489562988 0.060445234179496765 14.988042831420898
2 0.05062827467918396 18.2554874420166 0.04108954966068268 32.180580139160156 0.06953594088554382 5.509427547454834 0.06033109873533249 10.929231643676758
2 0.05063745751976967 18.563640594482422 0.041106048971414566 32.23009490966797 0.06953829526901245 5.585798740386963 0.06033576652407646 11.102461814880371
1 0.050388481467962265 10.80557918548584 0.04065963253378868 19.232351303100586 0.06946103274822235 3.2761120796203613 0.060204554349184036 6.4318647384643555
2 0.05048936977982521 13.933693885803223 0.04084157943725586 24.007217407226562 0.06949630379676819 4.241652011871338 0.06025706231594086 8.329586029052734
4 0.05102226138114929 29.791404724121094 0.04178204387426376 53.18924331665039 0.06964623928070068 9.090452194213867 0.06053734943270683 18.33132553100586
2 0.05064455792307854 18.81122398376465 0.04111829027533531 32.102882385253906 0.06954050064086914 5.655759811401367 0.06033969670534134 11.232601165771484
4 0.05098049342632294 29.396249771118164 0.04170946031808853 51.01694869995117 0.06963437050580978 8.699563026428223 0.060515519231557846 17.53680419921875
4 0.05098405107855797 29.452770233154297 0.041716475039720535 48.50098419189453 0.0696357786655426 8.746237754821777 0.060517892241477966 17.61334800720215
2 0.0505385622382164 15.514934539794922 0.04092978313565254 25.73908042907715 0.06951038539409637 4.692145347595215 0.06028331443667412 9.254398345947266
2 0.0504646822810173 12.894664764404297 0.04079684615135193 22.835609436035156 0.06948917359113693 4.013807773590088 0.060243889689445496 7.866182327270508
4 0.05093324929475784 27.849618911743164 0.0416288897395134 48.209991455078125 0.06962146610021591 8.276622772216797 0.06049129366874695 16.650327682495117
2 0.05057242512702942 16.565893173217773 0.04099002480506897 26.772268295288086 0.0695200115442276 5.000096321105957 0.06030135974287987 9.889605522155762
3 0.05082575976848602 24.48833465576172 0.041438426822423935 41.68986129760742 0.06959103047847748 7.282172679901123 0.06043476611375809 14.61344051361084
1 0.050443384796381 12.530488014221191 0.04075893014669418 22.23826789855957 0.06948316097259521 3.8211121559143066 0.0602327324450016 7.470803260803223
3 0.05086182802915573 25.56021499633789 0.04150380939245224 44.65774154663086 0.06960137188434601 7.619361400604248 0.06045404076576233 15.30644416809082
1 0.050325658172369 8.851028442382812 0.04054459184408188 15.406434059143066 0.06943746656179428 2.5877106189727783 0.06017119437456131 5.218980312347412
2 0.050646279007196426 18.82033348083496 0.04112101346254349 31.630569458007812 0.06954092532396317 5.668522357940674 0.06034062057733536 11.263810157775879
2 0.05050553381443024 14.431541442871094 0.04087020456790924 25.58576202392578 0.06950094550848007 4.390621185302734 0.06026569753885269 8.633575439453125
4 0.050986308604478836 29.58188819885254 0.04171951487660408 49.882503509521484 0.06963563710451126 8.740168571472168 0.06051807478070259 17.638086318969727
2 0.05047330632805824 13.454629898071289 0.04081249609589577 23.8245906829834 0.0694916844367981 4.09358549118042 0.060248520225286484 8.028595924377441
2 0.05055532231926918 16.028663635253906 0.04095941781997681 28.290653228759766 0.06951513886451721 4.845520496368408 0.06029225140810013 9.570136070251465
1 0.05033674091100693 9.19808578491211 0.04056496545672417 15.49561882019043 0.06943947821855545 2.6996798515319824 0.06017710641026497 5.4282002449035645
1 0.05034937337040901 9.596236228942871 0.04058819264173508 15.744657516479492 0.06944328546524048 2.8352553844451904 0.060183871537446976 5.670468330383301
2 0.05066696181893349 19.51044273376465 0.04115872457623482 33.83884048461914 0.06954661011695862 5.851839542388916 0.06035144254565239 11.65536880493164
1 0.05044485628604889 12.53546142578125 0.04076153784990311 22.279800415039062 0.06948345899581909 3.8307409286499023 0.06023334711790085 7.495532512664795
4 0.050978124141693115 29.26247215270996 0.04170459508895874 48.96208572387695 0.06963332742452621 8.66424560546875 0.06051380932331085 17.482961654663086
4 0.05104026943445206 30.341575622558594 0.04181389883160591 52.48759078979492 0.06965089589357376 9.241951942443848 0.06054624542593956 18.66529655456543
3 0.050780151039361954 23.050552368164062 0.04135890677571297 39.27727508544922 0.06957855820655823 6.878153324127197 0.060411229729652405 13.764508247375488
2 0.050515130162239075 14.718631744384766 0.04088708385825157 26.072219848632812 0.06950362026691437 4.477023601531982 0.06027071923017502 8.811389923095703
2 0.050565700978040695 16.36335563659668 0.04097803309559822 27.776817321777344 0.06951799988746643 4.935002326965332 0.060297779738903046 9.76419448852539
4 0.051000822335481644 30.04901695251465 0.04174530878663063 48.89950180053711 0.06964020431041718 8.890890121459961 0.06052616611123085 17.923856735229492
3 0.05070021376013756 20.540748596191406 0.04121697321534157 35.96587371826172 0.06955587863922119 6.149092674255371 0.06036881357431412 12.26694107055664
1 0.05034993216395378 9.609782218933105 0.04058919474482536 16.286666870117188 0.06944341212511063 2.8408923149108887 0.06018415838479996 5.681581020355225
1 0.05034119263291359 9.337006568908691 0.04057323560118675 16.235857009887695 0.06944052129983902 2.7461960315704346 0.06017950549721718 5.5123796463012695
4 0.05105648189783096 31.809667587280273 0.04184279218316078 52.71384048461914 0.06965655088424683 9.427249908447266 0.06055590137839317 18.992517471313477
1 0.05045076832175255 12.698771476745605 0.04077191278338432 21.752798080444336 0.06948509812355042 3.882598638534546 0.06023647263646126 7.605731964111328
3 0.050800494849681854 23.691421508789062 0.04139421880245209 40.34379959106445 0.06958427280187607 7.063059329986572 0.06042192876338959 14.14526081085205
1 0.05027430132031441 7.235380172729492 0.04044807702302933 12.588353157043457 0.06942948698997498 1.9927418231964111 0.06014341861009598 4.2464985847473145
4 0.051050618290901184 30.60066795349121 0.041831884533166885 52.07453918457031 0.06965372711420059 9.336729049682617 0.06055158004164696 18.863052368164062
1 0.050454698503017426 12.870823860168457 0.04077955335378647 22.841665267944336 0.0694863349199295 3.922795295715332 0.06023865193128586 7.681847095489502
1 0.05037551745772362 10.399698257446289 0.04063588008284569 18.516881942749023 0.06945506483316422 3.1349146366119385 0.06019776314496994 6.1809401512146
1 0.050284624099731445 7.398727893829346 0.04046761617064476 12.805267333984375 0.06943166255950928 2.0842463970184326 0.06014898046851158 4.439629554748535
3 0.050834737718105316 23.974769592285156 0.04145510122179985 41.911476135253906 0.06959325820207596 7.354811668395996 0.060439109802246094 14.777130126953125
2 0.050570301711559296 16.446718215942383 0.04098564013838768 27.618257522583008 0.0695192888379097 4.977160930633545 0.06030002981424332 9.843282699584961
4 0.05100702866911888 30.247108459472656 0.0417553149163723 49.70317077636719 0.06964196264743805 8.948312759399414 0.0605294331908226 18.040597915649414
1 0.05033307895064354 9.083907127380371 0.04055825248360634 15.599772453308105 0.06943871825933456 2.6625490188598633 0.06017515808343887 5.359186172485352
1 0.05031931400299072 8.625568389892578 0.04053402692079544 15.091045379638672 0.0694364607334137 2.531877279281616 0.06016809493303299 5.111623764038086
2 0.05053215101361275 14.973761558532715 0.04091800004243851 25.66360092163086 0.06950853765010834 4.634496688842773 0.060279883444309235 9.135003089904785
3 0.05079440400004387 22.33867073059082 0.04138419032096863 38.713382720947266 0.06958257406949997 7.007599830627441 0.06041872873902321 14.031384468078613
4 0.05104416608810425 30.465715408325195 0.04181939363479614 51.1104621887207 0.06965199112892151 9.278068542480469 0.06054826080799103 18.73906898498535
3 0.050762396305799484 22.07147216796875 0.04132738709449768 36.510826110839844 0.06957358866930008 6.71796989440918 0.06040189787745476 13.432880401611328
3 0.050762731581926346 22.509140014648438 0.041327863931655884 37.97975540161133 0.06957366317510605 6.720994472503662 0.06040205433964729 13.439318656921387
1 0.050298452377319336 7.99772834777832 0.040493689477443695 13.914277076721191 0.06943356990814209 2.2892837524414062 0.060156531631946564 4.703990936279297
3 0.050809066742658615 23.956378936767578 0.04141053184866905 40.30299758911133 0.06958623975515366 7.127086162567139 0.0604260228574276 14.308568000793457
3 0.05071775242686272 20.674352645874023 0.0412478968501091 36.26815414428711 0.06956100463867188 6.314600944519043 0.06037833169102669 12.598321914672852
1 0.050420306622982025 11.77099609375 0.04071725904941559 20.132232666015625 0.06947498768568039 3.599067449569702 0.06022067368030548 7.037535190582275
3 0.050765663385391235 22.50094223022461 0.04133381322026253 39.52622985839844 0.06957434862852097 6.742584705352783 0.06040357053279877 13.499488830566406
1 0.05030066519975662 8.068512916564941 0.040497973561286926 13.383658409118652 0.06943381577730179 2.3101232051849365 0.060157712548971176 4.747141361236572
4 0.0509379580616951 27.997756958007812 0.041635844856500626 48.69127655029297 0.06962278485298157 8.319417953491211 0.06049378961324692 16.739370346069336
4 0.05094088613986969 28.09166717529297 0.041640397161245346 48.79757308959961 0.06962364166975021 8.346749305725098 0.06049531325697899 16.792688369750977
2 0.05059145390987396 17.160316467285156 0.04102359339594841 29.37678337097168 0.06952530145645142 5.170619964599609 0.060311298817396164 10.2407808303833
1 0.050270527601242065 7.116325855255127 0.04044094309210777 12.376731872558594 0.06942860782146454 1.874321699142456 0.060141488909721375 4.177449703216553
4 0.05098988115787506 28.804990768432617 0.04172714054584503 51.041683197021484 0.06963713467121124 8.788674354553223 0.060520485043525696 17.714773178100586
3 0.05072754621505737 21.403722763061523 0.04126577824354172 35.312095642089844 0.06956353783607483 6.394888401031494 0.06038319692015648 12.7765531539917
3 0.05085950717329979 24.790599822998047 0.04149816930294037 43.40535354614258 0.069600909948349 7.602673053741455 0.0604528971016407 15.252921104431152
4 0.05105538293719292 31.774106979370117 0.04184103384613991 54.843536376953125 0.06965615600347519 9.415584564208984 0.06055527925491333 18.97254753112793
4 0.051007822155952454 30.27309226989746 0.04175743833184242 51.22886276245117 0.06964216381311417 8.955669403076172 0.06052982062101364 18.056819915771484
3 0.05080387368798256 23.79935646057129 0.041400983929634094 40.50509262084961 0.0695849284529686 7.083966255187988 0.06042332202196121 14.2029390335083
4 0.05094416067004204 28.13753318786621 0.041645608842372894 46.78619384765625 0.069623664021492 8.349254608154297 0.0604960136115551 16.840864181518555
2 0.050598617643117905 16.957748413085938 0.04103625938296318 28.477495193481445 0.06952756643295288 5.241549968719482 0.06031535938382149 10.375605583190918
1 0.05029849335551262 7.998933792114258 0.04049380496144295 13.357633590698242 0.06943356245756149 2.289684534072876 0.06015655770897865 4.704811096191406
2 0.05062668025493622 18.265308380126953 0.041086066514253616 31.951505661010742 0.06953531503677368 5.49131965637207 0.0603301115334034 10.901792526245117
4 0.05099000409245491 28.809186935424805 0.04172652214765549 51.4047737121582 0.06963754445314407 8.804340362548828 0.06052105873823166 17.727203369140625
2 0.05048898980021477 13.89323616027832 0.04084061086177826 24.541292190551758 0.06949618458747864 4.238611221313477 0.06025688350200653 8.323780059814453
3 0.05078877508640289 23.324472427368164 0.04137296974658966 40.36863327026367 0.06958034634590149 6.938619613647461 0.06041502207517624 13.91745662689209
4 0.05105016380548477 30.649818420410156 0.041830189526081085 53.33690643310547 0.06965361535549164 9.333586692810059 0.06055135279893875 18.854278564453125
2 0.05055895447731018 16.14546775817871 0.04096606746315956 27.812946319580078 0.06951617449522018 4.877980709075928 0.060294173657894135 9.637675285339355
2 0.050585731863975525 16.979036331176758 0.04101395979523659 29.889177322387695 0.06952375918626785 5.121157646179199 0.060308415442705154 10.139307975769043
2 0.05049127712845802 14.030576705932617 0.04084477201104164 24.250411987304688 0.06949687004089355 4.260142803192139 0.06025809049606323 8.365175247192383
2 0.05061471834778786 17.85498046875 0.04106526076793671 30.485265731811523 0.06953191012144089 5.381003379821777 0.06032373756170273 10.67828369140625
1 0.05025896802544594 6.736914157867432 0.040418822318315506 11.730752944946289 0.0694255381822586 1.685428261756897 0.06013545021414757 3.9657528400421143
3 0.05086148902773857 24.797504425048828 0.04150199517607689 43.542598724365234 0.06960146874189377 7.62045955657959 0.06045392155647278 15.289841651916504
4 0.051059968769550323 31.258386611938477 0.041848909109830856 53.90768051147461 0.06965704262256622 9.443504333496094 0.06055713817477226 19.04973602294922
3 0.05083175748586655 23.935016632080078 0.04144926741719246 41.82224655151367 0.06959269940853119 7.337647914886475 0.060437895357608795 14.726911544799805
1 0.050401151180267334 11.196197509765625 0.04068268835544586 19.331266403198242 0.06946677714586258 3.4097578525543213 0.06021108850836754 6.675066947937012
2 0.05050576478242874 14.457966804504395 0.040871113538742065 24.89478302001953 0.06950099766254425 4.391523838043213 0.060265958309173584 8.64372730255127
2 0.05056627467274666 16.379390716552734 0.040979254990816116 27.411983489990234 0.06951825320720673 4.943970680236816 0.06029805913567543 9.773393630981445
4 0.05102526396512985 30.817350387573242 0.04178633540868759 51.86753845214844 0.06964662671089172 9.101826667785645 0.06053837388753891 18.3785343170166
3 0.050690263509750366 20.248661041259766 0.04119964689016342 35.515342712402344 0.06955283880233765 6.0526604652404785 0.06036338955163956 12.084871292114258
1 0.050312068313360214 8.454004287719727 0.04051915183663368 14.293620109558105 0.0694354698061943 2.4522149562835693 0.06016384810209274 4.962964057922363
1 0.05033054202795029 9.004656791687012 0.04055364429950714 15.673543930053711 0.06943823397159576 2.6369688510894775 0.06017380952835083 5.3114752769470215
1 0.05028245970606804 7.495450019836426 0.040463581681251526 13.045857429504395 0.06943120807409286 2.0647950172424316 0.060147762298583984 4.3987956047058105
2 0.0506572350859642 19.199222564697266 0.041141413152217865 32.63124084472656 0.0695440024137497 5.766394138336182 0.06034645065665245 11.468681335449219
1 0.050420984625816345 11.822074890136719 0.04071853682398796 20.988739013671875 0.06947534531354904 3.6093428134918213 0.06022117659449577 7.050744533538818
3 0.050847094506025314 24.410720825195312 0.04147569462656975 42.797752380371094 0.06959671527147293 7.467502593994141 0.06044555827975273 15.008584022521973
2 0.05048967897891998 13.913591384887695 0.04084173962473869 23.91818618774414 0.06949640810489655 4.244776725769043 0.06025727465748787 8.336294174194336
3 0.05077889934182167 23.015769958496094 0.041356977075338364 40.146331787109375 0.06957820057868958 6.868007183074951 0.06041054427623749 13.742173194885254
2 0.05055468529462814 16.01796531677246 0.04095842316746712 27.422073364257812 0.0695149302482605 4.839012145996094 0.06029186025261879 9.556678771972656
4 0.05099108815193176 28.785484313964844 0.04172680899500847 50.36506271362305 0.06963737308979034 8.799100875854492 0.060521069914102554 17.738143920898438
4 0.05103400722146034 31.09581184387207 0.04180341958999634 53.866912841796875 0.06964954733848572 9.19819164276123 0.0605434812605381 18.554706573486328
4 0.05095285177230835 28.468965530395508 0.041661642491817474 48.361122131347656 0.0696265771985054 8.443293571472168 0.060501109808683395 17.013601303100586
2 0.05046958103775978 13.31766128540039 0.04080565273761749 23.08720588684082 0.06949060410261154 4.05924654006958 0.06024651974439621 7.958436012268066
3 0.050843242555856705 24.273832321166992 0.04146914929151535 42.48202896118164 0.06959587335586548 7.439276218414307 0.06044376641511917 14.935566902160645
3 0.05076627805829048 22.616052627563477 0.041333723813295364 38.470985412597656 0.06957437098026276 6.743672847747803 0.060403596609830856 13.5006742477417
1 0.05035625398159027 9.807525634765625 0.040600765496492386 17.0572452545166 0.06944618374109268 2.9097719192504883 0.06018757075071335 5.80429220199585
4 0.050928130745887756 27.75075912475586 0.04161882400512695 47.05426025390625 0.06961963325738907 8.216093063354492 0.06048817187547684 16.54543685913086
3 0.05072108656167984 21.220033645629883 0.041253987699747086 35.67796325683594 0.06956173479557037 6.338247299194336 0.060379866510629654 12.660505294799805
1 0.05029485002160072 7.885162830352783 0.04048706963658333 13.726092338562012 0.06943320482969284 2.254577398300171 0.06015459820628166 4.634887218475342
3 0.05081754922866821 24.23095703125 0.041424352675676346 42.21437072753906 0.0695890560746193 7.219034671783447 0.060430858284235 14.465685844421387
3 0.05077464506030083 22.832393646240234 0.041349198669195175 37.98360061645508 0.06957674771547318 6.819916248321533 0.06040799245238304 13.656950950622559
1 0.05034506320953369 9.458976745605469 0.04058028385043144 15.928485870361328 0.06944164633750916 2.789055109024048 0.06018155813217163 5.5868611335754395
2 0.05055491626262665 16.024503707885742 0.04095892235636711 27.602746963500977 0.06951501220464706 4.841404438018799 0.06029200926423073 9.561627388000488
2 0.050526056438684464 15.12423324584961 0.040907423943281174 26.7069034576416 0.06950680911540985 4.5778021812438965 0.06027664989233017 9.019660949707031
1 0.05032961070537567 8.97551155090332 0.04055200517177582 15.51030445098877 0.06943808495998383 2.6277806758880615 0.06017331779003143 5.294322490692139
4 0.050875645130872726 24.815067291259766 0.041526637971401215 44.061767578125 0.06960444152355194 7.7198028564453125 0.060460250824689865 15.54768180847168
4 0.05090869963169098 26.307493209838867 0.04158427566289902 47.10816192626953 0.06961343437433243 8.01411247253418 0.060477159917354584 16.165306091308594
4 0.05089183151721954 25.7425537109375 0.041555602103471756 46.23678207397461 0.0696093738079071 7.880355358123779 0.06046915799379349 15.859209060668945
2 0.05054009333252907 15.561978340148926 0.040932364761829376 27.471046447753906 0.06951082497835159 4.705931663513184 0.06028413772583008 9.28272533416748
4 0.050881680101156235 25.440277099609375 0.04153686389327049 44.498008728027344 0.06960653513669968 7.78699254989624 0.060463886708021164 15.667458534240723
3 0.05080128088593483 22.49390411376953 0.04139536991715431 40.30308151245117 0.069583959877491 7.053226470947266 0.06042168661952019 14.15113639831543
2 0.050641581416130066 18.71061897277832 0.04111270233988762 32.0958251953125 0.06953945010900497 5.623109817504883 0.06033789739012718 11.175202369689941
1 0.05045153945684433 12.708828926086426 0.04077254608273506 21.911306381225586 0.06948518753051758 3.8863778114318848 0.060236599296331406 7.611995220184326
4 0.050960723310709 28.769689559936523 0.04167523980140686 48.70896530151367 0.06962880492210388 8.51700210571289 0.06050519645214081 17.161724090576172
1 0.050370827317237854 10.250016212463379 0.04062728211283684 17.924827575683594 0.06945285946130753 3.0779130458831787 0.06019530072808266 6.089879512786865
2 0.05051955208182335 14.895161628723145 0.040895674377679825 25.757463455200195 0.06950493901968002 4.518520832061768 0.060273177921772 8.89932632446289
2 0.05065532028675079 19.13934326171875 0.041138190776109695 33.607425689697266 0.06954352557659149 5.753295421600342 0.06034540385007858 11.434637069702148
2 0.0506499744951725 18.61652183532715 0.04112725704908371 33.32045364379883 0.06954199075698853 5.704787731170654 0.06034255400300026 11.33430290222168
1 0.05026954412460327 7.087857246398926 0.040439095348119736 12.318387985229492 0.06942832469940186 1.8661960363388062 0.06014097481966019 4.160573482513428
3 0.050849899649620056 24.497112274169922 0.04148271307349205 42.68879699707031 0.06959819793701172 7.514623641967773 0.06044783443212509 15.073298454284668
2 0.05059436336159706 17.24602508544922 0.041029445827007294 29.647342681884766 0.06952620297670364 5.199551105499268 0.06031300500035286 10.301403999328613
2 0.050553929060697556 15.99348258972168 0.04095671698451042 27.517656326293945 0.06951472163200378 4.832171440124512 0.06029147282242775 9.542795181274414
2 0.05062313750386238 18.13910484313965 0.041079841554164886 29.457279205322266 0.06953443586826324 5.46075439453125 0.060328397899866104 10.833215713500977
2 0.05052801966667175 15.179372787475586 0.04091135784983635 26.825681686401367 0.0695074126124382 4.596654415130615 0.060277748852968216 9.057568550109863
1 0.050461169332265854 13.08602237701416 0.04079089313745499 22.53390884399414 0.06948831677436829 3.985995054244995 0.060242220759391785 7.803750038146973
1 0.0504356287419796 12.21047306060791 0.04074396193027496 21.26120948791504 0.06948059797286987 3.7410969734191895 0.06022827699780464 7.314352512359619
1 0.05035436153411865 9.747599601745605 0.04059742018580437 16.838611602783203 0.06944537907838821 2.889437198638916 0.06018656864762306 5.767825126647949
1 0.05033499002456665 9.143604278564453 0.04056190326809883 15.917126655578613 0.0694391056895256 2.682154655456543 0.06017618253827095 5.395355701446533
2 0.05061056837439537 17.248571395874023 0.04105793684720993 31.187692642211914 0.06953056156635284 5.338639736175537 0.06032133102416992 10.599200248718262
3 0.050699204206466675 20.509052276611328 0.04121508449316025 34.33074951171875 0.06955558806657791 6.139652252197266 0.06036826968193054 12.247723579406738
4 0.05099835619330406 28.442672729492188 0.04174083471298218 48.83860778808594 0.06963958591222763 8.869122505187988 0.06052497401833534 17.877046585083008
1 0.050332698971033096 9.072060585021973 0.040557485073804855 15.487696647644043 0.06943868845701218 2.657217264175415 0.06017489731311798 5.352138519287109
1 0.05043373629450798 12.233598709106445 0.04074147716164589 21.564943313598633 0.06948021054267883 3.7310843467712402 0.06022768095135689 7.289168357849121
2 0.050572074949741364 16.555009841918945 0.040989480912685394 28.52643585205078 0.06951989233493805 4.9975457191467285 0.06030113995075226 9.883569717407227
3 0.050765685737133026 22.597314834594727 0.04133281111717224 38.55113220214844 0.06957446038722992 6.746986389160156 0.06040360406041145 13.494400978088379
1 0.050441592931747437 12.381190299987793 0.04075504466891289 21.609251022338867 0.06948249042034149 3.7999684810638428 0.06023157015442848 7.432193279266357
4 0.05091168358922005 26.402402877807617 0.041590090841054916 45.6769905090332 0.06961499899625778 8.063376426696777 0.06047955900430679 16.233619689941406
3 0.050814446061849594 24.11504554748535 0.041418854147195816 41.063514709472656 0.06958813220262527 7.188592433929443 0.060429155826568604 14.404533386230469
1 0.05030224472284317 8.119558334350586 0.04050098732113838 14.139081001281738 0.06943400204181671 2.3407599925994873 0.060158535838127136 4.7775044441223145
4 0.05088142305612564 26.27431869506836 0.04153691977262497 44.578487396240234 0.06960681080818176 7.796689987182617 0.06046415865421295 15.669502258300781
3 0.05081237107515335 23.54414939880371 0.04141548275947571 40.52131271362305 0.06958763301372528 7.171015739440918 0.06042816862463951 14.367559432983398
3 0.05070677399635315 20.763442993164062 0.04122905060648918 36.37382888793945 0.06955752521753311 6.203386306762695 0.06037208065390587 12.391154289245605
3 0.05078713595867157 23.270126342773438 0.04137066379189491 40.15097427368164 0.06958017498254776 6.932141304016113 0.06041450425982475 13.891364097595215
2 0.05059048905968666 17.083045959472656 0.04102163761854172 29.4206485748291 0.06952507793903351 5.16359281539917 0.06031081825494766 10.222236633300781
3 0.05068943649530411 19.742155075073242 0.0411984957754612 35.4423713684082 0.06955260783433914 6.045370101928711 0.060362935066223145 12.069062232971191
1 0.050293710082769394 7.848719596862793 0.04048504680395126 13.670212745666504 0.06943285465240479 2.2291295528411865 0.06015397235751152 4.614404201507568
1 0.05029342323541641 7.840231895446777 0.04048444330692291 13.5449857711792 0.06943285465240479 2.2264015674591064 0.060153812170028687 4.6090087890625
2 0.05057163164019585 16.17749786376953 0.04098895564675331 28.499876022338867 0.0695197656750679 4.993201732635498 0.060300905257463455 9.875110626220703
3 0.05068341642618179 20.008975982666016 0.041187871247529984 35.01873016357422 0.06955094635486603 5.9914703369140625 0.060359884053468704 11.959894180297852
1 0.05032198876142502 8.736231803894043 0.04053789749741554 15.213725090026855 0.0694366991519928 2.552924156188965 0.060169219970703125 5.151064395904541
1 0.050338778644800186 9.26160717010498 0.04056885093450546 16.119890213012695 0.06943993270397186 2.720935106277466 0.060178209096193314 5.466994762420654
2 0.05056845396757126 16.448062896728516 0.0409829318523407 28.293067932128906 0.06951884925365448 4.9641876220703125 0.06029919907450676 9.815099716186523
1 0.05027912184596062 7.386251449584961 0.040457166731357574 12.602399826049805 0.06943067163228989 2.033839464187622 0.06014592945575714 4.333950519561768
1 0.05034841597080231 9.565062522888184 0.040586452931165695 16.110002517700195 0.06944291293621063 2.824918746948242 0.06018335744738579 5.651446342468262
4 0.05102425441145897 30.725467681884766 0.0417838878929615 53.29350280761719 0.06964629143476486 9.09349536895752 0.06053781509399414 18.360960006713867
2 0.05065104365348816 18.604232788085938 0.04112965986132622 33.17897415161133 0.0695423111319542 5.713713645935059 0.060343142598867416 11.3533296585083
4 0.05090165138244629 26.096256256103516 0.041572101414203644 46.74692153930664 0.06961172819137573 7.9580864906311035 0.06047384440898895 16.038270950317383
1 0.05042509734630585 11.963561058044434 0.040726128965616226 20.740419387817383 0.06947699934244156 3.6487696170806885 0.060223255306482315 7.127255916595459
4 0.051046326756477356 30.532203674316406 0.04182346165180206 53.177860260009766 0.0696524977684021 9.296550750732422 0.06054932624101639 18.780628204345703
4 0.05089680105447769 26.695165634155273 0.04156237840652466 46.527278900146484 0.06961008906364441 7.9039483070373535 0.060470953583717346 15.940003395080566
3 0.05073639377951622 21.676023483276367 0.04128085449337959 37.972320556640625 0.06956595927476883 6.47343635559082 0.06038782000541687 12.94137191772461
4 0.050963304936885834 28.852018356323242 0.041680674999952316 48.766265869140625 0.06962954998016357 8.540863990783691 0.06050654128193855 17.21080207824707
4 0.05092458054423332 27.63751983642578 0.041611865162849426 47.941497802734375 0.0696185976266861 8.182865142822266 0.060486286878585815 16.477636337280273
3 0.05070120096206665 20.59735870361328 0.04121934249997139 34.886940002441406 0.06955618411302567 6.16012716293335 0.06036939471960068 12.290239334106445
2 0.050630778074264526 18.390186309814453 0.041093915700912476 31.415767669677734 0.06953641772270203 5.525425434112549 0.0603322796523571 10.9788236618042
2 0.050539758056402206 15.551544189453125 0.04093151167035103 27.161653518676758 0.06951069831848145 4.70356559753418 0.06028394401073456 9.277527809143066
2 0.05065426975488663 19.10667610168457 0.041135888546705246 32.80791473388672 0.06954322755336761 5.743687152862549 0.060344841331243515 11.414854049682617
4 0.05096721276640892 28.919021606445312 0.04168688505887985 50.24456787109375 0.06963062286376953 8.576140403747559 0.06050858646631241 17.28444480895996
3 0.050747621804475784 21.56728744506836 0.04130125045776367 37.63017654418945 0.06956912577152252 6.575669765472412 0.06039373576641083 13.152087211608887
2 0.05050615593791008 14.475198745727539 0.04087173193693161 25.01565933227539 0.0695011243224144 4.397058486938477 0.06026606261730194 8.647664070129395
2 0.0505143366754055 14.70267391204834 0.040885984897613525 26.05805778503418 0.06950341165065765 4.470242023468018 0.06027032062411308 8.797531127929688
3 0.05074464529752731 21.89226722717285 0.041297148913145065 38.394927978515625 0.06956858932971954 6.5569586753845215 0.06039252504706383 13.100691795349121
4 0.05101671442389488 30.556215286254883 0.041772663593292236 50.62031173706055 0.06964412331581116 9.0208158493042 0.06053387001156807 18.216238021850586
3 0.05083159729838371 23.929702758789062 0.04144908860325813 41.95919418334961 0.0695926621556282 7.336551189422607 0.06043781340122223 14.723968505859375
2 0.05052902549505234 15.210200309753418 0.04091259464621544 26.84585952758789 0.0695076510310173 4.606204986572266 0.06027824431657791 9.077085494995117
4 0.050896551460027695 25.941925048828125 0.041562769562006 45.299217224121094 0.0696103498339653 7.911254405975342 0.06047121435403824 15.941173553466797
1 0.050382472574710846 10.608559608459473 0.04064858704805374 18.794681549072266 0.06945815682411194 3.2104334831237793 0.060201384127140045 6.314728260040283
3 0.050691116601228714 20.275766372680664 0.0412011481821537 35.543128967285156 0.06955306231975555 6.060219764709473 0.06036382541060448 12.100906372070312
1 0.05026581138372421 6.967403411865234 0.04043199121952057 12.106633186340332 0.06942739337682724 1.8354127407073975 0.06013906002044678 4.091785430908203
4 0.050947025418281555 28.347387313842773 0.04165169224143028 45.80854797363281 0.06962498277425766 8.390558242797852 0.06049804389476776 16.902080535888672
1 0.050358064472675323 9.830251693725586 0.040604185312986374 17.15719985961914 0.06944718211889267 2.9291229248046875 0.06018838658928871 5.840165615081787
3 0.05077248439192772 22.812618255615234 0.04134626314043999 38.43769454956055 0.06957641988992691 6.8086018562316895 0.060407210141420364 13.621020317077637
1 0.050326235592365265 8.869219779968262 0.040545664727687836 15.426984786987305 0.06943753361701965 2.593668222427368 0.06017150357365608 5.229933738708496
3 0.05071091651916504 20.89307975769043 0.04123614728450775 35.98023223876953 0.06955868750810623 6.240588665008545 0.060374271124601364 12.468485832214355
2 0.05047844722867012 13.590887069702148 0.04082193598151207 23.32544708251953 0.0694931298494339 4.139350414276123 0.06025128811597824 8.126691818237305
4 0.05099654942750931 29.00884246826172 0.041738979518413544 50.55739974975586 0.06963945180177689 8.86560344696045 0.06052452325820923 17.85158920288086
4 0.05095002427697182 28.44255828857422 0.04165591299533844 49.333011627197266 0.06962580233812332 8.417482376098633 0.060499612241983414 16.95808982849121
1 0.05042356625199318 11.913700103759766 0.04072291776537895 20.03600311279297 0.06947628408670425 3.631829261779785 0.060222383588552475 7.097545623779297
3 0.05073826014995575 21.73615264892578 0.04128421097993851 37.12841796875 0.0695662796497345 6.483786106109619 0.06038854643702507 12.972864151000977
2 0.05053327605128288 15.347844123840332 0.040920354425907135 26.465410232543945 0.0695088729262352 4.644906044006348 0.06028049439191818 9.15612506866455
4 0.05100357159972191 30.076276779174805 0.04174964129924774 52.19273376464844 0.06964050978422165 8.900620460510254 0.06052708253264427 17.966594696044922
4 0.05094036087393761 28.1300106048584 0.041639525443315506 48.64805603027344 0.06962348520755768 8.342915534973145 0.060495033860206604 16.784690856933594
3 0.050707489252090454 20.785446166992188 0.04123050346970558 33.854888916015625 0.06955775618553162 6.209037780761719 0.060372497886419296 12.403772354125977
4 0.05094170197844505 28.17386245727539 0.041640933603048325 47.39053726196289 0.06962300837039948 8.327651977539062 0.06049473583698273 16.794044494628906
4 0.0510464683175087 30.47254180908203 0.04182388260960579 52.2980842590332 0.06965264678001404 9.299405097961426 0.06054948642849922 18.783052444458008
2 0.05054470896720886 15.698538780212402 0.040940605103969574 27.578386306762695 0.06951212882995605 4.748579978942871 0.06028660014271736 9.370232582092285
2 0.0506371334195137 18.553728103637695 0.04110479727387428 31.89396095275879 0.0695381835103035 5.583151817321777 0.06033557653427124 11.096922874450684
4 0.05090489611029625 27.008211135864258 0.04157688841223717 44.867855072021484 0.06961305439472198 8.000243186950684 0.06047598645091057 16.10511589050293
4 0.05090074986219406 26.82161521911621 0.04157004877924919 45.53196716308594 0.06961148977279663 7.949123859405518 0.06047333404421806 16.0187931060791
1 0.050455931574106216 12.893908500671387 0.04078145697712898 22.007680892944336 0.06948663294315338 3.931760787963867 0.06023930013179779 7.70527982711792
2 0.05049476772546768 14.102879524230957 0.040851593017578125 23.981441497802734 0.06949781626462936 4.290186882019043 0.060260042548179626 8.437370300292969
2 0.0506291426718235 18.33011245727539 0.041090719401836395 32.18111801147461 0.06953614950180054 5.517389297485352 0.060331542044878006 10.945836067199707
3 0.05083794146776199 24.12276268005371 0.04146004840731621 40.903648376464844 0.06959446519613266 7.393340110778809 0.06044115871191025 14.841586112976074
3 0.05083758756518364 24.112106323242188 0.041458941996097565 40.94124221801758 0.0695943757891655 7.390573024749756 0.06044098734855652 14.835768699645996
2 0.05063808709383011 18.55699348449707 0.04110652580857277 31.773025512695312 0.06953869014978409 5.598196029663086 0.06033630296587944 11.113059997558594
4 0.05095648393034935 28.640783309936523 0.041667837649583817 48.454673767089844 0.06962764263153076 8.478029251098633 0.060503024607896805 17.081506729125977
3 0.05080368369817734 23.791475296020508 0.04140050336718559 40.55006790161133 0.0695851519703865 7.09221887588501 0.06042357161641121 14.205389976501465
2 0.0504806786775589 13.697425842285156 0.04082569479942322 24.241172790527344 0.06949388980865479 4.164770603179932 0.06025252491235733 8.16674518585205
4 0.05095042660832405 28.454912185668945 0.04165845364332199 49.197166442871094 0.06962588429450989 8.420846939086914 0.06049977242946625 16.966400146484375
2 0.050652094185352325 19.065792083740234 0.04113147035241127 33.45610809326172 0.06954216957092285 5.710974216461182 0.06034325063228607 11.372870445251465
4 0.0509699210524559 29.061689376831055 0.0416908785700798 50.16905212402344 0.06963138282299042 8.601764678955078 0.06051003187894821 17.337007522583008
4 0.05098482221364975 29.534324645996094 0.041717253625392914 51.21593475341797 0.06963521987199783 8.726435661315918 0.06051729619503021 17.609750747680664
1 0.05036987364292145 10.220292091369629 0.0406256839632988 17.67444610595703 0.06945249438285828 3.067997932434082 0.06019479036331177 6.07155704498291
3 0.050778914242982864 22.96697235107422 0.04135645925998688 39.221797943115234 0.06957823783159256 6.867789268493652 0.060410596430301666 13.742227554321289
4 0.05092928931117058 27.77828025817871 0.04162147641181946 46.74502944946289 0.06962037086486816 8.23989200592041 0.060489244759082794 16.575279235839844
3 0.0506877675652504 20.125202178955078 0.04119598865509033 34.02626037597656 0.06955216825008392 6.029747486114502 0.060362063348293304 12.037114143371582
2 0.050631891936063766 18.425945281982422 0.041096221655607224 31.03330421447754 0.06953674554824829 5.535660743713379 0.06033283844590187 10.999528884887695
1 0.0502750538289547 7.261226654052734 0.04044954478740692 12.293970108032227 0.06942959874868393 1.9991618394851685 0.06014380231499672 4.26124906539917
2 0.050590746104717255 17.09090805053711 0.04102206230163574 29.876968383789062 0.06952513754367828 5.165408611297607 0.060310956090688705 10.226784706115723
4 0.050879936665296555 26.171287536621094 0.041534002870321274 45.5970573425293 0.06960637122392654 7.782882213592529 0.060463372617959976 15.641694068908691
3 0.050859760493040085 24.798084259033203 0.041498806327581406 42.64459228515625 0.06960093230009079 7.604498386383057 0.06045297905802727 15.25815486907959
3 0.05085686594247818 25.403493881225586 0.04149385914206505 44.17185592651367 0.0695999413728714 7.573895454406738 0.06045139953494072 15.21198844909668
3 0.050724130123853683 21.29827117919922 0.041258879005908966 37.27486801147461 0.06956252455711365 6.363790512084961 0.06038135662674904 12.712615966796875
2 0.05053972825407982 15.2069091796875 0.04093210771679878 27.42137908935547 0.06951069831848145 4.703126430511475 0.060283929109573364 9.276674270629883
4 0.05098807066679001 28.74958610534668 0.04172307997941971 51.38496780395508 0.06963617354631424 8.759224891662598 0.060519028455019 17.673952102661133
3 0.05075225606560707 22.173351287841797 0.04131007567048073 37.872955322265625 0.06957073509693146 6.625471115112305 0.06039655581116676 13.242499351501465
1 0.05038034915924072 10.551841735839844 0.04064424708485603 17.825950622558594 0.06945710629224777 3.187154769897461 0.06020030751824379 6.274662494659424
4 0.050894808024168015 26.687589645385742 0.04155983775854111 44.107872009277344 0.06960954517126083 7.885696887969971 0.06046989932656288 15.901920318603516
1 0.050344619899988174 9.444930076599121 0.04057944938540459 16.433584213256836 0.06944147497415543 2.7833950519561768 0.06018130108714104 5.578213214874268
4 0.05095447599887848 28.57617950439453 0.041665900498628616 48.45839309692383 0.0696270763874054 8.459320068359375 0.060501959174871445 17.044233322143555
2 0.05059069022536278 17.13153839111328 0.0410224087536335 29.325315475463867 0.06952515989542007 5.164934158325195 0.06031094864010811 10.225238800048828
2 0.050642699003219604 18.721271514892578 0.04111466184258461 32.14142608642578 0.06953982263803482 5.634698867797852 0.06033860146999359 11.199585914611816
1 0.0502648800611496 6.937053680419922 0.0404302179813385 12.063557624816895 0.06942711025476456 1.8266267776489258 0.0601385161280632 4.074357986450195
2 0.05066530779004097 19.077192306518555 0.041155099868774414 32.58783721923828 0.06954608112573624 5.834212303161621 0.060350432991981506 11.61619758605957
2 0.05047506466507912 13.48234748840332 0.04081559553742409 23.377445220947266 0.06949217617511749 4.1103339195251465 0.06024941802024841 8.061745643615723
4 0.05094929784536362 28.419095993041992 0.04165533185005188 47.986549377441406 0.0696256086230278 8.410928726196289 0.060499224811792374 16.944223403930664
1 0.05033019557595253 8.993914604187012 0.04055299237370491 15.463726997375488 0.06943829357624054 2.633329153060913 0.060173604637384415 5.305479049682617
3 0.05084189027547836 24.2326602935791 0.041467227041721344 42.564666748046875 0.06959550827741623 7.4270806312561035 0.06044306606054306 14.910470008850098
2 0.05046667158603668 13.20205020904541 0.04080076143145561 21.668312072753906 0.06948979943990707 4.033990859985352 0.06024503707885742 7.9074602127075195
1 0.050281066447496414 7.448896408081055 0.04046088457107544 12.617084503173828 0.06943101435899734 2.052410125732422 0.06014701724052429 4.3713555335998535
4 0.05087193101644516 25.895090103149414 0.04152119904756546 45.27233123779297 0.06960389763116837 7.701652526855469 0.0604589581489563 15.491836547851562
4 0.050932202488183975 27.821090698242188 0.04162684082984924 48.40047073364258 0.06962117552757263 8.266298294067383 0.060490742325782776 16.62931251525879
4 0.05101383477449417 30.463586807250977 0.04176636412739754 51.58515167236328 0.06964333355426788 8.995014190673828 0.060532376170158386 18.16196632385254
2 0.05063952878117561 18.64686393737793 0.04110937565565109 31.703815460205078 0.06953909993171692 5.610682964324951 0.06033706292510033 11.139470100402832
1 0.050448447465896606 12.639510154724121 0.04076745733618736 22.489973068237305 0.06948444247245789 3.862250566482544 0.060235172510147095 7.559275150299072
3 0.050700873136520386 20.561044692993164 0.04121849685907364 35.06878662109375 0.06955565512180328 6.142004013061523 0.060368675738573074 12.27244758605957
2 0.05058879777789116 17.032649993896484 0.04101884365081787 29.39759635925293 0.0695246011018753 5.148216247558594 0.06031002476811409 10.195982933044434
1 0.050446588546037674 12.622690200805664 0.04076424986124039 22.360198974609375 0.06948408484458923 3.850654363632202 0.060234423726797104 7.528244495391846
4 0.05105011537671089 30.648513793945312 0.04182970151305199 53.320987701416016 0.06965364515781403 9.33349895477295 0.060551367700099945 18.852581024169922
2 0.05050686001777649 14.494722366333008 0.040872879326343536 25.083797454833984 0.06950133293867111 4.403846740722656 0.06026645749807358 8.661710739135742
1 0.05043704807758331 12.27083969116211 0.04074706509709358 21.347551345825195 0.06948112696409225 3.7570250034332275 0.06022917479276657 7.346609115600586
2 0.05062878876924515 18.318767547607422 0.04109031707048416 32.18775939941406 0.06953605264425278 5.514319896697998 0.06033133342862129 10.939252853393555
3 0.050835054367780685 24.037307739257812 0.041454777121543884 40.63551712036133 0.06959366798400879 7.367640972137451 0.060439664870500565 14.788490295410156
2 0.05055153742432594 15.861590385437012 0.04095301032066345 26.633514404296875 0.06951422989368439 4.814571380615234 0.06029034033417702 9.495298385620117
1 0.05040984973311424 11.47109603881836 0.040698252618312836 19.92708969116211 0.06947066634893417 3.497748851776123 0.06021548807621002 6.839272975921631
3 0.05085188150405884 24.55782127380371 0.04148538410663605 43.184757232666016 0.06959876418113708 7.532459259033203 0.060448892414569855 15.109522819519043
3 0.0506930910050869 20.327566146850586 0.0412040539085865 33.82950973510742 0.06955386698246002 6.084577560424805 0.06036502122879028 12.133245468139648
4 0.050990913063287735 28.837722778320312 0.0417286641895771 51.122920989990234 0.06963736563920975 8.797852516174316 0.0605209618806839 17.73507308959961
2 0.05048426613211632 13.740436553955078 0.04083236679434776 23.88517951965332 0.06949484348297119 4.195510387420654 0.060254376381635666 8.23568344116211
4 0.051011957228183746 30.404693603515625 0.04176422208547592 51.43595886230469 0.06964278966188431 8.976673126220703 0.0605313815176487 18.125606536865234
4 0.05092937499284744 27.781780242919922 0.04161413386464119 48.1184196472168 0.069620281457901 8.240616798400879 0.06048927456140518 16.576751708984375
4 0.05088210105895996 25.796451568603516 0.04153720289468765 44.05219650268555 0.06960664689540863 7.790881633758545 0.060464080423116684 15.674985885620117
3 0.050761155784130096 22.411046981811523 0.04132504016160965 36.31929397583008 0.06957324594259262 6.706590175628662 0.060401249676942825 13.409642219543457
3 0.05080235376954079 22.576091766357422 0.04139673337340355 40.291316986083984 0.06958422809839249 7.0633320808410645 0.06042223051190376 14.171854972839355
1 0.05042960122227669 12.098316192626953 0.040733713656663895 21.46587562561035 0.06947869062423706 3.6907215118408203 0.06022549420595169 7.209652423858643
2 0.050578512251377106 16.71833610534668 0.04100113734602928 28.858030319213867 0.06952165067195892 5.051751136779785 0.060304611921310425 10.0050687789917
1 0.05046071484684944 12.99227523803711 0.0407898873090744 23.161787033081055 0.0694880411028862 3.977357864379883 0.06024179980158806 7.792672157287598
4 0.05088087171316147 26.20304298400879 0.041536614298820496 44.58464813232422 0.06960663199424744 7.790624618530273 0.06046385318040848 15.658585548400879
4 0.05103498697280884 31.06417465209961 0.04180452227592468 53.89103698730469 0.0696498453617096 9.208527565002441 0.06054402142763138 18.574140548706055
3 0.050792817026376724 22.290464401245117 0.04138077422976494 39.94136047363281 0.06958179920911789 6.984698295593262 0.06041751429438591 13.997983932495117
1 0.050363071262836456 9.993233680725098 0.04061313718557358 17.4378719329834 0.06944914162158966 2.9819095134735107 0.06019106134772301 5.93677282333374
3 0.05075490474700928 21.544559478759766 0.04131396859884262 37.756736755371094 0.06957146525382996 6.649295330047607 0.06039794534444809 13.292033195495605
1 0.050304219126701355 8.178462982177734 0.040504634380340576 14.239948272705078 0.06943424791097641 2.375864267349243 0.0601595900952816 4.814585208892822
3 0.05069442465901375 20.368581771850586 0.04120667278766632 35.49362564086914 0.06955422461032867 6.097296237945557 0.0603657141327858 12.158987045288086
3 0.050755079835653305 21.59959602355957 0.04131455346941948 37.66637420654297 0.06957149505615234 6.651716232299805 0.06039801985025406 13.296567916870117
1 0.050409190356731415 11.402976036071777 0.040697116404771805 20.24258041381836 0.06947062164545059 3.489079236984253 0.06021499261260033 6.82753849029541
2 0.050598036497831345 17.37191390991211 0.04103567823767662 29.890668869018555 0.06952722370624542 5.2321929931640625 0.06031491979956627 10.368735313415527
2 0.05047043040394783 13.378929138183594 0.04080728814005852 22.774295806884766 0.0694909542798996 4.070478916168213 0.060247085988521576 7.975259780883789
1 0.05042164400219917 11.845292091369629 0.040719110518693924 20.441328048706055 0.06947547942399979 3.615539789199829 0.060221537947654724 7.063985824584961
1 0.050325989723205566 8.861626625061035 0.04054519906640053 15.430365562438965 0.06943749636411667 2.589822769165039 0.06017131730914116 5.224795341491699
3 0.0508652962744236 25.199953079223633 0.04150877892971039 43.76103973388672 0.06960233300924301 7.651416301727295 0.06045588478446007 15.372955322265625
2 0.05053097382187843 15.271432876586914 0.04091477394104004 26.041170120239258 0.06950812041759491 4.623773574829102 0.06027926877140999 9.11330509185791
4 0.05103923752903938 30.249540328979492 0.04181191325187683 52.30398178100586 0.06965061277151108 9.232365608215332 0.06054569035768509 18.645122528076172
1 0.050336193293333054 9.18114948272705 0.04056406021118164 15.977093696594238 0.0694393441081047 2.694385290145874 0.060176827013492584 5.418010711669922
2 0.05056508257985115 16.3033504486084 0.040977053344249725 28.697927474975586 0.0695178210735321 4.930340766906738 0.060297418385744095 9.753271102905273
4 0.050967663526535034 28.990758895874023 0.0416865199804306 47.90836715698242 0.06963080167770386 8.580999374389648 0.0605088509619236 17.292268753051758
1 0.050449635833501816 12.433399200439453 0.04077013581991196 21.62373161315918 0.06948482245206833 3.8737120628356934 0.060235973447561264 7.587783336639404
3 0.050814561545848846 24.12166404724121 0.04141928628087044 41.66685485839844 0.06958819180727005 7.189577579498291 0.06042924523353577 14.406229972839355
1 0.0503167025744915 8.570462226867676 0.04052812233567238 14.926604270935059 0.06943618506193161 2.499056339263916 0.060166385024785995 5.049749374389648
2 0.050597354769706726 17.3414306640625 0.04103497788310051 29.601219177246094 0.06952707469463348 5.226238250732422 0.060314614325761795 10.356675148010254
3 0.05072358250617981 21.28125762939453 0.041258979588747025 36.33595657348633 0.06956237554550171 6.358508110046387 0.06038106977939606 12.70196533203125
4 0.05099719390273094 28.969970703125 0.0417390801012516 49.18804168701172 0.06963926553726196 8.858916282653809 0.06052440032362938 17.855989456176758
3 0.05073581263422966 21.609827041625977 0.04127954691648483 37.744014739990234 0.0695657804608345 6.468679428100586 0.06038748472929001 12.93021297454834
3 0.05072098225355148 21.168838500976562 0.04125383496284485 34.62565231323242 0.06956173479557037 6.336690902709961 0.060379840433597565 12.657254219055176
2 0.050559163093566895 16.155534744262695 0.04096617549657822 27.205665588378906 0.06951621919870377 4.879023551940918 0.06029427796602249 9.640181541442871
1 0.05041472986340523 11.623821258544922 0.04070692136883736 20.293296813964844 0.0694727972149849 3.5467381477355957 0.060217954218387604 6.931483745574951
4 0.05100245401263237 30.099502563476562 0.041746970266103745 50.974361419677734 0.06963974982500076 8.877643585205078 0.06052595376968384 17.938758850097656
3 0.05072888359427452 20.36262321472168 0.04126786068081856 36.67597198486328 0.06956357508897781 6.398365020751953 0.06038368120789528 12.803762435913086
1 0.05035415291786194 9.741067886352539 0.04059698432683945 16.94560432434082 0.06944523751735687 2.8869991302490234 0.06018644571304321 5.76363468170166
2 0.05065568536520004 19.150680541992188 0.041138045489788055 33.47681427001953 0.06954342126846313 5.750828266143799 0.06034534052014351 11.438643455505371
2 0.05056961253285408 16.4848575592041 0.04098491743206978 27.345006942749023 0.06951919943094254 4.9739089012146 0.0602998360991478 9.835614204406738
1 0.05027979984879494 7.411635398864746 0.04045857489109039 12.89510726928711 0.06943067908287048 2.041280746459961 0.06014633923768997 4.348893165588379
1 0.05032549053430557 8.84567928314209 0.04054434224963188 15.393669128417969 0.0694374144077301 2.586055278778076 0.060171108692884445 5.215794086456299
2 0.050502482801675797 14.298249244689941 0.040864985436201096 25.4531307220459 0.06950004398822784 4.362054824829102 0.06026415154337883 8.581743240356445
4 0.051053065806627274 30.680681228637695 0.04183520749211311 54.821006774902344 0.06965494155883789 9.376272201538086 0.06055345758795738 18.918529510498047
1 0.05041065812110901 11.50537395477295 0.04069951921701431 19.97467803955078 0.06947104632854462 3.505902051925659 0.06021588295698166 6.854211807250977
1 0.050378624349832535 10.492472648620605 0.04064149409532547 18.692855834960938 0.06945642828941345 3.168548822402954 0.06019936129450798 6.240086078643799
1 0.05031730607151985 8.588769912719727 0.040529195219278336 14.95794677734375 0.06943625956773758 2.5054209232330322 0.060166724026203156 5.061596393585205
4 0.05094127729535103 27.629716873168945 0.041640784591436386 48.89685821533203 0.06962285190820694 8.322389602661133 0.06049446389079094 16.78501319885254
2 0.05054153501987457 15.606664657592773 0.04093477874994278 27.521446228027344 0.06951120495796204 4.719305992126465 0.060284897685050964 9.310567855834961
3 0.05070377141237259 20.65279197692871 0.04122364521026611 35.09775924682617 0.06955666840076447 6.1743292808532715 0.06037042289972305 12.329607963562012
3 0.05072576552629471 20.720645904541016 0.04126058518886566 37.11970138549805 0.06956277787685394 6.372997760772705 0.06038206070661545 12.745169639587402
3 0.05086608976125717 25.60334587097168 0.041510313749313354 44.86800765991211 0.06960223615169525 7.647946834564209 0.06045589596033096 15.381195068359375
3 0.05080142244696617 22.548330307006836 0.041396453976631165 40.35710906982422 0.06958454847335815 7.071591854095459 0.060422416776418686 14.163288116455078
1 0.05028880015015602 7.693655490875244 0.04047578200697899 13.392909049987793 0.06943213194608688 2.1689023971557617 0.06015127897262573 4.520733833312988
1 0.05029873549938202 8.006440162658691 0.04049430415034294 13.932122230529785 0.06943359971046448 2.292120933532715 0.0601566880941391 4.709587574005127
2 0.050494544208049774 14.096086502075195 0.04085102304816246 24.877782821655273 0.06949777901172638 4.28938102722168 0.06025994196534157 8.433107376098633
2 0.05047907307744026 13.621979713439941 0.04082280024886131 23.92083740234375 0.06949330866336823 4.1457200050354 0.06025160849094391 8.138516426086426
3 0.050693612545728683 20.298219680786133 0.041204921901226044 34.820369720458984 0.06955400854349136 6.090157985687256 0.06036529690027237 12.143908500671387
2 0.05054386705160141 15.64041805267334 0.04093916341662407 27.62328338623047 0.06951185315847397 4.740355968475342 0.060286108404397964 9.354551315307617
4 0.051029022783041 30.94043731689453 0.04179416224360466 52.32621765136719 0.0696476548910141 9.137125968933105 0.06054030731320381 18.45197296142578
3 0.05077507346868515 22.89599609375 0.041349586099386215 37.749725341796875 0.06957714259624481 6.832528114318848 0.06040855869650841 13.669815063476562
1 0.05026264861226082 6.8673272132873535 0.04042598605155945 11.931962966918945 0.06942658871412277 1.7680068016052246 0.06013741344213486 4.033936977386475
1 0.05044746398925781 12.629921913146973 0.040766000747680664 21.1734619140625 0.06948421895503998 3.8552780151367188 0.06023474782705307 7.544776916503906
1 0.05036354809999466 10.037155151367188 0.040613941848278046 17.454364776611328 0.06944926828145981 2.9875118732452393 0.06019144505262375 5.945798873901367
4 0.050998300313949585 29.062339782714844 0.04174097254872322 50.66197204589844 0.06963995099067688 8.882417678833008 0.060525450855493546 17.884859085083008
1 0.05037209764122963 10.2913818359375 0.04062967747449875 18.3161678314209 0.06945354491472244 3.097301483154297 0.06019596382975578 6.1147260665893555
2 0.05059181526303291 17.165327072143555 0.04102456197142601 28.87216567993164 0.06952551007270813 5.176069259643555 0.060311682522296906 10.25306510925293
2 0.050527848303318024 15.180166244506836 0.040910396724939346 25.470354080200195 0.06950733065605164 4.594912528991699 0.06027761846780777 9.053812980651855
4 0.0508972629904747 26.711755752563477 0.04156391695141792 45.44485092163086 0.06961048394441605 7.917421817779541 0.06047150120139122 15.95418930053711
3 0.05077393725514412 22.8585205078125 0.04134802147746086 37.8963623046875 0.06957655400037766 6.813424110412598 0.060407623648643494 13.644062042236328
4 0.05098680779337883 29.481233596801758 0.04172031208872795 48.80971908569336 0.06963574141263962 8.744977951049805 0.060518305748701096 17.648454666137695
2 0.05063551664352417 18.532737731933594 0.041102804243564606 32.54273223876953 0.06953782588243484 5.571511268615723 0.060334816575050354 11.067852973937988
4 0.05089461803436279 25.882787704467773 0.04155990481376648 45.310523986816406 0.06961015611886978 7.905400276184082 0.06047062203288078 15.910577774047852
1 0.05037738010287285 10.45750904083252 0.04063931480050087 18.519990921020508 0.06945598870515823 3.156134843826294 0.06019875779747963 6.217701435089111
4 0.05101054161787033 30.356740951538086 0.04176189750432968 50.05403518676758 0.06964296102523804 8.980263710021973 0.06053125858306885 18.107572555541992
3 0.05067117139697075 19.590986251831055 0.04116510972380638 33.63246536254883 0.06954774260520935 5.888230800628662 0.06035350263118744 11.725708961486816
3 0.05075216293334961 21.457935333251953 0.04130956903100014 36.70661926269531 0.06957069784402847 6.624975204467773 0.060396503657102585 13.241247177124023
1 0.05038181319832802 10.588008880615234 0.040647123008966446 18.866455078125 0.06945785880088806 3.2034168243408203 0.06020104140043259 6.302067756652832
2 0.050666693598032 19.503507614135742 0.04115826636552811 34.228214263916016 0.06954629719257355 5.843090057373047 0.06035102158784866 11.64759635925293
2 0.05061419680714607 17.86526107788086 0.04106377810239792 31.416736602783203 0.06953195482492447 5.3822526931762695 0.060323625802993774 10.666513442993164
1 0.050434648990631104 12.259247779846191 0.040743108838796616 21.147626876831055 0.06948044151067734 3.736161231994629 0.06022803857922554 7.305445671081543
2 0.0506155863404274 17.925514221191406 0.04106714576482773 30.93712043762207 0.0695321187376976 5.389150142669678 0.06032414734363556 10.695103645324707
3 0.05081695318222046 24.21049690246582 0.04142361134290695 42.259822845458984 0.06958857923746109 7.2020134925842285 0.060430169105529785 14.448161125183105
1 0.05035260319709778 9.69299602508545 0.040594059973955154 16.855955123901367 0.06944463402032852 2.870584011077881 0.06018562242388725 5.733173370361328
2 0.05051133781671524 14.638153076171875 0.040881115943193436 24.916784286499023 0.06950262933969498 4.444209575653076 0.060268834233284 8.74410343170166
1 0.050448447465896606 12.639510154724121 0.04076745733618736 22.489973068237305 0.06948444247245789 3.862250566482544 0.060235172510147095 7.559275150299072
2 0.05051342025399208 14.674187660217285 0.04088440537452698 25.500917434692383 0.06950315088033676 4.462048053741455 0.06026983633637428 8.780373573303223
4 0.05088306963443756 25.827157974243164 0.04153924807906151 45.69401931762695 0.06960690021514893 7.800138473510742 0.06046456843614578 15.694157600402832
4 0.050979048013687134 29.29226303100586 0.041706960648298264 50.89216613769531 0.06963402032852173 8.686789512634277 0.06051481515169144 17.50875473022461
4 0.05091412365436554 26.477455139160156 0.041594699025154114 46.157012939453125 0.06961571425199509 8.086495399475098 0.06048086658120155 16.28022003173828
4 0.05101098120212555 30.31340980529785 0.041763316839933395 52.378265380859375 0.06964312493801117 8.985858917236328 0.06053154170513153 18.1168155670166
4 0.050946034491062164 28.202312469482422 0.04164927825331688 49.0742301940918 0.06962426006793976 8.368264198303223 0.060497015714645386 16.876487731933594
1 0.05035436153411865 9.747599601745605 0.04059742018580437 16.838611602783203 0.06944537907838821 2.889437198638916 0.06018656864762306 5.767825126647949
2 0.0505087785422802 14.582976341247559 0.04087622091174126 25.099483489990234 0.06950188428163528 4.421243190765381 0.06026746705174446 8.697111129760742
2 0.05055714398622513 16.088886260986328 0.04096284508705139 27.454742431640625 0.06951567530632019 4.861294746398926 0.06029323488473892 9.602940559387207
4 0.051034942269325256 31.126657485961914 0.04180210456252098 53.854732513427734 0.06964979320764542 9.208406448364258 0.06054398790001869 18.57369613647461
1 0.05026097223162651 6.8169846534729 0.04042288288474083 11.848424911499023 0.06942608952522278 1.7549000978469849 0.060136571526527405 4.005133628845215
3 0.05082401633262634 24.43312644958496 0.04143482819199562 41.383705139160156 0.0695904791355133 7.266242980957031 0.060433801263570786 14.580964088439941
4 0.050871215760707855 25.819812774658203 0.0415189228951931 44.06678009033203 0.06960365176200867 7.694428443908691 0.06045857071876526 15.477804183959961
2 0.05058206617832184 16.855436325073242 0.04100716486573219 29.697147369384766 0.06952272355556488 5.086427211761475 0.060306400060653687 10.064659118652344
1 0.05039016157388687 10.861337661743164 0.04066254943609238 18.88534164428711 0.06946165859699249 3.2935171127319336 0.06020541861653328 6.464099407196045
4 0.05097182095050812 29.121728897094727 0.041695233434438705 50.47854232788086 0.06963198632001877 8.61990737915039 0.060511037707328796 17.371822357177734
1 0.050372179597616196 10.293964385986328 0.04062991589307785 18.34375 0.0694534108042717 3.096843719482422 0.06019599363207817 6.115816593170166
3 0.050738099962472916 21.68264389038086 0.04128453880548477 36.93834686279297 0.06956648081541061 6.489838123321533 0.060388755053281784 12.974491119384766
1 0.05035620555281639 9.806197166442871 0.040600743144750595 16.406089782714844 0.06944610923528671 2.907792806625366 0.060187485069036484 5.802924633026123
1 0.05030495300889015 8.02491283416748 0.040505994111299515 14.274578094482422 0.06943444907665253 2.385418653488159 0.06016010046005249 4.82938289642334
4 0.05100817233324051 30.224592208862305 0.041757915169000626 50.08549499511719 0.06964224576950073 8.95846939086914 0.06053001806139946 18.064088821411133
2 0.05066200718283653 19.366628646850586 0.04114947095513344 33.968143463134766 0.0695449635386467 5.799239635467529 0.0603485032916069 11.557096481323242
3 0.05074939876794815 22.091630935668945 0.041303060948848724 37.756771087646484 0.06956912577152252 6.575462341308594 0.06039407476782799 13.175801277160645
4 0.05097772181034088 29.308067321777344 0.04170495644211769 49.64269256591797 0.06963322311639786 8.662320137023926 0.06051359325647354 17.477397918701172
3 0.05073704943060875 21.64956283569336 0.04128201678395271 36.16531753540039 0.06956606358289719 6.476715087890625 0.06038818880915642 12.954174995422363
3 0.05076344683766365 22.481809616088867 0.04133006930351257 38.5105094909668 0.06957369297742844 6.722575664520264 0.06040235981345177 13.458491325378418
3 0.0506962314248085 20.378353118896484 0.04120936989784241 35.63114929199219 0.06955470889806747 6.113034248352051 0.06036664918065071 12.192243576049805
4 0.051059119403362274 31.893714904785156 0.04184572771191597 53.69453811645508 0.06965731084346771 9.452881813049316 0.06055732071399689 19.04404067993164
2 0.050626710057258606 18.221948623657227 0.04108661785721779 32.084320068359375 0.06953530013561249 5.490048408508301 0.06033014878630638 10.902347564697266
3 0.05069107189774513 20.274194717407227 0.04120100289583206 35.52412033081055 0.06955330073833466 6.066214561462402 0.060364097356796265 12.102560997009277
1 0.05039433389902115 10.988744735717773 0.04067036136984825 18.844802856445312 0.06946373730897903 3.3383162021636963 0.060207583010196686 6.54418420791626
1 0.050413649529218674 11.589990615844727 0.040704917162656784 20.235000610351562 0.0694723054766655 3.5358970165252686 0.06021741405129433 6.911093235015869
2 0.050663962960243225 19.000131607055664 0.04115258529782295 33.49411392211914 0.06954590976238251 5.8281121253967285 0.060349974781274796 11.593525886535645
2 0.050545576959848404 15.682904243469238 0.04094180092215538 26.95795249938965 0.0695124939084053 4.759598255157471 0.060287125408649445 9.382476806640625
4 0.05095801502466202 28.680662155151367 0.0416717492043972 47.2503662109375 0.06962810456752777 8.492227554321289 0.06050383672118187 17.11058807373047
2 0.05063965171575546 18.65105628967285 0.0411093644797802 32.74507522583008 0.0695389062166214 5.60605001449585 0.0603368766605854 11.1395845413208
4 0.05102604255080223 30.78484344482422 0.041789013892412186 52.163299560546875 0.06964678317308426 9.10788631439209 0.06053875759243965 18.394638061523438
4 0.05102242901921272 29.79715919494629 0.04178256914019585 53.22983169555664 0.06964633613824844 9.091822624206543 0.060537490993738174 18.333820343017578
4 0.05087628588080406 26.058469772338867 0.04152794927358627 44.25778579711914 0.0696050152182579 7.737249851226807 0.06046104431152344 15.565214157104492
3 0.05072528123855591 20.706010818481445 0.04126139357686043 37.230628967285156 0.06956267356872559 6.368499279022217 0.06038179621100426 12.735764503479004
4 0.050983771681785583 29.442981719970703 0.04171460121870041 49.97993087768555 0.06963485479354858 8.715887069702148 0.06051671877503395 17.591094970703125
2 0.05064645782113075 18.870925903320312 0.04112140089273453 32.59760284423828 0.06954104453325272 5.673055171966553 0.06034071370959282 11.268298149108887
3 0.05083131790161133 23.921398162841797 0.041447713971138 41.966094970703125 0.06959256529808044 7.333573341369629 0.06043766811490059 14.718833923339844
3 0.05075794830918312 21.588071823120117 0.04132013022899628 39.101715087890625 0.06957229971885681 6.676690578460693 0.060399509966373444 13.349343299865723
2 0.050469771027565 13.352156639099121 0.04080646485090256 23.08711051940918 0.06949080526828766 4.0660295486450195 0.060246799141168594 7.965536594390869
2 0.0505988672375679 17.38744354248047 0.04103636369109154 29.29868507385254 0.06952743232250214 5.239002227783203 0.06031525507569313 10.378379821777344
4 0.05097363516688347 29.179344177246094 0.04169704392552376 50.403831481933594 0.06963212043046951 8.626419067382812 0.060511525720357895 17.400104522705078
2 0.05052529647946358 15.10055160522461 0.040905993431806564 26.666940689086914 0.06950660794973373 4.571370601654053 0.06027626991271973 9.005764961242676
3 0.050858691334724426 25.460092544555664 0.041497811675071716 44.493507385253906 0.06960047036409378 7.590224742889404 0.06045236065983772 15.24625301361084
3 0.05074802786111832 22.04690933227539 0.041300926357507706 37.684356689453125 0.06956854462623596 6.55802583694458 0.060393087565898895 13.148054122924805
1 0.0503123514354229 8.198860168457031 0.04052090644836426 14.133232116699219 0.06943555921316147 2.4632208347320557 0.06016436591744423 4.9815778732299805
1 0.05037754774093628 10.462395668029785 0.04063953086733818 18.078176498413086 0.06945599615573883 3.15745210647583 0.06019884720444679 6.220621109008789
1 0.05026838928461075 7.048189640045166 0.040436867624521255 12.258734703063965 0.06942800432443619 1.8564492464065552 0.060140371322631836 4.139095783233643
4 0.050889432430267334 25.72311782836914 0.041549909859895706 44.87776565551758 0.069608673453331 7.858505725860596 0.060467902570962906 15.81445598602295
4 0.05097290500998497 29.156166076660156 0.04169565811753273 50.56112289428711 0.06963231414556503 8.630600929260254 0.06051163375377655 17.391948699951172
1 0.05034773796796799 9.542150497436523 0.04058511182665825 16.60535430908203 0.06944258511066437 2.817194938659668 0.060182977467775345 5.638830661773682
1 0.050306711345911026 8.260733604431152 0.04050939902663231 14.380657196044922 0.06943460553884506 2.4021105766296387 0.06016102060675621 4.863429546356201
2 0.050573524087667465 16.602664947509766 0.040992073714733124 29.277441024780273 0.06952030956745148 5.009633541107178 0.06030193716287613 9.9097261428833
3 0.05083349347114563 23.93724822998047 0.041452016681432724 41.29281997680664 0.0695931687951088 7.352456569671631 0.06043880805373192 14.759655952453613
3 0.050669439136981964 19.185060501098633 0.04116349294781685 34.37916946411133 0.06954701244831085 5.865523815155029 0.0603523887693882 11.695547103881836
3 0.05071181058883667 20.921098709106445 0.041237615048885345 36.59630584716797 0.06955894827842712 6.247819900512695 0.06037477031350136 12.484192848205566
1 0.05041635036468506 11.68331241607666 0.0407099686563015 20.1984806060791 0.06947337836027145 3.5626461505889893 0.06021876633167267 6.961380481719971
2 0.05050915479660034 14.535165786743164 0.04087664559483528 25.50579261779785 0.06950195878744125 4.423009395599365 0.06026759743690491 8.700693130493164
4 0.0509362630546093 28.000965118408203 0.041631944477558136 47.308860778808594 0.06962236016988754 8.30477237701416 0.060492925345897675 16.706398010253906
4 0.05092364922165871 27.60723304748535 0.04161084070801735 46.59275817871094 0.06961836665868759 8.17505168914795 0.0604858435690403 16.461233139038086
2 0.05051441490650177 14.705202102661133 0.040886297821998596 25.645109176635742 0.06950345635414124 4.4704437255859375 0.06027038395404816 8.798317909240723
4 0.05100611224770546 30.218151092529297 0.04175523295998573 48.63395690917969 0.06964130699634552 8.926061630249023 0.06052844598889351 18.0155086517334
4 0.050868868827819824 25.79835319519043 0.041514456272125244 42.869930267333984 0.06960300356149673 7.67346715927124 0.06045733764767647 15.433501243591309
4 0.0508979894220829 25.9867000579834 0.04156561195850372 45.4921760559082 0.06961040943861008 7.913367748260498 0.060471538454294205 15.961319923400879
1 0.05037849023938179 10.488332748413086 0.040641091763973236 18.25456428527832 0.06945639103651047 3.1673998832702637 0.060199301689863205 6.237774848937988
1 0.0502917505800724 7.789477825164795 0.040481336414813995 13.556884765625 0.06943272799253464 2.2097668647766113 0.060152895748615265 4.577234268188477
1 0.05030347406864166 8.154995918273926 0.040503229945898056 14.207897186279297 0.0694342777132988 2.3707845211029053 0.060159288346767426 4.800876140594482
4 0.05095157399773598 28.48444938659668 0.04165994003415108 49.313785552978516 0.06962668150663376 8.446937561035156 0.060500968247652054 16.997465133666992
1 0.050460170954465866 13.054837226867676 0.04078904539346695 23.139854431152344 0.06948801130056381 3.976308822631836 0.06024166941642761 7.7852277755737305
4 0.05100245401263237 30.099502563476562 0.041746970266103745 50.974361419677734 0.06963974982500076 8.877643585205078 0.06052595376968384 17.938758850097656
2 0.050484102219343185 13.798552513122559 0.04083216190338135 24.402610778808594 0.06949488818645477 4.196640491485596 0.060254357755184174 8.231380462646484
3 0.05072879418730736 20.76922607421875 0.041268132627010345 37.550445556640625 0.06956365704536438 6.400455951690674 0.0603836253285408 12.801280975341797
3 0.050789836794137955 22.2021484375 0.04137679189443588 40.54314041137695 0.06958127021789551 6.966623783111572 0.060416314750909805 13.94710636138916
2 0.05061522126197815 17.914134979248047 0.041066620498895645 31.3587703704834 0.06953202933073044 5.385626316070557 0.06032398343086243 10.688067436218262
1 0.050407931208610535 11.419179916381836 0.04069463163614273 20.180498123168945 0.0694698616862297 3.478585958480835 0.06021450087428093 6.802924633026123
4 0.050869859755039215 25.829261779785156 0.04151737317442894 45.115230560302734 0.06960328668355942 7.681905746459961 0.060457855463027954 15.452162742614746
3 0.050691843032836914 20.25193214416504 0.04120245948433876 35.575157165527344 0.06955330073833466 6.066512107849121 0.060364238917827606 12.11365032196045
1 0.05031744763255119 8.595951080322266 0.04052939638495445 14.956531524658203 0.06943622976541519 2.5047950744628906 0.060166727751493454 5.063791751861572
4 0.0509985089302063 29.068086624145508 0.04174097999930382 49.50166320800781 0.06963960826396942 8.86996078491211 0.060525037348270416 17.879079818725586
3 0.05077442526817322 22.874107360839844 0.04134954512119293 39.92098617553711 0.06957653909921646 6.814556121826172 0.0604078434407711 13.654359817504883
3 0.05081509053707123 23.22525405883789 0.04141908138990402 41.13862609863281 0.06958834081888199 7.195765018463135 0.06042957305908203 14.419473648071289
2 0.050550900399684906 15.88965892791748 0.0409511998295784 27.55206871032715 0.06951388716697693 4.803983211517334 0.06028979644179344 9.480324745178223
2 0.050616227090358734 17.945877075195312 0.04106865078210831 30.136709213256836 0.06953234225511551 5.3947014808654785 0.0603245384991169 10.706692695617676
3 0.05081203207373619 23.998088836669922 0.041415661573410034 39.78322219848633 0.06958707422018051 7.153710842132568 0.060427576303482056 14.364116668701172
3 0.0508456751704216 24.366811752319336 0.04147399216890335 42.58293533325195 0.06959664076566696 7.464145183563232 0.06044520065188408 14.986753463745117
2 0.05047304183244705 13.442546844482422 0.04081236198544502 22.7327823638916 0.06949149072170258 4.086642742156982 0.06024831905961037 8.024924278259277
2 0.05049793794751167 14.208943367004395 0.04085707291960716 25.1977596282959 0.06949873268604279 4.320694923400879 0.06026164069771767 8.4942045211792
4 0.05099910497665405 29.08663558959961 0.04174232855439186 50.75823211669922 0.06964016705751419 8.889452934265137 0.06052586808800697 17.90022850036621
1 0.05031192675232887 8.425591468811035 0.040518928319215775 14.669413566589355 0.06943527609109879 2.4517874717712402 0.060163769870996475 4.961436748504639
2 0.0506269596517086 18.274147033691406 0.04108696058392525 31.947786331176758 0.06953540444374084 5.494199275970459 0.06033027172088623 10.90728759765625
2 0.05057954043149948 16.740848541259766 0.04100276529788971 27.45608139038086 0.06952203810214996 5.064920902252197 0.0603051632642746 10.023462295532227
2 0.05054162070155144 15.609282493591309 0.04093486815690994 27.522804260253906 0.06951124221086502 4.719993591308594 0.06028492748737335 9.311344146728516
1 0.050419971346855164 11.787617683410645 0.040716495364904404 19.50954818725586 0.06947494298219681 3.598052501678467 0.06022060289978981 7.0299458503723145
1 0.05042443051934242 11.942798614501953 0.0407244935631752 20.717809677124023 0.06947660446166992 3.6419966220855713 0.06022292375564575 7.115401268005371
1 0.050296079367399216 7.9269537925720215 0.040489427745342255 13.528402328491211 0.06943314522504807 2.266631841659546 0.0601552277803421 4.659824371337891
4 0.051034942269325256 31.12639045715332 0.04179288446903229 53.70521545410156 0.06964968889951706 9.20855712890625 0.06054399162530899 18.572751998901367
1 0.05036257207393646 9.980870246887207 0.040612224489450455 17.062271118164062 0.06944914907217026 2.979109525680542 0.06019086763262749 5.927823543548584
4 0.05100932717323303 30.32029151916504 0.04176029562950134 51.25171661376953 0.06964259594678879 8.970011711120605 0.06053059548139572 18.085220336914062
4 0.050968896597623825 29.030303955078125 0.04168916493654251 47.30585861206055 0.06963115930557251 8.592636108398438 0.06050950661301613 17.316259384155273
3 0.0507923848927021 23.437631607055664 0.041380006819963455 40.90999984741211 0.06958167999982834 6.980336666107178 0.0604172982275486 13.989828109741211
2 0.05060349777340889 17.533763885498047 0.04104553163051605 30.044221878051758 0.06952876597642899 5.281797885894775 0.060317814350128174 10.471429824829102
2 0.050624992698431015 18.167123794555664 0.04108376055955887 32.0169563293457 0.06953476369380951 5.473391532897949 0.06032915785908699 10.870491981506348
1 0.05043046921491623 12.125409126281738 0.04073558375239372 21.29091453552246 0.06947904080152512 3.698888063430786 0.060225944966077805 7.225865840911865
1 0.050331905484199524 9.047415733337402 0.040556132793426514 15.754020690917969 0.06943850219249725 2.6507222652435303 0.06017453223466873 5.337153911590576
1 0.050322070717811584 8.738807678222656 0.04053793102502823 15.210101127624512 0.06943687796592712 2.551334857940674 0.06016923114657402 5.151472091674805
4 0.051011957228183746 30.404693603515625 0.04176422208547592 51.43595886230469 0.06964278966188431 8.976673126220703 0.0605313815176487 18.125606536865234
1 0.050426091998815536 11.978928565979004 0.04072758927941322 21.269886016845703 0.06947736442089081 3.657349109649658 0.06022373586893082 7.144745826721191
3 0.05075646936893463 21.641359329223633 0.041316766291856766 38.97701644897461 0.0695716068148613 6.655393600463867 0.06039842963218689 13.318249702453613
4 0.050924498587846756 27.634418487548828 0.041612446308135986 44.30088806152344 0.06961865723133087 8.182695388793945 0.06048630550503731 16.47667694091797
4 0.05095517635345459 28.598854064941406 0.041665054857730865 48.51996612548828 0.06962724030017853 8.46556282043457 0.0605023168027401 17.0573787689209
2 0.05063597857952118 18.535587310791016 0.04110326990485191 31.8413028717041 0.06953809410333633 5.579697608947754 0.060335155576467514 11.074141502380371
4 0.05103813111782074 30.580806732177734 0.041809145361185074 53.621734619140625 0.06965076178312302 9.237920761108398 0.060545664280653 18.6319637298584
2 0.05049782991409302 14.185720443725586 0.04085642844438553 25.166046142578125 0.06949871778488159 4.32038688659668 0.060261569917201996 8.48988151550293
3 0.05074136331677437 21.830114364624023 0.04129024222493172 38.155479431152344 0.06956763565540314 6.527289867401123 0.06039077788591385 13.039276123046875
1 0.0504482164978981 12.676247596740723 0.04076757654547691 22.47594451904297 0.06948444247245789 3.86222505569458 0.06023517996072769 7.559736251831055
4 0.050918202847242355 26.602672576904297 0.04160213842988014 47.223636627197266 0.06961686164140701 8.123889923095703 0.06048300489783287 16.357017517089844
4 0.050975579768419266 29.241527557373047 0.041701655834913254 50.54005813598633 0.06963347643613815 8.669926643371582 0.060513511300086975 17.45243263244629
1 0.05035867169499397 9.886041641235352 0.040605057030916214 17.182689666748047 0.06944706290960312 2.9349048137664795 0.06018882244825363 5.8504109382629395
4 0.05104643106460571 30.474660873413086 0.04182339459657669 51.44788360595703 0.06965263187885284 9.299208641052246 0.06054944917559624 18.782377243041992
2 0.0506134070456028 17.840776443481445 0.041062623262405396 31.342084884643555 0.06953173130750656 5.37507438659668 0.060323216021060944 10.651872634887695
4 0.05097328498959541 29.168312072753906 0.04169696569442749 50.60566711425781 0.069632388651371 8.634629249572754 0.06051178276538849 17.40018081665039
4 0.05089707300066948 26.75835418701172 0.04156401380896568 46.489383697509766 0.06961046904325485 7.916924953460693 0.06047146022319794 15.95179557800293
4 0.050936322659254074 28.00286293029785 0.041633013635873795 48.56735610961914 0.06962233036756516 8.30447769165039 0.06049292907118797 16.707860946655273
3 0.050752654671669006 22.18602180480957 0.041309405118227005 35.929710388183594 0.06957054883241653 6.62069845199585 0.06039641797542572 13.245747566223145
4 0.05089062079787254 25.760536193847656 0.04155318811535835 45.966556549072266 0.06960902363061905 7.869340896606445 0.06046852469444275 15.836393356323242
1 0.05030209571123123 8.137772560119629 0.040500372648239136 14.127220153808594 0.06943415850400925 2.3574790954589844 0.060158513486385345 4.774564266204834
2 0.05062716454267502 17.925025939941406 0.04108757525682449 31.421283721923828 0.06953545659780502 5.495700359344482 0.060330357402563095 10.910861015319824
2 0.05055077746510506 15.885858535766602 0.04095077887177467 27.351404190063477 0.06951383501291275 4.802821636199951 0.06028973311185837 9.478069305419922
2 0.05063873529434204 18.622243881225586 0.04110759124159813 31.198396682739258 0.06953885406255722 5.603611469268799 0.0603366419672966 11.125565528869629
2 0.05054977163672447 15.857223510742188 0.040949638932943344 26.716663360595703 0.06951358169317245 4.794924736022949 0.06028928980231285 9.465198516845703
2 0.05057935789227486 16.787887573242188 0.04100307077169418 29.58916473388672 0.0695217102766037 5.054592132568359 0.060304850339889526 10.01885986328125
1 0.050272248685359955 7.170730113983154 0.04044417291879654 12.231500625610352 0.06942899525165558 1.9319136142730713 0.060142356902360916 4.2091217041015625
4 0.050896380096673965 26.73721694946289 0.04156315326690674 46.16806411743164 0.06961027532815933 7.909998416900635 0.0604710727930069 15.937909126281738
2 0.0504755899310112 13.521172523498535 0.04081675782799721 23.9574031829834 0.06949234008789062 4.115447044372559 0.06024974212050438 8.072898864746094
3 0.05077065899968147 22.754802703857422 0.04134288430213928 38.81927490234375 0.06957560032606125 6.783905982971191 0.060405876487493515 13.58360481262207
3 0.050720516592264175 21.202199935913086 0.04125329852104187 35.4781379699707 0.06956136226654053 6.325998783111572 0.06037929281592369 12.64603328704834
1 0.0502999946475029 8.048179626464844 0.04049678146839142 14.015426635742188 0.06943372637033463 2.3038172721862793 0.060157351195812225 4.734582424163818
2 0.050549235194921494 15.840540885925293 0.040948737412691116 27.815265655517578 0.06951342523097992 4.789815425872803 0.060289014130830765 9.455161094665527
4 0.05090901628136635 26.317829132080078 0.04158399999141693 46.49251174926758 0.06961352378129959 8.017230987548828 0.06047733873128891 16.172029495239258
4 0.05094348266720772 28.234342575073242 0.04164481535553932 48.67481994628906 0.0696239322423935 8.357605934143066 0.06049618497490883 16.83637046813965
3 0.050835851579904556 24.768653869628906 0.0414581224322319 42.440818786621094 0.06959348917007446 7.363073825836182 0.06043978035449982 14.80918025970459
2 0.050537534058094025 15.47431755065918 0.04092760011553764 27.139225006103516 0.0695100873708725 4.683508396148682 0.06028277426958084 9.235908508300781
3 0.050742603838443756 21.87473487854004 0.04129287973046303 37.813419342041016 0.06956757605075836 6.524280548095703 0.060390904545784 13.054641723632812
1 0.05044388025999069 12.545121192932129 0.04075980186462402 22.25724220275879 0.06948331743478775 3.825700283050537 0.060233015567064285 7.479938983917236
4 0.05104312673211098 30.43332290649414 0.04181651398539543 53.02068328857422 0.06965166330337524 9.268062591552734 0.060547709465026855 18.718700408935547
3 0.05068749934434891 20.138296127319336 0.04119529947638512 34.4336051940918 0.06955210864543915 6.029266834259033 0.06036201864480972 12.036458015441895
3 0.050705794245004654 20.732683181762695 0.04122712463140488 35.47248077392578 0.06955709308385849 6.189545154571533 0.06037157028913498 12.373302459716797
1 0.05028340220451355 7.522930145263672 0.04046529158949852 13.094953536987305 0.06943138688802719 2.0727462768554688 0.06014825776219368 4.41588020324707
2 0.05060474947094917 17.570636749267578 0.041047532111406326 29.48716926574707 0.06952930986881256 5.29703950881958 0.060318637639284134 10.490447998046875
3 0.05070248991250992 20.612712860107422 0.04122104123234749 36.13264846801758 0.06955651193857193 6.169004917144775 0.06037002056837082 12.309000015258789
3 0.05071883276104927 21.149290084838867 0.041249390691518784 36.131072998046875 0.06956087797880173 6.311437129974365 0.06037841737270355 12.615571975708008
4 0.050883885473012924 26.348087310791016 0.04154151305556297 45.808048248291016 0.06960713118314743 7.807643890380859 0.060465000569820404 15.709576606750488
1 0.05035597085952759 9.732755661010742 0.040600378066301346 17.042375564575195 0.0694461241364479 2.9061269760131836 0.06018725410103798 5.799306869506836
1 0.050284095108509064 7.547555923461914 0.04046662151813507 13.130414009094238 0.06943149864673615 2.0786664485931396 0.06014861911535263 4.429813861846924
3 0.05078480765223503 23.196796417236328 0.04136618599295616 40.52995300292969 0.06957920640707016 6.901054859161377 0.06041290983557701 13.842329978942871
3 0.050772201269865036 22.805301666259766 0.04134409874677658 39.803680419921875 0.06957602500915527 6.7968950271606445 0.060406703501939774 13.611067771911621
2 0.05055895447731018 16.14546775817871 0.04096606746315956 27.812946319580078 0.06951617449522018 4.877980709075928 0.060294173657894135 9.637675285339355
4 0.050963595509529114 28.261425018310547 0.04168039932847023 48.32379150390625 0.06962965428829193 8.542770385742188 0.06050672009587288 17.215118408203125
2 0.05062878876924515 18.318767547607422 0.04109031707048416 32.18775939941406 0.06953605264425278 5.514319896697998 0.06033133342862129 10.939252853393555
4 0.05100283399224281 29.544387817382812 0.041748154908418655 49.15555191040039 0.06964080035686493 8.909490585327148 0.060527253895998 17.96133804321289
4 0.05098138004541397 29.424837112426758 0.041711632162332535 49.8306884765625 0.06963463127613068 8.707559585571289 0.06051599234342575 17.55349349975586
3 0.05084067955613136 24.206666946411133 0.041464727371931076 42.47209167480469 0.06959521025419235 7.418736934661865 0.060442570596933365 14.89420223236084
1 0.05045924708247185 12.99065113067627 0.04078737646341324 23.06456756591797 0.06948769837617874 3.966073751449585 0.06024111807346344 7.764949798583984
3 0.050707750022411346 20.793785095214844 0.04123089835047722 36.4038200378418 0.0695580542087555 6.218824863433838 0.06037290766835213 12.412153244018555
4 0.051059968769550323 31.258386611938477 0.041848909109830856 53.90768051147461 0.06965704262256622 9.443504333496094 0.06055713817477226 19.04973602294922
4 0.050984468311071396 28.908857345581055 0.041715558618307114 48.95378494262695 0.06963510811328888 8.723287582397461 0.0605170801281929 17.602712631225586
3 0.05068528652191162 20.069665908813477 0.04119175672531128 34.404884338378906 0.0695515125989914 6.010192394256592 0.06036084517836571 11.995390892028809
1 0.05028242617845535 7.483987331390381 0.040463391691446304 13.028411865234375 0.06943118572235107 2.0637457370758057 0.06014769524335861 4.396437168121338
4 0.05103196203708649 31.031322479248047 0.04179895296692848 52.167659759521484 0.06964896619319916 9.180342674255371 0.06054242327809334 18.516239166259766
3 0.05072567239403725 21.34662437438965 0.04126114025712013 35.9364013671875 0.0695626437664032 6.3672590255737305 0.06038187816739082 12.737361907958984
2 0.05065523460507393 19.1367244720459 0.041137102991342545 32.80574035644531 0.06954348832368851 5.752378463745117 0.0603453628718853 11.433195114135742
3 0.05068952217698097 20.22555160522461 0.041197892278432846 35.40397644042969 0.06955261528491974 6.046401023864746 0.06036296859383583 12.070701599121094
2 0.05064614117145538 18.86126136779785 0.041121065616607666 32.655025482177734 0.06954095512628555 5.669837951660156 0.060340553522109985 11.262077331542969
2 0.05057242512702942 16.565893173217773 0.04099002480506897 26.772268295288086 0.0695200115442276 5.000096321105957 0.06030135974287987 9.889605522155762
4 0.05093668773770332 28.01402473449707 0.041634462773799896 47.17226028442383 0.0696224644780159 8.308415412902832 0.06049312278628349 16.71504783630371
3 0.05073489248752594 21.581865310668945 0.04127863049507141 36.82086944580078 0.06956547498703003 6.4574151039123535 0.06038706749677658 12.914285659790039
4 0.05096234008669853 28.76483917236328 0.041678059846162796 49.8754997253418 0.0696292370557785 8.53056526184082 0.06050604581832886 17.192230224609375
3 0.05077284201979637 22.825679779052734 0.04134562239050865 38.3277587890625 0.06957650184631348 6.812021732330322 0.06040738895535469 13.627837181091309
3 0.05081135779619217 24.00326919555664 0.041414204984903336 38.852500915527344 0.06958689540624619 7.148298263549805 0.06042725220322609 14.352926254272461
1 0.05031726509332657 8.58752155303955 0.04052911326289177 14.951626777648926 0.06943624466657639 2.504983901977539 0.060166701674461365 5.060762882232666
1 0.05026186630129814 6.842895030975342 0.04042447730898857 11.889071464538574 0.0694262906908989 1.7615692615509033 0.06013699248433113 4.020864009857178
2 0.050647564232349396 18.903959274291992 0.04112384468317032 33.172142028808594 0.069541335105896 5.682995319366455 0.06034129112958908 11.289324760437012
1 0.05030044540762901 8.059675216674805 0.040497515350580215 13.233200073242188 0.06943386048078537 2.3248937129974365 0.06015762314200401 4.7426838874816895
1 0.05030626058578491 8.244485855102539 0.04050847142934799 14.350347518920898 0.0694345086812973 2.3962833881378174 0.06016070023179054 4.853881359100342
1 0.0503995455801487 11.156841278076172 0.04067959636449814 18.558349609375 0.06946607679128647 3.392216682434082 0.06021024286746979 6.643269062042236
1 0.050355345010757446 9.782718658447266 0.04059915989637375 17.015850067138672 0.06944572925567627 2.8983829021453857 0.06018701568245888 5.785894870758057
3 0.05081960931420326 24.295785903930664 0.041427407413721085 41.07631301879883 0.06958965212106705 7.2368855476379395 0.06043197214603424 14.50350570678711
1 0.05042414739727974 11.931655883789062 0.04072416201233864 20.45262908935547 0.06947663426399231 3.639482021331787 0.060222771018743515 7.109497547149658
2 0.05061986297369003 18.058115005493164 0.041074659675359726 31.744977951049805 0.0695333406329155 5.428068161010742 0.06032644957304001 10.775310516357422
2 0.05055491626262665 16.024503707885742 0.04095892235636711 27.602746963500977 0.06951501220464706 4.841404438018799 0.06029200926423073 9.561627388000488
2 0.05049557611346245 14.146227836608887 0.040852513164281845 25.066287994384766 0.06949808448553085 4.300013542175293 0.06026040390133858 8.448718070983887
1 0.050436150282621384 12.287927627563477 0.04074617847800255 21.323877334594727 0.06948093324899673 3.7508256435394287 0.0602288544178009 7.3343892097473145
2 0.050489090383052826 13.615909576416016 0.04084101319313049 24.429401397705078 0.06949621438980103 4.239219665527344 0.06025693193078041 8.325366020202637
4 0.051020994782447815 29.692445755004883 0.0417804978787899 52.83702850341797 0.0696459487080574 9.078763961791992 0.060536760836839676 18.306978225708008
3 0.05078243836760521 23.129438400268555 0.04136210307478905 39.26154708862305 0.06957918405532837 6.8990397453308105 0.06041243299841881 13.807772636413574
4 0.05097847059369087 29.3311824798584 0.04170538857579231 48.116180419921875 0.06963342428207397 8.667394638061523 0.060513995587825775 17.489564895629883
4 0.050897032022476196 26.75766944885254 0.04156307503581047 46.476356506347656 0.0696101188659668 7.906744480133057 0.060471028089523315 15.945382118225098
3 0.05075986683368683 22.418601989746094 0.04132296144962311 38.23842239379883 0.06957285106182098 6.695008277893066 0.06040055677294731 13.386224746704102
4 0.05091472715139389 26.441360473632812 0.04159495234489441 47.47966766357422 0.06961587071418762 8.091707229614258 0.06048118323087692 16.29105567932129
3 0.05068992078304291 20.238176345825195 0.041199758648872375 35.48309326171875 0.06955277174711227 6.049280643463135 0.06036321073770523 12.077327728271484
2 0.05066145956516266 19.338376998901367 0.04114814102649689 32.54926300048828 0.06954502314329147 5.800890922546387 0.06034835800528526 11.54393482208252
4 0.05092012882232666 26.661521911621094 0.041604138910770416 47.60402297973633 0.06961733102798462 8.140877723693848 0.06048395112156868 16.39328956604004
3 0.05084501579403877 24.347230911254883 0.04147156700491905 42.654972076416016 0.06959643959999084 7.45840311050415 0.06044486537575722 14.974885940551758
2 0.05048925057053566 13.92975902557373 0.040841516107320786 24.7114200592041 0.0694962590932846 4.240857124328613 0.060256995260715485 8.327736854553223
4 0.05100169777870178 29.108659744262695 0.04174715653061867 50.879329681396484 0.06964091211557388 8.914135932922363 0.060527220368385315 17.949848175048828
4 0.05090969428420067 26.33881187438965 0.04158584773540497 47.15660858154297 0.06961368024349213 8.022177696228027 0.06047767400741577 16.183982849121094
1 0.05045711249113083 12.964665412902832 0.040783535689115524 22.45819091796875 0.06948712468147278 3.948018789291382 0.06024003028869629 7.727414608001709
2 0.05056971684098244 16.48069953918457 0.040985554456710815 27.71442413330078 0.06951924413442612 4.975543975830078 0.06029992178082466 9.838949203491211
2 0.05056589096784592 16.35930061340332 0.04097841680049896 28.617700576782227 0.06951816380023956 4.941082954406738 0.0602978877723217 9.767439842224121
2 0.050527848303318024 15.180166244506836 0.040910396724939346 25.470354080200195 0.06950733065605164 4.594912528991699 0.06027761846780777 9.053812980651855
2 0.050580281764268875 16.80832862854004 0.04100412130355835 28.544605255126953 0.06952221691608429 5.071879863739014 0.06030552461743355 10.037903785705566
2 0.05057387799024582 16.249671936035156 0.04099198058247566 28.601390838623047 0.06952041387557983 5.0134782791137695 0.06030212715268135 9.916582107543945
3 0.050727665424346924 21.40837860107422 0.041265133768320084 36.563880920410156 0.06956353038549423 6.396198749542236 0.06038324534893036 12.7793550491333
2 0.05054376274347305 15.63793659210205 0.040938813239336014 26.815208435058594 0.06951185315847397 4.739394664764404 0.06028607487678528 9.35170841217041
4 0.05095177888870239 28.490190505981445 0.041659142822027206 46.195762634277344 0.06962630152702332 8.434162139892578 0.06050053983926773 16.99169158935547
1 0.05044688656926155 12.595483779907227 0.04076497629284859 21.8653621673584 0.0694841742515564 3.853149175643921 0.06023458391427994 7.533751010894775
4 0.05093979462981224 28.113178253173828 0.041638847440481186 48.711265563964844 0.06962338089942932 8.33764362335205 0.06049477308988571 16.773101806640625
2 0.050588659942150116 17.0269718170166 0.04101894795894623 28.706565856933594 0.0695246011018753 5.147073268890381 0.060309987515211105 10.192901611328125
3 0.05072564259171486 20.716960906982422 0.04126199334859848 36.364742279052734 0.06956279277801514 6.371920108795166 0.060382016003131866 12.74221134185791
1 0.05043232440948486 12.173651695251465 0.040738798677921295 21.60561180114746 0.06947968900203705 3.7166669368743896 0.060226913541555405 7.26140022277832
1 0.050296884030103683 7.776822090148926 0.040490761399269104 13.640480995178223 0.0694335401058197 2.2735700607299805 0.06015569716691971 4.673542499542236
2 0.05059396103024483 17.191139221191406 0.041028495877981186 29.53409194946289 0.06952609121799469 5.195630073547363 0.06031279265880585 10.293695449829102
3 0.050863172858953476 25.602346420288086 0.04150572419166565 43.4221076965332 0.06960180401802063 7.632436275482178 0.06045478582382202 15.331642150878906
4 0.05088483914732933 25.579875946044922 0.041542839258909225 44.83953857421875 0.06960742920637131 7.8159332275390625 0.060465503484010696 15.726409912109375
1 0.0503513365983963 9.657447814941406 0.040591761469841 16.788469314575195 0.06944409012794495 2.856586217880249 0.06018492579460144 5.707709312438965
2 0.05047217383980751 13.393162727355957 0.040810465812683105 23.422069549560547 0.06949125230312347 4.08168363571167 0.06024778634309769 8.006826400756836
2 0.050590407103300095 17.082469940185547 0.041021622717380524 30.137495040893555 0.06952506303787231 5.162510395050049 0.060310784727334976 10.220510482788086
1 0.050460170954465866 13.054837226867676 0.04078904539346695 23.139854431152344 0.06948801130056381 3.976308822631836 0.06024166941642761 7.7852277755737305
1 0.05044729635119438 12.595773696899414 0.04076586291193962 21.920583724975586 0.06948418915271759 3.8538081645965576 0.06023469939827919 7.542298316955566
2 0.05061142146587372 17.788270950317383 0.041059788316488266 31.23933219909668 0.06953097879886627 5.352591037750244 0.060322005301713943 10.618742942810059
2 0.0506199486553669 17.668882369995117 0.041075047105550766 31.730493545532227 0.06953337043523788 5.428884983062744 0.06032649800181389 10.77712631225586
1 0.0502956323325634 7.9127068519592285 0.0404885895550251 13.76475715637207 0.0694330632686615 2.2457096576690674 0.06015492230653763 4.651001453399658
4 0.051012568175792694 30.423982620239258 0.04176490753889084 51.2705192565918 0.069643035531044 8.983434677124023 0.06053175777196884 18.136905670166016
1 0.05044718086719513 12.654199600219727 0.04076536372303963 21.65644073486328 0.06948424875736237 3.8561556339263916 0.06023474037647247 7.541089057922363
3 0.050827525556087494 24.492206573486328 0.04144135117530823 40.39251708984375 0.0695914775133133 7.29818058013916 0.06043563783168793 14.646916389465332
1 0.05029841139912605 7.996467113494873 0.04049365967512131 13.923107147216797 0.0694335475564003 2.2889115810394287 0.06015650928020477 4.703258514404297
1 0.050388313829898834 10.799056053161621 0.040659088641405106 19.230104446411133 0.06946095824241638 3.2744269371032715 0.06020447239279747 6.428693771362305
2 0.050479598343372345 13.600228309631348 0.04082384333014488 24.18084716796875 0.06949348747730255 4.151997089385986 0.06025185063481331 8.146597862243652
4 0.05089417099952698 25.869539260864258 0.0415583997964859 46.32001495361328 0.06960999220609665 7.901734352111816 0.06047036498785019 15.903650283813477
1 0.05032142251729965 8.717796325683594 0.04053673893213272 15.17145824432373 0.06943678110837936 2.5447466373443604 0.060168877243995667 5.138808250427246
1 0.05035734176635742 9.841293334960938 0.04060273617506027 16.341848373413086 0.0694466382265091 2.9216034412384033 0.06018815189599991 5.825428485870361
4 0.050874799489974976 25.28132438659668 0.04152444377541542 45.25613784790039 0.06960423290729523 7.7122111320495605 0.06045984849333763 15.531402587890625
1 0.05036253109574318 9.979574203491211 0.04061223566532135 17.037099838256836 0.0694490373134613 2.97591233253479 0.06019074469804764 5.926022529602051
1 0.05028456076979637 7.56151819229126 0.0404675267636776 13.152776718139648 0.06943162530660629 2.0832934379577637 0.06014890596270561 4.4387359619140625
1 0.05029745772480965 7.967653751373291 0.04049184173345566 13.764110565185547 0.06943348795175552 2.277350902557373 0.06015590950846672 4.683970928192139
3 0.05072980746626854 21.48712921142578 0.04127029329538345 36.72016525268555 0.06956378370523453 6.40438175201416 0.060383956879377365 12.81727123260498
1 0.05043858662247658 12.30452823638916 0.0407501682639122 21.392091751098633 0.06948148459196091 3.76566743850708 0.060229986906051636 7.377837657928467
2 0.050583843141794205 16.92906951904297 0.04101073369383812 29.821157455444336 0.06952321529388428 5.1034088134765625 0.06030738726258278 10.103170394897461
4 0.05091758817434311 26.583755493164062 0.041592132300138474 46.27446365356445 0.06961651891469955 8.117679595947266 0.06048265099525452 16.34617805480957
2 0.05060199648141861 17.486696243286133 0.04104304313659668 29.51248550415039 0.06952837109565735 5.267670154571533 0.060317061841487885 10.442939758300781
2 0.05062906816601753 18.32758140563965 0.04109078645706177 30.89420509338379 0.06953613460063934 5.516892910003662 0.06033148616552353 10.944453239440918
4 0.050987958908081055 28.746871948242188 0.041721925139427185 51.35112380981445 0.06963613629341125 8.758671760559082 0.06051899120211601 17.672338485717773
2 0.050554584711790085 16.015073776245117 0.040958061814308167 27.58625602722168 0.0695149153470993 4.838263988494873 0.0602918304502964 9.555309295654297
1 0.05038989707827568 10.850472450256348 0.04066173732280731 18.857288360595703 0.0694616362452507 3.29123854637146 0.060205258429050446 6.458486557006836
4 0.050898484885692596 26.801450729370117 0.041567131876945496 46.02140426635742 0.06961123645305634 7.94026517868042 0.06047260761260986 15.983673095703125
2 0.05046958103775978 13.31766128540039 0.04080565273761749 23.08720588684082 0.06949060410261154 4.05924654006958 0.06024651974439621 7.958436012268066
4 0.050902944058179855 26.946422576904297 0.04157533124089241 46.86339569091797 0.06961247324943542 7.981787204742432 0.060474943369627 16.06934356689453
1 0.05043657496571541 12.311734199523926 0.04074644297361374 20.602651596069336 0.06948114931583405 3.7578775882720947 0.06022915989160538 7.342959403991699
4 0.0509130023419857 26.442750930786133 0.04159259796142578 45.3886833190918 0.06961537152528763 8.076530456542969 0.0604802630841732 16.2596378326416
3 0.05076838657259941 22.68307113647461 0.041338011622428894 38.6827278137207 0.0695752203464508 6.771543979644775 0.06040503457188606 13.545494079589844
4 0.05097688362002373 29.28263282775879 0.041701700538396835 50.79110336303711 0.0696333572268486 8.667244911193848 0.060513656586408615 17.46902847290039
2 0.050523485988378525 15.01048755645752 0.04090239852666855 26.08592987060547 0.06950609385967255 4.5550689697265625 0.060275331139564514 8.97248363494873
1 0.05044914036989212 12.689825057983398 0.04076944291591644 21.945844650268555 0.0694846659898758 3.8696506023406982 0.06023568660020828 7.5801472663879395
2 0.05066712573170662 19.5169620513916 0.04115854948759079 33.308265686035156 0.06954643130302429 5.8466877937316895 0.06035127490758896 11.655107498168945
2 0.0504918172955513 13.732871055603027 0.04084578529000282 24.258140563964844 0.06949710845947266 4.267628192901611 0.060258470475673676 8.376304626464844
2 0.050606340169906616 17.630247116088867 0.041050322353839874 30.98784828186035 0.06952955573797226 5.3069748878479 0.060319311916828156 10.523305892944336
1 0.05041583627462387 11.707612991333008 0.04070917144417763 20.72355842590332 0.06947313994169235 3.5548746585845947 0.06021841615438461 6.952704429626465
3 0.05080801621079445 23.878246307373047 0.04139900952577591 40.43765640258789 0.06958626210689545 7.132340431213379 0.06042586639523506 14.2874174118042
1 0.05029889568686485 8.011175155639648 0.040494583547115326 13.843734741210938 0.06943359971046448 2.2926974296569824 0.06015672907233238 4.712501525878906
2 0.05062860623002052 18.31244659423828 0.041089966893196106 32.20608139038086 0.06953583657741547 5.506101608276367 0.06033104658126831 10.932415008544922
3 0.0507001057267189 20.49047088623047 0.04121679440140724 35.681522369384766 0.06955583393573761 6.148828029632568 0.06036872789263725 12.265377044677734
4 0.05105939880013466 31.90290069580078 0.04184705391526222 55.14695358276367 0.06965736299753189 9.454934120178223 0.06055745482444763 19.04974365234375
2 0.050602640956640244 17.511554718017578 0.041044119745492935 30.070127487182617 0.06952852755784988 5.273900508880615 0.060317378491163254 10.455387115478516
3 0.05086030066013336 24.226076126098633 0.04149918258190155 42.97327423095703 0.06960108131170273 7.609833717346191 0.06045326590538025 15.268503189086914
2 0.050638362765312195 18.565662384033203 0.04110711067914963 32.69254684448242 0.06953873485326767 5.600047588348389 0.060336414724588394 11.117870330810547
3 0.050687070935964584 20.14974021911621 0.04119399935007095 35.27179718017578 0.0695517510175705 6.018570899963379 0.060361433774232864 12.02204418182373
3 0.05082462355494499 24.453004837036133 0.04143651947379112 41.58187484741211 0.06959066540002823 7.271971702575684 0.06043413281440735 14.592849731445312
3 0.0507027693092823 20.575376510620117 0.04122092202305794 35.1951904296875 0.0695565789937973 6.172609329223633 0.06037013977766037 12.315078735351562
4 0.051025956869125366 30.840682983398438 0.041788846254348755 52.216548919677734 0.06964734196662903 9.124747276306152 0.06053931638598442 18.401748657226562
1 0.05039016157388687 10.861337661743164 0.04066254943609238 18.88534164428711 0.06946165859699249 3.2935171127319336 0.06020541861653328 6.464099407196045
3 0.05086240544915199 25.54186248779297 0.041504763066768646 43.03644561767578 0.06960156559944153 7.625414848327637 0.06045437976717949 15.318071365356445
2 0.050515130162239075 14.718631744384766 0.04088708385825157 26.072219848632812 0.06950362026691437 4.477023601531982 0.06027071923017502 8.811389923095703
3 0.05083205923438072 23.94402503967285 0.04144986718893051 42.051265716552734 0.06959278881549835 7.3401312828063965 0.06043804809451103 14.732063293457031
1 0.050254955887794495 6.624999046325684 0.04041139408946037 11.512099266052246 0.06942449510097504 1.6548995971679688 0.060133449733257294 3.8936781883239746
3 0.05078607797622681 23.225414276123047 0.041370145976543427 39.23921203613281 0.06958027929067612 6.933483600616455 0.06041443720459938 13.878571510314941
1 0.05033186450600624 9.046137809753418 0.04055611416697502 15.462435722351074 0.06943850219249725 2.650078535079956 0.06017450615763664 5.336392879486084
3 0.050857383757829666 25.367515563964844 0.0414946973323822 43.20223617553711 0.06960012018680573 7.5780720710754395 0.0604516975581646 15.220683097839355
2 0.05051782354712486 14.857390403747559 0.040892504155635834 25.99057388305664 0.06950452923774719 4.504748821258545 0.060272324830293655 8.865152359008789
4 0.05097968131303787 29.370800018310547 0.041707780212163925 49.36811447143555 0.06963369250297546 8.677569389343262 0.06051458790898323 17.513076782226562
4 0.05105723440647125 31.83369255065918 0.041842829436063766 53.78034210205078 0.069656141102314 9.416295051574707 0.06055561080574989 18.99785804748535
3 0.05085218325257301 24.567358016967773 0.04148600995540619 42.66895294189453 0.06959886848926544 7.535367488861084 0.060449063777923584 15.115412712097168
1 0.05032086744904518 8.699528694152832 0.04053601622581482 15.105958938598633 0.06943653523921967 2.541578769683838 0.060168616473674774 5.1297688484191895
3 0.05069034546613693 20.20462989807129 0.041200026869773865 35.50439453125 0.06955286115407944 6.05333948135376 0.060363415628671646 12.08620834350586
1 0.05029316991567612 7.83348274230957 0.040484074503183365 13.634248733520508 0.06943275034427643 2.2237002849578857 0.060153648257255554 4.604714870452881
2 0.05066182464361191 19.308210372924805 0.041148681193590164 32.820709228515625 0.06954491883516312 5.79748010635376 0.060348305851221085 11.547459602355957
1 0.05031556263566017 8.539241790771484 0.040526382625103 14.859134674072266 0.06943605095148087 2.4869465827941895 0.06016581505537033 5.030733108520508
1 0.05042517930269241 11.965978622436523 0.04072636738419533 20.75237464904785 0.06947702169418335 3.649554967880249 0.0602232962846756 7.128901481628418
3 0.050716038793325424 21.01432991027832 0.04124531149864197 36.82080078125 0.06955985724925995 6.2787957191467285 0.06037665158510208 12.559547424316406
3 0.05076323449611664 22.47516632080078 0.04132956266403198 38.10847473144531 0.06957362592220306 6.720339298248291 0.06040225923061371 13.454556465148926
4 0.050876352936029434 25.275245666503906 0.04152632877230644 44.951053619384766 0.06960403919219971 7.707901954650879 0.06045990064740181 15.549978256225586
3 0.0507708340883255 22.7590274810791 0.041342273354530334 38.196449279785156 0.06957568228244781 6.785455703735352 0.06040600687265396 13.585994720458984
2 0.050588659942150116 17.0269718170166 0.04101894795894623 28.706565856933594 0.0695246011018753 5.147073268890381 0.060309987515211105 10.192901611328125
2 0.05050789564847946 14.48447036743164 0.04087464511394501 24.83586311340332 0.06950157880783081 4.410574913024902 0.060266878455877304 8.675470352172852
4 0.05100954324007034 30.327693939208984 0.04175984859466553 51.25845718383789 0.06964268535375595 8.972077369689941 0.06053077057003975 18.089208602905273
3 0.0507853738963604 23.2033748626709 0.041367948055267334 38.474998474121094 0.06957976520061493 6.9174933433532715 0.06041371077299118 13.860210418701172
4 0.051028259098529816 30.856124877929688 0.04179234430193901 52.285606384277344 0.06964743137359619 9.129730224609375 0.06053992733359337 18.437314987182617
4 0.0508708730340004 25.861284255981445 0.041518740355968475 43.70614242553711 0.06960359960794449 7.6913533210754395 0.060458432883024216 15.471009254455566
2 0.05055569112300873 16.04976463317871 0.0409601591527462 27.64740753173828 0.0695151537656784 4.844824314117432 0.06029244512319565 9.577717781066895
2 0.05053568631410599 15.416289329528809 0.04092433676123619 26.2948055267334 0.06950957328081131 4.666606903076172 0.060281798243522644 9.201021194458008
4 0.050956279039382935 28.63724708557129 0.04166826605796814 49.41905975341797 0.06962759792804718 8.475894927978516 0.060502905398607254 17.077186584472656
4 0.05088349059224129 26.337919235229492 0.04153956100344658 44.229732513427734 0.06960702687501907 7.803726673126221 0.060464803129434586 15.70150089263916
3 0.05083545669913292 24.702829360961914 0.04145639389753342 42.25690460205078 0.0695933997631073 7.360759735107422 0.060439590364694595 14.802186012268066
4 0.05088680610060692 25.834735870361328 0.04154625162482262 45.62275695800781 0.06960760056972504 7.823207855224609 0.060466088354587555 15.757760047912598
1 0.05035701021552086 9.793444633483887 0.04060210660099983 17.104137420654297 0.06944654881954193 2.917809009552002 0.06018785014748573 5.82018518447876
4 0.051012225449085236 30.353635787963867 0.04176503047347069 49.96828079223633 0.06964293867349625 8.979869842529297 0.06053154915571213 18.129728317260742
2 0.050573479384183884 16.59665870666504 0.04099219664931297 27.153648376464844 0.0695202425122261 5.006346702575684 0.060301970690488815 9.911759376525879
3 0.05074528977274895 21.961566925048828 0.0412968173623085 36.423828125 0.06956876069307327 6.562480926513672 0.060392871499061584 13.112250328063965
1 0.050344862043857574 9.452432632446289 0.040579892694950104 16.392532348632812 0.06944157183170319 2.786390781402588 0.06018143147230148 5.582507610321045
2 0.05060866102576256 17.708837509155273 0.04105463996529579 31.13985252380371 0.069530189037323 5.327266693115234 0.060320500284433365 10.566211700439453
2 0.05056009069085121 16.183841705322266 0.04096800833940506 28.533164978027344 0.06951648741960526 4.888585567474365 0.06029476225376129 9.658690452575684
3 0.050721943378448486 21.247127532958984 0.04125556722283363 36.28860092163086 0.06956197321414948 6.346118927001953 0.06038033217191696 12.677254676818848
4 0.050949566066265106 28.425186157226562 0.04165532439947128 48.19879913330078 0.06962565332651138 8.413867950439453 0.06049935147166252 16.951019287109375
1 0.050457973033189774 12.991508483886719 0.04078219458460808 22.882183074951172 0.06948722153902054 3.953214168548584 0.06024034693837166 7.740705490112305
2 0.050641149282455444 18.697423934936523 0.04111228510737419 32.059322357177734 0.06953953206539154 5.625484943389893 0.06033791974186897 11.170557022094727
4 0.050945382565259933 28.29500961303711 0.04164883866906166 46.86741638183594 0.06962413340806961 8.36270809173584 0.0604967400431633 16.863998413085938
3 0.0508086234331131 23.899089813232422 0.041408296674489975 40.71564865112305 0.06958653777837753 7.1377034187316895 0.060426175594329834 14.29857063293457
4 0.05092153698205948 26.705625534057617 0.04160727187991142 46.61548614501953 0.06961705535650253 8.132362365722656 0.06048385798931122 16.40778350830078
2 0.050469689071178436 13.349355697631836 0.04080643504858017 23.55697250366211 0.06949058175086975 4.058584690093994 0.06024662032723427 7.963436603546143
3 0.050709743052721024 20.856246948242188 0.04123429208993912 36.198760986328125 0.06955834478139877 6.229719638824463 0.06037363409996033 12.445955276489258
3 0.05072491988539696 21.32354164123535 0.04126032069325447 37.353973388671875 0.0695624053478241 6.360112190246582 0.0603814423084259 12.723471641540527
3 0.05075356736779213 22.117773056030273 0.04131218045949936 37.1767463684082 0.0695711001753807 6.637725830078125 0.06039723381400108 13.267404556274414
4 0.050956904888153076 28.65371322631836 0.041668735444545746 48.470420837402344 0.06962773203849792 8.481712341308594 0.06050318852066994 17.08966827392578
2 0.05050985515117645 14.556694984436035 0.04087798669934273 25.21783447265625 0.06950215995311737 4.42924690246582 0.06026797369122505 8.713735580444336
1 0.05041719600558281 11.71004581451416 0.04071153700351715 20.783018112182617 0.06947367638349533 3.5702037811279297 0.06021919474005699 6.9775190353393555
3 0.05071142315864563 20.908618927001953 0.04123733192682266 36.601200103759766 0.06955883651971817 6.244143962860107 0.060374557971954346 12.476730346679688
4 0.05094466730952263 28.27594566345215 0.04164871573448181 49.0378303527832 0.06962473690509796 8.38223648071289 0.06049735099077225 16.865808486938477
2 0.0506511852145195 19.018875122070312 0.041130419820547104 32.61924362182617 0.06954214721918106 5.709821701049805 0.060342952609062195 11.354226112365723
2 0.05061011761426926 17.233631134033203 0.041056908667087555 31.136974334716797 0.0695304349064827 5.335258483886719 0.06032109633088112 10.591643333435059
1 0.05031907558441162 8.670044898986816 0.04053246229887009 14.863906860351562 0.06943628937005997 2.5235257148742676 0.06016763299703598 5.09522008895874
1 0.05027984082698822 7.412898063659668 0.04045860469341278 12.891256332397461 0.06943070143461227 2.041482925415039 0.06014636158943176 4.349519729614258
1 0.05037280544638634 10.313691139221191 0.04063086584210396 18.032377243041992 0.06945382803678513 3.105011463165283 0.060196325182914734 6.128292560577393
1 0.050380270928144455 10.549371719360352 0.0406445674598217 17.680946350097656 0.06945730000734329 3.1876540184020996 0.06020026654005051 6.27328634262085
3 0.05071438103914261 20.936031341552734 0.041241638362407684 34.953773498535156 0.06955958157777786 6.269453048706055 0.06037594750523567 12.527559280395508
1 0.050426941365003586 11.572458267211914 0.040728162974119186 20.800655364990234 0.06947747617959976 3.6584043502807617 0.060223814100027084 7.150661945343018
2 0.05058478191494942 16.95030403137207 0.04101169854402542 29.847829818725586 0.06952333450317383 5.106935501098633 0.060307733714580536 10.118414878845215
4 0.05090672895312309 27.0114803314209 0.0415811650454998 47.02898025512695 0.06961353868246078 8.01723575592041 0.060476891696453094 16.139833450317383
2 0.05062073469161987 18.085676193237305 0.04107603058218956 31.609577178955078 0.06953359395265579 5.435343265533447 0.06032693013548851 10.790787696838379
2 0.050650838762521744 18.5982723236084 0.04112963378429413 31.88865089416504 0.06954227387905121 5.711889266967773 0.06034303456544876 11.349513053894043
4 0.05103446915745735 31.110639572143555 0.041803181171417236 53.82297897338867 0.06964965909719467 9.202808380126953 0.060543715953826904 18.563356399536133
2 0.050581157207489014 16.843242645263672 0.041005171835422516 29.659021377563477 0.06952245533466339 5.078678607940674 0.060305964201688766 10.051775932312012
3 0.05071527510881424 21.038585662841797 0.04124355688691139 34.921390533447266 0.06955990195274353 6.278924942016602 0.060376547276973724 12.548468589782715
2 0.05060484632849693 17.573768615722656 0.04104761406779289 30.092815399169922 0.06952930241823196 5.297666549682617 0.060318656265735626 10.492701530456543
2 0.05052510276436806 15.094318389892578 0.04090553894639015 26.386098861694336 0.06950638443231583 4.56587553024292 0.06027595326304436 9.001025199890137
1 0.05042964220046997 12.099930763244629 0.040734145790338516 21.460084915161133 0.06947872042655945 3.690812110900879 0.06022551283240318 7.210502624511719
3 0.05068320780992508 20.027359008789062 0.04118712246417999 34.977256774902344 0.06955087929964066 5.988872051239014 0.06035967916250229 11.952006340026855
2 0.050560273230075836 16.190242767333984 0.04096856713294983 27.727092742919922 0.06951653957366943 4.889344215393066 0.06029486656188965 9.661133766174316
3 0.050736043602228165 21.66525650024414 0.041280344128608704 37.12373352050781 0.06956587731838226 6.469927787780762 0.06038762256503105 12.933834075927734
4 0.050928689539432526 27.712331771850586 0.04162035882472992 47.09504699707031 0.06961975991725922 8.219588279724121 0.060488440096378326 16.55493927001953
4 0.050979167222976685 29.296669006347656 0.04170720651745796 50.715187072753906 0.06963404268026352 8.687396049499512 0.06051485612988472 17.510007858276367
4 0.05093185231089592 27.860443115234375 0.041625652462244034 47.208038330078125 0.06962108612060547 8.263911247253418 0.060490574687719345 16.623640060424805
4 0.05102144926786423 29.648786544799805 0.0417807474732399 53.1060905456543 0.06964603066444397 9.08230209350586 0.06053696200251579 18.31490135192871
4 0.050977788865566254 29.24957847595215 0.04170401021838188 48.26461410522461 0.06963322311639786 8.661117553710938 0.06051362678408623 17.476533889770508
2 0.05046505481004715 13.184788703918457 0.040797896683216095 23.139562606811523 0.06948930770158768 4.0183329582214355 0.06024413928389549 7.875480651855469
2 0.05048760026693344 13.90468692779541 0.04083848372101784 24.054887771606445 0.06949581205844879 4.225976467132568 0.060256149619817734 8.297761917114258
4 0.05104152485728264 30.380943298339844 0.04181549698114395 52.806488037109375 0.06965126842260361 9.254237174987793 0.06054690480232239 18.68928337097168
3 0.05084228515625 24.22818374633789 0.04146849736571312 42.53340148925781 0.06959588825702667 7.4416937828063965 0.06044386327266693 14.940678596496582
3 0.050848666578531265 24.4586124420166 0.04147855564951897 42.94035720825195 0.06959709525108337 7.480156421661377 0.060446325689554214 15.037616729736328
3 0.05074482783675194 21.947553634643555 0.0412960909307003 37.48622131347656 0.06956863403320312 6.558371067047119 0.06039262190461159 13.103205680847168
4 0.05097874253988266 29.34061050415039 0.04170688986778259 50.77018356323242 0.06963387876749039 8.683053016662598 0.06051460653543472 17.503145217895508
4 0.051014915108680725 30.499164581298828 0.04176907613873482 49.83202362060547 0.06964369118213654 9.004796981811523 0.06053295359015465 18.180456161499023
1 0.05038123205304146 10.569941520690918 0.04064628481864929 17.945810317993164 0.06945762038230896 3.197364091873169 0.06020074337720871 6.29095458984375
1 0.050437744706869125 12.348341941833496 0.040748924016952515 21.922988891601562 0.0694815069437027 3.7685000896453857 0.06022978201508522 7.364987373352051
4 0.050928886979818344 27.71493911743164 0.04161960259079933 47.01093292236328 0.06961984932422638 8.221904754638672 0.06048857420682907 16.55867576599121
3 0.050852566957473755 24.527360916137695 0.04148535802960396 44.09020233154297 0.06959891319274902 7.5390520095825195 0.06044924259185791 15.123437881469727
4 0.05088860169053078 25.694520950317383 0.041549380868673325 46.0273323059082 0.06960845738649368 7.8511762619018555 0.060467470437288284 15.798529624938965
4 0.05094747617840767 28.36095428466797 0.04165259376168251 48.32999801635742 0.06962509453296661 8.393974304199219 0.06049827113747597 16.909954071044922
4 0.05099775269627571 29.04546546936035 0.04174067825078964 50.64946746826172 0.06963983923196793 8.877176284790039 0.060525182634592056 17.873149871826172
2 0.05056522786617279 16.338638305664062 0.040977247059345245 28.51163673400879 0.06951794773340225 4.935779094696045 0.060297515243291855 9.755980491638184
3 0.05073830857872963 21.7376708984375 0.041284773498773575 37.44136047363281 0.06956680864095688 6.499608039855957 0.060389190912246704 12.981782913208008
3 0.050740908831357956 21.35272789001465 0.04128897562623024 37.28108596801758 0.06956752389669418 6.522797584533691 0.060390569269657135 13.030306816101074
3 0.050685815513134 20.11052131652832 0.04119211062788963 35.19856643676758 0.06955160200595856 6.01312780380249 0.06036103516817093 12.001931190490723
1 0.05033525079488754 9.151606559753418 0.04056226462125778 15.624125480651855 0.06943915039300919 2.684633493423462 0.060176312923431396 5.399848937988281
1 0.05033411085605621 9.116303443908691 0.0405602790415287 15.873054504394531 0.06943891942501068 2.673218250274658 0.060175713151693344 5.378719806671143
2 0.05058712139725685 17.021848678588867 0.041016314178705215 29.3028621673584 0.06952415406703949 5.13404655456543 0.06030914559960365 10.165505409240723
1 0.050395045429468155 11.005144119262695 0.04067143797874451 19.136981964111328 0.06946396082639694 3.3456761837005615 0.06020794063806534 6.557683944702148
3 0.05081705376505852 24.214998245239258 0.04142367094755173 40.27499008178711 0.06958862394094467 7.203859329223633 0.06043024733662605 14.450695991516113
4 0.0509491004049778 28.356117248535156 0.04165489599108696 48.955265045166016 0.069625124335289 8.396697998046875 0.060498613864183426 16.934110641479492
4 0.051020827144384384 29.746570587158203 0.04177946597337723 51.736507415771484 0.06964587420225143 9.076164245605469 0.060536645352840424 18.30244255065918
3 0.05082898586988449 23.85045623779297 0.04144492745399475 41.82356643676758 0.0695919319987297 7.312522888183594 0.06043644994497299 14.675297737121582
1 0.050398606806993484 11.126269340515137 0.040677860379219055 19.788494110107422 0.06946563720703125 3.3830909729003906 0.06020975857973099 6.625844955444336
1 0.050360389053821564 9.906691551208496 0.040608085691928864 17.66849708557129 0.06944814324378967 2.9557414054870605 0.06018971651792526 5.885477066040039
1 0.05040755867958069 11.407870292663574 0.04069407284259796 20.275474548339844 0.06946969777345657 3.474794626235962 0.0602143220603466 6.795773506164551
2 0.05047844722867012 13.590887069702148 0.04082193598151207 23.32544708251953 0.0694931298494339 4.139350414276123 0.06025128811597824 8.126691818237305
1 0.05030076950788498 8.070832252502441 0.040498122572898865 13.782841682434082 0.06943388283252716 2.327167272567749 0.06015774980187416 4.748831748962402
1 0.050402894616127014 11.262237548828125 0.040685586631298065 19.083032608032227 0.06946755200624466 3.427441358566284 0.06021196395158768 6.707470893859863
2 0.05059048905968666 17.083045959472656 0.04102163761854172 29.4206485748291 0.06952507793903351 5.16359281539917 0.06031081825494766 10.222236633300781
4 0.05102924257516861 30.947071075439453 0.041794292628765106 51.74264907836914 0.06964769959449768 9.138327598571777 0.06054038554430008 18.45487403869629
4 0.050900135189294815 26.290538787841797 0.04156849905848503 45.27225112915039 0.06961129605770111 7.943080902099609 0.0604730099439621 16.007001876831055
2 0.05049479752779007 14.11591911315918 0.040851179510354996 25.026426315307617 0.06949788331985474 4.292668342590332 0.06026000156998634 8.433348655700684
2 0.050557345151901245 16.094995498657227 0.04096329212188721 28.383180618286133 0.06951572746038437 4.8635640144348145 0.06029331684112549 9.6071138381958
3 0.05079500749707222 23.51981544494629 0.041385553777217865 40.21929168701172 0.06958212703466415 6.994265556335449 0.06041830778121948 14.03333854675293
2 0.05052461475133896 15.080699920654297 0.04090437293052673 25.985231399536133 0.06950640678405762 4.565212249755859 0.060275912284851074 8.993157386779785
3 0.050774380564689636 22.874061584472656 0.041347939521074295 37.7266960144043 0.0695769414305687 6.8261942863464355 0.060408204793930054 13.6571044921875
4 0.050882723182439804 26.31332778930664 0.041538916528224945 45.37290573120117 0.06960681825876236 7.796472072601318 0.06046438589692116 15.68657112121582
1 0.05043558031320572 12.250962257385254 0.040744535624980927 20.85529136657715 0.06948069483041763 3.7435672283172607 0.06022841855883598 7.319303035736084
1 0.05031615495681763 8.553986549377441 0.04052707180380821 14.897907257080078 0.0694359615445137 2.494645833969116 0.06016609072685242 5.040298938751221
4 0.050891757011413574 25.795259475708008 0.04155462607741356 44.73820877075195 0.06960936635732651 7.879221439361572 0.0604691356420517 15.856974601745605
1 0.05026252567768097 6.863036155700684 0.040425773710012436 11.924559593200684 0.0694265365600586 1.7671632766723633 0.06013737991452217 4.032354354858398
2 0.050541412085294724 15.602806091308594 0.040934640914201736 27.241615295410156 0.06951116770505905 4.718618392944336 0.0602848045527935 9.308355331420898
4 0.05105966329574585 31.911630630493164 0.0418468602001667 55.121612548828125 0.0696573555469513 9.456649780273438 0.06055750325322151 19.05437660217285
2 0.0505724735558033 16.525068283081055 0.04099061340093613 28.504955291748047 0.0695200115442276 5.001280784606934 0.06030135601758957 9.891160011291504
2 0.05046512186527252 13.215062141418457 0.04079752415418625 22.664047241210938 0.06948944181203842 4.022418022155762 0.06024430692195892 7.877674579620361
3 0.05077764019370079 22.926044464111328 0.04135455563664436 37.10257339477539 0.06957786530256271 6.855536460876465 0.06040991097688675 13.717485427856445
4 0.050960440188646317 28.760753631591797 0.041674207895994186 47.46903991699219 0.0696287453174591 8.514544486999512 0.06050506979227066 17.155900955200195
3 0.05075034499168396 22.117109298706055 0.04130660742521286 37.80109786987305 0.0695701465010643 6.608121871948242 0.060395509004592896 13.20728874206543
4 0.05096016451716423 28.752195358276367 0.04167422279715538 48.574581146240234 0.06962869316339493 8.51194953918457 0.060504961758852005 17.151405334472656
2 0.050555549561977386 16.04429817199707 0.04096033051609993 27.63127326965332 0.06951519846916199 4.847261428833008 0.060292333364486694 9.57304573059082
1 0.05032791197299957 8.922664642333984 0.040548816323280334 15.435893058776855 0.06943777948617935 2.6095235347747803 0.06017236039042473 5.2615461349487305
2 0.050591133534908295 17.14471435546875 0.04102268069982529 30.06170654296875 0.06952527910470963 5.16896390914917 0.06031118705868721 10.233556747436523
4 0.05102365463972092 30.766237258911133 0.04178352281451225 51.987571716308594 0.06964659690856934 9.102563858032227 0.06053811311721802 18.359804153442383
2 0.05051036924123764 14.594230651855469 0.04087906330823898 25.839754104614258 0.06950221210718155 4.432076930999756 0.06026817858219147 8.725228309631348
4 0.050952035933732986 27.905981063842773 0.04165974631905556 47.23929214477539 0.06962595134973526 8.423539161682129 0.06050019711256027 16.990055084228516
1 0.05044609308242798 12.607843399047852 0.04076320677995682 21.462860107421875 0.06948395073413849 3.845951795578003 0.06023415923118591 7.518731117248535
1 0.050342872738838196 9.359018325805664 0.04057629033923149 16.338960647583008 0.06944097578525543 2.7647287845611572 0.06018039211630821 5.5448150634765625
2 0.05048919469118118 13.929927825927734 0.04084104299545288 24.70047950744629 0.06949622929096222 4.240105152130127 0.060256972908973694 8.327123641967773
3 0.0507986918091774 22.925859451293945 0.04139119014143944 40.881591796875 0.06958343088626862 7.036957263946533 0.060420576483011246 14.10718059539795
3 0.050739265978336334 21.716978073120117 0.04128670692443848 38.0836181640625 0.06956661492586136 6.494893550872803 0.06038913130760193 12.993304252624512
3 0.050846897065639496 24.402429580688477 0.04147528111934662 42.816741943359375 0.06959694623947144 7.475494861602783 0.06044583395123482 15.01115894317627
4 0.050934743136167526 27.951692581176758 0.04163083806633949 48.53182601928711 0.06962195783853531 8.290706634521484 0.060492146760225296 16.67777442932129
2 0.050656989216804504 19.191547393798828 0.041140757501125336 33.641578674316406 0.0695439949631691 5.767325401306152 0.060346320271492004 11.464935302734375
3 0.05076341703534126 22.480552673339844 0.041329413652420044 39.34147644042969 0.06957340985536575 6.714452266693115 0.06040200591087341 13.45319938659668
2 0.050646379590034485 18.82411003112793 0.04112125188112259 33.106231689453125 0.06954100728034973 5.672128677368164 0.060340676456689835 11.266658782958984
3 0.05069202184677124 20.303966522216797 0.041202984750270844 35.57125473022461 0.06955331563949585 6.06807279586792 0.060364287346601486 12.117093086242676
2 0.05053035914897919 15.252239227294922 0.040915634483098984 26.269229888916016 0.06950803101062775 4.617771148681641 0.06027894467115402 9.101788520812988
2 0.05046872794628143 13.309000015258789 0.040804632008075714 23.02198600769043 0.06949038058519363 4.052279472351074 0.06024612486362457 7.944933891296387
1 0.05033836141228676 9.24869441986084 0.040567923337221146 15.636996269226074 0.06943979859352112 2.715362787246704 0.06017792969942093 5.458542346954346
4 0.050958309322595596 28.634511947631836 0.041671041399240494 49.76974868774414 0.06962817162275314 8.494869232177734 0.0605039969086647 17.116392135620117
2 0.05055569112300873 16.04976463317871 0.0409601591527462 27.64740753173828 0.0695151537656784 4.844824314117432 0.06029244512319565 9.577717781066895
4 0.051031693816185 31.026201248168945 0.0417979396879673 50.27982711791992 0.06964845955371857 9.161518096923828 0.06054170802235603 18.500905990600586
2 0.05057913064956665 16.780479431152344 0.0410022959113121 28.870336532592773 0.06952165067195892 5.05291748046875 0.060304734855890274 10.015046119689941
4 0.0509270504117012 27.715526580810547 0.04161538556218147 46.96984100341797 0.06961929798126221 8.206111907958984 0.06048758327960968 16.52411651611328
1 0.05041751638054848 11.7200927734375 0.04071208834648132 20.332462310791016 0.06947392225265503 3.5738658905029297 0.06021935120224953 6.983266830444336
3 0.05068383365869522 20.038700103759766 0.041188038885593414 34.32427215576172 0.06955116987228394 5.998366355895996 0.06036021187901497 11.968977928161621
2 0.05061666667461395 17.870927810668945 0.0410693883895874 31.544824600219727 0.06953244656324387 5.399204730987549 0.060324762016534805 10.715652465820312
3 0.050673775374889374 19.734521865844727 0.04117114841938019 33.82741165161133 0.06954848766326904 5.911444664001465 0.06035498529672623 11.780072212219238
4 0.05092848464846611 27.761642456054688 0.04161922261118889 47.504547119140625 0.06961971521377563 8.21904182434082 0.06048835068941116 16.551898956298828
3 0.050729312002658844 20.784137725830078 0.04126932471990585 37.57755661010742 0.06956371665000916 6.40261173248291 0.060383912175893784 12.81218147277832
3 0.05079798027873039 22.90418243408203 0.04139011725783348 40.23666763305664 0.06958325207233429 7.031252861022949 0.0604202076792717 14.094196319580078
2 0.050515707582235336 14.79061508178711 0.04088563472032547 25.3007869720459 0.06950385868549347 4.485739231109619 0.06027119606733322 8.826440811157227
3 0.050738364458084106 21.739299774169922 0.041283559054136276 37.89031982421875 0.069566510617733 6.492267608642578 0.06038886681199074 12.979081153869629
4 0.05105624720454216 31.801494598388672 0.04184264689683914 53.38341522216797 0.06965643912553787 9.423821449279785 0.06055575981736183 18.98715591430664
3 0.050728823989629745 20.816526412963867 0.041267234832048416 36.70303726196289 0.06956367194652557 6.401264667510986 0.06038365885615349 12.802266120910645
4 0.05096930265426636 29.04182243347168 0.04169104993343353 47.63883972167969 0.06963125616312027 8.595840454101562 0.060509711503982544 17.325334548950195
2 0.05065544322133064 19.14326286315918 0.0411379411816597 31.815013885498047 0.06954356282949448 5.754246711730957 0.06034546345472336 11.43695068359375
3 0.050755638629198074 21.566139221191406 0.04131566733121872 38.66179275512695 0.0695713683962822 6.647606372833252 0.06039797514677048 13.302217483520508
1 0.05036379396915436 10.044981002807617 0.04061434790492058 17.457609176635742 0.06944939494132996 2.990288734436035 0.06019158288836479 5.950737953186035
3 0.050866808742284775 25.19273567199707 0.04151236265897751 44.56132507324219 0.06960244476795197 7.654764175415039 0.060456257313489914 15.394645690917969
2 0.05060316622257233 17.521759033203125 0.0410444401204586 30.682174682617188 0.06952884793281555 5.283517837524414 0.060317762196063995 10.461358070373535
1 0.0504322350025177 12.171353340148926 0.04073864966630936 21.11888885498047 0.06947959959506989 3.7133874893188477 0.060226790606975555 7.258681774139404
3 0.05072663724422455 20.70383644104004 0.04126453772187233 36.51963806152344 0.06956333667039871 6.388564109802246 0.06038283556699753 12.764200210571289
2 0.050467170774936676 13.273039817810059 0.040801696479320526 22.943788528442383 0.06949003040790558 4.041146755218506 0.06024540215730667 7.916530132293701
1 0.05036843568086624 10.177054405212402 0.04062310606241226 18.12647819519043 0.06945189833641052 3.0523321628570557 0.060194019228219986 6.043492317199707
1 0.050314947962760925 8.519933700561523 0.04052448645234108 14.824312210083008 0.06943570822477341 2.4826207160949707 0.06016542389988899 5.01816463470459
4 0.05089189112186432 25.79896354675293 0.04155493155121803 45.9073371887207 0.06960936635732651 7.880736827850342 0.060469187796115875 15.860893249511719
4 0.051038336008787155 31.174026489257812 0.04181015491485596 54.10182189941406 0.06965076178312302 9.238970756530762 0.060545723885297775 18.636816024780273
4 0.05100516229867935 30.188072204589844 0.041752688586711884 49.73616409301758 0.06964144855737686 8.930914878845215 0.060528479516506195 18.005512237548828
4 0.05091323330998421 26.44977569580078 0.04159189760684967 45.79671859741211 0.0696154534816742 8.0782470703125 0.060480400919914246 16.263303756713867
1 0.05040019005537033 11.164570808410645 0.040680620819330215 19.784378051757812 0.06946635991334915 3.399916172027588 0.06021059304475784 6.656687259674072
3 0.0508304238319397 23.428102493286133 0.04144672304391861 41.865718841552734 0.06959201395511627 7.316147804260254 0.060436807572841644 14.696495056152344
1 0.050268638879060745 6.907715797424316 0.040437426418066025 12.275117874145508 0.06942807137966156 1.858738660812378 0.060140516608953476 4.144377708435059
4 0.05092049762606621 26.560937881469727 0.04160498082637787 46.370426177978516 0.06961747258901596 8.144593238830566 0.06048417091369629 16.40003204345703
4 0.050885558128356934 26.402420043945312 0.04154383763670921 44.82429504394531 0.06960762292146683 7.822488784790039 0.06046588346362114 15.739725112915039
1 0.05033707618713379 9.208419799804688 0.04056573659181595 16.034114837646484 0.06943953782320023 2.7034926414489746 0.06017730012536049 5.4347710609436035
4 0.050917353481054306 26.57625389099121 0.04159935563802719 45.98188781738281 0.06961657851934433 8.11618709564209 0.060482531785964966 16.341920852661133
3 0.050849612802267075 24.487911224365234 0.04148058965802193 42.919063568115234 0.06959807872772217 7.511563301086426 0.06044769659638405 15.068124771118164
2 0.050523847341537476 15.05650806427002 0.04090327396988869 25.962217330932617 0.06950617581605911 4.559046745300293 0.06027546152472496 8.979249954223633
2 0.05054701492190361 15.779919624328613 0.04094487801194191 26.939828872680664 0.06951276957988739 4.7686238288879395 0.06028780713677406 9.412738800048828
1 0.050304513424634933 8.189826011657715 0.040505122393369675 13.591673851013184 0.06943457573652267 2.3783154487609863 0.060159821063280106 4.819929599761963
2 0.05054483935236931 15.697432518005371 0.040940672159194946 27.061763763427734 0.06951210647821426 4.748452186584473 0.06028656288981438 9.369505882263184
4 0.051008112728595734 30.281038284301758 0.04175775870680809 51.1800422668457 0.06964224576950073 8.959108352661133 0.06052999570965767 18.063425064086914
4 0.05090733617544174 27.08548927307129 0.04157451167702675 45.864051818847656 0.06961358338594437 8.02188491821289 0.060477230697870255 16.15213966369629
3 0.05084272846579552 24.240550994873047 0.04147017374634743 42.12654113769531 0.06959547102451324 7.427937984466553 0.06044339761137962 14.939642906188965
4 0.05093999579548836 28.11962890625 0.04163931682705879 47.67264938354492 0.0696234330534935 8.338937759399414 0.06049487367272377 16.776559829711914
4 0.051028329879045486 30.856266021728516 0.04179238900542259 51.98471450805664 0.06964748352766037 9.130532264709473 0.06053997948765755 18.437870025634766
4 0.051033198833465576 31.011159896850586 0.04179992154240608 53.74939727783203 0.06964933127164841 9.192765235900879 0.06054307520389557 18.540143966674805
3 0.05082811787724495 23.823936462402344 0.04144389554858208 42.73695755004883 0.0695917159318924 7.304268836975098 0.06043602526187897 14.658167839050293
3 0.050693780183792114 20.302106857299805 0.04120583459734917 34.76729965209961 0.06955404579639435 6.090839385986328 0.060365382581949234 12.14681339263916
1 0.05025598406791687 6.656763553619385 0.04041330888867378 11.561847686767578 0.06942472606897354 1.6632601022720337 0.06013396009802818 3.9138386249542236
1 0.05027782917022705 7.346225261688232 0.0404546894133091 12.778416633605957 0.06943018734455109 2.023146390914917 0.06014525145292282 4.312008380889893
2 0.050525225698947906 15.098201751708984 0.04090576991438866 26.642532348632812 0.06950654089450836 4.5707926750183105 0.06027617305517197 9.005067825317383
2 0.050625212490558624 18.218168258666992 0.0410839319229126 31.26471519470215 0.06953465938568115 5.4703049659729 0.06032906845211983 10.87222957611084
4 0.0509396567940712 28.108657836914062 0.04163902625441551 46.976749420166016 0.06962333619594574 8.335367202758789 0.06049470230937004 16.769866943359375
1 0.0502578467130661 6.7182841300964355 0.040416982024908066 11.677292823791504 0.06942518055438995 1.6779859066009521 0.060134924948215485 3.948978900909424
4 0.05104232579469681 30.408323287963867 0.04181677848100662 54.33740997314453 0.06965138018131256 9.259248733520508 0.06054725497961044 18.704742431640625
1 0.05026718229055405 7.009593486785889 0.040434543043375015 12.184033393859863 0.06942769140005112 1.8463636636734009 0.0601397380232811 4.116793155670166
1 0.050408653914928436 11.442375183105469 0.04069594666361809 20.093482971191406 0.06947018951177597 3.485949993133545 0.06021486222743988 6.816330909729004
4 0.05099939927458763 29.096683502197266 0.041730232536792755 50.64054870605469 0.06963999569416046 8.89103889465332 0.060525957494974136 17.905122756958008
3 0.050823550671339035 24.418987274169922 0.04143455997109413 40.92292404174805 0.06959040462970734 7.2619547843933105 0.06043360382318497 14.571940422058105
2 0.05063433200120926 18.496673583984375 0.04110002517700195 31.75051498413086 0.06953749060630798 5.561367988586426 0.060334187000989914 11.046038627624512
1 0.05040917545557022 11.415051460266113 0.040696993470191956 20.352941513061523 0.0694705992937088 3.4882073402404785 0.06021495908498764 6.825841903686523
3 0.0507667139172554 22.154260635375977 0.041334833949804306 38.701568603515625 0.06957460939884186 6.751630783081055 0.060404110699892044 13.518966674804688
3 0.0507219098508358 21.20021629333496 0.04125545918941498 35.900882720947266 0.06956174969673157 6.338135719299316 0.06038002669811249 12.671562194824219
1 0.050301674753427505 8.075607299804688 0.04050080105662346 14.126254081726074 0.06943382322788239 2.326472520828247 0.06015855073928833 4.776401519775391
2 0.05066648870706558 19.469451904296875 0.041157569736242294 34.20902633666992 0.06954638659954071 5.845620632171631 0.06035109609365463 11.644412994384766
4 0.051056861877441406 31.82168197631836 0.04184300824999809 53.028778076171875 0.06965610384941101 9.412825584411621 0.06055546924471855 18.99001121520996
2 0.05056080222129822 16.20665740966797 0.0409691222012043 27.889286041259766 0.06951666623353958 4.894656181335449 0.06029512360692024 9.671825408935547
4 0.050905872136354446 26.984020233154297 0.04157968610525131 47.003170013427734 0.06961328536272049 8.008746147155762 0.06047646701335907 16.12433624267578
4 0.05095749720931053 28.610876083374023 0.04167049378156662 48.508697509765625 0.06962790340185165 8.487263679504395 0.0605035200715065 17.101123809814453
1 0.05027114599943161 7.138235092163086 0.040442146360874176 12.408561706542969 0.06942865252494812 1.879330039024353 0.06014178693294525 4.190170764923096
3 0.05069034546613693 20.20462989807129 0.041200026869773865 35.50439453125 0.06955286115407944 6.05333948135376 0.060363415628671646 12.08620834350586
4 0.05099048465490341 28.76589012145996 0.041727177798748016 51.53518295288086 0.06963683664798737 8.780989646911621 0.06052028760313988 17.71969985961914
2 0.05064459145069122 18.76798439025879 0.04111882671713829 32.97534942626953 0.06954043358564377 5.6538615226745605 0.06033971533179283 11.233388900756836
4 0.05091447755694389 26.488292694091797 0.04159538075327873 47.07449722290039 0.06961580365896225 8.089561462402344 0.06048106029629707 16.286720275878906
2 0.05055629089474678 16.062496185302734 0.04096118360757828 28.28806495666504 0.06951538473367691 4.853288650512695 0.06029272451996803 9.587274551391602
4 0.05089184269309044 25.797574996948242 0.0415552482008934 45.95830535888672 0.0696093812584877 7.879909038543701 0.06046918034553528 15.858847618103027
1 0.050315625965595245 8.537513732910156 0.040526121854782104 14.860349655151367 0.06943587958812714 2.4894251823425293 0.060165803879499435 5.030109882354736
4 0.05104470252990723 30.480966567993164 0.041819389909505844 52.79179763793945 0.06965205073356628 9.28266716003418 0.06054851412773132 18.750770568847656
3 0.05077993497252464 23.048065185546875 0.04135816544294357 38.68054962158203 0.06957849860191345 6.876321792602539 0.06041112169623375 13.760716438293457
2 0.05066648870706558 19.469451904296875 0.041157569736242294 34.20902633666992 0.06954638659954071 5.845620632171631 0.06035109609365463 11.644412994384766
2 0.05059308558702469 17.16359519958496 0.041026949882507324 28.6912899017334 0.06952586770057678 5.187446594238281 0.06031235307455063 10.27680492401123
2 0.050464075058698654 13.182829856872559 0.04079604521393776 23.22844886779785 0.06948912143707275 4.011637210845947 0.06024372577667236 7.857687473297119
2 0.05062394216656685 18.16415786743164 0.04108166694641113 30.3616943359375 0.06953470408916473 5.471259593963623 0.06032879278063774 10.849929809570312
2 0.05057663470506668 16.69521713256836 0.04099790379405022 29.457073211669922 0.06952118128538132 5.0381693840026855 0.06030358001589775 9.968610763549805
3 0.05084184557199478 24.191247940063477 0.041467200964689255 42.5340461730957 0.06959553062915802 7.42935037612915 0.06044318154454231 14.916403770446777
1 0.050382472574710846 10.608559608459473 0.04064858704805374 18.794681549072266 0.06945815682411194 3.2104334831237793 0.060201384127140045 6.314728260040283
3 0.05069702863693237 20.441082000732422 0.041211456060409546 34.55824661254883 0.06955499202013016 6.120267391204834 0.06036713346838951 12.207330703735352
4 0.05087261646986008 25.808691024780273 0.04152267798781395 44.93655776977539 0.06960407644510269 7.707609176635742 0.06045930087566376 15.504488945007324
2 0.05047539621591568 13.510848045349121 0.040816530585289 23.413930892944336 0.06949222087860107 4.111868381500244 0.060249555855989456 8.068525314331055
2 0.05057387799024582 16.249671936035156 0.04099198058247566 28.601390838623047 0.06952041387557983 5.0134782791137695 0.06030212715268135 9.916582107543945
1 0.0504390150308609 12.35776424407959 0.04075080528855324 21.60649871826172 0.06948183476924896 3.77900767326355 0.06023034825921059 7.385674953460693
3 0.05082898586988449 23.85045623779297 0.04144492745399475 41.82356643676758 0.0695919319987297 7.312522888183594 0.06043644994497299 14.675297737121582
2 0.05063052847981453 18.385326385498047 0.04109404608607292 32.2902717590332 0.06953635811805725 5.524272918701172 0.06033213809132576 10.975051879882812
4 0.05100122094154358 29.152881622314453 0.0417473129928112 49.77658462524414 0.06964083760976791 8.909767150878906 0.06052699312567711 17.939603805541992
2 0.050564080476760864 16.293819427490234 0.04097455367445946 27.271596908569336 0.06951776891946793 4.929398059844971 0.06029701605439186 9.731471061706543
2 0.050564270466566086 16.299720764160156 0.04097527265548706 28.04888343811035 0.0695178210735321 4.930823802947998 0.060297101736068726 9.734541893005371
2 0.050655171275138855 19.13450050354004 0.04113791137933731 31.92641830444336 0.06954348087310791 5.751671314239502 0.06034531444311142 11.431598663330078
4 0.05096802860498428 28.397855758666992 0.0416879877448082 49.179927825927734 0.06963048130273819 8.572076797485352 0.06050852686166763 17.293012619018555
1 0.05028720945119858 7.645988464355469 0.04047257825732231 13.311476707458496 0.06943207234144211 2.1526947021484375 0.060150373727083206 4.4898762702941895
1 0.0503348633646965 9.139617919921875 0.04056165739893913 15.812870979309082 0.06943907588720322 2.680737018585205 0.06017610803246498 5.392686367034912
3 0.05086568370461464 25.697359085083008 0.04150901734828949 42.29719543457031 0.06960213929414749 7.643694877624512 0.06045569106936455 15.372441291809082
1 0.05032430961728096 8.62695598602295 0.040542274713516235 14.944682121276855 0.0694371685385704 2.5760443210601807 0.06017044186592102 5.195253849029541
1 0.05042388290166855 11.924420356750488 0.04072381928563118 20.467166900634766 0.06947644799947739 3.6348090171813965 0.060222577303647995 7.1070122718811035
2 0.05049661546945572 14.151409149169922 0.04085452854633331 24.1709041595459 0.06949836760759354 4.308948516845703 0.060260917991399765 8.467103004455566
2 0.050532229244709015 15.315389633178711 0.040918558835983276 26.392242431640625 0.06950856000185013 4.635077476501465 0.060279928147792816 9.136553764343262
2 0.050489023327827454 13.932228088378906 0.04084089770913124 24.566791534423828 0.06949620693922043 4.239187717437744 0.06025690212845802 8.32453441619873
2 0.050527989864349365 15.178183555603027 0.04091070219874382 26.805971145629883 0.06950736790895462 4.596662998199463 0.060277704149484634 9.057680130004883
2 0.05059750750660896 17.354463577270508 0.04103469476103783 29.424352645874023 0.06952708214521408 5.226646900177002 0.06031465530395508 10.357926368713379
3 0.05073114112019539 21.518766403198242 0.04127180203795433 36.30126953125 0.06956442445516586 6.423128604888916 0.0603850856423378 12.843792915344238
2 0.050542350858449936 15.63573932647705 0.040936313569545746 27.55198097229004 0.06951142847537994 4.7268266677856445 0.06028531491756439 9.326109886169434
1 0.050401996821165085 11.220695495605469 0.04068410024046898 19.972145080566406 0.06946715712547302 3.4184136390686035 0.06021152064204216 6.690999507904053
3 0.05067654326558113 19.418787002563477 0.04117570444941521 34.67796325683594 0.06954922527074814 5.936278820037842 0.06035629287362099 11.825583457946777
1 0.05037311092019081 10.311822891235352 0.040631264448165894 17.942813873291016 0.06945376098155975 3.104473352432251 0.06019633263349533 6.131957530975342
1 0.05041225999593735 11.55920696258545 0.04070252925157547 19.57172393798828 0.06947167962789536 3.5226376056671143 0.06021673604846001 6.885672569274902
3 0.050757575780153275 21.67412757873535 0.041318491101264954 38.58323287963867 0.06957188993692398 6.664832592010498 0.060398973524570465 13.338360786437988
1 0.05027872696518898 7.375110626220703 0.04045650735497475 12.833183288574219 0.06943050026893616 2.031930446624756 0.0601457878947258 4.328030109405518
4 0.05090489611029625 27.008211135864258 0.04157688841223717 44.867855072021484 0.06961305439472198 8.000243186950684 0.06047598645091057 16.10511589050293
2 0.050515640527009964 14.789002418518066 0.040887102484703064 26.11652183532715 0.06950386613607407 4.485284805297852 0.06027114763855934 8.825020790100098
3 0.050815507769584656 24.134048461914062 0.041420888155698776 41.8632926940918 0.06958799809217453 7.185999870300293 0.06042938679456711 14.431290626525879
3 0.05081963911652565 24.296039581298828 0.04142832010984421 42.34980773925781 0.06958964467048645 7.237504005432129 0.060431964695453644 14.505072593688965
2 0.050471141934394836 13.356876373291016 0.04080909490585327 22.390602111816406 0.06949102133512497 4.072480201721191 0.06024732068181038 7.988589286804199
2 0.05053509399294853 15.398065567016602 0.04092348739504814 26.292381286621094 0.06950939446687698 4.661813735961914 0.06028147414326668 9.190852165222168
1 0.05043252184987068 12.173254013061523 0.04073917865753174 20.930530548095703 0.06947975605726242 3.7167022228240967 0.060226961970329285 7.266226291656494
1 0.05030662566423416 8.258020401000977 0.04050922393798828 14.387666702270508 0.06943436712026596 2.400865316390991 0.06016090512275696 4.862215995788574
4 0.05097328498959541 29.168312072753906 0.04169696569442749 50.60566711425781 0.069632388651371 8.634629249572754 0.06051178276538849 17.40018081665039
4 0.05091472715139389 26.441360473632812 0.04159495234489441 47.47966766357422 0.06961587071418762 8.091707229614258 0.06048118323087692 16.29105567932129
3 0.0507877953350544 23.242971420288086 0.0413719117641449 39.67209243774414 0.06958036124706268 6.938087463378906 0.060414839535951614 13.903300285339355
4 0.05102264881134033 29.79963493347168 0.04176948219537735 52.59761047363281 0.06964614987373352 9.093795776367188 0.06053757667541504 18.339054107666016
1 0.050286099314689636 7.608330249786377 0.0404704213142395 13.138598442077637 0.06943191587924957 2.14298939704895 0.060149796307086945 4.468094348907471
1 0.05040654167532921 11.363505363464355 0.040692273527383804 20.200321197509766 0.06946909427642822 3.4646921157836914 0.0602138489484787 6.777717590332031
3 0.05068327113986015 20.027889251708984 0.0411871075630188 33.57827377319336 0.06955087929964066 5.989992141723633 0.06035970151424408 11.95426082611084
4 0.05102584511041641 30.198633193969727 0.041787952184677124 52.17641830444336 0.06964674592018127 9.107036590576172 0.0605386458337307 18.39097023010254
3 0.050827812403440475 24.502805709838867 0.0414423942565918 41.7481803894043 0.06959156692028046 7.30083703994751 0.06043580546975136 14.652735710144043
4 0.05091538280248642 26.516069412231445 0.041595738381147385 46.221275329589844 0.06961605697870255 8.097769737243652 0.060481537133455276 16.30340576171875
2 0.05064190551638603 18.720693588256836 0.04111335426568985 32.875244140625 0.06953953206539154 5.625519752502441 0.06033807620406151 11.181293487548828
2 0.050567060708999634 16.404329299926758 0.04098010063171387 26.806324005126953 0.06951846182346344 4.95063591003418 0.06029846519231796 9.787899017333984
2 0.0505187027156353 14.868743896484375 0.0408942885696888 25.710933685302734 0.06950468569993973 4.511687278747559 0.060272715985774994 8.884416580200195
4 0.050954993814229965 28.592205047607422 0.04166402667760849 47.11930465698242 0.06962719559669495 8.463418960571289 0.06050221621990204 17.052112579345703
4 0.05100492388010025 30.180187225341797 0.04175163805484772 52.180789947509766 0.06964132189750671 8.9288911819458 0.06052832305431366 18.00220489501953
1 0.05030912533402443 8.334701538085938 0.040513716638088226 14.503533363342285 0.06943518668413162 2.4255309104919434 0.06016237661242485 4.90777063369751
1 0.05036987364292145 10.220292091369629 0.0406256839632988 17.67444610595703 0.06945249438285828 3.067997932434082 0.06019479036331177 6.07155704498291
2 0.05066770687699318 19.488033294677734 0.04115999490022659 33.97745895385742 0.06954681128263474 5.858316421508789 0.06035182997584343 11.669013977050781
2 0.050532519817352295 14.985245704650879 0.04091900959610939 26.41773223876953 0.06950865685939789 4.637884616851807 0.06028008833527565 9.14196491241455
4 0.05092349275946617 27.023191452026367 0.04161053150892258 45.696807861328125 0.06961797177791595 8.160754203796387 0.060485318303108215 16.4498291015625
2 0.05057920515537262 16.772544860839844 0.04100252315402031 28.719831466674805 0.06952191144227982 5.062123775482178 0.060304947197437286 10.017435073852539
1 0.05026662349700928 7.097993850708008 0.04043276235461235 12.140254020690918 0.06942740827798843 1.8383454084396362 0.06013923138380051 4.100037574768066
1 0.05041087418794632 11.511602401733398 0.04069972038269043 19.99576187133789 0.06947106868028641 3.506317138671875 0.06021592766046524 6.857683181762695
1 0.05039096251130104 10.886314392089844 0.040663838386535645 18.9233455657959 0.06946219503879547 3.302698850631714 0.06020582839846611 6.479526042938232
4 0.050959739834070206 28.736616134643555 0.041672930121421814 49.74415969848633 0.06962812691926956 8.495361328125 0.06050422042608261 17.136857986450195
3 0.050719670951366425 21.12751579284668 0.04125158488750458 36.205902099609375 0.06956133991479874 6.325949192047119 0.06037912145256996 12.634296417236328
2 0.05052600055932999 15.12169361114502 0.040907010436058044 26.582975387573242 0.06950677931308746 4.578198432922363 0.060276612639427185 9.019755363464355
4 0.05087484046816826 25.22939109802246 0.041523490101099014 45.334190368652344 0.06960419565439224 7.712892532348633 0.060459837317466736 15.532879829406738
4 0.05104885250329971 30.608430862426758 0.04182654619216919 50.599151611328125 0.06965284794569016 9.307093620300293 0.060550179332494736 18.8198299407959
2 0.0506146214902401 17.89516258239746 0.041065532714128494 31.445119857788086 0.06953185796737671 5.380821704864502 0.06032366305589676 10.67751407623291
1 0.05042601376771927 11.699957847595215 0.04072747379541397 20.79377555847168 0.0694773718714714 3.6565253734588623 0.060223668813705444 7.143074035644531
2 0.05055094137787819 15.890896797180176 0.04095132648944855 27.913122177124023 0.06951379030942917 4.8013482093811035 0.06028970330953598 9.479745864868164
2 0.05047105997800827 13.36076545715332 0.04080858826637268 23.59490966796875 0.06949100643396378 4.072640895843506 0.06024729460477829 7.988061428070068
3 0.05067571625113487 19.347768783569336 0.041173335164785385 33.89774703979492 0.06954896450042725 5.92855167388916 0.06035584956407547 11.810256958007812
2 0.05048445612192154 13.778993606567383 0.040832389146089554 23.08373260498047 0.06949491053819656 4.197098255157471 0.06025446951389313 8.238119125366211
4 0.050877805799245834 26.052722930908203 0.041530199348926544 45.50033187866211 0.06960541754961014 7.751800060272217 0.06046181172132492 15.594836235046387
4 0.05105271935462952 30.729612350463867 0.04183480516076088 54.74468994140625 0.06965488195419312 9.373906135559082 0.060553278774023056 18.9104061126709
2 0.05049917846918106 14.255919456481934 0.040859024971723557 25.225753784179688 0.06949914246797562 4.333195686340332 0.06026233732700348 8.516592025756836
3 0.05072065815329552 21.15932846069336 0.04125290364027023 35.80405044555664 0.06956163048744202 6.333976745605469 0.06037965789437294 12.651359558105469
4 0.050916582345962524 26.552379608154297 0.041598591953516006 45.00513458251953 0.06961603462696075 8.096675872802734 0.06048170104622841 16.318696975708008
3 0.050797030329704285 22.41475486755371 0.04138840362429619 40.136505126953125 0.06958276033401489 7.015841960906982 0.060419440269470215 14.072517395019531
3 0.0508568100631237 25.348270416259766 0.041495539247989655 44.31830596923828 0.06959962844848633 7.563070297241211 0.0604509636759758 15.204776763916016
3 0.05074504762887955 21.953889846801758 0.04129667207598686 36.367950439453125 0.0695684477686882 6.5533599853515625 0.06039244309067726 13.10446548461914
2 0.05065358430147171 19.066133499145508 0.041135162115097046 33.18692398071289 0.069542795419693 5.73052453994751 0.060344260185956955 11.403392791748047
3 0.0507449246942997 21.94766616821289 0.04129623994231224 38.37107467651367 0.06956861913204193 6.558865070343018 0.060392651706933975 13.105825424194336
4 0.05102301761507988 30.687278747558594 0.041783407330513 53.218570709228516 0.0696459487080574 9.081212997436523 0.0605371855199337 18.337629318237305
3 0.050787001848220825 23.254562377929688 0.04137161001563072 38.747379302978516 0.06958051770925522 6.9419779777526855 0.060414914041757584 13.897117614746094
1 0.05039278790354729 10.940495491027832 0.040667444467544556 17.755477905273438 0.06946307420730591 3.3221635818481445 0.060206782072782516 6.51467752456665
2 0.0505485013127327 15.81745433807373 0.04094737395644188 27.10215950012207 0.06951320171356201 4.783651351928711 0.06028860807418823 9.44197940826416
3 0.050711095333099365 20.898399353027344 0.041237108409404755 35.33183288574219 0.06955874711275101 6.2412519454956055 0.06037437543272972 12.470834732055664
4 0.050945255905389786 28.29043197631836 0.04164828360080719 49.12148666381836 0.06962444633245468 8.374616622924805 0.06049709767103195 16.869915008544922
2 0.050614871084690094 17.901887893676758 0.04106532409787178 31.477975845336914 0.06953193247318268 5.383004665374756 0.0603238083422184 10.682103157043457
3 0.05068175122141838 19.98167610168457 0.04118496552109718 33.30330276489258 0.06955071538686752 5.982805252075195 0.06035918369889259 11.928346633911133
4 0.05100695788860321 30.183067321777344 0.041754499077796936 48.77946853637695 0.06964193284511566 8.947681427001953 0.06052941083908081 18.03976821899414
1 0.0503169484436512 8.577884674072266 0.04052864760160446 14.937078475952148 0.0694362074136734 2.501812219619751 0.060166530311107635 5.0547003746032715
3 0.050699081271886826 20.531280517578125 0.04121486842632294 34.12225341796875 0.0695553570985794 6.132879257202148 0.060368023812770844 12.246245384216309
2 0.050595249980688095 17.27495765686035 0.04103109985589981 28.928085327148438 0.06952649354934692 5.207284450531006 0.06031351536512375 10.317351341247559
3 0.05067509412765503 19.76785659790039 0.041171904653310776 34.63783645629883 0.0695488229393959 5.9232378005981445 0.060355570167303085 11.798405647277832
4 0.05096300318837166 28.843324661254883 0.04167858511209488 50.030174255371094 0.0696294754743576 8.537875175476074 0.0605064332485199 17.204601287841797
2 0.05051567032933235 14.75001335144043 0.04088857024908066 25.534210205078125 0.06950388848781586 4.485369682312012 0.060271162539720535 8.825626373291016
3 0.05070499703288078 20.707908630371094 0.04122549667954445 34.43743896484375 0.0695570632815361 6.187680244445801 0.06037118285894394 12.3573579788208
1 0.05045520141720772 12.833959579467773 0.04077969118952751 22.841737747192383 0.06948638707399368 3.9243578910827637 0.06023874878883362 7.684876918792725
1 0.050268933176994324 7.068826198577881 0.040437933057546616 12.28423023223877 0.06942816078662872 1.8611960411071777 0.06014065444469452 4.149469375610352
3 0.05072015896439552 21.142953872680664 0.041252247989177704 37.05629348754883 0.06956148892641068 6.329343795776367 0.06037941202521324 12.642284393310547
3 0.05074109137058258 21.821475982666016 0.04129021614789963 37.81682205200195 0.06956759095191956 6.524791717529297 0.060390669852495193 13.03426742553711
4 0.051036376506090164 31.172040939331055 0.04180702567100525 53.945796966552734 0.06965021789073944 9.221334457397461 0.060544732958078384 18.600635528564453
1 0.05029834061861038 7.993863105773926 0.04049351438879967 13.917265892028809 0.06943356245756149 2.2880756855010986 0.06015646085143089 4.701609134674072
2 0.050500188022851944 13.974613189697266 0.04086080938577652 25.27955436706543 0.0694994181394577 4.343017101287842 0.06026289239525795 8.536480903625488
4 0.05087490379810333 25.27573585510254 0.041524630039930344 45.36774826049805 0.06960462033748627 7.724555492401123 0.060460321605205536 15.53945541381836
4 0.05090644583106041 27.05681610107422 0.04158009588718414 45.42288589477539 0.0696134939789772 8.014446258544922 0.06047680601477623 16.13442039489746
2 0.050524719059467316 15.048965454101562 0.040904272347688675 25.30536651611328 0.06950642913579941 4.567257881164551 0.06027596443891525 8.996684074401855
3 0.050728753209114075 20.768301010131836 0.0412682443857193 35.807960510253906 0.06956356763839722 6.3967132568359375 0.060383640229701996 12.800752639770508
1 0.05034695193171501 9.517439842224121 0.04058394581079483 16.019315719604492 0.06944230198860168 2.8077192306518555 0.06018250808119774 5.623137474060059
3 0.05081016570329666 23.993555068969727 0.04141266271471977 41.91081237792969 0.06958651542663574 7.137487411499023 0.06042657792568207 14.330312728881836
2 0.050577305257320404 16.665115356445312 0.040998343378305435 28.758852005004883 0.06952136009931564 5.044389724731445 0.06030384451150894 9.976346015930176
1 0.05026543512940407 6.807404518127441 0.040431272238492966 12.087717056274414 0.06942727416753769 1.8320338726043701 0.06013884022831917 4.085142612457275
2 0.05060393735766411 17.546855926513672 0.04104609414935112 30.16836929321289 0.06952890753746033 5.2850117683410645 0.06031809747219086 10.478919982910156
4 0.05102134868502617 29.70363426208496 0.041779983788728714 51.56707763671875 0.06964603811502457 9.081652641296387 0.0605369471013546 18.313396453857422
2 0.05049622058868408 14.192309379577637 0.0408540815114975 23.552091598510742 0.06949830800294876 4.306370258331299 0.06026078388094902 8.46188735961914
1 0.05042613297700882 11.980391502380371 0.040727630257606506 20.54696273803711 0.06947736442089081 3.6577138900756836 0.060223739594221115 7.145571231842041
2 0.05058985576033592 17.10811996459961 0.04102098196744919 28.902132034301758 0.06952491402626038 5.158093452453613 0.060310594737529755 10.216004371643066
4 0.05100107938051224 29.433605194091797 0.04174554720520973 49.75880432128906 0.06964029371738434 8.892874717712402 0.06052634119987488 17.927753448486328
3 0.05070718005299568 20.72955894470215 0.04123002663254738 36.397247314453125 0.06955762952566147 6.20632791519165 0.060372281819581985 12.398362159729004
1 0.05041468143463135 11.62247085571289 0.040706999599933624 19.96099853515625 0.06947273015975952 3.5460093021392822 0.06021793559193611 6.9306254386901855
3 0.05084941163659096 24.481060028076172 0.04148038849234581 43.07126998901367 0.06959735602140427 7.487573146820068 0.060446761548519135 15.051640510559082
3 0.05084851011633873 24.454254150390625 0.04147842898964882 43.61445236206055 0.06959710270166397 7.479864597320557 0.06044628098607063 15.034852027893066
3 0.0508352629840374 24.69837188720703 0.04145598039031029 43.19517135620117 0.06959333270788193 7.357822418212891 0.060439471155405045 14.796679496765137
1 0.05027148872613907 7.144896507263184 0.040442731231451035 12.430795669555664 0.06942880153656006 1.8811148405075073 0.060141924768686295 4.194390296936035
3 0.050786372274160385 23.245502471923828 0.04136884957551956 40.5844841003418 0.06957970559597015 6.916167736053467 0.06041378527879715 13.871720314025879
2 0.050506047904491425 14.417463302612305 0.040871307253837585 24.902700424194336 0.06950106471776962 4.394922733306885 0.06026596203446388 8.64397144317627
4 0.050914399325847626 26.485876083374023 0.04159396514296532 47.25083923339844 0.06961577385663986 8.089001655578613 0.06048101559281349 16.28528594970703
3 0.050723277032375336 20.64460563659668 0.041258297860622406 37.14042663574219 0.06956212222576141 6.350990295410156 0.06038074567914009 12.698676109313965
2 0.05053972825407982 15.2069091796875 0.04093210771679878 27.42137908935547 0.06951069831848145 4.703126430511475 0.060283929109573364 9.276674270629883
1 0.050301603972911835 8.096012115478516 0.04049966484308243 14.093159675598145 0.06943393498659134 2.333934783935547 0.060158152133226395 4.764192581176758
1 0.05041956156492233 11.788125991821289 0.04071597009897232 20.922348022460938 0.06947474926710129 3.594820022583008 0.060220442712306976 7.023378372192383
1 0.050293758511543274 7.850032806396484 0.04048514738678932 13.67520523071289 0.06943286210298538 2.229560136795044 0.06015399470925331 4.615213871002197
2 0.050579942762851715 16.79521369934082 0.041003692895174026 28.24376106262207 0.06952214986085892 5.0686211585998535 0.060305383056402206 10.031081199645996
3 0.05079817399382591 22.909908294677734 0.0413900651037693 40.064937591552734 0.06958328932523727 7.032522201538086 0.06042030081152916 14.0975980758667
1 0.05041196197271347 11.50332260131836 0.04070237651467323 20.525161743164062 0.06947199255228043 3.516305685043335 0.060216374695301056 6.881385326385498
4 0.050881411880254745 26.27411460876465 0.04153680056333542 44.63612365722656 0.06960683315992355 7.796058654785156 0.060464177280664444 15.66811752319336
1 0.05045134946703911 12.775032043457031 0.04077314957976341 22.627187728881836 0.06948534399271011 3.891394853591919 0.060236841440200806 7.618561267852783
2 0.05055287852883339 15.961763381958008 0.040954869240522385 27.366992950439453 0.06951442360877991 4.822968482971191 0.060290899127721786 9.522919654846191
3 0.050678350031375885 19.865943908691406 0.04117823392152786 34.41729736328125 0.06954953819513321 5.944691181182861 0.06035710871219635 11.855685234069824
1 0.050365764647722244 10.09178638458252 0.040618255734443665 17.979656219482422 0.06945062428712845 3.0167667865753174 0.06019260361790657 5.990960121154785
3 0.05067522078752518 19.768945693969727 0.04117291420698166 33.39442443847656 0.06954886764287949 5.923933982849121 0.060355622321367264 11.800497055053711
1 0.050440359860658646 12.388294219970703 0.0407530777156353 21.536117553710938 0.06948214024305344 3.7888712882995605 0.06023094803094864 7.410329341888428
3 0.05078448727726936 23.186664581298828 0.04136586934328079 37.592681884765625 0.06957916170358658 6.8983964920043945 0.06041276454925537 13.83559799194336
2 0.05062900856137276 17.96601676940918 0.041090406477451324 32.192466735839844 0.06953611969947815 5.516473770141602 0.06033146753907204 10.943686485290527
2 0.05063193291425705 18.42742156982422 0.04109635204076767 32.36577606201172 0.0695367380976677 5.537079334259033 0.06033285707235336 11.001274108886719
1 0.05029737949371338 7.967165946960449 0.040491729974746704 13.866762161254883 0.0694335550069809 2.277784824371338 0.06015593186020851 4.683514595031738
3 0.05066992715001106 19.622474670410156 0.04116397351026535 33.41921615600586 0.0695471540093422 5.870244026184082 0.0603526346385479 11.70480728149414
1 0.050408098846673965 11.424909591674805 0.040695007890462875 19.821786880493164 0.0694698691368103 3.480189800262451 0.06021459773182869 6.806133270263672
2 0.050598908215761185 17.345659255981445 0.041036807000637054 29.19242286682129 0.06952764093875885 5.243964195251465 0.06031551584601402 10.38092041015625
3 0.0507211908698082 21.223575592041016 0.04125475883483887 35.783714294433594 0.06956157088279724 6.332243919372559 0.06037966534495354 12.658278465270996
1 0.05044053867459297 12.199352264404297 0.04075384885072708 21.166000366210938 0.06948232650756836 3.7942516803741455 0.06023123115301132 7.416542053222656
3 0.05074614658951759 21.987863540649414 0.04129806533455849 37.57729721069336 0.0695686936378479 6.562264919281006 0.06039294973015785 13.124456405639648
4 0.050893548876047134 25.84968376159668 0.04155866056680679 46.229854583740234 0.06960984319448471 7.895424842834473 0.06047002971172333 15.891219139099121
1 0.05034598335623741 9.487378120422363 0.040581975132226944 16.50370216369629 0.06944192945957184 2.7985494136810303 0.06018204241991043 5.6041340827941895
3 0.050800129771232605 23.67875099182129 0.04139406606554985 40.559417724609375 0.06958417594432831 7.060330390930176 0.06042171269655228 14.139274597167969
1 0.05035026744008064 9.620244979858398 0.04058975353837013 16.622520446777344 0.06944361329078674 2.843773365020752 0.0601843036711216 5.687441349029541
3 0.0508568100631237 25.348270416259766 0.041495539247989655 44.31830596923828 0.06959962844848633 7.563070297241211 0.0604509636759758 15.204776763916016
4 0.050995368510484695 28.971893310546875 0.0417366623878479 50.538291931152344 0.06963910907506943 8.854507446289062 0.060523904860019684 17.829097747802734
1 0.05040576681494713 11.340265274047852 0.040690869092941284 19.72358512878418 0.06946883350610733 3.457180976867676 0.06021346151828766 6.763237476348877
3 0.05077516660094261 22.896320343017578 0.04135037586092949 38.42557144165039 0.06957719475030899 6.833701133728027 0.06040863320231438 13.67190170288086
4 0.0509972907602787 29.029008865356445 0.04173900932073593 51.7379150390625 0.06963921338319778 8.857183456420898 0.06052436679601669 17.85599708557129
1 0.05039946734905243 11.154365539550781 0.040679268538951874 19.376264572143555 0.0694659948348999 3.3898932933807373 0.06021014228463173 6.641049385070801
3 0.05067819729447365 19.861284255981445 0.04117754101753235 34.0142936706543 0.06954970210790634 5.950948238372803 0.06035719811916351 11.855916023254395
1 0.050307419151067734 8.282971382141113 0.0405106395483017 14.42667007446289 0.06943509727716446 2.407555103302002 0.06016143783926964 4.875730037689209
4 0.05089978873729706 26.284292221069336 0.041568875312805176 45.46078109741211 0.06961118429899216 7.940430164337158 0.06047280877828598 16.002044677734375
4 0.05092335119843483 27.59494400024414 0.04160948470234871 47.67656326293945 0.06961829960346222 8.171568870544434 0.06048570200800896 16.45446014404297
2 0.05046520382165909 13.217763900756836 0.04079816862940788 22.645517349243164 0.06948945671319962 4.022804260253906 0.06024433672428131 7.8788933753967285
1 0.05037222057580948 10.295230865478516 0.04062996432185173 18.329330444335938 0.06945355981588364 3.0983614921569824 0.06019602343440056 6.117012023925781
4 0.050974100828170776 29.19316864013672 0.04169777035713196 49.435302734375 0.06963258981704712 8.641529083251953 0.06051219254732132 17.415908813476562
4 0.05105191469192505 30.70579719543457 0.04183221980929375 54.53120422363281 0.0696546733379364 9.366720199584961 0.06055287644267082 18.8957576751709
4 0.05100702866911888 30.247108459472656 0.0417553149163723 49.70317077636719 0.06964196264743805 8.948312759399414 0.0605294331908226 18.040597915649414
2 0.050523463636636734 15.044677734375 0.040902815759181976 25.95405387878418 0.06950607150793076 4.5553436279296875 0.06027527526021004 8.97227954864502
1 0.05038077011704445 10.341404914855957 0.0406452938914299 18.81840705871582 0.06945745646953583 3.192537307739258 0.06020050123333931 6.282129287719727
1 0.05036834627389908 10.174338340759277 0.04062299057841301 17.667804718017578 0.06945177167654037 3.0495150089263916 0.060193900018930435 6.041080951690674
4 0.0509757436811924 29.187217712402344 0.04170096293091774 48.452598571777344 0.06963258236646652 8.641676902770996 0.06051250919699669 17.438339233398438
2 0.0505598820745945 16.177568435668945 0.04096732661128044 27.843494415283203 0.06951642036437988 4.886430263519287 0.06029465049505234 9.654717445373535
3 0.05081023648381233 23.941747665405273 0.04141337051987648 41.051448822021484 0.06958689540624619 7.147658348083496 0.06042702868580818 14.335988998413086
3 0.05075616389513016 21.583860397338867 0.04131658747792244 37.502906799316406 0.06957154721021652 6.651941299438477 0.06039826571941376 13.31132698059082
2 0.05055167153477669 15.865495681762695 0.04095292463898659 28.04951286315918 0.06951422989368439 4.816104888916016 0.0602903850376606 9.498628616333008
1 0.050419390201568604 11.776144027709961 0.040715355426073074 20.436132431030273 0.06947425752878189 3.5895493030548096 0.060220349580049515 7.017947673797607
3 0.05082624778151512 24.452999114990234 0.04143877327442169 41.766292572021484 0.06959111988544464 7.286567211151123 0.0604349821805954 14.62320327758789
4 0.05099855735898018 29.068988800048828 0.041741810739040375 50.56979751586914 0.06964007765054703 8.88469123840332 0.06052562966942787 17.88910675048828
3 0.05071983486413956 21.181543350219727 0.041251856833696365 35.94434356689453 0.0695614218711853 6.3270673751831055 0.060379259288311005 12.63711166381836
1 0.05033652484416962 9.002477645874023 0.040564652532339096 15.476330757141113 0.0694393739104271 2.6967742443084717 0.06017696112394333 5.424100875854492
2 0.05063939467072487 18.5985164642334 0.041109491139650345 30.984994888305664 0.06953907757997513 5.609727382659912 0.06033700704574585 11.137304306030273
4 0.05101519450545311 30.507633209228516 0.04176899418234825 49.867523193359375 0.0696437656879425 9.006921768188477 0.06053309142589569 18.185394287109375
4 0.05090092495083809 25.512887954711914 0.041570715606212616 44.948909759521484 0.06961152702569962 7.951719284057617 0.060473453253507614 16.02431869506836
4 0.05104219540953636 30.40435218811035 0.04181691259145737 51.89423370361328 0.06965144723653793 9.260030746459961 0.06054725497961044 18.702112197875977
4 0.051056157797575 31.798755645751953 0.041841059923172 53.66817092895508 0.0696563795208931 9.423961639404297 0.06055567041039467 18.98695945739746
1 0.05032310634851456 8.7714204788208 0.04054000601172447 15.16028118133545 0.06943684816360474 2.564074754714966 0.06016981974244118 5.172167778015137
3 0.05075608566403389 21.63043212890625 0.0413157157599926 38.797882080078125 0.06957150995731354 6.651838302612305 0.06039823964238167 13.310142517089844
1 0.0503602996468544 9.903932571411133 0.040607985109090805 17.68376350402832 0.06944815069437027 2.9549202919006348 0.06018966808915138 5.883863925933838
2 0.05052695795893669 14.81606388092041 0.0409088097512722 26.765155792236328 0.06950705498456955 4.587119102478027 0.06027711555361748 9.03786849975586
4 0.05091223493218422 26.419218063354492 0.04159032180905342 47.36320114135742 0.06961512565612793 8.069063186645508 0.060479842126369476 16.244970321655273
1 0.05033031478524208 9.00123405456543 0.0405532643198967 15.670259475708008 0.06943816691637039 2.634260416030884 0.06017366424202919 5.30807638168335
1 0.05037004128098488 10.225743293762207 0.040626201778650284 18.21030044555664 0.06945262104272842 3.0701305866241455 0.06019488722085953 6.075016021728516
1 0.050438594073057175 12.131413459777832 0.04074998199939728 20.82476234436035 0.06948171555995941 3.7750871181488037 0.060230135917663574 7.377799987792969
1 0.050262607634067535 6.865293025970459 0.040425971150398254 11.93723201751709 0.06942656636238098 1.7677390575408936 0.06013740599155426 4.03348970413208
2 0.050650712102651596 19.003774642944336 0.041129034012556076 31.467439651489258 0.06954223662614822 5.710944652557373 0.06034296751022339 11.347180366516113
4 0.05089535564184189 26.64914321899414 0.04156080633401871 45.36956024169922 0.06960964947938919 7.8904805183410645 0.06047016754746437 15.913915634155273
3 0.05083531141281128 23.99174690246582 0.04145573079586029 42.16961669921875 0.06959372758865356 7.369720935821533 0.060439787805080414 14.792877197265625
3 0.05086220055818558 25.57223129272461 0.04150345176458359 41.66916275024414 0.06960151344537735 7.623375415802002 0.06045426428318024 15.313218116760254
3 0.05069711431860924 20.443809509277344 0.04121125489473343 34.87704086303711 0.06955498456954956 6.121451377868652 0.0603671558201313 12.209606170654297
4 0.05094819888472557 28.32737159729004 0.04165263473987579 47.42961883544922 0.06962525844573975 8.401156425476074 0.060498613864183426 16.924724578857422
4 0.05102509632706642 30.752763748168945 0.04178619384765625 51.7161979675293 0.0696461945772171 9.087892532348633 0.060537826269865036 18.368633270263672
1 0.050320181995630264 8.70566177368164 0.04053463786840439 15.113316535949707 0.06943642348051071 2.534834861755371 0.06016824021935463 5.116697311401367
3 0.050866320729255676 25.231237411499023 0.04151090607047081 43.79262924194336 0.06960231810808182 7.650041580200195 0.06045602262020111 15.385025978088379
4 0.05094239115715027 28.195100784301758 0.04164314270019531 48.85104751586914 0.06962322443723679 8.332947731018066 0.060495100915431976 16.805551528930664
3 0.05067885294556618 19.881744384765625 0.04117957875132561 33.23738479614258 0.06955008953809738 5.96390438079834 0.06035779044032097 11.872211456298828
1 0.05045022442936897 12.7472562789917 0.04077092185616493 22.576305389404297 0.0694851353764534 3.8836991786956787 0.060236334800720215 7.5954742431640625
1 0.0502622053027153 6.846107482910156 0.04042503237724304 11.905677795410156 0.06942646205425262 1.76263427734375 0.060137126594781876 4.0240936279296875
2 0.050494249910116196 14.071680068969727 0.04085035249590874 24.869718551635742 0.06949763000011444 4.2849555015563965 0.060259707272052765 8.42716121673584
1 0.05036194622516632 9.98462200164795 0.04061106592416763 17.764747619628906 0.06944846361875534 2.9701426029205322 0.0601905882358551 5.914565563201904
3 0.050707947462797165 20.800073623657227 0.04123138263821602 35.929649353027344 0.06955765187740326 6.207350730895996 0.060372453182935715 12.40931510925293
2 0.05055569112300873 16.04976463317871 0.0409601591527462 27.64740753173828 0.0695151537656784 4.844824314117432 0.06029244512319565 9.577717781066895
1 0.050301387906074524 7.912410736083984 0.040500227361917496 14.113710403442383 0.06943421810865402 2.351527214050293 0.06015836074948311 4.768823146820068
3 0.050694067031145096 20.311420440673828 0.04120558127760887 34.53888702392578 0.06955412775278091 6.094064235687256 0.06036553159356117 12.152088165283203
2 0.05049893632531166 13.968124389648438 0.04085882380604744 25.217512130737305 0.06949899345636368 4.329251289367676 0.06026214361190796 8.5119047164917
3 0.05085264891386032 24.581331253051758 0.04148581624031067 44.11457443237305 0.06959894299507141 7.5396833419799805 0.06044928729534149 15.124845504760742
3 0.05068453773856163 19.998361587524414 0.041190505027770996 33.2061767578125 0.06955156475305557 6.010090351104736 0.060360755771398544 11.984518051147461
2 0.05057395622134209 16.616058349609375 0.04099274426698685 28.650617599487305 0.06952042877674103 5.014604091644287 0.06030215322971344 9.919066429138184
2 0.05049830302596092 14.243927001953125 0.04085702821612358 24.631345748901367 0.06949887424707413 4.324685573577881 0.06026184931397438 8.498541831970215
1 0.050442539155483246 12.472128868103027 0.04075704142451286 22.17141342163086 0.06948290020227432 3.8125932216644287 0.060232263058423996 7.451426982879639
2 0.050535477697849274 15.409828186035156 0.040924008935689926 26.066638946533203 0.06950952112674713 4.664663791656494 0.06028169021010399 9.197074890136719
4 0.05097335949540138 29.170883178710938 0.04169735684990883 49.87618637084961 0.06963245570659637 8.63536262512207 0.06051187589764595 17.4014835357666
2 0.05054433271288872 15.390067100524902 0.04093996062874794 26.945419311523438 0.0695120096206665 4.744133472442627 0.06028636917471886 9.362427711486816
2 0.05047989264130592 13.6093111038208 0.04082434996962547 23.499147415161133 0.06949356198310852 4.155055522918701 0.06025199592113495 8.152507781982422
1 0.05030766502022743 8.28817367553711 0.04051106795668602 14.388434410095215 0.0694350153207779 2.4113807678222656 0.06016158312559128 4.880204677581787
1 0.05037163197994232 10.276796340942383 0.040628813207149506 17.879650115966797 0.06945323199033737 3.091144323348999 0.060195717960596085 6.105225563049316
1 0.05041468143463135 11.62247085571289 0.040706999599933624 19.96099853515625 0.06947273015975952 3.5460093021392822 0.06021793559193611 6.9306254386901855
3 0.0508091077208519 23.914867401123047 0.04141011834144592 40.6829833984375 0.069586381316185 7.131497859954834 0.06042604520916939 14.301560401916504
3 0.05083036795258522 23.839813232421875 0.04144616425037384 40.896305084228516 0.06959232687950134 7.324471473693848 0.060437172651290894 14.699666976928711
3 0.050694920122623444 20.383953094482422 0.04120780900120735 35.72361755371094 0.0695541650056839 6.095273494720459 0.0603657104074955 12.164652824401855
1 0.05028798058629036 7.670473575592041 0.04047425091266632 13.354635238647461 0.06943216919898987 2.1597626209259033 0.06015081703662872 4.504641056060791
3 0.05083268880844116 23.963232040405273 0.04145125299692154 42.07488250732422 0.06959296017885208 7.345749378204346 0.0604383759200573 14.743995666503906
2 0.05054164677858353 15.611865043640137 0.04093533009290695 27.526180267333984 0.06951125711202621 4.720287799835205 0.06028496474027634 9.312414169311523
4 0.05092305690050125 27.588510513305664 0.04161034896969795 46.60511779785156 0.06961820274591446 8.169316291809082 0.06048552691936493 16.450275421142578
1 0.05034332349896431 9.404472351074219 0.040577106177806854 16.059370040893555 0.0694410651922226 2.768939256668091 0.06018055975437164 5.5531206130981445
1 0.05037891864776611 10.501517295837402 0.04064187407493591 18.271549224853516 0.069456547498703 3.1717679500579834 0.060199517756700516 6.245746612548828
3 0.050797052681446075 22.417278289794922 0.04138879105448723 40.19031524658203 0.06958328187465668 7.031708717346191 0.06042010337114334 14.082075119018555
1 0.050417277961969376 11.71238899230957 0.04071170464158058 20.090599060058594 0.06947378069162369 3.571441173553467 0.06021924316883087 6.978726387023926
4 0.05095801502466202 28.680662155151367 0.0416717492043972 47.2503662109375 0.06962810456752777 8.492227554321289 0.06050383672118187 17.11058807373047
2 0.05046834424138069 13.216458320617676 0.04080349951982498 23.025774002075195 0.0694902241230011 4.046951770782471 0.0602458156645298 7.9340386390686035
3 0.05073944851756096 21.77035140991211 0.041287146508693695 37.728294372558594 0.06956709176301956 6.510082244873047 0.06038976460695267 13.003968238830566
1 0.050389617681503296 10.841903686523438 0.040661364793777466 18.841203689575195 0.06946148723363876 3.288151502609253 0.060205113142728806 6.452938556671143
4 0.0509612075984478 28.785619735717773 0.04167747125029564 47.86064910888672 0.0696289986371994 8.521223068237305 0.06050549075007439 17.170299530029297
3 0.05073218792676926 21.551584243774414 0.04127343371510506 36.22052001953125 0.0695648193359375 6.436132907867432 0.060385629534721375 12.862826347351074
3 0.05069674178957939 20.43229866027832 0.04121108725667 35.66525650024414 0.06955505162477493 6.121854782104492 0.060367267578840256 12.205156326293945
4 0.050875402987003326 25.300121307373047 0.04152669012546539 45.0269775390625 0.06960438191890717 7.717905044555664 0.060460131615400314 15.543187141418457
1 0.050333697348833084 9.103425979614258 0.04055941849946976 15.846259117126465 0.06943882256746292 2.669020891189575 0.060175493359565735 5.371009826660156
1 0.05031101033091545 8.155723571777344 0.0405183881521225 14.64309310913086 0.06943533569574356 2.450850486755371 0.0601637065410614 4.955774307250977
2 0.05048465356230736 13.775338172912598 0.04083293303847313 24.45967674255371 0.06949492543935776 4.19849157333374 0.060254525393247604 8.241272926330566
3 0.05067303031682968 19.69015884399414 0.041169703006744385 32.7806510925293 0.0695480927824974 5.900759696960449 0.06035440042614937 11.767118453979492
4 0.05099789425730705 29.04900550842285 0.04174133390188217 50.6931037902832 0.06963980942964554 8.8771333694458 0.06052520498633385 17.876317977905273
2 0.05051085725426674 14.64858341217041 0.04088013246655464 24.663908004760742 0.06950248777866364 4.439549922943115 0.0602685809135437 8.735252380371094
1 0.050375256687402725 10.385004997253418 0.04063520208001137 18.16775894165039 0.06945487856864929 3.131612777709961 0.060197580605745316 6.174540996551514
2 0.050629373639822006 17.9409236907959 0.04109075292944908 31.90140724182129 0.06953620910644531 5.519749164581299 0.06033165752887726 10.95059871673584
4 0.05093668773770332 28.01402473449707 0.041634462773799896 47.17226028442383 0.0696224644780159 8.308415412902832 0.06049312278628349 16.71504783630371
3 0.050826724618673325 24.46694564819336 0.04144101217389107 40.93072509765625 0.06959131360054016 7.2910685539245605 0.060435254126787186 14.631317138671875
3 0.050726551562547684 20.748798370361328 0.04126385971903801 36.816219329833984 0.06956304609775543 6.3801069259643555 0.06038247048854828 12.758851051330566
3 0.05083368346095085 23.99416160583496 0.041452594101428986 41.97959518432617 0.06959325075149536 7.355376720428467 0.060438912361860275 14.763256072998047
1 0.05043487250804901 12.26419448852539 0.04074336960911751 21.255111694335938 0.06948056817054749 3.7399191856384277 0.06022820249199867 7.308079719543457
1 0.05045076832175255 12.698771476745605 0.04077191278338432 21.752798080444336 0.06948509812355042 3.882598638534546 0.06023647263646126 7.605731964111328
4 0.05093703418970108 28.033029556274414 0.04163317009806633 48.61343002319336 0.06962175667285919 8.286762237548828 0.06049239635467529 16.707307815551758
2 0.05056486278772354 16.327119827270508 0.04097657650709152 28.648494720458984 0.0695178434252739 4.9327263832092285 0.06029730662703514 9.749164581298828
1 0.050427619367837906 12.035041809082031 0.04073033109307289 20.652936935424805 0.06947793811559677 3.6734166145324707 0.06022455170750618 7.175259113311768
4 0.050899773836135864 26.84514617919922 0.04156818985939026 45.7028694152832 0.06961090117692947 7.930145740509033 0.060472454875707626 15.99491024017334
3 0.050813548266887665 23.988283157348633 0.04141685366630554 41.0610466003418 0.06958787888288498 7.180424213409424 0.0604286789894104 14.387507438659668
4 0.051059089601039886 31.893238067626953 0.04184699058532715 53.92699432373047 0.06965728849172592 9.451639175415039 0.06055726483464241 19.042417526245117
3 0.050825852900743484 24.491687774658203 0.04143933206796646 41.14828872680664 0.06959102302789688 7.283142566680908 0.06043477728962898 14.615711212158203
4 0.0510123111307621 30.415496826171875 0.04176388308405876 51.475677490234375 0.06964289397001266 8.980860710144043 0.060531552881002426 18.132213592529297
2 0.05050882697105408 14.497235298156738 0.0408763587474823 25.735546112060547 0.06950188428163528 4.420538902282715 0.060267455875873566 8.695820808410645
4 0.05097173526883125 28.5704288482666 0.041694898158311844 49.22916030883789 0.0696323961019516 8.634660720825195 0.060511503368616104 17.379051208496094
1 0.05043402314186096 12.242827415466309 0.04074207320809364 21.711156845092773 0.06948032230138779 3.733722686767578 0.06022782623767853 7.294750690460205
4 0.050936926156282425 28.02859115600586 0.0416339747607708 47.19789505004883 0.06962212920188904 8.296638488769531 0.06049276888370514 16.71034812927246
4 0.05096927285194397 29.0401668548584 0.04168951138854027 47.84345245361328 0.06963124871253967 8.596380233764648 0.060509711503982544 17.323476791381836
2 0.05063686892390251 18.523983001708984 0.041104987263679504 31.0560359954834 0.06953836977481842 5.58670711517334 0.060335662215948105 11.089916229248047
1 0.050380393862724304 10.55322551727295 0.04064473137259483 18.354997634887695 0.06945730000734329 3.188652992248535 0.06020032986998558 6.275738716125488
2 0.0505145899951458 14.701312065124512 0.04088647663593292 26.06374168395996 0.06950347870588303 4.472343921661377 0.06027042865753174 8.801121711730957
4 0.05100284516811371 30.111101150512695 0.04174983128905296 50.39059066772461 0.06964077800512314 8.90903091430664 0.0605272501707077 17.963106155395508
3 0.050670377910137177 19.636354446411133 0.041164275258779526 32.76081466674805 0.06954728811979294 5.873610019683838 0.06035289913415909 11.712355613708496
4 0.05090753734111786 27.09165382385254 0.04158325493335724 47.08768081665039 0.06961378455162048 8.024749755859375 0.060477349907159805 16.155834197998047
3 0.05070599168539047 20.644760131835938 0.041226983070373535 35.339508056640625 0.06955709308385849 6.188767910003662 0.06037140265107155 12.371623992919922
2 0.05046909302473068 13.304706573486328 0.0408051572740078 23.601423263549805 0.0694904699921608 4.054906845092773 0.0602462962269783 7.950338840484619
3 0.0506739467382431 19.311012268066406 0.041171371936798096 33.76805114746094 0.06954829394817352 5.907013416290283 0.06035478785634041 11.780630111694336
4 0.050955526530742645 28.609699249267578 0.04166761785745621 47.01469802856445 0.06962739676237106 8.468737602233887 0.06050252541899681 17.063060760498047
3 0.050698451697826385 20.485448837280273 0.04121347516775131 35.07749557495117 0.0695551410317421 6.127233982086182 0.060367584228515625 12.231912612915039
2 0.05057550221681595 16.660917282104492 0.04099530354142189 28.019847869873047 0.06952084600925446 5.027865409851074 0.0603029690682888 9.947105407714844
3 0.05073700472712517 21.69634437561035 0.04128234088420868 36.60372543334961 0.06956605613231659 6.4761505126953125 0.06038815900683403 12.9535493850708
4 0.050984252244234085 29.515769958496094 0.04171551391482353 51.16714096069336 0.06963466852903366 8.709014892578125 0.06051652505993843 17.591150283813477
2 0.05061313509941101 17.83243751525879 0.041061632335186005 30.628419876098633 0.06953164935112 5.372611045837402 0.06032305955886841 10.646398544311523
4 0.050887588411569595 26.467309951782227 0.04154764115810394 46.037696838378906 0.06960782408714294 7.830594062805176 0.06046649068593979 15.772582054138184
2 0.05054856091737747 15.77900505065918 0.0409478023648262 26.999170303344727 0.0695132464170456 4.783720970153809 0.06028866022825241 9.4428071975708
2 0.050466421991586685 13.250113487243652 0.04080018028616905 23.471887588500977 0.06948982179164886 4.0341620445251465 0.060245007276535034 7.902200222015381
4 0.050942856818437576 28.210763931274414 0.041644223034381866 48.49429702758789 0.06962332129478455 8.337244987487793 0.06049533560872078 16.816038131713867
2 0.050522807985544205 14.982845306396484 0.04090132936835289 25.78409767150879 0.06950589269399643 4.548709392547607 0.060274943709373474 8.95931339263916
4 0.050957582890987396 28.670166015625 0.04166922718286514 47.73167419433594 0.06962797045707703 8.487848281860352 0.06050359830260277 17.10173797607422
3 0.05075817555189133 21.692737579345703 0.041319627314805984 39.0982551574707 0.06957238912582397 6.679277420043945 0.060399677604436874 13.353450775146484
4 0.050930529832839966 27.818368911743164 0.0416230708360672 48.25307083129883 0.06962072849273682 8.251009941101074 0.06048991531133652 16.597774505615234
2 0.050465136766433716 12.888896942138672 0.04079802334308624 23.390085220336914 0.06948933005332947 4.01889181137085 0.06024417653679848 7.877140998840332
3 0.05084783583879471 24.433015823364258 0.041477080434560776 43.837711334228516 0.06959687173366547 7.473742961883545 0.060445889830589294 15.022136688232422
3 0.05077787861227989 22.97659683227539 0.04135460779070854 38.171302795410156 0.06957761943340302 6.8482346534729 0.06040967255830765 13.717131614685059
2 0.05065635219216347 19.171466827392578 0.04113921895623207 33.61945724487305 0.06954379379749298 5.762593746185303 0.060345932841300964 11.453665733337402
1 0.050294943153858185 7.887800693511963 0.04048715531826019 13.022462844848633 0.06943321973085403 2.2553422451019287 0.060154639184474945 4.636463165283203
3 0.05080052465200424 23.69084930419922 0.04139489680528641 41.354698181152344 0.06958429515361786 7.063378810882568 0.06042194366455078 14.146127700805664
4 0.05099799856543541 28.994619369506836 0.041741639375686646 49.716896057128906 0.06963992118835449 8.879154205322266 0.060525305569171906 17.87750816345215
1 0.05031333491206169 8.468320846557617 0.04052165523171425 14.741395950317383 0.0694357231259346 2.4647586345672607 0.06016461178660393 4.988314151763916
4 0.05102245882153511 29.797916412353516 0.04178280383348465 52.130218505859375 0.06964635848999023 9.092037200927734 0.060537513345479965 18.33457374572754
2 0.050515174865722656 14.774652481079102 0.0408877357840538 25.499683380126953 0.06950375437736511 4.4809064865112305 0.06027090549468994 8.816368103027344
4 0.05090443789958954 26.374839782714844 0.0415768139064312 46.90796661376953 0.06961287558078766 7.995349407196045 0.06047572195529938 16.09711265563965
2 0.05052657425403595 15.142339706420898 0.04090778902173042 26.73316764831543 0.06950695812702179 4.582855224609375 0.060276951640844345 9.03004264831543
4 0.05094567686319351 28.304340362548828 0.04164903983473778 47.6159782409668 0.0696241706609726 8.365371704101562 0.06049684062600136 16.8698673248291
3 0.050768785178661346 22.643953323364258 0.041338589042425156 37.264766693115234 0.06957481801509857 6.757168292999268 0.06040458008646965 13.542218208312988
2 0.050552159547805786 15.939462661743164 0.04095377027988434 27.94719123840332 0.06951422989368439 4.816160678863525 0.06029054522514343 9.509758949279785
2 0.05055345222353935 15.979722023010254 0.04095606878399849 27.380603790283203 0.06951459497213364 4.8279242515563965 0.06029122322797775 9.533636093139648
2 0.050545915961265564 15.745340347290039 0.040942639112472534 27.71844482421875 0.06951242685317993 4.758819580078125 0.06028720363974571 9.392437934875488
1 0.05035794526338577 9.827025413513184 0.04060390591621399 17.161989212036133 0.0694471001625061 2.927774429321289 0.06018831208348274 5.8375749588012695
2 0.0506548248231411 19.123281478881836 0.04113650321960449 33.27287673950195 0.06954337656497955 5.74873161315918 0.06034515053033829 11.425373077392578
3 0.05071470886468887 21.020601272583008 0.04124296084046364 36.49169921875 0.06955971568822861 6.273714065551758 0.06037622317671776 12.537858963012695
4 0.05098818242549896 28.753610610961914 0.04172353073954582 51.37668228149414 0.06963658332824707 8.77236270904541 0.06051957234740257 17.683744430541992
2 0.05053737387061119 15.469164848327637 0.04092755541205406 27.283416748046875 0.06951003521680832 4.682683944702148 0.06028267368674278 9.233433723449707
1 0.050342489033937454 9.377137184143066 0.04057568311691284 16.32090187072754 0.06944086402654648 2.7596826553344727 0.06018019840121269 5.537147045135498
3 0.05072520673274994 21.332181930541992 0.04126149043440819 36.36735534667969 0.06956309825181961 6.381139278411865 0.06038222089409828 12.73591136932373
2 0.05062016472220421 18.067258834838867 0.04107554256916046 31.745220184326172 0.06953345239162445 5.429923057556152 0.06032663583755493 10.779943466186523
1 0.050405267626047134 11.328120231628418 0.04069000855088234 19.686111450195312 0.06946868449449539 3.4514963626861572 0.06021317094564438 6.7530198097229
2 0.05053821578621864 15.423698425292969 0.0409291535615921 26.721012115478516 0.06951026618480682 4.689423561096191 0.0602831207215786 9.248855590820312
2 0.050611115992069244 17.79003143310547 0.04105916619300842 29.882720947265625 0.06953078508377075 5.34406852722168 0.060321807861328125 10.612042427062988
3 0.05081642046570778 24.17116928100586 0.04142332449555397 42.268733978271484 0.06958827376365662 7.194189548492432 0.0604298859834671 14.448455810546875
2 0.050659988075494766 19.292478561401367 0.04114428535103798 33.661014556884766 0.06954477727413177 5.794745922088623 0.060347817838191986 11.520661354064941
4 0.05102188140153885 29.775768280029297 0.04178085923194885 50.80508804321289 0.06964617222547531 9.086763381958008 0.06053721159696579 18.323692321777344
1 0.05026252567768097 6.863036155700684 0.040425773710012436 11.924559593200684 0.0694265365600586 1.7671632766723633 0.06013737991452217 4.032354354858398
1 0.050308745354413986 8.322355270385742 0.0405130498111248 14.496260643005371 0.06943508237600327 2.4207205772399902 0.06016211584210396 4.900321960449219
1 0.05043337121605873 12.206117630004883 0.040740616619586945 21.670310974121094 0.06948008388280869 3.726414442062378 0.06022744998335838 7.280755519866943
2 0.05058647319674492 17.00358009338379 0.04101532697677612 29.94076156616211 0.06952396780252457 5.126912593841553 0.060308799147605896 10.15229320526123
3 0.05067657306790352 19.419967651367188 0.04117530584335327 33.662376403808594 0.06954922527074814 5.935165882110596 0.06035633385181427 11.825383186340332
2 0.05052763968706131 15.173672676086426 0.040910109877586365 26.623708724975586 0.06950726360082626 4.592812538146973 0.06027751788496971 9.050125122070312
2 0.05053829774260521 15.49809455871582 0.04092961177229881 27.24489974975586 0.0695103108882904 4.691113471984863 0.06028318032622337 9.251021385192871
2 0.05062860623002052 18.31244659423828 0.041089966893196106 32.20608139038086 0.06953583657741547 5.506101608276367 0.06033104658126831 10.932415008544922
3 0.05077816918492317 22.99276351928711 0.0413542166352272 38.3043212890625 0.06957799941301346 6.860474109649658 0.06041020154953003 13.727925300598145
1 0.05031943693757057 8.629416465759277 0.04053432494401932 15.096725463867188 0.0694364383816719 2.533447742462158 0.060168176889419556 5.114294052124023
1 0.05026046931743622 6.797565460205078 0.04042184352874756 11.818821907043457 0.06942595541477203 1.7505732774734497 0.06013628840446472 3.9951980113983154
3 0.050817206501960754 24.165102005004883 0.04142419248819351 42.233768463134766 0.06958809494972229 7.188395977020264 0.06042962148785591 14.444707870483398
3 0.05073801428079605 21.728904724121094 0.04128387197852135 36.25428009033203 0.06956608593463898 6.478814125061035 0.060388386249542236 12.969766616821289
2 0.05063702166080475 18.594175338745117 0.04110525920987129 32.6214485168457 0.0695381611585617 5.5812859535217285 0.06033553183078766 11.093880653381348
3 0.050736840814352036 21.64270782470703 0.041281603276729584 37.114383697509766 0.0695660188794136 6.474548816680908 0.06038808822631836 12.950406074523926
2 0.050486549735069275 13.827596664428711 0.040836598724126816 24.160661697387695 0.06949548423290253 4.215186595916748 0.06025554984807968 8.2766695022583
1 0.050268735736608505 7.058084011077881 0.040437500923871994 12.26811695098877 0.0694282054901123 1.8588886260986328 0.06014055013656616 4.143885135650635
4 0.05103268846869469 31.058073043823242 0.041800789535045624 52.031410217285156 0.06964874267578125 9.171208381652832 0.06054225191473961 18.520431518554688
2 0.05047605559229851 13.516863822937012 0.0408174991607666 23.85186195373535 0.06949245929718018 4.118718147277832 0.0602499358355999 8.07925033569336
2 0.050509013235569 14.538249969482422 0.04087637737393379 25.646150588989258 0.06950192153453827 4.421999454498291 0.06026754155755043 8.698831558227539
3 0.05074412375688553 21.874706268310547 0.04129546135663986 38.363162994384766 0.06956814974546432 6.544287204742432 0.06039189547300339 13.0869722366333
4 0.050982702523469925 28.912242889404297 0.041713543236255646 49.49890899658203 0.0696355551481247 8.736747741699219 0.060517288744449615 17.586963653564453
3 0.05068846791982651 20.17357063293457 0.04119624197483063 34.489166259765625 0.06955256313085556 6.044126987457275 0.060362596064805984 12.048762321472168
1 0.05036028474569321 9.938096046447754 0.04060796648263931 16.73763084411621 0.0694478377699852 2.9525909423828125 0.06018970534205437 5.8820695877075195
3 0.050714340060949326 20.983684539794922 0.0412428043782711 35.762210845947266 0.06955959647893906 6.269312381744385 0.060375940054655075 12.52704906463623
1 0.050283193588256836 7.51627254486084 0.040464915335178375 13.074097633361816 0.06943142414093018 2.0713694095611572 0.06014818325638771 4.412051200866699
3 0.05078230798244476 23.11857032775879 0.041362181305885315 39.42382049560547 0.06957913190126419 6.897763252258301 0.06041233614087105 13.805439949035645
2 0.05056070163846016 16.204540252685547 0.04096924513578415 27.775985717773438 0.06951665878295898 4.8939971923828125 0.060295090079307556 9.670367240905762
3 0.05078325793147087 23.14789390563965 0.0413634367287159 39.68621063232422 0.06957876682281494 6.88711404800415 0.06041209027171135 13.813188552856445
1 0.05029559135437012 7.9114227294921875 0.040488485246896744 13.7617769241333 0.0694330558180809 2.2453222274780273 0.06015489622950554 4.650105953216553
3 0.050701823085546494 20.56961441040039 0.041220441460609436 35.07762145996094 0.06955628842115402 6.162628650665283 0.06036975607275963 12.301180839538574
1 0.0504000298678875 11.125846862792969 0.040680330246686935 19.395687103271484 0.0694662481546402 3.3978843688964844 0.06021049991250038 6.653420925140381
2 0.05047457292675972 13.480178833007812 0.04081472381949425 22.485265731811523 0.06949204206466675 4.105473518371582 0.06024917960166931 8.052392959594727
1 0.05041876062750816 11.764369010925293 0.04071453586220741 20.394641876220703 0.06947430223226547 3.586883544921875 0.060220055282115936 7.008763790130615
2 0.05055583640933037 16.054485321044922 0.04096066206693649 27.68042755126953 0.06951519846916199 4.846240997314453 0.060292504727840424 9.580147743225098
2 0.05063905566930771 18.631948471069336 0.0411086305975914 32.00410842895508 0.06953896582126617 5.607245922088623 0.06033681705594063 11.131889343261719
2 0.05050200596451759 14.281749725341797 0.04086394980549812 25.387088775634766 0.0694999098777771 4.3575968742370605 0.06026376783847809 8.566152572631836
4 0.05098482221364975 29.534324645996094 0.041717253625392914 51.21593475341797 0.06963521987199783 8.726435661315918 0.06051729619503021 17.609750747680664
4 0.05105843022465706 31.8100643157959 0.04184436798095703 51.91303253173828 0.06965655833482742 9.42824649810791 0.06055629998445511 19.020675659179688
1 0.05040217190980911 11.238977432250977 0.04068418964743614 19.98489761352539 0.06946729868650436 3.4196622371673584 0.06021156162023544 6.693460464477539
2 0.0506582036614418 19.256507873535156 0.04114330932497978 32.72876739501953 0.06954411417245865 5.771756172180176 0.060346733778715134 11.489297866821289
2 0.05055807903409004 16.076419830322266 0.040964819490909576 27.751317977905273 0.06951591372489929 4.870539665222168 0.06029370054602623 9.621731758117676
1 0.050370339304208755 10.234700202941895 0.04062647745013237 17.82210922241211 0.06945275515317917 3.073287010192871 0.060195039957761765 6.080581188201904
3 0.05082410201430321 24.436138153076172 0.04143502190709114 41.32102966308594 0.06959051638841629 7.266616344451904 0.060433875769376755 14.58322525024414
3 0.05080307647585869 22.597789764404297 0.04139973968267441 39.35552215576172 0.06958501040935516 7.086302757263184 0.06042328476905823 14.193611145019531
1 0.05034056678414345 9.317383766174316 0.04057212173938751 16.22267723083496 0.06944037228822708 2.739672899246216 0.06017916649580002 5.500382900238037
4 0.05087664723396301 26.122106552124023 0.04152853786945343 45.04157638549805 0.06960509717464447 7.741146087646484 0.060461219400167465 15.573527336120605
1 0.0504128560423851 11.565444946289062 0.04070373624563217 20.55488395690918 0.06947195529937744 3.52811598777771 0.060217007994651794 6.8960723876953125
1 0.05035156384110451 9.66053295135498 0.04059213027358055 16.794321060180664 0.06944408267736435 2.8586459159851074 0.060185033828020096 5.712584495544434
4 0.050878170877695084 25.619165420532227 0.04153123125433922 44.65932083129883 0.06960588693618774 7.7669548988342285 0.06046243757009506 15.6077880859375
2 0.05048583820462227 13.829877853393555 0.04083484783768654 24.49842071533203 0.06949527561664581 4.208896160125732 0.06025516241788864 8.262577056884766
2 0.05049819499254227 14.225081443786621 0.040857963263988495 25.116395950317383 0.06949882209300995 4.3224639892578125 0.06026189401745796 8.501474380493164
1 0.050381604582071304 10.581622123718262 0.040646929293870926 18.26881217956543 0.06945784389972687 3.2017858028411865 0.06020093336701393 6.298374176025391
3 0.05085398256778717 24.62179946899414 0.041487593203783035 42.973907470703125 0.06959932297468185 7.551732063293457 0.060450002551078796 15.14932632446289
3 0.05071181058883667 20.921098709106445 0.041237615048885345 36.59630584716797 0.06955894827842712 6.247819900512695 0.06037477031350136 12.484192848205566
3 0.050722017884254456 21.192527770996094 0.04125527665019035 37.213829040527344 0.06956174969673157 6.3393120765686035 0.06038007140159607 12.675138473510742
4 0.0510462261736393 30.529420852661133 0.04182291775941849 52.44752502441406 0.06965255737304688 9.29718017578125 0.06054934486746788 18.77872657775879
4 0.05092719569802284 27.720382690429688 0.041616905480623245 46.94709777832031 0.06961933523416519 8.20628547668457 0.06048767641186714 16.527057647705078
4 0.05095206946134567 28.500118255615234 0.04166070371866226 49.098121643066406 0.06962686777114868 8.451278686523438 0.060501258820295334 17.005657196044922
4 0.050974614918231964 29.208515167236328 0.04169990122318268 50.544837951660156 0.069632388651371 8.634833335876465 0.06051204726099968 17.419986724853516
4 0.05102236196398735 29.79485511779785 0.04178234562277794 53.21146774291992 0.06964624673128128 9.090594291687012 0.0605374276638031 18.334365844726562
3 0.050826553255319595 24.51321029663086 0.041439663618803024 40.99079895019531 0.0695912167429924 7.289458751678467 0.06043512374162674 14.628227233886719
3 0.05077875033020973 22.911767959594727 0.04135601595044136 39.24224853515625 0.0695781409740448 6.8660197257995605 0.06041046604514122 13.73912239074707
1 0.050306711345911026 8.260733604431152 0.04050939902663231 14.380657196044922 0.06943460553884506 2.4021105766296387 0.06016102060675621 4.863429546356201
3 0.050693612545728683 20.298219680786133 0.041204921901226044 34.820369720458984 0.06955400854349136 6.090157985687256 0.06036529690027237 12.143908500671387
4 0.050875887274742126 25.31304931640625 0.04152669385075569 45.194419860839844 0.0696045309305191 7.7220988273620605 0.060460422188043594 15.551937103271484
3 0.050733525305986404 21.587087631225586 0.04127613082528114 37.73970031738281 0.06956508010625839 6.445480823516846 0.06038631871342659 12.88854694366455
4 0.05091465264558792 26.493249893188477 0.04159476235508919 47.4381217956543 0.06961584091186523 8.091177940368652 0.06048113852739334 16.289714813232422
1 0.050296884030103683 7.776822090148926 0.040490761399269104 13.640480995178223 0.0694335401058197 2.2735700607299805 0.06015569716691971 4.673542499542236
2 0.05054009333252907 15.561978340148926 0.040932364761829376 27.471046447753906 0.06951082497835159 4.705931663513184 0.06028413772583008 9.28272533416748
1 0.05028814822435379 7.675703048706055 0.04047452658414841 13.365937232971191 0.06943220645189285 2.1760549545288086 0.060150906443595886 4.507887363433838
1 0.05043616145849228 12.280291557312012 0.040745727717876434 20.690185546875 0.06948091089725494 3.7505900859832764 0.060228802263736725 7.333515644073486
3 0.05076278746128082 22.462669372558594 0.04132862761616707 38.367645263671875 0.06957369297742844 6.721186637878418 0.06040211394429207 13.440268516540527
3 0.05082906037569046 23.85254669189453 0.04144458472728729 40.781856536865234 0.0695919394493103 7.312996864318848 0.06043648347258568 14.676728248596191
1 0.050432734191417694 12.186406135559082 0.040739499032497406 21.568782806396484 0.06947976350784302 3.7183518409729004 0.06022704765200615 7.268011569976807
1 0.050387777388095856 10.783249855041504 0.040658365935087204 19.191720962524414 0.06946056336164474 3.2678070068359375 0.06020418927073479 6.418052673339844
3 0.05067786946892738 19.80506706237793 0.04117751494050026 33.96900177001953 0.0695495530962944 5.946669578552246 0.06035701185464859 11.850034713745117
2 0.05065096169710159 18.967273712158203 0.04112926870584488 33.38546371459961 0.069542296230793 5.713148593902588 0.060343094170093536 11.351760864257812
2 0.05063202232122421 18.430152893066406 0.041096702218055725 32.41709899902344 0.06953676789999008 5.537327766418457 0.060332898050546646 11.002626419067383
1 0.05034416541457176 9.4306001663208 0.04057858884334564 16.299617767333984 0.06944137066602707 2.7794077396392822 0.06018107011914253 5.569434642791748
4 0.050875235348939896 25.23992919921875 0.04152430221438408 43.801910400390625 0.06960429251194 7.715821266174316 0.06046002358198166 15.539395332336426
3 0.05072859302163124 20.810808181762695 0.04126805439591408 36.59196472167969 0.0695638656616211 6.406657695770264 0.06038385257124901 12.801654815673828
3 0.050865817815065384 25.702211380004883 0.04150957986712456 43.805320739746094 0.06960217654705048 7.645018100738525 0.060455769300460815 15.375321388244629
3 0.05086711794137955 25.689369201660156 0.04151325672864914 43.86134338378906 0.06960253417491913 7.657481670379639 0.060456447303295135 15.401123046875
1 0.050383951514959335 10.66132640838623 0.04065122455358505 17.977428436279297 0.06945887953042984 3.226882219314575 0.060202158987522125 6.343411445617676
1 0.05032280832529068 8.761788368225098 0.04053960368037224 15.26115894317627 0.06943681836128235 2.561201333999634 0.06016966328024864 5.166779518127441
3 0.050830867141485214 23.907758712768555 0.041447967290878296 41.94619369506836 0.06959214806556702 7.319984436035156 0.06043703854084015 14.704597473144531
4 0.050900086760520935 26.29371452331543 0.04156948998570442 44.517452239990234 0.06961100548505783 7.932955741882324 0.06047263741493225 16.0006160736084
3 0.050765685737133026 22.597314834594727 0.04133281111717224 38.55113220214844 0.06957446038722992 6.746986389160156 0.06040360406041145 13.494400978088379
4 0.05105593428015709 30.766292572021484 0.041841842234134674 53.24800109863281 0.06965585052967072 9.4046049118042 0.06055498495697975 18.972673416137695
1 0.05033791810274124 9.234658241271973 0.04056721553206444 16.076337814331055 0.06943973898887634 2.7119548320770264 0.060177743434906006 5.450578689575195
3 0.0508095882833004 23.974912643432617 0.04141177982091904 41.415611267089844 0.0695863664150238 7.1321702003479 0.060426294803619385 14.319803237915039
2 0.05062482878565788 18.21405601501465 0.04108347371220589 31.107316970825195 0.06953474879264832 5.472022533416748 0.06032908335328102 10.86719036102295
2 0.050582755357027054 16.87742805480957 0.04100795462727547 29.73158073425293 0.0695229023694992 5.093710422515869 0.060306746512651443 10.078388214111328
2 0.050638698041439056 18.621131896972656 0.041107919067144394 31.534698486328125 0.06953886151313782 5.602881908416748 0.0603366419672966 11.124124526977539
2 0.05059658735990524 17.308853149414062 0.04103274643421173 30.501556396484375 0.06952701508998871 5.223971843719482 0.06031431630253792 10.338837623596191
4 0.05096077919006348 28.769655227661133 0.04167556017637253 48.811134338378906 0.06962884217500687 8.517623901367188 0.06050525978207588 17.163944244384766
4 0.05089808255434036 26.791337966918945 0.0415666364133358 46.650238037109375 0.06961074471473694 7.925426006317139 0.06047198548913002 15.970935821533203
1 0.050445523113012314 12.578447341918945 0.04076274111866951 21.832754135131836 0.06948360800743103 3.835462808609009 0.06023368611931801 7.508673191070557
1 0.050375934690237045 10.412717819213867 0.04063672944903374 17.962493896484375 0.06945527344942093 3.139698028564453 0.060197990387678146 6.189120292663574
3 0.05069949850440025 20.47157859802246 0.04121546074748039 35.9538688659668 0.06955564767122269 6.142917156219482 0.060368407517671585 12.254109382629395
3 0.05082644894719124 23.9940242767334 0.04143979400396347 42.708248138427734 0.06959119439125061 7.2889580726623535 0.060435086488723755 14.6267728805542
1 0.05042504891753197 11.961949348449707 0.04072585329413414 19.516281127929688 0.06947691738605499 3.6482622623443604 0.06022324040532112 7.126488208770752
1 0.05033774673938751 9.229201316833496 0.040566932410001755 16.06388282775879 0.06943969428539276 2.7103002071380615 0.06017765402793884 5.447304725646973
1 0.05026400089263916 6.909499645233154 0.04042856767773628 12.014598846435547 0.06942694634199142 1.8204928636550903 0.06013811007142067 4.058559417724609
3 0.050760604441165924 22.44270133972168 0.04132331907749176 38.274269104003906 0.0695730447769165 6.702034950256348 0.06040092557668686 13.399816513061523
3 0.05081866309046745 24.266016006469727 0.04142674058675766 40.76512908935547 0.06958939880132675 7.228250503540039 0.06043146923184395 14.485628128051758
4 0.05094980448484421 28.435752868652344 0.04165567457675934 49.35288619995117 0.06962570548057556 8.41553020477295 0.06049945577979088 16.954544067382812
2 0.050470784306526184 13.362279891967773 0.04080805554986 23.69569206237793 0.06949096918106079 4.07145357131958 0.06024719774723053 7.982892990112305
1 0.05044461041688919 12.527798652648926 0.04076118394732475 22.29300880432129 0.06948339194059372 3.828582286834717 0.0602332279086113 7.490818977355957
4 0.050999730825424194 29.106155395507812 0.04174302890896797 49.78433609008789 0.06964032351970673 8.894326210021973 0.060526154935359955 17.91142463684082
3 0.050811901688575745 24.045398712158203 0.04141484946012497 41.70107650756836 0.06958701461553574 7.152198314666748 0.06042751669883728 14.361767768859863
3 0.050673678517341614 19.730905532836914 0.04117120802402496 34.630462646484375 0.06954843550920486 5.9113054275512695 0.060354914516210556 11.779464721679688
4 0.05100417137145996 30.152536392211914 0.04175065457820892 51.034610748291016 0.06964111328125 8.921682357788086 0.06052793934941292 17.988698959350586
4 0.05100467428565025 30.113466262817383 0.04175116494297981 50.86423873901367 0.06964129209518433 8.926129341125488 0.06052820011973381 17.99543571472168
3 0.0508350245654583 24.034374237060547 0.04145481809973717 42.18239212036133 0.06959360092878342 7.366546154022217 0.06043959781527519 14.787538528442383
3 0.050847675651311874 23.900135040283203 0.041476719081401825 43.803226470947266 0.0695968046784401 7.471600532531738 0.06044580787420273 15.019237518310547
2 0.05049526318907738 14.11839771270752 0.04085267707705498 25.051626205444336 0.06949794292449951 4.292886257171631 0.0602603554725647 8.447183609008789
1 0.050279922783374786 7.412974834442139 0.040458742529153824 12.899909973144531 0.06943075358867645 2.0424768924713135 0.06014641374349594 4.350229263305664
4 0.0509578175842762 28.07651138305664 0.04167086258530617 47.25994873046875 0.06962765008211136 8.477458953857422 0.060503263026475906 17.098987579345703
2 0.050482746213674545 13.687093734741211 0.040829647332429886 23.537538528442383 0.0694943442940712 4.1784563064575195 0.060253456234931946 8.204082489013672
1 0.050344329327344894 9.435761451721191 0.0405789315700531 16.31125259399414 0.06944139301776886 2.78055739402771 0.0601811408996582 5.572718620300293
4 0.05098073184490204 29.404090881347656 0.04170942306518555 48.03937911987305 0.0696336030960083 8.674186706542969 0.0605146549642086 17.525117874145508
2 0.05050535500049591 14.447415351867676 0.04086983948945999 25.580854415893555 0.0695008859038353 4.388843536376953 0.060265615582466125 8.631423950195312
4 0.050896912813186646 26.753793716430664 0.041562847793102264 45.19459915161133 0.06961037963628769 7.914730548858643 0.06047132983803749 15.948423385620117
2 0.05055072531104088 15.884415626525879 0.040950775146484375 26.971141815185547 0.0695137307047844 4.799767017364502 0.06028958782553673 9.476518630981445
4 0.05092460662126541 27.63835334777832 0.04161147028207779 47.82278823852539 0.0696186050772667 8.182817459106445 0.0604863315820694 16.478960037231445
1 0.05033550038933754 9.159382820129395 0.04056274890899658 15.949896812438965 0.06943919509649277 2.6872498989105225 0.06017644703388214 5.404521942138672
1 0.050442397594451904 12.387203216552734 0.04075600951910019 21.895490646362305 0.06948259472846985 3.8029749393463135 0.0602317713201046 7.43928861618042
1 0.05043954774737358 12.303339958190918 0.0407511405646801 22.013683319091797 0.06948180496692657 3.777977705001831 0.060230351984500885 7.388444423675537
2 0.05062948167324066 17.984472274780273 0.04109109938144684 31.20840835571289 0.0695362538099289 5.520698070526123 0.06033170223236084 10.952149391174316
3 0.05078009516000748 23.046133041381836 0.04135829582810402 37.85625076293945 0.06957825273275375 6.868686676025391 0.060410838574171066 13.7589111328125
3 0.05086613819003105 25.117753982543945 0.04151109978556633 43.83909225463867 0.06960225850343704 7.648361682891846 0.060455918312072754 15.381977081298828
2 0.050602611154317856 17.510435104370117 0.041044171899557114 30.085254669189453 0.06952851265668869 5.273695468902588 0.060317348688840866 10.454842567443848
4 0.050938207656145096 28.06218910217285 0.04163636267185211 48.70631790161133 0.06962289661169052 8.321406364440918 0.06049391254782677 16.741741180419922
3 0.05073225870728493 21.542322158813477 0.04127334803342819 37.697998046875 0.06956478953361511 6.437229156494141 0.06038564071059227 12.865233421325684
1 0.05029958859086037 8.032402038574219 0.04049592837691307 13.428061485290527 0.06943370401859283 2.300400495529175 0.060157157480716705 4.726130962371826
3 0.050843093544244766 24.26903533935547 0.04146875813603401 42.57107925415039 0.06959579885005951 7.437918663024902 0.06044366583228111 14.933466911315918
2 0.05047294497489929 13.413582801818848 0.040811553597450256 23.836015701293945 0.06949154287576675 4.090388298034668 0.06024827063083649 8.021824836730957
4 0.050945766270160675 28.306941986083984 0.04164882004261017 46.870365142822266 0.06962461769580841 8.378748893737793 0.06049739941954613 16.8785343170166
4 0.05088701471686363 26.448631286621094 0.04154667630791664 45.98667907714844 0.06960798799991608 7.835389137268066 0.06046660989522934 15.767786026000977
2 0.05054127797484398 15.598535537719727 0.04093427211046219 27.485183715820312 0.06951113790273666 4.717562675476074 0.06028475984930992 9.305996894836426
1 0.05030073598027229 8.068763732910156 0.04049809277057648 13.947134017944336 0.06943388283252716 2.3276913166046143 0.060157787054777145 4.748276233673096
2 0.0505315363407135 15.293705940246582 0.040917154401540756 26.364593505859375 0.06950836628675461 4.628950595855713 0.06027955561876297 9.123387336730957
3 0.050836000591516495 24.065013885498047 0.041457243263721466 42.08197021484375 0.06959358602762222 7.3661699295043945 0.060439739376306534 14.801468849182129
1 0.05028817802667618 7.672813415527344 0.04047447070479393 13.361932754516602 0.06943218410015106 2.175717353820801 0.060150887817144394 4.507025718688965
1 0.050285980105400085 7.6044511795043945 0.0404701791703701 13.227843284606934 0.06943192332983017 2.1417508125305176 0.06014971807599068 4.465716361999512
2 0.05057113617658615 16.52536392211914 0.040987949818372726 27.82470703125 0.06951963901519775 4.988091945648193 0.060300666838884354 9.864952087402344
2 0.05048760771751404 13.88897705078125 0.04083877429366112 24.49363899230957 0.06949576735496521 4.224417209625244 0.060256216675043106 8.301318168640137
1 0.05033932253718376 9.278619766235352 0.040570005774497986 15.631170272827148 0.06944005936384201 2.7267444133758545 0.06017850339412689 5.477108955383301
4 0.05092823877930641 27.753843307495117 0.04161800444126129 47.05415725708008 0.06961963325738907 8.216399192810059 0.06048820912837982 16.54688262939453
1 0.05044033005833626 12.19290828704834 0.04075334966182709 21.540327072143555 0.06948226690292358 3.7925162315368652 0.06023112311959267 7.412755489349365
3 0.0506863035261631 20.125850677490234 0.041192635893821716 34.33323287963867 0.0695517510175705 6.016820430755615 0.060361314564943314 12.010247230529785
4 0.05094479024410248 28.276073455810547 0.041647110134363174 48.96356964111328 0.0696239173412323 8.357009887695312 0.06049637869000435 16.853130340576172
1 0.050423651933670044 11.916461944580078 0.040723301470279694 20.660531997680664 0.06947639584541321 3.6344153881073 0.06022251024842262 7.099785804748535
4 0.05092167481780052 26.655569076538086 0.041607458144426346 46.43204879760742 0.06961781531572342 8.155587196350098 0.06048478186130524 16.421890258789062
3 0.05069534108042717 20.39723777770996 0.04120844602584839 34.56936264038086 0.06955448538064957 6.10552978515625 0.060366202145814896 12.17642593383789
4 0.050986308604478836 29.58188819885254 0.04171951487660408 49.882503509521484 0.06963563710451126 8.740168571472168 0.06051807478070259 17.638086318969727
1 0.05033836141228676 9.24869441986084 0.040567923337221146 15.636996269226074 0.06943979859352112 2.715362787246704 0.06017792969942093 5.458542346954346
3 0.05071282014250755 20.898225784301758 0.04124000295996666 35.66120147705078 0.06955940276384354 6.261370658874512 0.06037541851401329 12.500487327575684
1 0.05039168521761894 10.910126686096191 0.04066522791981697 18.964468002319336 0.06946253031492233 3.310361385345459 0.060206200927495956 6.4930901527404785
1 0.05041796714067459 11.739595413208008 0.04071276634931564 20.380657196044922 0.06947409361600876 3.579308271408081 0.06021963059902191 6.993432998657227
2 0.050552960485219955 15.964346885681152 0.04095494747161865 27.981325149536133 0.0695144459605217 4.823129653930664 0.06029095873236656 9.524398803710938
1 0.05027592554688454 7.126865863800049 0.04045110568404198 12.668329238891602 0.06942980736494064 2.0068790912628174 0.060144275426864624 4.276339530944824
1 0.05042121559381485 11.831321716308594 0.04071924090385437 20.412057876586914 0.06947534531354904 3.611515522003174 0.06022132188081741 7.056159973144531
4 0.05090189725160599 25.536720275878906 0.04157160222530365 46.7801399230957 0.0696118101477623 7.959596633911133 0.060473985970020294 16.040748596191406
4 0.05100104212760925 29.089698791503906 0.04174555093050003 50.745811462402344 0.06964071094989777 8.907992362976074 0.060526859015226364 17.936616897583008
2 0.05046704038977623 13.269522666931152 0.040801312774419785 23.38471221923828 0.0694899931550026 4.039739608764648 0.060245331376791 7.914235591888428
1 0.05035089701414108 9.648078918457031 0.04059094935655594 16.777334213256836 0.06944393366575241 2.8514463901519775 0.06018466129899025 5.700183868408203
1 0.0502789169549942 7.37980842590332 0.040456779301166534 12.842905044555664 0.06943060457706451 2.0320966243743896 0.06014583259820938 4.330292701721191
3 0.050776366144418716 22.935230255126953 0.041352737694978714 39.5079345703125 0.06957753002643585 6.845082759857178 0.06040924787521362 13.694668769836426
3 0.05081503465771675 24.119211196899414 0.04142068699002266 41.96805953979492 0.06958788633346558 7.182233810424805 0.060429152101278305 14.422691345214844
3 0.05078869313001633 23.321733474731445 0.04137365147471428 40.70398712158203 0.06958035379648209 6.9374871253967285 0.06041502207517624 13.915225982666016
3 0.05074241757392883 21.868749618530273 0.041291818022727966 38.292789459228516 0.0695674791932106 6.5223917961120605 0.060390762984752655 13.051421165466309
4 0.05087565630674362 25.304790496826172 0.041526827961206436 44.31950378417969 0.06960447877645493 7.7199177742004395 0.06046030670404434 15.547469139099121
3 0.05070529133081436 20.716827392578125 0.041226208209991455 35.658477783203125 0.06955710053443909 6.1894965171813965 0.06037130206823349 12.363122940063477
3 0.05074291676282883 21.883834838867188 0.041292704641819 36.4466438293457 0.06956810504198074 6.54093074798584 0.060391638427972794 13.067730903625488
1 0.050305645912885666 8.226943016052246 0.04050733894109726 14.322032928466797 0.0694345086812973 2.3914523124694824 0.06016043946146965 4.842906475067139
1 0.05041668564081192 11.694250106811523 0.04071054607629776 20.292057037353516 0.06947347521781921 3.5654146671295166 0.06021894887089729 6.968125343322754
3 0.05073288083076477 21.513654708862305 0.041275348514318466 36.85834884643555 0.06956500560045242 6.443294048309326 0.06038598716259003 12.877010345458984
1 0.050431787967681885 12.157262802124023 0.040737591683864594 21.577978134155273 0.06947952508926392 3.711780548095703 0.06022661179304123 7.251186847686768
4 0.05098041146993637 29.39520263671875 0.04170863330364227 50.63719940185547 0.06963393092155457 8.685906410217285 0.06051498278975487 17.527687072753906
1 0.05027202516794205 7.164285659790039 0.040443770587444305 12.213290214538574 0.0694289281964302 1.9302747249603271 0.06014225631952286 4.205571174621582
4 0.050954993814229965 28.592205047607422 0.04166402667760849 47.11930465698242 0.06962719559669495 8.463418960571289 0.06050221621990204 17.052112579345703
2 0.05054162070155144 15.609282493591309 0.04093486815690994 27.522804260253906 0.06951124221086502 4.719993591308594 0.06028492748737335 9.311344146728516
4 0.0509270541369915 27.66128921508789 0.041616905480623245 46.97524642944336 0.0696193054318428 8.205472946166992 0.06048760563135147 16.524837493896484
1 0.05029047653079033 7.746682167053223 0.04047893360257149 13.48932933807373 0.06943237036466599 2.1984121799468994 0.06015215441584587 4.552671432495117
1 0.05034632608294487 9.498000144958496 0.04058292508125305 16.51893424987793 0.06944216787815094 2.802901029586792 0.060182247310876846 5.612056255340576
2 0.05055142194032669 15.898948669433594 0.040952350944280624 28.047334671020508 0.0695141926407814 4.813434600830078 0.06029028445482254 9.493144035339355
3 0.05073331296443939 21.53354835510254 0.04127488285303116 37.77967834472656 0.06956510990858078 6.446183204650879 0.06038619205355644 12.883228302001953
2 0.05051417276263237 14.697375297546387 0.04088548570871353 25.42745590209961 0.06950337439775467 4.468205451965332 0.06027024984359741 8.79378604888916
1 0.05025821551680565 6.729165554046631 0.040417589247226715 11.688982963562012 0.06942533701658249 1.680629014968872 0.060135118663311005 3.954887866973877
4 0.05092828720808029 27.7537899017334 0.04161922633647919 47.090003967285156 0.06961970776319504 8.217071533203125 0.06048827990889549 16.54755210876465
1 0.050413649529218674 11.589990615844727 0.040704917162656784 20.235000610351562 0.0694723054766655 3.5358970165252686 0.06021741405129433 6.911093235015869
3 0.050725363194942474 20.83509063720703 0.04126220569014549 36.821712493896484 0.06956253200769424 6.3643975257873535 0.060381677001714706 12.732047080993652
3 0.05067325755953789 19.707693099975586 0.04116952419281006 34.55741882324219 0.06954832375049591 5.906651496887207 0.06035458669066429 11.763686180114746
4 0.051023270934820175 29.763633728027344 0.04178409278392792 53.23995590209961 0.06964652985334396 9.099748611450195 0.06053789705038071 18.350845336914062
1 0.05028880015015602 7.693655490875244 0.04047578200697899 13.392909049987793 0.06943213194608688 2.1689023971557617 0.06015127897262573 4.520733833312988
4 0.050931621342897415 27.85285758972168 0.041625116020441055 47.226783752441406 0.06962107867002487 8.261606216430664 0.06049049645662308 16.61850357055664
2 0.05057648569345474 16.69170379638672 0.04099737107753754 29.40865135192871 0.06952112913131714 5.037180423736572 0.06030347943305969 9.965641975402832
1 0.05043882131576538 12.295336723327637 0.040750086307525635 21.610942840576172 0.06948165595531464 3.773298501968384 0.0602300763130188 7.379183292388916
2 0.05051802843809128 14.825879096984863 0.040892697870731354 25.65354347229004 0.06950452923774719 4.505385398864746 0.060272373259067535 8.86901569366455
1 0.0502903088927269 7.739588260650635 0.04047846794128418 13.480857849121094 0.06943265348672867 2.1941115856170654 0.0601520836353302 4.547693252563477
2 0.050593260675668716 17.211490631103516 0.04102766886353493 29.210506439208984 0.06952591240406036 5.189194679260254 0.060312435030937195 10.280098915100098
3 0.05075705423951149 21.65822982788086 0.041317399591207504 39.015323638916016 0.06957174092531204 6.660477161407471 0.06039871647953987 13.328857421875
2 0.0505039319396019 14.396482467651367 0.04086776822805405 23.954631805419922 0.06950052082538605 4.376821041107178 0.06026490405201912 8.605841636657715
4 0.05101330578327179 30.446537017822266 0.04176541790366173 51.558876037597656 0.06964322924613953 8.990172386169434 0.06053213030099869 18.15074920654297
3 0.050824813544750214 24.459327697753906 0.04143673926591873 42.57429504394531 0.069590725004673 7.2741923332214355 0.06043423339724541 14.596549034118652
3 0.050798140466213226 23.619274139404297 0.04139023274183273 40.31487274169922 0.06958358734846115 7.041584491729736 0.060420647263526917 14.101461410522461
3 0.05076998472213745 22.68229866027832 0.041340574622154236 37.95724868774414 0.06957567483186722 6.785765171051025 0.06040588393807411 13.575292587280273
2 0.05049353092908859 13.752050399780273 0.040849048644304276 24.248395919799805 0.06949743628501892 4.2790446281433105 0.06025924161076546 8.409567832946777
2 0.05062096565961838 18.09256362915039 0.041076719760894775 31.768239974975586 0.06953365355730057 5.437948226928711 0.06032704561948776 10.795917510986328
4 0.05096333846449852 28.853687286376953 0.041679900139570236 48.818599700927734 0.06962916254997253 8.528932571411133 0.06050608679652214 17.204757690429688
1 0.05041277036070824 11.562704086303711 0.04070340096950531 20.097848892211914 0.0694717988371849 3.5268259048461914 0.060216985642910004 6.894880771636963
3 0.05075802654027939 21.688066482543945 0.0413203164935112 39.06221389770508 0.06957235187292099 6.6776604652404785 0.060399577021598816 13.350239753723145
2 0.05055329203605652 15.9337158203125 0.04095600172877312 28.158653259277344 0.06951454281806946 4.82621431350708 0.06029113009572029 9.530540466308594
4 0.05091754347085953 26.582090377807617 0.04159914329648018 46.81847381591797 0.06961660087108612 8.117469787597656 0.060482628643512726 16.34547996520996
1 0.050348859280347824 9.577281951904297 0.040587279945611954 16.653663635253906 0.06944310665130615 2.830009698867798 0.06018361076712608 5.660951614379883
1 0.05045285448431969 12.81916332244873 0.040775854140520096 22.2170352935791 0.06948579102754593 3.905508279800415 0.06023764610290527 7.646683216094971
2 0.0506586879491806 19.251876831054688 0.04114349186420441 32.839481353759766 0.06954445689916611 5.782464981079102 0.06034715473651886 11.495477676391602
2 0.05059495568275452 17.264236450195312 0.041030533611774445 30.397724151611328 0.06952638924121857 5.204409599304199 0.06031333655118942 10.311368942260742
4 0.05099337548017502 28.913288116455078 0.04173119366168976 51.608497619628906 0.06963761895895004 8.805961608886719 0.06052173301577568 17.77204704284668
4 0.0509113185107708 26.38866424560547 0.04158788546919823 46.21227264404297 0.06961417943239212 8.037331581115723 0.06047854572534561 16.213838577270508
4 0.05092055723071098 26.15639877319336 0.04160540923476219 46.902992248535156 0.06961675733327866 8.122414588928223 0.060483332723379135 16.388769149780273
4 0.05100633203983307 30.225339889526367 0.041754670441150665 51.159942626953125 0.06964171677827835 8.941010475158691 0.060529038310050964 18.02853775024414
1 0.05041052773594856 11.501270294189453 0.04069933295249939 20.414127349853516 0.06947097927331924 3.5045547485351562 0.06021581590175629 6.851894855499268
4 0.050884608179330826 26.318553924560547 0.04153997078537941 45.837257385253906 0.06960728764533997 7.813839435577393 0.06046535447239876 15.723044395446777
1 0.05040007457137108 11.16092586517334 0.04068031907081604 19.874286651611328 0.06946632266044617 3.3986105918884277 0.06021052598953247 6.654299259185791
4 0.05095667019486427 28.64633560180664 0.04166732355952263 48.58898162841797 0.06962770968675613 8.479334831237793 0.06050314009189606 17.084861755371094
3 0.0508485846221447 24.40300941467285 0.041478823870420456 42.20759963989258 0.06959711015224457 7.480060577392578 0.060446321964263916 15.036194801330566
1 0.0504617765545845 13.021023750305176 0.04079147055745125 23.219322204589844 0.06948833167552948 3.987159252166748 0.06024233251810074 7.812272548675537
3 0.05072561278939247 21.298067092895508 0.04126153886318207 36.45292282104492 0.06956291943788528 6.376489639282227 0.06038210168480873 12.739241600036621
3 0.05074639245867729 21.99574851989746 0.041298508644104004 38.4881591796875 0.06956826150417328 6.548357009887695 0.06039249897003174 13.121055603027344
4 0.05100611224770546 30.159467697143555 0.04175565764307976 49.61830139160156 0.06964174658060074 8.939848899841309 0.0605289563536644 18.023218154907227
1 0.05033830925822258 9.24562931060791 0.04056832194328308 15.093827247619629 0.06943999230861664 2.711361885070801 0.06017807871103287 5.458258628845215
4 0.05096140131354332 28.79001235961914 0.04167702794075012 48.79056930541992 0.06962900608778 8.523059844970703 0.06050557643175125 17.175769805908203
2 0.050630953162908554 18.352821350097656 0.04109473153948784 32.34247970581055 0.069536492228508 5.527528285980225 0.060332369059324265 10.982131958007812
4 0.051036179065704346 31.165176391601562 0.04180659353733063 51.751808166503906 0.06965026259422302 9.220109939575195 0.06054467707872391 18.59572410583496
1 0.050352808088064194 9.699399948120117 0.0405944399535656 16.761526107788086 0.06944471597671509 2.87280011177063 0.06018573045730591 5.737077713012695
1 0.050350748002529144 9.639235496520996 0.04059070348739624 16.66444969177246 0.06944385915994644 2.8503363132476807 0.06018461287021637 5.69663667678833
2 0.05059865862131119 17.001893997192383 0.04103605076670647 30.60037612915039 0.06952721625566483 5.2310380935668945 0.06031496077775955 10.371435165405273
2 0.05065891891717911 19.25933265686035 0.04114402085542679 32.97139358520508 0.06954450905323029 5.785083770751953 0.060347262769937515 11.500869750976562
3 0.050739776343107224 21.732515335083008 0.04128730297088623 36.2934684753418 0.06956721842288971 6.513012886047363 0.06038997694849968 13.009496688842773
3 0.05072283372282982 20.631134033203125 0.04125703498721123 37.0295524597168 0.06956198811531067 6.34706974029541 0.060380518436431885 12.690296173095703
2 0.050619568675756454 18.048669815063477 0.041073888540267944 31.658349990844727 0.06953325122594833 5.425444602966309 0.06032629683613777 10.769947052001953
3 0.05073678866028786 21.688596725463867 0.041281335055828094 37.37031173706055 0.06956608593463898 6.476623058319092 0.06038803234696388 12.947935104370117
1 0.050325907766819 8.858795166015625 0.04054397717118263 15.281742095947266 0.06943757086992264 2.5901849269866943 0.06017131730914116 5.224021911621094
1 0.050325144082307816 8.835308074951172 0.0405438169836998 15.392529487609863 0.06943715363740921 2.5845208168029785 0.06017090380191803 5.2104878425598145
3 0.05082544684410095 24.47890853881836 0.041437987238168716 42.64866638183594 0.06959090381860733 7.2797932624816895 0.06043456494808197 14.6085205078125
2 0.050495486706495285 14.14371395111084 0.04085247218608856 25.03019905090332 0.06949808448553085 4.298854827880859 0.060260385274887085 8.446539878845215
3 0.050759293138980865 21.67781639099121 0.04132179543375969 37.95849609375 0.06957243382930756 6.681074619293213 0.06039992347359657 13.370041847229004
1 0.05044332146644592 12.534540176391602 0.04075860604643822 22.21729850769043 0.06948313862085342 3.8202149868011475 0.06023268774151802 7.466686248779297
1 0.05030512437224388 8.207127571105957 0.040506284683942795 14.18073558807373 0.06943440437316895 2.385831594467163 0.060160133987665176 4.832058429718018
3 0.050776995718479156 22.954145431518555 0.04135437682271004 38.58336639404297 0.06957767903804779 6.85089635848999 0.060409560799598694 13.707036972045898
4 0.050882525742053986 26.307090759277344 0.04153791442513466 45.76339340209961 0.06960641592741013 7.783900260925293 0.06046389043331146 15.676973342895508
2 0.05050709471106529 14.490830421447754 0.040873825550079346 25.57141876220703 0.06950119137763977 4.3976054191589355 0.060266606509685516 8.671784400939941
4 0.05091105028986931 26.3806095123291 0.041588783264160156 47.27475357055664 0.06961439549922943 8.044882774353027 0.06047877296805382 16.21562957763672
2 0.05047765374183655 13.580907821655273 0.040820371359586716 24.060501098632812 0.06949291378259659 4.13381814956665 0.06025082617998123 8.110711097717285
2 0.05050535500049591 14.447415351867676 0.04086983948945999 25.580854415893555 0.0695008859038353 4.388843536376953 0.060265615582466125 8.631423950195312
3 0.050702959299087524 20.62763023376465 0.04122213274240494 35.699947357177734 0.06955664604902267 6.174651622772217 0.06037024408578873 12.319024085998535
2 0.05063958466053009 18.241634368896484 0.04110972210764885 32.00991439819336 0.06953909248113632 5.6112799644470215 0.06033707037568092 11.140888214111328
1 0.050458356738090515 12.962923049926758 0.04078533872961998 22.356056213378906 0.06948734074831009 3.955090284347534 0.060240499675273895 7.746611595153809
4 0.050945382565259933 28.29500961303711 0.04164883866906166 46.86741638183594 0.06962413340806961 8.36270809173584 0.0604967400431633 16.863998413085938
4 0.05105682089924812 31.759889602661133 0.04184132441878319 53.72330856323242 0.06965656578540802 9.430286407470703 0.06055605411529541 19.000574111938477
3 0.050849612802267075 24.487911224365234 0.04148058965802193 42.919063568115234 0.06959807872772217 7.511563301086426 0.06044769659638405 15.068124771118164
1 0.050454460084438324 12.81674861907959 0.04077867418527603 22.046558380126953 0.06948625296354294 3.9201149940490723 0.06023849919438362 7.676259994506836
4 0.050909630954265594 26.336454391479492 0.041586440056562424 46.250892639160156 0.06961441040039062 8.043867111206055 0.06047849357128143 16.194490432739258
1 0.05026322230696678 6.885027885437012 0.040427107363939285 11.971639633178711 0.06942667812108994 1.7726199626922607 0.06013771519064903 4.045253276824951
3 0.05072544142603874 20.93311882019043 0.04126192256808281 36.48193359375 0.06956292688846588 6.37534761428833 0.06038205325603485 12.735960960388184
2 0.05060620233416557 17.62506675720215 0.04105031117796898 30.17683219909668 0.06952954083681107 5.305499076843262 0.06031925603747368 10.52047061920166
2 0.05062096565961838 18.09256362915039 0.041076719760894775 31.768239974975586 0.06953365355730057 5.437948226928711 0.06032704561948776 10.795917510986328
4 0.050920139998197556 26.087892532348633 0.04160522669553757 47.783653259277344 0.06961735337972641 8.141036033630371 0.06048398092389107 16.393726348876953
1 0.05027736723423004 7.331131935119629 0.04045380651950836 12.759456634521484 0.06943022459745407 2.01692795753479 0.060144972056150436 4.301365375518799
3 0.050811540335416794 24.033926010131836 0.041414275765419006 41.89946746826172 0.0695868730545044 7.149243354797363 0.060427308082580566 14.355846405029297
4 0.050998538732528687 29.069469451904297 0.04174080863595009 49.6146125793457 0.06963999569416046 8.88399600982666 0.06052554026246071 17.888580322265625
1 0.05037891864776611 10.501517295837402 0.04064187407493591 18.271549224853516 0.069456547498703 3.1717679500579834 0.060199517756700516 6.245746612548828
4 0.050926562398672104 27.64515495300293 0.04161515086889267 46.81112289428711 0.06961919367313385 8.201020240783691 0.06048737093806267 16.514404296875
3 0.05072788894176483 21.368282318115234 0.04126640409231186 36.609588623046875 0.0695635974407196 6.398120880126953 0.06038333848118782 12.783269882202148
1 0.05040241405367851 11.247063636779785 0.04068479314446449 19.99056625366211 0.0694674402475357 3.4225704669952393 0.060211699455976486 6.698578834533691
2 0.050552789121866226 15.95949935913086 0.040955014526844025 27.226173400878906 0.06951440870761871 4.821813583374023 0.0602908730506897 9.52137279510498
3 0.05085093528032303 24.528900146484375 0.04148364067077637 41.71584701538086 0.06959845870733261 7.523462295532227 0.06044837087392807 15.092456817626953
4 0.05105343088507652 30.692184448242188 0.041835419833660126 53.39338302612305 0.06965510547161102 9.38094425201416 0.06055368110537529 18.924718856811523
3 0.050694841891527176 20.381851196289062 0.041207846254110336 34.58738327026367 0.06955435127019882 6.101119518280029 0.0603659488260746 12.167359352111816
3 0.05069614201784134 20.422109603881836 0.041209250688552856 35.81328201293945 0.06955470889806747 6.11167049407959 0.06036663427948952 12.18989086151123
4 0.050903335213661194 26.958759307861328 0.04157567769289017 46.642578125 0.06961257010698318 7.985258102416992 0.060475144535303116 16.076658248901367
2 0.05050012469291687 13.962059020996094 0.04086059704422951 25.14871597290039 0.0694994106888771 4.341792583465576 0.06026284024119377 8.533454895019531
3 0.0507742203772068 22.815210342407227 0.041348300874233246 39.90007019042969 0.06957688927650452 6.82567024230957 0.0604081004858017 13.654690742492676
4 0.05095971003174782 28.68125343322754 0.04167244955897331 49.75082015991211 0.06962849199771881 8.5067777633667 0.060504671186208725 17.14274024963379
4 0.05097551271319389 29.181047439575195 0.04170113056898117 49.283470153808594 0.06963302195072174 8.654122352600098 0.0605129711329937 17.441761016845703
3 0.05072047561407089 21.201095581054688 0.04125255346298218 35.16303253173828 0.06956133991479874 6.325881004333496 0.060379259288311005 12.645499229431152
4 0.05091213434934616 26.41600799560547 0.041589297354221344 47.373714447021484 0.06961510330438614 8.068445205688477 0.06047980487346649 16.243513107299805
1 0.05035530403256416 9.781331062316895 0.04059901088476181 17.004045486450195 0.0694456472992897 2.8987252712249756 0.06018703430891037 5.785369873046875
2 0.05058782547712326 17.04733657836914 0.041017595678567886 30.033191680908203 0.0695243626832962 5.1394362449646 0.060309529304504395 10.177800178527832
3 0.05083613097667694 24.778282165527344 0.04145810753107071 42.94546890258789 0.06959382444620132 7.3744707107543945 0.060440246015787125 14.819204330444336
2 0.050587449222803116 17.035127639770508 0.04101655259728432 30.00961685180664 0.06952423602342606 5.1367082595825195 0.060309331864118576 10.171690940856934
4 0.0509151890873909 26.510082244873047 0.041596442461013794 46.384151458740234 0.06961600482463837 8.095922470092773 0.06048142910003662 16.299888610839844
4 0.051052577793598175 30.72562026977539 0.04183470085263252 53.24609375 0.06965487450361252 9.37317943572998 0.060553234070539474 18.90898895263672
3 0.05082004889845848 24.309722900390625 0.04142870008945465 41.313743591308594 0.06958941370248795 7.230766296386719 0.06043175980448723 14.506975173950195
4 0.05102856457233429 30.92514419555664 0.0417938195168972 52.271209716796875 0.06964750587940216 9.131742477416992 0.0605400875210762 18.443214416503906
1 0.050389450043439865 10.83577823638916 0.04066120833158493 19.05177116394043 0.06946145743131638 3.2863075733184814 0.06020504981279373 6.450417518615723
4 0.05100991576910019 30.33910369873047 0.04176108539104462 51.2261962890625 0.06964274495840073 8.97523021697998 0.06053093820810318 18.097537994384766
3 0.05083876848220825 24.136701583862305 0.04146211966872215 41.7451057434082 0.06959464401006699 7.39888334274292 0.060441434383392334 14.852219581604004
3 0.050828974694013596 23.849449157714844 0.04144426807761192 41.833892822265625 0.06959191709756851 7.312336444854736 0.0604364238679409 14.674504280090332
3 0.05084673687815666 24.399517059326172 0.041475821286439896 42.38625717163086 0.06959691643714905 7.474543571472168 0.060445718467235565 15.007328987121582
1 0.050343237817287445 9.401987075805664 0.04057693108916283 16.35685920715332 0.06944108754396439 2.7694787979125977 0.06018057465553284 5.552140712738037
4 0.050916582345962524 26.552379608154297 0.041598591953516006 45.00513458251953 0.06961603462696075 8.096675872802734 0.06048170104622841 16.318696975708008
1 0.050395675003528595 11.024740219116211 0.040672577917575836 19.18529510498047 0.06946409493684769 3.3516597747802734 0.0602082759141922 6.569652557373047
4 0.05105734243988991 31.834346771240234 0.04184370115399361 52.68415451049805 0.06965680420398712 9.43552017211914 0.060556381940841675 19.00986099243164
3 0.0507122203707695 20.933837890625 0.04123867675662041 36.679386138916016 0.06955906748771667 6.251703262329102 0.06037497892975807 12.49182415008545
3 0.05071736127138138 20.66214942932129 0.04124753549695015 35.76520538330078 0.06956092268228531 6.31056022644043 0.06037813425064087 12.590073585510254
4 0.0509270504117012 27.715526580810547 0.04161538556218147 46.96984100341797 0.06961929798126221 8.206111907958984 0.06048758327960968 16.52411651611328
3 0.05070718005299568 20.72955894470215 0.04123002663254738 36.397247314453125 0.06955762952566147 6.20632791519165 0.060372281819581985 12.398362159729004
1 0.05045461654663086 12.84046745300293 0.04077872261404991 22.574710845947266 0.06948626041412354 3.920631170272827 0.060238517820835114 7.6770477294921875
4 0.0510023795068264 30.095354080200195 0.04174676537513733 50.86466979980469 0.06964060664176941 8.905253410339355 0.0605270080268383 17.954439163208008
3 0.05069023743271828 20.24814224243164 0.04119917377829552 35.506492614746094 0.06955283880233765 6.051861763000488 0.06036338955163956 12.083305358886719
3 0.0507112555205822 20.903850555419922 0.041236747056245804 36.60725021362305 0.06955878436565399 6.243016719818115 0.06037445738911629 12.47392463684082
4 0.05092739686369896 27.72674560546875 0.041617680341005325 48.11399841308594 0.06961943954229355 8.208613395690918 0.06048781797289848 16.530620574951172
4 0.050954535603523254 28.578529357910156 0.04166469722986221 47.53408432006836 0.06962710618972778 8.459556579589844 0.06050200015306473 17.044103622436523
1 0.05039752274751663 11.09247875213623 0.04067575931549072 19.502771377563477 0.06946514546871185 3.371884822845459 0.06020919978618622 6.604923248291016
1 0.05037393048405647 10.342540740966797 0.040632717311382294 17.999969482421875 0.06945409625768661 3.1157639026641846 0.0601968951523304 6.149082183837891
3 0.0508456714451313 24.366954803466797 0.04147297516465187 42.755374908447266 0.06959661841392517 7.4649577140808105 0.060445185750722885 14.988143920898438
3 0.05083170533180237 23.93311882019043 0.04144933447241783 42.0072135925293 0.06959268450737 7.336979389190674 0.06043785437941551 14.72557544708252
2 0.05055924132466316 16.15801239013672 0.040966082364320755 27.694616317749023 0.06951625645160675 4.880468368530273 0.060294318944215775 9.641766548156738
1 0.05041496455669403 11.58881950378418 0.040707822889089584 20.678518295288086 0.06947263330221176 3.5463593006134033 0.06021803244948387 6.938291072845459
1 0.05041087418794632 11.511602401733398 0.04069972038269043 19.99576187133789 0.06947106868028641 3.506317138671875 0.06021592766046524 6.857683181762695
2 0.050482746213674545 13.687093734741211 0.040829647332429886 23.537538528442383 0.0694943442940712 4.1784563064575195 0.060253456234931946 8.204082489013672
2 0.05061834305524826 17.96727752685547 0.041071515530347824 30.92628288269043 0.06953273713588715 5.40870475769043 0.06032542884349823 10.743633270263672
4 0.050893064588308334 25.83452033996582 0.0415569506585598 45.08000183105469 0.06960973888635635 7.891254425048828 0.06046983599662781 15.881889343261719
3 0.05084993690252304 24.496326446533203 0.041481077671051025 42.870601654052734 0.06959816068410873 7.5144524574279785 0.06044786050915718 15.073932647705078
4 0.05096812546253204 28.948436737060547 0.04168786108493805 50.35386276245117 0.0696304589509964 8.57133960723877 0.06050856411457062 17.294370651245117
4 0.05103930085897446 30.190662384033203 0.04181138426065445 52.1108283996582 0.06965061277151108 9.232732772827148 0.060545723885297775 18.64649200439453
1 0.05028271675109863 7.503310203552246 0.04046405106782913 13.0598726272583 0.06943127512931824 2.0669384002685547 0.06014789268374443 4.403438568115234
1 0.05032999441027641 8.987709999084473 0.04055260494351387 15.653403282165527 0.0694381594657898 2.6314964294433594 0.06017351523041725 5.3014326095581055
2 0.0505485013127327 15.81745433807373 0.04094737395644188 27.10215950012207 0.06951320171356201 4.783651351928711 0.06028860807418823 9.44197940826416
3 0.05070071667432785 20.508895874023438 0.04121756926178932 34.24351501464844 0.06955578178167343 6.147388935089111 0.06036877632141113 12.273255348205566
4 0.050985150039196014 29.486478805541992 0.04171710088849068 50.02054214477539 0.06963619589805603 8.759330749511719 0.0605185367166996 17.63433837890625
2 0.050467584282159805 12.989005088806152 0.04080260545015335 23.55170440673828 0.06949001550674438 4.040759086608887 0.060245465487241745 7.923777103424072
4 0.050915297120809555 26.513029098510742 0.04159565269947052 46.22976303100586 0.06961602717638016 8.097228050231934 0.0604814849793911 16.302091598510742
1 0.05025935918092728 6.762940406799316 0.040419746190309525 11.757501602172852 0.06942566484212875 1.6893174648284912 0.06013572961091995 3.9750845432281494
4 0.050917305052280426 26.575428009033203 0.041600022464990616 46.12680435180664 0.06961659342050552 8.115522384643555 0.06048253923654556 16.340167999267578
