3 0.084 0 0.03202691386487706 71.3647596389573 0.05002491725734217 29.772291536815988 0.03103302327542755 73.90728913137028 
4 0.07502586810342846 3.20593881377151 0.04102066453005592 59.49229879047298 0.05101094949788715 34.68179142933706 0.07601265128745109 2.5582156733991748 
3 0.045013097299424376 36.64338125679892 0.051008234048435734 23.547753324347614 0.061001044267307694 12.604407449726626 0.049008940796353026 27.000098437062203 
2 0.06000105957990291 9.781303781809875 0.08300398705254766 0.6428854444393745 0.051001061345329585 17.282688379904776 0.04600882789248684 24.84656679005964 
1 0.045029495196642344 12.041549235425679 0.046001997644501684 9.757988500251434 0.05700412348274481 4.7631411283408855 0.08400407926819886 0 
4 0.056000906604652775 25.2874864781818 0.08500001232428739 0.7275650329543792 0.05104448299332007 33.214030506897814 0.03203769483611267 86.83675982344452 
2 0.08 0.7681680409446544 0.04603509244178476 23.751023373753156 0.06100288975784479 9.26573004862556 0.05500250900181473 15.320943836944673 
2 0.0500042187796909 22.06991615644133 0.07700000000000001 1.2375135326224822 0.0700011779014874 3.976201127496087 0.057981640339266866 12.713754490929075 
2 0.082 0 0.041019991563125 26.113494760670477 0.05400092839091218 13.489446523580163 0.06500594817387192 5.8491786729515205 
2 0.067 6.319113124209417 0.05500319863335951 14.742299893156659 0.06900491613386314 4.401310198368327 0.072954173226987 2.1705127080954845 
3 0.071002817054304 4.499376207404165 0.04502372785533489 35.5488830698465 0.0809775263380629 0.5226503513848558 0.07600028705967832 1.8854018713728082 
3 0.04904419208791012 28.30569833295563 0.06700888390266496 8.006908755389816 0.07500092000469644 2.338643248641203 0.0640119656133566 11.06121131681643 
2 0.082 0.851365594507056 0.06200582507009783 9.202574603984429 0.04701196021584976 26.08637722992234 0.07900912214640425 0.8014539843633611 
2 0.042015055209332505 29.989806565724294 0.06701596341283095 4.7361009016217235 0.03002821236097765 51.644141812855345 0.08200001078660484 0 
1 0.05100084748720906 8.515191642870489 0.03400367306878602 16.938188842518546 0.07900000000000001 0.21021857758015072 0.05300144133350597 5.8351841850115695 
4 0.03696049311529839 67.43785020563638 0.06502897816466258 11.638396392450149 0.06500431051884535 11.579793531020883 0.04001218775192385 58.256012466629755 
2 0.05099152545045194 16.145644882812583 0.03301109924296339 40.197111864249166 0.06301277934615515 6.810840034328637 0.07800008639661371 0.8963901944318351 
4 0.06900019318188656 7.08244052807944 0.077000746689324 2.0814801013045385 0.042026246791137666 48.360212069393945 0.06200165808081708 13.722883453886244 
1 0.040024124011670104 15.747169754482474 0.07101652250892729 1.0675859164015729 0.06703526488838306 1.9481155033221458 0.085 0 
3 0.07600000000000001 1.961225669240418 0.035029968916027304 60.64714284240938 0.085 0 0.047035050929117285 33.62058271384317 
3 0.031029670621442282 49.8244115503679 0.0820351380137232 1.0704548259849338 0.060000679647517964 15.169229939427392 0.03901918881881496 51.25060127655446 
2 0.04401152708892812 25.717767107838185 0.07600964817109146 1.5304402405839932 0.04400102718282926 26.195450511867946 0.05100685593777786 16.76345356299438 
1 0.06800675785777649 2.3173565561600786 0.06300088615760069 5.688799557213921 0.037010674707386226 27.345160154580267 0.0320125794359941 34.511546293064924 
3 0.05000639657549253 29.497427147485773 0.07901591464599339 0.8689939804919261 0.04101074894299885 48.660315971913406 0.085 0 
1 0.07100098699330351 2.4129386077352186 0.040011633147760246 21.852565141231707 0.03500965140600719 26.640892935285866 0.07300000000000001 0.8928297182546692 
1 0.04300831611825097 14.112934057035233 0.07600000000000001 0.7824902827150841 0.06400026969139941 3.433627574871042 0.069 2.3313209723022155 
4 0.041030656749976004 58.71485066192095 0.06300125379536069 14.648303074426472 0.07300060937768396 4.108584831299539 0.0680034727278947 9.399054681424635 
1 0.0570001227702667 6.217518176506309 0.039005062626758326 18.006523539000217 0.08000454254140357 0.6254427190239259 0.057000462954611836 7.261153201418829 
2 0.05000404854534522 19.59687296021764 0.040020997225688436 34.21666119211247 0.05802146760676681 12.487432679087238 0.06400591334646862 7.3350529602848376 
1 0.06600183140781293 2.048430368658821 0.049008274364625896 10.40185169993386 0.030008338502742635 28.23669255701349 0.07300000000000001 0.9379662202380397 
4 0.047004765862631845 40.7081063166998 0.06800111583885383 8.191746639148997 0.08000113148181037 0.8088181192000403 0.081 1.5752551088651363 
2 0.0849926833183624 0 0.04002251495179563 29.42840267404416 0.03003455293504613 43.55997456540874 0.03601380839324472 33.204254769684965 
2 0.05896943267948283 11.139519429658712 0.058006225146451734 9.96874062272964 0.06700108002230937 4.995923498815834 0.07096836240443673 2.467988542541443 
2 0.04800186535475467 19.650518896320072 0.030019147677492683 49.052098380315805 0.07703993191251156 0.8665860889859451 0.030019613021597863 48.99598193238942 
1 0.03901700102704122 24.06362969737773 0.04200932196869858 20.518589704658442 0.04700535515063852 15.302619897340444 0.07700000000000001 0.7915433124651678 
2 0.04600940656130829 27.410137580665207 0.0390133740636595 38.070928463812834 0.058015676650725274 12.79539604961011 0.06901240677873248 4.521669075502276 
1 0.04701064530615894 16.202472162495905 0.08400032458600855 0.16632300736820493 0.034026436072824684 32.24191573431696 0.047002819874643234 17.120442901875652 
1 0.08 0.32288180538225386 0.07900045076588622 0.1697055331570152 0.06400049298817677 4.421246687647023 0.055000786990592396 7.583762255050443 
2 0.07700000000000001 0.9515989311863269 0.04304819149060961 30.057123525781115 0.03701594407119135 42.36442145618579 0.045014059984169304 27.967126633362554 
1 0.06095249582431868 3.4176826294526617 0.05900290527623234 5.766088221509857 0.04300614586944935 13.842706929299837 0.05700490039893027 6.044068125814985 
3 0.03098919196940729 60.91458923222446 0.05400187736217985 19.048208788998906 0.044015264590535515 33.78096561740035 0.04600959533768128 29.85425163192186 
4 0.08100084263862051 0.4329806525642276 0.06999970838273958 6.421212873670217 0.08000000000007035 1.436677329166061 0.08000053210308528 1.1040332431213227 
4 0.04904114853120656 31.311794929724027 0.07401160379527641 3.1638151063130873 0.06800119684923916 7.895339798436201 0.06100210546526884 15.703128297989192 
1 0.047003356021457506 6.533953329876063 0.07200000000000001 0.5977604934492964 0.03301210881789397 17.114556433588337 0.05600210646342813 4.256220043987661 
1 0.054012150987074244 10.788183159761424 0.0610008618534874 6.002422720849168 0.05000306816139765 11.666664902985826 0.040009491047972745 21.05861909598534 
1 0.0630006854419998 2.646487290966423 0.05800068096708879 5.523293852875993 0.037001322206427725 17.71864793618575 0.05200240075899148 7.146288526402926 
4 0.05997297521147491 18.86829221387518 0.083 1.5221986202756828 0.03303648029891057 79.23595772993957 0.07400049624180192 3.4278233663425244 
2 0.0600056589188727 8.8348662108248 0.07600000000000001 1.2390554770863482 0.03702154721946849 31.85557872833302 0.03000983901661998 45.38572181392715 
4 0.06800001679557685 8.83615887495321 0.08000124978146703 1.0458616938168466 0.085 0.7414232793747079 0.033037011521000276 82.79753488433181 
1 0.03801009669331944 28.43453751300207 0.05200242552963859 12.659258613689687 0.07700014292130956 0.968071863343134 0.07301153422459332 1.5574421504755234 
3 0.062010233991917685 11.483835176084149 0.06400138064108024 8.973723480639208 0.08500008599592725 0.6286598348660601 0.07599680096300782 1.5869364592080697 
2 0.0299529872705096 30.388761826053113 0.082 0 0.06201412744783206 7.464330104266053 0.068 4.010603071137635 
1 0.067 2.7237429365299377 0.07300013155836045 0.9376636709504031 0.03300981910006226 23.882733620582343 0.055003639991641366 7.714502877759207 
4 0.082 0.5233232466293244 0.06800595537790105 9.470452455863764 0.0760012969683886 2.7063358700468476 0.03602427011583546 77.1813309803108 
3 0.04102428251767897 44.16125760993184 0.05300584586700063 22.076448370755763 0.057005495966807526 16.92670736641577 0.07504185668678057 2.0747670320517617 
2 0.04000673274593094 34.01605624313044 0.08000022673228704 0.582102124849621 0.035012017314909064 42.58206638211841 0.07500076211858007 1.602442614526919 
4 0.048005776225742085 39.50996374758238 0.04301996682384909 51.497452860054366 0.03702197142359988 67.90250789981822 0.04901007370862521 36.87913040793592 
1 0.07500080937309313 0.6563609546419102 0.08399827948834823 0 0.084 0 0.07700000000000001 0.37990750019016606 
4 0.084 0 0.0820004289660401 1.2036676205082881 0.084 0.4184009218464953 0.06800579069744087 7.9796443559013195 
3 0.04001602283567703 46.05143163860184 0.05300484468457812 22.345220565541357 0.05500522674987535 19.460295575274333 0.03702196684986275 53.03631289658567 
1 0.0670003043074735 3.983230250631223 0.0690002545324583 2.5476738697294796 0.04301348307375055 17.91071831880958 0.052005975036185696 11.517688046269518 
3 0.04201533724762593 46.368756300682996 0.04201717361490508 46.17176188073695 0.04501668901118061 39.33961516083018 0.04901350127194716 28.026925435708613 
1 0.06095163926357181 3.293906737658455 0.07000000907604276 1.38155089975469 0.0829706194654492 0 0.05900073723344394 2.66659674022026 
4 0.07002981383729065 6.342116061545649 0.034028013124335024 74.63876304742618 0.040023442403368005 56.92166418177584 0.04701608876195752 40.564600073828956 
1 0.050008444862213196 11.428381314272302 0.0629982565687627 5.05783457543026 0.03702326295634703 25.06695416204853 0.03900674015609267 23.119983235142914 
2 0.036026258904116204 39.14834923077817 0.065 7.356998114422501 0.07000070223882207 3.307014733408818 0.048043569432333934 22.16446191362029 
3 0.07300064647622809 2.665377967723102 0.05301027033884786 20.118482834271326 0.061002283246467774 12.088802784218684 0.06500217276868075 8.557091058070807 
3 0.05700402291788192 14.403701657558807 0.03601791042363098 47.567778600102955 0.053020317245695926 19.74637240564195 0.03203083682223934 56.871132193633755 
2 0.04202081258766176 26.063290042128266 0.052002218029490115 14.998366902193228 0.05800642154737315 9.876320645573564 0.0440052938040222 23.265479220447897 
4 0.034027110985236586 72.73882103042632 0.05500413368499022 23.925819867442357 0.037028113782270944 65.25432505297778 0.05200870376721757 28.929489746708025 
4 0.031026293156822732 78.87571937996233 0.06400001720128173 11.84723373492556 0.07000462340954292 6.054287648596178 0.039022917892236574 57.97408459581271 
3 0.08200011692740844 1.000307634724781 0.044016368132435896 40.13625437123251 0.06500850003609714 9.550741364483994 0.06500353731172176 9.982173340014599 
1 0.03702036275977018 29.015235386965845 0.05700063042717764 9.94883508310069 0.030020396697689994 43.278339920892805 0.085 0 
4 0.03603686555905311 69.17408836450886 0.084 1.479024637931028 0.031029100614235347 84.9567473510925 0.04900389188471123 36.62606171236511 
4 0.05902443090159539 18.87174227070725 0.05500740235578794 24.382932718526952 0.05200993858892296 30.011199183665877 0.06304903467416026 13.44148703243117 
3 0.06900485753528848 5.598446612826773 0.07900000000000001 1.3065503058422898 0.083 0.13231002847547205 0.04101565380713463 42.727227801590466 
2 0.05000171501201971 18.460089940184584 0.07900000000000001 0.9643616887055553 0.07700062402260414 1.2053591801062233 0.07800000000000001 0.9396091731488189 
4 0.08300412447044377 0 0.07400046014845835 2.9607538112036313 0.06601029374631141 9.615843564276615 0.07899944690703924 1.1826159360449302 
1 0.082 0 0.05400598642050939 9.40758123123601 0.056001274533550804 8.064066817857327 0.06898095288673732 2.9390021229537675 
3 0.085 0 0.06400088323826904 8.660874448325988 0.047008319750648626 28.360659918575386 0.0840078342461762 0.11219522593623517 
4 0.06402251811068632 14.208378055916935 0.05301328322624001 31.22026479405951 0.06700141738875004 10.29022447940294 0.07800135945570669 2.493782164936745 
1 0.06000693092886634 4.080833544441992 0.04500411033098616 13.785454720827424 0.04700256350471321 12.349879426381627 0.07600026715011535 0.6574517132741323 
2 0.0520047983407213 18.98519447704129 0.037010490040783856 42.99443908086232 0.05200461098530542 19.073360811172776 0.07500069657233684 1.6929624533144458 
2 0.067 5.69285713681718 0.03601703718866016 38.91689045784103 0.04401265595986706 26.69579790536184 0.03401397174700599 42.553964514619366 
2 0.04904590929126251 23.41251562391344 0.03404352449697755 45.68991692625269 0.081 0.8884725161121264 0.048001875719704136 22.941594918281446 
4 0.045017371504938286 45.628592529895975 0.06402039599284856 13.970418904735311 0.03402808941662899 79.81573325081561 0.07300084962362874 3.965904609569284 
4 0.05502276698291315 22.243951131345415 0.07197779079280697 4.204192745957585 0.06800124209855163 8.429422770090307 0.056008574979289225 23.13942200284035 
2 0.07502541745477895 1.7037032572481425 0.083 0 0.085 0.1374823401186985 0.034995961318247976 44.51831818910527 
1 0.07300050704568974 1.0079988824760298 0.05100096483132466 11.165592634196749 0.0780030187088577 0.5111811339077745 0.03701144012459562 23.94316621478601 
4 0.03203069350193341 80.67345844487696 0.04601658188371246 42.38622378812328 0.06495358493999753 11.603015517727975 0.0770114187232587 2.3784018838703123 
2 0.058000121955146554 11.157325166278596 0.03601216906972392 40.206747670440855 0.07195177830672728 2.205553925067475 0.031018726650070355 48.60096822208154 
3 0.055026294883259795 18.05548465108394 0.06000147260616875 12.920019759818004 0.037020171121014134 50.55269899059004 0.07500607545359395 2.113079860014135 
2 0.03696132851269013 40.25637959884649 0.03901239065552264 35.892693629981636 0.038015981898324155 36.43676291113611 0.03301556331790073 45.3125504102898 
3 0.05000985828449501 27.740337655805835 0.07101025824728135 4.732044291744051 0.033032973315962263 75.8501267296295 0.07900206796398172 1.6815001124128384 
3 0.057023619045605 15.736172177698826 0.057005828215852886 17.02451520086736 0.05500888358702616 19.473941556791523 0.05400980508145321 20.6989155044393 
3 0.06400004111606059 9.425953835904696 0.06000263765034213 13.908134193627255 0.07800102334708325 1.6216623607616871 0.050971935191829174 25.10525063414741 
4 0.06700644504608186 10.154481550669615 0.07600094536853391 2.7007209110792965 0.05301700786489597 30.60012123930406 0.05001277526939111 36.93806885302915 
4 0.07900109716339973 2.455522035866675 0.06600682742762538 11.553868845542805 0.082 0.73222727230856 0.033031968762029185 81.34419231077146 
4 0.05302408922666402 29.297969285572158 0.06000625691678358 18.549079998657277 0.07800128991380156 2.0966373711517696 0.05100547181793737 33.9564010224785 
1 0.05000103097498158 13.61316417297242 0.05300549582273237 11.117526720508106 0.08401378201807218 0 0.08200126204247908 0.02434405662266948 
1 0.05100485120944957 12.802825397502849 0.051004741787958816 12.117925372461741 0.07300001183303058 1.38936626054079 0.056003489332732345 9.188507505814897 
4 0.05902527841124588 16.853664171168845 0.033038736585369516 71.56588114862663 0.040020986719382194 52.370827398032716 0.08300052690028231 0 
4 0.0380184248386118 67.85632743433187 0.031048444219029664 90.05708863931827 0.07400118161103839 3.628911099533241 0.034032970168704366 80.76827798978361 
3 0.06400004232920778 10.0215566718622 0.05500752183156819 20.235387501970408 0.06400654243449397 10.249286899998456 0.05300452917228931 23.007684824579435 
1 0.07800000000000001 1.017872576585668 0.04201999007368658 21.918920490419616 0.07400568550650968 1.3135280892197343 0.033009885786907917 32.48118069481221 
4 0.04304113819285788 52.966160750104805 0.058006104147731316 21.722763547017795 0.034047703520645414 79.84830323280367 0.03702705819190667 70.545473972427 
1 0.07000011864836082 1.5743074321864965 0.06600028709990013 2.954408411504428 0.05900133903503841 5.8913110926553705 0.04000769828276067 19.529584280067183 
2 0.06600526997640173 4.165322684474765 0.06996362447033151 3.8726985698029517 0.050009858064669274 19.97911307559034 0.07900004554634645 0.9636538894884398 
1 0.04401435005219564 18.76426183412928 0.034012202390201876 31.620765638146292 0.07500000000000001 0.9332873823603555 0.05600113456188026 8.080256835380357 
1 0.046000638082579336 10.645747671193803 0.05100111886913446 7.291220481499954 0.06397735693389903 1.8717814178470331 0.03600892441379469 16.511555168629386 
1 0.07300150736871097 1.1079847201866424 0.05400150814070032 9.068960869589846 0.07200052353880156 1.630028434074526 0.05400584283660368 10.817183566701027 
3 0.08196225025725219 1.3088367397273717 0.03102388859848368 73.46462697110343 0.04002795350985717 44.949150916505594 0.04401619584402986 36.4636643160417 
1 0.05100080741324098 10.316532103436316 0.05500109509037833 7.8154048890087715 0.05700045087865045 7.193637953830171 0.04300143934346999 16.625412948030444 
1 0.034013995299633504 26.039350478358134 0.05300069627560189 9.866557008121589 0.034025537952493634 26.86501217367855 0.04900653652025583 12.402610667061317 
3 0.05901313249937257 13.025076998096484 0.06600117371111844 6.849754886206131 0.036032363294190156 47.28501359439566 0.03902226226717915 41.16749887350151 
1 0.084 0.26642151658725083 0.07700000000000001 0.47684578778027015 0.07300053045997781 0.8383504440564743 0.050994066387195884 8.415759944789087 
2 0.031993552157689606 49.59740503979973 0.05400618457092131 15.75029351445123 0.050005550253459354 19.826918374169498 0.08400009701659314 0 
4 0.05200922555251611 32.42411688915347 0.062001699419740375 16.22185361786534 0.06700165798912294 10.465114434577231 0.07400115153754065 3.5036263905097855 
2 0.031000354061817656 41.16358520513649 0.04100858934209334 25.55175560896863 0.049009571899010784 16.480665124423023 0.04800852006574522 17.803279093169486 
1 0.03700965946386782 20.671656060436316 0.05900053666747463 5.478546325151451 0.064 3.6113513679440965 0.042001981664840184 14.678637954382518 
4 0.043038696068993965 57.68534035999017 0.047019397026087525 43.164940789284024 0.034046846422500526 70.5813371626263 0.06700732786391711 11.004294875392215 
3 0.04998853989880697 28.72915181301619 0.05300957049166715 22.70086376633506 0.056007734419714156 18.50373627823194 0.05400957755830516 21.26780560602503 
4 0.07200000000000001 4.269808188087101 0.061001472633270507 15.699254288536448 0.031036805415645283 80.91938480912684 0.05100849565824805 30.950505948142112 
3 0.084 0 0.035017288383780446 57.25625121112593 0.05800509376253043 15.685463121984288 0.046014754415123045 33.598303901920886 
1 0.031012576787527404 36.23771806101334 0.08103644265311233 0.34652518783242686 0.03597327452612174 28.216284380011558 0.06502905361653807 4.476107646297537 
3 0.085 0 0.06200075727664565 9.49216713118922 0.03301971753656911 53.46257832357391 0.03202139959063324 56.023697077344956 
4 0.030043221105167467 92.51394070974477 0.05200234221245116 31.307635093510882 0.081 0.3811993014076495 0.07400117659814391 3.3239470595040976 
4 0.061010457853774555 16.84387730576013 0.0570067864444893 22.78645980487079 0.08000028652063279 1.9518775583174695 0.03801996041090716 65.22952605086142 
2 0.047006541429679624 17.694773101432773 0.07600000000000001 0.919189581639639 0.05000139661086063 15.975594196957907 0.08197612609248034 0.6757842043385317 
3 0.059001604023818446 14.981848027952163 0.035042950790390895 57.363418691916195 0.055004081161619596 19.937977607392902 0.07600075906192834 1.7096882201458588 
1 0.05900032102311304 6.772283647119904 0.06000028446022499 5.527187102369347 0.038005267489660786 21.145080267616123 0.04500606730584539 14.577418177242292 
2 0.03201448492191544 42.78486548154332 0.033014510886784615 42.921870778543145 0.0690006521160984 3.7927236033451877 0.05700174932676465 12.360165658568205 
1 0.050011136558320145 14.794823029212047 0.06800041876800633 3.9173832796682913 0.06900027387463714 2.9060779291836405 0.050008906033448805 14.392091476339473 
3 0.05001058074853176 27.102406340833827 0.0640254202298359 10.975486782163424 0.053005584405252604 24.01832707840333 0.07200157572248433 4.01051181214088 
4 0.04002403307023231 63.933915429091556 0.06800964214509742 9.173463578588736 0.05700309903325099 24.27027175961721 0.04402386665638568 51.84232044069405 
1 0.03704075015002101 23.66515557285427 0.07898400726795982 0.4152568341253811 0.030014002768438436 37.57705925261537 0.053000558940817635 8.930719537090672 
4 0.06300006817567937 14.689319307638891 0.0470183980871907 44.1050802709645 0.07302493320317355 4.104737522415656 0.08200000817633317 1.2584817935776682 
2 0.04203287040899074 33.0537659321691 0.04700936913820597 24.928620067850503 0.044009407977191724 29.118878596900128 0.040014101471617554 35.996419894715125 
2 0.037013533013973546 40.17518869569466 0.050004341270742686 18.732024525858513 0.0400142683375826 33.17522219594307 0.05100650308962272 18.858735900905636 
4 0.085 1.3164425131570017 0.040030351094117254 63.99239907006496 0.047017111567868405 43.80458480237141 0.0480133694601989 41.486900267414 
1 0.08 0.27963859330175683 0.04500420144587947 16.692245287735794 0.04600377476061672 14.504600604248846 0.04200481808829587 17.91989186300039 
3 0.08300411081406463 0 0.083 0.49498385041933923 0.044967148082758576 36.83523095862373 0.04601086494817216 34.764967599485395 
1 0.05700024785879079 5.25068534329692 0.051003517163267204 9.085334858232182 0.031017087337779733 24.606125953092565 0.06803553488561105 3.283794336086915 
2 0.060000823105286684 8.705030989329536 0.05400279120942087 16.934981970812885 0.031030649898749416 54.87651514440538 0.0660121650036848 5.5574616205770075 
4 0.05197412692775154 33.31132085088512 0.084000824610304 0.05030417890904123 0.03004756382186155 96.9012291839208 0.03303801859261772 85.77824140631711 
4 0.044961876887238544 42.81624969544538 0.04901505441735262 33.794805222802566 0.07900000000000001 1.0397476571796067 0.07300134901287784 3.4625364733493877 
1 0.03602312724565414 28.5407026371853 0.06503190934125772 4.126395785208912 0.07900011211160754 0.5084233706268021 0.06996450424664837 2.201025788631314 
3 0.05700434057691566 19.026195281482956 0.083 0.9446544999064747 0.061000535499259656 14.635194310258417 0.03502414952118396 65.92173858995127 
1 0.04800059426908066 10.058928302663302 0.07100688322400428 1.0342942925679735 0.081 0 0.05501845525465033 7.450177301805926 
3 0.034019109915700396 64.6460294677522 0.06400000440409663 11.559161524043375 0.08100052793500165 0.3397928541843543 0.06600055193082582 8.972127783427032 
4 0.05201142588881447 30.669986344738348 0.05001496086820518 34.71707963193718 0.07901284968533179 2.2519376301783844 0.0680064298699359 8.46043108749945 
1 0.07102470268576948 0.5595083694694747 0.03202047487444547 20.50472446275053 0.042002410306852 13.67423412157536 0.068 1.5759128934733635 
4 0.0330389068643851 81.92741982991183 0.06596653066140348 11.395724087105979 0.055010778566602664 27.053150495059832 0.08500002498344933 1.148007497002812 
4 0.084 0.19899606062189706 0.0680018728228079 8.289256098129403 0.08099988851710807 1.079751326785439 0.030033032849592523 85.98941135939717 
3 0.0810103473415971 0.4918356746324781 0.04001492695443076 46.66775235228869 0.08302848227840973 0.16717732679753136 0.04102538394257436 43.92567273808119 
3 0.056003982122139986 18.890514163988883 0.05700421840001114 16.562612582032145 0.03102852772738525 66.25657362932048 0.08496114985854161 0 
1 0.06500006259284481 2.304116418255073 0.06300239405778177 3.687719473952141 0.085 0 0.06300044229971137 2.806256626994146 
1 0.05201555124508011 11.000849098677396 0.0300125381947787 36.33330697002842 0.04700318850527519 15.949993316417935 0.06600050084400053 4.190735121089364 
3 0.05001340345274449 23.954203953898023 0.06000113941831445 12.589409952266529 0.03503156409792066 53.029814590980564 0.041018053077892726 40.13915514586127 
2 0.08300406078701855 0 0.031024401055090606 50.473833600909536 0.08197143110114916 0.06458440232956665 0.04301883647051744 26.555768853502855 
3 0.03701308061000069 48.58118979304726 0.07800095997488427 1.1935191240527463 0.08 1.0923567171087534 0.07500338923193492 1.9364539158743055 
4 0.060038092418171755 17.145101184745407 0.04901372376572958 34.090872318924745 0.06200143011002415 13.829817524986893 0.066003242909684 9.88737706781713 
2 0.06900075320658282 2.9878987351005666 0.053004750610968585 14.875145761203825 0.03701194551822412 33.64005595800603 0.055018669408619277 11.513209366140249 
2 0.063 9.232732055707379 0.06000223736904266 9.808223988562084 0.04401339072663226 27.116331573200043 0.05100689608609833 17.885745208245503 
3 0.0810004629877573 0.3296420903258741 0.03601798565592211 59.33758261935034 0.07100024093345159 4.468780348749841 0.07100165510385098 4.7181227285834995 
1 0.07900000000000001 0.27918675628763556 0.085 0 0.05000240320106017 7.469466084505691 0.05400017263385105 7.018572375693821 
1 0.07200000000000001 1.2206713106133493 0.03700215151941029 24.835118957703152 0.03501158963048341 28.30733059790763 0.040008219423621046 22.459261049563846 
2 0.07000028011293061 2.8687197082167333 0.045003085257056194 23.461354591177113 0.07400021579087296 1.4922400444170327 0.04700708793896706 21.202352058344776 
3 0.05801573703953445 16.103006993619697 0.03501865798578287 59.48539826739264 0.05400807058182597 21.57583458112301 0.06700058627238659 7.475376967870764 
3 0.038028303769940916 48.98548995737393 0.05300679632622099 22.325550582673582 0.07002463144909862 4.797609985209092 0.06800398519882092 6.741826216309056 
4 0.07400000000000001 3.665875550372138 0.06298443467869203 15.13172518711218 0.06000614752476628 20.072192536207623 0.06800611130573728 9.363107962323088 
2 0.03695560187417901 38.775343051877165 0.03002065590288594 51.191640561011916 0.06800700637850532 4.344341194965688 0.06600339668067007 5.575362996996459 
1 0.03200444319397473 21.252507799187704 0.08 0 0.05800016498766753 6.180416978609948 0.02999500507849584 23.297254062930392 
1 0.06900065964858568 3.0494757896816003 0.0420049815112083 21.948157793729383 0.040010486349952856 23.47863839282396 0.07100362539370657 2.1782648831624027 
3 0.07000010598753945 5.13494183248485 0.05001440987904496 29.1567207091612 0.05300982493772214 24.319290908567382 0.084 1.24520779825698 
3 0.06900927414299685 5.45766900748246 0.05400980510191744 20.15331602541952 0.04901025667510722 26.796848442830075 0.075000753500162 2.026093667814176 
3 0.05402403957765473 20.937733167442065 0.0630078629777078 11.20109186265951 0.06700148154881727 7.4961203049371266 0.06200439818456933 12.212292106250146 
1 0.031016955866968926 40.74690272919603 0.06400049452240764 3.5703041627331102 0.037009853683017596 27.428969654868762 0.07 3.0776686631254657 
4 0.084 0.4350011696832572 0.07100472280811797 5.326086267032325 0.053008703236560616 28.42083205583203 0.06500882411353344 11.935105543012778 
3 0.07900126655164996 0.7076768116162823 0.038018953821314 51.337052438532204 0.05800181791214107 16.803066651928887 0.030027339274710102 70.45130983472069 
2 0.085 0 0.07300033469782062 2.136652702126977 0.06400097653387166 7.7048572975446685 0.06300520696715035 8.166582247453665 
2 0.06299908697599552 8.165556716147359 0.07100080123207432 2.752305207244099 0.06500045315963793 5.779622226571706 0.07900012119566659 1.0277658126496236 
3 0.07800573707455577 1.0185707621394053 0.04201575838513481 37.93038963428063 0.07900045264776251 0.9035690688538691 0.06101022998641868 12.384598614008551 
2 0.04600195110860103 21.756292086702697 0.06500320075156141 5.2752920703824735 0.049009068884580516 18.585166215622532 0.0460069028723078 22.28645178824874 
3 0.06400004294869546 9.942091107567546 0.03703470995380033 53.254961307274456 0.042016298675571266 42.331919322349584 0.06802681432734106 7.217455321471755 
3 0.062008923137058775 9.975267071531837 0.05400389303843545 17.875616040266287 0.06200607610880933 10.416887937519062 0.08400034413123446 0.2845088757438612 
4 0.03502166389253665 66.12974724503637 0.04600925616088439 38.89915934583929 0.06300147222531573 12.433406655974519 0.08100082810823794 0.47051205075017744 
1 0.03900576774145235 23.047650879273647 0.07900191886263994 0.7934959306524857 0.03200655560159041 30.703508386053453 0.048004116590520556 13.542201029948446 
3 0.06200773976093474 11.343545646455095 0.044009479431141425 36.28887678703061 0.052010926400003245 22.915705800006833 0.085 1.3399273167783003 
4 0.037033223209701996 67.31172592750707 0.03204274115616339 68.82904217676304 0.05601672869990875 23.31857714184914 0.0530093979191825 27.80986572127459 
1 0.05502717170762274 10.485208558208717 0.03300990714502022 30.704721802606347 0.05400139370711409 8.718222021646131 0.046008203389369874 16.132203795189266 
3 0.06401088522905705 9.236995237629367 0.07200103822197158 2.820956833430761 0.03402578051776932 52.29316629251862 0.035016769173472406 48.84392182867843 
3 0.05200287471351558 26.49329525571555 0.06300418970139002 12.578650235017905 0.031035020222368384 75.1921070212175 0.054001956826139265 23.015655670844232 
4 0.03802091627430345 62.02703881275375 0.03104449236065926 70.34074412971512 0.060002556047788334 16.330127054964162 0.05800879770700046 20.004990397893398 
2 0.0440227299184124 24.509004280316866 0.055004439993549745 13.644949042529532 0.055005053685047704 13.326121168605889 0.03699219115400987 35.79065501326332 
3 0.05300121827068554 22.40265616986541 0.08500475389171122 0.06360620536590407 0.08000006963994154 1.0589115537854046 0.05700353911041996 17.6875225624986 
4 0.0650007706659291 12.02979026232457 0.0690019149450054 7.87060245981295 0.04203726369406447 55.63833085603489 0.07304013750393538 3.978082784300852 
3 0.03301485658072652 52.75668682171591 0.03801643663483341 42.22701064130128 0.05800152531281606 13.126805099405594 0.05100740823375844 21.327352077592998 
1 0.054000000000000006 7.934952909327251 0.0730003360842499 1.019604971691908 0.033008769513262856 28.05961803250958 0.0600008321140083 7.096997196764451 
1 0.05700476008043716 9.780086458898161 0.03601765234274154 29.97285420584659 0.038008669633953725 27.17503924295852 0.0690021032341881 2.021501804217688 
4 0.08000007031858038 1.1052734459423046 0.07204859715446732 4.804199829326922 0.0370297300907769 71.70800251997062 0.0839921404273057 1.8742878781869585 
2 0.04202236790783272 26.097297134070637 0.05100948142478537 15.170650707941988 0.06201339236943913 7.577453231549325 0.06500103435280227 5.18854758001563 
3 0.07100306813978303 5.1478371435292 0.06798813164634693 7.206099874684746 0.05700202444097519 18.969728317832228 0.06400169893354102 10.927804422977925 
1 0.033983320703966535 31.659934452276755 0.07100029542510188 2.1737881091763067 0.081 0.05456585839685543 0.052021366980129935 9.783932635423659 
3 0.08196236092134634 1.3094517579916933 0.03502174921325103 57.06377750728881 0.04301164744952169 38.95924606856102 0.03801976734098846 49.52122189760826 
4 0.082 0.6324509276434623 0.070000731476726 7.195777760788276 0.06600149297226678 11.951256085966111 0.0520189879995296 33.41062895852305 
1 0.030999111627282472 25.092383431293907 0.085 0 0.06100034167708339 2.2718195920864357 0.07500254317497142 0.36637721192361317 
2 0.06200052728951995 9.713965539723498 0.04701162274903744 26.34451814160196 0.055007199525659856 16.66536423672286 0.03202168413688877 52.77920463752958 
3 0.04197534343685601 39.07932866252737 0.04801223882025003 27.79537590555016 0.08002781110643424 1.125864400865614 0.060007502774339624 12.860300734657155 
2 0.08499873013366613 0 0.03900664100116428 31.316187920753276 0.033016683917867135 42.29543616008955 0.03501311853755254 38.80098435691173 
3 0.050026992058506616 25.544658047007786 0.06100382874857972 11.83047743818705 0.045015576107199036 34.68513138134132 0.07200000000000001 3.4068986188989623 
2 0.05201388908363747 15.365884284070118 0.058006893515870656 9.900459430466835 0.07400000000000001 1.2244017719497509 0.05302577027645895 12.548841176779975 
2 0.07600000000000001 1.5284113698210187 0.07295188752920387 1.8207676979690752 0.07500026602979928 1.3636989639680106 0.07600009017772061 1.1827897254013926 
2 0.054000000000000006 12.97992379167175 0.05600203002271996 11.479192592227584 0.0560042520608246 11.31011319989902 0.04400765054283635 22.862811156268506 
1 0.03401250463081566 33.39637054519269 0.06100053826756004 5.668163402126874 0.07001074384449074 2.1524107685888447 0.052001117345409104 13.061616007653399 
2 0.06100301769556764 8.679505183558895 0.05000395350749696 19.10948892388329 0.03701705190078777 38.83494766827651 0.0579831245393299 11.876393084748889 
1 0.07000450807267396 1.7956532961071938 0.04601162168067712 15.91977148691167 0.08100012363237154 0.2134873311566837 0.03401689032613345 31.224036458079382 
2 0.0520229887806584 18.83373560008785 0.0320430440596948 55.20241116883176 0.08000039221176611 0.4504173475794521 0.03302242026750077 52.77136652018649 
1 0.07700000000000001 1.144195381562799 0.05900329716606008 8.050565337643944 0.06800039507006905 2.7748222244311775 0.040022287990599655 23.800685947292724 
2 0.05900973872328222 7.303436147844778 0.03002102659586843 35.20316140118414 0.0730000116372212 1.4998354902213988 0.05204353209436562 12.876458955858434 
1 0.0420071588340172 11.521657851043443 0.07300000000000001 0.4037848467208124 0.05704670372387116 4.049213019812402 0.05900022136638369 3.651578855456477 
4 0.06000428906992434 16.038008113946308 0.05297241541590888 26.302110155360353 0.07700000000000001 2.3866708086875246 0.07200269691917738 4.043495498054761 
4 0.04801556497328514 41.1766475790764 0.052014398566144544 32.07246370484039 0.04801592187965815 38.85434380579116 0.0460189510854853 45.756944930396756 
4 0.05600205387803214 23.620788957560713 0.03502369539044302 74.07635295974202 0.0820405482309388 0.9229093456026194 0.0560119795214068 23.91100132678524 
1 0.07700000000000001 0.6861305892898741 0.04100682080949663 18.880401387746197 0.030019379937863036 32.77407601183015 0.04000605246141533 20.537257112594304 
1 0.05700579942941419 9.817797194796878 0.06500246249426425 4.462536779531292 0.046009461620954525 18.88629548062913 0.056000834083796414 9.224782278059063 
4 0.04701335944246811 39.236648383198144 0.06100151508916518 15.834265150325399 0.039019645948429355 58.75340110337339 0.05200806007370687 29.484981020883968 
2 0.05800113403943438 10.844055199031217 0.0399793422065202 28.356889752193204 0.053001319407701454 14.415353133705223 0.032012503360733774 40.202365935632315 
2 0.084 0.3202719617734084 0.03002217358776718 40.63261868936609 0.056995703510851994 8.516571030593166 0.04300643229811292 23.263265704635174 
2 0.082 0 0.07096407590009662 2.2510365943684034 0.085 0 0.04800420541948362 19.589431106830745 
2 0.084 0.34675753943776694 0.045029659959482854 22.442318597037325 0.07700424338974485 0.7365903337835864 0.05000582525926799 15.557902952259546 
3 0.04001332599818446 38.16396815119134 0.054003840328427845 16.960296178249532 0.042017402025435635 34.82726432668679 0.05702632464810506 15.086485993811607 
1 0.07403741203230221 0.9962642420610813 0.03502143476561825 21.981271506546594 0.04300571192091641 14.490618556227819 0.051005254039384475 8.78177002761014 
4 0.08300416294809747 1.4255571360967425 0.07500035993303383 3.023787423800051 0.04502376485680503 49.520415925694806 0.045018340894906125 47.63230605286628 
2 0.084 0 0.04701128771756858 24.05011448738125 0.039044744820006846 35.06915329546216 0.06400001841741701 8.069252513512264 
3 0.04800928283089229 29.77240984742026 0.04401524022246782 38.29276223256597 0.084 0.9646697183306397 0.07600022067356726 1.8957657185603802 
3 0.04796180426843129 29.90458446450326 0.07700463882368797 1.5545726530019537 0.03302514758372185 60.78283003883008 0.07600076260160071 1.8093984288587428 
2 0.055026234389721526 8.188228764337675 0.07400137677102023 1.5891242184811023 0.03301486165852882 37.97204305435057 0.07100000000000001 2.609951527722905 
3 0.084 0 0.07900161546623848 1.0011284671319651 0.05301071094453831 18.796507482516226 0.084 0 
1 0.04200284363536232 20.250535312874618 0.036009410474105635 25.06626608843053 0.03300893777093267 29.052262744502347 0.03900616186088165 22.067550805476163 
2 0.040009504067555865 28.062738858591167 0.03901287583379912 28.155271532127774 0.06001895303164031 7.886018840639292 0.06300104199861026 5.828925315594516 
2 0.07000043743207468 3.1005482120514896 0.06200374613801316 9.448842345657697 0.08400001745126306 0.5140746388070071 0.08000056412679121 0.3932533354847539 
4 0.08199623813755053 1.333491632267383 0.07300038580195099 3.4869738962015373 0.05102311431257265 29.867716343749223 0.046015363493800164 40.071248241868986 
4 0.05300590932733888 26.217831115940026 0.036028426407726924 66.41455639762792 0.030029206588759946 91.40472093973267 0.035028556720302265 69.78149475791888 
4 0.07600000000000001 2.882870387952371 0.06500474301044001 11.972495949631865 0.05501272898092292 25.723385298525052 0.07900000000000001 2.16423870747103 
1 0.030011306990595107 28.52452604261926 0.085 0.033741172120481694 0.06495965275561899 3.092269832386787 0.081 0.10094932182910203 
1 0.043007606601347774 14.592178613480584 0.053000556662350394 9.427973146950798 0.07302213430168353 1.038189946411678 0.04600413392477532 13.657263828504558 
2 0.03397039969980624 38.11530285779083 0.0770306124317871 0.8354231494348751 0.06700289290489708 5.0000174616579525 0.07600002616964704 1.1037141695087307 
1 0.03301242362582478 25.627227776791607 0.06000045674580248 5.7648423977398755 0.05698908253570602 6.2326503801106 0.044006514649962386 16.12932084328148 
4 0.03603648283084607 69.31956586029324 0.05402227217942635 25.904307190600154 0.07800000000000001 2.6104794649943033 0.06700165982178116 9.17534246646936 
2 0.06197897423492873 8.867870518720736 0.0749908807508107 1.57021103368722 0.08 0.7534623390578227 0.03002338070166266 54.19008557206449 
3 0.035015326491935214 55.584802909989605 0.05400252402738663 20.94752394857597 0.054007758342448385 20.573942549893154 0.081 1.1731493604440635 
2 0.07100197689089073 3.5400711088126684 0.05100973865423316 19.04760214638835 0.06300356641378729 8.49947772012096 0.039040749205332154 38.38550276841871 
3 0.04702886230784606 35.76444311473114 0.04901036331032198 30.449216122749156 0.07795826345084533 2.0940477785448715 0.056014596302760775 19.649328016123235 
3 0.084 0 0.0760193065055599 1.6232697425266804 0.08 0.9870826751808365 0.081 0.6400111288456831 
3 0.051014782565070714 22.6063010234188 0.031047775391150736 62.91757709991104 0.07800000000000001 1.2247871046981667 0.05101194742566731 22.76408296518488 
4 0.07 6.943593036211566 0.0480076796637777 40.035383923228316 0.07100018243113808 5.764431426600474 0.03702658404285507 70.44814009983388 
2 0.07700000000000001 1.1795327432447145 0.04400936953663044 28.217239559698832 0.06000126168818115 9.698807208534097 0.04701065622178685 23.569011624818703 
2 0.054000000000000006 13.315166074377082 0.03402414261385814 34.83771082530601 0.05603213282426931 9.70994288117629 0.05000211210994925 15.031085325087194 
3 0.07700068694146717 1.7462299858581138 0.06500116947298079 9.194268151649482 0.06100202643656662 13.966049176330472 0.058005004141954926 17.396454414690893 
1 0.07102433550208705 0.6022016623627058 0.04400275650428357 12.638715021888673 0.030008390441973093 25.000502334331166 0.05400043329489355 8.049035256772635 
2 0.08499409286128352 0 0.05900119445874734 8.755982731325913 0.0340128712802672 38.46330740646171 0.08000005116334631 0.42453788499819983 
4 0.07200000000000001 4.544918461349059 0.05500299324673241 24.632528899802544 0.082 1.3333053022009682 0.06800985397677624 8.287304182982531 
1 0.07102432880852924 0.6178148336431779 0.081 0 0.05500219363962906 5.596226472094033 0.048005110491217584 9.710100032678573 
2 0.038013806744050645 42.05060627764701 0.043012590947193126 32.69361416236644 0.040012773517889004 37.86428393153497 0.07800000000000001 0.459743753406512 
3 0.034038024340962994 53.64938888250917 0.06400169352914988 8.475991147741897 0.07300994334805547 2.5154362594708783 0.05000277208412995 24.423594527775613 
1 0.035009251274907796 25.436190162795608 0.03800981416141559 21.641204120386327 0.07201614629463679 1.2174984963789524 0.062002798178939354 4.1708729410986685 
2 0.0570028734700994 12.61633125059316 0.057004672715479675 12.958003745466165 0.05000613719511903 20.329799083175324 0.07600000000000001 1.3239907781471296 
3 0.08300409897692076 0 0.03602865219695481 54.6543702815936 0.059033797480556205 13.686279405581612 0.04501881687865833 34.810181589266236 
4 0.0410162333455921 52.03499191966377 0.084 1.889207993329584 0.07300000104009206 3.4440232128116164 0.05001506047866833 31.667804779293352 
1 0.07900000000000001 0 0.05400464498696758 11.245165561347678 0.03299137811052784 34.068072691927014 0.033012617805566344 33.96101463857323 
4 0.03104443590178836 99.8538745908164 0.04901704713469622 39.01929533860627 0.04202123182323875 57.13491093000345 0.07100032095705386 6.508274057057262 
4 0.06201024546219511 14.5817496842575 0.06700147050556851 9.275361379240419 0.04900847395593165 34.33811238833804 0.040017920735499535 55.70198562751631 
4 0.030029639861794494 98.15577753195734 0.05302478901261416 28.61346590806891 0.07300020780483613 3.7668582489605447 0.06500454181686721 12.186791830210698 
3 0.0790014899792659 1.0677347074602563 0.07000071530968381 5.109076081504654 0.05095745332290124 26.920367118935197 0.041020040154155675 46.296227967509566 
3 0.08000000115557135 1.5940151745114919 0.04202312984371647 40.18343614457407 0.05101081401293491 24.718749882645916 0.031017555064120586 67.03065875652659 
3 0.06900029511010392 5.495264731598267 0.04001971984900674 46.94700065602775 0.07003515631153948 5.351948475527324 0.03102678860852605 68.7724772908209 
4 0.0750258961060419 3.2587676890748383 0.050023837268766795 37.76900787539554 0.03704259890679888 74.02086321503116 0.03201853188774126 92.11639063878552 
2 0.0780023465351485 0.572144213943038 0.08 0.7907781282784855 0.04001027332305542 35.34570112168288 0.06100099569889954 9.105979129692336 
2 0.031015812328515205 51.978404899004545 0.03402905721472921 45.731104374258685 0.0320243721498909 49.70595220567591 0.036038803361914895 41.94053079341571 
2 0.08300404596817847 0.530557631189418 0.03101586499867247 42.9878938252303 0.053011020155109674 12.8578871944389 0.04800632738224176 18.832247371058724 
1 0.053001225805652696 8.883641245967041 0.03702176635774261 21.992565358975742 0.065 5.115688346080685 0.05000142884524732 11.163223273789647 
2 0.08 0 0.082 0 0.06700035183463852 4.269169758337579 0.04801153441340498 18.41616943221659 
1 0.08497911926905209 0 0.056006243796462886 9.652180335419954 0.06100077315702524 6.326081321744603 0.0790094523959897 0.6022793662127072 
3 0.06701951270951534 7.9757496294482655 0.07000132584557181 5.0952448580994725 0.041039936434951976 45.43243841988304 0.0590065242172664 15.08890862160745 
4 0.049999159795005674 35.88122259674828 0.08000296902140808 0.8921287595571447 0.04804961879346205 40.48684456011179 0.03803069906221788 67.51966840796372 
3 0.06300990374301253 11.577266315152638 0.05500264568865211 21.82442298770932 0.0530109827392166 24.872885440637802 0.03802417071099822 55.21999100149056 
4 0.047023235314657 45.14203930400111 0.04202293990656377 58.027812360732625 0.07800000000000001 2.661788087176556 0.07900054199831315 1.6534485895778466 
1 0.05400172809352598 7.677177349080505 0.061000000000000006 3.8716616537627297 0.047005394706623446 11.645990013694743 0.05900992452042861 5.650088395555982 
3 0.04601073474479952 38.550867930039516 0.04001552515254345 51.9734196159983 0.06100157577931784 14.770647003511993 0.043008625888966596 44.84144290905677 
4 0.05000559201298722 38.37076808259424 0.051011371471711635 36.286359138015804 0.07700000000000001 2.777328798594949 0.084 1.2199150789105158 
1 0.05700026408127258 6.156679199941096 0.06900036878627226 1.5352704489033895 0.07400000000000001 0.6650327747076091 0.039034473693488746 15.833759863831286 
4 0.0809610374811449 0.5946574008135089 0.044028377405295104 51.80085218550767 0.031030776993258943 92.96487571021957 0.05402708476482135 28.543135421066196 
4 0.06500143607647427 10.894219081524092 0.06200388186242242 14.618534274909496 0.04001554043168801 55.389970322617934 0.03302644926961176 75.748897223072 
3 0.085 0 0.08200043803435095 1.09563181678527 0.07100101357339446 4.745200713030156 0.08300037639295843 1.2072135578658705 
1 0.050965358204610706 11.462938429593867 0.03700892108883244 25.25505943408264 0.05300112420484831 10.272171516532328 0.06800097132984445 2.3073475555204546 
4 0.0620014804383199 14.618544990698243 0.08100104377067432 1.2844879174032355 0.04401581054213524 47.215531148288505 0.03602081299156969 69.41834302203407 
3 0.06000010410468319 15.41816584085337 0.04101512793077202 47.95787302044486 0.03101458560743288 74.12935886625763 0.06600433781718318 9.124751796538298 
2 0.0330225095007273 43.60820635107778 0.04101995040415226 30.684283273405658 0.055004744641254454 14.086462844667858 0.048006644938311985 21.464616005832024 
3 0.08200250017737692 1.178788442473781 0.06600325357604978 6.79582433331505 0.044012483696199894 32.72993426312983 0.0470114840872675 28.187452711911565 
2 0.035014760113534646 41.085434634879284 0.07200000000000001 2.4630349511224403 0.04001858107440304 33.600378282105105 0.06400050499294718 8.554385377343117 
3 0.07100309827948255 5.256327386855906 0.07000434344408529 5.5793993757305795 0.08200063294654938 1.079838779478794 0.05000758780417059 27.955122767766852 
3 0.07100233260281802 3.07752555222671 0.07000344051512186 4.3790446467276425 0.047025147558015484 27.88883973618696 0.078002827318648 1.014519862519765 
4 0.043038466870188766 56.878524564076116 0.031037508858419993 94.47700849396482 0.03702231037211191 73.35501481177324 0.061001336781084256 17.68021914116325 
3 0.05100506663611155 20.783623526665732 0.07800000000000001 1.0639139602949685 0.04901864307944139 22.66696409219732 0.050005803532950775 22.07314618636807 
1 0.0660017175522423 2.5887038177564525 0.07100000000000001 1.3400778159323434 0.07900000000000001 0.2401353524673604 0.07300022607533488 0.7435381871772312 
2 0.084 0.21064711642228431 0.043001895844727245 23.28296176788302 0.03501439746277096 35.891538949004065 0.05500117194504481 13.030368634058776 
1 0.05700010867473804 4.235318027325442 0.060000000000000005 3.261233398299096 0.032006845082287405 19.861837171406833 0.04800093576482885 9.606231491642841 
1 0.07599909045527155 1.139278361527115 0.06900095393324596 2.977787757656743 0.062019165229979266 6.707366496300405 0.0430071509351463 20.54581925737609 
4 0.06900932980175972 7.705766427132542 0.034034253322944616 87.67744483067231 0.03102179572608274 85.63183735058044 0.07600007349212086 2.5461118375961775 
1 0.07800000000000001 0 0.04301083626925731 12.142211991989662 0.040003277879256595 12.912063947329756 0.04000478458240289 13.554042634042442 
4 0.07100398747608029 5.171766959307523 0.06000195683994783 17.651402878025593 0.07000081856829443 6.799504485182258 0.047979219155477544 38.43822139866592 
3 0.04202028685845608 44.957083988990725 0.06200134051061782 13.492583950140753 0.07601120616088068 2.2463932517520546 0.084 0.4766719100205976 
3 0.06296399804160974 11.989913077744816 0.03602338184461561 61.4274625335713 0.07500000000347191 2.4545002482678795 0.032032920779108354 79.32516813332239 
4 0.060020333520317215 17.994419093889576 0.060006664600239464 17.804337822695306 0.06400345871498833 12.755259368809337 0.056003780828288934 23.52234526980387 
3 0.03301783314592771 56.65362952768149 0.058009241477918805 14.35030813799193 0.06900683736985772 5.057455661196944 0.038032973573531734 46.39033410549708 
3 0.07900000000000001 1.6394866203562621 0.03103913814081366 58.33126822460732 0.053007917844892574 19.450927889605392 0.03304503632525549 54.51996732339033 
4 0.04601697399669859 44.00973010619245 0.04402014958423028 49.2720929427679 0.06700165217303947 10.010004424549422 0.083 1.3978369563641 
2 0.07300490906317125 2.0910622280456823 0.07900000000000001 0.6681518472862165 0.03801341854292978 37.00847072580573 0.0410133881635397 31.37697505413729 
1 0.082 0 0.04902066669792927 14.475140133153303 0.05200570006755497 13.101102898485347 0.06700377941007447 3.9066842042126666 
4 0.038021432628713395 61.94548604370564 0.082 0 0.07500126979661884 2.859655518681136 0.045009407122655366 44.68973452334161 
3 0.055026254058430785 17.888605943897318 0.03602944572163279 53.801180886103026 0.07800754774976586 0.8571112921482199 0.04204999024955346 39.79837801383192 
1 0.081 0 0.07400000000000001 1.3022963952457072 0.03201339504385829 36.24065355352876 0.0460073978162692 18.07121116713929 
4 0.04402038694449643 45.04348271939033 0.048016292685841795 36.3776755746532 0.03902027447954279 58.28260153279818 0.08 0.8057301741433501 
2 0.052011640329912914 11.708455582199587 0.048003648746428616 16.75379624687772 0.06200693608423018 7.095285394793136 0.05100106450446573 13.68475039853525 
3 0.08100101450789084 0.9535658041647422 0.03701420484652605 46.11751388448427 0.037017080569838406 46.561191984775824 0.06900192053452273 4.917882982825797 
2 0.03399431210563002 46.69396889141126 0.03601454135575022 0 0.03701197070647365 40.79655910825632 0.081 0.29171272588035085 
2 0.036028115158859106 43.02170852214147 0.04501180100301822 27.013186219960566 0.05600310807487313 14.527534067851109 0.06500319881765607 6.671149015927013 
2 0.04701056677202599 19.294983516321672 0.06400875020682373 6.765448760164762 0.0660004520234359 4.606306543625335 0.062004809835322305 6.806201361462293 
1 0.08 0.2312214618199126 0.07500000032927112 0.808979141894407 0.06500722777390282 3.067871375256404 0.06100038688704531 5.771629778361352 
2 0.03502436309451713 42.91480888358643 0.03601353459009571 39.15801475503891 0.04402330110187847 28.509996597617324 0.07400000487285235 1.7068510944348072 
2 0.06800713359124577 3.425229835837587 0.061000000000000006 7.264752874338645 0.0750002758680003 1.0148412821802668 0.037016905357829186 29.902622260324378 
2 0.07502498830990985 1.446559273670251 0.05000516698208417 13.90505653792359 0.05100261327194625 13.915866848000098 0.07400048040163021 1.4453711876905349 
4 0.030033052019414072 88.63167698833442 0.03102828591733614 83.19728438067807 0.07403334566288904 3.095925933652819 0.07096591269575277 5.4624474986923595 
2 0.07100212310130646 3.1418127654552785 0.04399603992330486 31.505144937222447 0.03801531178438061 42.59362563190027 0.054005452990692475 17.969245822911326 
4 0.07600000000000001 2.442959525207613 0.04302018265563651 44.684201050459336 0.06201031267028605 13.447965628802795 0.076004583264935 2.265162297746235 
3 0.05601497077027902 20.507106574629223 0.07898638142901024 1.7755181504177229 0.044018819993554385 41.78102122480888 0.081 1.5508669756442746 
3 0.08100142667629362 0.6040102486060925 0.06500406540701635 9.431876096846358 0.048009057545328276 31.037430712244014 0.04101608565315676 44.34267910009854 
3 0.048020635748312564 32.23775363376072 0.03802304666123835 53.69770495395 0.033 67.70444514964676 0.07600000000000001 2.082045599414933 
4 0.06700052278498295 9.246589999951306 0.06100208576760206 16.14943135824188 0.07700016080373753 2.3058511119307634 0.0360336278900216 67.09918710549397 
3 0.07800000000000001 1.2774965419331494 0.03903249696385415 52.02126691668421 0.0330210139589462 68.15165856938191 0.04701598221200247 34.52481628742894 
1 0.0540010629161061 11.093518463392916 0.03901030923888448 23.442155299459824 0.032010377483848745 32.45981316034738 0.06600637328726251 2.6434914959133815 
1 0.052001355175563896 5.500194414685705 0.07300000000000001 0.827586881263469 0.04700340452790778 8.238649585952196 0.04096569411112718 12.283242408485222 
1 0.07300064311758858 1.0257678432471957 0.06600092970421406 3.935318144750532 0.06100154921431836 6.240123932472895 0.043954280697552056 18.69602422810933 
3 0.061006922042852275 13.00485932955517 0.037028114449428426 47.76507613322699 0.054005295801831166 19.254260852623883 0.03802297015768465 45.55699951857005 
1 0.06600187308258681 1.707661394339876 0.0610003253018026 5.0208664878628 0.04500495580164799 13.167149319517934 0.0679726589695997 1.6827868395727636 
2 0.07600000000000001 1.3668325950419584 0.04300392959512002 21.50107692470233 0.040007514653650024 26.366375588239475 0.059000505471947746 7.6010008567415115 
3 0.06800072751399591 6.177041091750807 0.08200252981014408 1.18723568006736 0.07900083851442723 1.1110743851445066 0.05600467649197227 17.261982822683358 
1 0.07700000000000001 0.6922870216418786 0.03401335749686128 27.428023596764966 0.082 0 0.05500247163161432 9.718401364428614 
2 0.034017444459057355 49.24753095841444 0.0500243442482925 22.863529193939065 0.032015333138034674 54.85240163056083 0.08000264406800087 0.44759402722598274 
2 0.03501524207705915 40.30449433475262 0.07600000000000001 1.2866094130540453 0.04701889125884044 21.54343745607266 0.06401017143051146 6.156714828185695 
4 0.07100366424439439 5.23403155896893 0.05495820384336079 23.78373197140031 0.03701967688275826 64.11234346015983 0.036026895344532184 64.25961169339472 
1 0.03998956575502021 26.597751606946865 0.04800812571924431 16.481947349583074 0.03401737340882867 33.365480360492874 0.04101659960159871 24.657339213518462 
1 0.06400069817436561 3.8716827924472343 0.04900140767931028 11.888712404408512 0.05200477628514432 8.606827677069992 0.05000500273447063 9.627202848048444 
2 0.07100156370396415 3.234167855521493 0.030026693564380882 50.633707681477546 0.069 3.464890037770669 0.060001380636522224 10.087443156669503 
3 0.07000154638643093 5.186793201673779 0.03096355926079572 71.0675315236475 0.06200410016450252 12.748142499557352 0.043959235396102844 39.48993084020877 
4 0.0540128355320875 24.457811461456252 0.07500670871541654 2.479842693683144 0.07195686281115601 4.0511424306575075 0.06500432424910785 10.745771647237053 
4 0.06296866073857048 12.7517282472519 0.08200311842299346 0.4263154417175758 0.046017158140494945 39.99586545695407 0.05001404311194755 31.992260503514093 
4 0.04002465735237262 64.72932673093256 0.085 1.5173915836697802 0.05700753988425239 24.3261073496475 0.047020015736613824 44.923334372377084 
3 0.084 0 0.05101852073566743 22.68144196686959 0.04701061336155507 28.67975838934024 0.05800346001065009 14.336552419657194 
4 0.06500090789035592 10.681469209753482 0.052013807011256116 28.22624959756748 0.03703453256753139 60.51990155596037 0.081 0.4863500207729599 
4 0.05102743892967019 31.183810806710014 0.06301070744991635 13.747459123914343 0.08300111803510025 0 0.03302974200556151 77.7247663159603 
3 0.06000171358035237 11.949791229791293 0.0780008201581884 1.2210867627948527 0.0660008887857114 7.3941721764715265 0.03802239074469208 44.86307382285355 
3 0.07000287981233554 5.18578999487705 0.05001361959363308 27.891293267648916 0.06600093505634265 8.687412331288728 0.06600321756103178 8.50608254126777 
3 0.06900348219734584 5.378998206411909 0.05401057410315542 20.513854680294543 0.05400759772425222 20.501435587820446 0.05700708856227048 15.59238378322442 
4 0.06100939391303149 13.814521941695308 0.08200122582867801 0.5850061081761754 0.04601866097850458 38.50279070198245 0.06600078280515462 10.369099607445381 
1 0.04600829209245874 14.667767084308029 0.06100392634108063 4.159630267889457 0.05700070256904765 7.114008645011092 0.06200057728722165 4.978748397949502 
1 0.039008785829237905 25.170505907349572 0.04100672652668307 23.232234296596545 0.07400000000000001 0.8604053586500234 0.08 0.4656110946322677 
4 0.07401259187788166 3.2321344633116054 0.03802453345388127 60.09435628060592 0.0300168809575697 82.51428726942991 0.06602110340455634 9.361645113538357 
4 0.04700410095733192 37.14189750730668 0.04901074997932504 33.30053551051865 0.03702172945053446 61.07262068705799 0.04201867340674786 48.49286397232401 
2 0.082 0 0.0710236933009579 2.1209510166709302 0.051007405368807456 15.978221388960455 0.07600009824483378 1.1895530173106288 
4 0.07600000000000001 2.860446662441421 0.04702004202610371 39.3800441314833 0.07800518283272376 2.270412669802956 0.08100074340522692 1.3909066523791465 
4 0.035022946478043396 76.19684038438383 0.042023440256642584 50.23789272799368 0.06102170763740121 15.917484694637771 0.04501812814592302 43.20444229015974 
4 0.05700577889779936 22.85412586995549 0.06200460420176672 15.69976822561436 0.05497343303956069 26.871336134935373 0.04801491808062256 40.663938373367685 
3 0.046963490531609337 29.7514896137116 0.030027068125226736 66.8023080118349 0.035021448589150656 53.4164145056589 0.05500326818813422 19.096161101620787 
2 0.05100069660367419 14.979513441709422 0.03900734450345003 26.879472943449063 0.031013316284730266 39.936875698927985 0.057012862517862306 9.154759389810668 
4 0.0510111190363168 29.02223528219436 0.084 0.30475591780600875 0.05700193357965736 19.753842630314054 0.062003624953204654 14.14123571132421 
3 0.07000199530238424 3.600306383153219 0.042016442717104 36.278677287445475 0.07000038020644424 5.00135455572366 0.07500060402921566 1.9324294238214177 
4 0.05800639102036387 20.67772459145828 0.048970860962037066 36.84810242885367 0.053013107699170905 29.78050218957109 0.081 0.591760190110271 
4 0.0710036940982933 5.167943307489189 0.033974694976050046 71.53303475169011 0.07103315548506292 5.2711483254421285 0.07498171916422516 2.6478867687724077 
2 0.04400625799805637 24.316411383992683 0.03801470156930898 33.814841588266 0.047006403337781374 21.251697164072947 0.05900432480422479 9.53451422294345 
1 0.03701073065258757 26.89458278405919 0.03800753706826567 26.127946439316943 0.03601209099364462 28.301096248272522 0.06600115821364724 2.7999925303690443 
3 0.0430248518201687 43.40959029130518 0.07500110141218859 2.3942121657478324 0.04501324572879499 38.5013404913455 0.03702090291615173 57.39244129160471 
4 0.04601572960596269 46.76479500624092 0.06501359026687334 13.118476209662816 0.05700381841171977 24.743665744519845 0.0760015587297953 2.8268101493153335 
3 0.0640222872790925 9.819647995339526 0.08300030129667849 0.3605285806004704 0.05700062750111674 16.877483777915273 0.06803145196800156 6.042497245894656 
4 0.062015005586303 16.580851042614032 0.049018683725030814 40.15357237094257 0.085 2.2159680916442173 0.08000640581048482 2.023526055597362 
1 0.03900577081533937 14.061196885683621 0.08503643732805585 0 0.06700007040244112 2.032860893888905 0.05600023559868004 3.6427923622757836 
4 0.05001509951966233 30.178922023108584 0.04201772508676945 48.14415876194134 0.052007829022377036 27.427894514135165 0.05800928499963868 18.725445442593454 
3 0.05300727919664559 21.094119663213895 0.06900057357260915 5.115177008591581 0.046014090605720724 30.67895859374471 0.06800089926844713 5.54752905785902 
3 0.04302145023127909 34.355376699270266 0.03601745885239724 51.755899549529246 0.047013867876306605 28.87077344586101 0.0680110939042601 6.025061262337871 
3 0.07100315462863424 5.2224756855222365 0.059004205141624896 16.46615587406079 0.051006704176491606 27.70040365078239 0.05400940216239858 22.85213885822307 
2 0.03403230962961086 47.91754468873466 0.084 0 0.07000107629663699 4.122655024463709 0.060005701833753665 11.632735960172802 
4 0.07100441651680177 5.684008980762342 0.04601644015623368 46.17112693894144 0.08304300217190266 1.520533947192915 0.06002636947934801 19.53918220650891 
2 0.0320169886894123 45.775308159550995 0.05400440061314062 13.161912578070268 0.05100425153602238 17.342719007377475 0.084 0 
4 0.08000003002162848 1.4319447295103884 0.082 0.9418582411808979 0.057002050289071036 21.22641493328751 0.060007139033006 17.205714439175612 
2 0.07502546029884109 1.6848555983350748 0.06300158795562943 9.264114532613931 0.08300448679851939 0.7920500872690386 0.03801545410208048 41.79291314599829 
4 0.07700169361215002 2.2310755196057066 0.05900228740246999 19.554646670636714 0.06497605350538063 12.426585003965815 0.07500037235130483 2.881585614547011 
4 0.085 0.6109434056815652 0.04800517508973577 37.76381701894953 0.03503590260919555 73.14756879359311 0.0640016109002415 12.738374732027124 
1 0.05502665435647117 7.718970619241826 0.045007223293039945 18.843188157614154 0.06800462018769751 3.6919799753244593 0.08097453336149579 0.16014829443329234 
4 0.0400225225522067 53.995654273991576 0.05698776647695174 21.671561690467893 0.06900323092248492 7.043742980497569 0.06400471677156833 12.888793997193073 
4 0.031030433253228754 73.8608525071771 0.07300569412758495 4.144833418297672 0.0699758287359937 7.0028362310576995 0.05001718339456738 35.249397237062496 
4 0.0330297879429758 78.21923280832353 0.03902310773886321 54.55374896840024 0.061000992506783716 14.942812259422258 0.07700007875421891 2.003038081115981 
4 0.0639973255682828 13.621411641298245 0.07300262006837427 3.8710184766252715 0.07400094950498631 3.2422771172151834 0.06800158219495722 8.784787128399048 
4 0.085 1.289352808965396 0.0440103154365235 51.45001536172965 0.04302215507967316 54.04529316586465 0.0780496549263515 1.4929297297312834 
4 0.05102761229234569 34.75080275743402 0.04201757115128274 57.83682825460662 0.05902326226044186 20.772575209820335 0.0590076935470946 21.079119183973898 
3 0.038017086560356565 44.57713299156929 0.07703928781008203 1.9512011546730212 0.06600076044007112 6.566649807354988 0.06900116643941946 4.981017943987612 
2 0.08300403779468297 0.7213378144666358 0.035007196758533005 34.06600994106143 0.0650010824518181 4.465667577921542 0.060002269930237405 8.393550534684781 
2 0.04201122179718917 29.230449571681685 0.048001517063554766 21.174399326528345 0.06797840218590773 4.896492474206438 0.07400066337783022 1.7989477068435642 
3 0.07900898145553249 1.6006830702960793 0.05001666961323936 24.69288628517914 0.03503127885926981 54.674742179391245 0.05202173668227992 21.89056633261562 
2 0.03201599962708662 41.094958322435254 0.08003535280324729 0.4859085883804602 0.0500019377068804 15.383992943744085 0.07400485714502772 1.6985249364455002 
3 0.055023453864623664 18.45763685292664 0.08000090080460602 1.6186657572306438 0.05500192457602145 20.72897771017034 0.05401027767119452 22.780298609937866 
3 0.04700311689872359 30.119205262048727 0.061001272792280854 11.69318565626193 0.08300018995095634 0 0.07900056307993113 1.0035569187459932 
2 0.067 3.2976357118593853 0.06900038600772859 3.10996076683086 0.07300085600947692 1.5964839520569485 0.04100032108977967 26.92648810491307 
2 0.062000087574787636 9.660035449088422 0.05700473195047846 14.05914571856298 0.0630065889976251 8.38631611970914 0.08400004972011525 0.569411047983479 
4 0.055025697748195795 20.166142416935426 0.08400003641397852 0.2433088680599106 0.085 0.21095738002941886 0.057002317095966044 19.559811154719405 
3 0.06402507756031621 9.83162658758508 0.056005578133357624 17.86896282057891 0.04701001819264811 30.575667726481594 0.045014327586932947 32.9322610035255 
1 0.030020728276010863 37.6652102637979 0.0740011892171824 1.0559717108276103 0.033029145461954956 32.21920668671029 0.05000319851519565 13.942446939742787 
1 0.06900255578180381 1.8669815703395112 0.07100020895995952 1.8328953584518963 0.08397194544531902 0 0.03902243844973578 23.96738601426431 
2 0.057017467993449505 14.080770917468712 0.04600685845416525 23.65725320277168 0.053005613708317204 16.235209058621486 0.08300001070671884 0 
1 0.055034764053261784 3.2507562291143195 0.03599105042892224 15.99158820817224 0.0620003462606876 2.3958875643209154 0.06200088736594602 2.896897475423236 
3 0.060001206452588884 9.826083816901997 0.07299720492067062 2.3608747353832746 0.08200003682716069 0.3722288757776598 0.07100040573440591 3.7565029031155497 
4 0.050006822724624526 30.421218284337172 0.035021486854436665 65.5957217299425 0.0690003529368511 5.567397565130443 0.0340292478478922 63.678623470973875 
4 0.039022140511105766 55.19058837464164 0.06202198891847825 13.797812263337793 0.0520134442452629 28.004955222616474 0.038017122880324064 59.03816739508308 
3 0.034028835834008106 59.432514856574215 0.04301966902491915 38.54776242363907 0.034017663654494004 59.42688841003134 0.05502070442020688 18.992844285045187 
3 0.03301843371470908 54.06405133036399 0.06200082085694184 8.416407655924901 0.03102102895599168 58.380494342903674 0.07400040348099579 2.1551448197574796 
2 0.0640096271554221 7.648032392933531 0.041010656747468295 35.83147751329295 0.05800927333345025 12.170217064641024 0.04201437797231814 33.225172280378764 
4 0.05201311356419129 31.733289086861156 0.083 1.26588273511688 0.07100057904615674 5.841115648116074 0.03902804530430698 63.580124163992686 
1 0.07800000000000001 0.8304467795885002 0.04402020995930841 16.60120360423287 0.06900079519832385 1.814875660296368 0.07500023699408395 0.938560192088067 
3 0.0360328488915945 59.29620148366027 0.05302890278434219 21.083266913977393 0.039023614122402885 46.738671700987545 0.07500000000000001 2.3447143646889694 
4 0.06896790009612763 7.290799460546047 0.06300166299278528 14.508699369335517 0.07500186155337854 2.864738208404136 0.040026580640892345 58.91957135518802 
1 0.05700014932530849 6.293533687356873 0.06500030635897018 3.910500422772862 0.05100969735534354 9.272351108585065 0.03498443811103086 22.2820656163153 
3 0.051029161915615934 21.062416738130267 0.041016822257968794 39.103407618871785 0.05900698116446166 13.654792411131144 0.03202409543073592 58.22933129292322 
1 0.07300068321030975 1.036612851999799 0.05100106746941855 12.11478995674047 0.037010661834344344 25.655472415841153 0.036011953505328625 27.53770718970433 
1 0.05800031129320889 6.857935577067021 0.041002380390595804 16.629660634307644 0.08 0 0.036010117863094965 21.94835956905999 
1 0.03202054563019034 25.39434996645144 0.042003732936691116 15.029478140377822 0.031030746208513302 29.320509824438798 0.07900075165287854 0.4086529982712282 
4 0.07502574308538182 2.891918647861358 0.06900108191248588 7.163061792502534 0.039017600920509876 58.23003378225716 0.055004990662361766 23.43340091157048 
4 0.08100078119311699 0.373431688021407 0.04500745755003789 41.88727964086155 0.08100091216473393 0.24323277005705574 0.031035186671542522 80.13185472687385 
4 0.0830041595877189 1.2740765175363318 0.08200093618701752 0.5415082303576598 0.08000056291969743 1.7004252915195144 0.042012173428721246 56.83135241969613 
4 0.04801445950555251 34.36511076018956 0.08 0.8111729582213364 0.07400090651820801 2.9345376573443627 0.0790004706323941 1.5948579070090507 
3 0.04500248894175342 30.105826724524945 0.04600846647682305 0 0.05800812270833177 14.009409503515739 0.0720040386860224 2.975399852639481 
4 0.043023689259280656 46.65259404930264 0.06802778260650709 7.92767919162756 0.033024915000673866 72.59590385391844 0.036024042369652565 64.06296090464028 
1 0.03602364293576632 25.492156192774658 0.061036213412476815 8.030928102516667 0.032010336541740986 34.39874986040355 0.061006042939905816 7.1531840455066185 
1 0.05102848939327913 9.538539766132383 0.084 0 0.07100153107680136 2.038076486993054 0.049001043720630244 10.318608230635292 
2 0.03401508847539174 45.336806645594265 0.05400284103088412 14.973527048568588 0.037017511478601564 40.11608370844747 0.07500000000000001 1.925929677072661 
1 0.05900050122701546 5.695311075282455 0.07500000000000001 0.4535626279021323 0.06000007344726844 4.09402192539087 0.085 0 
4 0.049023708126631364 42.621621964212395 0.03695629841159731 74.6716390670304 0.03103347079642077 96.2134992059988 0.06700138347547172 10.467622439436596 
1 0.084 0.4100272330407546 0.04501240882506713 17.725723780565865 0.06400092774493632 5.794120127718205 0.034008780031649116 31.09755794183097 
2 0.07700000000000001 1.3267907965317713 0.083 0.03606083069844709 0.030014817199982877 42.17690445019606 0.03401805256473564 35.19360091893282 
2 0.0600010163719147 11.128496276927466 0.033018362209466245 47.49027032348946 0.07700000000000001 0.9868966423706019 0.082 0.12842168189806732 
3 0.043024935338322655 42.1410713838471 0.06901325009101036 6.672630275170107 0.04402740938712656 40.758393074410044 0.05400568202276793 22.655355234440044 
4 0.0730001877386634 3.71737459895328 0.08100042002849632 1.0706693639946196 0.03802532966685509 66.37174298902204 0.07096311047399956 5.5768904870076845 
3 0.033026542624534694 64.29475589680325 0.03701795316342894 53.58891799577053 0.03502907231513201 58.19328278097126 0.041968914540830814 42.3607663373718 
3 0.07200000000000001 3.686248844443648 0.07000336670521913 5.206020356632669 0.07100075249857085 4.245784625912438 0.08300023443404152 0.9934052047187497 
3 0.07100317363126266 5.250157128290233 0.05700198762544857 18.302606338007088 0.057006778744049365 18.40704221508736 0.05600940562429206 19.94996659872966 
2 0.07502517865994747 1.619035260738629 0.06000094395760152 7.3734974450382795 0.031022442085040763 41.55885316872019 0.04500479751980278 22.449889580060322 
2 0.06800691569015727 5.460219792149596 0.04501650901952708 26.22749251842768 0.0850008863412496 0.9844150103257087 0.07900053436527607 0.6754916826093937 
2 0.051007218266534225 14.312399560334377 0.03300775417079822 35.57695780789572 0.04401120548755417 20.40076435040187 0.05900442906034826 7.969370502243694 
1 0.03301484256441392 26.487971628934964 0.035007672945486804 24.547235462802526 0.04500322340378983 14.288177303108466 0.035017790424700185 24.259339744778785 
2 0.06400716887746144 6.187964913791081 0.0540060339032437 12.149469276505513 0.06100114200064721 7.946999748356235 0.03201394525210495 40.93845154295193 
2 0.05502535529219079 15.886655762083278 0.07000362498484262 3.367045019175461 0.032024762873755 46.546562269851826 0.056 11.591270808053446 
3 0.047021189252189635 26.479356432258417 0.030031896145844367 62.38694744751633 0.068 6.032702923684987 0.05600422153650568 15.929599144008876 
2 0.07000105844339463 2.5308675471861797 0.07700000000000001 0.8790961908704782 0.041003613128082324 24.49016917444508 0.03800881271916694 29.1272235450003 
4 0.03802958785404984 70.42675937000989 0.05201557479934866 33.576168963951915 0.0350396276651732 80.60274789602954 0.031031959601563963 90.81726508466869 
1 0.05201114955061266 5.823870496231333 0.081 0.13345684651035133 0.045004785821439575 10.606068282314578 0.03600807917854515 17.63548024998164 
4 0.054002747588533254 28.760287134567353 0.03801357003207014 70.2240306465494 0.06201497321978942 16.547179203083807 0.03200896255092675 88.71538471779277 
4 0.035021929937244095 73.2217787768471 0.08500813448169472 0.6807730422638788 0.03003172996589326 94.63618028798388 0.06700120793476638 9.654648205149812 
2 0.081 0.9814172299963139 0.05900348440569849 8.937603015799352 0.06900010064679221 3.0663707503854973 0.03701320957733617 34.12821370216292 
2 0.05400014155158803 17.495988105845992 0.05500398330771991 15.58197318566414 0.07100024376958113 3.4485832315664893 0.08000003344271933 0.9472116329501095 
2 0.06000163129450426 6.933640308200063 0.047008355905649356 17.101335271967923 0.05000643801744062 15.382324453173403 0.0670051422250784 3.910900517467361 
3 0.04101074224534035 39.39131138657319 0.05700194329401967 16.535782736450273 0.032020112044054375 50.296112950204446 0.0600137636387312 12.55793400340002 
1 0.04300673342567337 12.574508946169228 0.06801327494304385 1.977365974623 0.08 0 0.06600042147350843 2.1711019135954652 
1 0.08204240226789573 0.23101343590999018 0.036006663196993416 17.582092033099073 0.07600014975475411 0.6756401362895689 0.04000241996780367 14.79166354194825 
4 0.06500067261544419 12.068817499178348 0.054012047632293184 28.02216073028513 0.07000101525114964 6.9672074859056075 0.03803589241199009 66.76018916938867 
2 0.06099560611790683 6.8500265404706635 0.03702043886121063 30.946759683672028 0.0370114617855023 30.13233124277477 0.061000498875580504 7.044863200865555 
1 0.067 1.3784695017192379 0.032021755313027575 19.617540450673268 0.0820000101262971 0.012784116016572622 0.08100034852847793 0 
4 0.03202437436300051 74.19323013860001 0.08103524302759582 0.8416529592488553 0.0740008840440377 2.9466866530385176 0.05700545355902968 19.794332246503764 
3 0.04700441071023658 31.945909568033795 0.06400313303982416 10.432034893472792 0.05500788331585711 20.404063989877493 0.05500755706592202 19.821953740287015 
4 0.03903492369994963 59.44424374022989 0.06697325609984603 8.91321901763873 0.039021613806475466 59.239518446082315 0.06700180663009986 9.105228329974347 
2 0.06600467500324789 5.183000039413912 0.08 1.036135474632276 0.081 0.5070814008561076 0.07400064641921814 1.5930532583760653 
1 0.039009840851833004 25.367446564186373 0.04100682138790546 23.68717390899555 0.084 0 0.04300631739560504 21.331731691393998 
4 0.05000695636887237 36.84164932455697 0.07501458768204311 3.350896706961164 0.085 0.6938212739302716 0.07900090978120257 2.1469292865687812 
1 0.03602321666330163 29.38757750891336 0.04300893470808457 20.414509940060228 0.07300000000000001 1.122071924099317 0.081 0.26121227168284444 
3 0.05502451710056786 17.41773248676564 0.040007193388504024 39.915494975702146 0.05100444323600487 21.560837303834056 0.04101831531849401 37.63069719721439 
2 0.060000263252938564 10.12093198453046 0.057002763544823865 13.338463986365316 0.082 0 0.04701943194742875 23.927743061025758 
1 0.07200000000000001 1.1955788546043267 0.06400046897069028 4.503212703876753 0.031008994814775648 28.844188345233945 0.08 0.6720355090906226 
3 0.04401572388368379 41.07868766154507 0.059006343068082334 16.618162639623016 0.07400378209489678 2.8658447260883273 0.04301034766915098 43.908727931967604 
3 0.04402344412193655 37.3340899250786 0.05700255296500676 17.332093655524897 0.08197693190027334 0.036524340372973224 0.085 0 
1 0.06500026734521847 4.675107730586273 0.08400262909184546 0 0.07900000000000001 0.4006083196672511 0.06398838819870695 4.826859861226702 
1 0.04701328989408664 13.081903419584508 0.03295688332915872 30.07246975630675 0.07504287476156711 0.8171439815919666 0.06700046033552899 3.7339291078784385 
3 0.04602132870351633 34.98673979066112 0.04901206931763026 29.105583226949303 0.07596895571005265 1.769794122298475 0.0430102165665968 40.19829518582929 
2 0.05000171501201971 18.460089940184584 0.053006685750069296 15.651947310327605 0.07700385990557924 1.242255529284354 0.06800046939632352 4.276528169838232 
1 0.06400052770159523 1.7989901619148243 0.07900000000000001 0 0.03101751739943906 12.864959037023274 0.0639690354590961 0.979948721054348 
2 0.085 0 0.04101619073082021 35.01147211558233 0.06400120253457542 7.390430304766615 0.047984189280059965 24.434156982507098 
2 0.063 8.838586249846927 0.0350256476797771 41.66485525677714 0.081 0.7338345528772618 0.06300548618649153 7.0855887401909925 
4 0.07800554710393819 2.4713438475064287 0.07100167146737228 5.775329611019233 0.06600423680228718 11.321548910827035 0.031036989343271842 86.80790641204382 
1 0.05800004445144739 6.869348372898047 0.05300242970828311 7.29322286147457 0.07000060475819232 1.1404085848694965 0.049002026396954924 10.53575680610129 
1 0.06300028160238733 2.3068720136816037 0.033005909619241866 20.75699481197512 0.030006801196345897 23.41759210104979 0.031006615694715745 23.06588237227438 
4 0.04003549560011367 59.42824959471764 0.049017292170275034 36.678023381954716 0.08300339057501926 0 0.0650109471275668 11.863347748371853 
1 0.04200884075258339 14.593465424060238 0.03300683268065441 24.237424895849813 0.05900014844372685 6.269274127163291 0.08203898238781973 0 
3 0.04101452998446227 41.43162663921299 0.055005984734159526 18.574041610063375 0.06900801704071638 5.577990940616665 0.039033737978294576 45.48805872318201 
3 0.03902160432564391 44.758620861046715 0.07200026926334249 3.419706160645137 0.05300940926179772 20.259130936540245 0.05400492097236323 19.025256938423176 
1 0.084 0 0.07700000000000001 0.4030117122381859 0.0520046832443009 7.218968265188602 0.062000000000000006 2.6108349027654274 
3 0.04699792645349015 29.927299892156846 0.06500857622212033 9.043588163488437 0.07900042843427144 0.7551871848148765 0.07500095888085045 2.0739783579971 
4 0.06903029883737306 8.098471144694798 0.03903232463163417 67.44779585465487 0.058010893326730165 22.47218494436474 0.032033334631899 89.93245924270673 
4 0.08100065927203043 0.3549166705565782 0.07000124381476586 5.994193814860298 0.031029706935488663 78.27569098082137 0.0570130298752366 20.207944480222814 
4 0.06700035014763096 8.342086633146918 0.04598233270025748 37.738056730699945 0.038021362801363735 57.85002798904269 0.047016292521908906 36.43448475585322 
1 0.060013013187057804 6.0787106962059365 0.071003529278989 1.7396268631125662 0.058003665878829165 7.005745712290986 0.0730004246151304 1.0325614694185299 
2 0.07502534622244912 1.7101954337848189 0.07500063341523716 1.4926519626841985 0.04300656132922663 25.368981012178754 0.03702078514569937 35.06583940306929 
1 0.04201943951432664 16.908627613411756 0.06700060179481565 2.47143885351053 0.037004523731444 22.216175809302193 0.08 0.4977954922837395 
4 0.04202324892783629 48.0805253770926 0.04401453514217417 43.78757623945425 0.04101796125542067 50.75455010708569 0.085 0 
2 0.04800843157772223 18.72940238058431 0.05000448459624217 15.641314942832352 0.04500755149253704 21.357805940679285 0.05200573046655668 14.527212593355204 
1 0.07800000000000001 0 0.03998507601729477 15.278447441233784 0.07300000000000001 1.8435762425503845 0.04500158537590876 10.363919590419252 
3 0.06200145274676778 13.583330822315704 0.0350153752125702 63.76006505983697 0.04701068657968797 36.16361887906551 0.03703090906982372 58.1607871049068 
3 0.07000464426391131 5.411077893456413 0.0700020041029767 5.162090834743359 0.06399433374127847 10.614256902300603 0.05001262017791822 27.740948811387423 
3 0.05702920374941904 16.151682385791787 0.04499188757673735 35.50022136964666 0.06302066256387759 10.72146396678216 0.04500917138351224 35.85384186807457 
1 0.031018695950851397 24.283629093086603 0.062004550680339485 4.711796872458548 0.06800020309560291 1.4690974006583357 0.06100089778121854 3.857491856482627 
2 0.030988764717706743 50.606450229921386 0.06800503987756307 4.149330463395244 0.083000012089348 0.40861443728697333 0.06601629498503 4.935344586026211 
3 0.03801930575872313 52.04782038434595 0.060010603577302916 13.900654000510006 0.05900762010138791 15.266829526060986 0.03402091937619382 61.51678621786076 
2 0.07400060826316271 1.3992990156644265 0.0300218794704685 44.291393508186864 0.06300105293279612 6.224429066622123 0.03700679977923206 31.83666147042922 
2 0.07000435455577553 2.752483784682755 0.082 0.27297802278762906 0.04202153047567074 26.150468857165084 0.031018030523244047 46.25266471964221 
3 0.07600000000000001 1.4088637428661082 0.064001201730016 8.686504576257638 0.05300324651101602 20.875791439281514 0.047010931748948166 29.65363017084764 
1 0.048015383736921616 8.19138356230719 0.04600482214476732 9.904903108016192 0.06800067229611928 1.9034940601571924 0.05400814609570302 6.795644307499135 
4 0.04601996222715827 42.035007484902145 0.05001509551066189 33.794260147991764 0.06801125194018101 7.965330233414725 0.03802226756609068 63.415840851545 
3 0.05301041560356183 23.186085643558716 0.07600102574131037 2.078888609162322 0.036023762533288 57.79375028979484 0.035024544052603246 60.75095292502071 
4 0.03402345317224621 76.27420327162328 0.05000613188591828 34.87168557970671 0.04701469369824104 41.892979662230076 0.06700100774510687 9.69344928753059 
1 0.0660036299075065 5.435181387090887 0.05900361731253797 8.065131014175595 0.03301784385462053 32.927804194814826 0.07804344671896007 0.4594884444766229 
2 0.03800975096896612 31.981698001499236 0.03201593972625362 40.97553789860432 0.038012617010726064 31.16622472545948 0.0500106482804552 15.9947016743683 
3 0.0590000488979454 16.025655798644618 0.030027146374583688 68.78125595877138 0.07600006642754521 1.7443192172018842 0.085 0 
2 0.039023007779206316 35.11961451152921 0.054017087425608463 16.36955501202636 0.06900499261243181 3.8595566609778187 0.083 0.06538644615141805 
3 0.04801772528815802 26.011965436724886 0.03501627144530767 51.227878955339044 0.03402181969720304 53.42679174716101 0.06501916496051863 8.830165540485138 
4 0.03603675407636604 67.01624334846616 0.06402689852736856 12.749455735459227 0.03303216191801174 77.53078271219032 0.07200082868368753 3.994487585866967 
4 0.0810008580373346 0.4503723134888769 0.06800366806865654 7.724647285192787 0.07300096839251027 3.4699184359039488 0.06700151513100884 9.214715320884377 
3 0.053014811226229495 22.987296191345283 0.07600095600469661 2.025652311830968 0.05900142670182945 15.70680685651632 0.0580083472840924 16.477573603876877 
2 0.05800007114532968 11.127118927352083 0.06100209417801772 8.948826134852519 0.06600081363094296 5.80194795083084 0.061002979860227284 8.98870192048317 
4 0.03702832171891855 60.10312865222244 0.06300006818776277 12.853637716256756 0.05800713522414719 18.887297812676145 0.03901711689066502 54.73423050420277 
4 0.05901362956948113 18.937518107392087 0.03196445505953514 80.39091184938314 0.03302706643630572 0 0.049967260816148676 33.6060799984116 
2 0.060995338910335206 7.011219569348542 0.057991776490195 8.792226397298421 0.0660015948813561 4.549806190017448 0.06500394418166289 5.1577112808789405 
2 0.06800622097022435 3.1818454616117697 0.03500492362017797 32.54893070442337 0.05301984667857472 11.914139689645074 0.03801435392086004 28.2657208611486 
3 0.085 0 0.07800062900928406 1.3187147135318493 0.032019096009321235 60.288369455820984 0.05298417455749389 19.77942983648779 
2 0.05200160932618783 18.665779686322686 0.03003006725194028 57.69282783799028 0.05500791131797258 16.269662234308605 0.085 0 
2 0.04904432982499776 17.278644684232372 0.038009931927658856 31.38783523500121 0.0480040535337372 18.800939496417342 0.07000066490773343 3.230567506646703 
3 0.048015422118334566 25.496227217762673 0.07800000726751152 1.5234281980014286 0.053001640491066634 20.15841641269796 0.03303704183476314 55.22541235013671 
4 0.05900005771873099 19.93967830787847 0.031032296905916967 89.28278546909307 0.05200671914860003 31.85078177977605 0.04202386918664511 55.257855962885344 
1 0.08 0 0.03700989547792283 28.639423252041595 0.05500835630567443 10.678433099048686 0.062000920061677275 5.65646926885251 
1 0.07300162735662682 0.954377651076924 0.046001573024702015 10.534796055112617 0.04000289885267289 15.583090585076215 0.043006070450301935 12.786979859888824 
3 0.04001374799975334 47.701712548613216 0.06201219357770549 11.924152972384679 0.05800345060981374 16.896280958208383 0.06100586704078278 13.29459982120722 
4 0.082 1.2709488632364074 0.06200710758993566 14.778667392095825 0.07004422058797821 6.1696646660698535 0.0420116980563521 50.7553440417589 
2 0.063 8.500082592128404 0.03503405337706325 44.871253220648654 0.03501661898348006 44.43979727101946 0.05701049068935843 13.328441111810008 
2 0.06201560135302226 7.11547100009053 0.0570038867477208 12.438742329375637 0.05600701749704433 13.539451932505537 0.06800251837641239 4.486470069132013 
4 0.037024951791065214 72.78793254824262 0.0819969663770019 3.9272880662757563 0.07897681327135621 2.41850619422278 0.0790008957430445 1.87985963508901 
3 0.0380245628704445 45.31405765018113 0.05100523101537324 23.026515060659964 0.06400069641871059 8.085014858724971 0.04195680736238583 37.225922639966996 
3 0.035022355656435966 59.557774328553755 0.08300120542367667 0.6423368191981931 0.038021040834734225 52.8120416035152 0.07500000000000001 2.350429079478785 
3 0.03801653447058277 47.09195152624231 0.04102051701200308 40.25207732554927 0.06900073878224813 5.092643132977432 0.08000032562675459 1.1645963746801875 
3 0.07200000000000001 3.711855978185878 0.083 1.0579829654201487 0.03601678835562311 60.45867524464539 0.07202323736060055 4.161796964777893 
3 0.04502791774425165 32.07507454088933 0.05000882285593433 23.627046782093345 0.03004699105870244 65.6578240327835 0.07000004833290288 4.507662640053066 
2 0.07200164757846858 1.8640662099612926 0.042002514625935315 26.469669398257984 0.055000975000434514 13.002595599592262 0.08100292738985505 0.24062814837320298 
4 0.03002823157081047 93.46683140945433 0.083 0.3308497342818355 0.051003167843877435 33.936097168810036 0.06901175173373768 7.701588473588444 
3 0.03897743018312577 44.819569428468576 0.05802011023609523 14.782237661432731 0.08100000193243322 0.5509058976571485 0.07600040967018175 1.6800278545795901 
1 0.081 0 0.03400631053267153 32.616460026612465 0.05800058380023933 8.512209084473334 0.059000799175962654 7.842997317811726 
4 0.04402856450797148 52.754245622852196 0.059003690444201236 21.00901244235168 0.07000184489737965 7.457157893724961 0.07900038190279478 1.4591588875523465 
1 0.042006886043284695 18.282427264822726 0.03900613840668273 22.872013102270266 0.04100597282548762 20.98072184385498 0.08300189573794277 0.2479006332548779 
2 0.04201084874438667 23.53966181918804 0.081 0.6544832629993885 0.08100024401749496 0.4687270496024863 0.05502027022788901 11.594186527283268 
1 0.05801418420071623 3.8362284464185765 0.03800658534578944 17.791814824044472 0.08500241443372443 0.02107933734646661 0.08300021459478535 0 
1 0.05300458208581379 8.24948567929292 0.04100211149324901 14.75017850690379 0.069 0.9819066499921469 0.07700000000000001 0.41529404226293876 
4 0.084 1.0510432801972431 0.08100114590192209 0.9394654902183569 0.083 1.1938232973152672 0.04401589216305354 52.17234317684011 
4 0.06002577813890556 17.044367516934354 0.0430082320898615 46.96278432588592 0.0730381502685633 3.354261752885453 0.06700138969490188 8.97164098529932 
4 0.07800000000000001 2.1127926955190897 0.058 19.795322338790832 0.07300089028459529 3.5353978170960065 0.08200001189304582 1.3514601094192604 
2 0.06501351767130874 6.384299827095336 0.05800429603968271 8.672175756311866 0.04400454775004456 22.64276595055535 0.03501098236232457 33.3114789161052 
2 0.07200041119942707 2.2788597481573714 0.041985130428253324 30.11805154060739 0.04600875980610333 23.299164346516076 0.05300591534738956 15.160281941810998 
3 0.07300000000000001 3.1877214866393446 0.07200354900589662 3.9265681947268707 0.059008816840031945 16.385117800056427 0.04901472476776716 31.639632894987663 
1 0.046005948278212756 13.903493145730154 0.08202927805767396 0.2812417229289081 0.07300059941800636 1.4002120388421857 0.061000551855478966 6.151083140620498 
4 0.032034467059794625 90.12093989189731 0.061016292198374705 18.20306767741153 0.05300905072975226 32.12591448294467 0.060006917230940385 19.7726161474086 
3 0.060001965171559826 12.42094372344495 0.07300001151952948 2.4789487325368285 0.03403373329047127 55.094452164227164 0.033025387283683316 57.550607488448954 
2 0.056002719317464526 10.764188976878454 0.0700029684545518 2.7819207664133234 0.07900003839343477 0.7916728430535885 0.03501723381130109 36.52514263704888 
1 0.05703252054006052 10.375021414123154 0.03302552415477329 34.7050801569345 0.03601310883395015 30.438463259195125 0.06200084993445505 5.117769566364442 
4 0.045017855575219756 47.92643261623158 0.05900528841954961 20.604148506181552 0.06300495951880111 15.041900113878045 0.06900673646893873 8.089508181316667 
2 0.041012796332437686 23.34878719147708 0.04700754318957719 18.066409134663658 0.033013802150801824 36.33787846109825 0.03201609503699536 37.2662875844431 
2 0.04301472699462594 30.525257693137704 0.07500402941469295 1.6156578900350569 0.06600069056281604 5.411899729645167 0.06600200440765933 5.801555247251943 
3 0.07502550730184268 1.7062625982276862 0.05500827866678537 16.689100408843814 0.033022797055169126 56.43950782123673 0.07700000000000001 1.657096518914334 
4 0.042016236366351586 58.97427002772444 0.07800000000000001 2.6595308109400952 0.06398900155574239 13.978477380191542 0.0580061065470034 23.23412380921032 
3 0.060005083805145916 15.541962979952547 0.06300528552846577 11.981479073696242 0.05400647695261494 23.32259409890002 0.07100107406551678 4.977460850220092 
1 0.060019334467161886 6.122017201699106 0.07297831969703475 1.1782593326379707 0.07300043639618671 1.2662648485104457 0.08200002497283623 0 
1 0.031017751288637804 25.483618522976318 0.04900553134026681 9.822120570752592 0.05400076363013431 8.330905774363128 0.07800000000000001 0.43896072653879764 
1 0.07600000000000001 0.6031190448865931 0.05200658756107066 7.890591534413387 0.083 0 0.05900067502394982 2.7970381830222086 
1 0.05200103736794366 5.861336551652552 0.08404836093667123 0 0.07301501387414994 0.8035333726086412 0.03000499321737883 24.858302629463438 
4 0.07800000000000001 2.118882451919244 0.06900106861594452 7.232797841572056 0.03702013848189599 64.66759056581765 0.0720005527144459 4.257869990770885 
3 0.037032291872399675 51.853875104033214 0.06801940255209185 6.963922277470838 0.04300889732509832 38.38830927812387 0.06800015526859426 6.053421105138452 
3 0.047005076398722784 34.24991859490684 0.07500000000000001 2.4464889495953392 0.081 1.2706826788113856 0.06500433630675424 10.028251183181283 
3 0.049049177471677224 25.71945349729537 0.046010345179816274 34.50646207086526 0.0580125980575644 16.29186438775271 0.06200286857419147 12.324115651356824 
1 0.081 0 0.05300463057905849 10.897522133223237 0.08402258315270425 0 0.04501504381125361 19.09219691808088 
1 0.043007218895365094 13.32628246902232 0.040003450774845885 17.291251219226947 0.0700007727256695 1.2422523388304891 0.043001057570268175 13.578194335557823 
1 0.06300038108105083 2.3247928521355865 0.03902428845968687 16.24931126314753 0.05900020191777597 4.356190656967138 0.07100010880951191 1.0026371109700198 
4 0.085 1.2925680355874398 0.07000032878635692 7.210132753441261 0.07700087098050794 2.538488919605666 0.083 0.843105126830933 
3 0.03302332033678276 64.38426568030374 0.05703100545759294 17.426567570016736 0.05600911896361525 19.153892526265842 0.042012098673099664 43.31700824314051 
2 0.06900041992758746 2.951327212286022 0.084 0 0.032005798984680145 41.401036907645 0.058016652982056244 8.039856377958571 
4 0.0690048797712466 7.309656943656993 0.0500034282232392 34.65176418882172 0.07800000000000001 2.666334030643034 0.05200308266434958 30.787116912955856 
2 0.06600392544528849 6.0502018295566575 0.07600000000000001 1.0724158984788965 0.05400068988347651 12.355841840792884 0.0620055819976946 7.0240018141078355 
2 0.045010320711115576 28.6151015354089 0.04301345177676004 32.207055665091566 0.047010127159475196 0 0.034033346505073475 50.49880803825246 
2 0.084 0 0.0330154336305927 46.96665850242032 0.0610056341168478 8.406057269680037 0.0680008680453801 4.993273914973562 
1 0.060015802828930084 7.44423375770075 0.04600127759163617 14.600402654286349 0.058005100451331455 6.5278927913856215 0.07200212991436292 1.2159204476832006 
3 0.05700125050499011 18.26205036465362 0.06100341958678183 13.296810313255312 0.07100043510472787 4.180239634999374 0.03502265657341985 60.20083181737206 
2 0.047005060959119306 22.89990313863811 0.03403160271968102 43.35921854956758 0.054001725107436796 13.508255142972903 0.07800295845494558 0.7013572469320037 
3 0.04801753270160635 32.81946151676891 0.043016637617533306 43.12664585129298 0.04401322417327313 41.09506116213666 0.07802288231831028 2.191839819985936 
4 0.032029947226323296 89.94017647692529 0.06800095737742906 9.260406714913223 0.03602692473930057 76.68966576268632 0.07500045786035978 3.007719166594175 
3 0.04201550688883768 47.6602643427636 0.07400000000000001 2.7804266762591046 0.049018955798550694 32.38186977639214 0.08000001392977402 1.8771525829554727 
4 0.051004667294462354 33.09972271402157 0.06301113519757745 14.284304298483711 0.053013830655495635 28.79327794188991 0.03502236980714192 74.09562098955175 
2 0.043013264910070445 26.962005269732696 0.055007554491374545 12.507535519190135 0.05800402777544051 10.457045490735986 0.06600250092128639 5.364317573822085 
2 0.04602199393881348 27.013704321736824 0.07000000003203441 4.85508244679362 0.084 0 0.06100097051491918 10.137998846643276 
3 0.04904813858395445 25.8073574972629 0.06600072393655054 7.45027883879291 0.05101007248128843 23.803332977964967 0.04500945190229954 33.736336723416365 
4 0.0790010389406322 2.49105934305612 0.07300137956475769 4.117377245334925 0.083 1.6385677024520602 0.07000526039444888 7.129242711583732 
2 0.067 3.630024374420497 0.05900511939741592 9.794645732473812 0.04701027812683783 19.805679730393436 0.07500000000000001 1.1947331742306417 
3 0.05301078040926089 21.226722190001038 0.03701081494623111 49.50115760541139 0.07300087887090129 2.672996493067382 0.04901451739811232 26.976207527249016 
2 0.08 0 0.04501331565671149 19.92232063583845 0.05604219199899328 10.262166150212298 0.06899303998658295 2.8135532782507937 
1 0.05401525209866203 10.108496720827224 0.03799789314530763 20.45672430345543 0.07900731497612565 0.6254810541284425 0.03200887747191199 28.01817750135494 
1 0.07200000000000001 1.200126081340718 0.07600000000000001 0.8276648504453183 0.07600030654271656 0.6669681412976121 0.0849983985971958 0 
4 0.07802496507156267 2.4577432335578964 0.04803201708541415 43.25448540590392 0.035040927950996906 82.20907588082144 0.08400137231987151 0 
4 0.05000713871540197 35.865716828184816 0.04002641388462632 61.61601198831643 0.03402756941557937 81.34785267475311 0.04801832197714626 39.92438027466618 
1 0.041008392339409123 14.787977506804037 0.08002880578559102 0.262365099455384 0.03102043504757103 24.440694303598477 0.05100048796392645 7.864899492874731 
3 0.03301740446953315 56.72875682022505 0.07000476392833826 4.876674789374043 0.07000180617620766 4.532669844865607 0.04601339004627542 31.401380875390345 
1 0.06403201372770315 4.273359111563044 0.04700210304860067 14.99528927673063 0.03001230692459421 36.1745482758476 0.03600984519676144 27.895057169018457 
4 0.0800000200289585 1.7247570758577457 0.04397361097956722 42.78418909559948 0.06200822828740229 13.42270056566528 0.08300072378021878 0 
4 0.03502290252634639 66.57499001759042 0.08103915343106523 1.8911713315494998 0.0540023693858066 24.44298329808375 0.030971035547748008 79.57859660521093 
3 0.053011283971657316 23.12855941971584 0.0710013299404837 4.223027095610172 0.041020921807776924 44.929889383182974 0.051007130677409716 25.726397208515664 
4 0.0710034091947476 5.430492605415642 0.05001300416801392 30.172151203326138 0.054009196373343483 23.644323351886143 0.05100945859327169 28.65743613456035 
4 0.07800532425654205 2.353493417950725 0.06000177021858101 17.40324035209063 0.052008552694438645 30.80600607951128 0.04901286533571622 36.86530269008103 
3 0.08300410712974568 0 0.085 0 0.054013267120339256 21.32406094186917 0.04901131140568485 29.59138820550186 
4 0.06900796206577545 7.48513856951763 0.03802250869390306 65.89362686411145 0.05800588142009087 21.132465132750156 0.05000979456507612 35.80755194735267 
3 0.0590205972639705 13.038021077034857 0.03102347044743778 58.443177307484504 0.06000137542186445 10.506279565742615 0.06800488250366041 5.515820781752011 
3 0.04904892004926021 26.28778399811031 0.05200908567265787 23.691288779499498 0.065000724726473 9.20495584141524 0.04501375258808693 36.43455955183855 
3 0.04904746520400638 28.20523563477784 0.08500084185250885 1.3831317901463853 0.05398347762171219 22.8858234436579 0.07398929561993331 2.4557108466023467 
1 0.045023737501818095 11.426683212920805 0.057998810447723925 3.7277618659708938 0.07500008295340421 0.4567126970784695 0.0700085033227329 0.8861343192708648 
1 0.05200226338848524 5.200182168709331 0.059000000000000004 2.9101138993271585 0.083 0 0.06700036075019473 1.9894103385071955 
4 0.07200000000000001 4.883516663210783 0.05100367638595833 33.857903517353336 0.0310409229712513 90.96214360177133 0.08100966943071328 1.5920685531631222 
1 0.07601348211110576 0.8261874778004417 0.07100128699421569 1.417817809968793 0.07400000000000001 0.8881366623191528 0.0540033303396431 6.849471442078665 
3 0.047014405656684306 28.344143390336647 0.052950618989210066 20.340112785132863 0.07700713472466045 1.7564434042797725 0.06700357770042446 6.880065118246035 
1 0.04500632160788875 17.075446481381924 0.0829789562146352 0 0.05900049561541749 6.35951157445006 0.083 0.3119002689849624 
1 0.04095822335893264 14.62199106368955 0.084 0 0.04200850340321911 14.937247806697359 0.040007362814940425 14.994303828599854 
2 0.082 0.5573781159119034 0.083 0 0.0420210289763881 29.08248702014651 0.03801423957303578 35.959666839716725 
4 0.034027781997128054 82.20695916530921 0.051009886459291484 35.26153382345241 0.047022665459512156 44.73823048823277 0.05800596955983827 22.454265576116008 
3 0.062007566454752285 10.896164249078033 0.07000196585398735 4.216557853427007 0.052011865506057416 20.878023161359344 0.08 0.46139030974253703 
1 0.0449647457167887 17.777280028448953 0.037008857261888864 26.601519370890017 0.03101166706026709 35.161621658287025 0.06000860992874746 7.625661645972257 
3 0.045018244635601154 35.13270633528748 0.04001682657402687 46.10278037733346 0.07700076596571992 2.044744374678386 0.06800082778557595 6.274619269751882 
2 0.05802112657038499 13.889655286914925 0.035027984560924694 46.7814802358656 0.07600483809942186 1.736674885402341 0.07200042860170297 2.5170212160772745 
3 0.04401900694309824 33.30046370640734 0.07302300610873068 2.6547570612866855 0.05900479233113365 13.457629068592256 0.034032392982021056 53.02315183126454 
3 0.0640000676033107 10.209866570126998 0.05500803404154524 20.711645148747813 0.082 1.0729084081011475 0.03402418526353991 51.299225808622985 
3 0.04204419981174249 39.69490171137354 0.06900072331365278 5.2942383713330265 0.05000916381508339 26.36901720488379 0.07400000000031065 2.361435750765529 
1 0.04201892861701422 10.90394689613578 0.06400009124702566 3.2982218805700643 0.058003955296297524 4.257097516387503 0.057003642366589266 4.77368647698554 
1 0.083 0 0.06900037289709858 1.305223579810844 0.062000000000000006 3.7450895320845015 0.069 1.3940096096721737 
3 0.07400689093321187 2.7368478321937797 0.07000258849942204 5.352861057319752 0.07300121677979324 3.0774014919224624 0.083 0.596930353701248 
3 0.04195302355698051 45.45628503453868 0.041019856661438855 47.79963429874392 0.06300844647457624 11.412277296430148 0.0360220629493614 60.18481714944412 
1 0.06600173297751998 2.6218184841630947 0.05500041923667753 7.900836457931674 0.085 0 0.06400475943250583 4.521814073574055 
4 0.048010852840672254 39.13328798837119 0.08195058135000333 0.3343396797116946 0.0720124316363891 4.604745419802741 0.082 1.6425843378646066 
1 0.03200927504428354 34.07584336541848 0.05000565368287713 14.72104017518146 0.07600092929053934 0.813265840154607 0.04900265451536329 14.119655129873369 
1 0.06900568942954188 0.8662166371315996 0.04300257535131731 11.15420512397412 0.07100000000000001 0.8353640353328646 0.081 0.05771307318970415 
2 0.050001677657601294 18.74661166408137 0.05900662847494682 10.643322481175083 0.045014049976386264 26.39727684619115 0.072000517370753 2.16863915938936 
1 0.04000091493773401 18.665500032356594 0.06900003868685914 1.7495513126475037 0.05400052809269074 8.92081567735072 0.0630006661335711 4.360950187830901 
3 0.042023048016961974 41.40794818209626 0.06300684615923793 10.485242979215446 0.03703108152307971 52.56078826716845 0.06401513889606877 9.991734537222934 
2 0.060006132229605956 7.710771338822557 0.08000428582209676 0.6738743953487036 0.05500590268517141 12.696786775676271 0.085 0.12955607757754006 
3 0.04202360673625653 43.307463105739394 0.05300532464869584 23.179391343148204 0.06704631347934184 7.92978101825377 0.059008461736402125 15.587001044305289 
4 0.030049570110124282 89.80990707649673 0.04900392378944913 36.852626928411524 0.044018691274614954 48.388402032470765 0.06698739551235988 9.414486838515359 
3 0.05300212784513118 22.905116607041865 0.0520110531645211 24.058325172597087 0.08 0.1578448305068648 0.07100058142823967 4.389713947160958 
2 0.047019594107238535 21.996718467405678 0.0700030313985938 3.861094937613966 0.04001103839662631 34.02669920048432 0.03404267220476731 45.5910112439909 
1 0.03601604692152663 14.88364842915693 0.04200450909649643 11.678998025566612 0.03900275277428435 14.212514569108965 0.044003795365896596 11.096937223045295 
2 0.03202909550871273 47.841487273484965 0.08104605086008837 0 0.0400249786761146 32.652348060670334 0.08396312227521743 0 
4 0.07100452841647761 5.934158014329631 0.04502499411243784 50.27966045751782 0.0680006743437378 9.367005027995862 0.03003730440270369 97.41002927246518 
1 0.08300403237110376 0.7038779293765989 0.042003120697443365 20.99841008082256 0.06595787734118463 2.8822640878879433 0.04100926921198016 22.642506848186837 
4 0.07400000000000001 3.6012848314206183 0.08000059851622185 1.5587995938143133 0.07601089660020033 2.822674295446355 0.05002383279590995 36.714416210372576 
1 0.084 0.40175113250068967 0.07800140638902632 0.3499114247693037 0.081 0.2045011269119787 0.07700061959740315 0.7382949373467614 
1 0.06500005976019005 2.0302160407643552 0.07 1.0609869384613566 0.049002853145829306 8.807405626086021 0.06100430121638483 4.881161219065458 
1 0.06195264720015985 5.884169719523813 0.082 0 0.05004007307533359 10.9081159384936 0.06800068399373665 2.4832207561118578 
1 0.040031219514854444 19.82746642281043 0.05500280452521539 7.841455297807393 0.031019202106683533 28.989033018080733 0.033008400685813274 25.48295985047424 
4 0.054019603526296756 26.87285184767921 0.071992917735673 4.644093834583506 0.055026415070885744 25.683828647919107 0.030033267205690536 91.25200253374042 
4 0.06600799471870986 8.68797771327224 0.06600321777648493 9.60929942269133 0.07500464383792488 2.540126698111234 0.05101306114429761 28.673591665217792 
1 0.03701759796610077 19.933680508275064 0.07297996995962232 1.110054662067262 0.07200371342805811 1.0322869770648742 0.03701934380645218 20.430834308673752 
4 0.07502584765373502 3.1613603815957934 0.06400829826487274 13.65237796073282 0.08101701786912549 0.732527674275946 0.030034286271991437 89.83767131600541 
2 0.07700000000000001 1.1841410683253046 0.0740007503873975 1.7077875535082367 0.07500020995183465 1.4933343606718015 0.05600827060416358 12.618543776147135 
4 0.04904837917505973 31.190648613948213 0.08500105930806084 0.0 0.07201263938401575 4.287057503793934 0.0590093686682313 17.98937153545601 
1 0.034020553047009974 28.9755171537488 0.040006439386403296 22.225879430122475 0.03201266877590132 31.997256914798157 0.085031688727979 0.8132585409054223 
2 0.05801315597162142 13.241577561314703 0.07802110592181224 0.8221574044253546 0.07800030450348017 0.9791106270127092 0.05900668588936002 11.542576590452168 
4 0.07200000000000001 4.801680242912514 0.06200839053578656 16.101475123433993 0.0810011774435539 1.6220267884531443 0.0670120581762779 9.683683653030815 
3 0.06900011582402545 5.563406793505459 0.062964647874658 11.475613982606642 0.04901644497459211 30.19130720667579 0.0390220166451415 50.14846659035416 
4 0.06300127903342768 13.063179542706257 0.04001150420419762 54.54045183389073 0.07900000000000001 1.4323098161108847 0.0800000537455281 1.3722417331519137 
4 0.0570090920160671 19.97522335163922 0.07600101107331789 2.177769044917464 0.03495481960202722 69.31815383187747 0.07500000000000001 2.543920186915621 
2 0.06200007784799725 9.639879745239703 0.05900267420576364 12.137567906131615 0.07600279008731077 1.4945124840548119 0.03901363916681207 38.31840696226017 
3 0.0740068515142939 2.7201421536477675 0.08300000162891416 0.8874405055525275 0.08100069246940506 0.8897840970467917 0.05700313390181903 18.90831348184913 
4 0.0440200815934803 49.56454830463325 0.07900000000000001 1.0883794622460772 0.08 1.8371376714976086 0.06900119310983112 7.644770455944295 
2 0.06500000681882435 7.822941272077821 0.07200081371820749 2.4435316506673597 0.06600060994158186 6.663963051561121 0.07200078015314507 2.6820696092739387 
4 0.057009607606858546 20.525764133476876 0.07600107576080128 2.2950219143177137 0.04900934413810717 35.57173501183853 0.07098468538415345 5.272179002804216 
3 0.062007036118544336 11.149868156466304 0.0770009152486491 1.6197345201053366 0.07600100246330663 1.752323736650535 0.06000236180601806 12.965178799222613 
3 0.08300411751851393 0 0.06600950018857822 8.854200722195614 0.06100516082757033 14.680220110934306 0.05700514185354955 19.819282229523985 
4 0.08000002868551154 1.4650647302893418 0.055008262497929415 24.425434303301927 0.083 0 0.085 0 
1 0.04502023447458512 14.353815024529922 0.03795094646136037 22.938944850980192 0.06100060952902088 6.3607830522608335 0.06700059031250619 2.9958644694033287 
4 0.0660086411423762 9.38890503744851 0.07400140159639274 3.2609989046855494 0.036029399208811555 69.58719923728452 0.08500005624097014 0 
1 0.04300879133940662 15.75411971451219 0.039006939140461966 38.606543504847835 0.053005480884122616 10.097543951949838 0.057000561740820535 7.212110242050023 
2 0.03401416091741914 40.752369841200206 0.05900435070579775 9.91568026285247 0.07900056680275125 0.8104775169220645 0.081 0.1614108717083639 
1 0.030010326366099183 27.880537678151676 0.04200771801959589 14.916576554732021 0.07 0.8696830747639253 0.07200000000000001 1.1260426756309587 
4 0.041017798052752755 52.435205869034014 0.06402083438610089 11.458630766333641 0.047009982076416476 37.606539060481715 0.06300164285246908 12.847712162170442 
3 0.050023712028759965 21.47246420584291 0.0690018301497659 4.755105262783865 0.03202235348482782 52.740300674554355 0.03401769661580187 50.92114208594646 
4 0.03801940366951391 65.4250587291815 0.07700000000012223 2.7918206705102966 0.05900226690081822 19.249806317986643 0.039024613237273784 62.865529651083115 
1 0.07600076872804737 0.7600025567084837 0.05200439629071195 10.951668467195415 0.05900089391669731 6.706204519398899 0.0330072751693138 28.44090994865665 
3 0.03495058736096067 58.84260208172948 0.033030110202979135 64.24538819606609 0.036021216102202214 57.24584540937494 0.052024905864490385 24.9924129343528 
4 0.085 0.9631810445224325 0.08000078494266519 1.30485652283557 0.031007550558180164 94.74966239684959 0.05200708502211823 31.630727677384222 
2 0.0450175219418734 27.422983420611434 0.0820082494570051 0 0.084 0 0.03202055297236174 52.43568867788959 
4 0.084 0 0.06002419095333073 15.98523723630117 0.033023324973592214 72.2172233749928 0.06200211071549116 14.183300368551222 
4 0.07600000000000001 3.0114445191582857 0.059001412839764095 21.233270156827267 0.08400069731900238 0.32297560947363685 0.061015451260935355 17.870984606893245 
1 0.07500089787309233 0.43750924611311287 0.04800675117334703 13.362376171025444 0.039032177293194074 20.620731847058984 0.06600015768477799 4.187955450257636 
2 0.06600526833992891 4.202087543333538 0.06800055251122866 5.057598186229658 0.03302374639608306 46.949575994165166 0.06100368213827976 8.633474364083849 
2 0.03401963930538181 34.279684574104756 0.06700017998523389 2.656736047906387 0.06500255983106278 4.844379194580146 0.05200658558622335 12.502720091808786 
2 0.08 0.43902825267768614 0.030022803654236332 49.5297140917017 0.05301672425315319 16.122778213833957 0.06000128512547948 10.001877176801575 
1 0.036016291386246235 22.23033874424827 0.04300717969223098 14.592575608358427 0.06600039513587584 2.396222999038339 0.04400177869459957 13.807756104146193 
1 0.048015210377997705 11.65362952231752 0.06200287791574773 5.0138684710197605 0.082 0 0.05200586288742413 8.657667773597275 
2 0.07800357106661648 0.6125187582435877 0.04801672712441149 24.02271107643411 0.05800115789486681 12.69481607069771 0.06200308819320015 9.645775365983406 
4 0.07100362606008626 5.35214955466603 0.04702369438667617 37.19564151925142 0.03702723942757889 63.41074580176871 0.07600000000115717 2.3269139120227837 
3 0.05101589649720427 24.538176674598603 0.04701144772174864 31.3376191592024 0.031042776788442722 64.66158368427365 0.03602087451460875 54.16571288824581 
2 0.06903482044954637 4.525468889585879 0.084 0 0.08100001724757148 0.5390405660363677 0.05500048432917577 12.661391935478333 
3 0.0540073810568633 22.019100785291172 0.08298492213910276 0 0.085 0 0.04801158724183986 27.608985678305892 
1 0.05700424995408852 4.117175537285981 0.07900046495743926 0.2098554759081317 0.06700020103018943 2.4094772755239147 0.07300000000000001 0.5814510867754513 
2 0.067 6.373141073080913 0.07900061159328768 1.019789424894615 0.082 0.14643901568519457 0.052033123094877884 18.614684049818578 
4 0.054020627991588945 27.540355206940394 0.07300533053913448 3.9011397098391374 0.059002014112114226 19.778836490010466 0.03303725077438399 82.80338254801443 
4 0.048027134835086784 37.464540469737315 0.04501523692482497 43.747316887116995 0.03102421413155143 84.79138118290403 0.07201041175743 4.646642799985875 
4 0.06600919306128136 10.853498725392848 0.031040344029285197 89.37091039346802 0.05600463915698334 24.73104062170188 0.0370197894682376 70.56694940413091 
2 0.06100646523404392 12.273734903408714 0.06500208105511271 7.55113518189159 0.03202189368990696 50.46932538264332 0.06000392891298444 10.792912187528703 
4 0.08199359509479077 1.3443374345422825 0.04201520471422518 49.580765979426786 0.06000136842094462 16.297437675554825 0.055009101344166755 24.389690914355928 
1 0.048049238944035934 12.698747727167486 0.0370061976831282 19.71382044546201 0.031010725373207107 27.186449678346992 0.07200035836674644 0.963572838892829 
3 0.06501456868222562 9.227146368399085 0.05001529606791812 28.568754458169792 0.06900134219145665 5.838084874459104 0.04202136165295161 43.100459290036596 
3 0.031022155433198875 56.60505421049139 0.0580003617300526 16.32338545087979 0.07200578178471176 3.2778554550255867 0.08000028641330914 1.0122824172005653 
3 0.07900000000000001 1.638344326891825 0.03603245327295028 48.47255775606539 0.06000152805437848 11.168641898541784 0.0780007620688924 1.1155569136349774 
4 0.04099021765395792 56.559359740474044 0.044017480262784854 50.82851223094848 0.0560282441079228 24.801736603367775 0.084 0 
4 0.06500109952839173 11.987464233171437 0.051022479373352865 35.25361659808217 0.07000303425088411 7.097055205551654 0.0480095820401583 40.97072151686663 
2 0.032026274002975114 47.67477275830754 0.03602184787219698 39.790006792918824 0.07100669169457847 3.1974479066541015 0.05500451678416842 13.616845968986098 
3 0.05900438281153428 16.069659499862503 0.06500681451564351 9.917881507084719 0.034018577381745116 64.60010683135472 0.05600976694647177 19.886796549665625 
4 0.06900039791039053 7.276906722104275 0.08199573808091462 1.3878889721260723 0.03902545563377875 57.49027073324359 0.0349706678754986 68.78480656560367 
2 0.08300403952859546 0.7038961629745171 0.05200145046979977 14.470383805326406 0.0740004617093909 1.5862270083995724 0.06700109100434183 4.279232313151157 
4 0.05101061773473025 34.00264002394367 0.06301209158014723 14.957364302021706 0.038021676795810755 67.55441424238738 0.03402761502341267 80.96907809890483 
4 0.04303854945012435 56.76750561180416 0.07100066178021842 6.26093411135073 0.085 1.2583446494856507 0.031035423818942184 90.20771743493177 
4 0.044037431141275174 52.074334327764156 0.0610020539146421 18.049269541537527 0.04801994199775342 42.74786784630072 0.036019133641265036 76.45546131538431 
2 0.07502521432219172 1.627527691889339 0.07500060281312179 1.3069078350426488 0.082 0 0.030979979750368827 42.7199668382893 
4 0.05100302000856221 33.069367420563474 0.058007853526021703 20.557944585688105 0.07500895653253208 3.0728148240626347 0.04701294511957432 40.81065378033439 
2 0.05001418974661198 20.449302044035335 0.06700947314636192 4.742252534938306 0.05500345479177017 14.958836028678942 0.07200763269235988 2.6780227630588813 
4 0.0690392401536746 8.473199730452674 0.05701239140714993 25.07460424813229 0.07600153637875201 2.905041961983589 0.03702509112101843 73.91659606689791 
4 0.062014503138208714 16.45958604025743 0.05000620355830843 37.302378224254056 0.07300000000000001 4.068878152988521 0.041016822871090736 59.89414338881063 
4 0.04601627756265274 46.81545267542694 0.07800000000000001 2.3999540031576125 0.04301791847071268 54.960496812465394 0.047019472028693846 43.97445011853738 
3 0.04801457979042928 27.85285703449084 0.078000090101345 1.6224758154893968 0.038025167302749 46.8477774716333 0.046016967407056096 30.68334631603171 
3 0.06200125432459346 9.821243875888214 0.030022419362565902 61.92165459426075 0.0690003039207531 6.853121629515078 0.05000899774779848 23.10996351720136 
4 0.05502562618335578 20.692812363870107 0.056004971017674585 21.571052728613736 0.06500795648175323 10.655642236208898 0.059003410844158284 18.40388540277597 
1 0.07700000000000001 0.7300342957804878 0.049005932851917997 11.910250464030135 0.07400048618324603 1.1468002279089016 0.03300611641316138 29.17365864437338 
1 0.04903605345266727 9.20179455025168 0.034014652924519426 26.74241682101409 0.0660059134160173 3.1177266642062778 0.04601409519958738 15.429337798159604 
1 0.06300031474358822 2.1636808786121793 0.068 1.2234935267359408 0.07900249107952025 0 0.04800318638027264 9.787195097300009 
4 0.0810007970166243 0.45056650179336216 0.044013290375844755 45.23350671245832 0.060001956196338205 15.93225701393105 0.0390168699527094 57.81575420468478 
4 0.038023085511284416 64.09909887715496 0.05700998158119909 22.619681917991382 0.058005625947997116 20.573648951075747 0.058007620195420696 20.643183518832963 
3 0.04702198986113573 33.13464699881459 0.036015862772628 57.81595240435939 0.06100894856415949 12.916221618726393 0.032024104382662455 66.93601951173325 
4 0.07100358355697829 5.259800192834744 0.06100786111083825 15.947432062343967 0.036011885864564594 65.32471369505245 0.07300654389424574 3.4873865261292285 
3 0.05404485163454291 19.919152777774116 0.03502958545375337 51.994185420272174 0.03202345610632694 59.05917183420773 0.0720166609024746 2.9858654199218795 
4 0.07502580277292845 3.060080027602263 0.06700618710298237 9.561610033359797 0.0710010586156629 5.563569277509535 0.04101789832824567 56.0855661722736 
1 0.07700000000000001 1.1991683744033528 0.048029559604370387 14.982822520708638 0.07100045133926307 2.24848385664938 0.03300918364796773 34.19324635948755 
2 0.073032727088078 2.2741585743640367 0.0420130078679019 34.10378566726254 0.07000040093180541 4.77760806346192 0.04601034649724997 27.144179732087522 
4 0.030042497472786922 81.33476902617038 0.07397082653285464 2.956850967092441 0.033024920852668296 70.99477035077138 0.05301054716777949 26.44012099692929 
4 0.08000002947270055 1.445091096221502 0.05601552125819393 22.80860641993325 0.036035831737862456 68.45437626263444 0.08301545783482822 0 
3 0.05604286033774522 16.296196364336307 0.037013595400174515 45.663228804501166 0.041016514690448674 37.83564660843324 0.03901719148228688 41.5744285550193 
4 0.04699338481156885 43.6416590047308 0.07200473799367912 5.00396949997801 0.046025824892927884 46.06420201753451 0.03602710816584745 75.33003943938265 
4 0.085 0.1900065560591592 0.03402326146414547 58.809833766483415 0.069 7.356754324551251 0.08400035698386787 1.147540063795091 
3 0.0710029150967792 4.842701710365339 0.07200072162221545 3.5778620660450984 0.04401638790279094 38.487000053540406 0.082 0 
1 0.0390086583040334 19.981645270460227 0.05500067422440332 7.81490716762583 0.055002894410495294 6.923904935007654 0.05800088666518487 5.897836898149848 
4 0.042023773950523216 56.59026863037137 0.07100025958330669 6.3059853164568 0.047019686684555174 43.30198758699349 0.07800000000000001 2.210272788499243 
4 0.08300413876259403 0.5445496317067122 0.07600122716484772 2.4982165641948355 0.0320376853357701 78.96448214560212 0.07602658610929489 2.2701467052408497 
3 0.07700067493192159 2.212715590103813 0.07000149529477181 5.236105286071673 0.035022716346866975 62.580151952630395 0.03300967860936356 68.05062653097674 
4 0.03002548322040645 66.49433501030983 0.08304151803226088 2.219073502978144 0.07500000083572328 2.733820476995844 0.0800003962419315 1.3867508880090613 
2 0.037009922225503575 31.200449509955824 0.043006804205814736 21.310806727865014 0.05400164441875721 11.441415774220692 0.03600930149726256 31.3316129251782 
2 0.06501858668928569 6.311806326894327 0.082 0.2267184023885249 0.06700049498400579 4.061379682506555 0.05400684932263669 11.98868036413105 
1 0.051002007629323665 11.794074524604595 0.06800145861925455 3.0878539803853666 0.06100119013458722 5.878473793097111 0.04300717286658364 18.131827770685735 
3 0.07200000000000001 3.614525530619865 0.07800053419968382 1.2494617436247313 0.06200782468828441 12.32757681320465 0.07700123017541352 1.942882948739463 
1 0.0760469827453808 0.8272369461866135 0.0320111300447401 25.8109468345747 0.05001912798799157 9.856031507806781 0.051001294845283235 9.33888217915703 
1 0.03401118740845076 32.491986928259365 0.04101034657108401 23.409458141436684 0.055953119035432985 10.444817981775138 0.04001717623642268 24.147422075379545 
4 0.06201669126838394 14.32918819252891 0.05300744716792924 27.000803553718203 0.03102475948071401 81.51192602469908 0.04501766090287765 42.36726573072037 
4 0.03703001071711637 63.40182705463536 0.081 0.9225988898078985 0.0750012037919264 2.8141199029128687 0.037003980659425284 64.4882216089251 
2 0.03302252486499287 35.472794854847976 0.07700000000000001 1.1824728228486387 0.07200179105996547 1.6403717627704686 0.066004770432917 4.476510234866404 
2 0.03502554800890684 34.11005825143429 0.040010202484047644 26.392717397317778 0.06400001075249577 4.304935696094631 0.06600041557689557 4.277469683594779 
1 0.03401779542547001 27.56250870825393 0.05500081493899756 8.286651144727673 0.05300469613134089 10.141823299423443 0.08000863586737311 0.4116383533825132 
3 0.034018769864330334 58.82149467013635 0.03901869755999792 46.51319552087859 0.040014599225262314 44.10710907502228 0.06300127309371661 9.861419476968992 
3 0.03103046477989406 68.46902292736067 0.049020534624330224 29.208955072005992 0.043013879472449223 39.79147590315921 0.07200000000000001 3.8174831089703027 
3 0.08100041580152947 0.34219989072438384 0.04299394587659261 41.46184529874048 0.07801224826968443 1.4886600630923217 0.05897617825436156 15.343573672824137 
3 0.06500687233236016 9.050293805402431 0.048010020492563005 29.23099669967565 0.07800011160417565 1.6248513770857578 0.08000014297242815 0.7074944500416299 
2 0.039009556593122476 35.57323003093412 0.046027269778235014 24.011372508589368 0.055009272605944425 13.969192348480057 0.0730011422365426 1.952344070188295 
2 0.05900391718202841 7.744752493515929 0.08000001802493337 0.4636912353302885 0.045001750929895556 20.32446870687345 0.050004993889423824 15.536648822116984 
4 0.061009282365148985 13.68993947730814 0.07400010397776599 2.9165741953774735 0.030034413787203645 67.1137715712915 0.08000025267967721 1.605753087886227 
3 0.05901688779623222 12.893244101299182 0.04601322894964389 28.461277027168702 0.06600040943935578 6.671009697029035 0.03201721573174522 55.36567562056089 
1 0.07500084374366908 0.39376322325773316 0.05900110012295668 5.477906885321678 0.06100030576038575 5.042501384567595 0.0340093129749527 24.121402363199003 
1 0.05100315212746624 12.321179028890306 0.07403579580878085 0.8659765721825402 0.057035999200024105 8.980049639901747 0.08302863651181518 0 
2 0.07900000000000001 0.7900962177872615 0.05101374475618848 14.6638365762925 0.05600330082597894 11.628205785492735 0.03401253886002514 37.705694581020545 
1 0.081 0.2424856456937715 0.04500215637084885 10.792935182915166 0.031033439164691187 24.491963687928216 0.03800806260634084 17.59753220431008 
4 0.08300413915259638 0.5478961246994618 0.0830002063040374 1.1743526439111662 0.05301735879409062 27.488418541395085 0.040029116403314746 56.74599520354643 
3 0.07502555622556303 2.051440869038222 0.06300140133510529 9.825908173552797 0.04400457905144509 35.71215911309842 0.07600002980780966 1.5213958505851564 
2 0.04100577434327413 31.98787971742151 0.07002772355193039 4.136264441717646 0.05597101753668811 12.999048529858138 0.05700229145901969 12.174256813706851 
1 0.04500321407270577 18.9161839132053 0.053002855889311536 11.795180563708765 0.05400188743454165 10.62400278883375 0.059000874861282325 7.021910343307681 
3 0.06795921045870096 5.499303033449214 0.08000085930478994 0.6866334043073947 0.06301109463049995 10.88316229050825 0.03903106135715109 47.90781646924076 
2 0.0830040611755626 0 0.07900000000000001 0.9651521611083803 0.06000115748644417 11.025667224119449 0.0640012343472921 7.409960960977995 
1 0.082 0.06066621325417786 0.08100035064933397 0.15937083924921575 0.07302667315204991 0.6261874470989511 0.038009232522639505 19.52962654191145 
4 0.085 0.6202560201626347 0.031030049525727063 86.60451878954068 0.04401527619751001 44.20145136440682 0.06400139849404499 12.049949833606107 
4 0.07700126362618662 2.1212492470964732 0.05600624026757953 26.046238768989813 0.07904808962413257 1.387944426117396 0.062005525037773714 16.63798739566374 
1 0.08204294503104911 0.26114834291623773 0.044002312087339644 11.291859504668935 0.032008506372948164 18.0647161794588 0.05602982903255033 5.5809613851553515 
1 0.054021842200309124 9.30594237165662 0.08000027905516327 0.17076136092192357 0.032027123807152946 36.193330878705986 0.04700627748470087 17.901270208894736 
3 0.03101896628971479 65.9162708600682 0.03401868724069654 59.310754648287286 0.07100001185468283 4.258943921416434 0.08200187488866942 1.0793107861563138 
3 0.0770051274203703 1.8605312196873929 0.084 0 0.06103388042462544 11.59305453036176 0.04501570177905626 33.40877567644757 
4 0.07800585086940522 2.54528022811636 0.07495652729410829 3.1623177278102372 0.06400816031522602 13.666839257208126 0.055007569464061296 27.351568373183554 
2 0.04700679760293646 22.04794102194246 0.05200510300522366 16.156726473764195 0.0510083967518538 16.97034670417443 0.06900163325672178 3.516176680409302 
1 0.04800614121397753 8.61278876150899 0.04600477300745157 9.714884880888963 0.053000860199287965 6.380644311386945 0.07301284957073778 0.8176681420291466 
4 0.0380212793383823 63.02890676781657 0.036027489689367045 69.13949451220286 0.05300488495169914 28.587458332051035 0.07600076484976101 2.569658580802087 
4 0.03002374537433869 84.31826284611441 0.0470117724092582 39.78613343696692 0.06700099661316905 9.719792923674358 0.08400372263367335 1.2117943817665615 
3 0.08199236707723329 1.2321374067833186 0.07700054838214651 1.8123362843371063 0.06001158928243666 13.891449023903048 0.07700445391924496 1.9297246516025637 
4 0.03603996440124377 76.58789438908873 0.04701082706210901 44.37626006843512 0.07698301193016437 2.0686847962877364 0.084 1.4973749020104117 
2 0.07600000000000001 1.3871391236401878 0.035026122659536085 49.163233478231845 0.06700480221456727 5.622726861275689 0.05300203108710819 18.561195565950058 
4 0.06101100467113309 18.47430686985616 0.07200120714528663 5.027921709682769 0.0650097686723805 12.626593639204675 0.08200076644576824 0.1631657239560406 
3 0.05200819467689565 25.510134284754425 0.05500884913363519 21.603345117838465 0.04700896841029351 35.18750064949445 0.06201196144300918 12.648372282239718 
4 0.07800000000000001 2.1011905161081987 0.04800974876241014 36.944838901708266 0.031030759832930008 83.09362259774485 0.07904929080193646 0.5287662374631347 
4 0.06900669551894213 7.00196179464397 0.03502713058586619 69.56946047354812 0.03303184636759281 75.43125491207059 0.0480233475256105 35.61529215434091 
1 0.07500088026814317 0.391877353252186 0.031013433887018646 29.16549356710449 0.07400000000000001 0.9589052976201091 0.0570423644205402 6.671027544901508 
1 0.067 1.2329609748710066 0.0460028607035631 9.048665178775018 0.03897469080330555 14.260148488842706 0.08503250491552872 0 
3 0.06000113242483073 9.894809924938397 0.06900221621791283 4.53053605500868 0.08000033678691418 1.0560652518904854 0.06900077903165966 4.727503619623526 
4 0.061010781471709186 17.746769274233515 0.053992666900105755 28.558544682493157 0.07300161221781663 3.9018363024576006 0.06400201462089597 13.492212843265431 
4 0.085 0.8289178723078613 0.054009860273158766 26.68515937402028 0.083 1.9105159837003538 0.031034692480411047 85.55592495567939 
1 0.0630338611481337 2.7906984885213744 0.05300397010698042 9.888325410869804 0.07500023837337892 0.7051333244867035 0.06200248465199157 4.056976406469692 
1 0.06600313265319843 3.145570712016486 0.048001604560251016 12.785924284650184 0.06600163153362407 2.750284690710276 0.04601539114890188 15.931915869933366 
4 0.06402491352747477 13.8972119737589 0.06800298097959724 9.108991136931355 0.04103186434217497 59.506697586011754 0.0810481131602413 2.110165745351982 
3 0.036034769443338124 54.99521350346473 0.052007278137022384 25.237743536326555 0.06400617540169165 10.572093338208791 0.052011595643104105 24.689538543573857 
2 0.084 0 0.06200193070275532 9.245863331458082 0.040015095757824234 34.3473406899631 0.05400249507105513 14.771545387715362 
4 0.04303842938286785 54.11938234936891 0.06300181039082405 14.360975529671943 0.07700377699236077 2.4726312918801114 0.05402620031281993 28.069158756455806 
2 0.03901057518347646 37.29494293599396 0.06900008626077073 4.711087473977796 0.08100028970396034 0.8449329082714543 0.053001314359032506 17.774278762692497 
1 0.07200000000000001 1.4367270776229621 0.06100860361941367 5.638752069769343 0.0620003939628704 5.791837779799668 0.082 0.1455946354615116 
2 0.04101289367960087 36.06901083937659 0.03601252230996513 45.1895906627625 0.05502215795000818 16.601907799825184 0.083 0.6915959432378569 
2 0.052002960769707604 14.614431502555153 0.059001369684514325 10.759010011312057 0.05400525286210693 15.87770538656794 0.0300280578654675 52.18566311952112 
1 0.06400082416755473 5.0839083542214 0.03095141157016036 30.111926249082742 0.04301004546447455 17.36821780252954 0.0530007818273097 9.280186042172147 
4 0.045006754159165115 46.31479631426009 0.08100506374354352 0.8975190573072118 0.08000079274679976 1.3693302729491446 0.03802192790845111 66.23442877585903 
2 0.037994839522883905 39.33536569174157 0.06200077235417578 8.67950504248997 0.08200460897813922 0.8586214956349631 0.08100069115807143 0.479646257341817 
1 0.06900318445518568 2.062028619284934 0.06200099947674579 4.143033253223791 0.05800047028985301 6.361435701808309 0.05300250983164363 8.92783798747482 
1 0.0560307301996815 7.168597188716468 0.063 2.727829810979927 0.04600656382024319 10.707876146701524 0.05000157510686769 9.38578778388509 
2 0.04600876324606343 18.15208063504847 0.048004231536312274 17.113202312399693 0.03502446418389896 33.76301078772725 0.06300078240563431 4.857575938008996 
2 0.07200057469144171 2.61344393208795 0.06503604200800861 6.753294509252248 0.07100085251109656 3.167892239822921 0.045018446480787205 25.88945658179172 
4 0.04698075393657546 40.51844307116501 0.04202027094425906 52.08746355042006 0.08300812546248403 0.35392135205335595 0.041016003136631084 54.501244780560995 
4 0.0450065354663863 43.266831982182865 0.08400063193430282 0.5343841520947534 0.08200046133728636 0.44669815080171577 0.07403310462100461 3.1722517833613995 
3 0.049043440941784484 26.68074421805204 0.07400002185090615 2.5940971305593465 0.06999971230869698 4.7997565937613125 0.0660059030296286 8.102848068787472 
3 0.03801170171914467 49.7255841533992 0.06900043708767144 5.553849590844514 0.061004791129828484 13.17681115572056 0.035015625917798096 56.03164893911144 
2 0.07502521165565418 1.6222639538847496 0.05099309917832169 15.679026979758723 0.06100049574087084 8.176899627209256 0.07300094014960799 1.6897952300155021 
2 0.06800283684748615 4.94972058477336 0.04703803601490296 24.528250149213633 0.04501180994299499 28.036891896928196 0.08000088753003097 1.0033946390951791 
3 0.031036039988308048 64.59887018172806 0.05401133666850757 19.58899706221981 0.07100889746757076 3.7019112265089245 0.040998516566979226 41.40856716475079 
3 0.04101200918293669 45.1628049274295 0.06001360785309295 13.835158830734581 0.0760000606549184 2.1449427003799 0.06600486337186133 8.353207300876635 
1 0.030012507045397388 31.768545234775782 0.06600593110704192 2.3673463361730027 0.04100327501450091 20.229367433179863 0.07100000000000001 1.2041375734461952 
3 0.05101403483436544 20.888543501266554 0.03301502235646396 54.837509320517924 0.04101060639235749 37.96253860274177 0.08500494490107433 1.2296233259161606 
4 0.041019212076941244 61.288048274391116 0.07204500588770328 4.8535696247395945 0.0450227641318025 50.34685439667385 0.0460156863193624 47.45819752736917 
2 0.04101047093931299 30.716549918836186 0.07698934827958766 1.0730420402737486 0.044008018423116635 26.448772136099784 0.06901607257453096 4.5328917952301175 
1 0.07200000000000001 1.2197725630969247 0.07700000000000001 0.7357138309143725 0.082 0 0.051000879271725086 11.710482325448222 
3 0.059010171141387936 13.902873887937291 0.07 4.3441966496205335 0.06600101967228848 7.778973417154298 0.05200274625541046 22.758327162851174 
4 0.03603990918587728 75.92605123542293 0.08200303805300216 0.025446166733836678 0.083 1.515930450193788 0.049026056824565886 38.500680451768694 
2 0.07200089565027737 1.7189623461510664 0.083 0 0.0780000531315168 0.7231970412975411 0.083 0.026936738592925936 
3 0.07100274771783951 4.250115579314128 0.04203392943240712 41.913373018055566 0.04501484021702442 33.80832889658455 0.03502627663664802 57.24510571160962 
4 0.04701439637983668 45.172960070020174 0.04101850346189081 61.81529446884934 0.05001903623677816 38.26825373567352 0.07600084575012603 2.897590662406361 
4 0.04701666447945584 35.35074667812251 0.06300159809566908 12.662825407071882 0.07200400475824786 4.111552597264286 0.08000043005714128 1.0446787683904828 
1 0.067000330838968 3.9226355829164663 0.06500300237228085 4.348033789623682 0.06300331009409092 5.254520016546817 0.04600408990687846 15.793784918496453 
3 0.047029921489214394 35.29270635653308 0.0650115378865134 9.36710130815063 0.05800352477677712 17.782494110170422 0.07000547320028974 5.424038251313721 
4 0.06401037558915074 11.899475509923889 0.03402684854666371 73.5278755536853 0.062007471405943176 14.163554695863695 0.06400224197227686 12.188148424209768 
3 0.03503100032506312 62.3521161496277 0.0450146455125523 38.83097541761958 0.037021624694397695 57.87721635096796 0.05900167170233406 16.632787942809152 
2 0.07400890374304814 1.2891646049279268 0.06400287631118254 6.211144354922222 0.07800007619996555 0.9143976580317892 0.041006765315578744 23.298978208946224 
1 0.05800569901915034 5.090787469390085 0.0690162142548447 2.160793634550821 0.06700231051462043 2.543239791354993 0.071000577437527 1.1958915352182489 
2 0.062001273059943206 5.803769320794319 0.0560014841974301 11.364345628226442 0.032019996612410326 40.31974958596032 0.04600818116013391 21.32592153550905 
2 0.05600040728283733 12.228962477612317 0.04900437294135891 18.687250908215333 0.07200079231413441 2.1050846664855536 0.05500500803230646 11.703714442510805 
3 0.04501327810351323 30.76923585543645 0.055963598939158435 15.951444397377408 0.08500053611844907 0 0.044965060350982494 31.193823808675315 
1 0.06000019399757106 6.228663362064587 0.061000158847582864 4.17225532169946 0.057981348850874914 10.598739332792785 0.06300052644648162 3.8411831461838637 
4 0.03502774519505544 72.24975970225057 0.07100000000000001 5.845799664088934 0.06000194280193348 17.679763582396095 0.03303672984969651 79.47836741729135 
3 0.04600728002433382 28.637644521533307 0.031023906772988885 61.61468405158462 0.08203365122095078 0.7878385641313651 0.06504041779365174 8.465726777148847 
1 0.045001078486840596 18.197084304996448 0.05300655080749874 11.269803450972349 0.069 3.0177240873770215 0.037002926814073925 25.89090319617692 
1 0.08300400745226108 0.10752660732330817 0.07700209045986185 0.42963077394026405 0.07500035437359126 0.5246522458547368 0.058022801877075134 3.952597357803948 
2 0.03702192131687243 34.016320354643504 0.055023181623721135 12.053944170828808 0.06301894003993533 6.897054296838517 0.07598290996088111 1.0278403469004436 
3 0.04600865323779725 30.85719113410451 0.05700356615167231 16.301399089734772 0.07400603458573213 2.305813568153439 0.08200000961432263 0.9720460468629942 
1 0.07800000000000001 0.7727282501412641 0.03700711037391784 24.802649878886655 0.0300167375182233 34.494661380414236 0.08000005872975899 0.14797966724537762 
4 0.05000916326712963 34.3060163103539 0.07101496953032861 5.322925022538626 0.07200098169459153 4.701751284974654 0.07700074859633382 2.230298267658728 
1 0.081 0.2888593645143414 0.05000452073513788 8.615413951463871 0.07500247329500948 0.6485276799741727 0.07700000000000001 0.31517580090795183 
2 0.032019155250358755 38.81364851363992 0.04400701022347823 22.44245018681238 0.07400000000000001 1.2310223081651805 0.07000038654048685 2.74387757415693 
3 0.04200546382744346 35.83183102801317 0.05800178094903693 13.217327717451887 0.05600737439773051 15.844776146577544 0.084 0.5801276825842326 
2 0.07502525022863293 1.6364827223762128 0.05600581447097878 10.533037219960155 0.05000349562214573 17.229702359525138 0.05800602086635795 9.838191849561769 
3 0.06400024891765549 11.996146907008745 0.032028364638000614 72.21179107285688 0.03902159660501457 53.558036313341056 0.08500141460743935 0.0 
2 0.06800040113119654 4.98517835502188 0.05700341328670223 11.615375121606524 0.07700433550008466 1.0922189435312244 0.0340142512511525 42.043657022905954 
4 0.068 7.905279299110447 0.039019344951313074 55.199681937694095 0.046014647664913304 38.20789127979561 0.058014941908250156 18.44566600661105 
1 0.07598865858023209 1.0716136851378169 0.07600039689509047 0.7737666293506713 0.06400034022159487 5.580505411882715 0.0530041439449529 12.234357838415733 
3 0.042030169388127786 42.446618780471326 0.0320407145289168 67.24685341571661 0.07700000000000001 1.6637103022614403 0.04003491273318265 46.369495805629846 
3 0.08300409634846859 0 0.06500735685333 9.183536726077463 0.0740067676687577 2.4829222456229774 0.04401107623514723 35.061167563377666 
2 0.05700089541776313 12.427376234365074 0.045007964133875894 23.826278512425283 0.08400057182078702 0 0.07295465357192098 1.8652023491976695 
4 0.0819878394496529 1.4113311183642165 0.04902450401441841 33.803785623214885 0.07401176856152789 3.1978972671353714 0.0790005590785599 1.6620257411770694 
4 0.0830041343244523 0.3722798715306383 0.06400986038852709 11.810288280917245 0.04202823458059558 49.762822298697216 0.07500032216058371 2.551450303390871 
1 0.04200744322196519 14.520898259405255 0.050005802538687194 9.245799911066896 0.05100100828545021 9.624459730560874 0.06800083446164686 2.2856749982981226 
4 0.0810012067856274 0.9322306634017529 0.082 1.3242183713005216 0.03502611974327495 70.61067736078452 0.055013152635426145 26.676634685259526 
3 0.07100304449141727 5.116108726787586 0.06496093296936176 9.965648185225376 0.047007513622506054 33.52657978431944 0.04201704507564147 44.26025757906326 
4 0.06900775354332223 6.8134803880462576 0.04202026194256356 47.29159465558564 0.062001614943183965 13.628930177777544 0.08400024273186152 0 
4 0.04801894830878569 42.39532198510904 0.06900748590872302 8.302303355954857 0.04002353881612668 63.996158410226116 0.031029408616723236 95.82664230248085 
2 0.03801107426086544 30.944542517441967 0.07700060204026561 0.9946200254223261 0.03101731737169794 46.52946509645645 0.04400691396083025 21.345625571346254 
1 0.05700087741056407 5.471805985772969 0.05500388776509306 8.280690748078243 0.04802372188028843 13.682943341225819 0.056002980254890505 8.167013933781554 
4 0.060017196185839124 17.808421656426454 0.07200471423273472 4.440879801417328 0.04001316826842978 57.69918023135064 0.08502706784960291 1.5262368889025966 
3 0.04501764252410807 39.00574061121337 0.03802000920868076 54.82025240013945 0.06600103684538253 8.649673498041128 0.060002098354880046 15.59608586240104 
3 0.038003945404367384 55.90004728802465 0.055024219290792604 22.230358470842127 0.07000196838476447 5.394460577628135 0.08200069345497979 1.042184204118968 
3 0.03203183056994004 65.33236983973524 0.03801829986474026 50.74020508526272 0.0540179004572182 21.10232166604127 0.04901124578984352 29.256244237519972 
3 0.03302236685096237 56.18668457366065 0.04101170380947109 39.35558157347766 0.043011878227761126 35.402945157771754 0.08000292139600217 0.39269030686185585 
1 0.06800829137929401 2.297914843553045 0.062029105765777436 6.2665112646749925 0.082 0.035702974790489686 0.07295924022738018 1.471421951866096 
2 0.06800864666964704 4.256171605562129 0.07500000000000001 1.1666244496886204 0.05804443110065978 8.86465727793533 0.03802148439757154 30.95876643752007 
1 0.07003469669471982 1.9999678903034321 0.07300000000000001 0.7770844196404684 0.04000851085818588 14.93573819712556 0.083 0 
1 0.03201418112488605 32.922294845182755 0.07300000000000001 1.0443299338414853 0.035004150598158146 28.670913912198817 0.066 4.95442676297079 
3 0.07900241810344093 0.8332496416613162 0.059008031792275754 14.602555348677566 0.03401842206268588 62.33306422733885 0.03402308633549117 61.75413676037594 
1 0.06201162154695134 4.227709590424816 0.04700121457367084 10.357668646178038 0.082 0 0.050000649026323105 9.0228145083856 
3 0.039020570967170924 46.93207783074611 0.06000086919679677 14.09500955650071 0.035021783505510606 57.97173648157554 0.06900058453236972 5.291925852190877 
1 0.08 0.0 0.041029973659462884 23.449002199920212 0.03103053326963101 35.465455844125174 0.033010652849707625 32.47920675896245 
2 0.08 1.2525877225164275 0.06000656098264163 12.46218509211138 0.05100823776974779 21.086842056709976 0.05600489259758244 15.088943627628208 
1 0.067 3.150061059711181 0.03600776632272901 20.569562140558716 0.04300600551508777 14.884714535157357 0.0700003983716408 1.302736021757015 
4 0.03303087579956568 79.7433364680006 0.07200086564411742 4.483573321101691 0.08499377487007555 0.5937413122722869 0.07800110921235771 2.1728842540381943 
2 0.081 0 0.04900990507230283 14.582296845189573 0.062000195735040696 5.914291267320713 0.060004145706715986 8.043910445895724 
2 0.03801230141543904 33.767413058227966 0.040009693451363876 29.89365442269585 0.0760002798156678 0.9655967876138459 0.030016131284158948 46.89596220941528 
2 0.04701018095069473 23.220279362949775 0.082 0.8548654873973721 0.08200032288931791 0.5919167144082602 0.07300012622665292 2.1524814421706426 
4 0.04700384910032389 40.38520611151796 0.07700101872119908 2.2643534204642126 0.04701201392321207 40.511651586724426 0.06300187884667349 13.454121390128066 
4 0.05401796421695636 27.287145480330608 0.044021668973327314 49.69203354473596 0.03502599523323453 76.23808499487129 0.04900698501819978 37.222948742611806 
3 0.07502565096131647 2.2914701853710375 0.082 0.9798854680125468 0.03702093580844236 56.84060545865393 0.04001742502102956 48.2544686342907 
2 0.04904615002088124 24.970564702300752 0.06600065611046867 6.1141624334836635 0.07898345949719465 0.991440193141173 0.06600322918353024 5.455934710439719 
4 0.03103362259780272 73.8175922025888 0.07600010240748506 2.4122318174103796 0.061008375313658054 17.44027504093292 0.07800497411628976 2.305172703701686 
3 0.08200001414542973 1.1761283309015185 0.07200301065603477 3.7184956636124173 0.04701835087875788 33.36534042455494 0.04701235753504363 33.044622405989266 
4 0.06000006062348412 19.513627730388958 0.06500254221695127 12.760342221293447 0.08500504560194591 0 0.057008218141774085 23.906864511738405 
1 0.07500086141045126 0.3737629839099318 0.06300014583273686 3.824836242084247 0.05300417802971146 8.493566784866687 0.07700002436485953 0.5677650681389076 
3 0.04302237072161663 40.31075527226977 0.04501099031864321 38.11791322650078 0.07002308947118857 5.903042829859489 0.06500372208434409 10.048182896285446 
2 0.07001650392595538 3.538205801802839 0.04601380615966363 27.94870544606505 0.03201870213839918 55.668411435633914 0.07099209495958864 3.679904219174037 
1 0.04699196785507708 12.301109556542436 0.058007215726298945 5.775476839091768 0.04200743413503796 15.105793263669193 0.039004819799300164 18.5184192513567 
2 0.055983363678856694 14.201170000687515 0.07200019747423217 2.184584026905084 0.08000001241125766 0.8095873732548041 0.04797129796046554 22.617549164903995 
2 0.03701542471819119 30.91433594409299 0.053001273245388045 14.251458196260565 0.07000333873773606 2.1699827591693173 0.057005151237671 9.856764417003042 
4 0.04302471700265948 47.957191565908175 0.044015341043386405 44.954978056229876 0.0380157955806933 60.81851566643226 0.03602649803851961 64.88639598830135 
2 0.04999371848550769 21.896437642013037 0.05000810979292537 20.918466287029215 0.05200498288058686 18.14024626112746 0.07700045067213764 1.4171339930719085 
2 0.030022883769914757 57.31990501363108 0.040013372782929796 36.55462048659335 0.05600444837552288 13.881588199915466 0.04000640978689954 36.17771637267388 
3 0.04904733187499489 23.585196182616247 0.0689923569104873 5.522179398399203 0.0800002833301339 1.165863643923051 0.03701433120448852 46.04546486945816 
1 0.031023426823098305 28.88542261561087 0.082 0.19105465502297025 0.032009932671111185 19.986793234100823 0.04000714103485961 16.37539625107233 
3 0.07100264722975866 3.721214745405087 0.06500224568837851 8.800835477645407 0.049011291126534816 27.673462596006644 0.048013042914419074 28.92243978819424 
4 0.039033764571369194 65.5627755659124 0.04802048781998148 40.78704337988441 0.085 1.420190252068729 0.07800108325556364 2.038970266714389 
1 0.08204235484989808 0.24934218051161292 0.03600691073407743 16.592310596953112 0.07700398984497578 0.5791688401293935 0.04301257500826447 13.139461438880527 
4 0.06600813101433459 8.642626819550905 0.04897379836530461 33.514655939736 0.082 0 0.07800094883348671 1.5447527684025175 
2 0.06900052558458615 5.149448495152953 0.03598561138023297 46.25474891014603 0.034020474510183 50.37265283746777 0.06501419765815113 7.526887371253119 
3 0.084 0 0.0610012311617657 11.52935046751723 0.0690037651682439 5.461134632343117 0.052951916784936076 20.364471249445 
1 0.07002787084843431 2.045040049124312 0.0829710312322369 0 0.039016227760632065 16.307065666613003 0.06500008630907278 1.6269233084882537 
2 0.050003456889346536 15.067599307216858 0.04900776765363546 16.114308010871827 0.04900598258765428 16.360819870297423 0.07400015593918655 1.46254301885205 
1 0.06300275806004117 2.7785894842171697 0.04500485813170515 11.410674551501964 0.0800000654155001 0.6908581014914384 0.053000929147051346 6.249826320335615 
4 0.03302646909068692 73.32462576360548 0.049017371344932795 37.24470733146134 0.05201251660690298 31.31804574536393 0.04801518111623262 39.54827633484015 
1 0.08496938899652158 0.1368951068531929 0.06200339115709821 3.580619162105493 0.081 0.1208154030487858 0.044009186499330034 15.574529204950819 
1 0.08 0.25472100192702185 0.05300069894486788 8.587106614161769 0.082 0 0.045014101839481735 14.638666268315047 
2 0.07502507384529453 1.5214170469689237 0.07400462336497214 1.4264923505103415 0.082 0.09564730524048497 0.083 0.0 
3 0.04201151319687188 41.03407611763637 0.07700251154566069 1.7501857931937155 0.08000066890240887 1.166016859013628 0.081 0.7151710998420323 
3 0.068 6.6940260718374125 0.05800898588474898 17.300338843282674 0.056009287267036585 20.592846984015868 0.060004858316706135 15.360301388515847 
2 0.067 6.29388628593042 0.029962893565086912 59.109852726807716 0.05202383787810562 19.336269749508077 0.08200418136965884 0.7636921038569296 
3 0.0520019998627431 23.91024360459377 0.03602385583661798 54.499420910328084 0.0760259130865608 1.8259762028497963 0.04401859409833758 36.996048950165736 
4 0.0830041451861159 0.7319212788546667 0.05301088254944706 27.946095546861162 0.06201190483150573 15.415409323459954 0.0670015595364906 9.72910317533328 
2 0.0750254447272993 1.71742235150514 0.04798936191374025 24.654951458975628 0.07200000000000001 2.2663947554583395 0.05700187147274245 13.149489125103731 
3 0.059019486746246665 16.50198954909669 0.05400932456335822 23.09194122206989 0.03601783172518773 60.29698543414419 0.052004752499613546 25.601313750172686 
4 0.0770009782910498 2.182110030766438 0.07800034722084709 1.7592598556608565 0.05000798758172952 32.20557018720687 0.04601581209380389 40.139880295072174 
3 0.0810009561493942 0.9834169673599856 0.04302109366483345 34.43760774700864 0.07400008831837498 2.1344539921255525 0.051004415340245794 21.279528259658015 
1 0.059001274072233656 7.264632185874648 0.07700004595671439 0.6602317036888373 0.07900000000000001 0.5686882348060474 0.04201271693969169 21.984504755622062 
4 0.05100848153075674 27.94670869413056 0.04301948483681653 45.70735405303401 0.034023705979778135 70.12571526463198 0.05300232317714975 25.56335772795495 
4 0.06500104571225349 10.93862818244303 0.081 0.9068729268119837 0.05500268689395034 22.556316758410006 0.056005623855845586 21.475572936159367 
2 0.07502543298154137 1.7060500469045397 0.081 0.6500827344078367 0.085 0 0.0320178846775971 51.62434807101426 
4 0.05700234582125739 22.72602636387226 0.061006064018872375 16.998130747224472 0.05800682343796466 21.609857534349896 0.06100723854402968 16.98072602162992 
4 0.05000721371262026 34.83293707925302 0.08 0.6635899608073981 0.06500118657921747 11.64832846309427 0.051017182488218404 32.892031344507345 
4 0.07200000000000001 3.869223513849514 0.08498849488479801 0 0.04701743309168417 36.381327874668436 0.032021767513637986 76.63503316170882 
4 0.03402397702728019 72.92116066793882 0.03003218482174118 89.28481686538046 0.05100723062024779 32.40160947411681 0.040014996497845685 58.03972471938672 
1 0.058000428907564607 7.234966793140114 0.06700952518980798 3.488236141115869 0.07000072476379471 1.9949522436971723 0.056005870363544895 7.1318153167172635 
2 0.03602835848385437 43.43423854063168 0.04800954454091073 23.102169091890136 0.062001391180456555 9.910541311810064 0.06100605120702723 10.149680111939258 
2 0.04702785122084521 27.096766018120555 0.04000787937408676 36.55201578509112 0.036018430644896585 44.584275537729596 0.03701398859574992 42.92006580667831 
2 0.03301690143964296 41.50817169822907 0.054004007550986916 13.162986329751527 0.07703871736331432 0.7097541094917366 0.030018383428356388 48.16157369805838 
2 0.051019408108542705 14.975101737554414 0.0420063060696923 25.349144870603638 0.08398777130206951 0.46023223390990026 0.03501545524757391 35.726904243646814 
3 0.08100120189398566 0.8149849951916295 0.03201867751202789 61.18114909564534 0.04001413520969713 42.953168260118304 0.06700501202571496 7.061134516622414 
1 0.0650004431593949 4.702113749277888 0.058002505615915745 7.659126985391236 0.08300021359878579 0.07866156885330106 0.032014407287686064 28.635640093800045 
2 0.03501784349890508 36.6249565555414 0.085 0 0.05501229808340504 11.41124465753205 0.0340373759097585 39.35642770102054 
2 0.06800009604841403 3.742857200108131 0.07000039141412429 2.7361205044761996 0.04200606167700598 26.65617813521378 0.07100026785352698 2.1105246631010135 
4 0.06000725867465376 18.66224665221127 0.048008558151323155 40.22920195908279 0.056013393696843994 25.050418672128778 0.06900089873202903 7.752731790405056 
4 0.03901987456784992 62.318561925856045 0.07503204534751484 3.160826624790853 0.05101492052076244 31.997668899839777 0.053008755638416935 28.47399164062115 
1 0.03601730325447297 17.121950818043278 0.06200005132746722 2.453419980721513 0.07497101808021199 0.3395553649255356 0.081 0 
3 0.04201629377052605 45.787827964721515 0.0380190106631327 56.14272269140333 0.056011396998208555 20.266814505383884 0.03603760582170533 61.22771782210713 
3 0.05801471194458855 15.589063591984036 0.07000451878989065 5.262994335461031 0.030025156440141157 66.00269773746241 0.08500058320481939 0.9276238527672098 
4 0.08300412447044377 0 0.04102200024277635 48.98948700997063 0.08000074080448683 1.45790395535172 0.07300128111832167 3.266664651864415 
4 0.07200000000000001 4.732496946182819 0.04900739308996537 36.63674650026773 0.04401888460076295 49.09921755344276 0.05001706082370472 34.58925875777763 
3 0.06800034032220334 6.315877179752373 0.04401358758740655 36.66909659512475 0.056012932178806325 17.409779819991453 0.0480081573731711 29.369460172486825 
2 0.059020094563371206 7.1303720119371645 0.05497411824176419 12.052898482419003 0.046967437739993574 20.389458075114295 0.04000128988613644 28.818180879808352 
1 0.05604761361826239 7.1216206335881225 0.06897352399558251 1.5159641075402868 0.08197083358339942 0 0.085 0 
3 0.06900565012528447 5.51115271210857 0.07298028611782578 2.758030952401722 0.06501035441115782 8.728331488680709 0.051013216608846126 24.790634911618728 
2 0.06600576864934216 5.261509624734375 0.06900110190268313 4.7459675573127775 0.07296100129897176 2.3374152627694254 0.06800138994100408 5.25373639131169 
3 0.07900293849767878 0.8986866175961699 0.06300640010065431 11.599179909091909 0.08400026344065636 0.3057836453044992 0.06900079662874947 5.978367690010423 
1 0.03797094691089559 26.016571034405995 0.083 0 0.03101660939048395 34.131548631626245 0.085 0 
2 0.059013501916606544 12.862725294618242 0.084 0 0.07101357016244508 3.0207373812981526 0.05503423813069317 16.812411411851844 
3 0.07000128934995789 5.042670486541738 0.046013112695285296 35.10597849992406 0.07300000000000001 2.97633062420155 0.06300625879328572 11.011765658076504 
4 0.04403458173791546 51.290396340903676 0.08000084306870867 1.7929599380356636 0.06200142197393955 16.210658816641665 0.06100868524498188 17.860841097827397 
1 0.06200529618097056 4.270160071083604 0.0800027441472099 0 0.0340065206219964 20.317679004009054 0.06500062221927974 1.3982161657354284 
4 0.058003640921788016 18.67769552384306 0.07802181470014401 2.1691221132085823 0.031024205069670838 78.95858155599937 0.07500245315832495 2.517438484241554 
3 0.043018401978221835 34.08609831379396 0.057001394268325435 15.7135507244525 0.0570058198337974 15.510605885195112 0.03001798565963283 61.03353143310617 
3 0.08300408039140583 0 0.031020531728553125 59.430903808683134 0.068 6.017139443053535 0.07100109340109176 3.6607031705095134 
1 0.04001073427603927 19.643723667393008 0.053000668508825316 9.217182331835835 0.08300002618354373 0 0.08 0.14617694752764976 
1 0.04601415929988355 11.159694413547992 0.05500226874097639 7.350650783529344 0.07100000000000001 1.295813733126711 0.05000578788527729 9.811118096259722 
4 0.0750257448046622 2.8967095567685726 0.085 0 0.05001168419077379 32.44388600169475 0.05301124394993733 26.003078407849028 
3 0.05601223363452683 20.278223292043634 0.044010013802966055 42.051694479110495 0.03702229657974253 59.75629014068838 0.06403192251149264 10.609750688121078 
4 0.0320272246936327 77.06573298511191 0.06600145510505706 10.992985725384973 0.04401558300635261 45.40373934057903 0.042020570239562856 50.34654995751855 
4 0.037019062007147246 67.48914080067098 0.0400215930175011 58.09160269259164 0.06500065380570175 11.573287698233342 0.07000128918958307 6.5460312426756015 
4 0.05900820563576074 20.175204382759794 0.04602095055176591 44.86127442752395 0.04801333562159979 40.41760881310987 0.05800411870104147 21.430846645162198 
3 0.06200102196056243 9.718776536756927 0.03301889032052663 53.961074863009856 0.06500049624765043 7.862009531616386 0.052010100610845635 20.357400125830456 
2 0.06600434334815955 5.916899637937313 0.07897807980830665 0.8028194048029719 0.03402555710714178 37.54582048859724 0.06800907990918609 4.765871442593015 
3 0.07200000000000001 3.345207546810511 0.06600090386011367 7.158476477499697 0.04800897196469649 27.26633212276182 0.033034860290452814 56.70694180776728 
3 0.04701558923634544 34.950798005311135 0.03901836280113342 54.57269050216466 0.03902021210793114 53.9094634685345 0.06500614288546991 10.207686884896797 
4 0.084 0.5399607872357207 0.06300976395849017 14.58496798269616 0.07600008610692671 2.5288442559466726 0.04202261287968807 55.01501408303084 
2 0.07502536963633163 1.725285753198562 0.0770002098669672 1.099768558266718 0.031017633070248032 65.22375397320431 0.059996366549481796 9.964115766334935 
1 0.06095166831423081 3.273660435524447 0.03400747907577378 19.951008199197048 0.06602848455875837 3.02403292377478 0.032022186098866576 21.55698924309753 
1 0.07300116820444566 1.1024228703169587 0.07300040925207125 1.3733010903313168 0.07600000000000001 0.8890485021895373 0.04501713022021828 16.905919048346718 
2 0.03802841240009964 39.991950065824895 0.04701101450194066 24.671534624405126 0.0570012719960003 13.117889687372488 0.05400440323946699 16.965415758824328 
4 0.040020680172351226 53.834714037621964 0.08300083885453066 0.04287458696339812 0.06100060793602133 14.523821348843379 0.04401996293284946 43.15916396459994 
3 0.05398166910383206 23.46046141103688 0.07000073104110106 5.429004560828453 0.04099085592780329 48.32244481951849 0.036023762007846724 61.26556475404599 
4 0.03302769991256885 73.65004876818902 0.051037135876293216 29.41774876968903 0.082 1.3549699132142659 0.07300032438334875 3.48107744859149 
1 0.031020251713211974 19.948894729614167 0.05096578370585441 8.543876057410879 0.066 1.5508383761865676 0.068 1.2697795543083465 
3 0.06300081162756432 10.09200045574234 0.07701419214769584 1.4904151261692642 0.031019696947621925 61.99609942216059 0.05601262915598399 16.524301852032476 
2 0.07200105891852555 2.579939193197768 0.06700155857241345 5.656568851258198 0.04501748205647565 27.165035139932122 0.04401275044664477 29.423531960961505 
1 0.04300709439513787 12.355735807714847 0.04600504586582446 8.915005774368979 0.07500000000000001 0.3938006092357599 0.061000773653547544 2.7565682594344683 
4 0.061009936721157454 15.942856027822168 0.04101497709848777 53.60955500197936 0.07501281330830498 2.8485962302177485 0.05300723823284763 27.292677612988484 
2 0.059001085664761074 9.136476687967122 0.07500000000000001 1.2813419628436271 0.0669952699854946 5.336197169594052 0.0430214484136325 27.887368394621852 
1 0.07102469474814888 0.5590388023701239 0.07200000000000001 0.8492091912691626 0.059002231405118094 5.08778547991294 0.07000042445133953 1.2283684150766971 
4 0.07200000000000001 3.936877207655466 0.07800076780126768 1.5414595548254955 0.06600127633882066 9.96783845293373 0.07900000000009821 0.969454428376074 
4 0.04595124465614488 44.423914902498616 0.07700147785512264 2.2635728691271453 0.03503111997765855 75.95304886517319 0.03102968205565594 89.16840389406988 
3 0.04401395348455737 36.96184226929286 0.07903033655724222 0.9445850482060901 0.07600097988829377 1.8900399489283652 0.084 0.3545383933606142 
4 0.06900145538818964 7.346617927138233 0.04501634362250252 43.60627736844178 0.06000609455894918 17.410184607211672 0.03803482310634872 62.7807033028571 
1 0.060952778097306044 3.857779076522916 0.030010091229016655 28.296833744895896 0.067 2.5898557934174637 0.07 1.6801506743399313 
2 0.05400126050795999 15.012079241729849 0.07500049862983214 1.5380085425874008 0.04602208110060525 24.60052388692009 0.06400995497290277 6.868151963402258 
3 0.07700273198308044 1.600188530200429 0.03202407476997296 55.60082080977222 0.031025807980218312 58.17926036657092 0.035022709492864235 49.03492013201627 
3 0.03301998179109199 60.621765153647246 0.0840304245736263 0 0.0420126651213825 40.19365586604704 0.030028994648117896 70.22835047378965 
2 0.085 0 0.07701644754894396 1.2018094291019707 0.045023449452468396 24.061045449441934 0.07300000000000001 2.1978979535618293 
2 0.04504122046709286 29.113834779180316 0.039014057174086875 40.43511521361216 0.07500214705169632 2.011130648761365 0.05800793390734626 13.657688143900717 
2 0.07200027422533709 1.6225118901317588 0.07400021858360926 1.3326217803366782 0.07900000000000001 0.57499008986075 0.05800536452999056 8.164673239539672 
1 0.042018842248936275 15.18397906279639 0.06400251539289922 3.146628460767462 0.07600000000000001 0.4654177246079424 0.06800003554149707 1.7592526108441624 
1 0.03100492483378066 20.94528180345237 0.08203383718613699 0 0.06004283606454328 2.953562625368863 0.04600371465181078 11.375535631462695 
3 0.068 6.671131038777663 0.049032695237638355 30.812208139802056 0.05300924768265852 23.097011620732907 0.06700128948305113 7.661584388405565 
4 0.055034137174059305 28.113971611566072 0.07800052717167005 1.8315560575535088 0.04501453326451775 47.471501204853055 0.04002414991415663 63.24096254300838 
1 0.0600140194374591 5.768322802250527 0.08100990759430143 0.1671092212364002 0.05201380256454916 9.848286227295203 0.0740255931802383 0.60340542681654 
1 0.06000005580667758 2.3359359915402584 0.062000000000000006 2.5021360081322364 0.03201412378438906 20.585876146920416 0.04300296054099825 12.10352083597345 
3 0.03603336365322107 54.281414065700446 0.03904855256446849 46.84034673401193 0.08200807607572286 0.9110268036713065 0.0610207114253495 12.847170985303794 
1 0.0540003971786488 8.451020454733563 0.04200342298592425 15.039138411541387 0.06500053565907016 2.4939449540249945 0.07700000000000001 0.6191691207272116 
2 0.07600000000000001 1.362326980758263 0.052005637337083126 20.45221674176727 0.05600445866237731 15.291477252048477 0.06200677742667521 10.185832794230514 
4 0.03402412104562669 70.95825782761152 0.06900157453574943 6.80732877405398 0.03902032203227366 58.19399546519604 0.03202334572927214 77.4938185107463 
2 0.05897977198357797 11.109630142393183 0.085 0 0.06800698070100261 5.174405813681849 0.0460040418946737 22.1144327558532 
4 0.044022285547492476 50.312198299277895 0.049014407344952104 37.39884252298038 0.06101418384319136 17.103422535209887 0.04203284384637595 54.91755316613494 
4 0.0380180517347113 58.577455966821056 0.033024112623615015 72.1967490962026 0.07100492885020818 5.030632405710269 0.06000161108940433 16.53171385722971 
1 0.07003330514744978 1.7355418253587156 0.030024903282599935 35.65800695880779 0.04400837482149063 17.854522811776558 0.06400014323925024 4.429566019727476 
3 0.046003865258688915 32.8956241155208 0.08200071135944836 0.06306788950704992 0.084 0 0.035017511919579136 56.78255025737615 
4 0.06201046833002525 16.056716873157896 0.05101414876689464 34.25288441872386 0.08001257006083211 2.4626282860224338 0.03103400913705512 88.2096583399409 
4 0.08100044123572543 0.7063450322370282 0.07600071399736744 2.8490018789253555 0.08100033937764854 1.7443031744032405 0.0430260997275391 55.87329758870397 
4 0.04001985054558397 54.292453194126104 0.05401250306012547 24.911785662034745 0.04001365792867087 54.25566174047941 0.042016887437102156 49.241257440080375 
3 0.066006139133439 6.743354573727891 0.06700070518438717 6.221034308408479 0.04101297768580502 37.86425955211605 0.04101402380403841 37.59513604159062 
3 0.0420120558596314 42.47110519740173 0.04001933857644725 47.28600919327107 0.044016945828930384 38.14873972639382 0.031045904063568094 71.02443910903432 
2 0.07400124230585273 1.4773904289355215 0.084 0 0.051010535027797184 15.284192197594448 0.08500176844911972 0 
1 0.05200349472650299 10.893780850840159 0.05300159633866185 9.14497167368829 0.07400010489882652 0.7336830919828063 0.04202198911468489 17.622103207757007 
3 0.031023193721971917 72.05499900978226 0.04800766293455649 31.344133656830014 0.043016127253489654 40.66511823359107 0.0640068631936356 10.058508637830158 
1 0.04695649571939275 18.424566066662884 0.05300315209863576 12.202042059262073 0.08200807743445145 0.012429695012220058 0.08000022888876286 0.3442937680440251 
4 0.06400726830128867 12.082238759470252 0.05900730202942651 19.4026130440179 0.04201112472635437 51.61791743238096 0.042019117747503235 52.34213615604349 
4 0.048007508361069456 33.4782170143144 0.07100126153584001 4.732368969580326 0.03402346586963326 67.20861493802849 0.082 1.3783019623098063 
3 0.05800211521946631 16.293567465580992 0.060003200049571735 13.7656313324083 0.06300387923416637 0 0.07400791367977665 2.414824824082992 
2 0.05801736053905819 11.41813163170341 0.0550030474318974 11.558570318661209 0.084 0.1918369792147051 0.05700032398081108 11.93312533532357 
1 0.03101735436316698 25.460164387293993 0.04001302473463719 16.908383698777563 0.083 0 0.0710000287158864 1.3907296111008962 
2 0.08100080828744036 1.064418174040369 0.04601704908597481 26.92642272464188 0.05400886640800152 17.77297218943225 0.057006372197174644 13.800944982490016 
3 0.07502566862215479 2.62500005996402 0.060011025882744914 14.88766939668206 0.05100825727583489 27.970655800413752 0.03403319519397566 66.24353799978779 
1 0.06095153630419213 3.708838611310568 0.06100137366776205 3.5341038770945836 0.030021722387961816 21.433477643480533 0.06500001841364866 1.574021771483272 
1 0.04701845693448217 13.759573084495456 0.07000036433578403 2.221069616094195 0.05900190397199901 6.639892722785457 0.07600004402937292 1.0077789447933612 
3 0.04901815281173213 32.86359235098717 0.053010553975029864 25.271439177699495 0.043019861237982175 44.51669949507492 0.04701605408066232 36.01376196505762 
1 0.08 0.4047923071490401 0.038007823548755086 16.38173616873366 0.07300012503834663 0.9182997438769844 0.030016345017749746 23.330214991563885 
4 0.035023152730476195 66.73406830334343 0.036022007013080615 64.30743376631278 0.06002453255253931 16.57324428773299 0.06700157649066477 8.975196752437899 
4 0.0589818665280424 18.47498776857178 0.07300744523503472 3.487176115307026 0.042012885932641894 50.11678070304834 0.0470142639879282 37.74367660193148 
4 0.04700761955772475 37.82785463995364 0.06501459733821585 9.997762438612673 0.04301169400654777 46.26128030877203 0.06201147286372453 13.669266597191932 
2 0.07502532456215878 1.7006578525266498 0.03802299156924869 31.83880924618647 0.07902321034941201 0.8103804570566269 0.07600062044584599 1.2739284637268133 
2 0.07700000000000001 1.1186280845703995 0.07400072684215053 1.7047650740054496 0.06400352380497351 6.440301177551503 0.05400716681299753 15.455416477192783 
3 0.04904727736788718 23.948755003315767 0.033020302441454166 54.94021697229159 0.05700213347867653 14.920446885285127 0.03401789410674046 52.42385233174514 
1 0.04600104445211119 16.279125631713416 0.07700000000000001 0.8769554173920941 0.030015911945394436 35.40953042670674 0.06700030548325075 3.4670847894508907 
2 0.084 0 0.06500028332552417 8.142065677981385 0.03601424706210121 46.175217361136745 0.06900054482321631 5.413251480206597 
3 0.085 0 0.04702973897762132 32.746297859082425 0.06300147697646385 11.736569659287156 0.05301127600938656 22.81348089108201 
4 0.08100108380026415 0.6817249193207012 0.06600097173622077 10.769119690832994 0.08000077298613018 0.9285138674320194 0.082 1.463495376784643 
3 0.06402327474973289 9.945790365136007 0.07600109936174024 1.9833411866899509 0.05300240008560787 21.443896731657 0.084 0 
2 0.08300404291284108 0.6206925256441914 0.07000101114921417 3.06136424981349 0.08100023426499034 0.4476582292153904 0.06500094827608156 4.4113450536831476 
3 0.07303561249256021 2.3182710909569737 0.053009508882736096 17.625372987082848 0.03801101650412166 42.986609305541066 0.06700081527668746 6.731656368204398 
2 0.07200201604376168 1.8803937289624009 0.05098487919138548 16.30688559713747 0.03401403056244502 39.511326380142556 0.07601072279846897 1.360975219442129 
1 0.04800433955429902 14.907439950632622 0.05000325312929861 13.6036869174647 0.0610069549100763 5.71438991368927 0.059004080543712784 7.540260529401111 
1 0.048007934700026 14.431502550548828 0.05600294049178646 8.359176242783963 0.039994193374860806 20.248832061998396 0.046005162227797394 15.930133084775477 
1 0.07003039115157869 2.0572081086338816 0.03700734499407256 16.84495414174704 0.0410034340131019 14.188457578543005 0.06800023536445303 2.0651961720561314 
1 0.030012838542184783 26.915559128121103 0.082 0 0.037037545253663234 23.551460180742108 0.07500000000000001 0.9288728209767664 
2 0.030017993046772218 57.49153193451113 0.07697059947255952 1.1267553382584243 0.06899393421541943 4.847592269499279 0.0470071739924879 25.74514022326267 
4 0.03003735676047556 93.34292858039393 0.082 0.14348960141566725 0.04901873941648454 38.527353134704086 0.045018193419183124 48.70390978978682 
4 0.05800729672053138 20.640756654110547 0.05001110621924741 35.458459421792504 0.06501240339074957 12.656953572130902 0.032048883603877865 87.00627041471543 
3 0.06500869615717128 7.423763482659281 0.041026525146570764 37.59789301448226 0.06500069160730859 7.0521553202145615 0.05004256225430373 23.64910654963552 
2 0.03901970361220245 38.600065825222856 0.05404932719102061 16.32899741279156 0.04201565246308677 33.50865073946048 0.03801672892445925 41.305212519286016 
4 0.07400000000000001 3.625507220556529 0.08100050889900964 1.7051796483177584 0.042041476128539666 55.11717346705363 0.06200193360804986 15.786339451386974 
3 0.07000198481971107 5.243213968819314 0.06600640398134379 9.02244165388924 0.06000204544313399 15.578128570075341 0.07503093260507368 2.231445187898861 
4 0.05503714157134589 27.867628516100353 0.06700749405202176 10.33309006383444 0.04497086642478902 48.752680155919045 0.03802639593131327 68.54463336706871 
1 0.04601677830581963 15.34502088926944 0.07400000000000001 0.8213435009450449 0.08299840923633858 0 0.04000733004623569 18.88119401846171 
2 0.04101382865054642 24.532803524418412 0.054000932449673834 13.334046279528245 0.030024897683434873 43.06930466906991 0.04400445372533013 23.0905324142993 
4 0.037019746756397146 59.78764172077264 0.03102609526238835 77.80469105629537 0.05600216162064932 19.673965491532226 0.05401012309594875 23.838455580413257 
4 0.082 0.8728428945081175 0.048018216980215335 38.642396901160566 0.081 1.5144265018425962 0.03902057642275442 63.26789929530422 
3 0.030025353288674367 67.88643133500933 0.07700350939734163 1.725908937514734 0.08100040488718072 0.98767312530519 0.07900068637678452 1.0143363648185106 
4 0.0580052218482855 19.273708996175067 0.08100002432283031 1.9085012592789823 0.05202442650652101 30.101939784824044 0.05101390618134355 31.762329953070626 
1 0.04401081605081419 14.168948367129458 0.07400029423728109 1.1742037859686716 0.06400205304245513 2.783732005488296 0.07000038987201965 1.9873204743146915 
3 0.068 6.879662778191669 0.07600084178424933 2.0660675827389956 0.03901263252608869 52.84427564530485 0.04801519400398844 32.93193886418131 
4 0.084 0.348941543186984 0.05300506842805413 28.147074701300454 0.08400108040059233 0.23001524721603953 0.05501430826263948 25.521030971427237 
1 0.06095194031750753 3.3044767741394083 0.069 1.1917024762375275 0.06300883826947828 3.089899621453824 0.03200873457158465 23.57132169770079 
3 0.07100235404797786 3.075956634381889 0.034020339149071044 53.82475389660135 0.040017723781622654 40.92831445503716 0.04201245557530495 37.33461829938244 
4 0.082 1.0512258205892415 0.03801990276410219 64.15319279609572 0.082 1.32249152968927 0.08000061052521644 1.139308705442766 
2 0.034036898479623046 48.04655754689891 0.084 0 0.04801817571684243 23.449409452277365 0.08200157779195855 1.12996971363372 
1 0.04801560535259036 12.722713283650126 0.05000234434840957 9.844048302822145 0.04700228618432934 11.864416825834391 0.06800073787016936 2.372033371729775 
2 0.07502545806654495 1.7035901056724232 0.0320251880910703 53.81527825447392 0.055010460472596376 15.717881955912814 0.031035221448245928 55.224696147045556 
3 0.036031296876289504 51.15395504704822 0.058007781813558486 14.804753355776516 0.06700330494634685 6.283915121227542 0.07998754300104652 1.1782053591438575 
1 0.05203278033446126 10.010808185606919 0.0779913622614345 0.35545715209756346 0.03500377090004944 25.262424329481107 0.08300003600432407 0 
1 0.04600606397081251 17.3501279903935 0.06300790357089467 5.813283365548466 0.040005737855023676 24.391324536846138 0.04500635181492925 18.658867743963217 
1 0.03696408856209274 25.92724044348507 0.05300110724217885 11.328734675199783 0.036009259365084825 27.345817095934294 0.050002566153442 12.320970153297633 
2 0.0650000185659806 7.886345442344631 0.057006518229187314 13.431569208477192 0.0810115972515266 0.7314059996613208 0.05100982328196061 20.542823408423168 
3 0.036035265653534626 58.47441874349954 0.03801886348645309 53.172367205128566 0.06903670469571589 6.602873141747232 0.03603575789969482 58.2897209104294 
2 0.05901856525088271 7.24836843041556 0.03601123964387774 34.038359986300364 0.03201694021751526 40.72124522858176 0.0630433919656686 6.2007689593910005 
4 0.060031090907695164 19.069089485905092 0.031036135899048883 88.33408767917385 0.035034140573782305 79.44097486095178 0.07200000000000001 5.139796837777505 
3 0.03703636504376834 59.498588275668666 0.04001845369577205 51.851019369174715 0.0530067536488474 24.792721471175675 0.06201003429224502 13.419720071450723 
1 0.044017460243581025 16.3609924811912 0.031013805832542804 31.099186488095057 0.07900000000000001 0.03412187406179764 0.04599281892914421 14.981907157651149 
3 0.045040512877449604 31.769659313815417 0.035022571928663385 52.701402200543605 0.052014998108977674 20.820838235606253 0.034035062236900504 54.833801935868124 
3 0.04001567267982209 45.836547489145815 0.039019917785759486 47.01499682551399 0.05700136879604259 17.572163009771504 0.03202453808726556 64.81177613841479 
4 0.04201370848077035 54.25519868329394 0.060002138189945105 17.958508831023934 0.03302933530495125 81.05243933426645 0.06798525266081684 8.565144736511295 
2 0.060048631642384755 9.227977272600567 0.057002670704423004 11.398891641399137 0.060002838334137415 9.377159421545896 0.0330214216940434 42.910707823618296 
2 0.06901046760559063 4.4048367366267485 0.03602680246970187 39.02034133927662 0.03901423828687915 33.52579346017744 0.05600095748869707 12.663760779359587 
1 0.0830040350210834 0.719990263016262 0.05700081808170591 8.945689243868777 0.05600570085063617 10.28082653631458 0.06802784806099038 2.997108631223451 
4 0.07300053762216216 3.2719247410969787 0.06400170962493794 11.79052501771396 0.07 5.836115353632868 0.06900457961705841 6.8577993020787975 
3 0.047015307476926047 33.40066292831711 0.06501359505858205 9.409265667511331 0.03302109336264385 62.83075772006716 0.07402787994453722 2.8535964066765858 
1 0.03102293490021865 36.9008242757701 0.0320103369707328 38.93449395916986 0.05402887195509653 10.825493111547118 0.06100095526587137 5.975918755620821 
4 0.06100932583794934 13.597940521760169 0.0720073090572979 4.2789569781074155 0.048020047355678074 34.005747024728066 0.04401754852653513 43.6193063218496 
4 0.05001217610342642 35.42915801633294 0.04002606243456024 60.57039059748474 0.04501797863071105 45.7606855294365 0.06800114780214034 9.00755281401002 
1 0.059000229538935904 5.635962038699533 0.05300064711688493 6.497342499183105 0.05200463606828449 7.728150190059966 0.082 0 
1 0.044021904201895105 14.566738944547874 0.082 0 0.081 0 0.06600046185688604 3.734228398816957 
1 0.05600096594291633 7.224769640840522 0.07800042684435018 0.4895268898525742 0.08 0.18819591695200577 0.051022174800384026 7.912575210848406 
2 0.04001263155845634 26.82018191506182 0.04400676637468957 20.473727977339603 0.03401295723475202 34.50031454238029 0.06500363451607108 5.128767592665475 
4 0.03603874638528698 66.99097586951586 0.03402229585601785 73.96928418694394 0.03796862457727892 61.7724539085178 0.05001251866363972 32.68935622788944 
4 0.0560189325841082 21.185862506678877 0.07700099052163498 1.7141348357235586 0.08 1.5768045566837563 0.07900097196551516 1.2097190134680533 
2 0.07400062718061941 1.4164897955890765 0.05303969112381978 12.550079284966944 0.06400671417615691 6.550590401381971 0.084 0 
3 0.04703981354089542 28.24842187846801 0.06100102588779174 10.89992249470131 0.05300204604514711 19.98845534269256 0.08 1.2475828836805882 
4 0.05402418830995116 28.08287261532049 0.04102642896779563 59.831588825709574 0.05901262782517477 20.7151099017717 0.043022433513823746 54.21337116087892 
4 0.07300047896352749 3.9078291851453675 0.04701575093818005 42.32549328814639 0.049012130519603625 37.97561380359566 0.03504235174147988 78.111304368925 
1 0.04800027006715601 9.562029966274647 0.05400385801077767 5.98420049148607 0.0420169896064151 11.993028073358238 0.07200000000000001 1.2048843801663462 
1 0.07000061182014242 1.6642755663458555 0.07100001448001475 1.2220419603998522 0.038998624198658134 17.365813069410855 0.04400460848813082 14.487285922862512 
4 0.05900036361443308 20.851089388754758 0.0610045578170883 17.326561175426562 0.03802328294154439 68.3275933742902 0.06500014759843536 12.108465966318896 
2 0.031021363038585742 41.361279177466336 0.03501409885630542 38.05731630468518 0.07500066602845012 1.158942286669846 0.081 0.34261208916986796 
2 0.03501543209571595 46.64211657708523 0.05600114038860963 13.674023710232648 0.055007524224476245 15.736479086868556 0.07400021544642758 1.8750647247857533 
2 0.04397096986277404 27.77307057061477 0.06299162974735271 8.450919435258442 0.040009086589426056 33.79245075929243 0.07500986072616231 1.3944255904918152 
3 0.06500429637273575 9.041474581583545 0.03903190844312808 45.26722140356803 0.03801960006774106 47.091398215584704 0.059000850542958776 13.422963169295711 
2 0.03202196441214557 39.88011894142552 0.05000568401804667 15.574344086892967 0.04295931314475711 23.89049612065254 0.07700461476439523 0.6822097586609502 
3 0.0820165615574934 1.235522321624104 0.0310232013151953 69.34937444904992 0.036019922930230444 49.6093529467461 0.08 0.1469673886085694 
1 0.065 1.7072594539038808 0.054000429144803845 4.9865689663979005 0.05798797711216807 3.9786310824517503 0.07 1.0026739901397423 
2 0.04600999378520187 22.947777532052886 0.084 0.6629684820370214 0.07800035288821916 0.8873341267913384 0.06700072595640952 4.943776083957086 
1 0.06400033140753311 4.948247133892548 0.06797369653149407 2.4060167271301083 0.0580030973939793 6.038345159917826 0.03302158148844844 27.00256736822178 
3 0.07200000000000001 3.4984764549919656 0.07596023195934914 1.891536455021466 0.059011744263798446 14.357171282421756 0.038018056133613726 48.67246354824125 
1 0.053041789322783875 10.538103688168121 0.05000237321859135 10.495503487227404 0.04100653785665517 17.547806328836714 0.05900433612690957 4.854823140980641 
2 0.067 4.268376897228773 0.07400000000000001 1.4196803287035893 0.07300089486008299 1.769218262189989 0.051001960888862684 15.602798603824835 
2 0.07700000000000001 1.214000901511045 0.07700044963011382 1.0910022043412848 0.06800033536799444 3.6871657201405896 0.05500641123468151 12.039067764801887 
4 0.032042570300568216 85.80392481277234 0.06300005787124496 14.547465153829986 0.07300060512875574 3.9084332880766226 0.03503342000003212 77.36156149002196 
3 0.057018259779769154 18.38077924010477 0.059003959166122846 15.952195802850515 0.03603992240712492 59.14893759102726 0.07500000000074053 2.109255552701965 
2 0.03401460034482165 41.918510477955564 0.038014825610154596 35.23770646667427 0.05600306745269282 12.08536232549011 0.0630011302835448 7.93779081394473 
2 0.03201363815545866 42.994135882990456 0.05200316327981916 13.973256042316436 0.0440057580375464 24.920620587904466 0.03496481584702968 38.52870052435753 
4 0.07100358331937726 5.327029879569896 0.03202819762114688 76.2128984008334 0.07100080775485303 4.543487544331646 0.03103845728273638 78.11483667174346 
4 0.05700213095841418 22.39609133606307 0.06000751676137059 17.98232972518955 0.059009317811167555 18.524560847530154 0.03603701899907395 71.83033129983525 
2 0.05200498174034921 16.400983120836806 0.07300072502020562 2.0713754133139846 0.081 0.5990470687251525 0.06100402845219984 9.015181983376209 
1 0.06900028770159514 2.4945392060308684 0.04800567280366124 13.082178175668906 0.06300567356937914 3.6422318337810196 0.06600075182572694 3.3425913670518224 
2 0.032012438670728394 43.79206453096495 0.030023649111361586 48.475579701975256 0.08100144292763435 0.7738870234979472 0.053978064988672705 14.754503369728276 
1 0.06304078766846447 4.263166394659606 0.04500770172015015 18.935348950647974 0.05301396705869991 12.08382836008551 0.07400053505940077 1.0109433402386625 
2 0.03401430227305058 38.593536827082964 0.08302689667629355 0 0.05800592136026888 10.837684369806567 0.07004076186849137 3.07057663948304 
1 0.03401640930464604 27.69905714374542 0.047002216339174424 14.259315368373652 0.05600416644755149 7.79634085988773 0.054004727782149965 9.672907448396316 
4 0.04102020855133954 62.471215533805264 0.0410231374876554 61.940078982078 0.05898720142953617 21.4527739281094 0.04302328065295776 56.128884554923154 
3 0.038022145664213525 57.15574077642191 0.05601193672974363 20.67952576746724 0.04800822984369468 34.20077571441045 0.03602242330877875 62.36847712369291 
4 0.0750257352818496 2.86930347510597 0.07895162254124388 1.6582350817586593 0.060010014423440824 16.671870112984813 0.08402382540488282 0 
2 0.03101374836493405 41.763798419937714 0.08503023019901274 0.48901143367142413 0.07600027689911454 1.3327991280352494 0.04203562806808273 27.19182876197172 
3 0.05701391872754198 15.56875780734537 0.0680162664471729 6.453890287426506 0.06800239033008577 6.38392603035895 0.06900075557885144 5.550910253195089 
2 0.054019814555907084 16.089338944410855 0.08000997212516212 1.0395391521383228 0.06900079214461727 4.808435037002706 0.03800785940568834 41.94979098014525 
2 0.03602637183707909 38.75482902828155 0.041011876039607334 31.273555266825355 0.03401734264064622 43.68490483722492 0.03501366662882108 41.13893575692268 
1 0.039006469634213836 18.564433436235696 0.040004469906028114 15.379285510544404 0.04600466870824464 10.99059251960223 0.05700536163315222 6.3811671122338725 
3 0.0470141802367473 34.76064832490639 0.05901250351420595 16.240175221745623 0.03103767494771356 75.38598974437475 0.06600149641872628 8.909999820562945 
3 0.05803635954090283 14.761490444549802 0.04201403896017145 39.07792947254801 0.08 0 0.06600339147615476 7.593462086213143 
3 0.06600740360615324 9.50287954086368 0.05001134790174506 29.580584462521372 0.031023782294568036 72.0306702549281 0.06600085089636855 8.983933257831184 
2 0.035011719999849616 46.56323518740147 0.0340226613480553 49.14915479372413 0.03401848192068477 49.92035883765376 0.07200169134147066 3.0607595862326598 
3 0.05400186346863341 21.842113407294637 0.06600366332299731 8.482486897540493 0.04004931498688771 46.979928902146455 0.08100239425339886 0.18749252378267098 
1 0.084 0.29524828182785273 0.085 0 0.03601864905690538 25.199294921371372 0.0660000200261964 2.296180291079413 
3 0.03297812206595124 55.23369014067231 0.07301903567815693 2.7522268628190294 0.03101835819950355 60.1644650147892 0.042008957549009775 37.17197204050752 
2 0.06800008379369979 3.6348606670726245 0.033017672342521245 41.22344073733998 0.05002827588531156 17.977866144501277 0.06600040377640287 4.841239936720289 
2 0.08300403799880753 0.7166050662978136 0.06500557545944094 4.937432900392183 0.06700039889616519 3.867234774123938 0.03101623959436571 32.93861788621884 
4 0.06902939351295652 8.075302063080994 0.033045741211623694 85.89986534475827 0.03203126667710643 90.11393407001478 0.056009497466068085 25.238463271215643 
2 0.0600136097511937 8.314088525337809 0.046005485269920966 22.79687239408464 0.03102334834734878 48.391008209881875 0.06101262733870756 8.0293611270664 
2 0.08 0 0.06895188265001764 2.8903191472595706 0.03701527577196327 32.60274559350535 0.081 0.24902813206674398 
3 0.03502641787513648 56.01241964760756 0.07098670741139926 3.740138389146423 0.07900039225802338 0.9455327353356546 0.05501306606909792 19.8359629441224 
3 0.07400467226222808 2.4128161495345144 0.039020313831770646 50.07589566446135 0.0630014084315968 11.67438250755572 0.06100683039919288 13.130481993294213 
3 0.04800258136157346 28.566540771910265 0.054009567107796794 19.519216557671566 0.07300000000000001 2.7419274999431704 0.05600594539634075 17.46964543822226 
1 0.06800376370161305 2.720004017982265 0.05000162989101715 14.853795621933484 0.04600524656588486 17.929379081362665 0.031958984092309364 36.12438770323568 
3 0.055023727847180945 17.600485628572272 0.07100030141162948 4.101481268383334 0.07700068032213911 1.7189427127092964 0.044024877712945026 38.132196241279566 
4 0.05101102084526637 28.28328407696847 0.08301190540465334 0.21582641244056436 0.04601657554194669 39.12802112624341 0.03701739984022123 62.64216423122922 
4 0.065 11.230121227503354 0.04202088905390547 51.414219645578 0.06000164175555164 16.83020300432637 0.06800448955002245 8.299076622218315 
3 0.049993911867462784 29.344235545064826 0.038023381369706094 56.137430526652125 0.08500078662983764 0 0.04101657330007292 48.70911418054962 
1 0.03701099213917007 26.794683738776016 0.04400810210225026 18.04892778343225 0.06900074741693704 2.0707397785592585 0.051001081576497076 11.459797188700021 
4 0.04701485995309683 40.212616133080715 0.06902187713103045 6.7395628084831705 0.06200175832304592 15.19929700280085 0.07200063666711815 4.433856544952505 
4 0.040024405079627304 52.176371715672886 0.07600118791511559 2.1657554952379097 0.084 0.7484739831924756 0.04401427742899458 42.75137565807108 
4 0.053008947761532234 26.66035662310214 0.07099503157896452 5.281925747185445 0.04101931684103405 53.815169661903774 0.045018395679142155 42.225775944701915 
2 0.04500868712879967 20.9565110213234 0.07600024812204846 1.1675853782797319 0.031013531909362804 41.12673857202531 0.06101837030318041 7.404748609504694 
1 0.07900000000000001 0.004174157795845152 0.032012155051839034 24.08509646768845 0.031015181579558293 38.0782969714328 0.08 0.5424333313131955 
2 0.05100077063343326 21.85782411988863 0.03201457890770114 54.76353739680207 0.03801836817517204 41.64462584166302 0.04001266747038611 37.879553481982306 
3 0.04099269507756338 48.835438901343664 0.036024961640857736 61.15187911411837 0.07400083698103782 2.9291114993766816 0.05500501783679308 21.093896018256387 
1 0.048030876543072636 14.08379249504052 0.05000282452960873 11.59914302948965 0.04400386856541143 16.5638209585592 0.04700633394665959 13.721823396486798 
4 0.07000867549464274 6.329186012815349 0.06201557191077669 15.760960425585584 0.085 0 0.07595906565388896 2.6380025252495787 
2 0.06800015525619285 3.744072659262109 0.08 0.8510785615876635 0.03201889221500291 41.84214611752678 0.0600087962462003 10.445987956269418 
4 0.07100415452505224 5.267660783089692 0.0520004344199171 31.44990796070332 0.03902872538816943 64.10685747401455 0.030030730389941793 93.75475869356262 
2 0.0830040720005909 0 0.08 0.7522479024728588 0.058000515769120256 11.804102689089412 0.08500093236494861 0.17287731606283213 
1 0.03797008459935736 16.225056462605465 0.030008082804690972 25.095782373595977 0.07703038886083874 0.6467377721296041 0.062000498161494964 4.11240255971553 
4 0.04904072887157179 35.209131409754576 0.0530107706505313 27.1437871860477 0.03901821374272374 59.32280827042792 0.06700411452099622 8.890206178439467 
2 0.048010280746321 16.77878068586915 0.06800001718613832 2.774728715701463 0.0770000076617294 1.0407362440230339 0.0660004726994533 3.9871254333210553 
3 0.05902740975702341 13.041214886647193 0.05300459242645666 19.82252809140273 0.06100322322767742 11.546032940776767 0.05101057599541392 22.057216987233797 
2 0.03202821426149004 61.10466180427269 0.053011498976481684 16.85104981939127 0.084 0.10626917046061729 0.0830003800600366 0.3974026684624889 
2 0.04301298389277552 26.77980031165739 0.08200090428982879 0.6784942279822881 0.033016969041198815 39.45901198204393 0.04000974564012701 28.345891654240045 
3 0.06400033353029372 12.177188383496684 0.03603474816454118 61.91898013967521 0.0760010962646174 2.407525896570702 0.05701410505951725 19.201064353830716 
2 0.035024234210636995 44.901694976115934 0.06300605236022114 7.730957169668098 0.04401931308011061 29.737140720610558 0.08500090711638444 0.6985491681434925 
1 0.06300005165081102 5.894893876787889 0.082 0.029283408337849308 0.07201268042346681 1.6128261783991038 0.060000675817678054 7.241614114702273 
1 0.0490338973547097 8.410608359316171 0.059000000000000004 3.1283530560702077 0.060000000000000005 3.119669310093278 0.07 1.0855818944640598 
4 0.036039440721570365 76.45841096528855 0.042023717225316164 58.03554688385818 0.05800314724560965 22.425962876210768 0.08100001685868115 1.9876582419837543 
3 0.07400544917430024 2.4786648521723937 0.08000033777661894 1.2328069399464985 0.05500177115062856 19.632021647715987 0.04300922405835937 40.83536808072741 
3 0.07100312718822074 5.180668888036585 0.05495057710553733 21.52054217753334 0.04401724745138585 40.631998980234535 0.06400103262015555 11.654989939761748 
4 0.07402961316565666 3.208805468192174 0.06601082100027647 9.952115878664484 0.04800886713740501 36.101618031044026 0.03701931991595141 63.784723441157595 
2 0.03801177273901688 35.11553168729792 0.083 0.25598331611718267 0.03302226175064678 44.41270897036693 0.05300256221862533 14.13566311846721 
2 0.059000000000000004 10.565149426278156 0.07900047174923004 0.7171181692492975 0.04400763392071778 23.656025065822654 0.05200581662538641 14.953574132448882 
4 0.039022476184176196 55.97543508224433 0.08502871590763675 0.8708396583417434 0.05900134394945222 17.162538981013356 0.085 0 
1 0.03103253287118772 29.90968403486661 0.04000968469809033 19.89231281792338 0.083 0.18416100225076007 0.031020429913292 29.109739965341614 
4 0.06500110089919249 11.945077802435634 0.084000620071024 0 0.05300278470536185 30.59028359527769 0.04500566355813294 48.58286278645211 
3 0.03501882020952335 53.757071940920234 0.07002744497755525 4.402412754010285 0.06400140488837786 9.22045974460673 0.050024525145705476 25.751653767296226 
3 0.045020161072083995 34.05203176386314 0.055003972167913265 19.255930230758533 0.07100045371703857 4.086910398858568 0.05301171601592727 20.373541006465288 
4 0.05800671101186605 20.43915478044785 0.06300394137344872 14.182313898013 0.06600263890235683 11.003266351386767 0.06700139066425584 9.817170259619537 
2 0.05697280567402492 13.294882777853019 0.08204124965457364 0 0.077000048479881 1.3338019277396451 0.083 0 
1 0.038044574799623726 20.560040434713514 0.06100761344421562 5.587038918703912 0.045004183655447234 12.694672550003446 0.0440070415933433 14.41833832467562 
4 0.061011002776564356 18.494842893455967 0.084 1.052961332229832 0.06800643274875198 8.95292029496713 0.03403477696084378 78.180105534636 
1 0.05400330382116515 7.099987679181483 0.08000005711279387 0.18880223385559228 0.05000121628226615 10.604977517408221 0.06900006476873041 1.8613568318144544 
1 0.081 0.25620052062631693 0.0330213749449329 21.303012644660523 0.07800000000000001 0.005712524516625184 0.08 0 
3 0.03103166751773262 75.06733786480207 0.059011227913365806 16.315207313980963 0.05900604267000701 16.643819466200682 0.04101384968653369 49.45614556257479 
2 0.07804939204951634 0.9054412681464691 0.04201308790528502 31.674958700278363 0.0540104671118897 15.831815408808252 0.03601025328198941 42.0308785776753 
1 0.06000173738482011 6.31941398065945 0.07900000000000001 0.49510283847164893 0.057002190041967785 5.951942397701682 0.04300114347583434 15.681196106388839 
1 0.04300701221271403 12.0770484049139 0.04200667049626696 11.089349254085604 0.07698685251760087 0.16879394590214292 0.07800000000000001 0.20285193474193647 
1 0.07800000000000001 0.5458556414457538 0.0720004739466151 1.3175613561694504 0.036007361879647384 23.896553366451762 0.04100676792782186 17.489889007490998 
2 0.081 0 0.07400062936636377 1.4936743840653977 0.082 0.03704011045708739 0.0720126169117187 1.75588427176126 
2 0.067 6.38289822268105 0.0690005793747334 4.329189381873299 0.056984410086606034 13.062337165326353 0.04600753459986162 25.254705809591115 
2 0.05901073772423523 7.310216136172036 0.08400069085673104 0.3504890979658106 0.032019476563844754 38.93007996242315 0.04900488990565102 17.80445932594038 
1 0.03602001764246038 29.092610759318493 0.05701547004021351 9.963212812546832 0.05800115053712001 7.931389436274329 0.03700737982548599 26.78587370150276 
1 0.04201903969938092 18.09360641709933 0.037008446829354016 25.145879639685575 0.07900363939902669 0.2629378242846918 0.037004823116533817 24.376824638610167 
2 0.044028885391168796 30.064504278103243 0.06901706954236145 3.8200111362576603 0.085 0 0.05002181523728631 20.23074167075879 
1 0.04401977232662349 14.472875544158551 0.03500514204419419 23.52305545451684 0.04000651047581716 18.16931777694443 0.04600342118388118 13.121237389370071 
2 0.032016950307660746 54.77238952831088 0.07500101957523783 1.9357217595669363 0.037992295517446706 40.750664011810386 0.031017806937371564 56.81948943181301 
4 0.04102680864999869 49.648446336592556 0.031042888022630957 76.93325942007667 0.06600158132262712 9.138198641213904 0.03902944534441312 54.76383590132205 
3 0.085 0 0.03601763987884472 48.13526658865826 0.04001772450486448 39.74004519882975 0.03601850429591978 48.93627286010151 
4 0.03003731802833523 76.0225069776056 0.04201591211093216 53.131903503803294 0.04701521483694021 40.78313707698875 0.03202783376600296 83.85658181598637 
2 0.048021155703995295 18.142588886665315 0.06900033014596502 3.1806011320160437 0.04800178254073623 17.598856951370976 0.08400553523864637 0.67716547800511 
2 0.06900201409586058 3.546357011025707 0.0320168330571657 38.07578777355639 0.07100078071887421 1.7595107289375573 0.06100346210647633 7.948599974085354 
4 0.084 0.42010958641191803 0.032030634395416646 100.04294417902722 0.07900027887804717 1.4272314787343048 0.07300225084542397 4.560729914877154 
1 0.06600174202520509 2.552104416167529 0.056002656821536774 5.548974960433087 0.03800868582290881 18.75510788904917 0.07500000000000001 0.4471353509111983 
3 0.055025911969643446 18.459656114315383 0.04501672982444603 38.717442866940246 0.08000133911055934 0.5178843603438698 0.083 0.6666604802188346 
1 0.038007116866502426 14.461610709757808 0.08400177802265177 0 0.04600613154348939 10.343758195986068 0.03800673120389577 15.806949732153454 
1 0.05503478686060248 3.363553181563403 0.05600014113240133 4.213460957729214 0.04502096684193751 9.951219540301274 0.07800000000000001 0 
2 0.0680006362798446 3.4282804907270927 0.03202150037217143 44.63843001758963 0.06900286899532507 4.268454825068011 0.06700339715534395 4.898205733663257 
4 0.05700111629949226 22.27764924750416 0.085 0 0.03802931560324228 65.44668107435682 0.058003854160266044 20.602448682455865 
2 0.07800047186308921 1.1271358055244918 0.038009623363397034 33.1812356694896 0.07200046862465381 1.9566542371262632 0.07800000000000001 0.7331956065565988 
4 0.07100389270502244 5.179104613518286 0.06100832124934002 17.00593527672502 0.07200743424748979 4.576622503430339 0.04503001932735289 44.9923224491034 
1 0.06800699896659786 2.2805818074104476 0.055004854608281965 11.120940067077585 0.06900057064149037 2.463168811279467 0.08000007036504611 0.3926444383974284 
1 0.07800000000000001 1.091270832962264 0.0680020054372549 2.9733484888869217 0.06103493945054861 7.330293917008497 0.061002714948581734 6.819963100136964 
3 0.057003743829231575 16.55660689974065 0.06700065433600286 6.428825731330971 0.07800073398171933 0.9508681489502222 0.06400785182866757 9.586158051550612 
2 0.04800702647102534 18.822461497041722 0.06400052305026105 5.528221164394337 0.05700543078312361 10.342956535111394 0.06300472738952023 6.916086098428746 
3 0.04502737566412215 33.98933863518198 0.0820009827071098 0.9452247763801006 0.062005307756560886 11.5226860056429 0.05600317205820306 17.594179039954344 
4 0.033022384093426047 80.39095812885634 0.06801381284351553 8.084661606367 0.050007458565333486 34.2578715432461 0.056009431886187046 23.79691912214667 
4 0.05602119439757322 20.889444703152233 0.031028747040651894 76.76785812374592 0.05400214949437637 23.574291548725004 0.05201169496924043 27.254330006290417 
1 0.07900000000000001 0.2710917400082284 0.03202043213494277 22.994816202134146 0.05200038964963914 8.07634574568647 0.04500557039173227 12.51686481061379 
1 0.04402782101830175 11.373365288069484 0.05900245651054527 3.985117109024746 0.062000000000000006 2.6596829513608222 0.067 1.5147312257288612 
4 0.06500090535202918 10.750298587172251 0.05400487809660527 24.3828653552714 0.082 0 0.06300743312606882 12.382952104950197 
2 0.037020135219819256 43.61477469150137 0.06400017023427412 8.714588131441946 0.05204003138680409 19.85011100580215 0.03203515060256118 55.36532775892761 
3 0.03202413399247868 65.80188568951469 0.04801261467363198 30.712981053239318 0.04204124455451816 42.81845020429906 0.036020056097676806 57.60325934485322 
3 0.07100224050401338 3.193692358773168 0.043022600493838534 34.3280282463462 0.07203437374997666 3.072474581509758 0.05400218988139893 18.050884693631666 
2 0.0810004921984245 1.0022449365483124 0.0790006538177709 0.543749047419873 0.056007899321941 13.936989927590506 0.06100110251246889 9.624262829046316 
2 0.032025051032531074 41.491242218375945 0.04900153820434511 17.882770726573597 0.06700302525002892 4.308524139327982 0.06300068713832158 6.751617767747756 
4 0.0540144097533513 25.916107140633706 0.06900244649176442 7.36435829819725 0.03902270305617632 60.060732511598474 0.08200098883893331 0.3680828741539762 
4 0.05801008640230815 22.532002224361072 0.07700000000000001 2.181925327581613 0.07200724856948229 5.149335467011519 0.06599463683546522 11.774126452980756 
2 0.067 3.1672173260078513 0.04501882179231531 19.332448586792335 0.0680010744583803 3.583449875325756 0.07500000000000001 1.2804345404085073 
4 0.03202656338111666 79.07160515214362 0.03802094705237986 61.65075238081705 0.06501423750929883 11.343702912428252 0.05301119790253735 28.173721847823483 
4 0.031033793808431312 101.57228755512713 0.04101861821151291 60.898827063391465 0.07400013794770022 3.5036152174524946 0.07797017593052785 2.0376673437022608 
4 0.03802116576267853 62.54089228511543 0.05203148809128014 29.707844475368777 0.085 0 0.06002316710776051 16.91291326637637 
2 0.050003385466669076 19.271155552046327 0.08496618668915049 0 0.07300045612759774 2.1221372834836614 0.06000577143511294 10.132606512529257 
4 0.04496136773984356 46.098103110640196 0.032033024794884124 85.09929535106062 0.062026328101574636 16.089119848231217 0.047952033902062784 39.68002300799004 
1 0.03101194537512511 19.07543164075425 0.07100000000000001 1.3495904013825686 0.03400358795742382 16.87252867437671 0.07900000000000001 0.21728573375546187 
2 0.08104839755955731 0.747891548719721 0.053015951515940477 17.467272354281135 0.06200499239469414 8.572984335053395 0.04901011239562438 21.543760766856764 
4 0.03302883037743426 81.75394534177812 0.03602826689511335 72.716005801605 0.05101566021945194 33.75299196769469 0.03702740438714709 70.64081094004784 
3 0.0830040829983396 0 0.07600058941839288 1.7087962592686223 0.062003136264659836 10.020146698815603 0.05397348992899118 18.271334249610007 
1 0.06095335913099895 5.596019166260994 0.0370132677323559 23.289522298968294 0.07300051418506258 1.019158897521292 0.0530036885134243 10.799946964618922 
3 0.04904759600008541 23.896951669839154 0.035012883334568964 51.63767265367341 0.06900528280587492 5.367550133858421 0.07700042384269487 1.413719891316626 
1 0.07900000000000001 0 0.06700984459701627 3.539944685492256 0.05700394709105097 8.305126416930737 0.046001442052585446 14.325895616580926 
1 0.07300032055492242 0.9300164018626323 0.06800011192649383 2.3379148195311723 0.056000635811442274 4.47184936335287 0.05000258754324992 8.730005114444973 
3 0.06500535843968833 9.14097647632438 0.049010995869831715 27.04241572359731 0.03501561488053527 54.58433057156836 0.051006400798237275 24.22107241618778 
2 0.07700000000000001 1.0685248511502674 0.07900000000000001 0.8616864787852687 0.05797412615536003 12.29828338750308 0.04801021344553178 23.06903405460184 
3 0.04904835116622992 26.53474983220875 0.06200093777832897 11.368793564366518 0.059003952299272196 14.654970625576297 0.06400137958207519 9.496749460858785 
2 0.030019499042919673 50.67822392305764 0.03302135727876565 45.013862609421885 0.04800773007260911 20.873167057086143 0.07900000000000001 1.0943277047857982 
4 0.085 0.6917459702783183 0.07800121291899736 2.136820747183856 0.06200583035771788 15.131185427807713 0.038960514893308824 61.13392282955612 
2 0.05502543888613221 14.977381846694149 0.07200419799276969 2.092956112722121 0.05900571868876502 9.94485696016228 0.07000458655188388 3.7284265730903785 
2 0.06400812950408613 5.691592977064079 0.07400000000000001 1.330928366584096 0.06500053242969835 5.096432251377625 0.046008330110334165 21.79483266736375 
1 0.082 0.13761400573382065 0.084 0 0.053002609060748704 7.4318769100817095 0.07300032634164645 0.9960885700334303 
2 0.035027182089113595 45.7722218129583 0.042014102373991974 32.27760303630528 0.03901235739041064 37.70740680354484 0.058008659295539125 12.786379417689727 
3 0.05900251954885712 14.821380334907996 0.03102646652466305 67.88255239322751 0.08400072447224795 0 0.04403106200209778 37.53304467438062 
1 0.05100046917610226 13.380352509969331 0.08000006964726854 0.0786302396433488 0.06700040118288669 3.610766696416219 0.07300047074895791 1.2707064830636963 
2 0.082 0 0.0750004937624411 1.3255780890479212 0.05500571361486506 10.159439154294084 0.05900188631299664 9.325313846367365 
3 0.06900568809254211 4.894399241702634 0.046016720223040555 30.109537361666604 0.06800085895335281 5.4901503341715845 0.07100112293896949 3.788380438504764 
2 0.082 0.4111346070390594 0.05101305989074169 18.46115571798557 0.033014041048352774 43.691811203913986 0.049006479403754806 18.488632000323026 
3 0.060002255887290634 14.447376903133378 0.07300009063481186 2.812206227751601 0.03802793476904504 50.66447212602455 0.07400087220578147 2.4313272401204364 
4 0.05703533749945623 22.163096046959343 0.07401012653274387 3.337707924529315 0.07000336769304438 6.788284265470722 0.03803463383677655 64.06514542590428 
3 0.03401903523990574 56.64128212269808 0.04802133327335539 28.88872633704449 0.06500122580714868 8.146058811341497 0.06400541145863195 9.703701746836646 
3 0.054001024334561804 21.61063383679263 0.04801214250834255 33.14582977255415 0.0740000151245237 2.7222325326890537 0.04203201836834871 45.22097744171432 
2 0.031026134935624325 38.59830297247501 0.05001357205221215 13.826123182298483 0.038008589585798634 28.702246893446357 0.054001400506833976 12.759690488557856 
1 0.05101552071818678 11.099919504774032 0.07800609727834462 0.5771831989838014 0.081 0.06772511480872377 0.07302682448980931 1.5457116579779786 
3 0.07303356179797943 2.2737426417637603 0.0620072214208748 9.458544427156596 0.058002137478547586 14.195201491527833 0.07700215545018074 1.6430955982048792 
2 0.07900000000000001 1.364429772985722 0.04600450654842121 24.259926640228016 0.03401381412912946 43.548754733231746 0.0650037670193695 6.1555750969451815 
1 0.07502463585818886 0.5444576533983424 0.033009372935219064 29.809972125026697 0.08004060338054916 0.0587374364621871 0.07500000006194377 0.9108245117467509 
2 0.06600399833519002 6.041210792789255 0.081 0.4557292518937065 0.084 0 0.03302242647758326 36.131665810211 
3 0.049047163425515336 24.086256583031883 0.03701335932620854 45.762740426384205 0.055001317006964624 16.156216586137027 0.029977162691584375 61.02363736776443 
4 0.085 0 0.07200149044687257 4.333382266492048 0.0450135824593883 41.37306352079974 0.046012599678170285 38.998734792670646 
3 0.0810005101986988 0.2932232427013897 0.082 0.7698646696677311 0.07100106273874933 4.735709896584857 0.03701687820294386 58.37977593951811 
1 0.04101133782923656 23.190348450310324 0.042005934105602584 23.38780302305346 0.05000599575424972 14.803816246958908 0.06000053417691652 6.9724329405565 
1 0.055038159123566625 6.5552475435347635 0.036007136677634985 19.14844245005065 0.084 0.05790213804307793 0.04100929258367944 15.270469904621418 
1 0.060992370528249955 7.912273185977989 0.042004308720005525 20.692126186173724 0.07698005717012223 1.0662925078320231 0.07800000000000001 0.44413512018152007 
1 0.031025233156392135 37.88147283448237 0.07500032957711861 0.974471423223124 0.081 0.26906885054830826 0.03900687432248243 25.96024023345277 
3 0.06502233201213947 9.443594225203078 0.07900049805437902 0.7233073088639116 0.05900755302239573 14.470154739304352 0.06296574596295984 11.480949238074754 
1 0.060952836391038226 3.94390032919336 0.085 0 0.07800000000000001 0.3102814636377118 0.0560023082197911 6.920645280804967 
3 0.04501659869934008 33.632264254644184 0.084 0 0.085 0 0.041020774125904616 40.52007788652799 
1 0.084 0.06603537711632995 0.03400886313784174 21.221380880157017 0.07102699245365403 0.6505440387548121 0.030011716724962917 24.068521006113343 
3 0.07200000000000001 3.636223877666547 0.08000031856434814 1.0923851220216247 0.06900130611781163 6.391713989974073 0.05400991770150501 22.677634524918776 
1 0.07800000000000001 0 0.031004279431245507 21.340225988576996 0.07500000000000001 0.6152362687772377 0.0620018041996439 4.663995003795739 
3 0.03202291254216834 72.20776744541169 0.081 0.9633787633006352 0.052020899872567 27.730915307194483 0.08301375887186477 0.971966817054416 
4 0.04502201196927101 47.83035305913782 0.083 0 0.0730136168131118 3.9907340807005327 0.06998340599220317 7.017827353511585 
1 0.0849714343752059 0.12750745763388555 0.042018111964130266 13.145651100777375 0.061005607722745665 4.602496090659329 0.07700000000000001 0.12206731510942506 
1 0.0530018156810251 11.04715076820535 0.06500090740570481 3.424084506676955 0.030009893351897937 31.887205296052866 0.04100923889840535 20.27112166174348 
2 0.054000429031651996 13.501254153275454 0.03901018136457097 34.38092616045394 0.044009896977928495 26.885409232043884 0.04001281890958553 33.42793294305707 
3 0.03603360317590247 45.797704881203344 0.05800105848183547 16.246109784111617 0.050006411054513436 27.078507277715143 0.03296817767767915 63.10660887500145 
4 0.07200000000000001 5.080882620136444 0.03302696173156544 84.2119065218417 0.05800284716036669 21.945717426448667 0.085 1.4384025376332912 
2 0.032012571142018706 49.59530957327451 0.07202078816534543 2.2664826645717664 0.04600518996829629 24.597719129532244 0.03502206672665875 43.56588464357849 
4 0.06600962885661463 12.047006633587946 0.04701433353269566 45.67173343573963 0.0470169154569197 45.42381030130815 0.08 2.4036075100397643 
4 0.0830041511352719 0.9875523523321189 0.07400078383945564 3.253789963482005 0.06000168729151491 17.979243019134245 0.03903732321663699 63.65235142192341 
4 0.049031297565362154 34.39701736953297 0.07600069496696565 2.467832705602525 0.05400707137432218 25.480041308683777 0.057008646882428786 20.58422582127195 
3 0.051001134815617376 24.856154565529682 0.030006845119813164 68.02350688584616 0.06702595967695399 7.913647418674145 0.04501422123117529 33.7818148002547 
2 0.06900001835892296 4.9839363246334525 0.07296346976039854 2.2758812366000782 0.07900012412086466 0.7902849338573964 0.07000031795848521 3.7454983015278 
2 0.03502047067542871 42.95028799951719 0.041013538505060676 32.58967936133132 0.05500583630687701 14.295467464987347 0.08100088631242268 0.09500881139324842 
1 0.07297042665916374 0.9945008536127994 0.08 0.004969462801243331 0.05700019150809915 5.996273743280986 0.039006692658243754 16.952953701023322 
4 0.07800000000000001 1.9058932600400396 0.0730078971825638 3.3527587217727093 0.041015764358307276 51.67925736216756 0.07400047901288087 2.7922002035766287 
2 0.0700001790799438 3.6075939570641893 0.03701683804453028 38.600827539372666 0.053002275188891175 15.047453596217759 0.0770038722926772 1.175717593606921 
2 0.04601899460834383 20.616443455786314 0.06200062372936499 6.4928564963814805 0.07901446588459671 0.7086494701635359 0.07300047734133787 1.5047677528571544 
1 0.03401465434047077 25.992816423833375 0.04100817045654611 18.78082740973649 0.0829652792078037 0.09261444493009326 0.04301206992306631 16.7892182136846 
2 0.085 0 0.03298281640223423 51.78610410158664 0.08000011359170378 0.542214667421213 0.081 0.4846804031622112 
3 0.035019726462996045 63.830274148094276 0.044017952591930025 42.26199247380305 0.03700884439065939 59.28320142587539 0.04398754369460066 42.06383336126537 
1 0.05700094030322307 7.124263303059843 0.03801215374299015 23.066285741820565 0.04500684076014433 15.726292065133128 0.05700646191885519 7.61584402441346 
4 0.03302390943849441 70.81468858751307 0.0480340460238439 37.982147369237744 0.039018334880743744 61.64023435747878 0.06600882063931626 10.366811114362132 
4 0.07900513863809973 1.9580288508907577 0.085 0.5806268222987722 0.07300044670222448 3.5613808751998905 0.06100327667025361 15.426949418076084 
1 0.053001183328152866 9.377768700268128 0.04003146284057109 18.790642651009435 0.04300715856808851 16.263017217105556 0.03400660508226387 26.012769585199607 
2 0.04100825169929227 34.142964003142794 0.031026319978358155 0 0.0510041205736506 20.678913446111448 0.07096912494473964 3.0304982219709284 
4 0.031028991954281826 93.81572864021543 0.038024877402049795 63.84543834908919 0.07200016205886915 4.165855515137513 0.07200154293147427 4.680570336635763 
4 0.035027351374649435 68.11018211106547 0.04700960615676686 38.01961327051918 0.030031347326925903 86.37906704905826 0.06701302693298812 8.586562712957207 
2 0.06400446874286356 5.271562234826103 0.041018890304109476 26.38172426263298 0.07500000000000001 1.4896709528284076 0.04500603038472638 20.220732239529724 
4 0.06400108553583758 12.56629551704243 0.08200093434533767 0.36628294034247694 0.08200013577076552 1.4351008854522687 0.03702905775526903 68.43388568545782 
1 0.08497064604339993 0.1326747804816873 0.06800781573111943 3.2224846345008524 0.048011946762332766 10.344709794693928 0.04100382283432832 15.816989818149121 
4 0.085 0.9242548631235169 0.08200103882630011 0.37118717486266534 0.04202351916200425 54.87888804642727 0.05801753599880456 21.05971437071251 
1 0.0710243351775956 0.6028731637139649 0.048007283710258 10.59410897384911 0.04600561687308317 10.867513442173134 0.041004498938270476 14.04318955215709 
4 0.058006679898064 20.690109334804852 0.06800109412483446 8.85696846698426 0.07800004319442155 1.7845980055151838 0.06000205660425167 18.223302935881257 
1 0.082 0 0.04502046471189133 18.347097072783654 0.049003350148947536 15.106121603091832 0.03798732651877118 26.62210444993568 
1 0.07000081867735641 1.6401998376422087 0.084 0 0.0490062346571593 9.462479476411659 0.05900014357932278 6.4474698797349355 
4 0.08300415090055299 0.9923869619774964 0.07800084336159954 2.151247387198621 0.030036972540240847 91.86683173392419 0.07702099093592907 2.052652328860351 
3 0.050012397785485045 25.381620390320432 0.06500287192743111 8.97392061484796 0.0670008802671549 6.921943311335711 0.05900747355265423 14.675681417001883 
3 0.05702152716583714 15.878197819922878 0.05900326438084271 14.77294872770316 0.033023500900007996 62.29978268564239 0.07700000000000001 1.9961979331272646 
2 0.07900000000000001 0.6526029089607736 0.04102860779638209 26.877346470487677 0.051002768724875365 15.720313574855687 0.04500674233275671 21.604421248550956 
1 0.04700635025700499 17.514546612514163 0.033022412366140286 31.553197887304712 0.04700529596179567 15.448672382822132 0.03501087152045278 29.379717451785826 
3 0.0830041008851459 0 0.07198022055017386 3.2901423038618876 0.04801496672781814 30.5050898624456 0.06500124842561877 8.651031627121746 
1 0.04903594672518281 11.467866657147054 0.040006959663966245 16.393945616117293 0.05503689349403059 6.0499434527860405 0.06901535824901917 1.1018461483815434 
4 0.04499732969013303 41.13637998476046 0.07800000000000001 2.2683487697719733 0.04501636613223118 40.60081112629847 0.06800075022049287 7.782039454115086 
2 0.049043993643155294 15.88626111461144 0.06100232538711381 7.776421308597394 0.043027458312030246 23.008416573208763 0.03901039008302361 28.401925177106598 
3 0.044014357386531526 35.78698854254212 0.07500003272738792 1.8845286659968241 0.039014830239218694 44.13954266135866 0.04201561783072352 36.77337460121802 
3 0.035013025748221974 52.89463261614835 0.05000526037521569 25.05365113674468 0.043012861047650196 36.30833407900795 0.04601295841939749 30.89802132063397 
4 0.04902657372931894 39.30796538242078 0.06000664013267042 18.606073404416215 0.062003804243971214 15.854002212209352 0.04201446374173417 56.146400347583196 
1 0.07700000000000001 0.9734180257044114 0.04900197955517015 12.915158844983079 0.06300501868364644 4.412779091802738 0.061003411800102415 6.2083282801812665 
2 0.08100087046124518 1.0555496164278286 0.038010574700467516 42.0951354757263 0.04601436270422954 27.69946540572143 0.08500018375407759 0.7129885774458866 
3 0.04102518404672757 38.63944308934527 0.0720034075796965 3.2137594058166927 0.08100002316348147 0.841841821098931 0.04596096850111647 29.40169042901118 
2 0.0380115254388178 39.52073231882689 0.07400000000000001 1.7057536251367735 0.0660025152524402 6.643966351959788 0.042022955585969954 31.12258998387157 
1 0.06400004890638672 1.457763323621847 0.05900014262444283 4.013632550554656 0.04600415042810234 8.309362834441265 0.036006190505440516 15.865097958913722 
3 0.07400698327883634 2.747726907043685 0.085 0 0.084 0.5723195653622241 0.048009480607658014 32.94054808119254 
3 0.06600654030598185 8.661805706584227 0.06700078687139871 6.885805773394369 0.08200025177065298 0.97191708961726 0.06698415441445277 6.758450726920297 
1 0.032012910332047076 31.807091650505708 0.05200102008799397 12.04255295936757 0.05700139947547979 7.959511287934081 0.08201159271009392 0.4039788132976601 
2 0.07100181852957846 3.7044439119623656 0.03501539465333961 44.25254706703072 0.0750028589962529 1.7721910521344413 0.04801060309727687 23.71071269482094 
4 0.04401278207973959 45.658175183393055 0.03702392348749582 63.85395626859411 0.03602673516012456 63.96496723717984 0.061997209454203485 14.361297233357742 
4 0.065 11.342417071613717 0.05201469812337873 30.566816421778697 0.0420229106663653 52.12100999957541 0.082 1.25108209214618 
2 0.08300404878469411 0.40979156519150517 0.08 0.17161340784857088 0.04901963339912584 19.288509067350542 0.04800964457605524 19.558574945322576 
3 0.05600344390270767 19.801604353366436 0.041009596044267356 43.45013153046005 0.06996216878554382 5.13524219333161 0.06900424758554388 5.96420222029056 
2 0.060996823155931225 6.231457868918555 0.07100000000000001 2.5327311072335696 0.0480035138696765 17.284049648354262 0.06400046447290404 5.263411964870775 
1 0.034023880087018094 30.62141954174531 0.07800000000000001 0.8402777542159895 0.044028858536891737 18.16494811737888 0.06802534526061438 1.7960884451597563 
4 0.07401116221129261 3.1133208416721225 0.07500071082771635 2.642257644042548 0.04201562401385643 48.569112277052355 0.08400091684520282 0 
3 0.05001648803942638 25.711054617140853 0.04601226575338786 32.18291259822728 0.03501405592631708 55.41647954222342 0.04601180332278402 32.2019797464475 
4 0.049031318978202815 38.7454043141813 0.06000632444029077 17.711727608880103 0.03400276208605421 77.7890602079012 0.07400000000000001 3.3179777208649206 
1 0.0370037192190721 17.302417184112464 0.07398477329609474 0.4919531976465181 0.04100806967545598 14.79942322497047 0.0500034518393709 9.908780478062598 
1 0.059001323878001756 6.873465493130924 0.03700592969668648 23.3082590957969 0.05501861695485419 8.070974922247867 0.05097250428621177 11.352919036838085 
2 0.04401072615723584 29.47335580864534 0.06296459275593645 8.948700820110059 0.04101411720074314 33.708088517373476 0.07200004144469237 2.54463137963802 
2 0.06400445989005063 5.284512830610384 0.06900054519205218 2.8285755595608806 0.03900201293106576 27.637684747868093 0.06900081522807149 2.986350459580313 
4 0.064968122455209 11.925027445024977 0.06900227845227601 7.417101222637685 0.04195855465423428 53.025235796321816 0.06300132491711508 13.659294274214485 
1 0.07900000000000001 0 0.07600000000000001 0.8753793267018057 0.07800000000000001 0.671029019683066 0.083 0 
2 0.07400091992023092 1.453927925496305 0.048969503656182536 15.90084831227457 0.06800074519547916 4.423644920570209 0.07900033757990137 0.8194959491563311 
4 0.05503738532522649 29.953106686971307 0.054013934005482905 28.88144614512914 0.045014945308646866 50.84768198886309 0.03702377238969705 75.18089172401037 
1 0.050001773425972736 13.765573649047752 0.07900025347452187 0.3640028101406186 0.04800119213694852 15.234327347978743 0.07797709813874579 0.6522888851612458 
1 0.045031016975093936 8.734108333450456 0.052000885552753236 5.280246823587041 0.06301630685409534 1.615148041190562 0.050002710896687314 7.684772882400759 
1 0.06700047340071126 4.032195934238091 0.04500592009372948 17.520078496776797 0.05500076198644667 8.703965464672534 0.07395085562366079 0.9718316317701464 
4 0.05403836614383769 24.70950937347575 0.03103384873988245 78.65420084264531 0.03803174358197299 62.06646561010783 0.03202706590304075 76.59393590946551 
1 0.032009392261557704 36.383644031293 0.044006142554090556 20.691613092446612 0.06200115561594893 6.112505093816453 0.05200591759781845 13.10361803807238 
1 0.0620019736981679 3.837979302119541 0.05400100523968327 7.989421516165178 0.052004725967790995 8.243545196519515 0.08400292764682621 0 
2 0.03301450680228027 24.828411666356846 0.07504348874259795 0.8898795934250295 0.04501647070353405 19.902259684988984 0.07300000000000001 2.555392101373485 
2 0.07502509722663056 1.5396008316598255 0.07700019150530084 0.8170712705322041 0.05000289805677358 15.843995123181388 0.03300494979293307 37.54725399424718 
4 0.05503735760222958 29.535416700852505 0.08 0.9622139972273608 0.0760012804930238 2.8483335521949313 0.04602642463909898 48.10200574329599 
4 0.0420260490379235 55.74368829267655 0.04202064581117777 55.944380797392 0.03203825234123395 88.03696024175689 0.06600172149628031 11.174133482236575 
2 0.08 1.2555920255105009 0.05800057766381513 12.82369067421059 0.07800472001923489 1.0904621970737634 0.03301576298033662 51.046138057038874 
4 0.056001833407445044 25.506353160412413 0.04302432781114225 55.149649057538625 0.031018509719962298 87.04367386714426 0.07200422743026519 4.987285172591627 
2 0.06500531053883549 5.705114245078343 0.085 0 0.05102300559033878 19.385505313250903 0.0640003479050935 7.663623736691984 
4 0.04202787241714419 47.71833242836036 0.05900726528117501 17.25161123179057 0.03104119097953273 76.66262835437063 0.052002918045067625 27.587150362749334 
1 0.05000087943900259 9.092534426849305 0.045003782213240265 10.946446025611316 0.07900031819147048 0.09348108829093585 0.07400000028187638 0.6174126127678745 
3 0.08100095029970489 0.9862148617670234 0.04001402570586764 37.78520042177182 0.05800655707006551 13.975085325645692 0.06400672328601957 8.636236077571112 
2 0.07600000000000001 1.4708223352174712 0.06600259058647959 6.104409576754868 0.03495356775625265 45.66354507082857 0.05500187871482803 14.737815993298739 
4 0.08196585623426583 1.554430603396511 0.084 0.025020488071661937 0.0700053722223274 5.687599927949151 0.06600153877695658 9.733649556608192 
4 0.0610104309707789 16.845455052564624 0.07202610336987669 4.646034249806825 0.05001293509204176 34.57257478248686 0.03202875311810846 84.69714479254495 
4 0.082 0.5172553627865605 0.07000079168357223 7.400077289975096 0.08000000000046514 1.2021668242214973 0.037036374783118345 74.83548887182619 
4 0.06500073877024991 12.199026415728476 0.03498474649104888 75.53357180289302 0.06500177878346733 11.755112027091492 0.05101951835137904 33.89620429686161 
1 0.07700000000000001 1.2347897693948822 0.049008416089534136 14.191351173857553 0.083 0 0.05402863021305634 9.924090132002402 
3 0.058000010430039946 14.663704175443947 0.030024695135224266 62.64854122466173 0.08400340387011188 1.111521168988548 0.08100071187642768 0.21332480589097447 
3 0.04402030669520459 33.30998315007695 0.05901131425955844 13.726251165295135 0.07800261872094089 1.4012714339169454 0.081 0.6786426776468073 
2 0.0710019404884907 3.642599820358775 0.05500742635550959 15.3191774745985 0.08202907410960725 0.7276988278149777 0.03001884646497946 55.335968926912415 
1 0.03200636312680248 24.262659290943635 0.07200006738883383 0.8564546287727247 0.07600000000000001 0.5867359223768996 0.062000828201657046 4.732386129732208 
3 0.052021024300336574 26.52713183048236 0.07300783327296814 2.9787756828413667 0.06000800803088447 14.554075454211578 0.08100105058805351 0.36922882224239384 
4 0.06201650044120683 13.79674434838896 0.061007781543633316 14.748051713881177 0.030033336455877482 81.0205294478427 0.0370292353221523 61.90672115380196 
1 0.07200000000000001 1.250873876326574 0.061000436515318716 5.789871663775731 0.07000012255288829 2.5727421498527034 0.038978954030932676 25.124685104122186 
4 0.03502539732145739 67.19272967665849 0.03702232633521971 63.50687594224901 0.033023919455523576 82.89913574869198 0.031025088209693213 68.9360046765553 
4 0.043037343733782214 49.675039981855676 0.07900083824904709 2.079725318846655 0.031032111698878193 82.59188580922662 0.050029130399555775 33.139113854521455 
3 0.05200919416057621 22.040588931134653 0.0630062008343347 10.1671507384517 0.060003228946836795 13.546792934526586 0.06900242289909386 5.28016877968518 
1 0.04300864671587384 21.569248625528555 0.06698524758772884 2.801073410889037 0.084 0 0.07000069268841642 2.6374549990869447 
2 0.061978563083213534 9.809325610155165 0.06200363308505245 9.263127321139098 0.032016754127164856 51.169554769578056 0.0800310315803134 0.782871626711592 
3 0.08300410521306895 0 0.07800005572630275 1.317802376960138 0.062030762390196725 12.306410113418154 0.03703060041034398 54.20655772100121 
2 0.0560033096096791 14.314126825286392 0.05300484776461285 18.369860127192425 0.050006560690185664 22.00802233725434 0.06500447661713246 7.713065644354614 
2 0.07700000000000001 1.1512585785623224 0.03001489642579437 52.19268948245954 0.07501974460561289 1.2677406769736972 0.049018645759491816 21.169669297832073 
4 0.05403253114980236 28.573427328579132 0.053013364860322584 30.506626155099035 0.06000667822517661 19.014335382024058 0.036036844907252716 74.66585420253975 
1 0.07200000000000001 0.7047222970425522 0.07900000000000001 0 0.04100544121853733 13.156224620613363 0.051000367929266516 6.369007627138018 
4 0.084 0.5883000285208041 0.05601715487729648 24.045472357983336 0.08200012259024175 1.9917100880407466 0.05799335846446787 21.216462017437898 
1 0.084 0.3930624939562958 0.08300048448281036 0.190777448050264 0.084 0 0.06600066569500763 3.0555218266958644 
3 0.03302439250509609 69.80791315504567 0.068 7.812628405776984 0.04601603440952617 37.126580419541945 0.03901997513468863 54.13236394053499 
2 0.05298258558772306 14.934912652854853 0.0650038224348761 5.73102909300206 0.04300516841381279 24.527350501414837 0.056000938595953134 12.100385768871757 
2 0.045021649018267454 24.867558342921036 0.05500133022972689 13.910781674391796 0.06100654165592971 8.866326891882617 0.07000620167030161 3.4321030426329306 
4 0.0710040449664078 5.279929381678454 0.0600019954240247 17.90853793883582 0.0610039030347558 16.640175619595787 0.06800165387176874 8.736915030651897 
1 0.04000609581146581 13.786490799153917 0.03300610192237813 17.952996017338524 0.05300178369338699 5.361910078448016 0.07001936999349441 1.0177916867638246 
3 0.04801785993370978 31.39354047302442 0.07200000000180523 3.9905190523861105 0.06600126649228835 8.991496912423923 0.045008827456592904 37.213955112976755 
3 0.057004085204394574 15.812302647419147 0.0540059451847298 19.515575998999996 0.06800801075994345 5.694747251157695 0.04001671674690658 42.19678977627856 
2 0.06600404054247264 6.07135048557342 0.04201921577569352 24.888232901580395 0.083 0 0.05600055579639203 11.646063266991659 
1 0.04300883707537252 15.701330291888038 0.085 0.08062816749263821 0.07300001461973744 1.2895636928605068 0.06700079427472634 3.0885426951757093 
2 0.05400863397652893 16.39448146848489 0.084 0 0.03201857649076091 51.25770017589481 0.08400477119840355 0.8832290112860897 
3 0.085 0 0.04704223164331698 28.582434869769298 0.043014287504715774 35.928695624777646 0.05700329383320577 16.080821150987276 
1 0.08 0.08514556372034607 0.07600000000000001 0.9451231630316351 0.04600293039098125 17.457761592847337 0.06700023946107606 3.773520205858592 
3 0.082 1.1625129002755255 0.032024674040552925 57.1423611517275 0.03901569148119103 42.29171135864624 0.07700000000000001 1.3254188880783102 
1 0.05103804957604973 11.089809706571888 0.08 0.08631084186280819 0.056000881703620796 6.527546748146509 0.030013641265911453 31.006829094759027 
2 0.053000000000000005 13.352071019415007 0.030024231590942488 45.24059529892795 0.08 0 0.08 0.4924711311530654 
2 0.03801280317718589 37.739045392759905 0.03501465880104397 43.37667246427351 0.05800160526018033 12.685164720662456 0.0730010488144862 2.0784384628582835 
2 0.07300000000000001 1.9453338055141387 0.06896844515856157 3.3679644860050115 0.04901514023472685 20.29983822941476 0.07796229832129817 1.0168072741637797 
3 0.050005165657993865 23.968780423199526 0.06900253720860006 5.184525524402675 0.04601191871399078 29.33141655944773 0.06500099129346511 7.694949281796523 
1 0.07200000000000001 1.451636063300721 0.08100007816280246 0 0.07800000000000001 0.301128181072036 0.07100000000000001 0.7751048031565885 
1 0.03001140621683976 30.435232986059376 0.06700045365136852 3.808665836367651 0.03899883549044822 23.45810006194737 0.08400045402780479 0 
2 0.036027560346385934 41.744112638316395 0.04600797210868324 25.372744586832294 0.03900864572442831 36.06356219690964 0.085 0 
2 0.08 0.9380893914029932 0.069000726185727 4.794408154544895 0.08198111273012122 0.22251998578959203 0.05001193080921297 20.95100785913037 
4 0.06200021732127374 14.613939581696084 0.05300904714430426 28.86050790015782 0.048015408565859966 38.77640882891494 0.06100190888650443 15.864682827727286 
1 0.04904332552117166 12.814367324831398 0.043007106403081224 20.986434318963646 0.03800968501953278 26.907875850283677 0.07400000000000001 1.1701237066072012 
1 0.08 0.42344519414531556 0.03700486973489793 18.206584432256314 0.06900251481435216 0.9487198605413216 0.0690003513802129 1.2224769446283246 
3 0.08201280666584367 1.228412823309799 0.051964245412971656 21.200739044006077 0.048009136021241905 27.352000557145217 0.07800010709155156 1.538472438121809 
3 0.06100688509132966 12.963134091665317 0.033995140870201765 53.61427335581591 0.0459724005877695 30.157520300249 0.050009377532467744 24.248111368158433 
2 0.07400149063889228 1.910053107644127 0.07600028847314981 1.3178426741844782 0.06500103753602854 6.821511332446256 0.040005336052004965 33.345904896386216 
4 0.055037180473552466 28.57179099941288 0.04202624375435829 57.76081617306528 0.06600176462906227 11.039578657559147 0.07800164558707567 2.4587307425467286 
2 0.037007323072020454 32.65735037785509 0.03900950381792563 29.11692016140053 0.08100704511831214 0.4279293393511105 0.03701260159749911 33.306638799134404 
4 0.032042773562793614 73.82788720498372 0.08198257487132843 0.6915418860381046 0.061989676242532585 13.82706370628295 0.03502889047843642 67.98470267549436 
1 0.04903472347643331 11.613434750330635 0.08200012669525995 0.05504800085827584 0.06500743533666142 4.0619164061261674 0.05300090765337817 6.1044968456436965 
3 0.03202631743955821 63.70421958924478 0.030030123341904774 71.43466215229707 0.0750000198934978 2.5258081788901774 0.040018990877641714 45.294184222046034 
4 0.04201544650190379 53.33430122869899 0.03502873917708714 75.25071489257054 0.030027773211459177 93.1356559691482 0.031031588289720774 85.72458221494873 
1 0.07800000000000001 0 0.07800000000000001 0.060338698065106965 0.03200704320983276 19.32194061826975 0.03700595496077419 15.689601091053895 
1 0.047017247207363375 18.191630117824428 0.03200916512690971 37.01495436786708 0.057008626573721265 9.806530910298843 0.05299890921458848 11.931427994948415 
3 0.07303477953465637 2.295140666633249 0.07900031157856086 0.9289639463476081 0.04504592846180741 29.018411883905248 0.08200928650901446 0 
4 0.06500125693574953 12.173397569131215 0.06600174792532179 11.487864472807654 0.05201983985402363 33.664657264426936 0.05001596447682337 37.06660461923781 
4 0.04303857465544945 56.936212399272506 0.04801641237416176 41.8640372937655 0.05800494616023832 23.121822625701668 0.031041004972247252 77.51900109741315 
3 0.04601579150094676 34.45776779671629 0.07700001712388019 1.4688789546894763 0.030028435044132787 72.50519178758452 0.0749900268904215 2.405003050519103 
4 0.04502216247719703 50.48926417057278 0.06701140886427898 10.738577706876061 0.04301360193082304 55.38674668326677 0.05696072608869078 24.05659034941049 
4 0.0640103484800823 12.226135288566784 0.06700177497932541 9.356113012363078 0.083 1.5479293030199788 0.0610009094134456 15.687879191767696 
3 0.03201716735284006 56.383825422383076 0.07000542453179104 4.06439216442654 0.07000150533114399 4.241458086036554 0.06800355872049324 5.658457576487306 
3 0.05204216853497607 24.21841161255653 0.062001224899140034 12.710958931197247 0.0540028746007271 22.3378841799502 0.04501701772889064 36.65801913432609 
1 0.04997527404472471 12.897232508472523 0.03501624425754121 27.114844781475227 0.07202681923928436 0 0.07700000000000001 0.6359992428435061 
2 0.05902340703693291 12.840041855073554 0.06900038801410895 4.974598785415017 0.08000036475600489 1.0651692411711593 0.04201006199180929 33.262526081304514 
1 0.05300271887313569 9.542691951329381 0.05700044622824556 7.1951589935454585 0.067 3.715004423685958 0.05600358339393304 8.064381710271327 
2 0.0380089806791934 31.46607115055493 0.041011754259628275 46.35837428475219 0.07900000000000001 1.0286226973577044 0.03502780116096284 36.79126056434569 
1 0.053000000000000005 13.431401264326754 0.06800177113055322 2.948561341581539 0.040004947925903436 24.360817416587775 0.05200667160950235 13.713373644686031 
2 0.037012776559517416 31.251963613388256 0.042009192745029074 23.71246286482254 0.062000072947988 7.036538827824289 0.05700369257584749 10.458445347104256 
3 0.03901439607596679 43.14633837507437 0.06902889327966016 4.703862943837263 0.07800014391882434 1.0510979161392895 0.07800038929555146 1.1457177886020493 
3 0.05802809168804472 16.62073122418133 0.04300761805135545 41.5588160180465 0.081 0.4468330946831855 0.03202444184397091 67.66925240304109 
1 0.05604417375704226 9.224017834142307 0.07100040253825424 1.8409308547877323 0.04300695360398604 19.152811736529912 0.04900365528988223 13.416120074544752 
1 0.0320260490088948 35.8093063069196 0.053005548882855545 12.255744272053436 0.085 0.4313831689074564 0.0710045762682066 2.1305556474760743 
1 0.046009214624153416 8.398594965981447 0.03200367344632048 18.82787897201413 0.04200149585087452 11.411475328592918 0.04800616599026462 8.741894795271659 
1 0.07800000000000001 0.8379999184255031 0.07200054905952825 1.430553258258175 0.082 0 0.05302462284743084 9.271375390773777 
3 0.04201708442932014 41.45456666594735 0.062001121789879446 12.460498399181553 0.03403528809500622 59.880509108290035 0.04500991949852237 35.47153399874485 
1 0.04100760199973781 20.471171102988592 0.08004755791358407 0.0946391929792177 0.04603082878857449 12.923351655723831 0.04600478649492945 14.226744978760168 
4 0.08095496510870906 0.6034634934945825 0.05203221407311391 31.887241554098615 0.0590072074181715 20.948944671227313 0.085 1.2092220181732154 
2 0.07198122501126666 2.8083612082228337 0.04302962103751692 32.56363754452638 0.04001325099866941 37.34052621950259 0.04703955500788613 26.691262016605755 
1 0.067 2.294320250503761 0.03201767301413923 24.37638916355579 0.08495264608550397 0 0.05800120641585055 4.9514078112597035 
1 0.060953555697315254 6.093278699060817 0.053043355467298055 10.30575528139607 0.07900000000000001 0.18016055333457992 0.06200871438186607 3.5232091660645564 
2 0.03701787859162382 42.82040800048024 0.05100632676854539 20.795658961965998 0.06100091117050977 9.895337361377653 0.07600082516015776 1.7249036046429869 
2 0.04400520333452071 27.793948056727842 0.04800836453863323 22.398359864614555 0.05900125124171595 11.595718740535135 0.043011243244494776 29.284324449303828 
4 0.057003817839097734 23.035146291355147 0.050013270991243204 36.3759821278166 0.06700225023234935 10.009299300061254 0.07300159056623853 3.9543445985614487 
4 0.03103152812235728 81.85149968241397 0.04501702918798472 42.46838735053978 0.0440186933619627 45.350771444464044 0.05201611176578643 28.92451366005404 
4 0.04502990714711946 44.08580731484808 0.034030090563854656 77.41119328801582 0.04801321954944564 38.49653555232271 0.05001086131407435 33.56709565652085 
4 0.05600405676138564 23.77829810897793 0.05201100587370097 30.8609202364497 0.0440195565922086 48.10305744720311 0.07100056163255958 5.51577804672773 
4 0.04402216445510369 50.74983338025715 0.07500640173056014 3.146392602875122 0.05400442439828151 27.961768020631293 0.037026057578706195 70.44210627495076 
2 0.07800277283483799 0.5640422545135273 0.04301212800147906 30.86979631659656 0.030979929673331325 54.64961770369091 0.06502746475093354 6.20370488549336 
3 0.084 0 0.040014366060278236 42.27388116323374 0.033010183707188945 59.70994232917665 0.03501928357816897 54.03823141424472 
2 0.04200834010264176 34.922760166231186 0.06600046669080001 7.182975705544468 0.07100071910462614 3.582502658016802 0.08398095490634086 0 
4 0.07200000000000001 5.411845935028602 0.06899047949821914 8.48180791757878 0.08000084327946899 1.0356683909843598 0.04401240889967073 51.80670152642469 
3 0.05000384008795291 29.339317410471697 0.07204897027617571 3.835304516306624 0.08100000518740441 1.3629549349611372 0.03501028603401342 63.97045214160583 
4 0.03203362872658784 84.35858619458354 0.03203191578789706 87.05614327026117 0.04401518866382824 50.57491532956112 0.05296990956322241 29.840206497383985 
4 0.07900108134773598 2.50969483507235 0.06200802407570151 16.993626581459242 0.04303328508655036 56.0004471757109 0.0660176040816699 11.973766901085153 
3 0.06900803829562763 5.167421480013292 0.03602031357727775 51.40285953297826 0.07300000000000001 2.504010772533289 0.08200004534881791 0.7741663770527606 
1 0.05700031222091517 5.5732248033057985 0.085 0 0.05400141136833376 7.349551285780612 0.06100070385112493 5.498297837559733 
1 0.04600328666926482 18.24233288698596 0.05100455906417642 12.694268692432109 0.06600399901280737 3.5138061641424065 0.07300000000000001 1.3233303937845005 
2 0.038009859620343256 37.152208910493655 0.06600059546543788 7.0494174938266685 0.06299502016745549 7.686110601940248 0.07500092420112041 1.583354588892082 
1 0.0370036966604351 13.283093250041606 0.07500000000000001 0.24579377270720001 0.03500287947060182 15.175857258115864 0.0440041382508384 10.97539650193822 
3 0.03202311889256129 63.97063983610419 0.05200865618368332 23.397713669735566 0.04601668402870028 33.98330830967864 0.03003890748387794 70.49804356907144 
4 0.05600169639754444 25.00936976337265 0.050011180294728244 35.7860670792131 0.07300000000000001 3.9664677324179483 0.052025966493363766 32.38625681682961 
1 0.06300011987314882 5.014077401585152 0.07597331723720696 0.5607527975861376 0.05400288599066391 7.598751051337113 0.039008223750923283 18.997461538087126 
3 0.04102684081862322 37.71842028446276 0.08500361394850159 1.1548995703599159 0.0390221272772024 41.81582410410472 0.040012721804688636 39.11873344079187 
2 0.067 3.3408476967474607 0.063 5.91866124266521 0.07900000000000001 0.7954106469002177 0.058003232605152825 8.794604214243034 
4 0.03302276867045921 70.41570740986738 0.08503603239858173 0.9112047240967732 0.0530033122350422 24.72877715877047 0.06900083894208996 6.934804731901229 
2 0.08499258951532669 0 0.03100981087934833 39.46150803608912 0.067 2.9017930488639334 0.0550015550857168 10.352713648916971 
1 0.07900000000000001 0.30774600921564 0.055000184485350406 6.182483934037064 0.06400021032527678 2.4435146064259 0.08100288078922252 0 
4 0.085 0.18704291894408204 0.033027617755582134 72.00353328222391 0.0610005027915295 15.000617575257525 0.083 0.40628591447996537 
3 0.07502562118820175 2.3719228704922783 0.085 0 0.07600077370782397 2.068502001166434 0.07700033901874223 1.7434596084274676 
4 0.032033942093059625 89.45837102618641 0.04002103176089217 63.998630744128 0.07301705879119959 4.16492955016947 0.03602493805503598 76.8521508016028 
1 0.037008998925607245 20.548692610159108 0.031009868952102518 29.08683497605006 0.057000116931863194 7.216596218802743 0.081 0.015339228312300548 
1 0.039994493623416734 25.074917442104706 0.07600329794118713 0.9516770890109645 0.03701604689765979 28.96639679879981 0.07700000000000001 1.2071164995540513 
4 0.06600924726303782 10.985460036005545 0.06300442375897536 15.429697811768389 0.061008514402498056 18.33905995304079 0.04400956633861943 49.96319719147871 
1 0.054001953049077844 11.9443828360099 0.031987536146884044 33.547860954182234 0.03501279113744021 29.85567362969044 0.05400387561086491 9.425590986568865 
3 0.05502353756002724 18.19152469066465 0.06700322606943596 7.839409255613825 0.03102444364281394 70.58074803312797 0.033022775121800255 65.31034763167094 
3 0.07301717098343727 3.2138088848988757 0.05001669374836487 30.960805494424847 0.03701517596569577 59.553880222449024 0.07000019003162743 5.282005601100291 
3 0.075025508247064 1.7053461611404852 0.07000744512663246 4.485040968095512 0.053001690359654546 20.452717638203335 0.0590039480660145 13.617539302416434 
2 0.06400338329138924 6.494379194575307 0.03600892361761511 37.266233371301325 0.07300081080313682 1.9666652785369823 0.07600075755494631 1.1902559608379808 
2 0.030014459668178853 44.53855300046145 0.07903522648905627 0 0.0570059117882654 10.269909387563306 0.038012218727896396 31.044550868105425 
1 0.08300400917195083 0.18903013789306244 0.05600013644048707 7.470032647172158 0.056002766681181745 5.953539395613249 0.048005179204372354 10.952900541238588 
2 0.03701343668587867 34.0101390674235 0.0670025536427949 5.177435472331199 0.06900044609754402 3.608021749425946 0.057001703745597224 11.768962595197621 
3 0.047020706232358454 34.71961288621701 0.058004650926765856 16.980461208361678 0.03501902420100417 60.78756493440905 0.085 0 
3 0.07 5.234020927089386 0.03602603467995888 59.53378301997184 0.05100481997980038 27.076829534517476 0.041020374863497674 46.76961045186105 
4 0.06900618067274078 7.432446949850453 0.0840004698942698 0.7333477760808637 0.05200784461367679 31.223743301583134 0.051014315554448804 31.68656202964955 
2 0.05900127350279346 10.11521362344382 0.08000018558228522 0.4038936586225741 0.05201549489284183 18.229415817227913 0.04900646690647923 21.048690679214825 
1 0.059000277201799435 5.639601906195893 0.07601435046416605 0.3838478880188439 0.04900093886236468 9.789818147767662 0.04900362585986769 8.832131191905411 
1 0.030010041662283563 28.421608607113754 0.044006272693575335 14.496373192516433 0.032006504341904427 26.47575876130339 0.062000587887837307 5.395071470450538 
2 0.071001548313154 3.193157006894501 0.06797950650640018 4.523179076978158 0.06300226926509558 7.582725087719089 0.06700044372144473 5.436055002904885 
1 0.07200000000000001 0.8099453033239148 0.052017212248369867 5.662623746155339 0.05598733147530506 4.595383755670909 0.07400000000000001 0.6880297808282643 
1 0.082 0 0.08000013850531426 0.1094411718147096 0.0470027216672947 11.904225527887723 0.042005108583245174 17.006401948753734 
1 0.07200000000000001 1.4008477547406708 0.050004773899469564 7.886821617300008 0.062000722475745465 3.567479847449305 0.05000273998743708 7.036554333578394 
2 0.04501395390297458 27.10348372879711 0.083 1.2600905274648158 0.055004477207788054 15.321080480942545 0.06800015259581632 5.745902673640679 
3 0.048006521411828394 30.847185786553652 0.03203256405956534 68.96298310374327 0.06100163286581452 14.422491867440705 0.03703506620021767 54.92467024329127 
4 0.05704103523633496 21.599798081906826 0.05601058316277997 23.016565426550656 0.06700450233039341 9.441723247892323 0.04604311191724898 41.990546938815385 
1 0.03601782030359989 35.0313764588467 0.06600005443683107 2.7790953034820385 0.07100000000000001 1.3779711447066283 0.07200008844240782 1.2566037686173632 
3 0.07100321256534911 5.288155808472851 0.058009537691335156 17.912235397871463 0.07301151948963262 3.0709718030510444 0.04300917176604407 43.52627192545777 
3 0.033025641015169985 62.271026328127604 0.07700000000000001 2.159804552962691 0.032029038079063196 64.74552415384927 0.06500569547939328 9.157429129385038 
2 0.062019215454830426 7.189548329229679 0.05797249180420197 11.708903747561498 0.046008601857467704 23.987384339789827 0.0660000937280932 6.950508559857706 
4 0.05402750523469688 27.255893964104295 0.08299880926025396 0.13982967201511698 0.06501417335741283 12.61415670939154 0.049016423353088465 38.798326473461465 
1 0.03601762963875621 22.222618112282085 0.043007751175521004 16.39150638948216 0.07400000000000001 1.141982384819008 0.05200298425393593 10.383610404396812 
3 0.0460216864011715 37.873321979477566 0.04901328889956145 32.28616587872857 0.06400949096711339 10.823764039015433 0.04901700980433079 32.159173957274206 
4 0.04801513866275737 32.977293887300256 0.07400007361799259 2.880755709795904 0.034025098870129375 70.61493074915504 0.04002199712369433 53.98142055623274 
4 0.06201403154342023 13.400673233746588 0.041016507701945565 50.521925983328906 0.04301538848491557 43.820613774353994 0.0470164354800763 36.81757619467956 
1 0.06900079710498896 1.873521640035757 0.041004482394614836 19.447854044940378 0.07800001429417336 0.2951009654848846 0.081 0 
4 0.0390225792508011 59.25350287236286 0.08100130737411557 0.9647238936278947 0.085 0.7426253305631527 0.038026300001189756 64.04845517334113 
3 0.03701932548453042 49.64133153290646 0.081 0.38157282768961154 0.058006698623578 14.705534430537792 0.06900777935911283 5.529235218112589 
2 0.06099746875162874 5.876345578700897 0.056002684528892024 11.161069057903193 0.059003006412497165 9.138868531852278 0.079021112300717 0.5934903267616418 
3 0.03603235683529192 52.65554478820112 0.0420325013457869 38.752824165375166 0.04701128553411539 29.256001901088037 0.05901006910912758 14.338031206102524 
1 0.0849716486233875 0.14520226833610445 0.081 0.11361358082045206 0.06097292013048611 4.643801900901357 0.08 0 
2 0.05000115363634897 17.720714239149718 0.04100988541651896 30.025716505835078 0.039013883756504886 33.85497024186328 0.082 0 
4 0.07100368983502817 5.249085074956226 0.05900706188642964 18.243686164800096 0.05100889737841243 31.04010649047957 0.05101149640269879 30.971769887334425 
2 0.07502545264388984 1.7166422850328078 0.052010780885152534 18.94676276282756 0.031031480332115557 55.72761894098375 0.030025948690134516 58.55609394108623 
4 0.06700053647167747 8.643809917464695 0.056002628014712126 21.299952371398874 0.035025651696658805 66.18581258171163 0.051010802532678576 29.340881020691736 
3 0.0400152714952102 45.19425512803046 0.030044699190031332 71.20632175568493 0.051006877268628334 24.994557163870148 0.047011395116174325 31.341152184030182 
4 0.03002995649788573 80.83390974512922 0.03503701752684653 64.93525951326865 0.04101792277890867 49.86942968312873 0.0350199303290292 64.94505210445335 
1 0.07102416255465414 2.5995922876673134 0.06200045611019409 4.737250250331625 0.03400899001479808 25.654911978021197 0.08103061952818855 0.6716252320506334 
3 0.07100268409414734 3.8426284200784906 0.04601668554341932 32.21171646390378 0.037016889572152364 51.10413360221007 0.0370189274579695 51.90301844016433 
4 0.030034660283752998 89.2494526403325 0.05601759401351013 23.931721365866053 0.058005661110758444 20.85846010425164 0.04601079294974024 44.11195429108588 
1 0.06304500948717626 2.5921423761611067 0.04301524421157165 12.022153411184245 0.06800002166953382 1.2069698362636334 0.060000413192490054 3.4659434276958057 
2 0.06900002222858448 5.02370536978389 0.05101009866599947 20.6294427003859 0.05800467690138263 12.563401764933712 0.053006406643597404 18.328847912608516 
4 0.06600873892242443 9.652908917820723 0.08100094841070925 0.6133306170982391 0.06501599097005828 11.435540962456113 0.055012341233554723 25.348031236299672 
4 0.03502769346874035 70.24954322866837 0.05700141436256885 21.007404571763246 0.04302944196567556 49.25002432527345 0.07201119344136336 4.523475227955387 
2 0.0690371708515482 4.404425354388368 0.08000018528653208 1.0111959720403043 0.039018463941935325 35.62867370297162 0.04800784566193175 22.312330418277387 
4 0.07700106198528349 2.0626774492799145 0.04802009948119087 35.92240560695019 0.0790251136286967 1.4682793129504297 0.04802461467334214 36.96034912893173 
4 0.07600000000000001 2.500705607762008 0.06600536623964313 9.19356044768661 0.05401062425954737 24.577836783002713 0.07300000000000001 3.275220106469834 
3 0.082 1.0849131545084103 0.06500496038942341 8.311723417175923 0.05000971882711317 23.148094131161624 0.03603107777131628 47.805774445833435 
2 0.052000894819546395 15.711852934739468 0.06300750649063713 7.421278633893214 0.07598287268646911 1.0589487615297828 0.081 0.18359450243103634 
2 0.04400530661508414 24.013444724147835 0.037012056830869555 35.71301324176041 0.08503387879382882 0.9031941181383186 0.051012564576651695 17.97704884703208 
3 0.06702564431316507 8.089930788688147 0.05301091463921323 24.24080459857185 0.07000025159751216 5.18475908606099 0.05098652477837086 27.455173718378138 
1 0.06800026608347175 1.6863882210510355 0.0440126065780535 15.614619049670239 0.07000050701765623 1.2467876996110785 0.031023382140523234 27.73972759564968 
4 0.06903404820304303 8.445229858812915 0.03704635203494075 74.5654592271029 0.08000007815665201 1.8805644320326556 0.0760022175774536 2.8923605036107882 
4 0.038028611707959556 65.99990956383921 0.07903270085341625 1.537029498967753 0.083 1.3493802780502009 0.06201205126306625 15.749198076504282 
4 0.06800000844836804 8.801767347367054 0.031031479376618334 91.1834850514943 0.07800000000000001 1.4316258444946508 0.07700094415648956 2.115032032604604 
2 0.06903646653512367 4.373945179509406 0.05001328438259023 20.26862856683045 0.039013270826368546 36.376340024765874 0.07800000000000001 1.2136599699996191 
1 0.031007603203830197 18.00611042554087 0.07100224724110263 0.9244951617072981 0.081 0 0.05100395229915032 8.78779073293666 
1 0.04600030763324301 12.373359439011253 0.05100291990740611 9.297072504454025 0.07802185793640648 0.5587582092348925 0.07400062645917743 0.6164880528334522 
4 0.041041235464344836 58.14536289734825 0.08100143392899362 1.6659542719246583 0.05400697087478791 27.617247280458233 0.08400003657387951 1.685789724352378 
3 0.06699963855320623 7.703251359018644 0.057008717013780075 16.753631586235585 0.039013573899447436 46.89386295013975 0.04601551287371153 33.46099595970087 
2 0.05002121031683389 17.64959623683107 0.07400591634323915 1.7589872398408317 0.047004012192641866 20.442808629163903 0.06696336530652348 4.373592674388405 
1 0.0620005548010151 4.745882599763645 0.065 2.827965435745205 0.04900567900218419 10.361226901194799 0.03101157685263882 26.93471610052884 
2 0.04301415277773763 31.01221029961106 0.06600126733021686 4.708062768313825 0.082 0.15373783321892603 0.04598606507203801 23.23768617510126 
1 0.082 0 0.05400351939835019 10.599917282703355 0.03500534777654002 30.374955574547908 0.081 0.600389597828377 
1 0.05503858418903004 8.811474758287646 0.05800268755315684 5.644055167227487 0.0460326356858525 13.802583315227817 0.06800017060389256 1.9525832862953625 
2 0.040006784567582096 28.618680325457856 0.04700865877101394 19.62121158666739 0.05900381078141883 9.02285718755292 0.07800039328077604 0.4480934021257924 
4 0.039023515228015254 63.258334639509435 0.07600000000000001 2.769837889193877 0.04301859555708131 52.37693076066929 0.0740006337995824 3.304272648210891 
4 0.03402663769319013 82.93621809812244 0.052003098746647096 33.38347279689541 0.0700112349837997 7.2174033945891996 0.04602128789753307 47.60684923949027 
4 0.07200000000000001 4.567007927316427 0.030026457154154917 86.74838011118749 0.07398037620827297 3.0937558547910085 0.05800814399849726 20.26073338352255 
3 0.06900608206086573 4.957817379707201 0.04801008598091245 26.614768158436004 0.034016122749193994 54.907339079520426 0.04401177018391303 33.99912845526 
3 0.04200716399768767 36.37548249310608 0.05200488054610581 21.648940925557163 0.034025348325090826 52.89185047502572 0.0390168850891778 42.60638311356031 
1 0.07400358507569221 0.7060177846108115 0.07200624337304376 0.8180044544071615 0.042007887258529136 11.61304501585717 0.03397270287580656 18.14901789061219 
4 0.059001690617640275 18.39628274724973 0.06300398687361376 13.906501290910139 0.06700322475437234 9.393179789369896 0.062005836975521214 15.626184949144868 
3 0.06100717540044221 13.044209456470874 0.04101391189616601 40.786718233771474 0.04501375753650093 32.7564540518768 0.05900353190879668 13.371840395685085 
3 0.0370161629756474 49.81418603168191 0.085 0 0.0730002186538348 3.0019684020930963 0.06000717310453957 13.02156778393889 
2 0.03999123815451777 38.18349500510766 0.0670008604734785 6.266147126677108 0.04702114871583112 25.31886983162547 0.05500760223322709 16.779741003080535 
2 0.05601040108367537 9.891974525274616 0.03801131742490696 29.428978698784103 0.054001457011467704 13.045659798116557 0.049005909908268426 15.795086164115542 
2 0.04102037776989146 27.696625205496243 0.0640007227169889 6.3896686056664365 0.05600451640319821 12.628706117937723 0.06500758398451795 6.345539206076632 
1 0.048027599772491845 14.265902030008377 0.06700501325524177 2.51670197569079 0.083 0 0.040006525305595 20.89496537534257 
4 0.037024950256035166 72.1190708020877 0.038023940761449174 67.63620478875191 0.060008887042502124 18.687413733453504 0.042030750542112416 56.78227205077572 
3 0.07502554171430782 1.8969950121547534 0.03801654600944861 47.01098590266237 0.03201842254995216 62.15997692416258 0.05100596893382208 23.857349780098097 
2 0.07600000000000001 1.5355781548846619 0.030028116980207104 47.438554512095415 0.06300115616966667 8.43832619615505 0.08400017913153232 0.4894242118036205 
2 0.060000982291581094 8.107462645421716 0.060003002764131876 8.905401152010903 0.03401097290973143 38.586705392612316 0.04400681616215447 24.06643194129998 
1 0.04300785374167169 14.61156293627777 0.046005687649301893 13.16657892427217 0.07500046420331899 0.9232821161284784 0.07500034195670316 0.8226334634824164 
3 0.06000018871434492 15.151731776836582 0.05600520847044281 20.64051879578301 0.038024538001373114 55.37304072149115 0.07600000000000001 2.4058038603461536 
4 0.041018819936873334 51.17889720248863 0.056005659351834346 21.57389233809976 0.07301030030448202 3.3130626806440877 0.049019016313966705 32.44087866416273 
1 0.05100621344481037 8.57123239613925 0.07000011710615442 1.473720812222961 0.04900525941295565 9.334940718459086 0.03900729955656289 17.16379383746413 
1 0.04700736457486695 11.404717178393998 0.0440031462163213 13.961253175966675 0.07500000000000001 0.4725904674226432 0.038011154657247116 20.07056621973961 
2 0.043015860266483394 30.204968282682604 0.05201113152688868 18.67673438718328 0.08200000618595839 0 0.06400404359060007 6.864097502034467 
4 0.06600791374310226 8.673522003797034 0.03402194984333315 68.0448522561848 0.05502144670132349 22.476051330508515 0.04595229233748015 38.63635488409058 
3 0.081000425527671 0.3245692505340448 0.030023257873050907 73.85599624636805 0.03302560850925025 72.6325883005861 0.058013052133393896 16.83305367765582 
2 0.05400039175278219 17.816218027956555 0.05000702306827995 21.962463629316098 0.04101302074556372 36.07398591710748 0.068000450958243 5.768992075294776 
1 0.06403198263991268 4.353655547226311 0.0750133378872809 0.9621629439631192 0.07000756265646152 1.9841583022592955 0.0720002144645031 1.4348512112117782 
1 0.03400640557689172 17.358065527765064 0.035003970426500136 16.837757155469895 0.082 0.017201337729245682 0.063 1.470168495754503 
4 0.06400061479474714 12.560339256985362 0.04601227671885746 39.47583899005437 0.08 0.5973677246894364 0.03396735226501035 69.56577865732798 
3 0.06302138093859427 11.993052514420093 0.06400172240441762 11.125371603318893 0.03403876357312577 66.61672189680407 0.03302779889900065 70.28920284985729 
3 0.06000118085537186 15.41228968416759 0.07500265668271125 2.2159775284261545 0.06400782737882083 10.952470409149555 0.05001454431021299 29.305256181377054 
3 0.06500296206224103 8.56055571183585 0.04301335701841677 34.453745583999236 0.07203071320094863 3.0347965152674816 0.030027382552319043 60.068730592550615 
4 0.0630010840316857 13.16027173117406 0.07800129603228902 2.1088181763174285 0.05300308885191926 25.972332067862837 0.06900090694952224 7.206274907830522 
4 0.06600842547079931 9.003421647055536 0.06000299552674299 17.589377437549118 0.042020130467915855 50.77982306566136 0.04401565363054401 46.39439313782097 
1 0.07900000000000001 0 0.05600087102874351 7.8885345381436665 0.07200000000000001 1.355099791633216 0.05800192205535336 6.015136782702079 
1 0.07502496951174373 1.4236136377471895 0.06100129201942244 6.934240502623078 0.06700170369407904 3.8131479767282146 0.08100000226709753 0.30176519873173496 
3 0.048028834915077555 29.88127335657394 0.03203756464434021 64.35999188666052 0.0450119528140047 34.22166418625066 0.0700194358871029 4.679314200298718 
1 0.08 0.41102154508229155 0.05101029629431798 7.2051899402913175 0.06600059726892027 2.4479902382450325 0.04800582872754233 10.21764798687441 
4 0.085 0 0.07400035403526407 2.8574302003913026 0.07600059033934128 2.238059703508451 0.06700116655901825 8.596852236106365 
1 0.067 1.8914662992245397 0.05100076741005995 6.24207832647506 0.067 1.5486078298651245 0.04200237961582105 11.18543621892334 
1 0.08300403085940647 0.6754601676679275 0.03401083978433013 32.065860955380394 0.06200080932157705 3.961049661888893 0.069 2.8626554517535485 
2 0.054000000000000006 13.243111599619613 0.03602890805095303 31.77123265555974 0.030015092777254365 40.27463806124855 0.062008022908493415 7.073286384991561 
1 0.07200000000000001 1.1703989851894336 0.084 0 0.03196511766189625 26.19012309106129 0.047019287888541705 12.16899666128511 
4 0.054002451411869 24.016884293055483 0.04701337575127302 37.64496517920483 0.06800041957875143 8.002278035497627 0.07800000000005414 1.292549768489123 
2 0.07100171898807184 3.6582804317098514 0.055005401451290035 13.92323546266742 0.08 0.7193932089233566 0.07500034685184108 1.6930373443579028 
1 0.07200000000000001 2.9503012537521762 0.061000000000000006 2.50139679657031 0.03702244661398986 16.37243399927733 0.06300051647683408 2.1068471982803976 
2 0.036026884125600456 39.191328238953965 0.048006465857887766 21.881993072261373 0.05896273704596462 11.379970914645904 0.08200083432196824 0.7569410940083031 
4 0.07800000000000001 1.9902463755504451 0.03602248631396962 65.78531746909547 0.04601460525393769 40.50539899678974 0.06500279729102466 10.964855440250096 
3 0.085 0 0.06500690413373689 8.083656971091454 0.04400777454851296 33.24237266052803 0.06600042000124767 6.73322606548194 
1 0.04500851289672782 17.517610844892374 0.050004393687914074 11.221992521894906 0.0640031389318203 4.049158998118226 0.08200001361622421 0 
2 0.08 1.2186873420882904 0.05595326415961623 14.861400704713272 0.05400768268892975 17.182906710027705 0.07500023511116428 1.6221103345408205 
1 0.03700175233981605 16.34319750926782 0.07496878006147484 0.8912136241134393 0.085 0 0.07701923362395534 0.41878894308928927 
1 0.081 0 0.03900997887666975 22.020075150448008 0.07000045046977316 2.768999535861714 0.06900315884350193 2.3854933449026516 
4 0.07900109716339973 2.455522035866675 0.04901591630906656 38.38477336624381 0.041023931183340946 59.46182660893922 0.08 2.898880248233772 
4 0.06898167871172622 7.862306358855339 0.05901050600130708 20.991675538184246 0.08400065193512926 0.24716104826328292 0.05100365391314682 34.7328910663538 
2 0.03901244540089086 38.027843313413236 0.046041846195649196 26.60824735785834 0.061005873562205264 9.787029223508029 0.06400132789449098 7.800441105770102 
2 0.055026239553192365 8.251264254128888 0.05900186181414811 17.005456163208127 0.030026997697811558 46.66704161677425 0.03802443638414902 29.676348793247108 
3 0.042030156313233036 37.62196473406311 0.03601473426656762 50.493621050372525 0.030020439771405574 64.38653131919715 0.08000000000000002 0.19751893121360692 
1 0.07102471968015187 0.5808677392571124 0.037015354996259825 15.628189603498326 0.05599114330768524 5.85791895780911 0.07700178173619415 0.4796654952114183 
3 0.06200807153990069 11.18216883701522 0.03398948151601568 54.7083847919693 0.05400406328570143 20.23207472130149 0.05700694194840655 15.291493176544613 
1 0.053006795567041576 7.401488884194179 0.04001522136575709 17.674149980604913 0.05300041053422001 8.562177707131838 0.046006619005599866 12.645455564802534 
4 0.07502579273800193 3.033037166637161 0.04502113952565288 45.12570465039616 0.07002043593851684 6.427110318929591 0.041047606005816466 55.61362249993141 
4 0.0360381962690996 65.32099806210427 0.043020012247998736 47.43295785753135 0.050014834615428605 32.52412311561993 0.03503064699017533 68.19679625927226 
3 0.039014693121518035 43.887719488537655 0.05000896657166303 24.82990696640765 0.04700962472866203 29.10361487527578 0.06700039974612883 5.903816407740168 
3 0.03804381260951116 53.31142110450104 0.04497226281215839 37.2679144127297 0.03302924936508106 65.94020846400166 0.07403192978078432 2.8920248062891942 
4 0.08095206783566916 0.6209839953101357 0.053005315871935174 30.97776523074911 0.0740120118284078 3.5328822644531965 0.04002436914161722 62.70309108405814 
4 0.04001893586273288 63.80921236618667 0.084 0 0.05201008922642274 33.00132356608448 0.055010900125628745 27.118991203991353 
2 0.05000933724621197 20.397989854942125 0.07200085359787528 2.565972654546428 0.07800022436107207 0.8558319528430955 0.035011958697039616 44.43511209811524 
4 0.059006153144952375 21.471100514504307 0.038030905661080236 71.53922889972917 0.0630020429001596 15.52497045579107 0.05201476005679509 33.97906574824248 
1 0.08300402420817024 0.5968554800349267 0.058001026071806586 6.744911585622883 0.0670099653880068 3.3900854590030995 0.043015046977678245 17.576729566577228 
4 0.085 0 0.05501450548627877 23.29755304314212 0.03302318849746699 73.8134804415996 0.041015332756355855 51.68256863407838 
2 0.07100118093617179 1.7773771639968392 0.05700271842464544 11.222297291642741 0.0510029642215324 15.117568228819103 0.05200313211122452 14.47143119105206 
3 0.06600594043332127 6.051580633427224 0.06400460129162987 8.34933068685869 0.05500513664462565 16.63129933810294 0.05900307585314703 12.854641876972718 
4 0.04402182593076794 49.535199469825244 0.03702633830522828 69.87804960773663 0.05801726782816144 20.691123337029317 0.05800766338204817 20.75767327632055 
3 0.06304272102356112 8.071055660998427 0.05900175790896702 13.51394556681174 0.07700092362703059 1.6506363633709613 0.052002411276707274 21.826744538473484 
1 0.03204683190643623 25.955698940618365 0.053011798076932355 8.217747835656425 0.06400439170140149 4.02548863253226 0.07000027408502428 1.408426476546501 
3 0.06902482270407935 5.1901279226282515 0.06300142402238564 9.20694124049737 0.04201506531488633 34.79839765666519 0.06800037540523085 4.997160250716117 
4 0.06500053782917847 12.20029152558313 0.04401333741811302 47.968782116876774 0.07001444413190683 6.125758602973157 0.04795640273699334 38.3615547554669 
3 0.085 0 0.06600039520481914 7.219878920505467 0.031021373741320107 62.54955065915567 0.0750000841691024 2.377734147766511 
4 0.07700144587925431 2.4136642740351375 0.06400776936113077 14.423825779758001 0.04801815730293658 43.274443572418214 0.049013204233201255 41.37832517482643 
2 0.0750253349997512 1.7072046946932324 0.04802132045285148 20.675165972174334 0.07600000000000001 0.7648850908377443 0.06500093352567618 6.087144939582641 
4 0.07100423110857224 5.400162582176565 0.057003000362447216 23.198301230517195 0.038015913933582064 67.73372232411859 0.07002907148607426 6.554237024763213 
1 0.07900000000000001 0.2619942955013017 0.03001086107350101 27.225126479592383 0.05400048264855237 7.50063775273148 0.083 0.03108212042819161 
2 0.049044184752704646 16.605234561708997 0.06500046586426692 5.039104479360128 0.04501509796397276 22.484137836735542 0.031023255495207125 42.23081454637831 
4 0.039021019120810116 66.27303686806688 0.0640096721208967 14.099057164832395 0.0650025142638993 12.463796761792015 0.0730022707385436 3.998359732945678 
4 0.0690265684954365 7.485983975195371 0.0700010779612896 6.747297013112165 0.07100107105905436 5.624966457431899 0.0710020833212596 5.741723841054923 
2 0.06500629221996747 6.163527699827945 0.047010465077659255 20.471008793660893 0.03201351108025839 43.39445523472089 0.03501590536790561 38.48201576899196 
4 0.03002606448173975 82.44987333004144 0.04002765290202041 54.06838795830038 0.07700087316075241 2.2018018019337995 0.07800036433964878 1.6886896251803858 
4 0.07400771232385354 3.5695292105526115 0.04402669110408792 50.27702538318628 0.07100088610618172 5.9795368865261 0.06204219570228989 16.10673183982219 
1 0.0690008725172366 2.1182985414924245 0.035006490824515374 19.907621142615163 0.037005122478732194 33.45443971550153 0.03300755632238618 21.830262910646347 
4 0.05904834229110811 17.357742744486373 0.046018931104314924 40.377787764804594 0.03102834578803508 78.6983538593662 0.06200254818764993 13.958598361387708 
4 0.04601510535547048 46.687690104610034 0.07402542088287405 3.8100618305352603 0.055025641716195624 27.36341965721857 0.03599159381980785 77.94132624304996 
3 0.06300689425923292 11.331413244678018 0.07500304806034472 2.2857650593791288 0.04197359388084358 44.5505290496714 0.033022654883090544 67.71267347266512 
1 0.05600435192081206 6.705320234232153 0.07600021100943655 0.8084938388682649 0.038006196485960715 19.222901259875286 0.048000872073674254 11.695222348455902 
1 0.05800481761233803 5.619959678132448 0.07400000000000001 0.640057323164676 0.06900096313384702 1.5357184423113708 0.07300010267325144 0.6990576002109186 
2 0.05700000847828776 13.652568767343102 0.06096650795486071 10.451605484329095 0.05900609112752879 12.733077265668257 0.084 0 
2 0.06800420364150045 4.98748249510785 0.050995512404356916 20.342798295597014 0.04800752544030007 23.78683498774974 0.03103332795305061 54.81012941307597 
2 0.05600149936310602 14.032306354707991 0.07400094936303749 1.8949891534705898 0.0610049819105019 8.218800189325771 0.06800086744186053 4.7822746991628735 
1 0.06600320479878735 3.0591819265097517 0.03900360400003859 15.192392694641766 0.045007047343334626 11.353725860808703 0.0740000320079826 0.4640947626884527 
1 0.037003505054058874 13.52254431678965 0.043006919022413284 11.58558159239588 0.06000221036591436 3.1087406247623073 0.07400001850671054 0.42500408471374607 
3 0.03801721018800342 55.1500622949755 0.06800383252820454 7.054125768289627 0.04202364125882205 44.86267489538214 0.04901340214607708 30.982856149291237 
4 0.084 0.5882542237635164 0.05501616453948679 25.845594295972113 0.08 1.1356037610816314 0.04702407659277894 42.37968317357074 
2 0.0740006961936445 1.8894652058674548 0.047017153935809734 25.63046530879531 0.08200358331925928 1.0168920412080131 0.0710001454087553 3.7333323985465796 
2 0.07800310236052403 0.5790744488077266 0.06200226416832062 8.905398504344848 0.0749913567365179 1.7364104067312198 0.06300115637198433 9.16088270639359 
4 0.053002998575167576 25.539965469144988 0.05400674476832571 24.185546969420916 0.048010074189893115 34.77221111056396 0.043017832954990926 45.899910950397 
1 0.07298171740835549 0.9959573059930215 0.081 0 0.07500007347955287 0.5520394302010753 0.06700010983118554 1.7337053976220385 
4 0.06900046805733732 7.115297572988496 0.083 1.311920856293231 0.045010405008531276 41.94637888721158 0.05301412143766235 26.886252419195287 
2 0.03900473241659029 31.093683543411405 0.059000668410591185 10.779269932417273 0.042048207654065625 26.634298196331947 0.07300246435206274 1.9148075758589989 
2 0.0750253846052158 1.6931567044455318 0.044002811562979235 27.03592213935353 0.05100757651855708 17.285110343036767 0.06400032954104568 7.937746336891022 
1 0.06700004606655502 3.457536875202667 0.061000291323953355 6.2787017144579265 0.04000492951000671 21.00122495202411 0.03901018575471068 21.53002125970807 
1 0.057000051785777876 9.084813177039992 0.055005445417267936 10.846998928830466 0.05300594954803538 12.175838704047383 0.07400062230562793 1.3026210125491786 
1 0.084 0.39434989296259937 0.05400089797250785 10.65964970332144 0.03002311101860304 36.92379259295356 0.05400123172295635 11.75113610184797 
2 0.07502504629008613 1.5004611402452175 0.04500969461076098 19.667476288380424 0.081 0 0.06704514477011507 3.372523641125688 
1 0.05300407717933549 8.23307407295167 0.04600571315715592 11.212230461758223 0.0710096246084469 1.3597260783438 0.0670000634909042 2.0656247216216346 
3 0.03303280242909701 61.5350349835115 0.06800095462620875 5.957357611772084 0.03001866548860775 58.080893165682845 0.03302290379508717 61.507824465987106 
2 0.07100125298299421 0 0.07300033963058353 1.7207915002258813 0.06996437476162595 3.2110100113699387 0.05200168994367957 15.491162192228845 
2 0.03801878406868091 31.71033698174844 0.037014315543092105 33.690465956158114 0.04001261811781115 28.8788228506455 0.07098757184474061 3.0287175759575318 
4 0.04701229447853575 44.242698511532794 0.08102164687199215 2.4537050944038166 0.04204327286430937 57.028078767393836 0.06600151375633605 11.203444318129204 
4 0.07100413020797229 5.36985314964449 0.05900951344998071 20.182595921516562 0.07400096042372886 3.4414175502381443 0.035955249259597255 72.74666844540273 
1 0.06600184475433254 1.957877536034937 0.061000308950015326 4.687535056424351 0.057983745436550715 6.176252363149259 0.058002287500937805 6.37944818576639 
2 0.07400555502016043 1.8918846523095847 0.07000097299819028 3.9883608719776347 0.04400427028964612 30.532227771157586 0.08300001485812825 0.6440026154096699 
1 0.03601724023632909 24.821321860599 0.06700025221428042 3.6959532869845546 0.07 1.5588045143383362 0.04700866855143488 13.579870458725152 
1 0.05895020437990426 6.0408737860657675 0.07100077835819442 1.6241869720596955 0.05700249870262512 6.234815392726696 0.06000093048492519 6.030859998829801 
3 0.06400007405230097 11.922033291387567 0.07000249396151842 5.548006093746474 0.03196839641567796 77.04568946761847 0.05400244261836387 22.335519452149764 
1 0.05200256690889008 5.25179385195231 0.07400000000000001 0.6862645375319374 0.0700035102198166 0.7124246006465011 0.06601651699839964 2.227042497072712 
2 0.07195900800780447 2.685107663917664 0.07800041704072556 0.9726085473607796 0.05402382340714422 17.361433919716916 0.07900016216279124 0.7955506213108985 
4 0.059004574776140344 19.902735492818902 0.06600184787435964 11.107460353508891 0.06400668446437803 13.510075166470324 0.06300780177314952 15.272384099681672 
1 0.083 0 0.04503783299470624 11.320902508170862 0.06000203117473666 4.399687582277937 0.040018766197854584 13.735868500450522 
2 0.06397236583178188 7.352349192779021 0.07900049377357161 0.5907139777021665 0.04301766267002786 32.5539831197898 0.03801715483691984 41.79919655510019 
2 0.04904432036941037 17.064569237884417 0.049006320953338005 17.015102126604734 0.07300539675220148 1.7332599304465293 0.03201741804125645 41.382254103931444 
1 0.081 0.15398552859205736 0.07700000000000001 0.3175942876211198 0.030014244827743397 24.85763758727067 0.03500885131225122 22.305571417677818 
2 0.04701799639155033 21.535270783700337 0.046010319953635366 21.810216499270524 0.07200005119909422 2.1828436688827444 0.06897187061020929 3.7485915724867063 
1 0.04704050796059476 8.912082109125167 0.07700000000000001 0.1663932220281518 0.03401278457508476 19.931386423729275 0.045007038651898576 11.230283383510411 
2 0.084 0 0.05600425411651226 14.73348926999116 0.038008713894719715 41.53862162442969 0.067 6.574652339320904 
3 0.0330221229079808 49.771403785376 0.03801854437748176 47.30233195959426 0.05701954135155136 15.597384754930236 0.051007420646833015 24.444882117044106 
2 0.07800323990675544 0.5849032407465711 0.0470103033044327 25.502341669023302 0.037016492850968905 43.30486480936201 0.06400007965091127 8.777183546464794 
1 0.05701872938911066 9.622267901258192 0.06998516301951717 2.6262357371854277 0.05100707858585691 13.872270020288061 0.07300001727771255 1.4552709741021825 
4 0.04501840195177424 48.271627943496405 0.04102105534491005 59.41456619431317 0.041022005394887325 59.60393930386661 0.033031685297718716 84.8347606507636 
4 0.03603936650614556 74.65851672682923 0.05901245559374974 20.437462094647078 0.03802745913099257 69.81822307886453 0.05401145436614843 28.64369491576034 
1 0.03602308872190875 26.041493801465034 0.06700475274543258 2.3292914455361498 0.0310235993951071 30.588008460021996 0.06900005080879115 3.514286837944711 
3 0.033015623913247055 57.53174281794268 0.0320252809042223 57.15874652711818 0.07900029148861687 1.1194450008193912 0.03202705176116083 56.31140569778297 
1 0.05700002315317493 9.436363088275526 0.06998807155183365 2.5909930120620546 0.06900309125385373 3.1295822729401674 0.03801297530076929 28.521065284872886 
1 0.03200659736904961 28.820869453699263 0.04702178485041409 14.362525113105212 0.0480028988221464 12.959828636436143 0.047007122698365406 13.630583686464497 
3 0.0660075369027296 9.254850061885078 0.05400255005361379 22.76961800966314 0.0490122855718409 31.331686721027854 0.05701099815411077 18.79760224012634 
3 0.07002655426020576 4.68213452670283 0.07000173412482424 4.786637697396929 0.07100069854247948 4.024342876121125 0.04301712115838017 38.514292414698595 
4 0.06300041989624061 15.09928444980375 0.06695939206139401 10.535221608034146 0.08500042139772125 0.26330056274852726 0.0699983473087083 7.230792891587044 
4 0.053008230054371615 27.194977874043214 0.06500814480935828 11.514264531968038 0.0750003096026847 2.9512722633977284 0.03902301679902652 60.32657018401275 
3 0.041030969509855936 45.25020506343046 0.058001845423209554 16.48568159353163 0.06901760628582247 5.9190353708386265 0.05101063231966252 25.53481889769169 
3 0.038017382339516154 48.19342864233547 0.06101815852786101 12.001386876044723 0.05300243888887047 21.509550726562463 0.05101081215387404 24.177362605787923 
1 0.075000805612191 0.6704913777486299 0.04700499598500076 9.438722721987347 0.05600051009364974 4.62659740160396 0.0440052814857096 9.722489297752578 
3 0.053012520208978564 20.307120224426107 0.062007882427601385 11.46576005770203 0.04400709887833136 35.215331831220006 0.07500465817193185 2.2189832770754974 
3 0.03501801235797876 55.62437786041798 0.030030888978439002 70.77104439116032 0.0739782344212347 2.478551654104067 0.084 0 
2 0.04301212711555997 22.043363913009852 0.047006735540683034 18.23427240642114 0.037012873172136446 31.19958581745876 0.06400087015299594 4.782610796149965 
4 0.08300413406569801 0.36925322529628324 0.06700414746943839 8.726101298803577 0.03302521877473366 73.48646467418727 0.0800466701513867 0.9241959667377516 
1 0.07200000000000001 1.1752461297229104 0.07700000000000001 0.4934705211910105 0.083 0 0.054958018580400884 6.718560764224079 
3 0.03301413001223426 67.93060277786908 0.042021829750627744 46.38548230001936 0.05700235283284134 19.53811640289671 0.04301532701076899 44.47928593775427 
1 0.05401798673607392 9.233433383119014 0.042005525179957204 23.195306119512423 0.03202538658414188 36.294309904470275 0.07100000000000001 2.4179812356767947 
4 0.05900168459545121 18.55177491664437 0.06000412612167887 17.655365373094615 0.03702231655945076 66.64703610376134 0.04401888975116141 47.91713701063398 
1 0.05100267065568491 7.683260040414234 0.040006233604483674 13.554585048047434 0.06600311529509942 1.8239041496796728 0.067 1.805875221889738 
3 0.07200000000000001 3.5155375461116143 0.06100937818090698 13.690051773647294 0.03403024237372494 65.55344415304813 0.05998104758834533 14.452224873493659 
1 0.039004102794261454 15.733898905392044 0.060000000000000005 3.316747500696321 0.04900185849173445 8.722579146166003 0.03800320709599259 15.98185518327142 
4 0.08000003058354345 1.4088535884089288 0.0740009079595616 3.093609299515763 0.07096736316399627 5.56228440692169 0.0630075269125363 13.982069920556444 
3 0.03202246529454417 58.983743966785205 0.03602709592672307 48.9448546760063 0.0649833488552076 7.565274020897197 0.04001282026819379 41.163572324235055 
2 0.07703606607737043 0.9691605870102822 0.07000118055186186 4.08782349896338 0.06400110111536902 8.462283403287648 0.041011148593063054 36.33313321305941 
3 0.07700505444323677 1.8447228944881429 0.0700013122479971 4.78420026247974 0.06400305725885887 9.265128845418095 0.0630058863320819 10.561646434119424 
3 0.0430230112333934 40.43845011157955 0.07000629990515429 5.574734765887326 0.043014752490205976 42.730841803521955 0.084 1.4261772919386724 
3 0.04201151281558141 39.87863596213184 0.07300000000000001 2.6799651383137486 0.06700090616220072 7.051960881304024 0.069000826438981 5.542721712235428 
1 0.04801722308388173 8.8205288368462 0.043003670127859245 12.019504368558998 0.062002829729602686 3.949128928156692 0.07200000000000001 0.7434024238817112 
1 0.03400393152050947 16.863600643097257 0.0690086917671786 1.0938482016353543 0.05700022638742528 4.970537596736165 0.05100042859889864 6.031450985467602 
4 0.04202991766033313 50.247748195592585 0.04002255245771373 56.000558801496815 0.07102729237907347 5.281334473235662 0.08200211919375089 1.1938257920884128 
1 0.05600026964390421 8.242722412629675 0.06000018676836141 5.1287055505558605 0.067 2.492460177874741 0.031011296392761442 26.724131197812675 
1 0.03900557890522847 17.452555648477944 0.03600511432080698 17.959709070658086 0.03800445569169389 16.662005440206286 0.081 0.0 
2 0.035011178653264835 44.27477887717533 0.062000397510195655 9.783580480958966 0.050009548197676855 20.351768223784553 0.07200087303122363 2.5352214810218525 
2 0.06402268357486815 5.713651486379511 0.0440144711932956 24.432047099399668 0.049006300321866196 17.957452842722375 0.0640013397765909 6.070031428744439 
4 0.04402138877719211 51.43353619766132 0.030021836806606583 93.77106714051016 0.06800055929151559 9.158207422697622 0.07000120345182617 7.063216269687543 
1 0.042005315410517274 11.08697452936944 0.048006104000707865 9.928423812174959 0.08000315428671845 0 0.07203370385245175 0.795031978494251 
1 0.032009081205744375 30.176370431412973 0.07500000000000001 0.8442812084977376 0.05400292277096795 8.642907795494944 0.06200137371075183 4.601553849534391 
1 0.042023172924943245 15.954828519399138 0.03400739209030543 24.959992107507617 0.0480023664043682 12.97037877732987 0.07700012907965316 0.5342126017944462 
4 0.050015363058386164 30.458596624693627 0.055007389163327855 22.6790628533138 0.04501851799627701 41.01132387591592 0.044018267054764006 43.49250967301624 
4 0.06101007308655407 15.930870597213788 0.056009455847952604 23.542494069629303 0.04601884492863999 41.966252847622876 0.05700371881141597 21.126416221058523 
3 0.03402317004565382 47.811799335626844 0.084 0 0.047003136684017684 30.68497033138641 0.07100004073941232 4.44930923085646 
4 0.032026485220761416 76.24148934265875 0.07900172471050797 1.5423604320707223 0.04603072662990652 39.6386835713915 0.06400413109493071 11.494747180163204 
2 0.03701543372814302 35.51364699981346 0.083 0.29385723767660094 0.06100538475022548 7.586003247147472 0.030017291392312614 38.760366039318974 
4 0.05800196289741907 19.50561037415072 0.07400046191301983 3.0714665402117944 0.06900228790205165 7.283218895718633 0.06000507217715539 17.363475673444817 
4 0.05796139578836121 19.48229402082921 0.08100002192776526 1.8575084422692896 0.0760081220426026 2.5169301086484497 0.057006539854635906 21.69009031982366 
2 0.07300000000000001 2.0530264083457412 0.054041832306046304 13.975596354703008 0.06500783320453149 6.411814734833337 0.07900004440840615 1.0136059384231937 
4 0.059008834256020784 16.645029774528787 0.082 1.0574225904793892 0.0460124733638176 38.1311263523889 0.052011610447835574 26.858898976678216 
1 0.041022535238540374 16.499963868561537 0.07700652309253192 0.4968523653662588 0.05900604273994352 4.677700132495234 0.05100476236179826 10.588864215050412 
1 0.054017720348314334 5.389760427916243 0.081 0 0.04800076411237109 10.876988304101141 0.031007999145053852 23.245969646260047 
3 0.07502557025651375 2.138804664650037 0.03499471739783494 56.034763185987885 0.0770262300834916 1.7279800801874163 0.05101123173670317 24.139793220718772 
4 0.06401847525971888 13.83246948102375 0.07501457627912456 3.0716718970421826 0.041031220472846505 59.194467537114065 0.04801663581422563 63.893215157105175 
3 0.07800000000000001 1.3788470860495594 0.05700109828046043 17.998919350757934 0.034025653160975305 65.3561068813946 0.07900000000000001 0.7888740871399308 
2 0.03701757071018735 34.14732817619855 0.05100342552914524 17.52854981194965 0.03702971998678277 35.95563110337462 0.05902923732943825 8.540404750551252 
2 0.07000025967008394 3.006096523081592 0.04800733817735648 18.52409382965159 0.05400365718117539 12.79962385387767 0.07900000000000001 0.37372639309017974 
1 0.06095353640428216 5.994776385831707 0.08100028334387539 0.19683027057510077 0.038976632037659095 21.5243492522604 0.07600221269947696 0.560797461182426 
1 0.05200054073348081 5.07872694236278 0.05500078023484277 4.346957423263532 0.04900157753128776 7.463348307166486 0.03497817772441941 16.231626949835125 
3 0.04701903004505338 30.157638103249848 0.06801508117713218 6.339859824399445 0.03002434646349944 64.84441482241184 0.07602391168538944 1.8555809252178852 
2 0.06001022384941281 8.217458132063536 0.07100498317720265 2.848341575876458 0.08200187338352953 0.2062082870352836 0.07296968670440011 1.7489848155903625 
2 0.04800948924333274 20.380993512938886 0.06400059880500232 6.733851812562698 0.0810000906138119 0.775293857658041 0.05600873921757451 10.679724479715484 
4 0.038021355754584214 71.34293981872271 0.08000232627983547 2.3838516695813374 0.08300071498249487 0.8595376285654038 0.030037231440467785 82.58877548128171 
4 0.07900528265460385 1.9830102201289048 0.045010159096694986 43.06497214605804 0.07800000000000001 2.581553831009921 0.06700151060896008 8.966624661343896 
1 0.05200102191362573 5.905886214909181 0.082 0 0.04904117412574654 8.623184619708354 0.044003755605651416 12.727160488772931 
3 0.05000901933318225 26.841498719315005 0.04301398749365212 40.7258218328462 0.040016512500229875 47.92694963126443 0.07195019421335622 3.588390698940608 
2 0.05502636409796755 7.819371688507162 0.05400536770284985 12.27480704161502 0.033020820804558385 37.182789198305755 0.08 0.5733707440002975 
2 0.07400470359237514 1.9402749401880508 0.07800000000000001 0.9230833673845203 0.07200088487181308 2.4698162022425585 0.07800034694447905 0.8650232829574636 
4 0.031029730001561978 77.27250013901973 0.06700092050515219 8.79798981267404 0.04800343440202758 34.820392476104786 0.03802475599155972 57.969782169437735 
3 0.03402028869102747 48.27531586980183 0.031025961992020915 66.69165781751683 0.069 5.301971820092001 0.06900196369548128 5.469876817507229 
3 0.07700318248028441 1.6768866098771853 0.085 0 0.06300113059749105 9.536816074373837 0.05700189475363732 15.088381569435878 
4 0.06700119371132393 9.78603377996197 0.0810004273673223 0.5217870289961193 0.044018734709774354 47.703041059456645 0.042021348013004764 52.81453541807425 
1 0.04500017424926493 10.79488663781185 0.03400461604503906 16.69744635409105 0.03600404127059943 15.514874815032563 0.05900007454071212 4.365675287705347 
4 0.06700764424400814 10.498845692944418 0.06700388846149055 10.36157726315383 0.03702189771027041 72.88747341290001 0.06701389876983793 10.686828456464196 
3 0.03395208720726428 64.91367827626296 0.07300006729482426 3.5359954140621435 0.067 8.26717425016282 0.07100076317780918 4.773335014948193 
2 0.063 8.701996075561118 0.07900000000000001 1.2504089944621772 0.060001110358575735 11.077748301092837 0.05800612213440324 11.695080886730612 
4 0.047015405729355295 41.26281133333757 0.045019021044231854 46.67729492396253 0.07400261253860806 3.5024826586455315 0.038027231841334046 65.91565667294623 
4 0.0810006015586042 0.32679402529381313 0.03402343105664764 68.3326616123628 0.038026840485137145 57.11017891289477 0.04801200709888785 34.808514751821384 
2 0.06200059134035472 9.589379244081124 0.0740011430269551 2.162458263928504 0.07300255705730485 2.2135092394398153 0.085 0 
4 0.03003183421124543 81.55648773300432 0.07303157667198973 3.119077385197901 0.0680024489778821 7.724612946741385 0.051007986261687954 29.078658743276 
4 0.08100100364375329 0.7316974722440528 0.06800549583993629 8.235066231189247 0.07800003059195942 1.5521654636412556 0.07300763717867415 3.720527620049035 
1 0.04903608831843423 9.499646294744077 0.04200470018223811 18.586311717951233 0.06400088736432889 4.141406138003626 0.038008514578182676 23.08963947691076 
2 0.05000142651196523 22.271691975595147 0.05900791988013974 11.968582448518827 0.08200101149308833 0.9664659560603157 0.061003436824443036 10.579228593296031 
2 0.07200030017799082 1.781327779851025 0.08 0.5470057032601461 0.05300497545478994 14.513717800548582 0.07900081343643396 0.290653649193381 
1 0.03001046242720451 22.230106658629495 0.047004103147997967 8.297972644054909 0.036003241628813784 16.738109247255508 0.07700271122689152 0.28691627483278964 
1 0.07502462555942781 0.5433425860925846 0.05200750330643521 10.164099541338521 0.0640268070740954 3.5227572030286023 0.06400130472769433 4.337218045456937 
4 0.07700144365160139 2.385974214760208 0.043017031991133464 55.90246875130559 0.06902239460569848 8.688845128514448 0.04002556881643856 65.93755065293541 
1 0.07695790222020935 0.0762245629326633 0.03701949653175364 16.62278572144296 0.07100000000000001 1.1853568978425992 0.07500000000000001 0.48552560264370936 
4 0.06300777213679751 12.833444462124035 0.042016555911988225 50.423264819797126 0.038022025094005936 61.00870561805034 0.06000863124735554 16.45233614843012 
4 0.053003641443158174 26.311789859271727 0.03803116080617048 60.35109593830078 0.07200078311498552 4.149751156631422 0.0750012070919823 2.69570257532733 
1 0.07400437806395446 0.8929995496864082 0.06295781548074902 4.570166650875851 0.06100334874682721 4.676864922917456 0.07800006815232713 0.4259013618994989 
2 0.067 5.231805581974515 0.06000470954429593 9.880198978068599 0.07500071577991076 1.5255571558485561 0.06200475634770879 7.055599467303226 
3 0.03603087868903489 49.29285996083204 0.083 0.9685635264706967 0.04201169873663437 34.50355181147722 0.06800058453714905 5.107599365017714 
1 0.03401127410956094 33.09900309373154 0.03801071608693505 27.26523482786128 0.050007917037324934 14.777825259018506 0.03600608866432911 29.987463236127642 
3 0.03202096082877694 55.956669824714744 0.0790458295064477 0.7045446933484287 0.04504790261213994 29.331890030293962 0.04501086366905217 29.521367164336006 
3 0.04301927151367508 35.199901318590214 0.05501412798827706 18.306171431215176 0.04101730801700877 41.4291281498273 0.07103046339009128 3.31596106208854 
4 0.042038950243030136 58.97177188994277 0.04401839432743897 52.68720900318858 0.057005174646266595 24.316819676087945 0.036025922134486105 77.58243159424252 
2 0.03302762488393125 44.59119890996864 0.055012849813002376 14.267586699042171 0.05300767181856086 16.09411883331344 0.03501137669873991 42.64451363696643 
4 0.085 0.976761387102548 0.043016089609286844 51.970946949778224 0.038025807231743106 67.80580507007987 0.08002019740933694 1.1530068712139065 
2 0.06600532229617576 4.201839176242956 0.06900100418544768 4.524781129531625 0.0470044411691153 24.176169522544626 0.04101385748715543 33.03549838537867 
4 0.06700083940247828 9.43091838283652 0.07900120854401668 1.3353073694159765 0.07503891229127396 2.838982657190412 0.06500587377833354 11.413530155762064 
4 0.05201676434740372 33.48820117127087 0.06500138118241192 12.792869541310036 0.0299759889343255 96.06162519261304 0.03304264444645265 86.0524968084487 
3 0.084 0 0.04401513699457785 36.77054385491064 0.07200044741561773 3.911151254572185 0.05900808232859586 14.27004134288872 
4 0.084 0.6708269389866857 0.07900073061345675 1.682167202801734 0.043018256203636356 53.37192433154866 0.03303820170077418 84.90361649208877 
4 0.04303857507749086 57.26166919693203 0.07500007523739616 3.2407183250472764 0.04501238089536664 49.827084159154126 0.06500148750106066 12.3008005633704 
3 0.044015032340284546 38.30052647597314 0.050011244093285986 27.120133602009933 0.037014658917650684 54.014706574058934 0.0310228400473032 70.71757332741407 
2 0.082 0.8065592691208204 0.0700003358508189 3.1926470511384366 0.084 0 0.06300520529815168 9.001091247232667 
4 0.07800567298477148 2.4653790734185868 0.07800091310396301 1.988028435089252 0.03801673141804983 67.61908333862274 0.05201585711197673 31.826477735655764 
4 0.07100338411062312 5.301111307492391 0.057002181389955706 19.054620855128658 0.05800430708338385 18.218092477284713 0.06200372582217745 13.592945268473054 
1 0.047010452120066236 17.078350004156288 0.06500145015242018 4.9329544060758215 0.07000047967283393 2.3466394554489116 0.049004858529041864 14.762636074299119 
2 0.07100183780230236 3.7044118673140627 0.07600048301056517 1.3427511153200054 0.08 0.7041567006532227 0.047003842323773096 25.602245516181057 
1 0.04200441279424165 17.7623007020028 0.05800062385465777 6.844514560090062 0.08104094204829508 0 0.054000763810649825 8.65227408758497 
3 0.046012445240175746 38.65445013201652 0.032025002315976325 73.63742964343572 0.03596744671897455 62.987815176342494 0.035026317128774256 65.35699320706362 
3 0.030015302414008876 79.04756109610358 0.03002962645945878 80.78967924763141 0.06600119632652231 9.177467244642079 0.07000170170492559 5.7454675405554205 
4 0.07700106728263333 2.099998074405638 0.07700077777764622 2.0438880008434537 0.04001488188124404 56.25443195905236 0.05500495260875024 23.552956453097636 
2 0.0680053076787458 4.863676881643835 0.084 0 0.05696723615814365 14.02173809813035 0.06800711671430375 5.104295682673027 
2 0.04701250957288708 24.67863171355157 0.04800681903521355 23.447119679269612 0.084 0.06433686129315486 0.05400147737742444 16.167472746085505 
3 0.051002534606425995 24.802052016841394 0.06400076974746857 9.395827174524182 0.0720013336820264 3.2745009270079075 0.04401202965128805 35.716231840894125 
4 0.07502579995651722 3.0528681761375314 0.0690012013077016 7.422374602776137 0.030028455804750137 84.02126756903108 0.07303742649321121 3.8083442935974623 
1 0.08496988569268199 0.12596245078273022 0.034014992921752224 23.227129854246254 0.037009016572428374 20.20327539947348 0.06999623746159522 0.8951514722724329 
4 0.041016612908239866 50.9348636848911 0.05100868516565396 29.130893940855337 0.036032646556516765 63.604067289550855 0.05001264271779342 31.29056049259607 
2 0.07200073840758922 1.6967083228488535 0.0660092356906468 4.517739626352559 0.042018781152536384 25.700360490636484 0.04800782679732653 17.924422727225064 
4 0.06700036464620854 10.318018636501424 0.07800140724967969 2.4551868702699293 0.034955401551309356 80.85382389423407 0.05200830785001976 33.494969931219586 
4 0.03702380198376637 73.58845163182194 0.07903067389980444 1.475825487304239 0.08000006387122209 1.9801981500528774 0.06900139582668358 8.115588126721518 
1 0.07800000000000001 0.9247870529092448 0.07700070593197846 0.5948929903600993 0.05300439735450329 10.738663920844342 0.034010777363355546 30.633112221624764 
3 0.06600671267318273 9.248942585166155 0.07500305887024528 2.2533614577590364 0.044013224428837934 35.28152866434104 0.04001869433022412 43.00500317367813 
3 0.08 1.5880275372712045 0.07700098676551886 1.6482252272743887 0.04501930300590806 33.64361241723574 0.0520114712226738 22.732768587668854 
1 0.037009480420948246 23.30972522894932 0.06100000000464681 4.075156974964375 0.068 3.3214582840223947 0.05400975646061192 8.271617129377507 
1 0.059001129294956774 6.694304788603872 0.060000343789497895 6.432831863659088 0.0380040016255179 24.111697079027003 0.0360114013669533 25.920387006851044 
3 0.04796180426843129 29.90458446450326 0.04401428594549306 35.758669403446035 0.05601298234141401 17.736931419696425 0.048983830307730535 27.625643064348665 
2 0.05397809965218008 10.863774975740883 0.083 0.0071891414422750825 0.03802400061916211 30.14154716605172 0.03801118691551031 28.872601716660476 
4 0.04102498944843051 56.42414895736856 0.07603538905058804 2.4725826568271483 0.06800295460809133 8.500340361198703 0.06400154884954144 13.527282322011168 
4 0.08300413812391542 0.47071859585237946 0.04903176431345496 35.63157117547698 0.08495134974963334 0.0 0.03302369973031842 69.12922610316761 
1 0.04300789986549764 15.015518508710517 0.06200049218489577 4.130606259831479 0.06596203474493958 3.384138676802175 0.07300000000000001 1.1448740168166756 
1 0.044004879300428804 14.808947186873423 0.05600510174262027 6.573475845238559 0.04700572350824174 13.997517607278905 0.03701219845778107 22.753964721469146 
1 0.0660014976446566 2.2948860937902795 0.07200000938077983 0.7579881502431335 0.059001828495898224 5.360353871505104 0.03300957576107834 18.235566324132407 
4 0.05603020641890238 24.289449901356562 0.04302346976886774 52.635059226903074 0.06700139876373387 9.791336346308114 0.06900120375695913 8.208274855730721 
1 0.0400097065847967 25.94559161847151 0.05000256548932038 15.119833213877072 0.07101666765526769 1.6541249071107422 0.03102527326815631 38.12675015867876 
3 0.05800468128581274 13.65936424145507 0.06601772412633036 7.48369805574242 0.082 0.9408172147875516 0.03701563452811846 47.33300037839732 
3 0.03302061631444245 58.54989120519307 0.06700066043664551 6.345478241697638 0.05900720780691294 14.48823290513609 0.08000092539952758 0.42747274471012425 
2 0.07400082709812861 1.913086721167341 0.082 0.05466713973992192 0.03102429685518221 48.81182641576869 0.04800741777558122 20.951774711017354 
3 0.031023198492075216 60.486919367571225 0.06495545082988505 6.600590815353608 0.04800330909137165 27.7272608113668 0.07300000000000001 2.4556361967810476 
2 0.030029370990466278 53.88963169289828 0.030020263440999284 54.35590242642323 0.049041625220898534 20.449358629701557 0.070004575420187 3.72373375919973 
2 0.059011778950260885 7.110535437675185 0.07500000000000001 1.1461365469145501 0.06500200812296766 5.720758923456004 0.04101988158648276 26.86696450321235 
3 0.061009026959385655 12.932106916262349 0.039012318598190064 54.36002942883445 0.05600704326117582 20.899314150640308 0.06500741839985896 10.200188860037901 
4 0.07700137794707518 2.1087396002503276 0.0790002692144128 1.769738251913778 0.07200147521631156 4.396605185086184 0.03395793819846003 73.47681082145755 
2 0.07100119376908429 1.801031812742509 0.03203548723442484 40.94942739077932 0.04500614657666516 20.713381713699746 0.05597227594570566 10.790186715133482 
4 0.08099982789471748 0.7073068551083636 0.03103775913666902 93.66088494077832 0.037955889465038445 71.21926955761896 0.0730480566128189 4.280020077708696 
2 0.03902292756861952 29.68427555799181 0.06700040447352268 2.9129981417835826 0.07100000000000001 2.1306742200496123 0.030029722438633055 44.43404053872695 
1 0.04500807959853019 11.735309592355957 0.05700333967433762 5.646646328487202 0.0370150065060314 19.09564578067796 0.04700094967786826 12.328090158641643 
1 0.043014899338408075 18.98869511956609 0.083 0.11577261137699493 0.06900048880599746 3.297553753839769 0.07000020197451814 2.1538618359492667 
3 0.049043260897674905 26.726106848145626 0.04401272143102897 35.92022399922483 0.08100084344420352 0.16825611133336824 0.04400780504584119 35.00855440133598 
4 0.0570229994630027 23.632588328196466 0.034022896472064135 82.83134805464005 0.08397873690021262 0 0.084 1.2447361672043127 
3 0.07001837628608876 3.51168960215729 0.045003547929070464 30.512919534290685 0.07200014022343575 2.541316411547499 0.04302946428435928 32.70272769245291 
1 0.05100167410299596 7.605721761782551 0.03200820564322954 19.903915696909937 0.03400518767988818 18.27691585313883 0.04600193901406678 10.989132533645366 
3 0.08100122402897103 0.7672896479958914 0.0390119276086735 45.463632506816886 0.03203373982458306 62.69112109173456 0.06001460358114395 12.542402829399848 
3 0.07900162587981291 1.121026160035181 0.081 1.183161540874284 0.03502800298593953 61.87713272313036 0.053002265447214585 24.137711657485227 
4 0.05300434248393451 26.503994955008835 0.06800293526993634 7.787018834855125 0.05599625552706853 22.52669185871334 0.07996571981290267 1.1528769785732038 
1 0.08300401939113364 0.5450416974273422 0.08100042198505272 0.288870722037361 0.07400000000000001 0.835853222082518 0.06900126712404737 1.9467892885135893 
1 0.07400039745018229 0.7638756535792618 0.045009238819348804 13.977045571840923 0.07300000000000001 0.8540968689990583 0.048015226222802215 14.136018200209662 
3 0.03303209837601245 64.7769525692454 0.08200502089005082 0.5851208083979966 0.0390173051554286 49.280834215494046 0.06000120800484123 14.891160651000654 
1 0.056000106421648446 8.859710629457071 0.06500112866797418 3.967799857966217 0.04400214276728532 19.521011374714863 0.03800957183872987 26.56756049734262 
3 0.03603005527418643 47.660738231792685 0.07 4.774665380212216 0.04903651464866208 23.103413588006052 0.07100110662250851 3.780406455414575 
2 0.03701130138947742 34.00230512921737 0.04300807542060652 24.19949080204176 0.0320215108001974 41.83255505193175 0.05400550321444586 12.160392722620346 
3 0.07200000000000001 3.762261659192302 0.047015908058124105 35.09488722873616 0.05401819282134722 22.818791608952136 0.03202319809345626 80.91201780544189 
4 0.07904339437998459 2.1382259252829097 0.07000099639476716 6.520337391812188 0.05300730062518627 27.670084279922165 0.03204533932882807 81.66624141832528 
4 0.04102140452554306 60.0109914279006 0.08100001789142838 1.8023595743493062 0.033021311944957416 85.2423918207981 0.08502159890651229 0.18322171695420442 
2 0.036027254035293665 40.60565620259453 0.05600132904075229 12.219656210971875 0.08000102580500634 0.7180385966633004 0.07204364648259406 2.7535869111653275 
2 0.0360230909116553 31.71337234503973 0.0660004413177745 4.6620590825658335 0.0410016086720559 27.400811551637045 0.042007499707687204 24.99742634121141 
3 0.04401155200298309 34.37991874333634 0.030021108401833516 64.20600862885722 0.06701563069303354 6.7534603062075025 0.05900652287840296 13.84724172184307 
4 0.03603765004358406 64.61459091935389 0.04397534979482708 44.83956261874204 0.06400150070196334 12.030130260500064 0.08 0.6906973621333675 
2 0.0520017951432454 16.118267525397513 0.0530032885381136 15.102250540219433 0.07300712158777416 1.7853431613615007 0.05800117842251625 11.92754133456381 
4 0.059000058292251224 20.269503846284646 0.038031266795203515 67.68685306701403 0.03003745940336207 94.95831514708263 0.085 1.7542195860234149 
2 0.084 0.2183685942503718 0.05500772114019127 10.47509290477409 0.05400639981139004 12.78759736995617 0.08297725931342417 0.24102938122979972 
3 0.07502558117433754 2.1711650645514706 0.061008667448435284 13.113853242603383 0.0650025259529794 9.101232087274038 0.07100137646656185 4.163075311862086 
2 0.056001425996451554 14.208834297911837 0.03302163361375457 50.46979370163243 0.04401599631179223 29.983153831120536 0.04101144880122278 33.988638561847914 
3 0.07200000000000001 3.13773471600948 0.033021642534091664 53.61038680743694 0.068000772529223 6.047036415576699 0.05100220934036853 22.21557004238099 
1 0.04903596327302671 10.683021015644474 0.058000345891415936 6.745086975194761 0.068 1.8786398121050998 0.039014361676335624 17.28912693101312 
4 0.05201112365675043 31.480096010627832 0.05400865568871465 28.18667197504334 0.0670010279817096 9.679588093646384 0.03602519412159322 73.20204610736394 
3 0.042019365588471025 41.106039177564774 0.0780030799806521 1.4223556526720678 0.085 0 0.07800063927805884 1.3816384945669324 
3 0.03502834102206667 51.2152375360067 0.03002846263119839 65.4960436683487 0.05402046731640845 17.730800282471876 0.032031985989216166 60.05071057611401 
2 0.04501277252026259 22.545377023137718 0.0740001294489623 1.4185347794389453 0.06400324217547648 6.153098917959603 0.05900301580719956 10.146255867711194 
1 0.07700000000000001 1.1552372988031394 0.05900388020952888 8.015949709250487 0.039026512370695716 25.88769647977267 0.04100720215218751 23.134633606257474 
2 0.07400325211076479 1.9253896946189457 0.03201821454750685 49.32227895972548 0.05000503992910498 19.705605696580605 0.07300076424129254 2.1593074516780875 
4 0.08199354483785302 1.3431361830550306 0.085 0 0.07800075932382615 1.8865646384919412 0.038018016348861164 60.78251463544639 
4 0.033024968012270464 80.03815376431311 0.0819982419810297 1.0561630969937497 0.047019877183360925 41.69160539818516 0.035018612762357515 77.04967777511435 
1 0.04400304924497327 10.493968277510794 0.047004667710041956 9.530125357661134 0.08 0.018509400558188772 0.07100026047724364 0.700305796069409 
4 0.036041333726583136 67.38129950913837 0.03802199011216732 62.13353462652756 0.043976795309511284 46.54129596348348 0.04501447340297577 43.53092879272003 
4 0.060000038503875565 15.838785143329662 0.05001466229755394 32.27817614386443 0.085 0 0.06402105710723115 11.529837554003556 
2 0.07700000000000001 1.3290039451305442 0.07100069847629151 2.639709613307852 0.07900000000000001 0.5876026474567058 0.085 0 
2 0.08 0 0.082 0 0.05700102055753381 10.471248637519407 0.06500375127861206 5.615907326100403 
1 0.04199313303128318 10.954370968215773 0.06700041447780145 2.012963825083484 0.07200000000000001 0.5774422983840304 0.05400480543138264 6.902546479027476 
2 0.06600502020114704 4.291538102035208 0.07400040577113662 1.847064685324544 0.05100205754998517 18.335411757811347 0.0330163297618022 45.040997735785844 
4 0.07300009757840137 3.7257112947839044 0.03597753888735396 71.13476506118012 0.05102609351216484 32.32884574390824 0.06500362045863162 11.576667061320485 
1 0.043014669474375954 18.132151913944444 0.0840056507244749 0.09003165806234524 0.06500173935370164 3.1992383921265093 0.05600100900773886 9.502596961272092 
3 0.085 0 0.06700077871789109 7.119910090403247 0.0799890313510972 1.2011633278567764 0.06800056181634517 6.145913215250346 
2 0.06600445304823713 5.713281269362268 0.03800700044200189 31.564463315062593 0.04600821115467892 21.04387630084298 0.07700035254922541 1.0006329649916814 
4 0.051974484444146186 33.20183306059365 0.06401127067553836 13.92124584080072 0.0360379330345114 76.17744562701253 0.04302376007012057 54.78017357742951 
4 0.04302603184206863 46.14232978595836 0.04001978615458764 52.088342978431356 0.07100079352071072 4.517422873772069 0.07000406871950583 5.727931364646052 
3 0.03603248621896413 52.31757759675125 0.06901456405258824 5.176547051987495 0.037016389717355755 49.80233432199874 0.05900932688247155 14.508444259675642 
2 0.03902388979655618 36.62775108850087 0.06000962998417399 9.95957485301511 0.08500089416483521 0.5309093944258797 0.03801038001159159 39.009276079265675 
4 0.06200209933686387 16.736694667194865 0.03502618618653777 80.33901942439175 0.051007201324156835 35.37264810127288 0.03898496672051866 67.38891544743115 
3 0.06600771332301435 8.818656734944195 0.06500559880101099 10.122905507383038 0.04700838275354019 35.05043307715715 0.06800090256014654 7.0634530970090825 
2 0.05502485070769262 18.19684725904211 0.040013329504573786 36.597673170706344 0.08397133546106064 1.0898433013125977 0.05700122453869424 13.29103236796612 
2 0.06600562260859709 5.020329914593441 0.03201745218285794 52.65529338073242 0.03701683219184086 42.1825821106656 0.07200000000000001 2.506221659971755 
1 0.057013887443301436 9.474289510451944 0.044008440017226175 17.610425753694518 0.07800000000000001 0.7475545796155629 0.05400707031017352 10.27160622437915 
4 0.07296105389951332 3.6348320341555826 0.0460193920092428 42.82864686483619 0.07900000000000001 2.4627805090996953 0.0759566795715429 2.4030513073026367 
2 0.045003333833149695 19.79864969146383 0.03001327430593674 41.777979305618516 0.03701240886397428 30.688341534249226 0.04400948576739144 22.391126473334083 
2 0.04503675370821711 27.06085831194617 0.0340217176930388 46.53031306632138 0.06600220517302617 5.6586135609883135 0.05800371036766472 11.981518025941172 
2 0.07299796761042304 1.6700678786318628 0.081 0.26239490151788897 0.032009248979756585 32.68098580806455 0.06900284498230765 2.999661517091287 
2 0.03499924708886931 37.47432304153191 0.053001695784323136 14.612122822996556 0.06900017967201962 2.8655488814241634 0.041008851193406595 27.761041904601193 
4 0.06900006735348123 7.002691570431571 0.03003727809690669 80.66140870528551 0.06100145688658747 15.411869988370496 0.03901538687606792 56.11108013365085 
2 0.06198494332690315 6.734751460982357 0.04595103734217953 23.022952780816706 0.06300038086923543 6.153005061740634 0.07401479414952995 1.4846155160917132 
1 0.054001300651591234 7.695644398337199 0.05700090459036626 6.459986689700354 0.06000082975995212 5.06809183701718 0.08100004858193839 0.16571672902344317 
4 0.07800000000000001 1.7742281984480093 0.05800965514261193 18.64161439472914 0.058006904304300985 18.339220690972493 0.04801580650952426 34.35803787734481 
3 0.04800803293749875 31.49818257806916 0.03802339058314643 53.88259014165811 0.044992299216545704 37.98815052679956 0.04801322353254836 31.617337524080703 
3 0.04801244186482456 26.012685438368667 0.05701073351311048 15.18627266548507 0.08001545921761131 0.7130806418042579 0.07600093957196963 1.539720094030301 
2 0.03401640257651149 43.678140445879386 0.07900000000000001 0.9599599010932229 0.0410106399640805 31.867605311959718 0.052005806872541846 18.086646537515072 
3 0.08196081074004186 1.3259511063128042 0.08000077346051873 0.6022786645922137 0.07800055598931341 1.365502729638884 0.051003054330747734 25.225185752829628 
2 0.0540010190794306 13.606752700358609 0.05600261719849433 11.13779123520391 0.0660002291822229 4.409191216896595 0.05200799321757696 13.943938421496963 
2 0.084 0 0.03902941012174534 32.59200763800604 0.055001402299081625 12.613853125491286 0.0660067449659258 5.915886957031702 
2 0.08100064447609116 1.0126361125522076 0.04300274127219137 31.01514971573902 0.05900130570449309 10.687603489594615 0.06400100491812827 7.870855760075042 
2 0.049046953687067976 24.22055474475058 0.07100102130591002 3.805864254944791 0.0660022224575447 6.973699955903635 0.031020148683900767 56.41631188345561 
4 0.04402000527296165 49.591810731143894 0.03702430651752256 69.76470204182925 0.038023100143208616 65.84922330178036 0.058005175568245 21.46630362347104 
4 0.060007895816154073 20.12437733029045 0.06500285028815862 13.183658088346478 0.08300099724901325 0.43629195114605196 0.030030603818108903 83.20644604299632 
4 0.051003686746033006 35.05150803453279 0.0690125264742741 8.109804091451183 0.07100116610363033 6.11836004841426 0.03903257910291147 67.19695947625502 
4 0.032025837567171644 82.78823801780732 0.04702163760360506 41.8507469601998 0.07604426953850985 2.64553538253034 0.036028589913955175 72.10181748049469 
1 0.045007655214328215 17.438027397092693 0.035976354107916 23.545780579985614 0.052001137969257136 8.712600680262781 0.0670020365443095 2.7674248542377082 
1 0.05502704254058336 7.78658335511958 0.08003880907090849 0.5288151559404676 0.049001701448090136 15.656320931931017 0.07800054334564535 0.44273971821067565 
1 0.04100175963637078 22.901848957842546 0.05500352641917127 9.90553634395279 0.08001243517779928 0.4445260553562947 0.07204179804369881 1.5754426140947195 
1 0.06400111633185579 5.176444121945127 0.03600667894253509 24.48999807957067 0.06102800175105567 4.523557958464812 0.0440055594110522 16.20822723166768 
4 0.03703971229089334 63.97291977433363 0.030037991797369226 86.35034524751471 0.0480168660289707 36.413349229197884 0.05800375576338982 19.374871011818055 
1 0.0360165816103343 22.800942046097685 0.03200993933107246 26.845925029765226 0.03101604966427543 27.964128227574243 0.069 1.0661922579969971 
4 0.07700098864814733 2.2091119550119562 0.083 0.9155007183997863 0.084 0.45337011833301394 0.085 0.13813189237163623 
3 0.05702044309069187 16.24064878148355 0.07300032388958805 2.739851637086246 0.07800048030776076 1.3101403830229725 0.07500096869922818 2.146947576013204 
2 0.05600234468809931 10.68688508729529 0.05400610299232736 12.683137978696113 0.0360131009654885 34.6107622796762 0.07500524052045333 1.1600236664912518 
2 0.07800000000000001 1.1607432446854236 0.03301460686603057 37.16698307502984 0.055027973661040494 10.065883718869227 0.085 0.029580987494566734 
1 0.04400617523763785 15.967510283334676 0.060000465947048706 5.974276203005842 0.05600080369935468 6.887312204215147 0.05700034714139292 6.657319023211753 
2 0.08300405219554935 0.2723914366170441 0.030018486597516422 48.271814360920246 0.043008625755712314 26.11389408922426 0.0700007531426211 2.4934631522694315 
4 0.036037347599751746 69.94749905668014 0.06597411338463352 11.039191699139685 0.07400208806587903 3.364462759859705 0.054013259514708124 25.913949146142585 
4 0.07300056707478117 4.037031436238718 0.06400215478061419 13.747692547297214 0.08400113148763015 0 0.030036210786918288 95.34013620853416 
1 0.06500000853984476 1.6950761876714955 0.067 1.7431078182050737 0.07600000389861793 0.19997055410980527 0.07100000000017219 0.818466338690513 
3 0.061006877167904636 12.916994043007875 0.04501670644064277 31.345908467848858 0.038016118581074856 44.621738105884376 0.05300343595039101 19.337837150979222 
3 0.0360325673234274 53.011460259750095 0.08500019557400304 0.709992875050488 0.0700001723944714 4.384370941137995 0.062002442370573035 11.807954236973794 
3 0.04002991422767966 50.52680024369175 0.04101586442797456 45.855573721560255 0.07400000271761101 2.4696919326721978 0.03402456096265513 53.127987200806906 
1 0.05200858512260742 10.400648231119803 0.04400458403709629 18.11521742830058 0.04200896084364241 20.253034703524637 0.07498991156502932 0.8814760749254495 
1 0.05700026288959058 5.84927135151893 0.04800377056786085 12.356904827632473 0.07200037518298981 0.9839225046165517 0.03201827563047076 26.16784136786043 
3 0.07000123266255615 5.040135199480671 0.0380207134838719 53.514074666898985 0.0400166473642941 48.650886839970156 0.038021629905535446 53.35028315306862 
1 0.0689598020727207 2.0230312758584583 0.05400049360399088 6.533912268462372 0.06697670169479639 1.5583041344862651 0.07600008850158324 0.5276897299883818 
4 0.060000361244731536 19.801715046241277 0.05300896542939448 32.173458060385784 0.04701295144610867 45.63405987701779 0.08300156455828692 0 
2 0.05402172514055754 15.732107320608849 0.07200118575751016 2.0514863768546068 0.07200075980979223 2.1143676190961633 0.083 0 
1 0.0360216346173597 29.153568246958976 0.07100222391671081 2.14433872246628 0.0720001854646582 1.515335409146561 0.044007818289612505 19.413486361386266 
3 0.052007338393207765 25.524484566398744 0.050012649324036026 29.89402130724465 0.0400220308514573 50.65632832843891 0.07900000000000001 0.9386257533837832 
2 0.08100076156168229 1.053370895656823 0.0760066180495609 1.65590218772042 0.04301524284504084 31.39526297720576 0.031021632275063785 54.79696742025912 
2 0.06903132011007479 4.483648509203937 0.04704019715285695 23.594577209110298 0.07200045250711185 2.1154072910901287 0.083 0 
4 0.04199272498772997 57.84837696024131 0.07800000000000001 1.9046058184532666 0.065007440396254 12.916756445337398 0.0490167721516571 40.03113447663452 
1 0.07200023335347655 1.5377814971935522 0.06700040250819331 4.03390134408934 0.06600372034358654 4.439920251229267 0.04201818729486233 22.83001126207541 
4 0.07300081647818576 3.982823227499409 0.07697941287840854 2.473132319009573 0.0739527171149395 3.6369924395064923 0.05801234819778385 22.149634482506052 
3 0.05600302519133887 17.30566493994239 0.07900000000000001 1.2459463990307693 0.053011471407533116 19.28047160907697 0.030030535774384762 64.21791570511472 
4 0.0670008423481937 9.632127406477709 0.06000369723883404 17.805786401106996 0.04800704888391446 36.849969389874744 0.081 0.760580381517724 
3 0.0800000073088909 1.75141518143596 0.07500681543546359 2.188700262572444 0.040015837229963706 47.59507959231041 0.0500082810132982 27.382575885840655 
4 0.049982507662224424 38.0523231795049 0.03204041979981484 91.77643374639874 0.085 2.350734633824984 0.08100031930590393 2.063978500737112 
2 0.03401157284391222 48.593668301365916 0.07 4.281982523433533 0.061001465000800774 10.902582748244992 0.0710002434866055 3.357081480186993 
2 0.043012564012187726 27.327010349719846 0.059000935227282524 9.641657136725968 0.033016072592672654 38.14138210010653 0.031016965636928226 41.64559390281753 
2 0.0530005255620064 14.028580410565954 0.02996918589768606 42.590893033065825 0.03701203439329637 31.090413832740417 0.07300096960987494 1.7447786987324427 
3 0.03501698927706125 54.69220747397928 0.08200123396067227 0.06465148446678647 0.03602004834322521 52.89327036022806 0.07895942965033884 1.543762018503574 
1 0.03200615832956494 26.028357766383888 0.07903514958847632 0.6370665198387743 0.03095210876244299 28.148686023523215 0.03401073130716663 23.203078879570523 
3 0.06900047282889527 5.684507725726148 0.03801778203258879 51.23614133666412 0.07302774476956929 2.999479408261803 0.07300111092736838 2.9124113450199762 
4 0.051005229747741715 33.218007809816264 0.058982848097904196 33.608200298039804 0.06100462399538863 16.806438251044437 0.040011587669541805 59.49179262160125 
2 0.03803645550688805 29.03314779294611 0.03701338535466597 29.78759239974783 0.08200009841863778 0.5734355549519895 0.07800055953703411 0.5013679208956212 
3 0.042014518706650225 44.5891527556922 0.03302329848740751 66.30322971615054 0.050004696119386606 28.817780337034925 0.06901879764109244 6.1542561235602875 
3 0.082 1.015940523954335 0.07500094702495909 1.7037372521076013 0.032023599767532274 54.49249590099966 0.04201247721320327 35.72750984539787 
4 0.06302965829314422 14.345380361972783 0.06300531310451818 13.94623451455018 0.07900000000000001 1.0136939201367465 0.06700131587044011 9.62329359236347 
3 0.04801872937331772 31.635697392675453 0.06700099187750058 7.676464537749389 0.03902287698360712 51.14940766618251 0.0690088436072846 6.518745898293859 
2 0.037019354643778604 30.985938475438324 0.0420092380353361 0 0.0830076037145984 0.6884529065709137 0.0740003918896183 1.4414297378068415 
1 0.0580079572073209 4.1359256408722205 0.07300000000000001 1.0068979666667444 0.04001036750420567 15.958350184287728 0.05800155793059831 4.792366501556956 
2 0.057 13.075463298519209 0.055007405907044164 16.112010320629647 0.05400845996250143 17.338140202714758 0.07900020950273044 0.8306118451357533 
2 0.06400950752762863 7.650931427791782 0.052026444748865155 19.20527382775539 0.0849533854126714 0.6559115859834566 0.04000919169666671 36.4321420059517 
1 0.03201913447224683 25.933633377861852 0.032009881340210086 26.53003172141825 0.031014345225256326 28.032604059745864 0.04602175544234712 13.110724326615745 
3 0.05400177607576642 21.921481617087952 0.04604892956706039 34.73998031744455 0.0680006148967043 6.366716288567927 0.0660045059953501 8.541356934829222 
4 0.031027048357578565 87.40236838272882 0.07200000000000001 4.187792373970542 0.0340254580879821 70.79019196419196 0.046013268330826605 40.582602579043325 
3 0.036993238925616595 56.14807752203389 0.081 0.39861450912809615 0.084 0.06347096074173061 0.04502778102700122 38.88665096464834 
4 0.030034933281154225 89.96119478685901 0.07200850154741686 4.649362039496198 0.049008055569800354 36.700475964693744 0.037029786608580764 69.07333810941157 
4 0.08300413743136233 0.47801797079689873 0.03902028969393677 58.404482823233536 0.07800000000000001 2.4211006129603927 0.032028219822885326 79.08875605080732 
2 0.067 6.257474826135791 0.07998477211004947 1.063104194799627 0.076000895703858 1.4997751988990604 0.07500092029177033 1.7810107421965067 
1 0.082 0 0.036013392854950046 28.67167094635419 0.06300059515812717 6.247090516639919 0.08100021308664918 0.48815127382369167 
1 0.03601743826786129 15.100448174117782 0.083 0 0.04100089424884209 13.528528238013159 0.042002514938798065 12.30356870296908 
3 0.0410082530611023 39.99698476215172 0.07100764973190735 3.7088966673610146 0.054005189848138936 19.101931011665407 0.0540070747897887 18.999454671674357 
2 0.05000216606266725 18.686300073939883 0.055004157049918234 13.878244142694612 0.07400309508510436 1.7254269783362508 0.07300101896654025 2.0045316656840138 
4 0.0830041616287682 1.366388308952703 0.030030496918500516 96.39127209142504 0.08003876699901886 0.8075494126714131 0.05900152346670809 21.24387835908457 
2 0.06900050001295358 2.946509739386334 0.06800329660665265 3.963419132072149 0.08 0.8165998821371636 0.032990801516306234 39.30298765856435 
3 0.08200004838101375 1.1019262220503587 0.05500181476079191 20.869564914958247 0.07000105890749898 5.393837468591901 0.04799357812427013 31.757588579319748 
2 0.05902340703693291 12.840041855073554 0.04901107021198893 23.133338419149776 0.07297957832202745 2.310163976864878 0.06400104002361424 8.611413678754372 
2 0.06100639027487445 12.063977077293334 0.03301912198990664 52.5687119902891 0.06700764625843243 5.178742680274434 0.08100008171731343 1.017162425888868 
1 0.07200000000000001 1.2728205084491508 0.04100392649494257 23.251109812384694 0.07600000000000001 1.224147135395963 0.05000107669292189 15.180756677719266 
2 0.06600467192516515 5.16345278250969 0.03301316383747209 41.86754020451308 0.0469700004090669 21.430418211301287 0.07400000000000001 1.6405023557438398 
3 0.04401578719819813 37.615995677218216 0.07600000702809631 1.691626318245719 0.07400100533431521 2.578150711321023 0.04101175781333829 45.0237528548383 
4 0.05902414616839785 18.788601880399877 0.07100572439065808 5.234962130556811 0.031025621373079765 76.06323280677456 0.06500163460829322 12.23775436238032 
1 0.07300034501280887 1.00859170828575 0.042003358069763436 14.589329653158483 0.06800000525595809 1.8589375068613474 0.06395117588133212 3.166421924542503 
1 0.04102289840030636 20.715654076383498 0.07500000000000001 1.1789622562106574 0.030013446312325096 33.85279078511091 0.03401478148403894 28.07722891436841 
2 0.08 0 0.05900105115581012 8.711493324734505 0.03301679368498113 38.519603401402975 0.03101709428317287 41.954437901785425 
2 0.06903398974174739 4.260197972696901 0.07100048635807255 2.998695746804947 0.0510094039044519 18.75260306875651 0.04001060148050087 35.30123304704345 
2 0.045008299323141196 27.6280559544879 0.08200615420774882 0.1910998970628414 0.03501329294571422 43.20853490044239 0.04201478626486329 30.647845520018166 
1 0.04301167841207814 16.511602072321296 0.07500409658889473 0.7337790764765603 0.06300034718952591 5.611152907985803 0.031009205285779926 32.30311709689701 
1 0.06800058465496725 1.106286510851186 0.08 0 0.03700915912146728 18.34741398166583 0.059000949413837836 4.318882465802463 
4 0.04101352778236303 51.757039060583494 0.05900188960466808 17.516278755625606 0.04400859358423864 45.039249541326 0.06301230923148571 12.817547917890622 
1 0.06300304631520365 2.7704466715829152 0.07 1.5803873354424007 0.06400073622534175 2.8606458705291633 0.048000383817370325 10.014936026414592 
4 0.039024311224540045 54.79496294741698 0.06300159957852333 12.953335420936064 0.05201051708484759 27.222727092190645 0.03703176438154056 60.07801032707896 
2 0.06401476792203203 7.363135950837794 0.042011504275962654 34.585897989281875 0.08300063563795108 0.8574730148362312 0.057000302811721894 13.786198604828648 
4 0.04602989991933027 42.748340282686215 0.059002225276989326 19.97802774753377 0.05301035782261156 29.503246445244336 0.07000130228172055 7.005379716929395 
2 0.07900000000000001 1.5437296240115277 0.04900187401565538 21.67085509607675 0.03402092428815276 47.207022680236825 0.04101540209823998 34.52808480015429 
1 0.05300001959567151 7.271593541234651 0.05700014513970025 6.115310077661084 0.04700504689274884 9.999665262045148 0.07700000000000001 0.28152089024901084 
3 0.03502277742739332 60.21479551711842 0.0610004188109795 14.20898349334378 0.06400376447874698 10.763960766047221 0.05001470339657473 29.64617055199238 
3 0.068 5.9658770899907125 0.03402293627502444 63.50677669511881 0.07100000000000001 4.176377914446172 0.07300071809819361 2.9939539103785298 
3 0.06100782910192304 12.619565396446422 0.0810169102078687 0.4662068335935973 0.07101200672386981 4.453624966953886 0.074967089880209 2.283997298835985 
2 0.04201864878626784 26.763574141748634 0.030015650531748317 44.96732607903383 0.0790321662620414 0.31292786474079276 0.035959814151592856 35.597831854747874 
1 0.03402318682960509 30.622977098028848 0.03800915406043664 24.44612312086433 0.051000969579659536 12.00681407764253 0.054965647374070725 9.441920784356256 
4 0.033038595422664976 83.62976650738219 0.04902602840906 39.01314450679698 0.036026339236317664 76.26332143055537 0.036028245766094424 73.89586778614913 
4 0.040017384595716965 55.528818146325584 0.06500037801414103 11.730070256487892 0.04101433798156978 54.47269995728359 0.03802292433739188 63.791436629725176 
1 0.05200136699762087 6.659635730104515 0.039006967771749286 18.255122092452716 0.05900027658407453 6.014815035046087 0.04601348519282233 12.931512370570854 
3 0.06402172214297622 10.085046754817864 0.05800185392947256 14.940271222328253 0.07600127746012537 1.929169840192045 0.05600833873447312 16.120033419178228 
1 0.07100112259610004 1.6548655603415678 0.07300023216270682 1.4706868416540222 0.06200681653991541 5.443831367084645 0.06300040990031938 5.548929211446469 
3 0.037020403121337545 58.84142243589033 0.083 1.6429709991021022 0.044035034130046564 42.708203070421746 0.07900141546106923 1.0283939236090411 
3 0.05502636431168072 18.941128572381505 0.07300083606255472 2.666424678293994 0.05500218126150651 18.624941601141746 0.04799178491167039 28.02181160274365 
1 0.07200000000000001 1.2058077445958406 0.033024181853217496 28.738283209025713 0.07800000000000001 0.291597337749094 0.04803696709416867 12.491766019556934 
2 0.08 0.9973020118250694 0.04900211630285318 21.79512417500632 0.04101234799940592 34.12930930049361 0.04201007378324071 32.50424376824551 
3 0.085 0 0.042016126102864586 36.75046277293017 0.035019908389936905 54.22343028504312 0.084 0.5685643842507652 
1 0.050000768016230074 9.807792849599556 0.051001276934488506 8.545963155558889 0.05000536822918084 9.08496147329324 0.048005168791912585 10.169710362764638 
3 0.05401204122571468 22.26138757067938 0.0420112465208376 42.91831936378931 0.076045043436825 1.8832589749314346 0.05700895334176149 17.29232213777623 
2 0.07502531323734327 1.689067276668386 0.07400098262002099 1.6694082652954532 0.07400061829954192 1.5707375918478603 0.046005178457215 20.54882393248987 
1 0.07102471532371943 0.5737789089073919 0.061000429863821835 4.190629916105879 0.042006022524456614 12.191970130447551 0.07900000000000001 0.3262745168109359 
4 0.04901973874368916 40.38029905777867 0.0480182059582025 41.81503181994935 0.048015487048822726 41.73266612234282 0.04601917232934927 46.660067777980785 
3 0.08000000919744396 1.7254853294736694 0.07900101518766614 1.1750624552878384 0.05801322824189302 16.57526996950667 0.05000718325682112 28.30239040592955 
3 0.03603534567692772 58.112262686153194 0.05200591053226737 25.124335427272335 0.049010032495664144 30.920367343422033 0.04201629336102537 44.88168145037757 
2 0.05100804425713402 16.245493092025807 0.07500589858311832 1.6775033522130969 0.07900000000000001 0.6532868387764919 0.068000451756272 4.692271413953703 
1 0.03401406974943649 23.182771407105367 0.05898739718425408 3.962499127222567 0.052040301283126804 8.933198501443481 0.081 0.0354082134182238 
2 0.08 0 0.0760006039912209 0.9002780089217037 0.04001022266912709 25.574829032031207 0.03901185183254335 26.85995913649181 
4 0.0400209393161282 55.007641761344836 0.05300749880377268 27.702446191109193 0.03803516560953593 61.628715225539004 0.06000978006371595 16.691013225988975 
3 0.04301863234522058 37.28731916029701 0.06100657165175385 13.233183769477861 0.031023767196043148 69.2524105691706 0.059000170934345064 16.04922231609067 
2 0.05302212728536219 15.987826142121456 0.062004261235450386 8.090220817063681 0.04400832309724791 24.906235300273313 0.069000613748888 2.9194453609505144 
3 0.08 1.4288370753535782 0.03201944524631106 58.87951784169639 0.04401297028070036 34.18911535431919 0.06700066209685335 6.09301665235595 
1 0.03102037824945615 25.02201915952864 0.045003911689950105 13.178090498841614 0.03603894331530168 20.134136399480788 0.04900062355860904 10.691042960457816 
4 0.061010066788070735 15.838728873387197 0.07000472023397329 6.24914231141407 0.07800074947707834 1.9275096899090207 0.039043011338894935 60.3268164364587 
1 0.06095152860306498 3.677452498998025 0.0579784933458405 4.646091751209171 0.08103633112305217 0.013473574956880677 0.06601494060365931 1.5371475837997202 
4 0.07502587893307584 3.234477500254086 0.07700066040506881 2.3244075091052325 0.035022816966179385 79.74600276657539 0.06200864362017589 16.239881142488436 
3 0.08 1.4318834836363628 0.05596390565924732 15.439274720731458 0.030018308301410696 61.00600404765091 0.04501197523842688 31.567732231537853 
1 0.04400933973524287 16.593898062721166 0.0819714319807843 0.013983074458149196 0.039006647204461904 17.934611716100086 0.082 0.2923600780709069 
1 0.082 0 0.05704085834932631 8.561941237083245 0.06900087953600492 2.3528864580449893 0.07100017189964963 1.3342531251844139 
4 0.062014443622389046 16.509241054033968 0.058006112836099175 22.40423289998997 0.05701100647948579 24.31305531443342 0.06000804772264006 19.27871051533978 
1 0.07200000000000001 0 0.07600000000000001 0.5043652613545964 0.042011783988039814 14.28333817065446 0.06400009572892876 3.289718004106949 
1 0.03701060581285154 23.514651810197186 0.06902590240264397 2.084000421475297 0.03503157704684612 28.06142188556531 0.05900035295480506 4.662161222239677 
3 0.0830040958102265 0 0.0390249014376964 46.20905128263149 0.04301645071703934 36.819142981015304 0.033031417573914104 61.12855255040931 
2 0.07900000000000001 1.0423219529577554 0.07595161571854023 1.1572596418371812 0.049018506321381 19.028091330382356 0.05800639031258403 10.658695950373213 
4 0.05002071934728377 33.21715567542658 0.08100000859176153 1.892414262248846 0.052016400968280266 29.428315193664957 0.0740011010391196 3.0709644750180405 
4 0.05800171983468264 19.237404646741705 0.08000062189742818 1.7157107495407393 0.06800110343252155 8.350861798422718 0.07000104558249548 6.300917426873768 
2 0.04102110602735002 36.20365996366465 0.046010696042073786 28.221736799586367 0.03103550573974606 58.42725408932456 0.05300717122705264 19.181537962890076 
2 0.037020774313154245 29.80018746305511 0.05300125892500293 13.623319606969948 0.05400255920902046 11.53674986008193 0.03101052067047451 38.45162658235384 
1 0.05700512340043669 9.750103903700378 0.08097665984804442 0.5421081561354345 0.036010261655884584 28.777252183114246 0.084 0 
3 0.055023626555711386 17.835069614162848 0.04401632010775882 38.901609444511976 0.060001897183501775 14.998851687230148 0.03502607820365643 59.388532710751825 
4 0.065 11.346284266121732 0.060006719824293175 18.307991406591416 0.0610040497969105 16.65439165199306 0.05900893174627209 19.621750982540576 
1 0.05503835108842631 7.313293945839886 0.05199638033491013 7.581078739918372 0.068 1.3924056791636559 0.05300060284399687 8.309720143316419 
1 0.06497379812721668 5.222722290971466 0.05600317093147753 9.373577348532377 0.04704346530354183 16.88643877985689 0.04500853288894179 34.72389355227738 
4 0.05101689730244826 29.952153870965162 0.048012446572276615 36.24045448237134 0.06500300171067261 10.878810798948503 0.03402860033962826 72.93881792043753 
1 0.05700019970027675 5.15954317957148 0.085 0 0.07500003768285218 0.5696640313051597 0.051000904227517296 8.9235705703916 
4 0.08000002440004245 1.592578677344476 0.06800081366333696 7.927038976481679 0.038021562535928276 59.98354628099944 0.07297932857140638 3.4519548969290312 
4 0.05300269101855688 27.327375022250713 0.05201291972764285 28.994214427932672 0.06200145308469112 14.167637275215988 0.04502241703564462 43.36687548944128 
4 0.031029203494285562 92.02639598643256 0.060004821399393365 19.61121063281187 0.06400475555353476 13.923704144337552 0.03403259123439473 82.70252655606976 
2 0.03902277567732109 35.11925085240281 0.06600073261434967 6.8127326161214405 0.06700054778987095 5.325118155018886 0.084 0 
1 0.05298976018504723 6.1539308373778 0.06100052687893294 3.9917201596926573 0.05100351330637344 7.1130200573091305 0.08400003893319194 0 
4 0.07700137835184712 2.1119272538670657 0.083 1.2069714707818084 0.05800167543705325 19.22675590965384 0.07900053765054223 1.8579560936295278 
2 0.063 8.430610304835211 0.05500769823967424 14.19568916013527 0.05100505401756471 19.333523282139566 0.04200989966998219 30.802480384705213 
3 0.05800362311305503 15.198465893933577 0.04201164792864321 39.155243559448586 0.07400001755593041 2.4716872646102654 0.06100683532474609 11.948456054379701 
3 0.06200626558683088 11.645349931192625 0.06900116144189253 5.355764346320845 0.04102220263309973 42.54031030571939 0.07300504973646375 2.6577294960605147 
3 0.05400092317031686 21.451581263051274 0.06500562381785505 9.360697225561271 0.056007970032232096 20.34225707205192 0.05300793303457781 24.365708626400135 
1 0.048001402021939664 15.41300877912582 0.056005035844493616 9.724533218676376 0.06200287421189025 5.50583860404985 0.0740005889787143 1.0205553840528998 
2 0.08 0 0.07001381842512756 3.136920115705899 0.06100100785633881 7.176398968751391 0.07001059899294436 2.4438004328175658 
2 0.07300532507335261 2.1650291997530178 0.057002460652558554 12.267383814562935 0.04201612401672423 32.263678004056615 0.04001491237807508 35.279502641254965 
4 0.07800000000000001 1.7484400872705468 0.07300800915620323 3.285168787419572 0.04501144752514572 40.71199360093473 0.057003682634363506 19.71908069988553 
3 0.030023162968888392 86.10618508852255 0.05601268133488249 20.53189875720233 0.06600090268404175 9.348894886788642 0.03402892364528724 65.96290360036677 
3 0.07600000000000001 1.7391121405204624 0.051006767019011974 25.362502325658095 0.059006558958583 15.298163753702813 0.03801867159955254 51.15270141593378 
1 0.04401527511764378 18.44456070219368 0.0730000056778069 1.3996408615623521 0.03698412904689918 25.77957792178212 0.06202405279569298 6.530570857446013 
3 0.04904455749267659 29.905966582045345 0.054996395741490345 22.40621669931327 0.06800068233638432 7.833894912477563 0.06600527622781985 9.65749956567095 
3 0.06600773341712333 8.808503557073092 0.082 1.5035527998331928 0.06100402802969194 14.146481547836071 0.04801584430754637 34.225492955574445 
4 0.04401161790429441 47.613089013843506 0.059002059898995186 18.801699763274968 0.057009824366118435 22.283959981655237 0.039017369281594834 61.29192360898931 
1 0.037958100231790214 16.923231239268862 0.04900447959178624 9.34927395349736 0.04700517962153966 11.102775232579116 0.07697696583668646 0.2909090027161431 
1 0.04402254834899699 19.97128081460897 0.03102907248440627 36.71538371497563 0.085 0.34243499558679485 0.042965572844506646 21.605287299443894 
1 0.05899622640267288 3.620551682657384 0.06200072682673238 3.670045306715662 0.058000306036312205 5.241969277007553 0.03000807330666952 25.502724336574506 
3 0.04101422658792023 45.369044041331556 0.06100135877118506 14.187668202962513 0.05600750419680551 19.62507748401378 0.03901307002191109 51.15781728716762 
1 0.07100112449758463 1.667833264498622 0.03601408397606384 30.985875639810338 0.067 4.608650871424518 0.06500330868760493 5.175586514874768 
1 0.05100120274807849 7.766794926337471 0.061000000000000006 2.7339804693543144 0.06900000491452411 1.1040687307749837 0.03700725709389889 14.867168713714694 
1 0.07800000000000001 0.23255370395119038 0.084 0 0.04000548042988345 17.209078160492144 0.038008275784092736 18.727319020083442 
4 0.035027844045706455 72.48347349303997 0.07101490699928736 5.6337342883483 0.0820022723286933 0.8422681658729467 0.0420049929521798 53.50340589061283 
2 0.06099506906045393 7.2376013397522065 0.05000805034820242 15.455658316713738 0.054001913708978846 11.925867665020416 0.03295753141699373 35.78781124380351 
1 0.06800067628902899 0 0.07000001298321518 1.0395427552725802 0.0680017439904492 1.954016356221398 0.08 0 
1 0.05298976018504723 6.1539308373778 0.07700006610629441 0.6154649390082024 0.05100031850047903 7.333471621077302 0.06500084125298958 1.9129932313554252 
3 0.0660077413757307 8.830647746757307 0.03701606854004688 59.347480521180046 0.06500592207206671 10.26546118520022 0.04700960567952948 35.11437697035892 
1 0.06300011323432457 6.146613902595705 0.029986571665731487 34.45016195621112 0.04700175499513979 14.134216630450204 0.049002839459629854 13.48070745570666 
4 0.06904161320955834 8.582840511696071 0.06800575691798497 9.756009504687649 0.07100171510705876 6.245440933606096 0.03602275263063706 78.18597572535121 
3 0.05901777793394105 12.964964610408805 0.06200281617795948 9.997951010332958 0.07000133793211127 4.04872915339513 0.03501820934706042 50.41657058181159 
1 0.06800014974440233 0.9139750196511758 0.045007796202148745 11.041460184934445 0.07900000000000001 0.14002933607898804 0.05797932440881219 5.406973208809113 
3 0.06600733158455593 9.274441732212738 0.039013620793687684 51.06682007046138 0.051007783875667026 27.4550596732512 0.0730008832437446 2.9241543852755325 
2 0.04601517787975201 20.146258012946113 0.07000773876721464 1.994435183192103 0.057005290459995084 9.848418359819341 0.06998967283740623 2.659362655993165 
1 0.033017845040119884 32.2872218076271 0.04200640769739594 21.052103203250716 0.0500043429587131 14.108844490016155 0.03402318325091064 31.74254340883781 
4 0.04302392025843754 47.27001932032295 0.04202047907093071 47.861477948086886 0.05400939824841968 24.906357427396134 0.03096350001681547 79.64080511097465 
2 0.05700000412688706 12.95028088679405 0.04800649581529497 24.506450208074366 0.03101772987844678 53.34619002664003 0.07400156488143204 1.875256871395073 
1 0.08 0.3360791042083339 0.0489602336720017 9.37231796846702 0.0400073778281252 18.44344629173951 0.068 0 
1 0.046003181470766014 17.816559166193414 0.07900000000000001 0.40009130209265586 0.0680001203789855 3.1693584182002343 0.084 0 
1 0.06696309733607231 3.2881056860878726 0.030017985299960248 36.290106729718275 0.059000000000000004 6.280568868261794 0.07800023658515891 0.43761601380949133 
1 0.03900808655099477 13.701201446938823 0.07302846663166099 0.9219693396217938 0.031022869078307327 16.833703252138687 0.08196579734240131 0 
1 0.03900650665064696 18.237566422445514 0.05000400750486321 9.081478578200283 0.05100093744929891 8.627439396379168 0.036007911278669966 18.627023970912205 
3 0.07900000000000001 1.6597897114167912 0.084 0.4825053142114015 0.031016617703484947 58.91360457431877 0.039013391100462556 41.421047514189844 
2 0.084 0 0.04800336695159402 22.53510627898561 0.05700906984976375 13.213737630142287 0.05500721607209669 15.505302192939142 
4 0.03801837541134306 61.63568381217984 0.0630097709800308 13.355137194006815 0.0620075520536731 14.398283018321237 0.05201374882408785 28.906966832377094 
1 0.044006415482837964 18.546824786598588 0.07200000000000001 1.0593102908393586 0.03803949797455042 25.650578362579967 0.059021942202848746 6.976272339339142 
4 0.051009805817463505 28.429699826932996 0.084 0 0.05800185849403423 18.274302477347327 0.08200431977732887 0.19810526001175693 
4 0.040015165656511205 58.92177651195447 0.04101882469749333 55.80135635001188 0.05702240366794562 22.076696110531184 0.06700108536691403 9.627819662777538 
1 0.030011753176414274 32.02716623904866 0.065 4.10318753120772 0.049002640913664755 11.056951286406303 0.04100369705799338 18.566025977844234 
4 0.04202332325755537 47.490365899257704 0.05599970419747896 20.820481910595937 0.031030910820092253 77.99815254705314 0.08404056472544194 2.296907986195628 
1 0.0710247090330447 0.5684641946931372 0.07700000000000001 0.19787459803652382 0.07600042118514502 0.38314603434485445 0.03402435589188671 18.08190044261869 
1 0.06699047868503097 3.0979746918746236 0.06700114741019421 3.791098183931556 0.07000078734118877 2.4493839723442354 0.05500116530959981 9.123050157776806 
1 0.06800070261553018 2.1103765173351228 0.04801532583405537 14.338272763269858 0.07100049412669956 1.37761959053182 0.04100385947434866 18.975166811436015 
1 0.08204343710031263 0.26416125408667046 0.03499212585244117 16.556412480400322 0.07800000000000001 0.33473053402912617 0.083 0 
3 0.05301400982593272 24.752931238291325 0.062009361112276624 13.07852690111281 0.031021113683325233 72.6664073334161 0.07400104985094025 2.7597978425619925 
3 0.030021527810407594 62.01662510775887 0.03902671371184129 41.60047034182102 0.04501313769124276 31.146270441772714 0.06100151589594149 10.57740333122288 
2 0.051007215127483754 15.185799738687948 0.06700034204298388 5.13797021170218 0.05400782530337303 14.297003359162371 0.040013860641674025 31.929142949077757 
2 0.032048027524900324 43.138421532788016 0.07302445260621163 1.5877997014374106 0.036956354773651764 34.26948519978476 0.07699082351232098 1.215814212262405 
3 0.04201465417368997 41.135353182560095 0.05200639492527281 23.399102248753984 0.03303640175545293 62.06231599668973 0.07800005669190768 1.721315416194384 
3 0.03802887185578479 48.371086252987304 0.034019877694858494 57.31392106275276 0.03501835802154546 55.125439793696934 0.062019261114297085 11.387711115795044 
3 0.05001091672953577 27.276495820626298 0.06700109823986077 7.390523336212162 0.04702061196390125 34.31063270099066 0.044013816731122285 39.90809587806028 
1 0.081 0.1500866049317723 0.07500000769286139 0.6004494973935832 0.05100396393367197 10.15695022515085 0.035017804990689155 22.752736619695714 
4 0.07700102877799685 2.096641050170018 0.06200166865441316 14.370259599004418 0.0370263228954347 62.983220089834 0.07500000000000001 2.8068871790239145 
4 0.03802199172856996 65.03573352055018 0.07800000000000001 1.6927331385865598 0.052002895626350645 30.867434882298593 0.06700836996206477 9.59771515768163 
4 0.0810008021652348 0.48003312365998924 0.030032679919081137 92.053878448425 0.05500437308165178 22.55339337537758 0.06200328795489569 14.109272513362491 
3 0.07800505680627831 0.8576533875788919 0.07200112076451749 3.118328217476139 0.05400238862273867 18.642831005933886 0.0360178990318966 49.10715021646432 
2 0.07600000000000001 1.4574258781817642 0.07700012667041606 0.8999631051841589 0.06104880209212339 8.417029642455889 0.038006780904148045 30.571323570746728 
1 0.07200000000000001 1.1587903256558247 0.08 0.19380446174957955 0.0680003077948703 1.5520739172061808 0.06000030740365574 5.427445822422845 
4 0.05101009585203275 28.640049507868845 0.05300767673695315 26.091853933745256 0.06600088592362363 10.06013232766176 0.042013949045235977 48.56462580149531 
2 0.039010430551567804 33.06315858931747 0.05500134366813075 12.766207685627021 0.05600210287976213 12.193631751472246 0.04001222627411686 31.369839517375127 
3 0.039013012607937554 41.27433602343817 0.06700091206916703 6.389796292803661 0.029973221296213604 59.165135957259 0.039020010072550404 40.775918513156704 
1 0.0410034678459409 10.46042948724952 0.05900211441892642 4.118411202731821 0.067 1.525870133396454 0.04701623969637772 7.61651638455799 
2 0.085 0 0.08 0.7032523720008726 0.07800055897732058 1.0744655633822642 0.0680022894265658 4.6797484062327745 
3 0.06700108773865605 6.766779455330551 0.06700250621477505 6.9945647405185145 0.04101491973625527 41.88461410491606 0.06100130230600159 12.850672968481534 
1 0.04600477897886421 9.411475793171785 0.07200053539992024 0.8234091727224403 0.041000878231195095 13.265296280415804 0.05700036033591303 5.283652598709125 
3 0.05601207332274752 20.42687477690142 0.05200885020658335 26.713451742424134 0.04601128101082524 37.73912739113108 0.04301534363559405 44.530911353873904 
2 0.04003583238845901 31.993169302453882 0.0700045202645758 3.654341280705788 0.06800320490696896 4.4501423702367475 0.061003653431760424 9.122271914331066 
2 0.030018410669747794 58.74447980290433 0.05303387482785092 18.56651707826298 0.03304260581562894 53.67841171554145 0.062000788599006304 8.232416443084553 
4 0.084 0.8508404989135879 0.039015825699818256 65.5503783995745 0.05201014584186919 32.93765905936145 0.07900031434676162 1.3444402507406963 
1 0.046014451919833284 13.945487785249338 0.08295851105079903 0.03203160889230803 0.059000446367023486 5.862813575608568 0.05000335359388329 11.954664178338009 
1 0.05502716247885522 9.467412916341306 0.07100000000000001 1.4040623617440018 0.07900000000000001 0.47206956743678175 0.07300033959209562 1.3869453641778753 
4 0.05800539683082477 19.53979231805285 0.03698174945456592 68.10154296139031 0.05101434877612931 32.43223173211631 0.04901541944801362 36.866030673935164 
1 0.05900001097625876 6.409404710591646 0.081 0.3425712562154686 0.06003951016594537 7.588847257583712 0.06500061740808058 4.36349004542009 
2 0.04400609492799534 28.816182334861224 0.045008080123068436 26.76022674854505 0.04201017786052687 31.257565103797276 0.07695615656279153 1.498759975158254 
1 0.07900000000000001 0.040681124819035755 0.082 0 0.082 0 0.036012421513132595 22.986780404693178 
2 0.084 0 0.051007124986651275 20.576384041936397 0.038013869184107 40.119156385842075 0.03002765093212427 82.20643327253225 
4 0.07600000000000001 2.9482344323129577 0.03404023869902227 77.10849271684575 0.06201428527602429 15.61181938352755 0.03899634551156987 62.023572076556995 
1 0.07700000000000001 0.955967325234437 0.0739512036854211 0.9366776461530916 0.05897878456832564 7.8382853056475605 0.07300023224124336 1.1655302451866254 
4 0.0750257853413074 3.0076144452523437 0.06299670515767225 13.626921200755893 0.04101281889380292 55.12472454517627 0.057012980884658164 21.9394149636934 
1 0.07900000000000001 0.25527348279088097 0.07700029060567196 0.28899313213202205 0.08 0 0.049006212720600476 8.808913038963748 
2 0.08300406981279629 0 0.0750208479088688 1.6884309292646622 0.03502001362428599 46.33987296828504 0.04601325476824897 26.52000035865131 
4 0.03202721068348208 79.82343595734012 0.06200163960581513 15.189038561293962 0.03702146021165269 66.51235170993127 0.05700578605645669 21.70363398686208 
4 0.0580141746303474 19.401401093138148 0.059004452498292254 17.635710956341946 0.082 1.2742463920621137 0.04901875336408813 34.48140738546062 
2 0.054000010664746356 16.988680853352804 0.0690010687665823 4.375917406149749 0.035985114359034884 44.45408053512065 0.038013734115536726 40.50186581801617 
2 0.05800632601818426 9.952140112446873 0.04400631427248095 23.879713879532574 0.03901142523640704 31.845841856536673 0.04000927557782925 29.59641421032736 
1 0.05100069187212189 10.365827285687574 0.067 3.8805840730913284 0.082 0 0.085 0 
3 0.04601545356549068 35.22789160776393 0.0350188727563233 60.92847171470109 0.0320223977033398 68.02841338889303 0.07803547902372668 1.1420762817455694 
1 0.05800202927632398 4.604489490017527 0.035024369648000764 17.276725997102957 0.057001119176353546 4.588892556613754 0.065 1.782343611318094 
4 0.055037195579943264 28.82362714520601 0.06000651799483744 19.295421240661152 0.06300626003658183 14.90679719516919 0.07800171552985696 2.50243197419527 
3 0.06502622180466396 9.343180243422525 0.03402358856770585 61.347285344995115 0.052002976298234874 24.818479300478394 0.054006118417050886 21.7149999794439 
3 0.084 0 0.082 0.46268199517255876 0.085 0 0.07300011112847901 2.7780270387698978 
4 0.08000006890821866 1.1524560847289183 0.07204863081352772 4.713883635941306 0.0630023608715522 14.871454208251631 0.03597478651771498 73.91907700995998 
2 0.0350143241363607 33.29045158909768 0.04800328220801486 17.655222890300283 0.06100035746118259 6.762544878258625 0.07398186279960049 1.1324516098988517 
3 0.04800318581443465 28.651487561572182 0.04101441944112229 41.3351599275689 0.04001802994567183 43.14849013466446 0.056003877177472426 17.724399299982842 
1 0.03901085394263395 24.75633488392221 0.04500795686977817 18.060498082591614 0.06901068529008234 1.7078217254979995 0.03201290481060873 34.31308616268439 
2 0.05402283150710517 16.513072022187547 0.06000755129694026 11.674436706348713 0.05300516917679945 18.726244156522363 0.07300000000000001 2.2914514773113126 
3 0.0830040959835448 0 0.0650072386651659 9.21546898618269 0.07100113844403896 3.98835790305326 0.07400106111025587 2.493586015525471 
3 0.0400397434550155 44.40780387253042 0.06802071634519402 5.394649674747837 0.033019391658041505 59.93858911597466 0.07502357876626572 2.1081839442446557 
2 0.0810027210752926 0.10518403786382496 0.03502135723278321 37.9236701354532 0.06600382805396125 5.766775197800786 0.07600000000000001 1.1333869389321107 
2 0.0720075039484177 2.2148689416086595 0.042002929245190175 29.912381060163394 0.047008737093024416 22.6367639147962 0.046010925855333694 24.153404220136167 
4 0.07000462446940262 6.264327953760175 0.08500019085297975 1.2774080707100968 0.035026471710266696 70.56263602494371 0.05602745463509175 22.90062134040041 
3 0.04302288575564754 36.84998890531582 0.06300104553187821 11.054004708717457 0.08001672859349933 0.5127690826201552 0.03801156188837626 50.19037752990514 
1 0.06099168518536005 7.56929034485486 0.04200735881143333 20.053829946956853 0.06900033187089585 2.923069358462566 0.06597658307687781 3.7516470253283867 
1 0.04400807060448669 19.489616204655743 0.03801038909383557 27.080554225331866 0.06600042530055916 2.914106548066143 0.08400010061573149 0 
4 0.03803218341874961 62.88920256042786 0.05400600435402376 26.526033861588825 0.08500103787107922 1.2897304518910273 0.07100422660335581 5.36979164389425 
4 0.084 0 0.06600780104500134 9.73997664185907 0.04800598995377388 35.174687983747255 0.069000877950232 6.726998594738292 
4 0.0670008697892909 8.999648119774324 0.04602007890810861 39.08779452089399 0.05101041954998218 29.050941255401817 0.08200049054834588 0.6440012006283033 
1 0.0710010903701048 1.6589826589880756 0.03402592205800507 32.63899590465289 0.03500955770429154 31.069174481423254 0.032012323465092876 35.0553056541863 
1 0.046015736658876955 11.674896917461139 0.048001877419369475 11.623488458439672 0.07200015066479554 0.9832714516487788 0.035007464744523015 23.065200345998207 
3 0.08300410212698701 0 0.0370146127174634 53.45715824597247 0.047010738533514326 31.609140902170974 0.059011116843838834 14.576646705672736 
3 0.06700238323207189 7.131310713516687 0.04302456830642564 36.00628459573691 0.0430133356642347 34.665143839115714 0.04301290295121898 35.749309180888055 
2 0.0530052270687162 11.524503127916093 0.061006496865946114 7.670148728990213 0.03401241381717031 34.217568410652596 0.06200099495189886 5.644074530690856 
3 0.08200012021670836 0.9976327104401388 0.03402637342330264 64.69635286581162 0.03202610070797991 68.19283409877487 0.07700083591870249 2.1478250709405744 
3 0.07798334034701873 0.8515596720656886 0.082 0.8805621769755738 0.06301016430207991 10.08286682425335 0.06300373439523954 10.733430584529504 
4 0.08000002730951605 1.5134176109874287 0.05501072488228599 24.36523624459596 0.031044961530641804 82.52049843267272 0.04702023469198146 38.554813817882305 
4 0.0800000291264455 1.4637553723008403 0.04101926351753708 53.84819647871886 0.07000129249460713 6.1926781192314655 0.047023287916944184 39.0947277304067 
2 0.05700738461451065 10.377752360976064 0.06200085930982333 7.26282153471613 0.03201678473994167 41.34258993708902 0.04200828206333968 26.233555274763003 
4 0.07401081548024646 3.0837115644573303 0.04701205717083972 36.8236090952968 0.056007167012275885 21.4619657675915 0.07000964041167805 5.783947418248266 
1 0.07200000000000001 1.6168185805800235 0.06300011305641631 3.6556641348909444 0.0490057149573251 9.610386983366302 0.05200335882184654 6.826371896441623 
2 0.06400096967081044 7.5428714528029115 0.05700586563939221 13.117761135215536 0.04600699838499486 23.702108416278094 0.07200049044123057 2.6133341287620704 
4 0.082 0.5962719989191287 0.03303394398838162 84.56340775808154 0.03202634546768082 88.72524996310102 0.06400168866315749 14.004114159505068 
1 0.035009094307279706 40.28437383911033 0.06300049319370024 4.408854754149748 0.07900000000000001 0.11759059414159147 0.07200000000000001 1.3927028001884914 
1 0.05502693385766213 7.450841270318094 0.051003261538470644 12.687579441793822 0.07100531689551343 1.7788508425789014 0.0320271709029713 32.97942694166451 
4 0.084 0.2992688066466731 0.050025860084421406 34.56566981263424 0.06700690662497354 9.335040008135792 0.06900117005281405 7.597212212208342 
2 0.055025102572205026 17.765651971457594 0.07500442310920825 1.7698563108316334 0.083 0 0.04700208305990271 25.182764267938 
2 0.04200527573115514 23.091866863107096 0.0400114070737172 25.93204364127802 0.07600000000000001 1.253142726561541 0.05300499686694905 11.90673293830567 
4 0.03902157270612794 57.82932685244481 0.04101828488537176 51.604103330647945 0.04501729473218433 41.409334637700084 0.054011156329940586 25.182111060937537 
1 0.067 1.718652185566012 0.07900000000000001 0 0.05404636476231339 5.089857787846064 0.059000000000000004 3.2840619718469863 
3 0.06900070272274839 5.6008790688088155 0.08400016722631 1.1481768209140006 0.085 0.513177250690733 0.07100448797867873 4.659512841485685 
3 0.07400665129437264 2.7242866445640317 0.031040196815891916 71.47821898405486 0.04201023499521197 44.79393313536988 0.039018386075833675 52.074970477987364 
1 0.04802397115710012 8.280081013989387 0.04300274419600703 10.402926787319032 0.031024327422541867 19.649679481594806 0.04800069139248391 7.37102111836128 
4 0.031030548814935374 84.61182265633721 0.08100141438911024 1.483353156744365 0.05202228680803067 30.196192628661727 0.05400782531971111 26.614308370284697 
1 0.03900755630676238 18.787790040290925 0.07900000000000001 0.10962493805795682 0.0620054823286958 3.6355416969806393 0.07497154840553975 0.46608077515418445 
1 0.03001110514276112 28.41713658908004 0.083 0 0.04100124394132039 17.211033279796553 0.06600068967754746 1.6289937709561846 
3 0.07000976333816092 3.8199014004029443 0.047016798924450987 28.77668994895958 0.085 1.5087785844109962 0.06302113357340255 10.558916656953626 
3 0.046013800059303535 29.934437760642442 0.08000000928915313 1.5710970109063698 0.052005567540093826 21.87620282337059 0.07100000000000001 3.527490213873758 
2 0.084 0.16332618858912487 0.06200099375364573 6.76472313767802 0.07200000000000001 0 0.08100000916558475 0.3554688513852875 
4 0.0550255676819513 21.72832724745517 0.03402518260322966 72.84165685224995 0.05504477375490831 23.228270686495435 0.059006446408362515 18.25144390864718 
4 0.04601941208724933 37.73926702368338 0.082 1.911651020196453 0.030013092173855047 80.04071313493031 0.059003269218871265 16.698969115981367 
3 0.0730315444735821 2.3535310659036113 0.052001942229443154 21.165594130983294 0.03801491504156753 43.88422119248368 0.06700092171219499 6.728325547153046 
4 0.04904820178721549 30.091570003505545 0.05201041160683892 27.471878748434662 0.03502769303248768 66.39196490363149 0.04801171078105352 34.974102555953735 
2 0.06800785883738958 4.098859950298652 0.06600338673888363 5.002850138908613 0.032958365975329376 37.14593091550577 0.032016392477330916 38.98484675645341 
4 0.068 7.735303028315391 0.032025723841708764 73.25910137845545 0.046013704503576607 38.45277894350881 0.07000034116427846 5.209979176963481 
3 0.04501908351274513 37.60208750951572 0.06304080150589672 10.777795159629186 0.03102740847734234 70.66793006194004 0.047011388182846406 33.32204079557271 
2 0.08300403776329635 0.7211591295715616 0.06298119576705757 7.442663422758204 0.05698145967987366 9.480372717212557 0.07900129714697247 0.25474237684123996 
3 0.084 0 0.05199403375680834 25.655986448312916 0.04801237128939731 33.01212160757492 0.05300847034856609 24.044530997469483 
1 0.07400470974766998 0.7551293935499123 0.058003399745899444 7.696765279417348 0.038029877004655835 20.380806074229422 0.05400097180804703 7.376612060803952 
3 0.07900000000000001 1.6389017963056627 0.05600772514857183 14.950121991300561 0.05998708356173609 11.85874333792944 0.03900672404104838 41.50185968445704 
1 0.04300860096433193 21.505519843160567 0.08200068621207698 0.4882524152477139 0.0300187798747078 31.969421197546808 0.04000763899920649 24.77548891906812 
3 0.057039976394472926 15.376242381796873 0.03601936076886578 49.37747912652733 0.07800070405079705 1.0078471622256842 0.03601349763029159 49.86375785317372 
1 0.05699962020165982 6.120785869813984 0.053988289281758355 6.477732174065832 0.06600047523979986 2.1629406055071083 0.03401181100845374 19.642117011115616 
1 0.084 0.2972039272728644 0.042008771933163006 15.930775462573802 0.03100947532386547 29.28322855169487 0.068 2.3621335485777455 
3 0.053010690191545 22.908263358252217 0.07299432324216404 2.7924861453132315 0.05701025176885944 17.113958128751623 0.03901526465127057 48.976258398170884 
2 0.03901111647450795 27.6788509388936 0.03801287265193609 28.406484613163542 0.06000093211297086 7.289812440308149 0.048005275551368236 17.613738123234874 
1 0.07200000000000001 1.1962111342454205 0.07700000000000001 0.7208009714477606 0.084 0 0.07500029474648043 1.0007512363206532 
2 0.050010393245856724 14.422189861596259 0.05900445374728069 9.749987348636637 0.033012866809299504 38.81902078403527 0.07500087879941392 1.4919036800252414 
3 0.05400308953729933 17.103977418612658 0.05200889484939799 20.132141485186466 0.07800000000000001 1.0224244033904417 0.03501630358696581 49.00515302684236 
3 0.05201587962468206 23.695745252554314 0.06500071861628423 8.871855489856841 0.05001498019563539 26.63611010212892 0.04201380383588348 41.10541118869778 
3 0.07300042212202429 2.6093159340735954 0.085 0 0.0710012558211334 3.5252292752710437 0.06500103072521275 8.124789829821266 
4 0.05300798205195418 28.412142452042843 0.07500100607009297 3.1093188380534813 0.06900136610547954 7.881419666545002 0.0420347405217293 56.489715288087666 
4 0.07400004862248545 3.751359132738409 0.06000208147432976 19.797757761463174 0.08100001413108573 2.0542604726082008 0.04897019312819649 40.64576624391484 
3 0.03702059133577808 58.59244023373755 0.05500941283873655 21.855206122308935 0.07595088969148392 2.173693147632668 0.04301473522489927 43.83703838882875 
2 0.0580172078610836 14.031243349761024 0.046007885064976904 27.96721018941972 0.04101391685757931 35.24344822354829 0.06302533240878613 8.97784854760968 
1 0.07300204941565669 0.94692172894974 0.07100055825059394 1.4199387374047183 0.049000924627497715 10.213496749198931 0.065 3.893333765324266 
1 0.067 3.1184664759026877 0.04600632357737692 18.65127126980449 0.044009144765125005 19.490198138891472 0.08096263251665062 0.4502096826406224 
1 0.07600000000000001 0.657295302138945 0.053000911132129 7.115943118055372 0.05600083542977458 6.0184907016790605 0.06897380874153344 1.219170331365074 
2 0.06800833395697967 4.208452632668656 0.058005259809548924 9.302404648618865 0.07400000000000001 1.234192875169287 0.05800177551585872 10.350356032592138 
4 0.058002226907052264 19.63294129090883 0.06000417061501258 17.316937375260068 0.07800162576154995 2.3032203502514617 0.083 0.7650602231925896 
2 0.050009730107163516 17.42015351330582 0.07904862543977051 0.5831054697836545 0.07900021596560053 0.6107645762808542 0.06900222307466684 3.955779999025029 
3 0.04802585130533238 24.559005979115366 0.06700389861938028 6.811299965767327 0.0740007498725679 2.286333970958522 0.07300374326096817 2.4482205416967773 
4 0.0400180132201686 54.95745603206804 0.04801273245319038 36.30969366812892 0.029955598800382538 81.9245986216467 0.04402053052511276 44.60164876117634 
1 0.07300034911750343 1.0028592981003104 0.03601859864397759 20.216628609852258 0.06200064838247594 2.939210401068424 0.03601913744611228 21.151955773461236 
2 0.04301517237084003 30.217920861639456 0.04101347921996412 32.07856637840138 0.07400000000000001 2.0297544387245607 0.07800068293815689 0.9840143176092775 
4 0.0550224298165588 24.76556368779012 0.08100038615097624 2.126527925501272 0.0350446875569021 74.74594536648048 0.05901088096903705 19.7412379268558 
3 0.07400495972036841 2.4462492228087878 0.065 9.213819322662147 0.08200033655070085 0.7780493305771032 0.04996611028739633 26.681356101762496 
1 0.041007332654851084 18.29924451804962 0.030008301865019127 30.398978943921968 0.05800091704773622 4.809220971673706 0.035004811603323624 24.165960414882747 
1 0.056005641214391666 8.99226738428443 0.04904927869813194 12.803976454081214 0.07900000000000001 0.4019179900018294 0.060000259131553324 7.2943930807860955 
4 0.06100995373151676 15.443529485305666 0.06200319319015656 24.816956026610498 0.03203490019321051 77.89032632703545 0.0780040517634633 2.228042230783609 
4 0.047013071454713035 41.987855560580314 0.048012696033067084 38.68889165246937 0.06700170073326352 9.889830338521493 0.04501047033906216 46.11749483330119 
2 0.067 6.046832322433881 0.06399095831535243 7.285357026914117 0.03801105200089475 37.9466780395878 0.083 0 
2 0.06600486565476094 4.688196133647698 0.06500385220781583 6.131058833148813 0.052008370060765044 17.104653991384687 0.06300210502569042 7.041940512163478 
1 0.040004167262318924 13.770386272179554 0.036003541999766964 15.710124153621408 0.03300467522263999 18.265210517481265 0.03600740750651199 15.534418089188097 
2 0.07200046821982405 2.525973033361204 0.054001541269910885 14.37618367268698 0.07700043118213688 1.313435800048877 0.06800043042275063 4.379570440092299 
3 0.044013924954373576 31.697368135100337 0.06800020454269104 6.244013668313389 0.0330178861088333 53.01296006871578 0.06701007603227771 5.513587150623868 
1 0.06800508081003379 2.768587420192591 0.08200235369090955 0 0.082 0 0.06195805889843027 7.710352507557518 
2 0.054000000000000006 13.19974347570107 0.04700448249820421 18.43736528150383 0.06400818412013867 6.627077078034111 0.08100002307157508 0.4604158552556904 
2 0.07100117628665267 1.7511167781823922 0.039008891471985045 28.35081634602913 0.06700042397530917 2.6436629077178324 0.07600000706922697 1.033423123461524 
1 0.07300010766555538 1.0043633089891666 0.06000223754204909 3.8362253150160317 0.08500253551507465 0 0.085 0 
1 0.07400235394321109 0.8429115968563636 0.03201376092387216 32.68209597697108 0.07 3.2862786336206553 0.07700000000000001 0.7319066269861384 
2 0.043015195839142956 31.882060905090285 0.03901408915093306 35.57581574238489 0.07500000000000001 1.3374223402567116 0.0650028899316097 6.174941613061671 
2 0.082 0.9252775066790914 0.05100987101822181 21.055154192510834 0.0730008604979786 2.288940463371018 0.06603041834097409 6.922197232213096 
2 0.05002046633498643 18.92260777856368 0.05800634840807016 10.596077824255907 0.07600055946836057 1.1651575675065817 0.081 0.39849231105925065 
1 0.030009618732920643 31.91899348290158 0.05000093284245015 10.41958459303242 0.03900728201157333 20.014480648342207 0.06200020078666466 4.701135321954388 
2 0.032024350441836796 45.76677519854119 0.04700810815435567 21.20693031855823 0.06600216837740149 4.907461210144269 0.03601560101595977 37.94264878181612 
3 0.0650147162833308 7.358344733941578 0.058001659135739694 14.377686385524955 0.06400688040003019 8.848898561563942 0.04901155580128515 25.031799258036706 
3 0.07600000000000001 1.6310390656199238 0.057008204617043506 16.605732398559038 0.04200826687285761 41.30055699470843 0.05200611692051552 24.08813355498766 
1 0.05100109127817457 6.659952660251687 0.04798996573966437 7.959795480922818 0.03001543808200008 21.150973494611286 0.0520005312072401 5.7723077385009605 
3 0.03701665392642352 56.71722910431922 0.0850010667544344 0.14173322283588294 0.049009371866411355 29.392992462283623 0.0470142566508169 33.003112580132935 
2 0.08 1.2349544459446693 0.06800061566711069 5.8955387882107875 0.07700016857490177 1.120819205715038 0.06002602025499601 12.013057667324764 
3 0.03301482379536813 60.51488699849886 0.04301238079048469 33.84690164535748 0.03704466279847865 45.47677240163391 0.058006734328207764 14.293194702712725 
4 0.052006629564594446 33.39168544941155 0.059994090877781986 20.100496114902896 0.03904922151891883 67.35003244512768 0.055009099620187935 27.586578265039638 
3 0.05300254862398078 22.980636578061173 0.05400574434830342 21.051928128008257 0.04602284426217302 33.84262986032378 0.0580114905079064 15.724628929862401 
2 0.06800067595485576 5.2458461280564235 0.07700000778052378 1.1349902756642547 0.085 0 0.07600040996625172 1.2714974136528572 
1 0.052003376238877595 10.603087220587415 0.054001644310117676 8.231672870784633 0.082 0 0.05097659209234175 11.227301527962206 
3 0.03401576194991714 50.773339183528336 0.041016995619742994 36.80932996181715 0.0350136184059404 48.71203578606464 0.04501036274477968 30.1923443215372 
3 0.04700737353063575 30.08025321420267 0.06000120667864012 14.378285679940339 0.05100526751640993 25.491107791589638 0.05900613940748238 14.774394178298724 
1 0.04100793182503261 13.424097218132516 0.05200700922262815 8.180249874967705 0.04700306513113836 9.681817827952834 0.04200385427298841 13.31920862884606 
4 0.07700144960142832 2.2695873219148837 0.083 0.8876096265006199 0.07503565324195086 3.366806517006718 0.049010224862117265 39.53789428868612 
2 0.085 0 0.049015452294528646 19.760984741860725 0.046007350374240495 23.45838097626613 0.08299984940375404 0.8048751309066181 
1 0.03800944828927512 21.824972862828844 0.047007936338367494 14.345891278472346 0.03701641925243902 23.517530556047838 0.052004716193165074 10.686416168587021 
4 0.07600000000000001 2.8292586191437206 0.030037234992928485 87.77454987804833 0.06902627653825733 7.024604445711837 0.06700507053010313 9.831434616902648 
2 0.05802244567331954 14.147798343436431 0.0730014138466136 2.2452152652034214 0.062005143016972006 9.312270847753766 0.043002906804341885 33.704529361976434 
3 0.05400453597013814 20.808623597248136 0.06300714373220914 10.328122766007484 0.06400136479319839 9.326751676390812 0.06500087970775263 8.441371175406712 
1 0.084 0.3058768575752955 0.04201398184076267 17.329593028682236 0.06799980859513458 2.3172087245992836 0.05500444928905508 8.66613089335079 
1 0.06803022245063428 2.618342013215477 0.083 0 0.07501935826430321 0.8954875482057609 0.07800000000000001 0.5544556567077441 
2 0.05400045650394864 13.51299449780457 0.07500113764064756 1.7436377439884887 0.046015999833814075 23.425169003500727 0.03195866874228892 47.555885570746746 
1 0.049036002875804265 9.812189139366055 0.05600088247773656 8.002965492480167 0.057000327358266704 6.985372161853059 0.07600014536415729 0.6457166107179223 
2 0.08 1.2548578629023082 0.06102864558411346 10.188240753439818 0.07501570325031856 1.9800874651050806 0.057001257505705345 13.358380723142266 
4 0.0810011470315762 0.8751945666213152 0.03503065923055991 75.3097193844901 0.04701476508560323 42.18270946444046 0.043016642050316724 52.06708821131599 
2 0.07000075645277463 3.32866989875119 0.0410478778465482 33.81472349326582 0.03801359616919381 39.05695846173951 0.0400117159673065 36.42036207134365 
1 0.08 0.35733126615023253 0.05300078381365939 5.556491682814199 0.030009694110199645 20.97629663462956 0.081 0 
4 0.07100352981853679 5.179600566873809 0.050019510807940974 31.086285563927277 0.06896145862059967 6.885642451656823 0.07300002588110584 3.374598945329684 
4 0.05901424563150774 19.065685074024913 0.05401045646575044 26.917293033814826 0.06301055520628288 13.584414281009094 0.06900600184759868 7.175127012680626 
4 0.04002341742303041 64.47834892692835 0.07 7.093465185180532 0.060009912016187925 19.60282015618551 0.08200058448059003 1.4013591883840344 
4 0.08000003482364058 1.278644208529973 0.07700089729883969 2.149058796185228 0.058017346952348524 20.717833764069752 0.08000080465682549 1.985537136453001 
4 0.08100080336284518 0.45420594916002405 0.03804370817500832 60.242154143086495 0.06100451264981909 15.597957802415504 0.060008304349633654 16.75014547651969 
4 0.04002023098000156 60.94826471512559 0.06101647335064538 17.140868048429887 0.08300029020390409 0.8183435776419121 0.04403281535470226 47.87662784767173 
3 0.043020031333909595 31.046832072926044 0.06300040849954666 8.008370996989537 0.061005188463111044 11.158136057554453 0.07500277336348524 2.054520434055322 
1 0.07200000000000001 0.598361047829689 0.04000513337328773 12.055229084981946 0.05900451003884234 4.612828688291325 0.07001398944848888 1.013846092032203 
4 0.04002737680046376 58.01271485429252 0.07504357172308823 3.095991943044663 0.07800098222522694 1.9402510502099768 0.0530190238545589 27.68599092542461 
3 0.0640000744764067 11.904152978194201 0.08300071389992499 0 0.06600886920390733 8.728122210158963 0.07800115905224064 1.5467683875232712 
2 0.084 0 0.07304710011674076 2.3474489816957766 0.05000652756661657 22.075607822579414 0.03703104710584498 45.377129109172095 
4 0.07200000000000001 5.153764539685536 0.082 1.604597614847778 0.038013268633270626 68.51448650657296 0.05401106773824174 28.73485589660171 
4 0.032043457540440884 88.72598320884865 0.07900049171031033 1.3379620945677213 0.056004961047615244 26.047135414476166 0.0630043138915369 15.773109825086241 
3 0.085 0 0.059000209785035035 15.403886350341859 0.08200122196706475 0 0.06900233422015797 5.928258174316182 
2 0.05900036915864439 11.147749013373822 0.0370139552594906 35.87110015586085 0.053001779505109835 14.03079429091953 0.083 0 
4 0.06700137943879578 9.839166766589585 0.08 1.2090082349319167 0.07500073409652513 2.973775726142038 0.04602433634484629 42.15173103370722 
3 0.05300659590674624 20.472084852927782 0.03303629734646278 54.27515997143107 0.05001827662121362 22.14197173209703 0.03403232794581389 52.518983852909216 
3 0.04600971426260187 30.37450719094158 0.06500065968494792 7.929184949741002 0.05201056384891267 20.744340505809166 0.04701090539679143 28.580338650598126 
2 0.07100160983463244 3.3642297737804965 0.03902213606919738 34.847112788233446 0.036013665648984505 40.10830383959403 0.06800309889915418 5.196141524252627 
3 0.08000001511382115 1.7874922763825039 0.085 0 0.03801460751133309 56.1435586886133 0.05700177758170866 19.160298842606377 
1 0.07500087171239836 0.3780539631554958 0.05400568099966735 8.902742489566027 0.082 0 0.07900000000000001 0.2892883454145579 
3 0.0600133076690833 13.321641002550663 0.07500159675029665 2.1536325854696416 0.03502138420365332 57.66851279711379 0.0800313988611798 1.7854616588091983 
3 0.03401576787427553 52.58767359754893 0.07900262002776323 0.7514957567321878 0.05700112273294816 16.436936761116115 0.04401634935899809 34.08691242323892 
4 0.06800070674049255 9.023153596166331 0.07300115110317786 4.124566129121602 0.056950762957454 23.54689207634563 0.059005545147522674 20.694204376823038 
1 0.0729694379508212 0.9970584658389248 0.07400000000000001 0.660695549105826 0.08 0.11535594103723602 0.040006495828058854 16.502040184248482 
2 0.07600000000000001 1.5033055235141617 0.053002508496145496 13.584327768002407 0.07400088394115281 1.6607726938922267 0.043025718493225035 25.18423176877661 
1 0.06800009872805282 0.988539454970404 0.053000310536844786 5.553367576930044 0.04502897304249035 10.928998839617648 0.0360073065999761 17.799451986522634 
4 0.07600000000000001 3.1102090528446955 0.03103195998283695 92.10600550508094 0.07004162520238949 6.710173806554741 0.040019765351832076 64.46847365943873 
3 0.051002410682761797 24.715903624308428 0.07400078163438875 2.339218469113569 0.06003027273257963 13.723447918874538 0.044018062680752416 36.62325232029802 
1 0.03201199734126005 27.171360227347932 0.05100203351158358 11.05330930671863 0.03700648511577065 21.603288127189565 0.05700015895750164 5.721005765632585 
2 0.05300359351496619 17.443556055077295 0.0420113869914171 34.600455294312795 0.06600027642886871 7.198999894437011 0.036014766879285884 45.9230437343266 
1 0.07600035428273272 0.7174124665399932 0.04900116743754588 9.810503308413852 0.04600199079992812 10.963193961844807 0.062000000000000006 3.4827551775276646 
4 0.052012034107355685 30.182359085166325 0.07400000000000001 3.3836124984807463 0.07300166815410311 3.828853949121725 0.05202027070329538 30.653161095273816 
4 0.05800543601240356 20.352955856151418 0.08000077763206312 1.907938267301077 0.06500111436586184 11.651718673564416 0.06000683505403048 18.283518804757986 
1 0.034021096871301906 18.127646554742963 0.034006752517349484 19.385413560958987 0.07100000000000001 0.7206357441845427 0.04900285012454746 7.965763359699294 
1 0.032011873718947634 26.44966699596663 0.07300250669725006 0.8340960109598544 0.06200008713761333 5.281311294132857 0.0790000567058913 0.365512536258773 
1 0.04000978997907001 21.574274629638637 0.058002305770683805 7.78754914988856 0.07700008416066877 0.5149806202578951 0.05698646081368261 8.241752162325387 
4 0.03502322579810804 65.58470548767325 0.036021272739212976 63.876612118182834 0.08202793907360717 1.93645406464015 0.06500469296937933 10.756735444449653 
3 0.034023882060387436 51.093247110524764 0.07400000000000001 2.181441875646403 0.084 0 0.04602359485725076 28.318971900604367 
4 0.07200000000000001 5.093815232258945 0.03397382845221453 78.52713455046607 0.06601696679158656 11.551183408975081 0.082 0.6531708094567457 
4 0.057006462581886366 19.146917031571228 0.06700091280167994 8.92642882140994 0.04400988646469078 43.05747429482893 0.05400565592554675 24.38626853359596 
3 0.032024843438072076 63.71821470063172 0.07100022453493145 5.441071877082901 0.053014212778105856 21.145768425851745 0.06100343202983018 12.811174976279636 
3 0.06500708972151623 8.769945001751694 0.04702730759848504 30.356651520913726 0.030020292287628383 67.64699295219215 0.038005809966974544 48.12601498316981 
4 0.059012585276117545 16.871586870224473 0.04601800110257389 38.665541001278285 0.03102371264683694 77.8024748563422 0.05698910720397357 19.916571121447348 
2 0.07300000000000001 1.8362385156071643 0.085 0 0.084 0 0.083 0.009756483853464571 
2 0.07700000000000001 1.1645089254540633 0.057005363669078345 12.543283969580504 0.05600716110435079 13.265474419069157 0.056004915808267525 13.38236458821343 
3 0.08195612808476796 1.5829215976829418 0.03897748513716433 54.039656152487595 0.07900000000000001 1.0848271900598558 0.050024942780240465 30.46993321633156 
2 0.05801505969842457 13.636561896771912 0.04201104937620028 31.419186906910074 0.07700000000000001 1.590145857938605 0.03701667159203263 40.793252608693166 
4 0.07700132510269586 2.095895901594997 0.05701010885167803 21.01226673745929 0.04601837062504087 41.24291193326995 0.04203736484708641 51.362451114746705 
1 0.05300046560436336 8.378720473281923 0.053003103229969324 6.934280533039841 0.07302333689328164 0.9248445962802717 0.07900000000000001 0.1425874721995768 
3 0.06302040407435845 12.022367846459595 0.06400174121608165 11.254715703704328 0.07100118300927717 4.777171849081237 0.07700087207141891 2.0076509667388303 
4 0.03403034346797219 67.39263264923 0.06300157798777677 13.583945560407246 0.0660020991701685 9.344063466542273 0.03203239352462561 81.16366452054753 
3 0.07800000000000001 1.3411322846026381 0.06400619027831081 11.022943745276859 0.06500138659103569 9.825642019340165 0.06500363919491342 9.51942671883894 
1 0.033013562777509456 20.741181714475587 0.07600000000000001 0.856945257567881 0.0430072154313585 12.075213658108467 0.06400097231960027 3.769473579985412 
2 0.05502606760845187 9.371340019758858 0.046013687390573876 21.446795593014976 0.04401035527151573 23.247573721594133 0.030025506413735983 44.168023136912254 
2 0.07395025965378241 1.0765074230870124 0.081 0.164486300087154 0.0510041470223036 13.9559769415762 0.050007621497676624 14.88756339349748 
4 0.06700059167436048 8.759564406379718 0.032047187843113126 74.13566112949543 0.03703826181964061 60.68980886150338 0.08500874870722977 0.8366524616415303 
2 0.0780022149758659 0.5737150039212033 0.061020442988944844 9.846858138334664 0.03201832843389424 50.694532415638086 0.05400118387866231 15.18042090536746 
1 0.05502676650693366 7.987522971826122 0.08200523314944141 0.25704107890139877 0.06501040026078225 4.5186429711975755 0.07600064943496013 0.8610723469736401 
1 0.05704688919346174 4.236606226080515 0.0470033980734546 8.803358116464253 0.030005018544451895 21.682946327672585 0.083 0.11355683372909159 
1 0.04800344111502919 15.8823378774934 0.03501540134964799 30.7329098543865 0.07900000000000001 0.6324081130224624 0.07400013188903168 1.24419475521729 
2 0.08100059756375835 0.9921593399116375 0.06300674735748255 7.39682890154497 0.06300273956630474 8.288348642289012 0.035013055295464224 44.58147379363492 
1 0.06700022371873277 3.4138433442721534 0.06900022675258569 2.3895112504615934 0.07100019683085021 1.6390710835947986 0.04600749267020732 16.467438998647115 
2 0.07800000000000001 1.1559263005102074 0.06000376298527434 9.062282667702677 0.050007516125659575 14.80609444920928 0.031996253737774955 39.13265223343416 
1 0.03400891901420562 20.2279948320647 0.060000455434157225 3.0039727553140647 0.06800002129675392 1.523747740506812 0.06800056473970019 1.6564742808713506 
4 0.03102648639842033 75.14098724770199 0.07503055102239876 3.275968074331448 0.07100090668071583 5.925626895863556 0.06900460916657475 8.129411785383757 
3 0.07900000000000001 1.6599287384497852 0.07595011867206382 1.7602730987020079 0.07200046571322372 3.103335615258952 0.05301373507127777 19.54093745843079 
1 0.07 1.949497737953655 0.034008236087761864 18.49732847998945 0.05300283719573782 6.460771060442164 0.060000000000000005 3.255104249739566 
1 0.055034855166044755 5.801287596149265 0.06900162447088042 1.025653627637862 0.05000117961407825 8.826262822007775 0.07600000000000001 0.2967146925073204 
2 0.05600036993489701 12.404970559278379 0.0820000740042193 0.3443274871878537 0.08100047345613683 0.22143932929972768 0.04901132525478366 17.61235903798069 
4 0.06300064574052236 12.884113280252159 0.07200277116721002 4.101769403036105 0.03802235818930803 57.61524433461204 0.06401037289573659 11.059631256628608 
3 0.05398594847292114 22.26758350411189 0.084 0.7040417176227601 0.04801388616015762 32.55551666246169 0.057005814031443176 18.600297575614455 
4 0.07900118350982968 2.4721263770851185 0.03402578499528559 80.28915822901571 0.034029851767315 78.63228196800723 0.06201442026557454 16.466338364903542 
1 0.05600282099325692 8.766896530631351 0.05600324699889978 7.459696010087152 0.08300416250869888 0 0.03300916619064359 26.48729943714457 
2 0.05700175690879538 10.55631328924042 0.06500479053107218 5.823584610340982 0.03301173608244072 40.4214930819898 0.0850381489582484 0 
2 0.061978563083213534 9.809325610155165 0.030016535645228465 54.81259495497998 0.03002042999939389 54.43298724875038 0.04001285719294032 35.66464193479151 
3 0.08300410629928093 0 0.05000725105313958 26.594616593810777 0.0749546462229444 2.4362659765257284 0.03901510146559217 49.29040085058591 
1 0.07900000000000001 0.04628370136110565 0.085 0 0.03300798954164333 26.492619985008197 0.067 1.6995936181104907 
2 0.036025021857830755 34.766746727824085 0.060000620793144714 10.04701970999108 0.032017554907558365 44.25170825445084 0.06000969537866001 8.396579228417522 
4 0.03501639993147303 67.96385288397894 0.05302659099813433 27.060860537475993 0.03602678960673443 66.92027571312168 0.04102089030690808 53.550744013710634 
2 0.082 0.8783771029716767 0.0710002473517387 3.620562394081466 0.045012977909018176 28.079216609147718 0.07400478600408217 2.181261955905142 
2 0.04800495358733843 22.232431016410903 0.05300562848193612 16.14595303761812 0.04001637395458357 33.589150979708485 0.03901508257879796 36.0763376754816 
3 0.08200565475026858 1.20584909470881 0.08000076975669533 0.5165544909442834 0.046030235643394354 29.21663052332488 0.06600045549907474 6.329649928779283 
2 0.04301786063056147 31.423907877444712 0.05300234439243708 19.09145105602481 0.05500441310281902 16.38074786992464 0.05400859526744842 17.671883404282763 
3 0.031024547312667128 68.51204252277596 0.06700036016507722 7.594782955737568 0.0629948540772291 11.20749117191859 0.03003063120130818 71.08166861636546 
4 0.07100367490945458 5.359597295435407 0.05200408821171247 27.97513023274213 0.05500943367452572 22.980372957929486 0.05900642258492096 17.841349201529535 
4 0.06500062912705426 12.00388799321971 0.075000311965232 2.9388802944951853 0.03003316749662109 99.46055501995941 0.06200013098695732 15.148723200697123 
1 0.05200084620987982 5.2991161542944445 0.030002011528061742 24.77873462638835 0.04200603301177598 13.719490553276234 0.06296975239761712 2.7142960407776853 
2 0.04904521159588042 20.397640901397857 0.084 0 0.06800088457304246 3.5351056461669006 0.06000458465339116 10.134358629973132 
3 0.04904982734626008 28.09182393641202 0.07700000000000001 2.0538570667741434 0.0590014508117713 16.35158568996189 0.055005940670271 21.815611523669254 
4 0.04401649577713303 52.21646161041736 0.081 0.45691473286248674 0.083 1.4432250407076586 0.07000514498887474 7.2320593407142155 
3 0.06100863733144161 12.430109804365856 0.06900577843441486 6.338628341192292 0.04297569611383167 42.33211527770604 0.054005606804651204 23.028833445059128 
2 0.0410078738159628 28.295423428605677 0.04897663817619974 18.01299180061976 0.07900027106699005 0.8045921057915246 0.06700032913051686 3.8765737152505624 
4 0.051014919174693384 29.617407795216916 0.0720117951173668 4.60793824029326 0.055002642006966064 23.438144797279225 0.03702170236947076 64.06088800537016 
3 0.07200000000000001 3.6824626018029654 0.05100790395737073 26.16011428282514 0.06700090226244171 8.060392481863355 0.07100075578255573 4.5971808413641035 
2 0.06900281930156651 3.5595451463981957 0.04701017452967334 18.063179361844202 0.03402623251559253 35.66067502888961 0.03701312914863854 31.122317294856547 
3 0.04802593327726382 33.51993021884729 0.03802535304265101 54.424445212823 0.039017405346692596 52.78777087058828 0.08500739259844033 0.06110534813409404 
3 0.07100313007773211 5.376973582675841 0.07300077605418046 3.086909105477758 0.04901220083890064 30.59206589775902 0.06300129558214429 12.139442980038549 
1 0.08496908086995036 0.1581834207395669 0.0830002674573216 0.27783017765654633 0.061003987903511525 4.243974947726851 0.03100857076740826 28.427802708751237 
2 0.03701664484501822 30.705088635248508 0.06203699437729515 7.694673432816901 0.0670006193188621 3.8431078861693457 0.0730004861310943 1.43491641490091 
4 0.08000003478158133 1.2817073505726773 0.038025279688492716 64.97446672595242 0.05700967263880143 22.44352600319104 0.037042891214559226 68.22295814344164 
1 0.06300364661898945 3.7892887662150327 0.07300000000000001 1.33527100137242 0.03302187777710647 31.47339356603821 0.03201336628330573 33.13701790431743 
4 0.04702854322192661 41.558812463542495 0.07700258380285929 2.5706050532910845 0.047004871990369367 42.639552401336005 0.06300202821266235 14.32637019417605 
1 0.06600322512971805 3.072904473993415 0.07200000000000001 0.8213572451742462 0.030007679311673474 26.108396017537807 0.0670352440468868 2.782958591647686 
4 0.041027780001340795 58.68320925373748 0.03303180004876467 85.90640892303185 0.0540036356506012 28.89368630789919 0.08000081046427857 1.671815128158278 
1 0.03700319433719594 17.199308029404396 0.06299200549076794 2.110676668987652 0.082 0 0.084 0 
2 0.057000313309649456 12.030118937631672 0.041011409479862475 29.818451948981163 0.055001718964527095 13.721295742492991 0.03503366537137392 38.57466203487418 
1 0.034022466840532686 30.82728449170042 0.03600896873644931 28.237550880797375 0.034012898578872186 30.7294724142401 0.082 0.20557481066217254 
2 0.07300000000000001 2.0546235562695836 0.06500271254056145 6.433398254182199 0.06100202145493656 9.04721368533666 0.06600085209598483 5.759200192061288 
2 0.062020526170481434 7.697397636508633 0.06700078722042 5.556297084806596 0.07300072100892921 2.0880267879081913 0.085 0 
3 0.07200000000000001 3.316691535776795 0.07100357173817895 3.9776878486489995 0.06400362508131807 9.264708720819389 0.03203068891232891 60.38215952880984 
2 0.06000046777412846 9.748886792121125 0.06500086484066295 6.624189193206901 0.05895207124695802 11.02557205699614 0.04700653239327274 22.422781351016198 
3 0.03503192216964267 59.189392458510525 0.085 0 0.04402841923924299 37.418557226367845 0.07900201785853367 1.4111761945684898 
1 0.04903601963889431 9.307725621128109 0.07200432103119211 1.0120451706236022 0.06400045632909547 4.445224682126646 0.07800004716525184 0.6230953591795522 
4 0.035030942384615016 63.40065445467074 0.032029849466115715 73.26167717030667 0.068 7.9268101653362555 0.08300027877744054 0.9858492759518978 
1 0.084 0 0.085 0 0.054028544632225624 6.3250690587982 0.030020629177818628 22.09576798785632 
1 0.06600304556255249 2.8296417479145575 0.047048725764206045 10.474264506072323 0.0350477373677309 17.081212016919196 0.058001969714178814 4.031558275390087 
1 0.03001491954933344 39.033255505968484 0.05300153610965919 10.8912152426428 0.03601450761860939 30.617120570046605 0.042007112475616934 22.9420069337528 
4 0.07300014103930752 3.6739398259730054 0.05400833800762724 26.367418453477043 0.059005831229003894 19.197310080405835 0.08100060232173696 1.4403446663494692 
4 0.08000007427066098 1.0637278847746412 0.07300135929835692 4.1375751469936475 0.03503022390246169 80.99925079894072 0.05100182423135149 35.91505867121298 
2 0.031025039961759204 40.969980077458054 0.05200596704612493 14.107705335767987 0.060019039568213396 8.608760297953928 0.055003967595038436 11.745302692446135 
3 0.06600746287098859 9.567076574321703 0.056009753580967936 20.116704453590696 0.06403778746216407 10.490282396739977 0.08400493444922724 0.8123951280275017 
4 0.04001904984153899 52.905307431864344 0.05503235414914693 22.118746809711332 0.0690104696243346 6.493868648473902 0.07000090579055931 5.740114366511838 
1 0.0630005437826697 4.6490890877552005 0.0630017218849763 3.7999991794391823 0.06300140767759639 4.018150173971127 0.0330078375027075 24.84015354723062 
2 0.0690001434886224 5.099356641930115 0.08400000942385345 0 0.06100086521146223 9.994709867206048 0.033017025395001856 50.15320917775462 
1 0.03300972932181906 33.0432360678702 0.0670047669528232 2.5472707118461724 0.04403080332192568 19.61496765894492 0.07500223095813988 1.2406367108704348 
2 0.043009044924441554 21.618814248112333 0.07100000000000001 3.0973461850011477 0.037013073026787024 29.996643211793412 0.085 0 
3 0.050009972391746045 23.850210925189547 0.06900340713457558 5.501260042741002 0.05300798357462404 20.049332826379846 0.04501064624319883 32.50276427117593 
4 0.05403214396970097 28.948385389307376 0.07400007452179098 3.78483879027084 0.05302457174570562 30.49971278543729 0.07500000000000001 3.1170005901601563 
3 0.046034039407256644 30.30971246119948 0.06402273295822808 9.58927603181544 0.05300250811177583 20.376147277761785 0.052010207879170045 21.53747774623863 
3 0.05302623879567091 20.990190102222535 0.06401776128440928 9.474083433546172 0.07501529638730078 2.239744444216754 0.07700036733717876 1.569767993375495 
4 0.0800000259382424 1.530560914399086 0.07200097083263579 4.4358598234419215 0.036026585773350536 66.83052889072445 0.05300387737024431 26.660775503050846 
3 0.03702561910148165 59.56714804361329 0.051028591163138674 28.62704468453574 0.03902043456119808 54.15790678633616 0.07700000000000001 2.154852449691407 
2 0.07502537862303867 1.7022864351290028 0.047010948200057676 22.833208384520027 0.08400012956557165 0.6592432274099478 0.07198811188965866 2.560749381031973 
4 0.08198675931554875 1.4384162686622115 0.04502709014690436 40.952501805536386 0.07002728830585113 5.778453205466637 0.03201087594580215 75.42982838179462 
3 0.06400007306077801 11.120821425657777 0.040032906818064554 48.474447259670995 0.05500425695506659 21.383884009209485 0.05200824757745369 25.672028184353156 
2 0.06800634124195598 3.0006366204378043 0.04101526618974085 25.178365006702577 0.07900000000000001 0.9241263797180226 0.0660020918254384 5.287712839558471 
4 0.08100101448655056 0.6615894167444226 0.07800093712005496 1.8034868863841673 0.06000185242370694 17.443796082018835 0.05500999393283738 25.5947673451061 
2 0.048005809423907524 24.36633280447609 0.07700000422170641 1.2331000224616104 0.07200229045670832 2.710163538742626 0.06400383501525697 8.103639343193159 
1 0.082 0 0.03800667924882352 24.92882878196167 0.05601802426488009 9.162215097134666 0.05000187123512539 12.705569506154369 
3 0.05400357649960544 18.531149706571863 0.07900060987639285 1.3501486766721253 0.07800089775801872 1.1805773520326412 0.03501876261396908 52.51510317008628 
1 0.07500090506139787 0.45526361757127426 0.047002892099833375 13.260755147301838 0.06700594809573511 2.097619830785508 0.07400000000000001 1.2048946687272628 
4 0.07502577772238586 2.9887067367677234 0.059977151404636254 17.151792905736137 0.06200334827892778 14.676773862536827 0.07600525456285398 2.4237452541423687 
3 0.07800591428942055 1.0526195706368957 0.03801514104488735 46.40957429947082 0.06600658875167503 7.646976902408223 0.03801874743715642 46.358560475491444 
3 0.03603260358505325 58.99976592951533 0.07496469601170874 2.0675573949501214 0.0350175351409316 53.427575920346264 0.051017797389035564 23.474196949399452 
3 0.07799485770901456 0.8866617141492353 0.0640017277037071 10.238862169743523 0.05500770672452602 20.049380372148722 0.050010493805062305 26.47015441550917 
1 0.03101786899662358 36.70053458340627 0.04500772262313525 17.901036739358215 0.03900960592922595 25.320895023013804 0.05000707919175223 13.685919709221706 
2 0.07700000000000001 1.3276131154225095 0.04001111495339331 25.211536158267307 0.0800000400752134 0.8922650209033471 0.04802073663943346 16.938074965450813 
2 0.037013438421474254 39.30311740663708 0.084 0 0.08000048690699307 0.5630574830996571 0.06600471427705805 5.863744244975223 
2 0.08 0 0.03303692156889862 38.69560505974682 0.07700000000000001 0.5892363490944176 0.053002719906711085 13.331442761042323 
1 0.08 0 0.085 0 0.030021408451722034 39.54717322015971 0.059000000000000004 7.367182611128046 
4 0.044022835642420134 51.032598881312836 0.04002265883698638 62.128437813068864 0.039026306533115104 65.2560806178252 0.06400848411851502 13.747871099894073 
3 0.04501771595132777 38.74216749467403 0.049012991635984125 30.57481985360519 0.05600756263826906 19.3878076338948 0.07400195577482732 2.842118537548363 
2 0.084 0 0.07200043431012988 2.4125456067391013 0.06000161314723968 11.35863424851577 0.04202505520095966 32.159456093716855 
2 0.067 3.297299617766136 0.04301921726873489 25.32273752931087 0.04000936619695624 28.670045452941192 0.05100539309017732 16.130601955129208 
4 0.0670004925649608 9.03206020013906 0.08400359949076865 1.1841961979011122 0.08300080984665054 0.20237327054525878 0.03896419761881437 57.59675617379942 
4 0.07100411500134425 5.3119764015075015 0.05801111896046282 21.263166984376213 0.0460119481517455 44.69368593822604 0.030029256800078466 93.4337716476133 
1 0.07900000000000001 0.264577123542463 0.068 1.3827480472172808 0.051005173805669095 7.599416324317624 0.03398820139444479 19.54222084296982 
3 0.08 1.5119292152938433 0.06500054619803255 7.930207531251863 0.07300097659406649 2.529177610899363 0.054013142560540295 18.602393633904295 
2 0.07900000000000001 0.4182695972277483 0.07200085297859887 1.6932869612008166 0.05500719607683114 10.528457752230183 0.0820006608482251 0.3898072637908895 
3 0.05800012426966652 16.955449282034984 0.045016680006164156 36.42362916982485 0.084 1.2274199955926604 0.031023341843102653 67.11253492410655 
3 0.046021054236181316 29.252989112271685 0.055043063910581266 17.116843894510986 0.08000020225028191 0.45089950587974853 0.06700306756308584 6.356883170382478 
2 0.042034111434893696 33.00382348981389 0.04101478179759414 34.61361882901935 0.06500053063841323 7.705550735746504 0.06899338235705013 4.496274573223435 
3 0.06100754628793066 12.813168378640238 0.06600115701923734 7.632512308932041 0.057004881358962894 16.97524277483723 0.07700782912654122 1.838997080090027 
2 0.07600000000000001 1.449885210963208 0.08 0.7895307665012357 0.06301958521196187 7.592151428593194 0.05103402435108082 19.215179669812777 
1 0.07700000000000001 0.184144529398752 0.07500030589722799 0.8053336055416689 0.07195033019389022 0.94923621539472 0.06500087418796233 2.7902959460870065 
4 0.08000004039296006 1.204878118203198 0.0730012359365604 4.119796053376473 0.04701517203663086 42.420158938252825 0.036032226120228966 73.84857548111641 
2 0.041014354426815475 22.952332215460753 0.08000093184106524 0.9279724892444122 0.06400105916564978 4.322735469155123 0.0750005300301176 1.0404669516536185 
2 0.07300000000000001 2.034914167470927 0.052007663350591225 15.554554594300788 0.07900030827444471 0.7827479604423064 0.0790002899080645 0.5923130157589371 
2 0.07400503524252884 1.8085804230863125 0.07300423007928543 1.8934256091472865 0.0570070212912943 11.432952620590706 0.07400243025004823 1.7408272852489002 
3 0.04401713615237627 33.061098606108985 0.05700180054869783 15.443204655124218 0.05900308662113569 12.816734086708667 0.08100835884124974 0.34577837696814817 
1 0.065 1.7195157489464516 0.04700556859509023 9.920348065009042 0.0590176532158941 3.835773697844017 0.0730000218719871 0.6252360554776352 
2 0.054000000000000006 12.897284380645125 0.06600240442543764 5.5631026848003655 0.06500427872119591 5.7272131419844285 0.06000269103881151 8.983953632859215 
3 0.06000695510385049 15.585462224155837 0.056005843516981624 21.06671463781379 0.0460168412000693 37.40670108467437 0.050012604581910425 30.102551845347175 
4 0.061009430367867074 13.886162986966625 0.030033122535436635 82.19560919909264 0.045010194039621254 42.00592021683215 0.05602485909164908 21.601376124317028 
1 0.08 0 0.07202345788386053 1.6184714840869212 0.05000165895832674 15.53232656664145 0.06800174334067882 3.5913585246188537 
4 0.0660094488406843 11.455739620624744 0.031989221520547756 89.68951316791528 0.07103160395022727 5.605940061178082 0.041020904206313526 60.43602014381278 
2 0.07200330352527329 2.023279076511376 0.05400124296945348 13.567010973412266 0.04401077037338177 25.810185865709833 0.058993416919943635 9.335106164994894 
1 0.06402412944606864 5.264934738713588 0.0450124343019101 19.1340031258773 0.07600000000000001 0.9609508313743348 0.06900077071935945 2.9471445608221067 
3 0.06200097058414261 11.977041010723264 0.036013294565738416 55.92162340024936 0.056002762943937 19.132186870553575 0.084 1.173532683991167 
4 0.08100092405034648 0.5426660825482399 0.05001017436701069 33.97930068546043 0.03802391278817761 62.918914906033045 0.085 1.6162599820536763 
4 0.03199569240462101 85.516445191753 0.046009512633548584 45.91257157558625 0.06701065175742538 10.434868186149085 0.04601106337265423 46.17608019891989 
1 0.04501995202880203 13.325177775144365 0.04400717621813382 14.833577667343366 0.07100035532068105 1.212834968195789 0.06400091098367827 3.259022890537607 
1 0.06900050750325287 2.451803046751502 0.07600000000000001 0.7339619692059649 0.04400653404603163 15.83925408097295 0.07700000000000001 0.6240133910506696 
3 0.07600000000000001 1.3958666915549944 0.05100663501628492 23.586184454902654 0.05900470562813023 14.107299143043806 0.05400731677961226 20.03118307466858 
4 0.07404629264544724 3.203220848107841 0.08000053717200185 1.3899074046644282 0.06000869399378053 18.122674257821487 0.03402595943465668 75.30285668613826 
3 0.03802225790175423 57.18318288655068 0.08304341026478923 1.307062855311427 0.08300048958932033 0.9446043458829086 0.06000498386398075 15.832058434927283 
2 0.084 0.16510412679286543 0.03500693618406939 35.878459328112314 0.08500917516536015 0 0.084 0 
4 0.03302332476189564 74.17859742063489 0.05000734695297747 32.546977178898594 0.04501670989829474 41.75531043130187 0.06500119792127565 11.3979156174744 
2 0.038013300612209255 41.231129228351044 0.049006851059414915 22.70504854591932 0.058009041058490224 13.379039022858514 0.082022368892616 0.9527519621547365 
1 0.04403441979089543 13.60174099534185 0.06700070870109877 1.83376299468153 0.033040265504659896 22.409545643019598 0.07600000000000001 0.8460970559911274 
2 0.0379962334995257 38.5571856376917 0.037017034155074374 40.6768315460749 0.05500513749525515 14.21986581690826 0.06103744796604556 9.577744278459454 
4 0.05801559277926177 19.320389621976464 0.03503188604861976 67.87327190889738 0.04601009712329504 39.85402820511835 0.05500986581714475 23.699099644682544 
1 0.03500327446175153 26.413115371863647 0.039007520339647155 21.807152759355304 0.08000736175424458 0.1879716880615311 0.05204665291483439 11.287349666101079 
2 0.08300405819160234 0.0403990177175674 0.037012962371966454 38.567170875132284 0.05801029679108198 10.783595850853965 0.0590015357790196 10.477987761867587 
1 0.03501248839301402 29.532834933694193 0.07300000000000001 0.9962521264346981 0.06000362994915788 7.873183222246932 0.030013420402538044 36.27407707190666 
3 0.06400004355774644 10.329809801112813 0.05001237941729349 27.724064093341575 0.07900390346343722 0.7620180786994781 0.03701659232280197 54.414418701063795 
1 0.062000000000000006 5.135794404317998 0.06599573733507952 4.01399997307076 0.06700030871105059 3.641385025177563 0.07600003433794474 1.1170118859086244 
1 0.06300056946929111 3.595554041836685 0.05800062110347383 5.030530923110092 0.0810359882072342 0.0005812855303764383 0.05600070568051739 5.02933830212539 
3 0.053006267141909806 20.23204218103068 0.05500490429967885 16.608845489612047 0.084 0 0.04402459458219588 31.96952542369226 
2 0.085 0 0.07000896383630388 3.744806685266095 0.04900231805985182 21.71044291471223 0.06898662610032748 4.7553311623804095 
1 0.03802273520106035 24.613134544214873 0.05202508387144719 10.598550584452227 0.06499395848195266 4.766270515004094 0.058002804026039835 8.178478174780661 
1 0.035010667829204964 22.561815914793197 0.06104204359311368 5.84357067135306 0.03300635069386862 24.913845898488155 0.0810008320595304 0 
2 0.058000921013981174 10.987317514556159 0.031024307121771677 40.8276608044968 0.044006129203760284 22.131902872719785 0.08300016730370927 0.6053859750737792 
1 0.04100424171914878 10.807833927067705 0.06100425427450909 3.4973795270015966 0.03401650525393858 17.39007792310128 0.07300000000000001 0.42353744172127183 
4 0.03202515137360547 74.89144748240712 0.07600348019547021 2.244860583604839 0.07100558667430007 5.293644895279176 0.049015271932069004 34.91204187857565 
2 0.0420087023687155 24.989761672920945 0.03400927631376417 35.31739513916339 0.06200108665244604 6.406574715752866 0.04800191261941987 18.5081411293241 
4 0.07200000000000001 4.394314448347571 0.05702520087249549 21.424645929162764 0.08000012901245586 1.8880766367087867 0.0530173441296532 26.86932809007387 
1 0.06995701579478157 1.6611779885226539 0.08 0.09349629302481387 0.07100070594884225 1.3661772300159711 0.05600058765444218 9.202761610284066 
4 0.05700091258902545 21.171247606208404 0.085 0.010535080038923209 0.0700030343723846 6.541260423990716 0.05001609492699763 32.305788943729006 
1 0.04401042537277329 18.5537340021576 0.07300004870462293 1.409453980215324 0.06000347514177155 8.136387966506682 0.07298037942582938 1.3059055355862752 
1 0.07500082185395791 0.6339180904205095 0.07800000000000001 0.2271974533063927 0.06200063919118413 3.1249200877776007 0.04296017848197593 12.29962956866463 
4 0.05502541703420318 23.940717199856913 0.04801463659061467 37.61891444202254 0.06700156960299788 9.740174041524064 0.035028158307104304 117.1712968302671 
3 0.07800437439664225 0.7347894655110188 0.07300046218765614 2.384699997464628 0.06900334828446902 5.1080011564984975 0.0760006299075685 1.4376421120460152 
4 0.03899402392182728 57.85634191995197 0.06400041286178132 12.125510619288997 0.07000373771661246 6.05760245292556 0.08500011593525951 1.152338515359726 
2 0.06000059475060084 11.126756020008681 0.041003774668548966 32.86835517867519 0.052005575768246604 18.139759114134343 0.07300048851350766 2.102571927624179 
1 0.052002134126862436 6.828149198834643 0.0560001965324328 6.955150395054963 0.043013402261080205 15.848131996366018 0.07800000000000001 0.122536360182084 
4 0.07700145986401596 2.3736166842805413 0.060003971160500845 19.695697342699443 0.031045096389500065 93.93733869080614 0.05402800298432539 29.48343410436145 
3 0.07100229707720418 3.1110777293187546 0.07100115225859598 3.7157927958935946 0.05200779014643774 20.997932014681183 0.03101664914814023 60.68193995891461 
3 0.05199038668811641 20.656162270352393 0.07704717844475847 1.5488738849303845 0.05200238515080081 21.84913085019842 0.04201621163701597 37.42669277874706 
3 0.060004675297921375 14.623000148605623 0.0830315235397187 0.8223916622915259 0.07396875781777672 2.733593544953449 0.07400101244238977 2.555248618107991 
4 0.03901730579271275 67.44545877726442 0.04202160530389648 58.54042178254148 0.036025658677969044 77.3047364823029 0.03802540809782391 67.94326895223087 
4 0.0460255070246422 39.49102408736605 0.03298351282625006 72.57284030580296 0.07704053339160763 2.399175441278337 0.04904869111411369 33.14580697300022 
2 0.053023177990374384 14.475532863800197 0.0700060617118077 3.868275303959923 0.04900190976569404 19.286334929167566 0.06997974824786987 3.7809997387768277 
3 0.085 0 0.038018785704838874 43.90090080892866 0.039013647386446665 40.50454646889449 0.06400576581437527 8.670962422935402 
4 0.04501496231773086 51.11474383169494 0.04701537760707036 45.14054580753156 0.06300215303695306 15.859631336174946 0.041038695772940954 62.200269571086544 
3 0.082 1.0924816121234948 0.05500419386461061 16.503191370166878 0.0570034046669682 14.666491192362773 0.05900270241433112 12.695228831608286 
4 0.03202660758277538 80.90114902477688 0.06904702205825912 7.620340095141025 0.049017124164885933 34.894532887758416 0.04401826934162131 46.81890816255033 
4 0.03902422445322221 59.85213592121795 0.056026099341444785 22.771729053932315 0.0380212550055182 62.778255514726105 0.08 0.6719382037526845 
1 0.049033798267836895 9.357842220083107 0.056000773409930635 5.048860096714023 0.059000784224907475 3.7674971658269687 0.05300036695095978 6.141646464716517 
4 0.06301215841336139 15.720712006325872 0.07000162709683024 7.259510264011801 0.057012819371558984 24.642697438795093 0.07400399902971894 3.8178793140348644 
3 0.07100214616837505 3.1209795726770135 0.08000002487890151 1.1147647637753426 0.06500028874856142 8.034558803925776 0.05500805731948315 16.954344561542946 
1 0.04400999875171622 14.296609375086613 0.06802782147215045 2.54544397732285 0.04500567371184732 15.750279112926899 0.04400818343219781 16.01244128974612 
3 0.05401095394050922 24.02715287838265 0.07200134726513482 3.950339418265041 0.05500193445351465 21.015493779601613 0.040024854054924244 51.21018641121327 
2 0.063 7.908471769880224 0.06700055246665101 5.7632997503124574 0.05500444804699335 15.844622157876971 0.03402641553932152 49.04383476418587 
1 0.082 0 0.03201978825775924 26.37995471300227 0.030012147691297397 28.98297073236256 0.081 0 
3 0.05201318759635955 26.841972599664906 0.06300406126740768 12.594869999085837 0.07800126653069336 2.0033194581825433 0.0710014872803971 4.749029610940096 
1 0.0410067286892123 11.055865780989839 0.04400477443740956 10.250435524948447 0.03500634061502898 16.41940462276668 0.07800000000000001 0.3756832789194808 
4 0.07700110412409425 2.151471136458621 0.042017396384124356 51.11135602609775 0.05400550440203542 25.493309138519734 0.0740000023205487 3.058643084912807 
2 0.03001864127824931 41.09656524594256 0.03501262575723174 31.88188963106447 0.03401655436996005 33.94648138832438 0.069 2.7630995132782807 
2 0.06900554788379618 4.307382232157424 0.03401160227043851 40.75347648760391 0.05800126736386489 11.101844346672287 0.08400002625298104 0.31455985254980534 
4 0.060025661681400624 16.58708972170559 0.05200801833927071 29.780159385537054 0.05400784763316333 26.098798369747072 0.06900244821069712 7.242776598629045 
3 0.05200037140330391 21.088103603479308 0.04900779168157621 23.748189994646083 0.04001661715932226 39.1195684698442 0.06500047878601811 7.899174798494512 
4 0.03402408116774648 79.10711396586699 0.047983717944220315 40.569817538032986 0.05700987737493353 23.72447972064238 0.03003345007235407 99.27134849655961 
2 0.05300545610577876 16.107770148573 0.04001418721994373 33.54763495218132 0.03401803040375474 44.95084038999788 0.047006543188157425 23.391432094150765 
1 0.07100101701849522 2.0961819937423094 0.039952521778110386 22.193487476858998 0.049008311514818235 13.725228991895506 0.04200680012804237 19.571221267511675 
4 0.05200696664581566 29.79528210447061 0.0760000000094242 2.663561243769485 0.031012315006212085 69.15910194228036 0.033026463521788355 77.18834019331182 
1 0.06800024162715185 0.9512075705973744 0.06600263885425493 2.004042821065283 0.03300724720058919 19.67572609863906 0.056952927561180304 5.2984171944256175 
4 0.037031866323687934 61.062609168280034 0.05700537080205918 19.416052168021686 0.07700000000000001 2.259127665135576 0.047011600588583786 37.280150760636715 
4 0.085 1.228552488266978 0.03403098824352556 81.5048025194646 0.081 1.0191667903789177 0.031033202263923435 76.50528509761382 
1 0.05800977195880478 3.615135602659959 0.0810359362958592 0.0946838690228812 0.033015436155865566 20.77263400989708 0.07200124478904588 0.8636846165808503 
2 0.07700000000000001 1.2049236410495787 0.0560093730647149 12.58660972945553 0.06600032684598103 5.25992314095439 0.061002701394773165 8.477293955760496 
2 0.042014254178722635 31.328602295672844 0.0510068234802739 18.81306982757332 0.07695894562745818 1.0515081920451856 0.03401784953079587 45.06081395273244 
4 0.046011984011488906 45.16380044692404 0.04301878604833101 51.99070103854709 0.0790012907112348 2.0771642424820222 0.085 0.7412869296246332 
4 0.07200000000000001 5.126381619401458 0.057011272732133175 23.528520894513317 0.06600891545194978 11.400813903741442 0.04900930158067593 38.62892192796268 
1 0.05502679977943937 8.095148261525988 0.06700434153085874 2.706640685039336 0.034047133436236346 31.517167030333862 0.05201873913365166 12.175228071121198 
2 0.05802101999707281 10.533328133817882 0.03104156412493822 49.088135009079885 0.06201880794849139 7.546027151784902 0.033018820046137806 45.59635142315755 
1 0.056003639428588485 9.26039487407448 0.05800049871987471 7.516073596932042 0.057005009687320356 8.213729991628506 0.07100102876790773 1.9596585866574554 
1 0.06400088789754899 2.383862369023256 0.06400088291229272 2.8425993153492075 0.085 0 0.07600015178990374 0.4894281618181755 
3 0.04600461572963037 33.14701855283155 0.07900000000000001 0.6844111306071506 0.06900381312638978 5.96357066436277 0.04404680505735666 36.53527176701612 
4 0.07900418773761808 1.8570404166576286 0.06301167368494828 12.539163032423644 0.08100087982366101 0.5026185546169155 0.06699610684254886 8.878483012672534 
4 0.04601282164596272 45.2117315510107 0.04301905626769663 52.37485045935331 0.04102340173067833 58.922607861512844 0.03902586463916853 65.38560336533608 
4 0.06302537438041042 14.270515907349472 0.03303052683462575 78.49047238357609 0.084 0.557734697909201 0.0750008944718936 3.005403918797898 
1 0.084 0 0.05700029768867666 4.549070139922796 0.04500510491889722 11.400122489827007 0.031009530535651753 22.87279073005877 
4 0.03702344952015185 70.66503806278249 0.043021058417403106 53.184568681897616 0.033037830383256556 82.897031572095 0.05000935958820544 36.52122410079582 
1 0.03900822101168916 23.892636117042223 0.06100061230528816 6.803771053089683 0.08404313904476518 0 0.07800000000000001 0.6415653110765572 
1 0.034015609167917016 17.66915441932976 0.04300534812611769 12.119672174449832 0.0620026065739238 3.7855568775863366 0.0850356376143145 0 
4 0.08000003100857953 1.3931721127993912 0.06900092890381661 7.425298306961501 0.06900275011083497 7.357874879796273 0.07600087071168145 2.6072338035503995 
3 0.06900065032611694 5.606206061446075 0.030979913853526553 70.36671578217637 0.067 7.589013786915842 0.07800098905991724 1.3106672762627223 
3 0.06400004278114832 10.091648965566845 0.03701656857357362 52.65659187857266 0.03901661837008717 48.08285989476198 0.06300145995153936 11.223806276152535 
3 0.05200432967015614 20.88409977996423 0.04101469101975693 37.00503653081458 0.07900000000000001 0.31059285044867596 0.0760006224434525 1.684947882452473 
2 0.05300224269737246 14.196006039916872 0.03902627906980219 34.47178626864577 0.04401001554909198 25.992036616347704 0.031033786320552884 48.67035292863463 
2 0.04800778388402765 21.243490012474464 0.07100111314501333 2.4919480905075 0.05200674224764733 16.148442697294378 0.06900680290172967 4.244232642443568 
1 0.06600356415844716 4.936826726967427 0.08300000066649846 0 0.083 0 0.06600431465698393 3.3591323874999666 
1 0.06095337838034846 5.6365640639355 0.04600365056819918 13.798414699805438 0.052007019635892895 9.794669994882682 0.061001218445771006 5.178934639137845 
3 0.03802012006260138 52.36252069235337 0.06000591229488094 14.316211510747754 0.03102632268028034 70.03639619753848 0.0740007010632946 2.781963229872232 
2 0.0830040655747597 0 0.04404030487982853 26.254117917772422 0.05400176881565124 15.540461383118707 0.04101900361947579 32.93619439483289 
3 0.05400211334449761 21.845352934060635 0.048011226480709934 31.248182277999543 0.07900000000000001 1.0538479913344891 0.06600369073883294 8.356020653952676 
2 0.06600404656849987 6.0778623146315365 0.05300685304860589 11.91069390394405 0.0580010240014658 9.109776997025346 0.03201687127519463 37.96149436084316 
4 0.07300024538491473 3.724588150074795 0.062001432241998375 15.547743175868014 0.07800010582619313 2.045924001238341 0.058010934684894704 20.62817836823353 
2 0.07400151039934251 1.9087696822148486 0.04400232750339676 27.815745310090733 0.03801139569633737 36.572793596501796 0.05302023867385429 16.46847852814211 
4 0.05100709895463644 33.218549304567084 0.03902401984205552 63.13104858036901 0.07699056113304494 2.4168742579367333 0.05800249376590134 20.972844390804667 
2 0.044015733425052175 23.377626576991993 0.030012435978226004 46.4900634601981 0.05301412121146286 13.837037222796415 0.0630004603058698 7.21534145102892 
3 0.03997788316139783 45.48122967689027 0.03201888725799831 65.98067080002463 0.0760095936217035 1.8379630656504724 0.048004700352918636 28.847343664916174 
4 0.08300415533487032 1.113812643658988 0.04202117871385317 56.063653214726926 0.031027413630502265 91.51701834589691 0.058016566249786246 21.07877307689647 
3 0.04101325238435133 40.715542828620286 0.04101507983243471 40.87512845314649 0.040017998766706246 43.11670559362526 0.03701740940304368 50.1933062565475 
3 0.038026771043789764 48.876232685507134 0.07900076119813837 0.7911063516686221 0.06000962730749142 13.40742665501855 0.0540051807405107 20.815549506808864 
3 0.07 5.2251014024624585 0.0480028125264651 31.753328237553454 0.08000053742548416 0.5178582452791434 0.053008922633642916 23.733835552114087 
4 0.03202721068348208 79.82343595734012 0.0340250648090345 74.34111870668703 0.04003966984973585 57.60851886791952 0.06303971180992352 14.17533544740986 
2 0.085 0 0.083 0 0.07600057249175149 1.412389445777303 0.081 0.3911655819468882 
1 0.06095184767173131 2.720539323242294 0.057975664483654314 5.1157929085784 0.04100475041966348 14.722832850881439 0.061028559506623725 4.387189200791769 
4 0.08100107694623165 0.6753899306585731 0.060001800269070586 17.36132323596858 0.07800080684899177 2.1172250106585357 0.06100373898058145 16.486265621510423 
1 0.04903602484741485 11.324416777021366 0.03301211488189004 27.556771735348732 0.07600000000000001 0.895338322660762 0.0490016663963098 11.104887711361714 
2 0.084 0 0.0700010449705285 4.021167282518803 0.06300292943740102 9.128868595420402 0.06400073731503908 8.099058324637664 
1 0.084 0.38535274246846246 0.05800059566583822 7.5549772096580625 0.085 0 0.041010537132068675 20.734252171945457 
4 0.04303859942593851 52.782348987057645 0.033032477489467305 82.45078359616224 0.08 1.7984675126444398 0.05900087143078378 19.47180863206582 
3 0.05202831316222391 22.1916720265123 0.05200821915548221 22.6163879119249 0.03702490861131688 50.37421727019838 0.03602163862109689 52.328325726174945 
2 0.04401423968780117 29.23500134206455 0.07700000000000001 0.6125140679094927 0.03602857638115911 42.60359134428666 0.07001615770815514 3.1464566266659437 
2 0.05502518819811221 16.61732748212423 0.07200718133443826 2.4836056496886 0.084 0 0.0630034577455336 8.563121627810409 
4 0.07200000000000001 5.213806392573247 0.04001799455986686 64.61070894630714 0.057021763116414374 23.65235293431064 0.03502578673125574 80.46801877660864 
1 0.07300033206489658 1.0067940003475384 0.07800000000000001 0.22015916419678772 0.07100000000000001 1.4635385543884412 0.05101463964260579 9.498473300231193 
2 0.085 0 0.031016823409316593 45.506785984049685 0.07100228279743984 2.8870101076679475 0.04900776563909572 18.985668402029376 
3 0.04002881252195559 45.85165870612435 0.07100406516712887 4.101578859004787 0.044017462898858266 37.6273415549402 0.030038101877621973 70.50471245359826 
2 0.07700000000000001 0.9613706350772634 0.04304761058732174 28.982434906786484 0.0520052558309683 18.325558250081095 0.054004136245177255 15.890290071375851 
1 0.05600070358943557 8.985645847044697 0.06300086631726531 5.213171957910179 0.06697554399390711 3.392654631185683 0.03803042958531963 28.89211025800967 
1 0.084 0.2945324399814036 0.05397075556604931 9.60193767784947 0.07495673430157138 0.8520596017206543 0.08 0.057318903553237203 
3 0.059000004813496446 14.05309972713249 0.06500668550609003 8.45916025790497 0.05100295933829404 23.80471325664773 0.03503262891403992 52.82796152182979 
4 0.056993846396326604 23.32210773154699 0.06600912151948846 11.611852059924097 0.05095625324011239 35.51441821110916 0.04401941715600572 50.96888033827737 
4 0.04903117626565278 37.281365837358884 0.049013807951183624 36.562336717012464 0.082 0 0.04501264807478119 45.89031483922484 
1 0.031016279075952682 37.75439817660358 0.0570097304486064 9.485662958467627 0.038023429977416756 27.201775441607683 0.05500541080266078 11.258866651947713 
1 0.03201069990973403 36.724958226992236 0.05700070866542371 8.365651968190585 0.06200073623641905 5.924992590904267 0.047004244042592486 18.13248716433769 
4 0.05301086958536037 30.73514703991961 0.07500000000000001 3.078989058542483 0.07800099890235027 1.9577241842530375 0.04497414387118414 48.94879942695062 
4 0.04901249409870373 39.870502056317704 0.07401627626909565 3.5096609633077676 0.0530055927074783 30.15765218661885 0.06900115650746329 7.805817058089392 
1 0.06800031181294018 1.7943217374002622 0.083 0 0.03301088044587916 26.84541467288493 0.03201209100117122 28.35454949725084 
3 0.06502725511179222 8.92864850173903 0.081 1.0605014539465747 0.084 0 0.084 0.33807111170555526 
1 0.0640029147240648 5.750308315535376 0.07900000000000001 0.6277467712100213 0.034008216225536445 33.264072225146265 0.04200865618092958 22.173489919461566 
4 0.056001706914015334 25.478085279526198 0.07000129806081015 7.27484477647576 0.05302262006626819 30.52616550097967 0.06204080366628937 17.019421649404567 
3 0.04402506578071837 33.178236063742844 0.05101122671719582 22.052172592466764 0.04401131685160493 32.971100460637395 0.03203198683462358 57.547444524062676 
1 0.04103645889682418 18.628377679659884 0.06300087831788308 3.999957800890308 0.06696534868122116 2.9443657467711475 0.06200077661969431 4.597974991098465 
4 0.03203273365813977 80.5039029360286 0.04900991344033716 36.74017463036968 0.04501646742486362 45.24416866812883 0.03701966536234069 67.12598405654516 
2 0.05101175641540688 14.903719241365865 0.08000041946133857 0.051122048799023635 0.07600064827759109 0.9703475904290215 0.044012616563410316 20.61970000247105 
4 0.032035605956162186 74.85975368561031 0.08399151570351984 0 0.06100511533443734 15.350608746019077 0.05600843540999749 22.30743502141999 
2 0.07502544602341608 1.718823391738496 0.05601094076303835 15.1790261709881 0.03501752575961793 46.54418657868559 0.083 0 
2 0.04504180365106599 25.639758279808014 0.041012334004479706 30.91615235930351 0.048997661700245373 19.956464650878612 0.04900739128320988 19.863708545894145 
2 0.0390099461535407 31.89307788201642 0.03202511022359336 36.76279996050178 0.06500062493737596 5.776472720796623 0.08500371423767716 0 
4 0.06500084354280197 11.843074010667856 0.05800696663448396 22.722038311186026 0.06300452314191829 14.982569507064685 0.07500221251880432 3.094329564647728 
1 0.06500011545880496 4.637308387371279 0.04400675355384799 15.577839512171543 0.06000041667805436 6.390705559405204 0.07200029363809435 1.1500034011878881 
4 0.04901847863870064 32.93198265230807 0.0410198003806933 49.93877307262389 0.04301524255120387 45.22813980417962 0.04801289422884695 34.23081529646243 
2 0.04401400983363745 27.208963752196723 0.041010246527435526 31.817965716015333 0.07801555536603604 0.905417017651318 0.06500390837290737 5.461424990798175 
4 0.04996469730463297 37.9605976211936 0.05500968999259573 27.837190827669467 0.06900172024551005 8.162219854415813 0.05000509807185267 37.94194725257003 
2 0.051012947517045305 14.902988819323053 0.08200001798754543 0.22292829917628218 0.03202635850411502 40.13228961054321 0.04698145403595643 19.21117155539175 
4 0.06100955572841491 14.207651857026118 0.05101432145092839 30.161324361063844 0.052008301121423746 28.515633111478504 0.0710011359573466 5.116051217636539 
1 0.05700032027716325 6.213469053033513 0.05900024113853217 4.875819713304638 0.043003261865729246 13.194386974374606 0.069 1.4097701025225968 
3 0.055023764725399854 17.571329612318987 0.037027761050801536 53.510826372755986 0.06802015150545687 7.1998787383248075 0.085 0 
3 0.07301449165699747 2.8423711489232657 0.07200392730515577 3.735648929830486 0.030024854138618495 72.5668535948265 0.037023301722296495 53.714437420881836 
2 0.043012545684528274 27.06371684437477 0.06200466912604571 6.393612145181979 0.05300491031184432 13.311479425910399 0.07100110372010815 2.194632696820066 
1 0.07100107760265623 1.735107678185635 0.08000001211562618 0.3604200704689089 0.029957355923847642 38.073527067002104 0.06001079685595895 8.543003475964248 
3 0.08000001473377638 1.7859262326281393 0.055956211821529454 21.538883915848302 0.0479922968948222 33.25268259098431 0.07000078227991437 5.703126081493968 
3 0.06100666199880639 12.69348038380481 0.08000067648093309 0.38286055486925535 0.04102437804186709 35.76353389068396 0.05500276484563433 16.12238205175754 
4 0.05800854501677434 22.268301862754523 0.03302830688447239 85.03608805855211 0.05100328749945369 34.650024624654506 0.043020120572192594 53.88634203578715 
2 0.084 0 0.03697382210299012 38.797269119667845 0.03101519912774843 51.56563147672893 0.051996593366846366 17.451518516528992 
2 0.06300477083815469 6.479972906640898 0.04800568848480265 18.35615184220515 0.07300069839758679 1.5083335536319766 0.07800000000000001 0.8346386692287521 
3 0.08100134582738094 0.6647176397283651 0.05102174065073704 25.039045166235418 0.035034909982661996 56.82261662808805 0.054002506727774936 21.289335484580224 
3 0.07900224237262116 0.7773577971337746 0.07600092786741093 1.9581881051678467 0.046005530280659734 34.00567021539085 0.07600000000000001 2.2677212502553785 
1 0.04400500295890108 18.049766495228383 0.04100577425484394 19.87931489200267 0.04000989221318068 20.59453492860943 0.07100065079609519 1.2504644755093404 
2 0.081 0 0.07900000000000001 0.6297645837955714 0.06800021625520455 2.852598095238526 0.05300172918834174 12.646223949166208 
1 0.042021450961827994 21.14320498642319 0.04001046832300298 22.308069586337464 0.054004329295263 10.326087750869782 0.05400382447722807 10.1259400096843 
2 0.05301924064212409 17.15914533410328 0.081 0.9988035986975429 0.05700357854427811 13.612213446652145 0.05700504156089485 13.324117157594538 
1 0.03301139340500764 20.43559931545219 0.0740096669954704 0.5737068978364035 0.058000872446611784 3.883347247119796 0.057003520722057915 4.74245830981151 
3 0.03002536061906838 66.60125448284889 0.051021086458646385 23.71406764050343 0.07499298803763836 2.394704342785437 0.07000103594493055 4.846913320421514 
2 0.07800187274355566 0.6089718554114605 0.07900000000000001 0.9576897877816456 0.050018911333351034 19.66521945126467 0.03701401294292406 40.15959888670375 
3 0.07001779896118042 4.269595371979943 0.07500062249483737 2.1789956703474513 0.05400147857422918 20.57283751258744 0.04301492710064366 36.70682765232758 
4 0.05600108943568121 25.349297682064233 0.05101356803787853 34.35272267390816 0.03195817229524711 87.12070202872377 0.067 9.625699507130346 
4 0.07900386803510599 1.8331817528174192 0.07800109146419108 1.6442313670128237 0.031030949677295888 76.18082501577013 0.054002022220227174 23.680950407626707 
4 0.07100414751221545 5.349669224002353 0.07400135491177798 3.396708634462733 0.07200770092537963 4.856200792082972 0.0790006741468057 1.587932493736768 
2 0.060000721350896805 9.804047883009124 0.06200073499563063 8.484310661973328 0.04201823327515221 28.69579446683613 0.0840083860629402 0.5332362357774456 
1 0.034012356202334004 25.111848922233005 0.07 1.2391297066951843 0.05400052099297893 8.23428686186376 0.07300046407455149 0.8277288746057759 
2 0.03800343077024912 28.137923129102774 0.083 0.4543321652930577 0.052001352145561314 14.678969677133175 0.03602053031138305 32.25128082104615 
2 0.03701896841696406 35.894371241617996 0.047005313295474055 21.079633893259743 0.047007807273736345 21.156985201995624 0.05300529520416272 14.547078606061604 
4 0.038023920726574394 68.45645203102657 0.03301028509359208 80.96652741074604 0.05400055276568569 29.36278276630202 0.06301174911897116 15.033387906733811 
2 0.044996750937210644 28.531436098113865 0.06700058831280788 6.1016934871970765 0.07998442185174487 0.9077348560806481 0.081 0.5593821340536874 
2 0.082 0 0.05001810319440905 17.305805094089884 0.07700048503042677 1.0027186542004323 0.039976639450788 28.57130319894378 
2 0.08 0.2848271048951049 0.082 0.04435868692633526 0.06700048795945977 5.236588622875347 0.08200001921602708 0.49773976494885197 
3 0.06600645141426237 8.370229518660702 0.08300296598527784 0.8924066634365448 0.034035469600576546 54.21571744790525 0.04302002829849264 36.16586185721143 
4 0.05301207055956918 26.265934004259126 0.05201236148976853 27.874806093638835 0.06300480033890427 12.972773674888948 0.07300042818111599 3.3724516942064566 
3 0.0690004760073285 5.714646694933407 0.030024656162700822 71.64944307232497 0.06800517310923204 7.058383659085129 0.03602636435021925 56.64462839419593 
1 0.07700000000000001 1.056841885988145 0.04900288655933503 13.533452718989594 0.0640046351709021 5.117200834578453 0.084 0 
1 0.03601723401680097 17.007891546439318 0.053023784734269816 6.262071441393559 0.056000843581773686 5.409392598406689 0.05200134794294042 7.3319362413757405 
4 0.0650011871778593 12.329268222202444 0.07300293257653342 4.1422713471288795 0.030984361409719163 92.09524109297571 0.05102635262601021 35.345181001613646 
1 0.03301787044422197 32.8718672833473 0.030012374281996268 37.77817185237677 0.07395286683006094 0.8313966723962137 0.05200097618087509 12.228358553008466 
3 0.07502554327611011 1.9251303811026195 0.0770002901557167 1.5729455004837853 0.04997085315034765 25.045021147676653 0.05400706815344958 19.336498916213337 
4 0.057009178542429165 20.071740682660018 0.08000015658985109 1.8655490914752324 0.05002754934660628 31.910982193102 0.04901465239594361 33.53843909536171 
2 0.06001246916052689 7.453334371694373 0.03701157811212877 34.823603678294816 0.07100337587771709 2.3993570979992964 0.06000527651527257 9.65783030790789 
4 0.06900429501264421 7.272098233912159 0.07900000000006681 1.1837389727362453 0.08300000031913328 1.3661292841156423 0.07100068534290617 5.698565670208559 
4 0.038023096001257 67.68508143254253 0.03104086647545981 92.60819009703984 0.08100468598613177 0.6864180358894948 0.0810002542289438 1.6201116797338602 
4 0.085 0 0.0350266828215306 65.48846869756973 0.05500753010720641 22.301160126396233 0.07800063788116754 1.6191432005224726 
3 0.04500807953869957 32.92159909486532 0.059005208228637036 14.441459531074878 0.05900534868903096 14.419856124556464 0.05195608249655044 23.03078138080779 
1 0.03200749606858318 23.93857781084995 0.038007370915747796 17.527659596631658 0.07300017041328224 0.9989278557724347 0.07500000000000001 0.5723235387376691 
3 0.06100755768547932 12.836834885883041 0.049008621761920924 27.40532789901551 0.07700000000000001 1.6203280788450483 0.03701747587302119 50.87998362760604 
2 0.05600097314051314 13.187188730938121 0.04001184203846721 33.34714531355487 0.083 0 0.03203057003270758 48.52441120476361 
4 0.03203838722676561 77.19447895913947 0.0470037058322586 37.95819357283875 0.08400540305801918 0.08701461724629779 0.04402378910460353 43.80506707230822 
4 0.0780049647392437 2.19980094518494 0.04201582477952302 51.504208843739235 0.06401454590646286 11.841929895359016 0.08100976118917082 0.35658013600467076 
1 0.034013185748060754 25.779539918417083 0.048001134370942895 12.516043505053627 0.08403317799182436 0 0.06500957648750502 3.693334532347307 
3 0.06000000521620415 13.71649994396094 0.0300069398560419 66.03103604389342 0.07300000000000001 2.6376078733560115 0.046006106921955184 31.09133845323881 
3 0.08300411002107085 0 0.058013180779818985 16.387779961553 0.04300791944043428 41.255040508874 0.04001693011655214 48.44316738535953 
4 0.06600823765706232 8.690741125077267 0.049023288297414654 34.005017756345666 0.06800158523356992 8.086503140757264 0.07200085417476816 4.352847910953667 
1 0.032018921176553874 35.78413573661984 0.07300039621910939 1.5323462601766489 0.083 0 0.030017743846180098 41.6132274487626 
4 0.0500123035136875 35.35172942511419 0.05500858462540629 25.703510030426006 0.04502075699120488 47.01423209038366 0.06000415722833903 18.817499472347517 
3 0.06703848472782048 8.071028264597398 0.05401154574322099 23.747864306595105 0.07700095472732674 1.6419098063008901 0.07400000000000001 2.801790312027678 
2 0.06600482031192531 4.6272886459192915 0.07800054002577146 1.0387271885799474 0.07600063363137542 1.3290027890603118 0.06600263090919879 4.917082914881081 
4 0.07700151570894748 2.1860711072389094 0.03600966011631375 70.07123781907663 0.03202654787370643 82.71780585717144 0.0430143951593284 50.767055533830145 
1 0.062000000000000006 4.49521766557681 0.08504393920119097 0 0.05902805806679381 7.391713283441161 0.05599602250184037 10.202303954299218 
1 0.058002777287063954 4.515009969011886 0.04197065173312576 13.276146750263162 0.085 0 0.06300994065794113 2.702519738421209 
3 0.045013352048040293 30.798095916915862 0.04501140670249921 31.27272161081555 0.04501158314774973 30.877534959798147 0.06601887105733559 7.018352162347521 
2 0.05502480325445659 18.365065240324338 0.031039353646613074 55.53478379674683 0.0670184806556184 5.246554569412343 0.05900416793621407 11.949752512124782 
3 0.046018911157800824 37.28682404670076 0.05303438194911235 24.095716669562975 0.049011299703358706 31.051163425520237 0.03102623396817611 74.40233516911587 
1 0.05800030569265686 9.504412736326712 0.051002311122454014 12.47844498036313 0.03801557918229815 26.473856209207277 0.059012340449614266 9.043442387333519 
1 0.084 0 0.056001001463539826 4.528615388788095 0.07700000000000001 0.4488447651317618 0.030007827439290313 26.316447646189385 
4 0.07200000000000001 5.521822530412946 0.06795314907816769 9.674202042478994 0.08500379879471316 0.6752606491511212 0.046989622861206996 44.54784569380401 
4 0.07401176957967437 3.1536687382928696 0.03502461391618639 68.24814910984219 0.035025277092522025 67.59634408795307 0.04002164763163808 53.80944250969752 
1 0.04300599164725906 13.234151295864619 0.04400230450107509 13.03410872000001 0.04900317016197886 10.029133958637022 0.06800017347630921 2.2341894341603608 
4 0.03203532240610571 88.2588203403487 0.037028831696944695 73.95576736856972 0.036030581374489626 77.2670517940883 0.07300000000000001 4.381499794736608 
2 0.05502471931844128 18.120279078226222 0.05700366196044568 13.91278095005686 0.0720027187225333 2.709257574057587 0.05200958317726308 18.167775653321105 
2 0.06600484007868089 4.605392114833462 0.06600170571069558 5.301406954087112 0.03401729808400954 42.09729882172077 0.07200000000000001 2.2420899695311394 
3 0.052004535471250855 22.2829884248818 0.03600873916753665 51.899097388695246 0.03904016232378341 45.007435578070925 0.06201251491890247 10.226792115083772 
4 0.08300415281026219 1.0044331445745591 0.05701284441721242 22.955969500445995 0.05800573439349149 21.194586653139094 0.060004637889724766 18.2279146516012 
3 0.039021373147585386 48.4140388267586 0.04202245571894251 41.29287773553999 0.07300000000000001 2.755612597904326 0.06000769393220552 13.323498553646154 
2 0.06200909466141297 6.717501572893392 0.08200446144897965 0.5779547646494424 0.05601756093562768 11.583500228568223 0.05800195420798614 10.616336897500629 
2 0.08100061476841089 1.0014143366188228 0.055000651451093244 14.079209937494243 0.051005651153991756 19.861959333603778 0.06300310356195894 7.827601200195527 
2 0.085 0 0.0410114881159768 34.61032219733292 0.05901752893904677 12.751951909678239 0.08200098026713346 1.0295317493744613 
3 0.06001966894713324 14.733296212819312 0.03203971384980488 67.81505647995868 0.060000053738784385 15.331379742313406 0.07300012972321653 2.965991670875586 
4 0.043038566356919716 57.510721465431224 0.07400949770210079 3.5478620516884343 0.04102744537686862 61.1468740811193 0.05400794394983607 29.4235700690248 
1 0.05600342614574066 9.212446033605584 0.04200385767555992 19.64589947906983 0.07600000000000001 1.071552569410025 0.049022880026791615 12.755726268735394 
3 0.07502550215132942 1.6933015175711468 0.06700469807620896 6.2897879827714425 0.0760002380095394 1.6166504552469956 0.04204375529665193 37.428152208503825 
2 0.04301633543533846 30.170746048548047 0.03501827156987079 46.95292423770417 0.06400820523724168 7.2694183908811265 0.04501136836012635 28.846610127997845 
4 0.0580065556991688 20.638807361214887 0.034009704559865905 79.61160361144269 0.06100008078420784 16.93057881662327 0.03703985061007534 69.65411519062873 
3 0.061008612184481344 12.38125694553308 0.05101217766850979 27.740860893738077 0.030030072625334484 73.31712259356465 0.030027202198748534 84.93167423538954 
3 0.03202303029115233 71.41794622395241 0.04703101517598954 34.66592460859655 0.054010306242047536 22.593568196333116 0.03102062744766465 74.90119098768118 
4 0.033028184006801645 81.5677150997907 0.07200097112196902 5.064186201073181 0.05500747241764827 26.5687361625683 0.036023877154190975 74.86180152328366 
1 0.07700000000000001 0.6913073306096719 0.07000074432774704 1.532024865592442 0.07400000000000001 1.13720695229038 0.0680006802069846 2.6027264715872134 
2 0.08100078034752527 1.0727104873648983 0.06700434220117543 5.241388158473944 0.07600018987278263 1.2800311745536772 0.06100098206906661 10.452535913917531 
1 0.07398201741736135 0.8145410363155154 0.04300976260491055 18.658099985672795 0.05100382397610441 12.583801290689369 0.06300190504068853 4.483265593687876 
1 0.058003885060796276 4.177026675542579 0.05300086640005828 6.171225227058322 0.049001878867468075 8.634748455077055 0.059000061265168435 3.95463973864116 
3 0.06000882874320671 15.687106911122424 0.07700560902146306 2.15164242873177 0.07300074530427585 3.2414232197862156 0.0720043542663137 4.024903390117633 
1 0.03002275438682593 37.145632146544735 0.06300060970100099 4.267248823724343 0.035012312103033044 29.05375428742688 0.044007025640204776 19.3903222356548 
3 0.060000000000000005 13.261857941512769 0.04601261932312765 31.435526524084928 0.038016068925434056 46.98844210677679 0.0440162273382526 34.99099182991007 
3 0.07100307465225535 5.118622213036966 0.05300599290394744 23.699944916044398 0.0790000453368768 1.7913132620743792 0.03702137695013602 56.476345692367374 
2 0.04201193247776822 33.64604232027639 0.05300668358728764 18.29246484481616 0.06100642442260395 10.62085222123919 0.039964679952313384 36.82648649949738 
2 0.081 0 0.047042919906041265 20.559025592555322 0.07400000000000001 1.2307178051561933 0.05500684940484292 11.22180053405254 
3 0.038011857716427136 47.46159399132028 0.05300540062297007 21.3965248594031 0.07800101569846932 1.6886000861601682 0.032033356613494504 60.72348874644721 
3 0.057004173787464404 13.761259912313736 0.06600339947920575 6.399938004348108 0.049002518086828296 24.650405078952602 0.04501107877384767 29.772576010510946 
3 0.04102417902327769 40.41088644373191 0.08300097357581297 0.8675071071612216 0.06900722902988235 4.61472031468055 0.07900000000000001 1.2635717992470312 
2 0.04401361034077369 22.10360305823307 0.03401524187834647 39.022261172794835 0.07800000000000001 0.6938043667912508 0.03402268025536603 38.519510020935016 
4 0.05201569583584513 26.939982779339466 0.085 0 0.06700456740139027 8.607657273827616 0.04301388003690616 45.514518988215656 
3 0.06402499570350285 9.728772473946925 0.030030385294147158 65.54286113642155 0.06202630632682579 10.667970616349761 0.06800422565701147 6.217677052458536 
1 0.04100431857436546 19.950323591130815 0.06400221579108445 4.4533998638149335 0.06400164940743193 4.098386480735469 0.07600012995830513 0.9703310786940925 
3 0.049049244146545656 28.12007464271922 0.07900004299807828 1.8193822176174559 0.046012282769944485 34.94390352761855 0.057006108739961564 17.92186063330147 
4 0.05800046858495661 17.635910893605324 0.05300984268816589 25.90823124724858 0.04002995940233751 52.232827929628165 0.05604741399244289 20.408466343765095 
4 0.02997483790125563 81.17810952441955 0.03502954803240636 65.63908579352614 0.03303519213554827 70.62920167373908 0.0760379255101424 2.4529004377919006 
4 0.07502584796107503 3.1676805408058257 0.061001399156465824 17.03859818254821 0.07800675115917624 2.42608621776649 0.06200821861513995 16.03053484348675 
2 0.07800000000000001 1.1377627478021637 0.05200111205777208 14.682044144566168 0.033989026999606 37.821821937147746 0.06700036255525217 2.9135198102661337 
3 0.0810010361959747 0.9511235450584659 0.03501555109737532 50.96043583415221 0.06900071692047932 5.386866010844308 0.05700353606783387 15.373612811454883 
3 0.033031241352443425 46.62927115233711 0.06700244094689012 6.27927594141971 0.08500048899956673 0.1924900203262266 0.036015003377614985 48.94793832133972 
1 0.084 0.29697026987788333 0.05201687512873779 11.518677967943411 0.057000784679895215 7.396651817688133 0.06900078722871936 2.5448855362090126 
2 0.05600026732524751 12.473447621988964 0.038009740487963406 32.347734599151664 0.05601813539992586 10.49490881276576 0.06899636930126773 2.806539731766152 
1 0.05703557125703459 6.213942430628213 0.08400047832946594 0 0.05600376686728021 8.014020801454745 0.0370116664047595 24.68392509053477 
2 0.084 0 0.07602089142288265 1.6143775969717058 0.06900115848303282 3.9314843388263325 0.0300203493012757 52.23610379452309 
1 0.07200000000000001 1.2232627100709723 0.03202332923165223 31.79173816820829 0.06800553950901445 2.03938586743178 0.085 0 
3 0.039028185203310944 52.06701718408705 0.06800757011668135 7.2265326096236135 0.039030579107885634 52.56884332916108 0.05900186236276917 16.18356101718827 
3 0.07403455388706306 2.018602388758085 0.03202409003285124 53.38321521018258 0.0410241005177852 37.85309709767568 0.05100599068563039 22.616266799023478 
2 0.04801751798631804 22.111522008601412 0.04400966549763064 28.151349524787086 0.056008576758109954 13.740589964392447 0.05700257081152935 12.822441843503507 
4 0.06500099386284897 11.684660400369077 0.07901595106619169 2.128875177958543 0.06900505462948303 8.306492246746469 0.06500158948111726 12.981700380735175 
3 0.04501535858182233 38.32095340498324 0.03901662193439416 53.77897910858914 0.03203213721102728 74.6849060653941 0.04300963269424106 43.95964382899677 
4 0.06300111399791179 13.081752161776105 0.05301255143012104 26.582499573428628 0.0620101690740507 13.835701312709574 0.07100261576048413 5.109116564757306 
4 0.040019792408260875 64.90257885614143 0.0670131773582418 10.731029295910304 0.07500153043554882 3.2823216924897016 0.05600847618887443 25.736658475341237 
1 0.0710242455284466 1.036497665424904 0.07400000000000001 0.9751272099192011 0.06600025899497272 2.188294939387819 0.05100098075944236 10.869715625978344 
2 0.037019499693317956 42.70071126629194 0.0360185447651228 45.457549114596226 0.051004911902607336 20.09131575275448 0.046010259916339835 27.723364526703968 
1 0.05700089496851405 5.417413276362767 0.06800393037780211 2.8355506128345604 0.05900067484990279 7.5031399954356255 0.04900635767843821 14.019049741019014 
4 0.07700108514999564 2.110829066914005 0.082 1.175889647404619 0.08000081643413365 0.9527285892787303 0.05102845268750301 30.509121915108373 
4 0.05300895879073332 29.20970093920042 0.07300030245387831 3.8890574209630895 0.08000058734887018 1.812748750466051 0.064 13.793990650243625 
4 0.0770010769586649 2.131274834688039 0.06601258084736797 9.941773800700332 0.04402107864247248 45.748753656880936 0.046013576758107654 41.133280969854695 
4 0.0300290898083327 79.11969677751759 0.0340222280351862 69.08018878292111 0.08400069464193731 0 0.07400076486434468 3.083938577672379 
4 0.07100350005974825 5.282977358078155 0.032958404498285146 71.31570561688957 0.041015221892812606 51.24175823538515 0.03702166189556724 61.08324320592677 
3 0.085 0 0.08100146050426602 0.5586360655416213 0.047038088052418076 26.49221944436792 0.041012675009470055 38.71074275286494 
2 0.047952254014054625 20.613126832310996 0.0560033122696021 11.85362933972711 0.06700562909671656 5.165929997608004 0.0639866718709738 6.65423176879805 
2 0.06800680398875791 3.7234114405955783 0.040007021647719965 25.95898538605981 0.03801249109570679 29.163488947350185 0.06100212048780836 6.355166620391284 
2 0.05300092662454524 15.191336711129715 0.06500355166545797 5.833748908149415 0.07500000000000001 1.2464797939691972 0.06500238526226407 5.736651512544091 
2 0.07900000000000001 0.9635515871893985 0.06800065333696341 3.451093857610805 0.04801591722858378 20.253330498152643 0.03202587260910664 42.41396051467133 
3 0.05704048918636932 15.462890530567437 0.0360200170359619 49.514411607302506 0.084 0 0.04897207699274678 25.20263433176721 
4 0.05300915246979682 30.009306806096863 0.04801625372258552 41.814850897113836 0.06900768223055334 8.245924652236527 0.0630018697615521 15.430827398483546 
1 0.08300402456627323 0.6016298629953479 0.048003227440084825 15.59665517010392 0.07200240585948744 1.846773155575879 0.055004220176016264 9.28958119267509 
2 0.08300406849809844 0 0.07502078111833126 1.6870387988876254 0.083 0 0.08100119754177289 0.38697614991513996 
4 0.03297286064131158 76.68556025491316 0.06500345328996007 11.636288178815313 0.07601391499198379 2.382860595089778 0.07295366542537755 3.5956971541494407 
3 0.06400013127376843 11.951534903226168 0.03603453026132744 60.88040547265252 0.07900106424643305 1.4467904258188833 0.0450237212189251 40.50299423970808 
1 0.05800026496495286 8.620975722790122 0.07200162642606041 1.610409909782349 0.0620030131381799 6.791248217671565 0.0830000421496094 0.2552554066256525 
4 0.0610099794762871 15.658991889741209 0.07400027097065047 3.2653855529278033 0.08100048299815937 1.5280223976370966 0.04103041703310464 54.57445264926987 
3 0.03702450470561208 58.06932200469015 0.03302204010075031 69.52146596081263 0.06997178072727438 5.91637289130327 0.0410111894350635 48.25929029375772 
1 0.07000351192044348 1.608773917524503 0.03301562763827871 31.019765735407262 0.08400004904744982 0 0.0750003047599789 1.1648698689137424 
3 0.06800021060092555 6.399631002718493 0.05196234714606798 22.25392501884708 0.07400116902368653 2.4497317254185154 0.05400993668962463 18.812900746291124 
3 0.07600000000000001 1.3783201283899191 0.058000998304257916 12.861535268826126 0.048011698009003984 25.269258714822705 0.06700336222352729 6.745029983509787 
2 0.07502541868763307 1.7083605069221561 0.04401035196019996 28.091871815205472 0.08100804330205844 0 0.07500043297011255 1.5895527808771188 
4 0.0370189397097887 73.72813544558345 0.0400239683798164 63.67129219569582 0.07604569721836424 2.8472023661886863 0.05500462115460765 27.636641640537597 
1 0.06302875290870724 3.978383237914092 0.034957145323401634 22.20304750492173 0.07600000000000001 0.2629253940799989 0.055987815974563426 5.32488082794932 
4 0.04602247397044925 37.98880546693893 0.043015746989668695 45.608243884896474 0.0830006666509331 0 0.08 1.3134215107307927 
3 0.05700007102225492 18.083956629322962 0.03703110714656967 58.24019145573526 0.05102737662609071 28.243092526698923 0.07600003517107036 2.261812288657776 
2 0.05600000539174217 13.471793285048907 0.084 0.30153277923541133 0.06300355728659322 8.779907813407714 0.04801127632156371 24.20387672353936 
2 0.037013126444641734 40.98496014988845 0.07600083690412593 1.6420756578839422 0.07800019746722128 0.9720043990053367 0.030019573096482052 53.32431480108054 
2 0.04199346077219657 33.445824574501195 0.04101500769870383 35.27312497961512 0.0749983898973247 1.9904733655991136 0.04800199399983044 24.18622923331383 
1 0.03102215540116711 30.792499128806984 0.08402997127981585 0.697484401507786 0.07700036007713426 0.5570223731440284 0.07000034244920901 1.4963982495073649 
2 0.04601089900646083 22.91132400774091 0.05200797897266136 16.951898052947914 0.08 1.0156214748622825 0.07900073484071636 0.6227485661856669 
4 0.03604026693364032 64.18381559413723 0.08500474388580884 0.7714990350829253 0.05295944246401563 26.437244933830975 0.03803074572439109 59.85331973273435 
1 0.07297145585384199 1.0775959418551997 0.06300167518520759 3.3228483792716244 0.04800159463539566 12.600341470409933 0.07800000000000001 0.4612518233288818 
4 0.07402045149860445 3.486770017173079 0.085 0.9408892279385032 0.042019203564329796 55.67141498113534 0.06901598619644546 7.448818683618695 
4 0.06301082126445548 12.980580454302162 0.055004199649683456 23.997074982083355 0.0750000001310428 2.5162848782521876 0.08000029050201618 1.7113238569066545 
3 0.04401431758459535 36.12186613803953 0.07500002913295593 1.8797238522182007 0.07000240136571462 4.618095777410148 0.04800807555019674 27.746403233325537 
1 0.04000203585118816 14.513034472432565 0.03001610424385051 24.694792099635567 0.06500478256912648 3.562252311117521 0.04300143856748749 12.321966199185717 
2 0.0450027699893536 25.341895667559356 0.03601050733116705 39.89837834025649 0.0380121903546652 36.61456307462823 0.06396472224752983 5.819087182749593 
4 0.049017390115320934 34.025860082300746 0.05301110932076116 26.818350789579885 0.061006395902459216 15.655093503661815 0.07600392154425097 2.229624800376096 
2 0.05000651565187127 14.813975743144056 0.06900040507646678 3.3075305767017706 0.06500046376120973 5.178620004776661 0.06600041616752214 4.733484626080969 
4 0.042018875009027276 51.88503079587254 0.038022678012627556 62.92796189443617 0.06100091708671017 15.476874504522886 0.04101487281575967 53.75766813932313 
3 0.047027865586346744 25.891598231578556 0.03801187258587045 43.826922185398345 0.084 0.10925795512596129 0.06500062260548117 8.109461252583696 
3 0.06100760841159053 12.769332188967551 0.06700492662432089 7.156817019961384 0.07900086887189166 0.7649238661534478 0.05400169833503269 20.29097505166744 
1 0.07000933965250566 1.5996442482318867 0.05200442482784972 8.228800853734555 0.07000021401741466 1.5686499130269684 0.042018831848805206 16.29039832395416 
4 0.05700795922591151 24.03276805866452 0.0480096030819928 42.148495399119184 0.05001217102697658 32.4907983970357 0.083 0 
1 0.0700035523140643 1.608856798551492 0.057004062437565756 9.403559966588173 0.0660027356700722 3.475685268619573 0.031010438287011777 33.026067335003646 
2 0.0330216068964712 39.95162309686312 0.03001504815504384 46.40097981695776 0.07700000000000001 0.6295836013542293 0.04000607588838714 28.479568816415117 
4 0.07400000000000001 3.604781370587251 0.05600725080734259 24.514423886544286 0.08200014730452716 2.150104973088814 0.05400522027891359 28.86702822407225 
2 0.07600000000000001 1.4424335164582287 0.06300399605418891 7.889436810344324 0.04200548802778929 31.779471753471476 0.05000845063169261 20.9690208079948 
3 0.0580006532387097 16.59423373959563 0.07600150374305908 1.9906175146155023 0.084 0.1537680162408863 0.07100121247135402 4.645543159214676 
3 0.06502410323053157 9.311171968709994 0.05698620970120056 19.56900853269137 0.0540076636707315 23.807001197097232 0.031026716379236915 75.14169111201855 
4 0.07700151785389554 2.1754818284262774 0.08000066155431838 1.7102811954871784 0.05598417814648226 23.38387623965736 0.05300936479227306 28.73564563793521 
1 0.06800004525234607 0.8718536371969144 0.04200983124656231 11.602915698716885 0.04900094730427687 7.8955040769175255 0.047004663208597065 9.338328869160282 
4 0.07200000000000001 5.271918065728941 0.06400882755260937 14.679255857730961 0.04501843557228595 51.17651228423999 0.03702271835424312 74.19033158654308 
2 0.08300405219554935 0.2723914366170441 0.05500497731740112 13.782240618582986 0.06100875526377612 8.65708801263665 0.07501514569924803 1.2551069376207131 
2 0.04700982905791704 23.944067167812733 0.06200574250357929 8.40577826419352 0.06800287629791192 4.745097082429641 0.07400066107184325 1.986386424728453 
3 0.07798075473899993 0.8342967886038053 0.030023701144894527 68.50076916659087 0.03402146090314362 48.47309898576841 0.05600384276449688 17.672457800470603 
3 0.05400088142531633 19.696067980166323 0.056004445221678995 15.777622301215576 0.059005641851344055 13.118786437091577 0.043011503326132496 35.37227868413378 
1 0.040999836047979916 22.9624943294263 0.083 0.25846292923498654 0.07200000000000001 1.3580707468820694 0.059003883170032204 8.801148824562738 
2 0.04400750131904678 29.305440948307368 0.05000553374822531 21.31172132206155 0.07800000000000001 0.5965118664484758 0.060007094290237296 10.36933214692624 
2 0.030015800663190137 54.30551150851528 0.05800805957005103 11.609721650211094 0.06600544218260089 5.763687980076337 0.06200182402557952 9.37791676953604 
4 0.051009212718261816 28.17614797990889 0.08100002110277195 2.023227986107846 0.06701588801233901 8.91846170122474 0.081000315278948 0.719911994515272 
3 0.06500004103344137 8.307320939585484 0.08000058804167166 0.450179572080544 0.06200728330814912 11.97452318031385 0.05400192981420725 20.613945269830424 
1 0.05100122874366364 8.043829379671008 0.07900000000000001 0 0.07800000000000001 0.05523431650794207 0.07600021739249797 0.32225267361390675 
2 0.03802715625753804 29.059346448222794 0.06100821439079355 5.948417506397594 0.056002890343722266 10.70459361623122 0.034982696596550095 32.66955281030876 
2 0.048008928563571474 20.757443902057833 0.08000406004699062 0.605368690081261 0.0730006147827911 1.688781710400061 0.06700556747133801 4.549627565676621 
2 0.060000598217476615 7.354110797325074 0.08300399679387692 0.3120569893946548 0.05401770130068246 11.915369292959754 0.07000014634331983 2.318618763499531 
4 0.03802565410646436 62.68669012083295 0.031041902209311134 85.53880713099046 0.082 1.5362900643600954 0.08200058384496203 0.9091014596055643 
2 0.0450021236257886 25.462567760223287 0.04800930375681025 21.273759575535145 0.054005025680389326 14.566238175713046 0.084 0 
3 0.0540079844203552 21.871915279417948 0.08402886573958734 0.26442456598505765 0.0710044712416224 3.970860074608101 0.04801144929625855 28.548815206463804 
4 0.07300087268913379 4.052360781408026 0.06695126181565081 10.792734569047438 0.04501918529109582 50.433243743748505 0.056014642945524405 25.902748811911046 
1 0.07900000000000001 0.32154238660675155 0.06500040164295179 2.514413934618952 0.068 1.8185695886483553 0.07 0.886076383403428 
2 0.04904514784083269 19.595196736519096 0.045009255038668046 24.626900087560784 0.06900000000000182 2.8197235794877167 0.05500411071731875 12.723221483551118 
4 0.04701406220548847 39.145164447868474 0.05301172447805648 26.949395762219197 0.042027749625524795 49.91235604755998 0.03802064031369907 61.086246447596906 
1 0.04800404219084094 7.296497887177916 0.08304795457374445 0 0.0520018934257975 8.357024693727563 0.03000885589737151 23.063563730857126 
2 0.07700000000000001 0.9646732764352128 0.031024416462745494 52.61103752726215 0.07903938872772368 0.8693912066130615 0.05400866371484455 16.54161492212117 
1 0.06900185000098233 2.226994435937613 0.053000331621086395 8.797917534589008 0.06000077047070633 5.509011009014354 0.084 0 
4 0.046014917090288085 46.62507406670396 0.031033521373666384 93.52172630012575 0.05102538853212484 35.59975012505761 0.05801740692440847 22.30235247311043 
2 0.05502493949368745 18.076602410540637 0.07500732033397521 1.7807506934218633 0.060001047213542345 10.982084840620608 0.041004510745880726 35.293105022908016 
2 0.034013528605834245 36.478668971669045 0.04900598061216069 17.508927913154285 0.05000387214918501 16.2366214094368 0.03700758633189473 32.82966242395733 
2 0.04399519164413116 29.20762156172296 0.07700000000000001 0.7740743631609913 0.07000118238056638 3.707950484398908 0.07900001008624098 1.0434475189041719 
4 0.08197255418648922 1.4947002172409536 0.059008492855563956 17.410506209600577 0.0790083927677113 2.0264724129391993 0.06800101380453868 7.850277188161325 
1 0.07200000000000001 1.3017293494859359 0.07500000000000001 0.6296529400558017 0.048001212042704626 10.185422167878341 0.084 0 
4 0.0830041629566067 1.423934187513707 0.06601557014315551 12.075084556179732 0.046021901738094 47.33269145189671 0.08300068491993298 0 
3 0.05600807859603384 18.884423472613687 0.057004211961763446 17.948108840163734 0.07600033901791443 1.9013589823016948 0.07000156251122466 5.223812569293608 
3 0.04002133567760094 43.32066817418725 0.05801537794439787 15.710659208131293 0.037023378256756445 50.35361559107169 0.06700752004391282 7.054948444076116 
4 0.06600861046316746 9.365910830884832 0.07900000000445372 1.0728217875771264 0.05002672754331694 33.00160877207941 0.041016970520034265 54.900746679230025 
3 0.05001126033644825 24.188385942479403 0.03301982886986546 57.90896510222224 0.04301295505270023 36.28493106166806 0.03801725712603349 46.38370133477477 
4 0.07502589628119166 3.272850105821485 0.06400909670653215 14.174680235218883 0.04402415087585745 52.9068565593238 0.06301203526042372 15.409907039756629 
1 0.030012701012551338 28.964324254745254 0.05400058543932849 6.220063930727154 0.039965693789635236 17.603499706791172 0.0430070172921025 15.455492537717074 
1 0.06800330466908674 2.854313418126502 0.07700000207152828 0.9881832784387445 0.03702374361403214 30.189108264980995 0.082 0.4985733341611636 
2 0.06600465173215339 5.2627409227767625 0.0699513880227894 2.836001309001849 0.05400426150894752 14.264509879602866 0.06500619335227349 6.516566273099748 
1 0.0450417166109378 12.639586133438279 0.061000000000000006 2.5529579632379793 0.07500014064415694 0.41955574782688854 0.08 0 
3 0.06400014543474151 12.029786674535996 0.049017913936700463 32.68407600803799 0.03701910116735685 59.25919161347834 0.06600082291700615 9.763692095249352 
3 0.08198582594040892 1.2541723304365497 0.07900076964299559 1.3258813988306362 0.083 0.5780354084998404 0.06900196359283915 5.897667408983084 
1 0.030015006326882254 19.15860387926865 0.033008685707663604 19.263176427510555 0.042006466859226 12.776871884230626 0.06400018910531013 3.170691350724744 
4 0.055037121887875115 28.0210647863411 0.06800103063238785 8.991650562622851 0.085 1.1457684523916116 0.050006421547571865 36.19212303254643 
2 0.06900075212240721 5.084065187471211 0.05900638149777153 13.339360875906218 0.04000984521113061 38.8736220136698 0.069 5.351030168756388 
3 0.038020528388852344 52.32220545313472 0.05202329485298643 25.316762838461337 0.07900000000000001 1.0703328918968094 0.04004011787947972 49.77743198110788 
1 0.07502492508530909 1.3328457404978196 0.05799927387417173 9.643223725498096 0.03301773251470161 34.741182586940994 0.051005071509404365 14.625899482501987 
1 0.067 3.093110421025216 0.084 0 0.05402359669391206 8.410530716153401 0.03001430530342343 27.54360039194821 
4 0.06903582448288863 8.348630230012454 0.031040097814437992 93.50006301509954 0.07300019732174541 4.2975865772365065 0.056976050818911904 23.860609056768677 
2 0.05000698866791433 18.154034917862173 0.04100769896737865 28.671544969346446 0.04901071754131154 18.649844576359364 0.041988116569093355 27.931804567455316 
1 0.05700031222091517 5.5732248033057985 0.07400016374731126 1.1088817902945058 0.04101033637243257 17.06723800436172 0.06502566538160659 2.722393103895528 
2 0.082 0.46411167231172984 0.05700502290488184 11.183681558441085 0.06900553241591027 4.1581572374008395 0.053007075227462105 15.179639620203401 
1 0.07200000000000001 1.3828475981048918 0.07100255308718033 0.9527981816022656 0.049001025209999396 8.859043388877971 0.03800348721668024 17.619516834462207 
1 0.04000826768760503 20.856453036231137 0.068 3.5606249444696814 0.043001538521086714 18.12605412433467 0.041008938806315995 18.953224899625898 
4 0.085 1.2988511759455332 0.055009497147541046 26.985995956342773 0.0420256593678095 57.7620435784184 0.07900125040774877 2.271662509644068 
2 0.08 1.2092293969113306 0.062005454466468685 9.175816025366235 0.06500131616475047 7.410209987938551 0.07798818093633988 1.0333366227719079 
3 0.060000012306544344 13.788735678884649 0.07700384101264782 1.6712517946582452 0.03902616678508354 46.01619246110004 0.06796712466036661 6.485170804540795 
4 0.04501520863500591 42.192654618085136 0.039018947751944866 56.302169518276166 0.08503090484682466 0.9856063500131063 0.055001973125339595 22.192580889914492 
4 0.0710045288791201 5.792039942633993 0.07100214520858814 6.192671668866939 0.050004855544808935 37.90792374067076 0.07800038179530466 2.9639443538536927 
3 0.07200000000000001 3.491846407292601 0.07800052893679486 1.1931834073935612 0.04202820461336029 39.11753386332718 0.05100983169018717 23.987066583234853 
1 0.030013241514372443 31.675464936829822 0.03601180704015884 23.64572483067786 0.05300192744890774 10.386843549121398 0.06598934791708902 3.875243884076034 
4 0.05600521738231806 25.165773684053818 0.07500161670310704 3.18240703139666 0.0830000301086892 1.023477305518038 0.07100059257915481 6.026599957210095 
2 0.07700247577687529 1.5914877572707133 0.0420078565858521 34.23707364894763 0.06200070300353736 8.40983610184824 0.0550033970537057 16.852424816538434 
1 0.031040527629139822 19.119017386742218 0.031007124160989566 32.2299696592432 0.05700087221440301 7.6156989798453925 0.05700282062961939 6.741583581651575 
3 0.033040037055881 72.00640877763173 0.03501961501032104 58.54902449854782 0.07804030551139514 1.3141162780948195 0.04902084649688232 29.999823282027066 
2 0.04101089134137362 31.060218266081407 0.06500022681605497 7.488576850169675 0.084 0.049614022004609064 0.0600046941957033 9.636186590126904 
2 0.03701300239868818 31.762965516253733 0.079027444346606 0.2166745001580811 0.06300116994824057 7.159085978631284 0.039028386902202734 29.831689532144708 
1 0.08 0.3870499418967718 0.0470417942545898 8.320321457725269 0.08300535365277943 0 0.081 0 
3 0.0830041050761396 0 0.084 0 0.045046879788689355 37.165838361636524 0.07402060791617013 2.5541194382529406 
1 0.065000275113869 5.550448011301342 0.07400000126829394 1.2256202462972208 0.04003734946763788 26.85512210463012 0.03302072360644147 34.95794056788957 
2 0.06200066925108309 7.180331860181971 0.03597552853440755 35.1469544915169 0.07600000000000001 1.2581843249396651 0.07000071923440089 2.7482293462612613 
3 0.04398844754599352 35.59354787351513 0.07801566880983749 1.4348841086890105 0.041013523498093014 42.40173332155305 0.03501893823890943 56.916226036694 
3 0.08300410074818429 0 0.06300457914278404 11.140185147461954 0.06100644461160798 12.973192658363677 0.055004929247068506 34.32323991344182 
4 0.056000834080920665 22.127922287152344 0.048010787061821554 36.85175060378957 0.06800071188875978 8.63738965956368 0.0380249504268491 61.064694319583566 
2 0.030018405715478494 48.364828944102044 0.07600099799215693 1.3149393490997447 0.07600048701652616 1.2539938893546065 0.04902238534213972 20.320397408343123 
2 0.047955911509609706 22.40252151400362 0.07500000000000001 1.845062042656337 0.06800140217512327 5.365561294157402 0.04501168461294245 29.33968078953238 
4 0.06500121231829664 12.072418222002714 0.037040590135647825 73.00667785712189 0.048011642141137026 42.45239712622412 0.046019513920330844 47.17543268540434 
1 0.07000039823607074 1.5230814833859396 0.04501015309662191 16.869494595727655 0.07400000000000001 0.8985012062507644 0.04700126719190669 13.288675641595066 
3 0.08100092598652373 1.0242284688486736 0.083 0.47990604203892967 0.03003174857140098 60.141691231471 0.051978116475751256 19.43963888702677 
4 0.06800002179824244 8.854021132915985 0.07000117593393604 6.986603666193188 0.055013868913557376 26.330504392497854 0.0390132490136364 65.19167339317885 
2 0.06500000139524101 7.698929610822946 0.08400088335138318 0.36422139375812007 0.03401936973514012 38.76892805751228 0.06700081257722645 6.660942698241417 
2 0.069000906773593 3.1062082693362836 0.036025095729826775 35.77558946788 0.03801057491198026 33.39602952437753 0.03801237454237793 33.13603766505828 
4 0.085 0.5504571765889097 0.02996186447307088 86.8924576794997 0.05301524156377719 27.49251636895019 0.058006174969640556 19.49044998238683 
3 0.07100332119954542 5.490130089461008 0.07900053653413808 1.0950383848002314 0.052014048984601956 27.081991479806863 0.04301199576818346 44.599625387527475 
1 0.06200051662824472 4.756466341363947 0.03802613156583057 18.62983992544866 0.085 0 0.07900000000000001 0.0654763358477691 
1 0.06099089912038415 7.212454933113589 0.07200537129678805 1.3423216094285033 0.039005432412781676 22.680691829483486 0.043005272697003986 18.769882501998275 
2 0.06400932598861078 7.752019179101147 0.05600789048704098 15.016731321626319 0.06100126714460289 10.399449411568707 0.0730013423394501 2.2352800986987904 
4 0.04202144207303655 53.94038255616745 0.05801680072518211 20.85976183161634 0.04101684713953476 55.739749398928346 0.042017753031043464 53.712257365622534 
2 0.085 0 0.054007309505334444 16.55211269450376 0.057006007168724206 13.593013004694377 0.06400126718848463 7.973529733953708 
1 0.057004790582788754 4.138439697282826 0.05200112596622888 7.002830024718545 0.0440015467793682 11.505513585844582 0.07600000000000001 0.4651795685366271 
1 0.07699571371607579 0.07787472976034798 0.082 0 0.055003750059779276 6.600861131560794 0.07400014153239558 0.7917544736834553 
2 0.053006238506875025 16.005990738248215 0.04001412725174235 33.589162548623804 0.08202985023170972 0 0.060002752457512465 10.761516693280857 
4 0.03902125876954701 64.6307228308331 0.03902393730787627 63.477611956583615 0.03702789039570456 70.75233498459676 0.0710004445846289 6.097840049593444 
2 0.05300525234453839 11.66049650533191 0.03101652321064194 38.18462805694355 0.07100000000000001 2.307932990768487 0.042037137909736524 25.36194488267998 
1 0.07698933212791623 0.06622330198725694 0.05400058697828795 7.401685486380179 0.05200447364716359 7.58857187900308 0.07600003413386311 0.7103760528594196 
2 0.03502496362220618 39.20769277246327 0.07000492056098041 3.5865183157909417 0.037019383440619974 35.350267358448846 0.0330179748534722 42.99404146196249 
2 0.040005598839830465 34.18463977975275 0.07800000000000001 0.5123280494202399 0.085 0 0.06700584424238482 5.315883317722744 
2 0.05900104835927657 9.058554151016349 0.05700525975316758 12.352616348524943 0.07600070353300376 1.5319025982944818 0.03800759297294116 37.07445040017161 
4 0.048018682384324655 40.11373148358246 0.03401776489920964 80.31394162749869 0.062002466804510804 15.82260350652307 0.04003447527680279 61.37515037237547 
1 0.054000000000000006 7.9059917958645745 0.069 1.4443015493478066 0.03600842917221077 20.18299756753507 0.05900055324829796 6.084236831682476 
4 0.07600000000000001 3.1534050801875932 0.04001866533208963 64.30088065039021 0.0390270677007118 68.0069560410864 0.06200160289551851 16.50131177045639 
3 0.04700840858508495 28.688025617296326 0.07100000000860168 4.188633024358466 0.06500108653917352 7.87005519587537 0.0370244781303703 46.943095797091935 
4 0.07900523735714449 1.969520336027372 0.06800119994954093 8.227309504988664 0.05800985618433186 20.178607612776144 0.07900058424378438 1.894596759247732 
3 0.04500280593398064 30.709713979419206 0.08400037585042641 0.7476562194959332 0.08100071160577688 0.47092938051161026 0.07200104001506089 2.9081818990363946 
4 0.0690222503198503 6.999062318255407 0.06498433437988246 11.334582913953568 0.05101532082297337 30.775324231953075 0.06800104846991825 8.286956344057582 
4 0.04201963022054288 52.79564629936706 0.033028582642349036 79.8997446930521 0.06100325151725255 16.20267791324793 0.0730036209981038 3.7115734476083055 
4 0.05401713850866647 24.802469519180754 0.034044387804588655 69.74032682743017 0.03802277621010639 58.633121568666624 0.045016863971632674 41.63255895244033 
1 0.05200088689843349 5.409828244652729 0.059000000000000004 5.086184919431946 0.08000140489711724 0.22766511012620055 0.061000547096615336 5.253284402064217 
4 0.06700739341979738 10.25058879981789 0.043013560156051844 54.76737545757262 0.06700125287573272 9.871387411757658 0.0400207364946381 62.951370464149065 
3 0.053963972642192486 21.735516353780973 0.084 0.49746619626448485 0.08400018693220027 0.42986584746324163 0.05204161258452226 24.522741095362687 
3 0.08300410841613265 0 0.03502084913126187 58.60652054350348 0.08400132939244255 0 0.05203342339169121 24.848068383174443 
1 0.06600381217868245 5.84476820220582 0.07800015722207973 0.6626932540293635 0.05400701074559608 10.484797518617917 0.0800001647877829 0.20079895329549932 
4 0.08300415110050333 0.9969202507034277 0.06195000364212521 15.004632499825913 0.0720006430425259 4.898058628724256 0.051003288322649214 33.719979577685024 
4 0.07400099365815273 3.450279600481481 0.06000162776166665 17.78942723120629 0.05001621850635039 35.07074973335972 0.07901348259571332 2.2043410914332324 
1 0.07397458415321147 0.8334873602588694 0.07200052638103688 1.3726097881297175 0.06000066018143609 7.230728512152133 0.05100451051412679 12.035874702125378 
2 0.030017281382564973 49.80530638457167 0.03201452598332906 51.14017159906738 0.066 6.619264781381624 0.06200159524876197 8.201077734468388 
4 0.03203202068953709 79.8780549797014 0.052004622320263406 30.562458844432502 0.04401968612275447 47.70398203302783 0.08 0.7280125252282721 
3 0.03402390491521522 64.51633723241547 0.07400731873429757 2.662959812738548 0.07500055809572054 2.4699491314068034 0.06100734551206015 13.789668914140472 
1 0.04095330732198213 15.21690956135445 0.083 0.09103200551342373 0.03700465500609312 21.709035125662584 0.05000059893256601 10.282650116182195 
1 0.06600185748274559 1.7858401303208162 0.05700058325235062 6.77238283587711 0.07702091739854908 0.6800235092078735 0.0350103533884263 23.151851125266962 
4 0.041023369630107984 59.01764978001924 0.07600046514602879 2.832202229593217 0.07198841638797553 4.966386544224283 0.057010410419293216 22.9560743740609 
3 0.0700067612825712 3.7333879361706788 0.05500494514518231 18.2391604839086 0.07395133045653277 2.0788222684671123 0.05600173171900637 16.418733411057094 
4 0.08300414314597615 0.7124458242003212 0.05001933478510044 34.137842967033 0.05800973651541309 20.98566458092803 0.06604803989694649 10.59709508399976 
4 0.04102092546216999 54.84838671669917 0.0740107877012002 3.1600193927158 0.03503285275486012 71.26654481676219 0.038024192769984824 62.77478866909926 
4 0.05900036113902973 17.175459020198733 0.0600036760497463 16.35460255318845 0.031033721556820645 81.21249356511758 0.054015362646813586 25.36420478227423 
3 0.07400864551579124 2.322075418321467 0.07900033098059192 1.3131998577921862 0.050017109289008696 26.495983022463882 0.06800600436067797 6.835732511876248 
3 0.06402481770195795 9.827624170003759 0.05600590949651412 17.955215914745118 0.06100269274919137 12.296598431368347 0.05300286278849247 21.703323753196578 
3 0.07901886649866464 1.5582555188839415 0.055025161849902235 18.128490772006245 0.07300173493927734 2.6947699728283756 0.06500826409746423 8.250027663590968 
3 0.06700481504502706 7.724227262413226 0.05201077970762995 23.572482598515688 0.032972195286498224 62.105822670404606 0.06501837383912565 9.514158024190104 
3 0.085 0 0.04401214602294197 40.88444653523517 0.07401935467384953 2.8647819660361917 0.04502895446682399 39.79353487856737 
3 0.04598388325136561 38.18553464861978 0.082 1.9110648094183387 0.03203079987085769 72.48404892601681 0.07600000000000001 2.4156647569561343 
1 0.06000381918734352 5.401872294525296 0.0800034747314484 0 0.04100837285392647 13.18839312917312 0.035005605518965255 19.986384149395132 
3 0.07100280611597623 4.442761233912529 0.04300872521920465 38.82393348369207 0.08197914933050787 0 0.060000639403875254 14.768914658624631 
4 0.06898461806527467 7.276884871131637 0.076000850562433 2.5240142840343136 0.061023449546565044 15.288026084597718 0.052009070331224344 29.06441560653918 
4 0.07800571338094296 2.4724799179026355 0.06600155352273487 10.94775812997028 0.07600024588661215 2.78769230681781 0.04901122590516698 37.571445869930606 
3 0.04002394191432359 42.702525593303335 0.0420126305503456 38.23324517890652 0.04201416046117897 38.3701251653319 0.035017920014904266 54.3330035691894 
2 0.082 0 0.0780006982726689 0.5873556139290259 0.030020333239720004 43.161637050070034 0.06300100594022548 5.838202269809115 
3 0.05097689423199555 24.196896606408227 0.07100000000940301 4.240811511515627 0.07200067585786651 3.392791310396195 0.04997982755103061 26.571842265407952 
2 0.08 0.22275823461071448 0.05000294657542023 16.021142783983258 0.05000593377254598 17.23807648464797 0.030035362869459098 47.65312016261694 
2 0.060997648675833974 5.711849368246922 0.0739813731162596 1.234789710423288 0.081 0.19009491861356384 0.06401029429149831 6.942771924606104 
4 0.06303518123950959 14.845888235279693 0.08200096175775115 0.8571361097311758 0.04802738094978015 39.261190606366995 0.050010973420889296 34.57161864903257 
4 0.041034129367973494 60.791607549663254 0.036029694467424794 76.18148281241061 0.03203118162623109 90.45122515658647 0.083 0.5547513192857225 
2 0.07800096955845982 1.0331857999688592 0.03401437476981094 42.5885420817449 0.03002188347620839 50.69234962098376 0.05800111728623182 12.173583130120466 
3 0.06300059602352112 12.678464956336416 0.08001770083639063 0.6129807767055611 0.07000348600236717 5.561002582795158 0.04401564424791329 42.57207496672717 
2 0.03301622823283237 50.46839255469818 0.033018963013889055 50.42188526955546 0.04301114881417405 31.955510082724444 0.051007806666077266 20.538638752612457 
4 0.03497233637495038 78.41515845679552 0.03203403350967855 61.714077511279996 0.07001035308064542 7.267359635752461 0.056012393277511265 26.000296703837844 
2 0.030026383731668035 56.31073161093883 0.08300030605432726 0.0982604951797058 0.05900439202148223 11.851915738569318 0.03701473725914024 41.515922980090195 
4 0.03802154088100766 67.07312880207274 0.03402579146138296 79.78212849220562 0.05000728465048791 35.665179917344794 0.03302808599162971 80.74906478504218 
4 0.03202680782801533 83.10152225475225 0.04800668613539683 35.198399494586965 0.081 0.22283793766899643 0.07200068397762932 4.119977663605343 
3 0.03701944943384031 44.200219011450415 0.05800546176593978 13.712642593057975 0.05500479261916874 16.897033179886748 0.0650006943997593 7.33440220244623 
4 0.048014795728156916 39.701694927611506 0.03402562936846494 78.4525370370941 0.07800335319555231 2.2047269947876234 0.045034075160547714 46.69422828163301 
3 0.062001621858563886 10.565927905719388 0.06300137904126357 9.688476776731745 0.06200599764301545 10.706516442088978 0.05600320374263565 16.752002970811766 
4 0.05398387270339603 25.570185183540232 0.07500775805594913 2.8635774056342806 0.07500106058752082 2.7381601650603726 0.05300367993367029 27.319701017538424 
2 0.03001814041997926 47.60102817772388 0.04200947510782558 27.547839690649603 0.04101267049007063 28.72410521690988 0.03801064698868098 33.294981512192216 
3 0.07800000000000001 0.9121700492521313 0.05200644696819014 23.438189329204832 0.04501240932265149 35.64811290001466 0.05600651009120187 18.229277495842616 
4 0.07300012771476132 3.6881515046964997 0.083 1.4712877927524348 0.03003303448305414 88.7446270001459 0.05701344193617749 21.521634242395187 
4 0.07600000000000001 2.637112198312419 0.033028172691481186 71.24849331816336 0.03302720682219097 73.1135860151321 0.07100355889415844 4.956532849731023 
1 0.033014476243539204 25.999230470805582 0.07900000000000001 0 0.07900000000000001 0.24903082711933103 0.061005696980174606 4.123810069891577 
4 0.06195852644133798 16.865877069676305 0.07700308175036052 2.298415669228497 0.081 1.5517818157280825 0.0630010733914636 15.35769491570401 
2 0.0640157844544269 7.265761051018098 0.06200481472104996 9.833296079527809 0.039010847725843414 40.24394102644556 0.06700090013339485 6.659851180229525 
2 0.04800961997477568 16.941276794561503 0.08000219754710748 0.8436529572712984 0.06800019273647429 3.966562072740781 0.042006396047299256 24.505896741454645 
3 0.07100307537576728 5.111981055567902 0.04400839650102082 39.58443608253375 0.07800000000000001 1.0542126448834193 0.07900000000000001 1.4299477990312313 
2 0.06900379180599756 3.56093475503124 0.04100537317614473 25.175707597390403 0.059989681147420135 7.320086239650152 0.042010584547626274 24.89029381639993 
4 0.0730004312854031 3.2619255330656354 0.05501539614018032 22.217825490570096 0.05200880052370872 26.768596018041414 0.04501432584659715 40.35964230410886 
2 0.06400688624324394 6.062038240231869 0.03900588787965085 29.70667035487361 0.06600074470005232 4.140226634879198 0.07300000000000001 1.5314709359496368 
2 0.03001624171324474 43.87424424738139 0.038019861839153776 31.4435083158113 0.04400757009325291 22.96025398357836 0.051006763976283155 15.807581920712979 
2 0.08300405715782962 0.08764830406209509 0.05700430954567043 11.817796706051862 0.036027273631825216 38.46784614143505 0.08300028619695754 0.34300301955637086 
2 0.07400586068838984 1.8756253424752083 0.041007618045182756 35.88909098353791 0.06604123848723614 5.558599002659984 0.03002066091819365 47.057199332211624 
4 0.057009422509778536 20.151521761421815 0.043030595981834105 48.540211221338936 0.05300772840554906 27.674994790515093 0.05700830819783199 21.083786220030074 
3 0.06502316797842234 8.84760245446759 0.03302725226447706 68.1336192126245 0.03502224702364615 61.92195377204514 0.04501441613300701 39.258826942461525 
2 0.052001304218698 16.173683299789992 0.07800000000000001 0.9561855675314549 0.04100975989224886 29.31987943511897 0.04200824948245614 28.109927002431455 
2 0.03201872035603888 53.534389906933875 0.032019940816298165 53.088265925546764 0.03899150175628856 38.33322655267586 0.06799913259579402 6.2018206353685255 
1 0.07102413228767505 2.4646708843321976 0.04800875441973657 14.253757909049721 0.06400032709045685 5.231817657413703 0.03701043607165182 23.888635208119773 
3 0.05101896193193168 24.551809128258423 0.04198006714636237 40.288794853914524 0.04301219137216504 38.32897628168717 0.07800193958927944 1.409125562047542 
3 0.04600579021839236 29.632970340083965 0.08500054703593574 0.8110094233641225 0.03002825418485093 62.15145154967041 0.03601552418713602 47.78337676427922 
4 0.031982547211565626 56.31757324249668 0.08400303881782473 0 0.0450247547321029 44.55234421821962 0.07300066781252613 3.8270714931174363 
3 0.05901972043831654 13.326773520121263 0.06900038212761037 5.071182079572905 0.048004241278108775 26.45766763334711 0.08200062364992358 1.2583193046625505 
1 0.081 0 0.083 0.018002050775503608 0.0710000902546905 1.3751780959989488 0.07700000000000001 0.7035288271688102 
4 0.085 0.9375723993945317 0.08000077593967406 1.4090143742666568 0.05300943585160513 29.16000639025198 0.08501180750284257 0 
3 0.041016012589856675 40.58167851827218 0.03002794173201774 65.2786415370514 0.033021101873292436 58.291768800487795 0.05500438339779361 18.275072427149777 
4 0.05900577767534751 21.09306805031316 0.07896496571237807 2.656477383129751 0.0770024276492106 2.4659077191969088 0.08100048281188718 1.3928386715262318 
4 0.07401092725251378 3.1359172537722126 0.039016246634410126 55.84036806585769 0.083 0 0.06100087670988244 14.84778883044415 
1 0.031018318198979794 32.53032681494922 0.05800092115883285 5.874638787694503 0.06400061348522995 3.6495156535849063 0.08100255654873924 0 
4 0.07700170984410518 2.2466825783521713 0.05500262353945781 26.215036753560216 0.06300584011766402 14.642317310284373 0.06000572964586136 19.027326239257583 
3 0.03202776178873262 65.52375191833922 0.04102410771224139 44.3570042206774 0.06400127479822307 9.585353808260965 0.07801421223577816 1.2706578007372344 
3 0.040014106175104536 50.02500923474246 0.03102432022364869 75.35546956837038 0.07303674128830137 2.9878287278631337 0.06400151580158435 10.880142267651028 
4 0.068 8.448633326274258 0.04600894192715045 40.29743499303841 0.08099844244525682 0.22853487210313994 0.07200056431823601 4.219371506513787 
4 0.036037902735308644 73.27313270776509 0.07404696042261524 3.57273996084481 0.048012696987155094 40.90381369995581 0.03302659718255832 81.72431870505487 
4 0.042018004649504954 57.10226544037711 0.08300106068400724 0 0.06800062318975081 9.240915939541516 0.06100411051780489 18.278194699800586 
2 0.04401375742169614 26.178354600213222 0.037013551210927614 36.4687209671526 0.0790001130398212 0.7474487486622062 0.0740076630702127 1.77021609888958 
3 0.0360347068417427 58.22480035062784 0.07700000000000001 1.2737151595840184 0.051002825529154895 26.054750853437906 0.040023120437408306 48.15890905411698 
2 0.07700846382428045 0.9427627456303757 0.04801952540320487 22.94563484963411 0.053005561315728436 16.290078897383566 0.033040521319938454 51.51023551566037 
1 0.06302885214080983 3.939975511602935 0.08200334851968336 0 0.04000946839371407 16.764860080613357 0.07500341871537336 0.9415860948668915 
4 0.084 0.2973301626594389 0.051015788069062706 32.53380728202617 0.0830013867987094 0.2610108769438572 0.04102121186869338 56.936926510549746 
3 0.03801412552898085 49.652026936091666 0.07604301776187276 2.4824026735010984 0.0650014264620414 9.030151096324353 0.060005303086490484 14.265280700821805 
2 0.03900807695431351 34.63189045447127 0.049005296298516916 19.52856671426666 0.04500852328534421 25.165041885932336 0.07900206435061627 0.7083532151593563 
4 0.08300415639481314 1.169787773570606 0.0660118467435355 11.290955274874339 0.05401229360972035 28.908446421338287 0.051012097943195084 34.34927741628184 
2 0.061004892216387066 10.868324094768436 0.04900655961923085 22.760528403643132 0.06400527215938809 8.086029171068033 0.05900438553039987 12.30797929692576 
2 0.04700977008698679 26.401160770900173 0.062005565162905216 9.175522800606844 0.0350106164494528 46.70416231957819 0.059001599719655254 10.329429357719228 
1 0.056995666954598824 6.122732051851816 0.051000737205522145 8.040190631450953 0.062003565246817126 3.8513190353113287 0.04400128039549722 12.839339224085323 
2 0.03301076684443603 48.51300316969733 0.06000875676627329 10.798569046805817 0.034009360808548814 46.93429443969326 0.07301932068416353 3.1758715931040578 
3 0.06600712771353173 9.532457392883932 0.08000019611369144 0.8053812748784149 0.075000441653636 2.258834623633387 0.03401816847343524 60.37517244318191 
1 0.052005780261037714 12.540554575410765 0.07100183188342461 1.6151678504737497 0.07400000000000001 1.2242900219253594 0.049023309464902645 12.883687480732886 
1 0.04401299435495428 11.554947500758988 0.037003413110942296 16.455899923486562 0.0640005523032857 1.5523423556545075 0.05000255901101182 9.109179884112143 
2 0.084 0 0.05102011479860336 18.510896181721023 0.08100004095478781 0.16517204394801596 0.03601093851217513 39.20749580273339 
1 0.055027013440045694 8.072237984596736 0.062000781711723685 5.48975121223875 0.05800068376918123 7.830574645773924 0.060000507121845605 6.6589136641378595 
4 0.062000291445646734 14.587206191767512 0.04301974430193691 50.10298993957127 0.049018170203833984 36.397167512554304 0.082 0 
1 0.08 0.3657255361125752 0.05200318427084219 7.908645189490238 0.07800000000000001 0.22662777028222714 0.033040548439330686 20.74025556074733 
4 0.035026421277431885 71.86076661700702 0.059027835865092755 18.456981937319675 0.043022178957126 49.984387038257466 0.07800000000000001 1.3439509484359329 
4 0.07502581821296224 3.101587219738087 0.07300651335370317 3.808770311101069 0.06500385565647449 11.965245438385434 0.07400939791194686 3.3973357790411733 
1 0.065 1.7455562306727312 0.059007481209607034 3.7168029787603976 0.05700279065666165 4.797285330164162 0.043004815672418095 11.795595772304752 
4 0.07200000000000001 4.141334750007045 0.03302689503421091 74.44449320186898 0.03698436216322509 63.395400862494654 0.07400000000000001 2.9655505915950386 
4 0.07502570066774442 2.7466138081013494 0.03302820970313519 71.483846885855 0.036024117828994076 62.853883329839086 0.07600275142178635 2.3797195445361305 
1 0.06503715841599846 2.1057046127508157 0.04700451163887462 9.301682130676202 0.05100117068957823 7.090701245145907 0.061000000000000006 2.578019476213788 
4 0.056002085766016715 23.70793144872848 0.05300969879073692 28.840805733975326 0.04701479060016227 41.39127871470772 0.04701533010322934 41.32439480689938 
3 0.0730005041755743 2.623580034972924 0.05900592282632986 13.677168544760061 0.06300295769269826 9.95310230542664 0.04000941761452465 41.946655677241836 
1 0.05800002638098137 6.370804714702503 0.0319523709644917 32.32128257373655 0.05200109682869966 11.266266244395938 0.04900341753080658 14.07843856913022 
4 0.06800001337202966 8.911529720190687 0.0580104015706849 21.21597768922713 0.040016646572507565 59.27089202995533 0.06200155725169503 15.017918025272222 
2 0.03001955067831208 65.61192238285648 0.04401345749863316 30.791228526317212 0.085 0 0.058000898192866135 12.609956223978376 
4 0.07300084555374352 4.108658454486318 0.06800321709888037 9.821647238387332 0.060002125992583276 20.17984760014786 0.08500067533106268 0 
4 0.06399264365138232 13.69069174501055 0.058005314568567196 22.049406924389196 0.03304496193070837 81.93274045914552 0.03203370971689361 85.35555572901454 
1 0.04100267141899637 23.648268209720104 0.083 0.10517225705369658 0.06400538694491695 4.157042838822139 0.07900000000000001 0.6146394204560639 
1 0.06500397182059825 4.908547632333293 0.05400500923589478 9.209304446139058 0.07702311777679594 0.8790857346009595 0.03401025084176121 30.20615472174103 
4 0.06101098477379302 18.345770784601903 0.08102287753655678 2.0622157038536035 0.0470371586914695 41.95836749318869 0.07100058512681418 6.293354538279769 
1 0.043007520189838534 12.89272708504497 0.037003365106982294 17.4654273695032 0.03500845780087666 18.561136499673687 0.085 0 
4 0.04601555279188074 44.11082345124253 0.0819997032154136 0.6367852020408362 0.06200915470332053 16.273243293163887 0.05201487477022584 31.6465398656537 
1 0.081 0.0 0.04000421915140941 19.53761132881512 0.08 0 0.07100058798707805 1.3303757574948123 
1 0.042004121520252194 13.734504279406451 0.051002773994289284 8.154944153073282 0.031008971147839487 21.439837658200386 0.081 0 
2 0.07100155386476828 3.2061192819712656 0.06400223561731841 6.85747573991469 0.04900938963630767 19.511259252559974 0.0680012961473229 4.206451378913749 
2 0.031024015493537477 50.1005995546109 0.06000160586288054 10.712177007947258 0.07500087614614992 1.6121258570305421 0.03201353659536357 47.597769914113236 
3 0.07800227754148395 1.4955317759302713 0.084 0.05402903292782516 0.04800863334612914 27.092801015802262 0.0560090272769291 17.654072197682787 
3 0.04801385366523659 27.52616198784946 0.03701691685246644 45.73482636442129 0.03601982428438795 48.1647017975622 0.03201945964688764 57.81251685906116 
1 0.047004772803246525 6.562702488706053 0.07600000000000001 0.2814050859346958 0.04000399954556058 11.655117725600672 0.03600289607800418 15.660351361331138 
1 0.07200000000000001 1.1402585113890829 0.05600101157086389 7.749455947911349 0.06701473493618673 2.762593142470029 0.03802012647162502 18.93239928444839 
2 0.036026634647341585 39.498415952073586 0.08403408170540028 0 0.03599078233838568 40.281799203864345 0.046007126611939946 23.96595564657607 
2 0.07000299136331475 2.807293914932934 0.0520015770235133 15.233719019341292 0.03901560000865362 31.249200861640983 0.036011737838532454 35.73974012727333 
3 0.06900026812230063 5.571057982872979 0.036035665036068476 57.09853965706281 0.06800058858209466 6.724163759237413 0.07500080436321521 2.4605343487410174 
3 0.03301835577759554 56.73397461033552 0.08100088310683656 0.12403269956078147 0.04100869724497745 38.77470203086067 0.0669797758920123 6.746124594028599 
3 0.06800066961517735 6.185633057555981 0.044013746930535974 37.24883248435802 0.04701261034710198 31.27067358160735 0.05100958151734666 24.446114633539697 
4 0.06100936975513974 14.049165728069529 0.033038446340917044 72.64973693724787 0.031031093851626917 78.59275215907097 0.057959570700279614 18.04877237062217 
2 0.082 0.8319519838030466 0.085 0 0.084 0.24198248495192629 0.03502130069075296 45.690142613007964 
3 0.052001847141614405 23.739488697957903 0.07900000000000001 0.964633580796204 0.06400068134488532 9.169273447274247 0.05500746781568298 19.93349071130927 
2 0.057023016363594255 14.329147037762965 0.06500483814025462 6.355984704921265 0.06400466176757932 7.439879201509852 0.05703324661452596 13.548580390200542 
4 0.0750257370454385 2.8737936682029592 0.06500597494637202 10.837434387509234 0.06500401386489707 11.024021353095158 0.031033801326940613 79.27719837455417 
4 0.07100413231298941 5.478104605078787 0.08200234134411283 0.9982530624717602 0.04703052033630103 41.83532581542361 0.06300179480129807 14.041409199034224 
4 0.05401330882061253 29.09948168601854 0.05101220486028429 35.02607475667001 0.03402797742567912 80.8734819195853 0.04501083313330238 49.3881074238092 
4 0.034026978606866515 87.55881433712267 0.03902652084650396 66.00258393139461 0.030030934871750903 97.18393169747868 0.04103318612229044 60.69311184671965 
1 0.08204453714588021 0.22153822039069723 0.06401701530827192 1.398871632497989 0.07500010302115377 0.41465054670243195 0.03300590954621423 19.73257384898055 
2 0.0390091489118439 35.44278710061333 0.050008553191391414 19.882194711818187 0.0650020305174984 5.920649492009154 0.041022996329129896 30.639629025962495 
4 0.0559932756708816 20.907589880369308 0.08500003156578671 0 0.07701982422471937 1.8475028679427679 0.07600106996639773 2.2714755931570205 
3 0.03402097403851484 51.359214359385284 0.07600090626707973 1.8758122437091411 0.05302500975150401 18.764749565128334 0.0720007627048813 2.9824174160083734 
4 0.07300110210256469 3.364434081846947 0.061956683609356904 14.10262948666254 0.0640021829926668 11.99229425950956 0.06800215217187758 7.9428783905463165 
1 0.0830040193768975 0.548501716403289 0.059000801438068094 5.811554401823968 0.04100498516454365 18.253635265398355 0.07600000000000001 0.9879443553839067 
4 0.04801670204812827 35.936466476583625 0.04101960310856811 53.16394684883584 0.062001227830939046 14.3151050713023 0.08502385323984232 0.6366917482867556 
4 0.08100088046919098 0.49235829736217374 0.07304694950666601 3.4538478392124508 0.03999200921521815 55.61275167048534 0.06500025178795159 11.38745524828946 
2 0.03301390765004025 49.57949646439742 0.031023874768530732 55.178795344399006 0.03502099684435299 45.03999787269741 0.05401860394190305 17.417586413305603 
2 0.0550257960676567 11.68843655260047 0.031029188350499698 45.47890328971473 0.083 0 0.03101729980620463 45.30384251757245 
4 0.07300045330855487 3.9769194359166247 0.041016931872438836 59.28597000072254 0.0530086428352863 30.576450149806636 0.03701428660081087 71.40494680133955 
4 0.05700836238668377 24.43985338867633 0.03003580960323511 80.97708515878577 0.08200164561220574 0.4629226011974584 0.04002535215008475 64.52084452711742 
1 0.07900000000000001 0 0.07102298197563664 1.4664175841596652 0.05500052078677679 7.665234881384399 0.04800728759527449 13.970934244741049 
4 0.05700505245070095 22.37591254842502 0.03603468613044021 72.3635539218545 0.06300887039329986 14.41443309409032 0.0760000790883581 2.526024603041934 
3 0.04101743021219885 48.569608390970714 0.062013677634477925 13.043987545667289 0.03803592159828234 55.34160728461033 0.04001724123886564 50.072873470362154 
4 0.06600791336602287 8.766842711332464 0.0540099013614536 24.058397157348455 0.04901306684516214 33.09134458462992 0.07001424944054095 6.007722155670235 
1 0.04200138653560484 21.60281570516589 0.036010809889436765 27.810977241266894 0.05800184057049546 6.823126606229399 0.05900043692948936 7.063787926921949 
3 0.037029832487739944 59.4990516220974 0.04901110927289004 31.767307521758237 0.07200068914922977 3.8590815814997708 0.045007429070531124 39.90904314363283 
2 0.06900195250353786 3.5211613464000786 0.031015673851934794 37.92721117606456 0.043007775093814295 22.20625880821074 0.084 0 
2 0.06000356872642264 7.811413605313501 0.0470084519779955 18.03325160628037 0.03201021179007467 39.029275847972926 0.07504096075913833 1.5016826953919995 
3 0.06600704001441587 9.58968919773172 0.0439563867770861 37.50914976865775 0.05700161273119925 17.511086101846903 0.05700648558996729 17.071736830788467 
4 0.06200150444254757 14.437894291474162 0.03404164401854792 73.32759566220619 0.06500363878310098 11.642190770672347 0.06000696424460802 17.93576628945008 
4 0.06400080792470703 12.414289350476647 0.08300090685803016 0 0.07301228803141141 3.42158049919155 0.043029727119857454 47.827650070101775 
2 0.059000821104565324 10.257422526230158 0.061000767951272385 8.99768307397514 0.0739879406604811 1.6063915398081208 0.062001492483326606 8.40036033969735 
2 0.046012357868698624 23.531665987298666 0.03601586083322282 40.134456245217535 0.08 0.7089994569052197 0.056008249085723515 13.368557016718256 
4 0.04500975368393069 46.59671740977005 0.08200104230316896 0.5063011387921287 0.07800124830198514 1.9736220551091934 0.03802552486697564 65.68127132014693 
2 0.05800127967921495 12.759509381778436 0.06500122801624696 7.454480094026422 0.03002130213277915 58.951819151170135 0.067 6.634254988382354 
3 0.03301983741966871 64.95101967482464 0.03202972305239518 68.52866981878756 0.0660007831949625 7.885773509827227 0.07500848062604919 2.36106222720417 
1 0.0660035222958184 4.465787502096273 0.044021043539619685 18.749641921862057 0.055004982536036855 10.360956727519882 0.07200214983987542 1.416816577564869 
1 0.08204559261877346 0.18850084604359374 0.045003496266026295 10.882733702366579 0.03600704545830177 18.294767028683445 0.07400000000000001 0.9089561881233856 
3 0.056007741023390324 18.92462945139766 0.06500666681397382 9.878241492112656 0.046004808444995667 36.22513641278337 0.039019188825710274 51.9287202243837 
1 0.039005300520847726 13.887712183561975 0.051004785020279705 8.233512191769233 0.07700000000000001 0.49119659754420103 0.042004921036850024 12.50759721373491 
4 0.07000709295241522 6.322642536173129 0.07100100747151597 5.590478333884688 0.06499649331972085 11.992967815353726 0.08300066712703168 0 
1 0.06496585143677683 5.598473622276602 0.0790000873964824 0.683863156840366 0.06900117000168512 2.2058575082733753 0.06304251373188541 5.943614496947747 
2 0.0710019292606778 3.6416217108738484 0.03301430322834337 49.895714736745376 0.03002447342745869 55.90322225520111 0.07400000000000001 2.174132762036165 
3 0.042008423582320605 39.11468681040749 0.054005168672484886 20.5530649421454 0.08499460531939862 0 0.062000908305837175 11.17038142042981 
2 0.04599124466630896 26.85326808255391 0.030034913354043943 64.91883763351994 0.07303025708477325 2.2247435868691405 0.06500604660091686 7.39167350123728 
1 0.07400037924738645 0.7652098573069587 0.03300737307562587 29.12974855183551 0.04900253310744781 12.15217611440928 0.03700813645958634 24.14658701859184 
2 0.031024435512712806 51.37165099398169 0.07400000000000001 1.77250239620287 0.082 0.39843824029033287 0.04804312238456421 22.467161104835014 
1 0.05400933371151293 5.606347012046885 0.06200016120194385 3.8150627107810147 0.07800000000000001 0.20156120023483284 0.0610060152649106 4.62864482807052 
4 0.0630004974747694 14.926999633945787 0.03703024748031718 72.36000967012357 0.08300009284099039 2.2435480818989495 0.06400947926549572 13.84142614637486 
4 0.07700165674469969 2.207181676046862 0.0610091993930426 16.918663007070343 0.031040985681119182 86.89012776052692 0.053003095829159415 29.32365116477864 
1 0.05000216247092844 10.929028693433077 0.06201108807165604 4.288564215899199 0.08104991699215988 0 0.04101074514872309 17.6224748082939 
4 0.08100082883947451 0.4473786968212916 0.03502738434741917 68.7923449343092 0.034 60.088494789513135 0.0560017605435893 21.463265873344014 
4 0.04800387198863877 38.887976150459366 0.04401823735830606 44.90231324502118 0.070991962441359 5.633255721960192 0.045026733516442805 45.73051371775636 
4 0.07000523100800504 6.301966908551345 0.06597146853746672 10.768084573461554 0.03003877014962139 81.4241088029359 0.08100002459555519 3.5313004668361074 
2 0.0810006245930028 1.022279015068119 0.06300716054908367 7.604858656855006 0.08200024458856268 0.4488449964273374 0.08100049938967994 0.25121550238650237 
2 0.07300000000000001 1.8808984939081852 0.06997446608063695 3.249674676644164 0.05400399419410218 14.1920900183974 0.05700505997193434 11.344551462877678 
2 0.05000086710515442 17.590606134667183 0.057002652719855045 12.091904036633741 0.06700031323666486 5.157235344295952 0.07500040138665547 1.4710220314354852 
3 0.06600642146628669 8.123315017416294 0.0800003907080524 0.7927617524340493 0.057005873974317695 15.170985746753427 0.06300697712033333 10.386085985029725 
2 0.035012490514752054 35.78839020482944 0.04800357881435805 17.940131891203055 0.07500000000000001 1.045765593711183 0.033020933078821896 37.89054016465124 
4 0.05302611813730995 25.54969185132183 0.08300001520358208 1.057407464013786 0.080001064194814 0.7407399882828852 0.07900067611224826 1.5479371086679652 
1 0.07 3.1151904841933202 0.0650001597850215 2.661076793949236 0.07600024481187617 0.36487478001588564 0.06300281472372274 3.735644825568852 
4 0.04902551677858298 34.82524613068457 0.06800198097263087 8.342010360859144 0.07400120519256734 3.1275910300629217 0.031034017699419006 79.27605419304375 
3 0.0590037871301812 15.274293414448191 0.05800817271272035 15.992905737210618 0.030027305798868115 68.97940946230645 0.07600274181837034 2.1292411151339388 
3 0.048007725495363036 29.761933574253586 0.0370130973891534 53.445183732351765 0.05399810503433534 21.101887128563053 0.07200084237770957 3.5982278575866875 
3 0.08 1.4950540624083781 0.045026044423241346 33.214135028827 0.05400660303110896 19.192908568182965 0.043014092056838225 35.8977086834585 
3 0.07901760729572767 1.4424245960749418 0.07900053423216614 1.322374525959713 0.041012859049672806 49.372621436692846 0.06302020575723677 11.96049573674096 
3 0.07400492607536832 2.436769017509949 0.062000000000000006 12.305778798560482 0.04901447452357284 30.27606568021028 0.03202415542633773 67.05780543720601 
4 0.08000007412529926 1.027921434633573 0.05301651089969599 31.468603773451335 0.06700139034854019 10.442965115675612 0.046012980557877364 47.79787992592711 
2 0.041003565881252965 29.71349774723744 0.05400171135066124 13.978589049506294 0.044011145630941925 26.56522309580236 0.03801035347499645 34.69897596741917 
1 0.06803005578330049 2.5441368034891125 0.06000469759084478 6.88097722577375 0.06600059494627691 3.53157741737333 0.08000217970993134 0 
4 0.07400000000000001 3.2445214254466745 0.07500076354263296 2.898415889241935 0.08300002533387735 1.0806449141863521 0.058001510096353195 19.79010911203492 
1 0.03900941142513203 19.945890412580763 0.05703946977412162 5.545785475327563 0.057002053994738344 6.3768563508373814 0.08096815690809081 0.34310348070724583 
4 0.07800508340882795 2.262988493084403 0.08200053734853921 1.0649136925585567 0.04101644902330273 54.09354710973272 0.059005783464611335 18.36284536485224 
1 0.030002446960999643 35.06101176566938 0.07301650707736115 2.6374751932748195 0.08 0.3040882793649483 0.04000555914410074 21.094901937343074 
2 0.05900674828944275 12.021268367350793 0.08100040358691424 0 0.07195667168795315 2.5043062168528007 0.044009012138438754 29.900456546714004 
2 0.041007751479984214 31.002036516134574 0.0540010874649422 13.814960764894007 0.07704913083406738 0.7221690582731518 0.07300089952710165 1.77377213129866 
3 0.062001420106097216 12.43721439839011 0.08500444617215908 1.0637258482564278 0.06901007277263044 6.080513012254508 0.07400077086756365 2.656439475057109 
1 0.05101075755898599 11.2407877479299 0.07700052148164364 0.5567193212670758 0.07100060476579811 1.660854921069974 0.05101513675998501 12.337339646138227 
1 0.05400335664468126 13.328998946002955 0.054004936806801414 10.95846720857314 0.07200047660108219 1.597833475258323 0.06200303288217435 6.845610903612832 
4 0.04303569725757828 54.12658155622728 0.041024844389399524 59.65671397180912 0.05902004654340604 20.531529896157323 0.06900100456312068 8.139501763131525 
4 0.03203444983940844 85.91105757380326 0.05803356803811862 21.119633689065118 0.0720097932408221 4.879615429485042 0.048018000679908794 40.221969589524626 
4 0.04702664075037769 43.04982299476625 0.05401121837030798 28.08680685269649 0.05101163335191007 34.128829104785666 0.08001199798111157 2.508533601728483 
2 0.04603676238122759 23.837456003013518 0.035014896619541755 37.25818010788477 0.042044366288637856 25.96336614417372 0.0770030181775559 0.6823257746787832 
3 0.07200000000000001 3.5991543684487195 0.07000336397772167 5.023672341951343 0.06200341581687237 12.230371876375767 0.03602705462902818 54.18134678750073 
3 0.05301795692459638 21.024663998294162 0.05500512379985248 18.300085968096763 0.07300144865310804 2.729450587615189 0.05401362031407476 19.03388062164285 
3 0.04904898478851401 26.325966464623953 0.083 0.9460662540491247 0.0700047117980271 5.450162194746941 0.057009488258047865 17.16954689082782 
2 0.07300000000000001 2.032866088323432 0.06201029345345878 8.88952541775967 0.05799632730049524 11.279667846383454 0.06700156262737524 5.382298720698103 
3 0.06502446911067988 9.402503193223428 0.03902393938701129 52.81234435760375 0.05601107897333334 20.152082755983034 0.07900020686507503 1.7687209923692826 
3 0.084 0 0.06300292124352458 10.252939057086888 0.052003816257857466 21.75066131866251 0.04800963891675237 27.24337696331275 
2 0.0650187720697784 6.307724247545375 0.031985711893942795 40.3476841932059 0.06300550616109421 6.09950495518067 0.08000306544065842 0.8748186457683085 
3 0.08195321660202409 1.339491870960158 0.07800078783791844 1.6013980594975987 0.03302706429071771 60.11829101290692 0.07100073128609241 4.242362609773575 
3 0.036032765345705445 53.70063872329742 0.04801165474846343 28.839218353684753 0.081 0 0.060015689250074236 13.376928563451402 
3 0.054014625341467414 22.171205187833607 0.05001012146144736 28.77585019558937 0.03302510825286359 66.32002502106296 0.031031216816943485 73.72744212619332 
4 0.07000512059081167 6.29211686506374 0.07700077789671028 2.1253409742150016 0.085 0.8628210592283839 0.03302404384781826 75.3131675646032 
1 0.06095244728756701 3.3576565735614423 0.03202301397623647 25.44094618540704 0.0840065682149857 0.13867896847494482 0.04400782937709301 13.513377070939155 
3 0.031021596575094762 62.65847190441994 0.07500000000000001 2.349219352496524 0.0730044690946283 2.6063076998050994 0.0330244040565829 56.273510341470505 
3 0.030035119010085973 75.16034032054579 0.05300192870797589 23.53271414036753 0.0640011697905215 10.699218635268943 0.07400025272709355 2.7063042054685207 
3 0.053962001312440756 23.48144235859565 0.06300872494552093 12.19145187900891 0.03303848648302807 68.41156430797292 0.06597577740643229 8.620841300068683 
4 0.036040202254285295 77.46430078638662 0.03403476497909415 84.11572433713198 0.04102342908983255 61.91488095917496 0.0340175447606596 85.24182840827477 
2 0.08300403804594515 0.724737428023552 0.06700066945541762 4.512740669690562 0.03803514402897717 29.122830707555437 0.06100110025287019 6.142780167664203 
1 0.06001381425892744 6.830382746860637 0.06800054696756261 2.473003885840324 0.07700005424879774 0.778571167014074 0.07400055604412122 0.8457970877013248 
1 0.07000002316809947 2.4728869373355504 0.04500180221773013 18.489524953441677 0.056003786415455906 9.911212003158298 0.07200000000000001 1.41309759880143 
1 0.04595602714620636 14.88590045314529 0.07400000000000001 1.0003629844134636 0.04700619759870032 13.192273387046063 0.0320201734423307 29.61406013743784 
4 0.03004125722453349 86.07072504954274 0.058004855268869976 20.342944543013857 0.07600135850387826 2.3939792068723844 0.047016727726402856 38.246890338486764 
2 0.083004073102667 0 0.046007843124538095 27.693612298172848 0.04900938900829184 22.693689866537937 0.03901903079058292 39.087184777575345 
4 0.082 1.2689791248181312 0.085 0 0.059030198275083205 17.645138591857005 0.07800014067279162 1.8124693162119003 
2 0.05201226464117013 11.686033080216452 0.03202995548210939 37.300150114880495 0.07300038495105592 1.6115984986482297 0.06600113416577293 4.774388355781713 
2 0.046020216587183166 26.636485483115614 0.04001284001206145 38.20949645372704 0.06500038930689706 7.9553773030215895 0.06600067920204113 6.740114303293298 
2 0.03201686031934155 54.51250508865236 0.042012428338872185 34.679135170147305 0.084 0.5273469480794363 0.036033780958710404 46.36558556739223 
1 0.03601580650389989 14.244644488589714 0.07900000000000001 0.11080843494413276 0.039006421331016713 12.731452552772733 0.04600274391345258 10.009846901596372 
4 0.06200195698122263 14.711532249547783 0.0650032180006816 11.193555528254564 0.07500026196172987 2.8001503372135192 0.06600142049979557 10.465461321212345 
3 0.0480160700870925 29.94308426425006 0.08397434155718098 1.351496737580119 0.056011289814623395 18.166849560290082 0.04601491569508913 33.68279781826454 
2 0.037012746056783535 39.07120947269265 0.05600895430212713 13.917387848968088 0.04601154539664123 24.777719684583026 0.052007164185766036 17.426315509592154 
2 0.067 3.247126192026287 0.031015861605560066 42.15663999294857 0.053962584666776635 11.800258975348802 0.07300251432765718 1.7362701123029 
4 0.05503728116008975 28.552948591904528 0.06900174521604552 8.348917630437057 0.07500131685422853 3.1231400337823016 0.04002185403825676 64.00852399060987 
2 0.047001239912576306 19.4765474054793 0.04800460922303873 18.90716528645454 0.03401682337278686 39.04862877052345 0.03401446245558533 39.08037696788271 
2 0.0660051457610496 4.26481869530428 0.05700267294277067 13.206922489970955 0.07300010456981953 2.227162918323838 0.031029102763874383 50.58037349225464 
3 0.04904529660917491 23.885522597254884 0.044011226991664466 31.824309304859376 0.06800025253976304 6.211451918503545 0.04701028791340406 27.465362648936715 
4 0.07000817565858415 6.333735827424719 0.07600109906660461 2.552141567279376 0.046024674495781015 43.03437261433867 0.07300943548990536 3.858470270826106 
3 0.04501216616731861 33.350825973720774 0.06700035275301536 6.236578327044689 0.035022797598004876 52.62283218543499 0.04198869806473005 38.68096687275981 
2 0.067 6.1033553660613755 0.07400067925080031 1.6494046356152137 0.06400370982674412 6.482849053284468 0.084 0 
4 0.07900115275312797 2.4679527790160947 0.04401794177788329 50.746095597457725 0.06800102941190192 9.212872368859335 0.0480196039563024 41.5098792255837 
1 0.07300297142157565 1.5754330535775272 0.04700415223458393 18.04430774645768 0.05700062379284051 9.349137133184446 0.04196474905397935 22.44431311144417 
1 0.045045157908218586 15.534118383750528 0.060007789708198665 5.75414342091842 0.06800054406125877 2.3972434800642395 0.07200063416257269 1.2791962245935193 
3 0.07502548300663406 1.6900569685435478 0.03703205924899661 46.11699268377897 0.03601992836651349 44.74229554497857 0.04701149761457273 27.07924073962083 
1 0.06800039126854973 1.0276390563330675 0.0620048441104938 3.536704027615783 0.03001916176659121 23.610112247904464 0.07600000000000001 0.2628414493191967 
1 0.08300403262297047 0.7117207708078823 0.034015307887863 32.42153966313634 0.05800064417160096 8.395612640633502 0.07600013524514984 0.7786099552793135 
1 0.03401063617411597 29.236299847335204 0.07400000000000001 0.9940011197234607 0.07100061665732064 1.5761861175482612 0.043008114989656676 19.475224980810967 
3 0.06900007612775313 5.176726655091898 0.06000218140197851 13.745515202945398 0.033015449082786946 61.09898906635239 0.06300001318447021 10.943982526758095 
2 0.04904506340592891 23.73769656250516 0.035034421427892454 48.807510176523834 0.0770025043186577 1.5851805370818122 0.06200086536337379 9.790662023022414 
4 0.030025280828036696 69.07748360361389 0.032026431639983546 76.25051382800021 0.03797509673544926 59.96763140759987 0.06301196074346646 12.93316434379149 
1 0.07300215194779047 1.1231793979741833 0.06000358414790141 8.027347744228429 0.04600178958317933 16.93899457398369 0.07700000000000001 0.8375615066312044 
2 0.06400572495775458 6.011382570083134 0.0730001980254491 1.8044821958451227 0.03100071816713136 45.769956342728776 0.08004092581246283 0 
3 0.05701339273575206 15.674444749237335 0.0840000195471208 0 0.04504390153896211 34.314967003225995 0.030014982321863545 69.03696170480745 
3 0.0400124899156316 41.6360401198793 0.03801861406662011 45.53207124793741 0.06696436150112767 6.933958792016336 0.034024055386449606 54.30260983679104 
4 0.057008977269488774 21.440241358305347 0.051011234449125524 31.824951281094695 0.047015727856909884 39.68640334553057 0.0649734283316564 11.012999064935979 
1 0.08497125971763476 0.15423352815169766 0.06900015055138779 1.4304670947252895 0.04300423641698033 16.496764385938416 0.06200077542489379 4.436883536496271 
3 0.06600666418931223 9.164023703484155 0.0590017414596082 14.37506282717349 0.08200023511725688 0.07129178541553528 0.04000944611430183 43.3928840167756 
1 0.05700023867018808 4.200673255820511 0.04100266081250017 13.799937388079506 0.061005683815862674 4.032557088898164 0.06700004938412686 1.682379031212031 
4 0.07700167837539713 2.173847224709039 0.07200693209286119 4.7824204289981855 0.049007895210190965 36.92854025931069 0.052012302701326875 30.654507464953586 
2 0.05198960639394725 13.760104408762773 0.07000131989450403 2.8391846579555455 0.06697754912729477 4.527071625952982 0.05700516844044188 9.923309692194966 
3 0.05200917208948852 25.863139562688797 0.08200004251514498 1.402045478907112 0.07100028411349021 4.574956932493148 0.07100169442858073 4.889684767304255 
3 0.0420124769144028 44.28795244110862 0.06500108510328945 9.125445718785352 0.036021721491027156 58.90718932758134 0.07201881826553944 3.4852859985912144 
3 0.062000749737718706 9.46824474404201 0.036018473091577685 47.4761290054713 0.07000194640997086 4.557033746773781 0.0610016116272428 11.088902541397477 
4 0.08300415608481042 1.1334968957629508 0.067008094752293 10.050944323751622 0.050007191596622654 35.909418957461334 0.06900586304532916 8.044683969638376 
1 0.084 0.29474087294132106 0.05400042875874912 7.757923005769319 0.07402364998327168 0.9531087102210322 0.05400315518502041 8.610492876207552 
3 0.04601483295274187 35.24791582189622 0.07900000000000001 0.943231081686256 0.081 1.1334180981283222 0.07600063391555467 1.9181572449644024 
1 0.043006896292238465 13.007947333558148 0.0640005594472848 3.1295420751444505 0.07000003164651845 1.063590088868212 0.042977235685960034 12.2742573974162 
1 0.05300508105286373 5.032714552598058 0.06401155831175555 1.5635766324999603 0.07 1.0928101093063425 0.06000145140142559 4.90253147214399 
3 0.06900410325860538 4.7291123919381075 0.083 0.5491511622306426 0.04600264896948886 29.573023173991444 0.07496920886205645 1.8435722916779638 
4 0.06500064782642168 12.039639563138175 0.05201527325613439 30.619634108705423 0.051014328288558286 33.91042847581151 0.04001584734274527 60.432710126801666 
1 0.03301688027936195 27.21159666487911 0.04096156920713481 19.052300660611706 0.05400049192624146 7.854223315552687 0.032022049683072984 28.778529967708195 
4 0.03801728794446643 60.940828256950354 0.041980937657644574 50.02551158200559 0.07500044246515089 2.590593555755422 0.04101984915009745 52.96898706372124 
3 0.05700556044953271 17.25353037204831 0.049007639882663205 29.032355065597077 0.079000024786387 1.7687775320932573 0.054001947378181564 20.620380558225293 
3 0.06000722140601533 12.736138257593717 0.0570044760066315 16.991808777563563 0.08000033024651806 1.1962159268580308 0.084 0.28589882837712305 
4 0.06100977402723398 14.836897699813102 0.047012933273128193 39.03538803910181 0.060002041121859195 16.3989246393126 0.06000607367840187 17.08795482534467 
3 0.07300102217662123 2.968236733149666 0.06300631706746196 11.179439971885797 0.030032306291581712 73.81548952674608 0.048014330016510565 32.15993512322313 
4 0.08098365339700712 0.6732238290134378 0.07000110142233018 7.302992953218613 0.030043884099682075 96.65644381038159 0.07300035149198503 4.467040672141475 
3 0.05201446247721534 25.99509122985043 0.07100145748440345 4.48501458524991 0.04902258366647751 30.449283378229815 0.06800085976535095 6.871542462202145 
1 0.08 0.333746418987596 0.081 0.09655473952008872 0.048001990857535856 12.395399187436492 0.05500095432920452 7.86014586280623 
1 0.05001128718323019 11.474622126007876 0.04000799343479254 19.80111567206921 0.08400278857067708 0 0.07400301019562427 1.087527906472517 
3 0.03402285248549215 56.54045853692227 0.06700078739510584 7.180490185335641 0.06200414556198726 11.909921000265133 0.04901347019235637 27.62919298879843 
1 0.039011179858752354 19.663276712635007 0.059973714837992555 4.506773496277695 0.07700294074801459 0.6778658504279458 0.06200016487624998 5.432464954947349 
4 0.07800000000000001 2.079007975169657 0.036028105320739676 66.25976933108386 0.07400000000000001 2.9573950041306882 0.04701876776661267 38.551315064338674 
2 0.06800453784482885 4.922895168785756 0.045019801364919995 27.533106417370593 0.03901358571275159 38.88026823829731 0.07200000000000001 2.276276163834404 
2 0.03800794156785257 32.58540924246016 0.059978442135308535 7.945917560474568 0.04201222505142643 27.302162910535248 0.08400537508614239 0.87113913450418 
1 0.04604701728330267 12.587246519736995 0.062000000000000006 2.7978445801807803 0.047001886347235095 11.375495966226786 0.06500066348114125 3.431665052553451 
3 0.049047781971153996 24.986441498272022 0.04600917286046369 30.67291467628349 0.08200097455019548 1.192024856049957 0.032029673971122136 58.70349685055935 
2 0.07502544355742526 1.7157556039185815 0.04701093746220928 24.40353275458696 0.05400620563417292 16.439316768550974 0.053008602174725944 17.808971753363604 
3 0.03201985839842855 57.71593295241486 0.03401769196121769 52.68889832037969 0.037038470973590795 44.822499812670074 0.07604736898396118 1.8032134162076818 
3 0.05895539090012945 15.982936895766573 0.04601715279428199 36.80502899217342 0.07400033549914362 2.48811199871763 0.07300131533146872 3.086296217037982 
1 0.04401941124558453 16.396182038066243 0.054000689284764376 8.695100671169786 0.06698301392152581 3.7006919097161304 0.056003558766475475 8.06365853668292 
4 0.03095968605372411 90.07128406045739 0.051998857568602466 29.35014781511608 0.07797900297259783 1.4173269451728208 0.081 1.5368868989646045 
2 0.085 0 0.045008244241271575 27.39317238171936 0.0630061475364497 6.940898366255155 0.07700040811312764 0.9434988768450282 
2 0.05502623740133703 8.266890588312968 0.05900195367821144 8.820958983144163 0.06500228511924369 5.388039492266827 0.03101103261376051 39.61998950378546 
2 0.05400156437056493 15.03487031073295 0.046955483809894394 23.888436824933788 0.056008752758225075 13.026365532473847 0.059963795976631616 9.894347460395732 
1 0.07000000196239395 1.694578714482081 0.0600023954837626 4.392030374439794 0.07800053164325896 0.5875030193392473 0.07600042309127449 0.5139462894180545 
1 0.06300391819093615 4.475665312335348 0.05700400811331065 9.09517993294182 0.05100197825928141 13.519769226749636 0.07100808139323879 1.6263276403577074 
1 0.07000395524143439 0.9648346028650422 0.084 0 0.04800452242605772 9.150842720846528 0.0630021670872544 4.093838985078852 
3 0.046018065895711426 30.311379203664004 0.07501779776395595 1.8463753830627248 0.036028351174007336 50.96247969534788 0.03202041977391207 58.39748146882997 
4 0.0690007300902178 7.373054346906041 0.08100107816443398 0.5344150771135613 0.06500676747192671 11.425506998426417 0.07300164452236978 3.740901872995871 
4 0.05403440097015012 25.386643905304563 0.049013453033872466 34.82859108995293 0.06701261208043535 8.899359001293337 0.040032720905605924 57.1843905200937 
2 0.036025886486039146 37.928118952083906 0.06400093770275803 8.320459496185974 0.03601387264110627 38.47340043569356 0.0660084184091613 5.200006662360115 
3 0.08 1.41207062038202 0.060006959955934205 12.917691120790288 0.07400201954776699 2.2159497711693676 0.03002681782927348 61.23217787090371 
1 0.081 0 0.07301970172826198 1.5574181037588655 0.03301010366230751 34.93322826787945 0.063972042347661 4.254398636481477 
3 0.05700004319992062 17.525564299207602 0.07504057161847703 1.9779299233768568 0.07400110889451694 2.398674724944647 0.07700085887623868 1.5621388839036598 
4 0.0790011750928222 2.46928549819739 0.085 0.76802030866534 0.051954325609484237 32.45892212923948 0.05201202182431253 32.78242180102573 
1 0.04903599087104757 9.88082478551054 0.04600184912103355 13.443874722650243 0.08202803909314679 0.0465182665803741 0.06500630453116071 2.444436514781173 
3 0.085 0 0.083 0 0.03602326889698454 51.308383501024096 0.03801616822776725 46.324970709927854 
4 0.06897218238813814 7.27589647864835 0.05000306450844485 34.67306876564365 0.04701429581152559 41.368987986470785 0.05101409810211732 32.202785864214874 
1 0.044016986502307016 16.08996661181901 0.054000667634811206 8.58927242991996 0.07901311886602692 0.3843460139423372 0.085 0 
4 0.051008353348506036 27.951977657713435 0.06300886015849536 12.178023429026826 0.0760000000001893 2.4288662256678624 0.05300517910499243 25.09631687046895 
4 0.06200133188257305 14.572728676121578 0.05001759239616302 34.16763793616702 0.07200061544790634 4.4853877060102985 0.03702382455529832 66.41159138397583 
4 0.05102674795178031 30.910122288650317 0.05500991668436885 24.588820782448437 0.07100081638712238 5.659947046641166 0.07000454871205812 6.573184484522801 
3 0.05800000771381422 14.237109831175626 0.07900094549207957 0.7640020401207597 0.07700063308680093 1.4999227351335316 0.05000210865291766 24.151194730246807 
2 0.030017324339415785 52.58991686130296 0.05602583393755272 13.425024584505339 0.07700082333491132 1.1327161855127967 0.0350234014641867 43.54525587786753 
2 0.06200104659785524 7.915549374935228 0.04400870424066946 24.777603239530983 0.06900050156697767 2.806949535765229 0.06900103961099809 3.419527107087982 
3 0.03301806455438172 60.20374722004387 0.04401089194168645 35.57745433798787 0.05601373260494907 17.629424356576358 0.05300646478266552 21.87525111899243 
4 0.082 0.9163183484039304 0.0690047355335051 7.540592083245696 0.07900000000029728 1.2521124236254473 0.084 0.9654890088069091 
4 0.04901234129745179 34.24781847103038 0.07300014406279914 3.6865418791643174 0.07500079276647642 2.7085897156278893 0.0670076708186913 8.994990740396863 
4 0.0450196192336007 46.933995602174484 0.04302129670700484 52.40739837150343 0.07600045151059859 2.7802098661232284 0.07400235729033794 3.3679552471334624 
4 0.084 0.9395469835804894 0.034031257787572114 75.83657122906338 0.06300291257133707 14.451212679303936 0.057006922060092065 24.271039970146383 
3 0.047015489655587314 33.90481687399635 0.06600234347140298 9.017641106150101 0.07899802606966945 1.148898958528789 0.04301557561709657 42.24203612014409 
1 0.060005475158408816 5.391236276596244 0.04900391748946913 10.907689878104266 0.03100870971849365 24.23789876466331 0.045001540473677874 12.452885991713677 
3 0.042026260669319554 37.132183627424276 0.04501350882588948 32.332698312007466 0.03002189371390475 54.53028876595639 0.07603632976437816 1.2005521962052352 
1 0.04600052468103049 9.88187980781315 0.05300089650996166 5.635995207580832 0.05100373384328059 7.486980935392641 0.07404398276314306 0.408568568527771 
2 0.084 0 0.06897622448625627 4.601262389904341 0.053963992720055136 16.312266319436915 0.048007880441526464 23.444494611065302 
2 0.052005699574269856 17.40205864095801 0.03801568220870111 38.2085034328624 0.06200084150506189 9.00499684084641 0.06400073363058112 7.589479885848632 
3 0.070000117481924 5.1902858459989725 0.05100808712320896 27.675251161058895 0.05700912663669283 18.75597037017146 0.07199565354186277 3.9696453704435806 
1 0.06198562552370418 5.994904852690951 0.05898765888681314 5.496922793369532 0.06801050310316509 2.7757243354320194 0.0590005869792874 5.841120766003332 
4 0.04001929211541764 57.368499200374565 0.06702821856987229 9.945142576920004 0.06100277510854136 17.47425727370722 0.05101574889150358 32.890792221471415 
1 0.06600150051252392 2.2967003673964577 0.05100057477898186 5.45110158551385 0.07199215864063613 0.8342807126883256 0.03601152005136793 16.13619260889641 
2 0.054013627713437054 15.928805668546257 0.038025162356003527 39.32735457948481 0.06401816023522022 6.822752904320733 0.06500064859275534 6.934108677974626 
2 0.07002151217598855 3.572699385756025 0.06500197980401906 6.334093720091214 0.03701111001348796 37.60428107546027 0.05300215398161049 14.867693450062825 
3 0.042005952587708284 36.93474515806738 0.04903458297331056 25.84895469213185 0.03601286304990843 50.72481755501646 0.04401470723090606 34.189234592928074 
2 0.034015440081078846 43.562041031030844 0.042025243682405455 29.724390492431077 0.06100105716671845 9.867131018767854 0.059005785223328125 10.690035206015509 
3 0.084 0 0.03202494375783266 73.18345467460075 0.05098928313787351 26.19960532703427 0.04501136625743666 36.78006130682739 
2 0.04101615282018018 33.349586000445996 0.036018318116196046 42.872094081238785 0.05900146456355844 12.054682281148471 0.036014100312227085 42.60514788816719 
3 0.03202456265405307 67.3003180787032 0.05002572981089484 28.785818502583883 0.031027668423512927 70.95658975211869 0.03802122073543979 53.33009518516041 
3 0.034019183313542645 56.87422447868127 0.084 0 0.07700054856395144 1.7248029195475656 0.036024465617687615 56.92764933327728 
3 0.05502414375244816 17.8175202286118 0.04501357821544148 33.28633321488111 0.03003582730325792 67.39876143232638 0.030024962505977734 63.47867339241023 
2 0.06100429325135726 10.298422120445487 0.039008670254007866 37.053968411667384 0.05200201891792255 17.886633584355856 0.06300309189134398 8.391108828306324 
3 0.0820001000656586 1.3258511735786855 0.06504880304273908 9.574999288490577 0.047027123882484125 30.482866197792028 0.05495466550469271 19.047639557455568 
3 0.06600618920923772 7.250018981398847 0.04001593107499039 39.962393410260276 0.051963263005161464 20.9430404917255 0.05300515198065745 19.698935786849667 
1 0.06300428216455764 4.871295234730132 0.04500944157343163 20.337872735315973 0.041007986712001857 23.881105831693127 0.0780047867443823 0.4783189982640032 
2 0.06600463389829875 5.224940732629011 0.07600000000000001 1.297369263003791 0.07201141678386605 2.225500202849621 0.06300089211277268 6.573103606237469 
2 0.03501124030066044 47.58711225339365 0.06300365688663828 8.351623369664768 0.04301497286256793 32.206430879342655 0.06400059382210067 8.775611064484348 
2 0.03301659553691161 47.943448541214096 0.07900091559291236 0.718461080092269 0.085 0 0.071000673788736 3.129074820873549 
4 0.07600000000000001 2.6700977475607655 0.04802767518920222 35.97860985263411 0.0670014023675389 9.106806173412057 0.06600589756924172 10.306940069770828 
3 0.03402714652488395 63.53530134629128 0.04302072670467482 42.20931416445641 0.07100088486589985 4.012186142648817 0.0400171281306645 49.117698233970486 
1 0.061990026538940125 3.942621854782323 0.065 2.3718796595294434 0.048007456693942456 9.84418302932989 0.052001286544304325 8.546703377303402 
1 0.03301008486340094 32.56990559118062 0.0559675237924567 8.393214765276717 0.051992021898688755 12.341058584601328 0.04800327943436301 15.195120742221057 
4 0.07000089055742498 6.680633673502378 0.04302000453473985 51.29360994313804 0.07303340803857296 3.9541103737359204 0.04101449268969871 57.007498942354744 
3 0.07400033445217588 2.172919679852585 0.0550101987155018 17.715070262195283 0.0550065611383016 17.687477199927624 0.081 0.7848636782493841 
4 0.08000002489863649 1.577105067121224 0.07100061427864404 4.996367468127071 0.045015634590850125 42.163648823539155 0.062000982352040934 14.379813459061275 
4 0.07200000000000001 5.294550274605723 0.055005064440867474 26.979630518549797 0.05600720525748355 25.08801370193877 0.033035247121654954 87.22891075113134 
3 0.06300075330321173 10.107573910915775 0.04101188068900874 40.21324110034347 0.06500072020112857 7.298917871761992 0.033027801203627305 57.639864098603645 
1 0.06302880790634784 4.00824409039411 0.03200406995642753 25.03332602394302 0.0400109352237498 16.93901847033122 0.068 1.198819223599912 
1 0.06203369272830658 3.8991617351233714 0.04000191844488543 14.689784226750131 0.03800739285538343 17.27949035846911 0.06800076343921475 2.051407551214982 
1 0.06900000819324659 0.923865990775896 0.0510037874891048 8.482057962819527 0.07300000000000001 0.8555749943236551 0.05800029728142209 4.024058463703485 
2 0.07100199507739666 3.5143649356295685 0.082 0.4932671116517545 0.030041847133162713 57.406887784997906 0.06300017939196448 9.109081326476922 
3 0.0300212810777611 64.22826673160507 0.07200247053979837 3.0193155324214414 0.07500098180022524 2.0760331075875693 0.040954750677395874 39.57881729118591 
2 0.06800707835328104 3.864213344474244 0.06600329647862671 4.86761916752567 0.06900089431224879 3.0108503990919715 0.04400662437282312 22.509704731480404 
2 0.05200613398643944 17.075690682645998 0.06500035111811192 7.040733596090835 0.05400139312773419 15.983426193803274 0.06000694822509762 10.462637170441958 
4 0.07300050106456646 4.092350876521572 0.07698170071031575 2.388161669251872 0.06500174983316624 12.257564124428072 0.07800000000011788 2.138511371059988 
3 0.08300410499397935 0 0.04403744457012227 39.39859628786206 0.07700000000000001 2.304326163369932 0.061014358215425155 13.708548678874282 
3 0.05502400806067027 18.342624054539648 0.06800025136688362 5.900609535544593 0.038035435731726415 48.790236393349616 0.081 1.4148602550798488 
3 0.04101707807257245 47.767778770434575 0.03302113255743434 69.42060451036497 0.0690138278375843 6.666045402520464 0.033025347030725336 68.31702263331688 
4 0.081000794675936 0.4470726833973663 0.031032907023597622 66.80373265170584 0.06400000828395136 12.005179938729807 0.06500168344276508 10.825390683140581 
4 0.08000006950523939 1.1149372407955758 0.04999850139534184 36.434444787278906 0.07199116785237786 4.890171965306276 0.05001302871936418 36.27581964550855 
1 0.052000026667241336 9.382430640053355 0.06100152485929939 4.9635758384031945 0.042009174938757304 18.99361763525309 0.0810456411495563 0 
4 0.07800000000000001 2.080080447690497 0.04800952211930906 36.78789822267947 0.0370192531446903 63.592689033686106 0.0700008514057949 5.914248348115025 
2 0.03700859849893265 40.63332259817564 0.082 0.319109898335258 0.08200013315263291 0.4080277587916183 0.04901257440121432 21.309856641234283 
4 0.06000009624987972 15.891955708827078 0.04800648351387213 36.73490954905057 0.0730198234201328 3.341228059568817 0.06700136225623522 9.20936312174852 
1 0.031006252899673875 25.55620681076133 0.045000824129664226 11.386463217963284 0.0839647523610286 0 0.07700000000000001 0.2627408685615678 
3 0.052008882269241476 22.39218103402796 0.049008521984996584 26.705529723077717 0.08000109697123838 0.5111274127191909 0.04202340108241398 39.39676056691934 
4 0.084 1.122788588489934 0.034035121899644666 83.18472926447167 0.06401932529310157 14.473941806717644 0.03604042342644248 77.5885593186712 
1 0.08497266090934198 0.12214746621342129 0.04603277318367908 14.510757352990767 0.043005065737147075 18.559149017047776 0.03598357822152913 25.401512181066096 
3 0.055024466028967406 17.44063968034399 0.05000822693465605 21.637852251275937 0.03202021114389021 57.3197097974418 0.0700032077602858 4.138056880514471 
4 0.07300060863165864 3.999850972371976 0.04403743733772378 51.06105950717649 0.03103146066475289 94.71972163186868 0.05501522093233724 26.948860983172036 
3 0.08000001586427775 1.7727528289837375 0.07198672495554503 3.7971038981554495 0.07100379791548717 4.843461597867364 0.08398940686079692 0.29096950803702964 
4 0.061010577174703214 17.252433583070534 0.06100639102385969 16.804695436037107 0.04801856384907857 39.90875777287865 0.03802827457787404 66.01381384225957 
2 0.08300407531382306 0 0.0560017111031422 14.774125638819212 0.06800419823250264 5.068588964264096 0.04501461864766797 29.620364568513363 
4 0.043024004048867574 47.41806064854808 0.07900346828083292 1.7186806813487585 0.05499267362828526 23.787859351709592 0.04402040893573408 43.956970629541246 
1 0.07800000000000001 0.6067815628128337 0.06000263103166779 4.138788785668721 0.040011614131982086 19.14217506190566 0.05995593001277034 5.343934231927832 
2 0.03401736891982744 44.5055825315596 0.03301815433049583 46.128855045338646 0.04900766649224844 21.09562887669686 0.05900086919651122 10.77260982109812 
4 0.084 0.8422550106498694 0.04504311675755055 47.45757549574155 0.08200459151349884 0.8921572737828589 0.06599035749307575 11.301009089684179 
1 0.033021878165688565 35.21706987464443 0.082 0.93817140144308 0.03501951181375382 32.95519516209837 0.07 2.8543895116653664 
3 0.03202966216594143 70.96929395205993 0.03502614033130444 62.42028422839932 0.07602661911767536 2.342572545909091 0.035040504084164564 64.20708098045057 
2 0.04501155847556193 28.020293196366374 0.06700142352510564 5.980277259904314 0.03501593443840759 44.68784559910157 0.061019690897892505 9.998850782701442 
4 0.07800903793431399 2.618155700295734 0.05502324616490157 27.338597262440686 0.049013597022662815 39.98186388364245 0.07500113813677717 3.164595163297453 
2 0.06400895474539532 6.657447932599368 0.06600063950230955 6.223253790258907 0.033018096267215746 47.413625013851565 0.03501491464580839 43.2919344748967 
1 0.032022644297963365 30.54706811593607 0.06300011336568995 6.061407140949634 0.06400023156632112 4.073938260132816 0.04201169756016758 19.69672972200193 
2 0.06400002402608783 6.833588838514459 0.07400000000000001 1.5234406232154232 0.04003432837565788 29.841468163494802 0.07200024118544332 2.0190683896230612 
4 0.07502584668774423 3.159071664017002 0.083 1.1617465808011485 0.07300375554738187 4.014024121027953 0.06200151862833375 15.925728713706123 
1 0.03301124722106599 19.27427602213774 0.07400048364137335 0.9885319478847834 0.03902400061943126 23.195722414957118 0.081 0 
1 0.03601669904025449 23.121342127040318 0.05401660948649792 7.288890083412248 0.07603215949262702 0.39342184064248625 0.046001617236655065 12.060761214731201 
4 0.05800874172148196 22.38685973277558 0.03004115815886904 97.58646296069944 0.08004341024333399 0.5524357004383528 0.07000574246433315 7.105719100882292 
3 0.0360358164730772 60.0562010416238 0.039018670438988406 52.155706613618065 0.03702284790776943 57.38995149649963 0.05000957180965023 28.821459512357887 
3 0.036029872795792395 47.207296558404984 0.07902129321483305 0.6831027765655434 0.081 0.46320009355829084 0.04800490974674465 26.041172521176875 
3 0.059010916517960574 12.746057932975674 0.04000999126061734 39.51432682982499 0.05503963626661617 16.985184169472543 0.038025166631295036 43.5588659823545 
4 0.04403307548019799 52.07264570092652 0.05400798533184453 30.25206495774693 0.05301386821141011 31.55682658691701 0.06204199063244916 16.825371916974596 
2 0.07000116412214974 2.6311524471003365 0.07200028669630187 1.72492482996196 0.0390100150931831 27.700019737006013 0.0800004035835713 0.8705485488449922 
4 0.037999570884986594 66.8016205521724 0.05800570622859389 21.83317562660359 0.04001751212934241 61.1345518276879 0.08300062171028402 0.5429663642598208 
2 0.0640047411960441 5.478582177233683 0.05400626766736661 11.899430745881226 0.05800229589202081 9.978173327587507 0.06200106084102009 7.154623712790153 
3 0.07700037943543159 1.7072816817508891 0.07400102625548696 2.5622580235253545 0.03802763206027643 51.26725081099508 0.06800647814959104 6.851432708393453 
3 0.033023907850607215 67.79472329516315 0.03203070590401588 70.63562729038517 0.05701750621029782 19.17479238560051 0.03703824895049135 57.77197645861651 
2 0.04904690891641083 23.884774845120873 0.03796837842658536 41.789922873936604 0.0660010499278009 6.888433577379606 0.04300429793467194 32.84380524345426 
4 0.03902179262207356 55.79130733698673 0.08000099631537799 1.64829737529378 0.06500092080418798 11.163771992620655 0.08400068494644813 0.0 
2 0.067 3.2610341085358128 0.048007716551232565 17.824506719131293 0.06700057916272321 4.544755793714026 0.05300501591307028 11.975363605992518 
2 0.081 0 0.04600946010584893 20.84346623842272 0.05300567111517802 13.991493677054228 0.05698295945523909 10.763085777070383 
2 0.05401195717797069 13.843934456434763 0.054005127383770696 14.19867569602554 0.06500744417198884 6.4231677333558945 0.052008343963324544 17.111508439250166 
1 0.05503885084273643 9.389829880566364 0.030010064244878468 30.988263786194448 0.03701023881506904 22.369061347849026 0.051006086917890235 11.63860073837497 
1 0.036016011310712526 14.496618979705579 0.051001161717886274 7.443798084954031 0.07500000000000001 0.6682927463320011 0.040033837453655734 12.709913320530255 
1 0.084 0.38758163532100126 0.04601651727968067 16.04343710675773 0.032016193498650744 33.30386397011482 0.07300001925997444 1.394933492618041 
1 0.06000005723828276 6.254296678183946 0.054000987981024186 9.106228161348557 0.033010263332906034 25.910949995495727 0.04300377422677197 15.650241695853705 
2 0.08 0.14408560135648704 0.0740005773332386 1.56861665086513 0.04900145680290531 17.097597765487286 0.04600601154754528 21.809167366301775 
3 0.07900204394402574 0.9759804365655443 0.03302199155422396 65.71867968103605 0.053013900281179506 22.9506903912059 0.049010784606293725 30.68926801035257 
1 0.07600000000000001 0.6030500764393603 0.03600999666175776 18.515502371541423 0.05595309237038629 7.242057372802003 0.07397894313791202 0.6860000426092101 
1 0.056015669459783826 9.647668234496553 0.04703073695930156 13.42995023601122 0.04500695881338739 15.869691039239346 0.057006061196991455 7.429555885837917 
1 0.05800457363966648 7.106657248420829 0.03500600309020055 28.13968834773651 0.084 0.6915156918729731 0.06700041253904665 2.8981186277366375 
2 0.05801168242953564 12.949921943317356 0.04900373647481883 21.099037370729555 0.083 0 0.04000884510342727 34.62263684618456 
1 0.07800000000000001 0.7920431234322599 0.07401844592805208 1.0520825422215276 0.084 0 0.052001437448460676 10.742348465688444 
2 0.084 0 0.071013715638483 2.986659492123276 0.07495157724657597 1.8365323345977975 0.050004968157485785 23.31148439832593 
3 0.040010211157261014 42.89835268941593 0.07100250782362344 3.89006000405789 0.0839835889685821 0 0.044009794954521 34.62181576255871 
1 0.056000123167917595 9.109884490550769 0.06400414866310297 5.041364991416643 0.03900557078382524 25.058232019086475 0.067 3.177524895805954 
1 0.07203408621544097 1.5263397174755233 0.03302343615643487 32.58603596848813 0.06000063167038195 5.987198422547682 0.07298010095631574 1.236335895597652 
1 0.07900000000000001 0 0.0600003516491554 7.548953764681341 0.056001594274213265 9.099456016502423 0.047006746487268096 14.90274434044717 
3 0.04101447885947139 47.5625684318252 0.08100090541316235 0.3097151941149196 0.07200053181301129 3.8400453579011526 0.062006778329558164 12.551631001068 
4 0.084 0.8924047363366127 0.05300611360116498 30.65119872191868 0.04002744823951384 63.09125349230857 0.05800430129565721 22.271836544654075 
1 0.047012317200818735 10.928881930582724 0.04200494057164789 15.919238417309256 0.04600271604259573 12.381183211629265 0.07600000000000001 0.7508847345986529 
1 0.05700042832156329 5.407329706602097 0.04000508210737229 19.627483554180014 0.04100473864068975 18.52211655405098 0.04600489539387246 13.662993617873028 
4 0.05001407014799139 30.688974497784226 0.040022676050385154 52.81258996064341 0.07200464494653082 4.222296327969092 0.0340224021409605 69.33957850142986 
3 0.045016770922307485 38.13800578086848 0.056008858902941376 19.94779079559935 0.045016372846294506 37.97424866763651 0.07800000000000001 2.0507974290620203 
4 0.07700097343391939 2.1521244605787713 0.07900029826692141 1.4846005332306589 0.082 1.1163685908326362 0.05902608611097666 17.79424075021219 
3 0.04500407147599281 32.17549799571959 0.04801137570212178 26.976781272828976 0.06600633149017818 7.20548834553829 0.07200101161737882 3.0018742552293833 
1 0.051000936076099616 7.831734073420921 0.0479946342083929 8.23748706948811 0.07500044725291291 0.4101520120190302 0.06200128815936561 3.7589519724875995 
1 0.05100497311687337 6.893805007216871 0.04400717704425077 11.548354202762491 0.04795772548744649 9.987155684312015 0.0600325413967323 4.7276811595901735 
4 0.041019373737366804 57.33666254386362 0.04102123580117538 57.34856605728015 0.083 1.4201281345081695 0.0440387979316059 47.716131207339885 
3 0.07400026947870184 2.1253704758275296 0.03901937895451889 43.89454968389013 0.0410132035794345 38.893986555063265 0.07600321142005009 1.9717020694186396 
4 0.0780052536322349 2.360986227722334 0.052002520716522484 30.20832823375362 0.06800111218944259 8.45274318596375 0.07800000278831769 1.541372149394705 
3 0.04101439787936522 49.74845291577421 0.04002143154357541 51.32186926794015 0.05600490182832073 19.879025857624093 0.07200051977898103 3.7924761635393964 
1 0.0760240424135071 0.8279780128849703 0.081 0.02947093733852906 0.0640056429916453 2.985572774449519 0.031013099341194325 26.412337228623013 
1 0.06600312691488544 3.148166538192104 0.05700087431874277 8.64628847493253 0.07500009422056492 0.9180073175622772 0.03200873937916697 30.547569716546896 
3 0.03001946554480045 64.90766976162357 0.032020073897074466 60.05653993444588 0.06300160523177581 9.47435473695636 0.08300487872506129 0.9042522344749365 
2 0.0440094015500369 21.63884388996979 0.08 0.9923477136335809 0.07200037793071765 1.995516095050906 0.0689747633042676 3.614111085420868 
3 0.07100239074405254 3.115656744726826 0.07600052570749327 1.6732566411077137 0.057010305595669566 15.246743647878144 0.046013169606051674 29.82509232405516 
3 0.07900230772693956 0.8117164354784068 0.07900030063614658 1.2637802807626213 0.054964060490955646 21.074166211384508 0.08500016953753925 0.40708789332642814 
4 0.062002130231873995 16.66498879709041 0.04102573185072689 60.891819765018866 0.03602984602376226 77.63844790778289 0.031039503131430293 95.13208339560737 
3 0.0819724661121003 1.278947022570489 0.07200327702933901 3.3484610844433678 0.045011339065136546 34.99825296617891 0.07700000000000001 1.3993996920179088 
2 0.04200844002582402 35.18676263507267 0.0339719664528199 50.68953201216637 0.035016161771546456 48.064730082541956 0.055002496167778456 16.78733624231723 
3 0.04301872857485843 34.885620826311985 0.08000079736187156 0.436620244524794 0.06302530611734972 10.841243538003907 0.041009960078932386 39.08778451899149 
2 0.07502501357900296 1.4692792787365971 0.081 0.14247848815565897 0.08100005277006368 0.1853457136179252 0.03201607554319712 37.18018383619205 
2 0.03903011869491462 39.32776848607642 0.06600107210159611 5.941913993463256 0.055001405022015774 15.694452102651002 0.05899353576744493 11.982119860525993 
2 0.03701574825241427 41.29192434446158 0.04401087501653065 0 0.05800188289491503 11.905965706522071 0.036011323092065006 44.26199193266564 
2 0.05600722795965932 9.927895359284422 0.04500381961552886 20.78257878463283 0.03901043036752999 28.013316548996194 0.030012019399938875 41.160376803086706 
2 0.07600000000000001 1.4604947242529096 0.05900714010463182 9.693011399060884 0.07700046586791763 0.9286362129191288 0.056028410771652694 12.78616245178273 
4 0.06900680282105874 6.976741944077313 0.05900907564142372 18.591700497515 0.05800955477494698 19.538361121211533 0.05601016698158143 22.81179395565922 
1 0.060952324217030125 3.2208112658721486 0.06300023646369132 3.7904466670811514 0.05998038620888426 4.987187754180529 0.08100003684485106 0.2050938502842521 
1 0.042015243424871944 14.711714319629568 0.07900051977327055 0.1795790750399535 0.07800039783251517 0.23071586155365834 0.0450036334739977 12.672520667015736 
3 0.060000005942913846 13.483690111678927 0.07700288284527243 1.6569857072672018 0.052002718374842084 22.56787653607776 0.055007653815262104 18.33158384980998 
1 0.07900000000000001 0.03853120950455006 0.036021340593554996 23.323547621320646 0.081 0 0.049027356377463714 10.794571819210956 
4 0.07100443785767463 5.678765110733786 0.05101712104500569 35.0428609350525 0.035046062334034234 80.67265383902576 0.07900398548214879 2.517865969571364 
4 0.06200034285026543 14.77233873782605 0.044012164634090245 48.39678532941716 0.07804035426183223 1.392460175293622 0.03203303518661936 79.82046704683182 
1 0.03801000341169309 23.24792896762771 0.07300282504096312 1.0108752472821938 0.04900783599074925 12.74742477442346 0.06200005043133327 5.4544680659647105 
3 0.06501564852189927 9.603297662755015 0.0620030497412455 13.054183638939184 0.051010032247396475 26.541413357566487 0.061001372856211454 13.892505033723364 
1 0.06398871480515753 2.9710321522303422 0.079000016866279 0.6035701453186136 0.056992598120343824 7.683619623035655 0.040002709310633676 21.927447083933963 
4 0.065 11.310195006885031 0.08500501739711833 0.6534298834948638 0.05601392285735197 23.161808276541755 0.04801133550127145 37.30850431602149 
2 0.07600000000000001 1.3693850720335137 0.08 0.9132786733995784 0.072047660819487 2.733028125266771 0.082 0.2645091330057021 
1 0.06900069642803958 2.4190732715232146 0.05200642233167313 9.755805443046512 0.0630050319306488 4.103249285502168 0.083 0 
3 0.03301803797135883 45.05715265876448 0.04201029262142032 34.91869023649556 0.051007877265678105 21.033896635507116 0.07800000000000001 0.9914752182999732 
2 0.042016602640690015 34.76933718321802 0.059008315551182224 11.826196327871193 0.07600133345764562 1.7010646267952085 0.030026485928008204 60.513417014090095 
2 0.07100119225291687 1.8104178074272304 0.0630006431834765 6.081734490311966 0.03301757359716652 38.31683881203443 0.04800858798572245 19.119534676684864 
4 0.07800000000000001 1.9419049680299154 0.08200049437130548 1.1678354747230901 0.0790008764845175 1.4177617423274542 0.03902039753474505 57.63073131163924 
2 0.0719674713582239 2.684252977637259 0.07700046551453708 1.2563413341354759 0.084 0 0.05700926463588306 13.761617643849664 
2 0.03802154239827925 29.911909043276175 0.06900002365659344 3.9847508562993204 0.058004227929563335 9.533176916387205 0.029951139983597733 42.06665272820457 
2 0.03301502001605003 39.18928516682015 0.053001427583755305 13.519404928241858 0.081 0.6560395844406759 0.03301128167232534 38.88638365973493 
1 0.04600081741536709 12.983043123665908 0.07700000000000001 0.3039182162405543 0.03702334988377959 23.45158554725633 0.08 0.39869926131717903 
3 0.048005554417803686 31.139943680183013 0.049008798690471624 30.009567897569884 0.04801382269919202 31.537881791278124 0.03901579743724094 50.114682056234884 
3 0.08 1.4456894133610365 0.07400095708864572 2.2993190288717593 0.059001698612531205 12.780216454423876 0.06300319087909179 9.928883145049246 
1 0.04300773720373918 13.075861397630971 0.04500232028225023 11.483742201172166 0.06600069174899756 3.087213686591493 0.083 0 
4 0.07100366519253223 5.3770035271914445 0.04800834805964948 36.783974192080336 0.06500339498584738 10.610201612506353 0.07000118437972458 6.174748398617503 
4 0.033028731118123725 74.28470109628158 0.0660229438984969 9.730404204199203 0.055004169295005886 23.900729403746908 0.06200296964404649 14.683616684417583 
1 0.05502654471927129 7.267899782616152 0.03202483589472262 36.00892539193458 0.03001796497024148 32.87226108147466 0.0600129762637848 7.940519168444619 
3 0.061007835269808526 12.550287745824749 0.08200048740176721 0.10926407891297481 0.031991401286386986 64.24067482745073 0.07200699722411713 3.5663678742394835 
1 0.031012217536335304 37.56560285998133 0.07700778724013294 0.6126238504088845 0.05700408246450917 9.936808182759762 0.084 0 
2 0.08 1.2411445365864802 0.083 0.21549731705079941 0.08100039053663484 0.7264898490591081 0.054009749585980295 17.778423887889527 
1 0.07800000000000001 1.0865474594134028 0.04001195054356346 24.030780382288015 0.08000024549351933 0.8242563577893661 0.07600069622341635 0.903339896186937 
4 0.03604092563401609 67.57156952799029 0.0680407639270196 7.877823193486819 0.04301227730468778 48.77321133760263 0.047017935868595956 39.02276247143019 
3 0.03400749902217176 66.63115827249614 0.05700927136689899 18.87292139752587 0.04001224521689982 52.07326572861996 0.03302477319681435 71.3320791177447 
3 0.0740083568627828 2.322247185215037 0.06100680584292102 12.289207675105756 0.08000070238365264 0.7634353676810097 0.05601992675750097 17.644042997604494 
3 0.040024426555921415 46.04054972175936 0.05300416454147597 22.111675748117683 0.05800473364843294 15.74361561342494 0.07100019217480744 3.868009711667926 
1 0.045010657405532464 17.731013892734758 0.07200030499312018 1.2675285111438845 0.04401961028209731 16.245027380480664 0.08397682942220334 0 
3 0.07 5.525968315753176 0.048004946772042256 32.443890707412265 0.081 0 0.06000890837563037 14.68884197445116 
2 0.06600579520134144 5.831319192273286 0.0480103610868716 24.786180256024302 0.039011956259288105 40.311215006077546 0.038017680780297616 41.606916956643616 
2 0.084 0.038274166457544896 0.0600214035858444 9.860591431971063 0.04200947772074459 27.60770572374509 0.032023917093322696 42.58909025127698 
1 0.03800128610204112 16.20449964876975 0.07596676677718507 0.8589258105740288 0.041007431759329506 13.836283064448306 0.058006385869286546 5.388960031255996 
3 0.056004373683875036 18.878345709673717 0.04400711879923284 37.31743800317656 0.037019700259019156 53.9643798438579 0.07600000000000001 2.0215131058121 
3 0.04400302920277629 33.61970271954989 0.07401061860299304 2.2815073981398117 0.07096617131940669 3.6081378909078774 0.03897805017553556 42.71540185926635 
1 0.04300701452391663 12.166991602087467 0.068 1.657124571222405 0.07400000000000001 0.46577873478858717 0.04600648264756831 9.40625591999055 
4 0.07000039373479036 5.365101038041248 0.06300544282841872 13.043928981969042 0.05800744372827361 19.276704281759734 0.07900054084166949 1.8834072615104862 
1 0.07300017831958802 0.9176736730324131 0.043000622328022584 11.67216627419656 0.06000277185522698 5.079367550501166 0.040019912344480185 15.460632987715446 
2 0.08300405609368645 0.11965237993941205 0.06397099197585168 6.826969045082496 0.0620046455487674 8.293156304064782 0.034032361506928344 41.980394319831014 
4 0.082 0.576965276857491 0.03702933968167359 73.55099945020561 0.082 3.5135584457958426 0.07300094724032502 4.234390429638663 
3 0.04195863599832455 42.7833390720248 0.06101032097075358 12.756943725437363 0.08300038239332147 0 0.07100037821214841 4.3226139424122465 
1 0.07200000000000001 1.2654852651694761 0.0420008859343255 13.020594308578442 0.05500010822943617 5.759612857899455 0.0820043363140422 0 
2 0.07100142320857446 2.779526445940218 0.085 0 0.07701901088289989 1.1921282010458067 0.03901098505987932 33.71166481322903 
4 0.04902708122733299 39.71990580333848 0.04701807725319465 41.988692244502055 0.07800000000000001 2.2391171747017444 0.049019749892931196 37.95570075347209 
4 0.031034170355824106 93.10374564173402 0.03403472790496953 80.62950620041941 0.07900000000000001 2.55672719739898 0.04700895173739729 44.19220124312607 
2 0.08100933438426725 0.22500963528669296 0.06900021864102251 3.3021987367373775 0.07000037493266259 2.9653146565046726 0.084 0 
1 0.030019771243872062 36.66046388165442 0.07803353786774257 0.5577610234772562 0.03601080178504289 25.636786598954103 0.03201165591628592 30.29956017812072 
3 0.05800687737483292 13.941664321155741 0.04501475438002849 32.452190761114686 0.061001524818867225 11.278349420840735 0.07100031515045771 3.850820745316881 
4 0.04101882051587437 56.47292291409638 0.057019235410888165 22.104742551258113 0.03204879110938548 84.29973594964038 0.08200153371769255 0.9750415007487201 
3 0.0660072882211046 9.603129012417362 0.03202584539703361 68.46155018612798 0.06801904458849331 7.35104745547222 0.04296588506841673 41.805292469244264 
2 0.084 0 0.06000563847502054 11.302626629939562 0.06400162765001599 7.687301311711508 0.0850004412403368 0.5397294156481939 
3 0.07200000000000001 3.7024291316991427 0.057004600146257633 17.323212491830464 0.043014425612308206 40.49996811337656 0.03398132296754208 60.98403292966651 
2 0.04301536545395238 32.00138660784394 0.03302918385402187 47.680875202690984 0.04600769998598307 25.18963877857596 0.03102211965429194 51.669748994504516 
2 0.06800648939219751 3.0479145257138702 0.05300165991063181 11.830351243127819 0.05100666735102131 14.355235707195808 0.03900673822624878 26.95604828293691 
2 0.041991412428594166 29.751079150658537 0.07800056759496522 0.6801897523127202 0.053006042439115476 16.15068222726268 0.031017334950214553 50.57933669042064 
1 0.05700047134946934 6.26271449061173 0.0510016519922613 8.581812297956853 0.04696887061407912 10.403944368841316 0.04800146568451777 10.391444552942836 
2 0.06300579078798801 6.1269424425148795 0.04002271233713208 28.095880684331675 0.066000753887641 3.7070422968366126 0.06000262899179589 8.041843046459588 
4 0.085 1.4292713017254022 0.04501882984790554 49.967594661493045 0.05404206333576132 30.240104102669697 0.03103406799244611 94.20646620259973 
4 0.07200000000000001 4.7274734648400685 0.06300226321785628 14.37273405426153 0.046023293061571026 44.06074774892741 0.08002083671143709 2.022420263968532 
1 0.04500492547378866 18.510799512540842 0.04400915759835125 19.64152857503704 0.07900000000000001 0.7480589539645673 0.03401588320452893 32.45501988077243 
3 0.044012229487338135 40.455611628945306 0.084 1.4594674859285435 0.047048243518453416 34.20786480620818 0.06201115018095263 12.260490057452833 
2 0.06200073893824309 9.531404974925156 0.06900092837271313 4.88867013565779 0.07200102090036355 2.7885718889760605 0.06700173906849488 5.998068000121526 
1 0.031002726872640926 23.452036675978313 0.05800002806974587 3.475231048505563 0.03601915730799056 18.324392551410032 0.06200005709926968 2.7731148929823237 
1 0.04400421454605269 19.016854424359906 0.036995006637292605 25.234487899421627 0.0820000178135888 0.43178791761099083 0.0570031508750779 7.969553953429189 
3 0.06600595563955847 5.968514414717891 0.06500474373175005 7.474503137390619 0.060977634632072404 11.327919348783633 0.07801744729365903 0.7600156037391499 
2 0.084 0.1429678045296024 0.0639505948748037 6.802506091040335 0.04500563036677212 22.468578126322207 0.0710001567918878 2.89958248898746 
1 0.04400364481867531 10.831906867882982 0.04000176036804116 11.841238741863144 0.04100198706497946 11.448442177378466 0.05200570604731311 6.204941325199202 
2 0.04200421402295896 32.11761273017088 0.05600424546827314 13.601442155037759 0.062006648668013496 8.614419233364735 0.08100030763354168 0.2993000653186736 
1 0.081 0.2353032289936683 0.04200959382493274 12.704146588661924 0.03700559667522635 18.675165031846632 0.04700072881538747 11.971331970198785 
1 0.06402291570576349 3.561571771156344 0.084 0 0.03303255209806964 29.894879071232705 0.04900308414640405 13.934574603515872 
2 0.035024137986896395 48.38189727453731 0.05401001272906412 18.058160090008936 0.044014168547617076 31.026406453058 0.06201633885366455 10.358604045278225 
1 0.062000000000000006 4.186190051141319 0.07000047128047894 1.9622063290177307 0.04201103539145099 21.198137794659736 0.05800078382070666 7.110032898247117 
3 0.07900000000000001 1.6403285672899113 0.06400048547852816 8.640687985816609 0.07600112257278965 1.8776482181567238 0.07400103279637235 2.1682349385210484 
4 0.06201365786699058 13.255433265121425 0.05900508148755145 17.493362919822932 0.0320374266540487 74.10341811566116 0.07500188809932201 2.4507969613033906 
1 0.031005446956250196 22.60286829210738 0.081 0 0.060001109886623646 5.4030960875492955 0.07200000000000001 0.829003682418141 
1 0.07697179134362052 0.05949463661765529 0.03801874011137119 15.405077988975133 0.05900009411392981 3.9378660101928697 0.08100029401367187 0 
2 0.04101579078030629 26.966716046411836 0.07600480142106385 0.86609188287573 0.03200572438612097 40.670682473683726 0.08500078480414913 0 
3 0.04700254715101714 29.646981632865085 0.07000119596303112 4.876434375356787 0.05401046314499435 19.11489879073565 0.04600910240845839 31.449247085616953 
1 0.04400146153225942 15.651421780607595 0.07700000000000001 0.3869474265572986 0.07900000000000001 0.4069782252268019 0.040011684909877235 16.999037094321757 
1 0.07800000000000001 0.9300391263623387 0.0749509168115345 0.7722572598846746 0.05500404046215261 11.026942128779442 0.035024062298050856 29.176372897342244 
3 0.052003405072161925 20.79433684070688 0.037012688902164706 45.822030510890194 0.07700135905223374 1.4319073709645294 0.05900075069440026 12.102699996401366 
1 0.076001800199689 0.7790594564962293 0.08 0.17907455834904432 0.046036739945786255 13.112085907078484 0.044006757037129196 15.902563329770038 
1 0.031018579661422047 30.478561505527107 0.05300158454249072 10.682869563720532 0.04301165369670161 17.505538680670377 0.03800766648653528 22.197703631430038 
4 0.04102765724001566 49.81239740601214 0.07000065013786053 6.0159750421261675 0.05900177182246267 17.3542183700795 0.07600603192279014 2.1196040767573363 
1 0.05503810568979184 6.280028327148786 0.061001287869891035 4.3634979198734 0.05700028657408109 5.054781754101311 0.08003905762760875 0 
3 0.03697650387791879 49.40910848573141 0.03502395631153089 53.99129013819775 0.030026543038639233 66.82280727673503 0.05601594587580685 16.613294769845517 
4 0.036987157072069704 62.594134601505786 0.05103191478971974 30.219250247276943 0.07900000000000001 1.436220408259252 0.07800098296544272 1.6309017268912311 
1 0.05701900995747091 8.608394725622606 0.048006229291355514 14.936322796854942 0.03202507169761269 34.774691823016504 0.04702326770187694 16.22798161637405 
4 0.0350278711766813 72.57386873956787 0.04801436540910149 38.55974028529986 0.05601249239589064 23.831537120485077 0.030036448784111033 88.38945756789629 
4 0.045020642782515836 46.62006311452011 0.0700011135240263 6.700305795108157 0.08100055438283367 0.9687740959764813 0.03904074527292765 62.40709201870843 
3 0.04501405977164437 35.8284319380218 0.06301639308479015 10.7251069935628 0.06400124863688114 9.586494710887852 0.05800236404083762 15.76341113433541 
1 0.05201012601606 10.786453231081765 0.05400144981135024 9.557475902542967 0.05200541889244272 11.347032340613842 0.06100181644393368 5.379606323227844 
2 0.05200119357423026 14.982229477948286 0.049005021198845033 19.34303871416807 0.07900374500590551 0.6833970906248499 0.03001781682773348 48.84434023414858 
3 0.05300383842677643 23.74654247292016 0.039012234228812046 52.58739050148727 0.03602155391727184 59.8610433120582 0.038019009228184825 54.90619865683218 
3 0.05901428558640572 16.77614664654059 0.03302271800356592 70.92739917745544 0.06400259337360321 11.590520859346528 0.05500563851117257 22.633482053706707 
4 0.04302340214455084 46.25912108021803 0.0650395840472249 9.75673454124165 0.036018134921650555 63.1293339668409 0.04301687114701552 45.7641772574704 
4 0.04702104130189408 41.51085950319058 0.03603212886454789 72.93154144479858 0.06500161687816 11.843384463377612 0.04801072782595859 39.74433083450153 
4 0.05300845559096776 26.3067289341851 0.0560089842693081 21.487679728433548 0.04801035024531304 36.30726022158137 0.05601118692116978 22.583586966088852 
1 0.0750247806354856 0.9147890032859098 0.03801038081016476 24.378382488461995 0.06800006119732879 3.3488530630535784 0.052001428227204466 11.223916639265555 
1 0.03200753836513984 22.448975087782028 0.04800484652835512 15.993107032084982 0.06900050715018165 3.0981651588425545 0.06201314384002729 6.492400686823185 
2 0.0440051259187167 28.356544427134782 0.07097669875999447 2.7706128110946584 0.05100863973069083 18.62273362182032 0.07600037757126185 1.4272800390810059 
2 0.04300906190519207 21.105394093514104 0.08200023885579877 0.6170610669345528 0.048032992298179665 17.023427209535555 0.0850005491300781 0.35131183521385784 
3 0.068 7.11340869865932 0.03401722920487635 66.69381865014385 0.04801398453186757 33.72639449952312 0.04801249125753212 33.28108772529049 
4 0.05902017760615977 18.60368279430009 0.047007860176799345 38.41801149357488 0.04201990299702248 49.99893441238268 0.031039986639255737 83.50441237843977 
2 0.05400089056956065 14.980153925579264 0.07300036647533517 2.1621501801934206 0.04000723439904866 35.8450140010646 0.06202433658940602 8.514904127596214 
4 0.05800172693371558 19.35201393276776 0.054008287428403544 25.69180842963032 0.0490136737888087 35.66286852966524 0.047016525141294785 39.8916311237417 
2 0.05901649646825276 12.634144921600692 0.07800067450783238 1.1907444996467256 0.083 0 0.04101220685739781 34.76034245217699 
2 0.03202162702056925 47.418097112048045 0.08000063497848531 0.5137908962170312 0.03896194463013855 34.69261238603112 0.081 1.038113750071137 
1 0.084 0 0.081 0 0.05898500765945255 5.787417984750687 0.055000624795089506 5.377247121740854 
1 0.06300394679807941 4.3459737395669045 0.04200563199143502 22.21605069202605 0.085 0 0.05900073549810072 8.121628553201473 
4 0.033028881306129645 39.80582053792426 0.04601569797516646 42.29149814758207 0.06801217572695661 7.819819174090741 0.030032997317264706 85.60955607495654 
2 0.04500402826115979 28.52787210483796 0.031018619566902134 55.09992639889117 0.08500365725297508 0.5903662580503828 0.06900066356778357 4.959761235726434 
1 0.08300402023355344 0.5507771815486234 0.07900176024593136 0.3685384457081998 0.04400791675787371 17.780752286104914 0.06600033387075901 2.483901167451014 
2 0.067 6.475086286278719 0.05095546062348772 20.133318927292862 0.06700053921962877 6.3541220123821525 0.057006891582591146 13.943976228172856 
1 0.06400363746707621 3.0163352463164785 0.03098743128008742 31.672233220380228 0.053979462706679235 8.496632245450899 0.07800008723522173 0.5433812495276378 
4 0.07900139007368573 2.269171192754964 0.084 0.7154476339899836 0.08000100459639067 1.2834687075024074 0.040021678853424045 59.51451710755355 
2 0.05296656399092743 11.327392828109517 0.05900639143823499 8.766762549103007 0.05600118349342942 10.642496190944948 0.06500102197415494 4.532141745330009 
4 0.046026827613555754 42.27237946037153 0.083 1.6635032639314957 0.07700089291513736 2.015205254640273 0.05101525785084446 32.611405575303586 
2 0.05300383667499753 17.727703413629136 0.05900399567804533 0 0.07199655699496532 2.751690160790684 0.08000010836505073 0.893125437267641 
4 0.039020638568269636 54.473285591764515 0.08004982801514755 1.4133971437301172 0.04501840013272725 40.197532591278225 0.05401033270222904 24.521671998141265 
3 0.08 1.4075625135292218 0.084 0.2074429222136055 0.07000287653869652 3.9066039749790553 0.03301902279357065 54.644225198231666 
1 0.040012636718472945 20.542669453976796 0.03001348218855651 35.30490758324102 0.06700030360884315 2.785732992206164 0.035010855774036106 27.880015454030968 
4 0.07600000000000001 2.8841685409006326 0.0630078833206076 14.624984395386758 0.03503486354202162 74.75880260113736 0.08204381734877136 1.063644509239174 
1 0.06600195349965068 1.8920418437560316 0.033976738644841936 25.54492241016154 0.05600107690069171 8.110375910517508 0.04997018997160125 11.697506508667946 
2 0.03801028759152501 40.69588371084062 0.07000296707309274 4.129701953812127 0.08298081311766242 0 0.04403930771332261 28.534549677593375 
3 0.06502689062969844 8.864836284747055 0.07400969014288719 2.7094742498492486 0.085 0 0.031025810866217182 74.05133619991788 
2 0.051003760497201935 20.224380395961653 0.061000868694783855 9.623199370857696 0.06700415809889496 5.454817888933366 0.02997645603395123 62.883250374687584 
3 0.082 1.049100935792155 0.0700004500931965 4.3449896105961905 0.045016315821978174 30.424275257681572 0.033023005284844684 54.14886283125038 
3 0.05302953917492849 26.052207840808574 0.04601353742489212 37.80879197107527 0.05600447433996428 20.780494204763826 0.07500097381744665 2.492393800375493 
4 0.068 7.696064706813837 0.04801674639968494 33.528868890121 0.03802447045972411 57.22394014057283 0.08103588658579887 0.19642795099942556 
3 0.08000000326863863 1.6829788176754121 0.04102775110886944 45.08443676960907 0.05100662416124405 25.15629155167575 0.07300107050864695 2.7243035463706535 
3 0.060002896630023256 12.65399537090226 0.06700124546080391 6.526032555530513 0.04603248490055567 31.168994630818542 0.07596288768606599 1.9271464588817546 
1 0.06100006851067808 2.5293275629308134 0.035007676900684626 16.83629245095297 0.03100546161011665 20.204028469559194 0.05800045044658585 3.5414812256745902 
2 0.05200347763214524 19.237790196593483 0.030033739569304302 56.3931271728836 0.07100000000000001 3.3012621531473743 0.05101243312837059 19.030401341506654 
4 0.07502588826645984 3.2416333516058624 0.0690013833794815 8.185970181498657 0.04701341279104535 43.84153500225981 0.084 2.0258869945040576 
1 0.0520041442020325 12.459826119019892 0.04399589064277779 18.2373228667646 0.03200811503289122 33.971213529459206 0.0510055187578209 11.63807175598288 
3 0.07300095926220679 2.7119515660531652 0.04600723344897178 31.96573865418775 0.06700038514450321 6.782068091914204 0.049010371649545297 28.4586387814197 
3 0.067 6.4574331037761965 0.04000806838623605 38.94963348470561 0.069 5.322344211703502 0.034018133487525026 50.72136089906082 
2 0.03501386162695798 32.86556545003625 0.06800002494535703 2.770685536580799 0.040025598277606975 26.098560847765256 0.053001088040924765 13.166373194841688 
3 0.07800553575001362 0.9917679746647609 0.062005721315805826 10.77782570730928 0.07100243475784673 3.575835304316065 0.03301804826056848 55.023573552176686 
1 0.06803009324687358 2.7014341233437564 0.05400216565177033 8.383151838473562 0.04800214506501267 14.268262788947267 0.07297245080261895 1.2189203177072423 
1 0.06400000258764904 5.239312340453832 0.06098491552201316 6.934190163457526 0.03502619637806527 31.05383739904525 0.07802407172398897 0.9580118332835355 
2 0.08300406170296121 0 0.03802779404746142 35.65811951770906 0.037015819904896094 39.15121488647121 0.05400151281244978 15.502214412985673 
4 0.0630004822729309 15.108884364347196 0.07200324551555087 5.076552691930836 0.0500040930387388 37.33352331591486 0.056011345468476505 25.5950136346626 
4 0.08000004159172353 1.1882123220079694 0.05101811180331839 32.99166715240402 0.04102487417004435 58.75159044659918 0.05802223399997381 21.440056789482618 
2 0.084 0.350374137537636 0.05204930527780127 14.450240714757484 0.061000000000000006 7.27939306789814 0.07800019348155365 0.9234105863064821 
4 0.06200226422278338 16.64202738048597 0.0720007809082279 5.292728191401359 0.048018780531174615 42.355364984911915 0.030039796646798664 98.3671434588418 
2 0.03401193537083878 41.462533219391524 0.05700142711583352 12.745014011463612 0.03501416650523495 40.32235457846806 0.04001230596766613 30.308457485180085 
3 0.037023187630915735 50.238528679870925 0.041016857683324685 41.58899205779109 0.05502615153464436 18.973734466928647 0.07100046372528433 3.9010443750055606 
1 0.051000995946290435 7.444397560309968 0.05600054065681318 4.448030144545075 0.04800271873551019 7.819460683980033 0.0500004573181574 7.173336168961744 
4 0.08300415044822067 0.9362731403455418 0.03801594617065255 66.07938130199321 0.051010598154290564 33.875613692959234 0.050015353533401925 35.35684797459167 
1 0.07400699994532225 1.2754488230841676 0.04800207619129793 16.892855548802913 0.05100623520044944 13.595140293399586 0.07500212097239009 0.9653706877180459 
4 0.05900019207561684 20.375236655640098 0.04602115934221284 45.52421475983103 0.05900339814313759 20.02558936635669 0.07400084932431923 3.421416100225385 
3 0.05295807981908409 19.233808434053874 0.05900429873135343 13.941155663731653 0.03102294839502323 60.81551334984729 0.08499122897619035 0.6646976427493901 
4 0.03303052810467788 73.04651427521392 0.06500001746995764 11.082574791872783 0.07600870072965714 2.3331426476323127 0.051002445966807995 29.911120594642515 
1 0.045010512793624426 18.522344797674545 0.07996554412690121 0.506073359729211 0.036012968053276126 27.939066515730786 0.046971059977650866 15.899420711575623 
3 0.07400097855226856 2.064114915446645 0.07300115546936092 2.472122793184166 0.039016752051941855 42.689609289434394 0.07303409864539076 2.485786220188354 
3 0.04200684293788285 36.91823052258074 0.06600052639731793 6.7501781875028755 0.07898940001115551 1.1490180360015185 0.07200100631909656 2.968723418524914 
3 0.03701328398103128 46.3847487621048 0.04201401987892163 35.85171449966677 0.085 0 0.07800062457764984 1.1232709976344073 
1 0.031005442831874258 22.660318468204373 0.04600340209136407 10.703053570105926 0.04300225873990827 12.190166582842775 0.0620242492154123 3.688209755833592 
1 0.06600173421137213 2.6120639508717582 0.039012105261396604 17.285578726994274 0.07000000712904146 0 0.040005921253705584 16.860333093500202 
2 0.06000847767754458 8.051137980595344 0.04500991060285609 24.841041408771424 0.07400040152385753 1.471971178702762 0.06900198638443909 3.8684018983307227 
3 0.06300668709920669 11.025936630665871 0.07502744519714664 2.3060259559273093 0.083 0.8561581765646781 0.06203455991342353 11.704194657890692 
2 0.038015975205254224 42.98713449938277 0.06700681399993698 6.133052976085487 0.07700000000000001 1.1964860602625338 0.06800056440127503 5.70587450110026 
2 0.03301171269700222 49.24393851053841 0.05300432780705248 17.36842122659961 0.06700760362688626 5.326860800670339 0.044037745090029966 29.612028190323787 
4 0.05102960285128229 31.200720073941124 0.07700000000000001 2.372519831186198 0.04201421222069562 52.04371756687419 0.04201927545226944 52.53014884583544 
4 0.04903134665988705 36.38550270521715 0.06800139646441661 8.93693720618168 0.0770006442964781 2.566211557306605 0.03303152299893376 79.60277631810627 
3 0.04096945105740448 38.426992374533945 0.08402283432706419 0 0.061001233686060266 10.91707153712921 0.05198747878286475 22.164153239551073 
1 0.05000498206890057 9.695636298953271 0.036006949393468476 20.7812294327918 0.032008087710260036 25.222619319903448 0.03200934171123851 24.798506973383486 
2 0.06403428069120543 7.975348733617211 0.04901051828134982 23.88494803496473 0.07200313840959677 2.945256369699276 0.07100336505848825 3.3844740823899375 
4 0.05302103785039183 28.85337253932868 0.08300003538209505 1.9931818588229733 0.06800056142065769 8.869539404607512 0.085 1.1756540552935408 
3 0.05802810132039203 16.93523129717557 0.03401765243361407 63.934991261642274 0.07400506593086661 2.6103408098675214 0.06500136711515131 9.638074616434386 
3 0.04401321092199196 37.84274171733354 0.060001565941989174 14.60989299026916 0.05700518013481879 17.61612797692525 0.04998341070069762 27.783130896010093 
3 0.03402496541784887 55.191136260292375 0.055006569267635835 18.420567176230456 0.06200153841178094 10.909450929521679 0.0850043110842633 0.19666076759384904 
3 0.06500588116662812 9.023775304870526 0.08200338786868253 1.0524134848143394 0.04303528430645845 38.34088441393377 0.06001044138351548 13.27969593870383 
4 0.033029420180372374 70.79106635714263 0.03902213623507259 55.335090037789556 0.04801472721335241 35.440500673247094 0.05601043374424124 21.775516945692345 
1 0.0530222198133235 10.378248775499964 0.04400646934857924 15.09698668909455 0.05200383016344982 8.770961723691336 0.058003923401143874 6.194153710885475 
1 0.060952705527787296 3.7512684005185335 0.06496714690513784 3.6381160825784224 0.06197926637553472 4.113494481014641 0.05700129772954688 6.415865842054803 
2 0.07600000000000001 1.4261590314313022 0.06500085922381532 4.694543469491906 0.04800536911207615 18.510057791960545 0.04400705500060365 22.57566712932809 
2 0.034024290728404086 35.60896600847276 0.06100023050268146 9.925978986035116 0.07600062664692361 1.125157518244162 0.05400133322167862 13.560421526452682 
1 0.062000000000000006 4.298236190593109 0.043007785716729946 18.678963312474476 0.06295434056725602 3.7983584084383386 0.07 1.9255607642953212 
3 0.08100101609519203 0.9354609094021707 0.082 0.3238948771650957 0.04801698178072742 24.727592117492666 0.030024904697829327 63.30163152052357 
1 0.030011302906534476 35.74886959861658 0.06800022255512737 4.3966493655824355 0.0320111542036582 33.23695300793724 0.06000117152300815 4.744009466682976 
2 0.03402033970089098 37.68725371275714 0.07397792397300237 1.519686627954897 0.04801121555376527 19.799716904252413 0.03401470855233375 39.12016370555645 
3 0.04499069853522097 36.13937026263671 0.084 0.12738973776243387 0.03002115990629707 67.78094973324403 0.07800000000000001 1.0523621518432655 
1 0.0360142891168716 13.731883646792339 0.04100339564899112 12.737268527675548 0.07100000000000001 1.8918563321224013 0.06900191167899002 0.9591146588819551 
2 0.0360273975349857 41.26096143961522 0.0380128300913663 38.19485870835769 0.07500040934287767 1.7794918965091053 0.082 0.04729389111644368 
4 0.084 0.8462973294479028 0.07000087180684487 6.900097286950624 0.047008212973333026 43.88749675124618 0.054011521906175926 28.80144168859568 
1 0.0360163324151444 17.578436026344537 0.03500900822140246 19.867845143377615 0.084 0 0.057004632415900015 4.873610018285325 
3 0.04402112887665026 36.044654687925785 0.0420164682466406 40.472016657913315 0.03402229238909307 58.34431625855363 0.06700005525503655 6.885256573403658 
1 0.06501086577913581 2.2200470369596492 0.045016505384126736 13.245720919431442 0.03598262253434931 20.118936307067823 0.049000740963741414 10.811918078207997 
3 0.084 0 0.03302093527229864 66.83676880860668 0.0360204438782651 53.0599949634793 0.06701849007484052 7.776585777983234 
3 0.08000001037862409 1.797993352502275 0.0610110612078373 13.303985044106724 0.07600145120523011 2.101914970011569 0.03897968368318807 51.67115998983823 
3 0.062000559316469334 11.3301092579868 0.04001012479238735 45.4329901835834 0.04001682703352044 45.919483637903745 0.06101387900066922 13.079208128696804 
3 0.038012511703138234 55.27438488015198 0.07400000813752713 2.8171665173207336 0.04300706598365482 43.61765192123039 0.030025179266284507 75.75813708512365 
3 0.07800522599930249 0.938899042221194 0.03202664869308655 58.68015672320522 0.04501125359845258 31.723888466615556 0.06301484974001353 10.327560911473377 
2 0.0329513398745548 39.31582412865743 0.07500052677249187 1.4654382931050969 0.081 0.2456051381502095 0.04201677169527349 26.545799712302646 
1 0.0520005331859237 5.13266330471593 0.0850000501079452 0 0.07800000000000001 0.2230120483851036 0.055000128701213215 3.9050572966822577 
4 0.04801965989134544 39.89887077498513 0.043020231049716695 53.01898152987649 0.03402562759827382 79.13451151417621 0.04102527672991783 57.66376565954 
2 0.031023847303075627 34.45675086458327 0.044008659483700606 27.475151204209634 0.06100091860814941 9.786880855290011 0.059005586368953325 10.849349198455778 
3 0.04503184683135542 38.71931776562707 0.03502359619329089 61.96475826418188 0.07700000000000001 1.4067302710725753 0.05298540426783709 24.787438761685745 
4 0.03102500420826687 96.85026088413386 0.062000141879648175 14.489577202078912 0.051011059008852645 32.23866160267486 0.061001749425554586 15.616341411578862 
1 0.08 0.3787518441359088 0.06700198297792082 3.0112156545542805 0.03401972140266872 22.872370530214777 0.0560014664055053 6.464105112419408 
3 0.04404067988917748 38.678901189805785 0.031023529361187907 69.86164843696855 0.085 1.421971018241448 0.04301458257051602 41.0587048910789 
1 0.07599573676221312 1.118252664554067 0.034012595624553804 32.10456718580182 0.07100061738991048 2.0300354500819866 0.041004281068996215 23.874168183229322 
2 0.063 7.8661014310209945 0.07800061963923013 0.6921942446229971 0.07004660256971396 3.620790272290952 0.06600513259760073 6.952358194293525 
1 0.05002575301512926 10.099253321373375 0.07702634804134234 0.6785377816104772 0.06300095350835366 4.850700759362311 0.054000967602186485 9.960703740537511 
1 0.03801785259786447 26.450278142244283 0.03900721177168417 25.881528050217767 0.05100680701688856 13.883148794999741 0.07403975843164022 1.3195690115846188 
2 0.05100092040167374 16.470741578964816 0.053003381015789656 13.589870894833647 0.081 0.5468368744984357 0.07800054563282938 0.6641225004928444 
3 0.03002998738131883 62.5651743153312 0.061001529388793996 10.449655693367278 0.038015228518571344 43.955076245371494 0.06200128636942391 8.80770398707063 
1 0.07100105500327786 1.8633666584765876 0.04700938235334006 15.13099852369148 0.08 0.13916839676714104 0.047017157991428346 14.359997423640273 
3 0.063 7.828816588412165 0.06500080133980737 7.618752131872934 0.03503151597280307 49.90936010679628 0.0800465435277985 0.20336202764215605 
4 0.05102536646466372 30.41690006207029 0.06700116670965459 9.30289412018598 0.04401149688390653 46.29400135531773 0.054006523537664976 26.69142639740012 
2 0.05300022933567025 13.438631543128793 0.03303742843588785 42.58020729401892 0.06400391133404061 6.782293731386016 0.05800104691209787 11.357750011348756 
1 0.07900000000000001 0.27477381303966997 0.03100549613314424 24.60592778670602 0.03700757700925504 18.565680615761554 0.05000051707058373 9.666694660681198 
1 0.07700000000000001 0.7110769893769976 0.085 0 0.042022122874977495 18.245214413787306 0.031010498432727948 31.996799889530845 
3 0.05001212467634678 24.093740345623445 0.03501978647466676 52.85302673771743 0.084 0.6258203193049527 0.06900015158903683 5.756488167577729 
1 0.06500051411042529 4.7010392712754765 0.07200000000000001 1.3024265598359288 0.06897037549328396 1.8483700549532935 0.083 0 
2 0.03702202950682115 42.653664407870906 0.06604065827521682 6.77002506789206 0.03401938238067821 47.88621533292278 0.05303036136219156 18.560674231568843 
4 0.05800509318044047 19.043929504412187 0.04403287161384128 47.93068796225954 0.07002018510970151 6.156090403531023 0.07900027758881357 1.1875500672641108 
4 0.08300415811384532 1.2287371746519071 0.061974660078817585 15.83210212988337 0.05600764900028448 25.21227859256387 0.0460207338515509 46.29898100516768 
2 0.07100119482190428 1.8032236055117778 0.062000842989832945 6.664039022308101 0.06500104114820066 5.1438912076471635 0.085 0 
1 0.039979597076205964 19.683827704610476 0.0590016032566809 5.158497125867221 0.08204095494573894 0 0.04900073384268602 12.071336853988441 
2 0.06600576140394722 5.3305688563291955 0.08400072179878378 0.7582398536744539 0.06600322578917782 6.0360052766594325 0.08500087301880563 0.15746429010851082 
3 0.039020899142923934 46.40576436160924 0.0619812508606511 11.288690934388857 0.052975158017057905 22.630462050127377 0.055005423250197936 19.01204582790913 
3 0.07100225854863687 3.2416978479550904 0.07300053944891922 2.4781848660135037 0.05300961107761171 17.96452900349446 0.05600651543865523 15.539267428379551 
3 0.084 0 0.084 0.09539329883112567 0.049023267757670914 23.902028654169747 0.038019581119799556 43.99346155425547 
3 0.08204008771633325 1.3086262850286132 0.032024728002322686 59.84272968391393 0.0779920073357091 1.9037574351555817 0.0760010136455126 1.7746129944332676 
1 0.06400059866103627 1.6198450526499726 0.04500213787533891 9.187711552450414 0.0720033421333656 0.8733651312076206 0.037005018992524605 14.015084082601495 
2 0.038016301348167574 38.66400920948313 0.083 1.1591196141655165 0.03102840307857066 53.23728591898323 0.04700775576316334 23.97975364431442 
3 0.049047754699334346 24.176408946925765 0.05200814602702857 21.49286325066452 0.034018132167720844 54.79570511643051 0.084 0 
1 0.05401173049045568 10.24079002348754 0.084 0 0.085 0 0.040018762820325814 17.76253477520682 
4 0.030035302228014177 84.00478044029583 0.03801922230732125 60.8973735473511 0.04595766250526602 41.49544263426648 0.07600129116163158 2.2634969564769447 
1 0.07696361655350818 0.0835616730826639 0.07500021866155887 0.3534451689938375 0.031012368834117912 21.02795970330706 0.084 0.1073590094014777 
3 0.04102212742776722 45.652439459780695 0.04001992368393961 48.662988835392824 0.038021820588483725 54.15196216688218 0.04901296092902055 30.730755301945607 
4 0.07800000000000001 1.7940264322433557 0.0710015704328593 4.85802650027269 0.05001936980771936 30.252774636911226 0.07600000000000001 2.438095443977606 
1 0.08497094342908801 0.13056136632858928 0.053000580967000874 7.928295567834734 0.049001958766437065 10.076341546393348 0.031008943003583256 24.197179619974488 
3 0.07200000000000001 3.4912011451794616 0.04700337588193615 30.015756212584535 0.05299193463381568 21.07948978055203 0.05700502878253071 16.533443291596534 
3 0.03502719940543758 68.95766992278043 0.03402442355132783 65.17634674913488 0.048015070737319004 33.06915461320292 0.0770107561832656 2.0248465910145517 
2 0.07900000000000001 0.663235066872044 0.07800063964170316 0.7329706881668455 0.05602228558169983 10.480836297354749 0.07300222151379218 1.675180911732282 
2 0.060994915617643766 7.462721838720599 0.08404691516783233 0 0.03501673308712286 32.20727342061013 0.07400000000000001 1.468948768593131 
4 0.06101014714119381 15.927016559289886 0.06600158201767158 10.595688610536268 0.07800145742879187 2.1700629503910176 0.048013134329419775 38.62330271344367 
1 0.07800000000000001 0 0.05600331534644852 5.630906801915442 0.057 4.597687869636067 0.03701988534461845 14.651242071233794 
4 0.05300279326839511 29.25349961196789 0.05001204416294521 34.96850633321326 0.03901840618920865 62.36070055864239 0.06901363472312555 7.424609526278231 
3 0.068 7.520327198539215 0.037013024408137224 59.5356286312727 0.06300007398880438 12.899374316671075 0.08300515879280496 0.39407613249860773 
3 0.06200146675552253 9.929989389903199 0.04300535556130307 35.33755020921599 0.06600079563818628 6.562393272042688 0.06700070791785898 6.315898568597519 
4 0.07800581522157493 2.521368310376042 0.08000043789545908 1.4412530781471653 0.07400120739058359 3.3774801108557693 0.04402847182952273 50.484809835573465 
4 0.07900541102350439 1.997497704169346 0.031030771158235312 80.89491972070938 0.054015860163166333 25.58266467675095 0.055006691036203724 23.47202203789048 
4 0.033028673011024676 48.83793596408999 0.06100006328001436 15.341946425258888 0.0829559969900652 0.5985323425299913 0.04403113251717617 45.15360300016276 
3 0.05700284300413586 16.242450951296806 0.0730002738957985 2.611893085925286 0.04301387011764203 36.89586594394046 0.03004404982688004 67.86719653037501 
2 0.06300273513310606 6.566675513496676 0.08400018143185337 0.26321858061384623 0.06399019046788873 6.814912498936752 0.0679796887057113 3.5334064585463487 
2 0.05601365020167881 12.501858692879974 0.06400576416437542 6.50032121082313 0.04101626236248772 29.529078299866647 0.0550017218361458 13.629064873618214 
2 0.046008587991390175 18.316881744371507 0.07300000000000001 1.344677921952424 0.04000975778665523 25.1573930530862 0.06897776324361571 2.25312275535088 
3 0.058011998999880306 17.845971463781968 0.047013944324285836 35.662231111737995 0.03002693001496483 80.42810297334356 0.07200000000000001 3.977754187351681 
2 0.063 9.062658381344885 0.06200565131064403 7.899095072719943 0.03700621446706648 37.55336032238659 0.06200006351337634 8.897842750762512 
2 0.08300407029906606 0 0.085 0.13829167882283452 0.06000138113767549 10.26572523886524 0.03801253458769868 39.943161152740146 
2 0.07200107502212236 2.6738312775712205 0.059006546427695136 13.112116326898006 0.06295177942107233 8.772884188909668 0.036031981702932134 44.808990944871844 
4 0.04302418191265425 44.65192649000649 0.03203441094485747 78.51157552893437 0.08503762614344768 1.4576329512934898 0.06500879333897513 10.269760927749081 
4 0.05102629949087032 35.02070177619079 0.08001293784499461 2.3242887022863665 0.06700636585128324 10.720081190169193 0.08200088354635661 0.3755641691189069 
4 0.06202000746429216 14.774443869732421 0.0740021945005056 3.162499473244876 0.04001971926069251 56.1855813877096 0.06302401804959917 13.247175863339827 
3 0.03503060464919937 51.263811535980906 0.04902008193596149 25.295265921431938 0.07400000000000001 2.4075190632465886 0.06600484028877739 6.9732249611296915 
3 0.085 0 0.052013605007875746 21.530615405834094 0.062000963554166316 10.868080637679977 0.05201079452761924 22.02078070721153 
4 0.05900044171222846 20.878683798786984 0.07800089607291161 2.303813441870019 0.03302529523080508 69.41841675937359 0.06901295369724281 7.833109701517913 
2 0.04500447053684186 21.0120518772814 0.04200803640452145 23.526545008649133 0.044006844785007174 23.13363388679545 0.07600745148819454 1.2119689482942613 
2 0.05400161310785701 15.083133036472244 0.04900732388904333 21.135909499542304 0.06200064154020164 8.939112611709199 0.07200004022813689 2.3056048226229544 
3 0.033023161634337786 68.79726734372476 0.056010676533208056 20.618432837463125 0.035019475043376325 65.53667042378531 0.060012441032956346 15.107957100271005 
2 0.039999399220416565 35.721077419859974 0.06903674696555415 3.6933015670347493 0.03700983256249982 43.04798813715478 0.05100685405224489 19.444408517982836 
1 0.07700000000000001 0.08444871079020802 0.0670141039513713 2.6687987219771823 0.068 1.9418273987833534 0.05200027560786448 9.568766693779745 
4 0.058006390139042574 20.285007249258346 0.08100001196957268 1.7786899526133413 0.04501409851116869 44.45033285437303 0.083 0 
2 0.03401532836775033 43.40939325874623 0.031016955333318524 51.167457686926305 0.07700001710758865 1.129328552549483 0.05103101600747759 18.090530317933997 
1 0.05202542040457634 9.662708505965735 0.06402024615045074 3.5651785504807467 0.05800062448074032 7.6654781157561676 0.07400000000000001 1.2337333150108019 
1 0.06800725757275213 2.305299109449053 0.08097344104894837 0.070988690239828 0.06095779908408411 7.785931092829042 0.0330495121106803 32.34054803459246 
2 0.05802044535852523 13.992216732755628 0.0410268299470851 34.1483727668966 0.07200541817260483 2.7168378505820514 0.0520093403985781 17.7603711356728 
3 0.04904739907218564 23.757498570641477 0.07000708932486353 3.79627041323673 0.06600536913985434 7.328410080879163 0.030024953795412715 67.39079750835128 
2 0.07700000000000001 1.1715444036068334 0.05700525107984465 11.816241968039607 0.05300389531729132 16.01392856812858 0.06500495404549465 5.851888203595352 
4 0.08300414072808687 0.575471048955792 0.085 0.7587473540726929 0.08500028247097433 0.47576596914337504 0.08400055199873731 0.220179036625604 
4 0.035029292134081236 72.63667336580617 0.07100000000000001 5.904832591545545 0.04502898833300179 45.80687275337718 0.05500635700136231 25.763266380067382 
2 0.03602660339110916 39.72643718688208 0.040014085270876944 33.129363939582056 0.07900000000000001 1.308502931242332 0.062003277681343276 7.722294479470454 
2 0.07000030590185759 2.936726256979169 0.057006310238470526 11.442860379261381 0.07400270443078025 1.8381753030759365 0.03602367499186039 38.60176496133468 
1 0.08 0.36429855645638937 0.04500133842735777 11.704460048304579 0.06804630985660881 2.6279645626125165 0.07300000000000001 0.9294326276630137 
2 0.06900049975431585 5.143739837654249 0.06101704095388878 10.545954704415333 0.07600115001118687 1.6890616294972036 0.06700070349225001 6.445235588442978 
3 0.048009263464972404 33.10836273606832 0.030028138286137818 80.96326988937827 0.04003546741604521 51.70843502345015 0.05400618108860685 23.120150684378544 
4 0.07800000000000001 2.0478046289828002 0.07700118447991809 2.0338403572787063 0.05701024073446348 20.843756608480675 0.071008933323231 5.14906270290387 
4 0.05801348532234449 20.122510558740903 0.03701763533937215 65.82186842314857 0.053008462897019194 27.555758535516166 0.05900907251114913 18.82562073190533 
1 0.05700008508370564 5.097754202112273 0.08004055167118462 0 0.040001468701056905 17.942868826192083 0.084 0.09936207435629535 
2 0.06100032900488533 6.356443049290615 0.06700411125310334 5.195648957675157 0.04900991969389631 19.27367403506552 0.0640023497833481 6.031860079239424 
3 0.031038658758956034 59.487034859981165 0.057000685374535676 14.734796388164158 0.039009520263251635 41.8598515280584 0.085 0 
4 0.04102218186740232 57.21218281497482 0.0720379811218991 4.677298977933624 0.07200173233605656 4.966286588420809 0.03598990595255466 73.31388504750676 
3 0.08000001104135315 1.7844218130668867 0.0719877918809361 3.68604311593731 0.084986392948171 0 0.03601894670922022 49.33018696847352 
3 0.07200000000000001 3.5771373949542427 0.0849848067766557 0 0.043027174495409846 40.12709786465664 0.048011472780197385 30.100959381979322 
2 0.04501982172240867 23.16121544363406 0.04500857823369388 21.779181414754788 0.048008242491229314 18.232419877569924 0.07600000000000001 0.7622587967607812 
2 0.040973226354276186 36.67343973484843 0.084 0 0.05600005710049191 16.002745882682255 0.0660005630308218 6.734351780929764 
2 0.047015712916078124 25.826841269469003 0.04400993224825794 31.239804589139418 0.06201706374131708 10.071122889670166 0.041007946944498656 36.549463027820224 
3 0.044013711335879176 37.751346738610465 0.08100085538998136 0.190149904682015 0.0490057758683467 27.88525347808206 0.03902163650187085 49.152083885946205 
3 0.06100800600634674 12.551020868443715 0.050046382187077104 27.32889239954461 0.04801321705830262 30.5947224333042 0.07900000000000001 1.8004593447965365 
4 0.03801593061141913 66.38219334785725 0.033017730189416186 80.38341564323109 0.052020708039511185 30.9581362463925 0.06100354977186804 17.15243208709528 
3 0.03701685508232992 55.084016404028304 0.05600181530810107 19.63122451817008 0.05500983389752351 20.625944754469323 0.05700467116055029 17.855404264747065 
2 0.068024704532911 4.403213107873006 0.04000968886540432 28.040959088504962 0.047007734866009704 19.750819778695494 0.05000707825217221 16.207483898672542 
3 0.054004518077920186 20.57069864195794 0.06100429196020767 11.806217994261706 0.04000693926033966 42.48054784865091 0.03002340550233404 65.60401385323954 
3 0.085 0 0.03202242120656999 61.83994644804355 0.05802226256066417 14.579580717276162 0.03802483675152174 43.282989300429136 
1 0.033006278491841096 30.176141024870844 0.06000097738786859 5.120467377517344 0.07400018856339782 1.1329826507920349 0.08 0.32519670612954776 
1 0.07102420298781051 2.002056774052091 0.04100841990693942 17.158684195185792 0.03500818165460043 23.94894238201436 0.054001647257788575 8.911545884091982 
4 0.030034727814011175 86.84274650602171 0.037025196921405545 65.45234585789599 0.05700712300846378 21.387817701834706 0.067001063017016 9.392890067653731 
1 0.06401558108091564 5.426186454242689 0.084003534905292 0 0.07200016294788716 1.4110139849393295 0.04700657987868271 17.286726935509044 
1 0.05001017079946404 6.586381712618561 0.084 0 0.03198174234451916 19.93305323170365 0.030012452911260604 18.316822241929337 
2 0.055024984873818066 18.05832782218128 0.07400430524132176 1.8058302575113894 0.053007672450092296 17.179769284404475 0.043014051757455096 30.45727247617228 
1 0.040009105611137574 26.130093033430533 0.06400000000129599 3.5060631100034043 0.03102098846761031 37.18353665769716 0.0380478955993296 27.512081695747188 
3 0.06703003935960189 6.124549029873465 0.05600156114187114 16.16163757102649 0.05100866413796468 22.832593680344615 0.04401165125927381 33.44544163954199 
1 0.053000000000000005 6.979805948775194 0.05700005909323468 4.666349933440735 0.03600376344658279 15.6530713810493 0.03400760701795735 16.748127908343236 
1 0.0750007823500434 0.6469971911723175 0.067 1.4661640877547732 0.07900000000000001 0 0.07500000000000001 0.6595622991478592 
4 0.054018571603900084 24.700467363781975 0.06500120050560719 10.795820002188684 0.08300040243981968 0.21503418932517776 0.05701323735898982 20.406995329717752 
4 0.07800000000000001 2.1052177725278822 0.06500670162679584 10.999202526925409 0.05301027832428836 27.558632335817297 0.06600103732663884 10.236077388264176 
4 0.04103367559061928 50.69612643907063 0.04002176710582642 53.70144848818607 0.04101708967590603 50.716319903005235 0.053006152926265676 25.946553976085333 
2 0.060015790714947226 8.326012979232427 0.03201256784507821 45.84839918563135 0.034014388057597045 42.17826917344183 0.07700040436202829 1.2677428569776907 
4 0.0370226929042716 63.8837391790952 0.031029371471606865 81.05709655013325 0.0420129230547129 51.061890422937985 0.085 0.8919101705904233 
2 0.067 6.475881993558433 0.05500400526565286 15.423377528908087 0.0700049634036845 3.6153992051497585 0.0640014779971462 8.322776763259345 
3 0.04201496005942648 43.50785680269965 0.07603744217375673 1.7916513165851553 0.04900218295119982 29.724595528882727 0.07900000000000001 1.1604641153169641 
4 0.06900865210651155 7.693976689461197 0.07900000000016634 1.3043719346594 0.06200157829076219 15.735605020660742 0.07702505778926295 2.40608711414104 
4 0.062018981230395356 14.226958022748162 0.06500369044160759 10.726451788595789 0.04901409887675186 34.296633310255196 0.084 1.2556011669822968 
3 0.03603628142915219 61.60325366592596 0.07300006234300638 3.1099276326870737 0.044030695109325155 42.046996990526814 0.082 0.0 
1 0.04600718535782131 15.239480804012073 0.06601430713422309 2.180902571735383 0.06297369973495785 4.563776911829213 0.044006444108436356 15.890214458897853 
1 0.06300009861699091 6.2190255287414065 0.03700840990971699 25.156996352011074 0.056013066623374894 8.278743398478218 0.07200000000000001 1.3522599146940417 
2 0.05300004813476137 17.268022074372837 0.07600021646427872 1.369326870495498 0.05000194858497914 19.911401306875284 0.0450102025957181 27.783333484637915 
3 0.059011591428652276 13.377378211609207 0.050004998015462404 23.04002596897165 0.056006152541671815 15.952543913997154 0.03901250132391597 41.47621971948344 
2 0.05397160065663503 15.091499548875865 0.06200282692440643 7.629548224203001 0.08100012107979146 0.5941664135182431 0.04702178048635132 22.430480306779863 
2 0.0740030889012054 1.597481344089957 0.07300096917209534 1.7393724539231101 0.047016235852717844 21.0316664541064 0.031029349605239537 43.322850754007014 
3 0.03402792081420744 57.44018841000686 0.03701765138189121 50.6250536385034 0.05500355134846792 19.49997918824748 0.07100044341747802 4.007247502164837 
1 0.06200021005686763 5.5565065080849925 0.081 0.15107821679730155 0.05500111096142979 8.46858261441323 0.083 0 
2 0.05502472693336766 18.465448080627556 0.083 0.5867664935229563 0.084 0 0.04901609533265719 22.793607848450918 
1 0.03402000651554772 30.31520859335214 0.05000143705498139 13.304933054114507 0.03602279137632909 27.040894106509906 0.08102677953097398 0.5386269263423136 
2 0.040025654015219375 27.43670547754362 0.07900509210027454 0.8981762486119493 0.06600258100388995 5.688247479155843 0.058004298790755845 9.314200351979082 
4 0.04501586320762339 41.46030384004571 0.06003354904390674 16.071304136744786 0.07100780311111807 5.112997438855645 0.05601298479532856 21.140378125994218 
2 0.04904666676791214 25.217242261960592 0.03402298496160246 49.32112959075945 0.06400723341983319 7.4703447111027215 0.039034751681406105 38.83316602964625 
2 0.07700000000000001 1.2140967555134112 0.08 0.4110076161410597 0.07300068298270253 1.6876178810106022 0.07200098357909537 2.0805999327048466 
4 0.04701447554099388 38.847721732697785 0.0740000152703584 2.936492567547742 0.07700097613239791 2.0868704612270648 0.081 1.3298782251893144 
2 0.06600452971965878 5.624887515590466 0.060001526344740055 9.232778503705621 0.082 0.45490298948376584 0.051999321736962395 13.654374100580862 
1 0.076003193546611 0.7859698301922228 0.081 0 0.0630005908904411 4.602409402535738 0.068 2.320132067855066 
2 0.07300000000000001 2.0229036347547114 0.07200295569100228 2.2983074903925105 0.040025268435415325 31.259832539834008 0.035014828103358236 40.21724239004246 
1 0.08497137270388223 0.15120785529744768 0.031020986038679213 30.784112363704264 0.03300879742316326 28.163997690742058 0.04200558373926324 18.389802812707806 
2 0.04701011332065702 23.87168777264401 0.07800000000000001 0.9345524090808344 0.03902898091866037 35.68331993008817 0.05700475412362657 12.31140454145801 
3 0.043017429474597565 31.62606250516262 0.044008908792000714 30.601840758332663 0.036015506285703366 47.3011431835564 0.0490066073537377 24.719310101870846 
2 0.058000867460427055 11.357799932369549 0.08100059918536452 0.7614748477925898 0.04402105962965812 22.725350619444843 0.036012694775089296 33.084653102682346 
2 0.05200373862893608 15.698818258895393 0.05700354999990753 12.235507180477898 0.04002957272195304 33.92272281636969 0.08 0.888718247468159 
1 0.03900864147326069 19.461094167112897 0.05400283934356652 7.0900418643148075 0.05200433010874905 8.796392804430461 0.0809737011395224 0.14435281076389855 
3 0.06400024118525285 12.353474058209416 0.06300707534902572 12.303026612370353 0.06000446268261806 16.04440816234994 0.07200369863783634 4.014723988952674 
2 0.084 0 0.066005755902868 6.704882672620302 0.05500156887360022 15.77442168397985 0.03301535430443481 50.99601929417251 
1 0.033023112971766036 27.98478062792345 0.05300075233857248 8.406184023318293 0.04800403284194433 13.537921258854132 0.03700936892647094 23.282307880056848 
4 0.07600000000000001 3.0344600907464034 0.07900092265772066 2.019218890000855 0.04401905430246553 51.816245745494925 0.08202771587464358 1.3500481443296255 
3 0.03402046074464943 66.32939211385234 0.082 1.212495163996244 0.08100079878485841 0.5164195100830626 0.0399992932804424 51.40262870726599 
4 0.06300054190018181 14.949699804423854 0.033036859955681216 85.08281820927758 0.04801456828138039 41.4672495940005 0.061001864281700485 18.11376369235938 
3 0.07900282297427375 0.8941251267044924 0.084 0 0.08000088270990136 0.9261324776885959 0.04302051019909308 40.86276875704912 
3 0.07200000000000001 3.5218815289868233 0.06500344223603675 8.232659761041823 0.06300522253221177 10.304450290982574 0.03801799732941161 45.648026338634395 
1 0.03201286339960535 23.527914581169696 0.041008637063834584 14.760521231647193 0.08200071554337815 0 0.06300901948899004 4.399566982847064 
1 0.06900080145092863 1.8762719267669945 0.07400000000000001 1.1885119177032915 0.037008110236600625 22.458980052924925 0.03800575763237646 22.826546936361044 
4 0.06600905484068935 10.479727961954199 0.054999950983720264 26.21133804147263 0.05001425178322122 35.99684362665381 0.0660016868725464 10.65035794059755 
1 0.06797065409642992 1.7782319322551348 0.036017073286775725 23.104198744880783 0.05300241817965447 10.059429727287917 0.03101975659091863 28.56613993343277 
1 0.05900000195905267 6.639009938677013 0.07000777956165696 1.567300504830972 0.060002630466954726 4.493340530834142 0.06397078038382725 4.209384730210126 
1 0.046007946523825886 11.649148248002362 0.0730074228211486 0.5667107233958387 0.052005562671642525 8.583461805675329 0.062000042743656454 4.534821530926002 
3 0.05303299100567226 22.77982220381487 0.07500126654007519 2.3183266302119665 0.059006826683573224 15.521629720329713 0.05000768079014436 27.687482963420198 
1 0.033010980414033456 25.368580120497988 0.058030494423380014 4.672637940011211 0.03900797573165561 19.647306021441835 0.03401000005352342 24.34158010395864 
2 0.05900427235737025 7.734164376090695 0.04900702674595572 15.647555521911839 0.05200594715183346 13.596695647765376 0.04900451316192478 16.169040152357788 
3 0.06402141204602002 9.922908982758914 0.07699424696398213 1.2689824195222508 0.05000939626500468 24.63640625385136 0.03901995849315064 44.77249438448214 
4 0.05200768175419901 32.54964451142817 0.06500131495756636 12.205762126550585 0.06300725895076828 15.299614750985059 0.08200112641416851 1.298140163132362 
4 0.034022633325885177 73.52356621178616 0.06000742735073789 17.587473791590426 0.05298699929742638 28.962017942051787 0.08 0.9495035051782872 
4 0.05799837745730956 19.246960178960954 0.05201083897708601 30.93193444849511 0.07800000000000001 1.6346310630255108 0.085 0.2816100015029428 
1 0.052001406733145655 6.582736078307915 0.07100013434900582 1.050204578480783 0.083 0 0.037017002460458276 18.355120674269898 
3 0.06001490631958911 13.384683635914008 0.0520040471802231 23.87199443496785 0.04101932246042307 43.46061462836818 0.07800000000000001 1.4429295048609039 
2 0.082 0 0.07500052262276011 1.1731194781310879 0.07800000000000001 0.6646080178200346 0.06101317419098648 8.187759231278708 
4 0.037021805375392236 63.05552747160466 0.081 0.6972971710349739 0.05397824004577203 25.257889207446414 0.05800674614523014 18.873973928184913 
4 0.06400081350825698 12.268722197037057 0.04002693499889345 58.125146452324884 0.05702412992205511 21.93663305233799 0.052011844229187254 29.97103044081567 
3 0.04500754198525114 29.18426542045292 0.05200694198342712 20.023183379503767 0.07700079557177339 1.4366052358710262 0.03003760351243827 60.62579628611653 
4 0.04699190414992185 40.66850144937593 0.03903561939752612 61.41513628828798 0.04201907808149024 53.3467214156916 0.03602205684033373 70.64020908099447 
1 0.0450003069430703 10.211138880405208 0.034003103364333945 17.242866592528102 0.07100002725782079 0.8477439899073335 0.07100031492174176 0.8188314421584199 
4 0.07295847143151232 3.7188064892707553 0.04800346186508454 37.89206699808929 0.053009575436109777 27.891652166433794 0.04501645598341809 45.04385834922399 
2 0.06900054128540878 5.162442627269104 0.06900191201580176 4.5800149389374685 0.054996188290919866 15.423885708004724 0.07300049530206118 2.2600537954219315 
1 0.07400046348345957 0.8629200508178548 0.06500001666953366 3.258388442002598 0.03701249477984554 17.051494547989883 0.04900200970385038 9.720385212796561 
3 0.06900009457069334 5.5709297142355 0.050009252278887924 27.955081259782087 0.03102758567014524 70.43971709187684 0.06000192309000052 15.273943549723771 
2 0.05600025710723217 12.090016272578868 0.05700190382798994 10.500785848553864 0.034012714742374925 38.48535966389408 0.03701440932589922 34.04312640088212 
3 0.048038018354832915 34.19772712173647 0.05900441698223158 16.325757109090947 0.06000341467512598 15.154069490414418 0.03303594422416056 69.19556614360332 
4 0.07502569189379271 2.715803737119388 0.08300002945857873 1.0925072687407875 0.05600244341142499 20.58444833033598 0.05700485747495436 19.278072343772994 
4 0.041017095413639654 51.5032031396177 0.061001672291395644 14.491659160617495 0.07300270344772344 3.6044334213293663 0.06998053791140303 5.907770267360627 
2 0.04801093089659857 24.861202819382694 0.046012273006065384 28.311179611144816 0.07700186586795121 1.2266767219778991 0.03002951497959655 60.10116309759727 
2 0.0310240541767825 52.07858574712994 0.035018932737882605 42.63391548195599 0.03402079238318163 44.746128068409725 0.046012106644613006 25.086457904003268 
1 0.04800835758175137 13.930843422353695 0.06000523101858359 7.150523232831489 0.058004514661681016 8.08638742789883 0.07200084835076583 1.3495128465980928 
2 0.03899997867602056 28.03796176003479 0.07500000000000001 1.1783736192058185 0.083 0 0.082 0.0 
2 0.07800000000000001 1.1521995001046672 0.05100365227159378 16.584482422544177 0.033011284921965756 40.81338639642856 0.05000533378068897 17.805660294947348 
3 0.05200070399788735 21.407243383362264 0.05101045074806019 21.38368046241296 0.05001047537588156 22.931100020676116 0.04201817346797405 36.025592838943155 
1 0.04000566658258795 20.895834596769276 0.068 3.4260078936374323 0.03701210923304314 21.984603436682313 0.085 0 
3 0.034039571167003374 52.014263909902716 0.05300172757784163 19.49889789494186 0.07200090841870294 2.8346053398146407 0.06500272591405329 8.11266181989469 
4 0.04304478823747623 52.01184610649201 0.04301926379729516 47.143626326760184 0.08200041167409373 1.6023149462455792 0.06700081790549352 9.922219191147217 
2 0.07300545377109816 2.193925685830949 0.0780003785276183 0.9330555583076382 0.031024553877986513 59.65673537272928 0.031022446616858046 53.36534201367166 
3 0.03801388074062284 46.11092053947678 0.07200000000000001 3.286208173162332 0.04103332560808036 39.990710569140525 0.08498920202890684 1.2799675142751772 
4 0.05895287949206178 20.313037732888738 0.0580102961061497 21.802308444159785 0.07797231898216495 2.7585760808381736 0.05801101827557527 20.88990530324137 
1 0.04300735842664701 13.286179833481874 0.06500272614358665 2.375364395154257 0.038011062585196535 19.005152593265386 0.07300000000000001 1.0624242679817664 
4 0.05502568599282653 20.043469280734563 0.043012679025028096 46.14611013126808 0.04401436492622005 43.65762478918947 0.07802360612081202 2.024699829801622 
3 0.06700097063611478 6.817842183600408 0.084 0.37078628946758657 0.032023256109310796 62.3748411821497 0.08000285041352835 0.608671192118207 
1 0.07300054292681935 1.0116851495309906 0.04900316184632153 13.913780347933482 0.07800039451060037 0.5713961709852606 0.062000896354513 6.014640832072714 
3 0.06297725536831315 12.06725481366534 0.0630044693537486 12.375728686258535 0.051011408347503034 27.881714447089916 0.06100143654496219 14.26377149360436 
4 0.0550257558921145 20.846246380859718 0.047010265111749126 36.378357553700084 0.085 0 0.06200127156355762 13.821843432981066 
2 0.04500313859166987 19.498151056202495 0.05800059244909376 9.797888242437928 0.031020304777889612 39.7803548420092 0.0350136091961723 33.626838552932306 
3 0.06100727423869762 13.048352606808955 0.06400234392809809 9.045335651569742 0.045002823355486166 32.40586724200465 0.03201900853532319 61.524941368093494 
4 0.07100417625603549 5.351309588219939 0.05400628056503776 27.570242503834756 0.07100086218580445 5.909261170720266 0.053028236731546705 29.02137921175496 
3 0.039016492486053905 44.31570876857768 0.04401291798843909 32.61999116659169 0.051008721722572 22.60015014032968 0.03202389345567773 58.97475459171801 
3 0.05197503586952545 19.86117052902501 0.05001004004489124 22.93396046418108 0.03502564764907794 50.30764630243063 0.06700636731926032 6.5886050005284815 
3 0.07600000000000001 1.4445896734334471 0.07700011652067876 1.5622222143566622 0.082 0.37095506504407083 0.061006925047180235 12.609201982790795 
4 0.0480155377069287 39.88565419100725 0.084 2.1780320923646532 0.06102275391140238 17.376256115936147 0.06000905241071705 18.793803404999572 
4 0.04904849962896286 31.4334236108171 0.050009044777719634 31.71493310012989 0.06300125128402032 12.95285527919367 0.040019467361640255 54.272963621854956 
2 0.03602520395464459 30.222191321709126 0.07 2.7344987469571915 0.03103182147995899 39.93406308098674 0.05500124522615083 13.070245060238824 
3 0.05000338309264233 29.450792321436907 0.03901245683397386 54.0576019617212 0.0570070794265683 18.728036126862758 0.06500655898614688 9.969091695761428 
3 0.03902055900300943 46.407496724563686 0.08200033976617147 0.3372266644050313 0.07800064591107468 1.2695078779122286 0.04101519366147037 40.26323912170611 
1 0.031010209530441007 33.70964413795661 0.05200607963128206 11.093947241908811 0.035010544196006035 28.01352664628486 0.07702778742588035 0.27559811363848685 
1 0.035007635113974964 19.958759423446267 0.049002499275203185 8.421415067622398 0.083 0 0.05300376532870562 8.239494333629427 
2 0.04301235288271126 26.16240307323892 0.03201998936301739 39.86823019865766 0.052001449620696326 14.798273584799219 0.06300619924105749 6.595536971641327 
4 0.06301956148208995 13.658232085530083 0.07701473466066544 2.4664373330601057 0.04602784788795071 41.395512981675324 0.07400062924141511 3.0772167570016684 
2 0.03001758978835853 45.5260641648598 0.04600866582899306 20.083162929402917 0.04401002310879309 23.660877867242622 0.057000724656011775 11.639834340596538 
1 0.053000000000000005 7.320191953967834 0.07901124721157984 0 0.05300042867885738 5.802151952599187 0.07195223655451136 0.9322810399987118 
4 0.05000880182675571 34.41966776542938 0.0450176694293682 45.422217370848564 0.08 0.7027649718777861 0.04002419408264977 59.220864689646405 
4 0.08100059533905099 0.33011683928033164 0.04502614493118708 39.30616503295529 0.05001047305849349 30.061971015002698 0.03302383119853235 72.42084601410075 
3 0.085 0 0.03502267226891491 52.188113408929894 0.085 0 0.04900702089253671 25.76867531474653 
1 0.06600331574654589 3.636214439551952 0.046012127299263836 15.780896516770252 0.048003361120355054 14.22019705359671 0.07000102269276198 1.8635807759689915 
4 0.04502179067874538 50.85968948289965 0.08301635621360841 0 0.06401065045137733 14.234187853068544 0.0560051614183952 26.50094195148837 
2 0.04101193711451332 23.101517650134067 0.05502970640128117 10.155673173545003 0.03301050954699411 35.871224889878306 0.032015966793400935 35.960624609302684 
4 0.04904857091579642 29.503669075842375 0.0570123091682492 21.18713042903654 0.07100931864803389 5.158068549293528 0.06400525787369771 12.618981333627508 
3 0.036031750047306174 51.162111226364026 0.052980717435565206 20.771824034630967 0.058004294935690995 14.626440173985317 0.06198432216194682 10.761195686294082 
4 0.045015257605603466 46.274444470168206 0.04302097754792735 51.492577370225334 0.07303580970674597 3.853086476526526 0.06900183884403352 8.04388264774386 
4 0.05201579656507028 32.67412206194318 0.08 2.2756600034543983 0.04002021218615576 63.905492563867845 0.06701372120395065 10.493479003327192 
1 0.062000000000000006 3.8637125503745224 0.051002717943785594 12.620543352141054 0.03301010817914368 30.966381333116175 0.06000617964879753 5.512086790953264 
2 0.03602237239143835 30.749310132009214 0.085 0.9190285677169513 0.07800082192076872 0.54528939748599 0.04100821931124975 24.554417777289625 
2 0.04700537371090546 22.5271895391035 0.032023557927577564 46.318998086508614 0.03901479739792799 34.53764339297944 0.08000024855980604 0.577287836250467 
3 0.04701577855092888 34.785089775058495 0.08 0.8051146647246538 0.0360276458936087 60.02229730368187 0.0770014285321666 2.34806303849422 
3 0.06700471917242129 8.219662511136894 0.05600241137358541 20.66538667117236 0.0750009418849982 2.414024251537815 0.06800489870482865 7.21796898084371 
2 0.05900087870494563 10.130044738788104 0.04101633621360045 31.342116778464934 0.032014507668435596 46.25506376075775 0.06800448811520626 4.976914214144935 
4 0.08000002970059716 1.4436268571056583 0.045011317200582567 43.16304826974948 0.050011428875467834 32.61913570174381 0.03202993088740093 81.95888129938773 
1 0.0430148625311066 18.94264612231338 0.058001112112540464 8.705565018821208 0.08001378825673276 0.541960124543152 0.07400032296507753 1.3724579071535281 
1 0.03501384461595351 20.91538777876046 0.066 2.6149119789489372 0.04700429954374561 10.584609904849508 0.06500060208941623 3.750760088514552 
3 0.0830041177363634 0 0.045008313203904166 38.8806978594745 0.044017415555095446 40.57183290575951 0.05600515005286935 20.712663055561517 
4 0.08100110553551411 0.7743810200381355 0.07000093425803888 6.586599830123409 0.053994808339322804 27.2908988270923 0.04102539232103761 57.21754062236162 
3 0.08100051414567604 0.31878538374137877 0.03301953615503678 68.81612419540609 0.04900764650289526 30.751178901238973 0.04001515711025566 50.67422916047666 
1 0.0830040317011019 0.6944562576004564 0.0360064885471406 29.059564674605515 0.05500315360325364 9.119022267780995 0.04600601288613924 17.5583800612538 
2 0.05300139494572237 15.735782364864285 0.03401695345024053 43.29543966224009 0.04900509188936341 20.312771104362277 0.07100086751864502 2.8073126227754264 
2 0.055025225710543975 16.500727502531 0.06000359734615019 9.626746376885393 0.03901772106030776 35.843332553257596 0.04800805555811426 22.923044651021172 
2 0.07900000000000001 0.36454665120725965 0.0680001895589171 3.1078302344075643 0.06800115104841661 3.4504231266162 0.04900708267007982 15.954500830678656 
2 0.053009267759211824 17.198629266621754 0.039013293275845864 36.85933208241325 0.0530036162667159 16.855207617186913 0.04301306130375394 29.855284667072794 
2 0.06400376177381219 6.054300230020871 0.04500870829976009 23.73266522485953 0.06900000000015012 2.38690396928595 0.044003474786208314 23.630319685978726 
2 0.047025810903595276 21.862537182455625 0.051003906136845974 15.996416481879415 0.04600782345292648 22.038776616361254 0.05695783076579798 10.961789985246028 
3 0.07700016851827853 1.636269710021496 0.03701654376790399 51.20991618437062 0.03701896663584858 51.69646679384155 0.06801666549746885 6.726271412185371 
4 0.03402466388044631 73.33210092583377 0.055005933193996076 24.241355908859077 0.03504577762825109 72.85334428865117 0.06600263866378095 10.840947775398792 
1 0.08300401641315318 0.49963050405943377 0.07099833065994626 1.7034069702081218 0.08000001268870041 0.19439906247702432 0.034004497415006774 25.62761501636726 
4 0.053029804870193195 29.52126187315482 0.06600113073975772 10.790231676605853 0.082 0.7974683276439603 0.085 0 
4 0.030035333701608866 62.91695762462835 0.07600000000000001 2.744403148857933 0.07600101644639529 2.7147497891616896 0.06600589586934795 11.26300596260721 
2 0.084 0.35139197086394197 0.03601222586680161 31.95992136044559 0.045007455968874475 19.54774872114009 0.031016758981649115 39.21025692377585 
4 0.06301508976837675 13.629157035102557 0.06700319579222327 9.191665195203914 0.040018457315557095 56.604927544081875 0.04701550581279068 39.86291284578868 
4 0.033027293430596835 78.81367164119807 0.04900810899316494 36.60870581916439 0.082 0 0.035033095339032067 72.27097158936174 
3 0.08300411295461739 0 0.06600947677307473 8.818427427724975 0.03801624968091866 54.15941231920312 0.082 0 
2 0.06900014921742731 2.9616987401973156 0.03800913686988426 30.704782902859144 0.061021400601961 6.900616226334703 0.04600938173054672 20.078151550374486 
3 0.06001587312511396 14.324935848183198 0.03604129572278507 58.31959716560834 0.036021599980796834 95.59383587210148 0.05402330725349965 22.878836399032835 
3 0.031032960137395343 65.41283607249188 0.07400053627568728 2.4878107005005474 0.0670224577199024 7.106391623625784 0.03402391127557983 57.09912593894879 
3 0.07901252101861296 1.561110098504266 0.039012883371063664 45.767198673839545 0.03702068460136568 50.79210947166449 0.0480125456834815 28.21691689260222 
3 0.04001240377924559 37.77045458313464 0.03801738187738673 42.536889124873596 0.05900993288908689 13.168724296318759 0.04301122065042237 33.4527074926563 
3 0.04501335724688966 30.09227487259382 0.05000818403278598 22.54822172533876 0.04501138106999598 29.64661378646973 0.05900103993036273 12.009742777820533 
2 0.06998342161450588 2.76411890024074 0.05700538904560912 9.793554072697429 0.04700865654664567 19.444800757973915 0.04200956146091756 25.61132369857641 
2 0.049044498614533194 18.689759790739938 0.037007755075155885 33.04294728247131 0.036014937979161846 35.53938911118911 0.04101026149724414 27.05899331558939 
2 0.08104806586803323 0.700377755408136 0.07700082486671747 1.2253012917382797 0.050011609467361814 20.54037243210354 0.03201947270588407 48.414981333067935 
1 0.06300026785880491 3.2232282657836846 0.0580005202939284 4.7622791837509855 0.0350129130611216 15.798619273735667 0.08100150378788436 0.11507541473596038 
1 0.052006673886531074 6.333940252525781 0.06100999772019377 2.5490615869754416 0.04100996362711436 12.389778857418783 0.056003994286275144 5.678241561116131 
4 0.03402590212436338 87.86582127973182 0.066 10.258228847642176 0.03398537134840529 72.69119622390731 0.07497989648394218 2.567123243742297 
3 0.053005933154343696 21.686404082766874 0.0350145238347566 56.98757170531384 0.059002231100787866 15.601812032750951 0.04401222475440067 37.58749422393346 
4 0.043024806560911844 47.726176283474544 0.03802549971470547 61.09357594711348 0.0640000805485039 12.529005409763336 0.0670017824495851 9.230945621553701 
2 0.084 0 0.06700437960644452 4.76686785403222 0.06000367685245963 10.491048475577117 0.06000388557385577 10.239980906154226 
1 0.05000024359989715 12.139122080879996 0.08500000944635416 0 0.03202582279150765 31.24071263891117 0.07600000000000001 0.8624574459980406 
1 0.0510015738909662 7.47092266037075 0.057 4.517183665180329 0.031004965268865675 20.81436482169392 0.0590004985809543 4.4466514097437875 
2 0.05000744146994523 14.346486911871347 0.04200650453029215 26.05783478130089 0.07200003731545619 1.6899049484477544 0.07600068389827938 0.9962992163735681 
2 0.062000521531393876 7.324754803715799 0.04400752288653577 23.731454055526378 0.07500000000000001 1.0429248608239436 0.03701271274700531 34.194560699343356 
2 0.07600000000000001 1.5359252114532473 0.05196187610381921 16.116208395537463 0.06400480333920101 6.195196984632464 0.0370128640152005 35.39795346876311 
2 0.062000103160989896 9.810693151572917 0.040047563662344 36.263113543393395 0.039016093424828056 37.424095512070295 0.08300092812434827 0.8667181629169463 
2 0.07800000000000001 1.1392617816470136 0.06000489916712275 8.949219743637508 0.04201089610621361 25.994483068649167 0.053006778640181135 13.58035050709206 
1 0.040000978491827106 19.172698437523376 0.07200295626123364 0.9432543442921559 0.03701263009385285 19.92841794157993 0.0780068511230947 0.6142493054860857 
2 0.07200049940409316 2.2930258830090344 0.049036387474427914 20.612708918201463 0.039011847984028826 33.78143229249666 0.07000482012074608 3.7840036238085855 
2 0.07700000000000001 1.164781493297227 0.06300215492176936 7.58068370059235 0.04301430767925571 27.473765808854658 0.05600119914773537 12.243743415756402 
2 0.04001093427995514 36.2651518062672 0.08 1.4115586060038126 0.07196988606766336 2.5290674534954873 0.05300993552555743 18.607092174501766 
1 0.055038334459853906 7.170736585792876 0.037022641335533776 18.571414105465074 0.0760000775743292 0.7999972317494355 0.07600029630427642 0.653857382812882 
1 0.05800611489455634 5.108221599498423 0.056003592705696464 7.091093649140134 0.0590009031645494 5.8874672841089675 0.0610002922857175 4.8211461317898054 
3 0.04904812278270361 24.456139911294315 0.084009229267563 1.17083635818829 0.08300077671217093 0.5232101069307997 0.05200224979284781 22.753373353904045 
4 0.05600145260659596 25.807082358615073 0.06500999122343835 12.840062746388185 0.08500506446291348 0 0.052020061368226386 32.844400279156304 
1 0.05203301500659732 10.224707716717816 0.03901255157545191 20.142107596402617 0.067 4.35401251868835 0.06900020259747985 1.9401829261699484 
4 0.03802562279114515 68.54007162787772 0.07800000000000001 2.1123043703538067 0.07201666649931868 4.995174390538375 0.057010561164579025 23.308930387505377 
1 0.032010251438161566 32.18154429525947 0.07200470955441327 1.6441634026820906 0.04899246242531597 13.76274684599204 0.04200625895490413 19.609955099329824 
2 0.0690000157715771 5.081212688354843 0.07500000000000001 1.8200074022215131 0.07900000000000001 0.7822931981036004 0.07700058239770141 1.2583699297779751 
2 0.08100150338436177 0.10421538194682436 0.04100622903971421 27.211976620157404 0.049010956682879886 18.052988096970818 0.05800633505113576 10.515521272124845 
4 0.056001509580903525 24.816189787853844 0.08200006606484636 2.0446794457132667 0.08000115611533568 1.2112201561706093 0.06100663908284426 17.331760933328948 
1 0.045028766711365985 11.962641888074124 0.05200118890999188 6.79365317937741 0.07100012139675504 0.8892128410506 0.071000331273568 0.8609357018127903 
1 0.07800000000000001 0.7302591605127499 0.05500128529485626 8.115596723396823 0.07300037063385416 0.9878337960521166 0.06995061646988149 1.8496843064347797 
4 0.085 0.531538104532574 0.08100113659801589 0.6767161423397503 0.045010801846678994 43.615613374780665 0.05500533936868487 24.355579821481506 
4 0.07800569670780784 2.468314605047722 0.03904852279423976 63.47839242250502 0.03802659103721202 67.15251442101638 0.04901068268960287 37.94208809786587 
4 0.061010822401335534 17.953771623178874 0.06300363267254039 14.130434251525266 0.07000147997363979 6.789835438003479 0.06699629321115128 10.510495499175281 
3 0.05800002074351659 13.743800544492869 0.036024513862610144 47.80112863126138 0.05000605578827765 23.228983280121213 0.083 1.1275947391033843 
4 0.084 0.8333511612880948 0.085 0.7948329093524107 0.046047347752915156 44.46758131250735 0.038019680617183575 69.44972041562278 
1 0.06900267597492357 2.1691104656851516 0.05798776493589378 7.286118516410431 0.068 2.2003341064357667 0.04600148477577574 12.119100757066715 
2 0.06900138125560354 3.5388035218428646 0.0819749720418382 0 0.04002980322397868 26.870566369346328 0.049033587924972435 16.007344504818963 
4 0.04701245217103891 36.94403669553042 0.056007154662575165 21.56504559224165 0.07800086874896801 2.0172145328888114 0.06800408737874183 7.2428457118607525 
4 0.0809737547536746 0.6470152099423871 0.082 1.4646539710973583 0.04701141863498906 44.03261617265812 0.06800457236087074 9.474869976357184 
2 0.04201430049946807 28.135483935569788 0.03901123060388727 33.95984823170377 0.05402555773013362 14.102810352106303 0.056002777937564675 12.525372073386595 
1 0.043007009901104586 12.090169085992638 0.08302895144190525 0 0.06202239473069257 1.5100082462629447 0.063 2.103984877222219 
1 0.08300403239398857 0.6953509395576442 0.04700329254582116 17.37279881506846 0.07300002963214205 1.2194611363139687 0.07600000000000001 0.9429965730107133 
4 0.04002235109414521 62.89271355267027 0.03004536391632412 96.81116592164051 0.031032558952691386 93.44875650763265 0.057002345294301066 23.749625674306387 
3 0.07200000000000001 3.774785528701183 0.05201314248623941 26.41977947457878 0.058008386463369206 18.231658926537175 0.06800081004408118 7.828615165185386 
3 0.03102730973890122 82.98945137499233 0.043012406819077635 43.57273973778755 0.08 1.578355248914997 0.05500229396068126 20.95438060929092 
4 0.06100984279063156 15.420983235224462 0.06300302278363148 13.262218008136811 0.0510149857968962 31.23947829806676 0.07100031715531452 5.223207492561687 
4 0.05100557132678148 34.02904315993072 0.03604003218460501 74.12637197766416 0.05200864666518033 32.12919038204015 0.07800771243612148 1.9689389579577121 
4 0.030032702191672297 89.3385625783832 0.06300188654734598 13.967446427377801 0.046013065963534196 42.86330015113052 0.07400064195107361 3.2287021030268828 
3 0.07300066386400371 2.8276581992443797 0.03301975322152745 63.63520699878809 0.03502056722248588 59.035933748929246 0.04200683108939974 42.283745367227674 
2 0.06804424210459051 4.354859399457297 0.044028314765320486 24.001986714730023 0.08300003171598863 0.09141369122826773 0.08300003861247121 0 
1 0.07900000000000001 0.2705639020906374 0.04700141527550691 10.084485434197488 0.03600369413538329 17.857536460269202 0.085 0 
4 0.05301107091426713 30.90601102581017 0.06600122471389151 11.290394398760059 0.04002072378794015 63.81042525563289 0.05402405692769436 29.03837897542878 
1 0.030020846760067485 23.755299978328264 0.054000289198656765 7.614223130890133 0.033005729635059766 20.0885353110086 0.084 0 
3 0.053002608117043826 22.79531310353528 0.03202632105113505 66.58107523953224 0.06300000729412647 11.508514239284011 0.06200679187002608 12.265412051166075 
1 0.042009340126835146 21.26878937648751 0.035006825841172776 30.72081871097759 0.0460065464072755 17.325995321335736 0.03201268982655224 39.381358193946134 
1 0.03602398101820391 30.932106355696085 0.05402015626525851 11.347610273719244 0.05700312574857098 8.585328660466223 0.06998337336071365 2.758008030415315 
2 0.03301156888324812 39.183434098487005 0.05600107735306666 11.24319164758268 0.085 0.19103535941052366 0.056025339657534604 10.075888942508332 
2 0.06800762942582518 3.434613843316627 0.03402686539767305 42.434672781136996 0.031004402610028056 48.49584266865462 0.08300033800880385 0.39821716184044276 
2 0.049046791378466306 25.292953034528146 0.06600100874022685 6.103250066991926 0.082 0.6353572754950348 0.083 0.03947921742147985 
4 0.07700127843483001 2.123191843425793 0.0830000080742819 1.1059149231723757 0.06300807186905846 15.601148767425443 0.03802270024506041 69.66998071862164 
1 0.047000632706148904 11.934285615076696 0.07600032945194732 0.6400717146139603 0.07800000000000001 0.5044858488587876 0.08200001246045933 0 
2 0.07700000000000001 1.323887826578837 0.043034237160108776 25.76813776398523 0.08503287290936698 0.13126995383677323 0.07900000373770104 0.37416288115960006 
2 0.03602674858238791 39.6262868062957 0.04101218672749296 31.86703992448784 0.07900000000000001 0.18674271183073213 0.0490109821662632 21.064411220066706 
4 0.03402283564123923 47.901411749906515 0.031029597436606965 81.91673568609792 0.057991075492467445 18.57840562330145 0.07400042906480866 2.951483843438166 
3 0.0570203969644169 18.091131120571436 0.06600611193134906 8.803775923692275 0.07200000000000001 3.760655785094456 0.05000212707412927 28.24878344081077 
3 0.06502090815462633 9.300639085422219 0.0710018971670899 4.645422621007747 0.07700080151524724 1.9129689952764217 0.03102900645452443 72.76531520253319 
1 0.046014594801778684 15.134500479080685 0.035010804779449026 29.06158324675366 0.058003056795617326 7.277189046537405 0.07098023504818646 1.6703638315813414 
3 0.05703481243174357 15.475233813240557 0.07204147568788648 2.86677312748948 0.030030952076797193 62.943602692450334 0.05700016544555073 15.16641313718396 
3 0.07502556145002626 2.071727366616041 0.05304148886848626 20.79774503660185 0.04801084239812239 28.874269603635227 0.062001067136422214 11.281302459836848 
1 0.034013963100171074 24.64807212983266 0.07 1.206754355213823 0.06400521435294254 3.6678787046927424 0.043001194999909904 16.8998467959741 
1 0.057011347215175354 9.87112915832411 0.081 0.39629971674236014 0.084 0 0.031027103009878126 34.174667436838455 
3 0.0820001297995226 0.9833325195139255 0.06900322569722898 6.345490029008534 0.085 0 0.06600078429903541 8.967229347433344 
1 0.06302932372724329 3.712219887748861 0.04500123126553985 14.152985231051565 0.07300000000000001 0.9224943343217215 0.07300034473996969 0.8472279546591659 
2 0.067 5.046652648958132 0.038032594659952276 33.58772771920586 0.081 0.11673666140766482 0.04501292959256512 24.806172892671253 
1 0.04195306071521865 16.216034671081143 0.07800614482341414 0.41776989880549775 0.057011164879199695 6.217741359379859 0.08004228792287432 0 
2 0.053003666233064885 17.089378564112046 0.05100925013325939 20.647484168017854 0.0660027019214661 7.002183087278416 0.043006263861098 32.129948771365704 
4 0.044013495568967026 43.58625225356326 0.0800051874525469 0.855355486403207 0.041029560356790146 49.86544107149723 0.05500233054172265 22.12163765439305 
3 0.06002299520865008 14.968628504543581 0.06500144952327705 10.409127246557677 0.06400632583407365 11.288751248809588 0.0650015729619027 10.245947325978973 
4 0.061009747660671534 14.831853194139578 0.06300279116670232 13.073017052578217 0.07800141360912659 2.349276448739649 0.061001678483313 15.647761575182958 
1 0.07 1.94995448551348 0.04000105423857616 12.528940920084386 0.038006583482874126 15.411269505066674 0.03500448959428214 17.414459844073974 
3 0.04000887241268312 42.845258555120644 0.06400088678399299 8.326418252936508 0.03800961830782835 47.31502117620496 0.07000251514674341 4.4241585037902205 
2 0.06600539001358402 4.561021295374594 0.034011300147834295 46.49890295086274 0.082 0.0064520292192501326 0.07600035773298047 1.3238243688470095 
3 0.06900405900675345 6.6514013564372405 0.07500100087087275 2.388644205093186 0.079000683883584 1.3264989501288447 0.038026610687575776 55.63667512543591 
2 0.084 0 0.058006131444817026 11.503280966058067 0.055003377376754245 13.194322635648753 0.044008105407196255 24.93672471323307 
3 0.084 0 0.07198878561008232 3.760687465063298 0.07000351062524962 5.448871877040089 0.0500139947163296 28.592129238098703 
2 0.07700000000000001 1.3138770179378838 0.083 0.06082468525761545 0.06800079905701326 2.9302962497681486 0.052004112671055154 14.783505609128063 
1 0.08496907067436134 0.157883304358931 0.045000813850548764 15.032741450198145 0.030950644123138513 29.42666764452862 0.07596828980230232 0.6527746435336007 
2 0.082 0.8451829773442596 0.07700008309770201 0.878564544816874 0.06900061298731838 3.0055564844189515 0.039023848169970586 29.954111135505087 
4 0.05700505242687608 18.973805918720604 0.0689954482804376 6.516547990851727 0.07900000000054377 1.2715226462506999 0.06600452298704379 9.142695262640396 
3 0.050008008855196705 27.999330948804875 0.06000138249085905 14.945175783004256 0.031031610416944813 70.68429608000856 0.061019318325006996 12.896517231750948 
1 0.05100102662292263 7.517657494774289 0.081 0 0.06200042763965507 2.035732710188767 0.05897343129420214 3.919096872445966 
3 0.07001357887601878 3.544871907262496 0.03295339457392546 54.27278826035925 0.05200341544257205 20.559962775880418 0.03701322317080069 46.032073359174426 
3 0.04102736140576072 48.59002415443935 0.06500123193663085 11.16505255562063 0.04102219619996139 48.35592914691302 0.030035812414867163 80.09764748192846 
4 0.05002284916133341 32.800571204009046 0.043969528416888344 47.06220857907407 0.034014244984503075 75.43643209928577 0.0780029891536412 2.242543123687769 
4 0.084 0.9581037030580524 0.05300653622569025 30.93206138528442 0.058006968119403333 22.03605167466366 0.059005365230587026 20.530153152072806 
2 0.07100118012970869 1.7813829381089394 0.06900332187431242 3.319317159980069 0.0650004985901379 5.297877453338202 0.06400420246681657 6.046761213090175 
4 0.068 7.949336173369526 0.06900096478601922 6.711410247801179 0.06900248570787207 6.7967096164910865 0.044012292297084296 43.684902044191944 
1 0.06402048166343746 5.44379230571726 0.07501216269294382 1.046085666666688 0.07800000000000001 0.6981537619546965 0.0760005024907004 0.9397446967661945 
2 0.07200104545801178 2.6483102113637074 0.060001637954746195 11.407276858115008 0.030026744345573925 53.24786165683014 0.06600003994584312 7.145529205868728 
2 0.05701143472319097 13.917820165772735 0.05200718588631247 18.828782775775373 0.06200083683105251 8.94842683491803 0.07301470811532418 2.195220315455869 
3 0.07600000000000001 1.35929094199195 0.04102166546688488 39.34624077414768 0.04401364141644069 33.00873799667909 0.03203178866422557 57.36149378995767 
2 0.04502284425026054 24.925682600655616 0.08096271936953048 0.9331921534184318 0.07000024648336138 3.081046507280265 0.04500447753288843 23.772293674285592 
2 0.07300000000000001 2.047554598880866 0.05900465406177663 10.497324106928932 0.0550019556564488 14.115366466642477 0.07000153440500144 3.5032118842031013 
3 0.06001533084188806 14.73032278354195 0.06200260212412983 13.07182380096673 0.07600299902722844 2.1584521395462897 0.041016138270366057 48.26746018680426 
3 0.06100782601757701 12.581956468695628 0.037033139925310474 52.30222786779291 0.06500062423398373 8.298332607043625 0.05800291057676539 16.393706589802598 
1 0.04701499932891185 11.551215970705503 0.06900001055203618 1.6956998699994585 0.044010603883761164 12.548409391037664 0.06895064126826765 2.332079481889994 
1 0.054006706401076764 4.160033577122257 0.081 0 0.035019312899637584 15.666950533168265 0.038006602525027466 14.792207369136626 
3 0.06900454539007284 5.396344227408494 0.055001987356054965 19.326591678098318 0.04501535656001153 34.698081667094684 0.08400082501442155 1.2683193159625992 
2 0.063 8.027166566987987 0.05400576360611919 16.33961740688582 0.07800193363197166 0.8231491844397385 0.042014408480517025 30.646320749586376 
1 0.03800881716324364 28.694523071435622 0.03201231571853613 36.709350905174574 0.07897162863536465 0.435154793126715 0.06400053195825037 4.745142135119018 
2 0.04201168742814079 26.180534425639934 0.03501044941212288 39.32534797341513 0.03701203519234582 36.04307295981961 0.055004532687552336 12.67450091483363 
3 0.05302298876005327 19.66124308361548 0.03201623012343477 60.539285540506334 0.06802617172858816 6.666841198882043 0.07000072314339673 4.465907858485826 
3 0.032019746476742036 58.58947289446233 0.043009863964232696 35.080588252657805 0.07400629301475208 2.263951789548614 0.043014488797595424 34.671282994375105 
4 0.04802356962842401 37.17066748003144 0.06301327706999732 13.656041402841044 0.046011600302358006 41.68589419572548 0.07100892670846413 5.248688815677415 
4 0.0420195229177476 59.27426676294027 0.07400000000000001 3.7454606555207155 0.034032030248293446 84.30260480236738 0.08 1.0113439683953989 
1 0.05396902215821257 10.168310377280168 0.08400003100235018 0 0.04900122144190276 14.164283808278658 0.07100024184739451 1.4255134049498295 
4 0.04102053423208803 62.03055557937081 0.044018904949786136 52.45283121185948 0.06701887770603007 10.931650433750677 0.033034460630013834 88.01957854047967 
3 0.05195860659177 19.974505988506174 0.06900967332724395 4.410109461666268 0.03902288189870249 42.4086502648342 0.03801865547781509 44.75835485924458 
1 0.07000001376445308 2.462969973769565 0.062001734289549 5.961755580584383 0.08400048555244226 0 0.03902161984130216 23.086939567461307 
3 0.07502559092882846 2.064089078650211 0.053003224440226114 23.00457527486412 0.033041676200968165 62.90170040235617 0.06400754368638237 10.205755624978334 
3 0.05800366286454981 13.772831570449165 0.07100003561806237 3.8850260523400975 0.085 0 0.05002520336242497 22.93986774561541 
4 0.04400864225203174 44.387489831364945 0.041018175171628465 51.579895792417446 0.07200065735752467 3.9971337891335468 0.05701105360158728 20.103706311923855 
2 0.04001766509457541 32.675170822452664 0.03401481681795558 44.53141009913715 0.07900000000000001 0.8733226548213149 0.082 0.1326816260415126 
1 0.07200000000000001 1.1880811243202367 0.04201595964632592 18.56948704005968 0.03900608163495873 22.03672808409515 0.06500070089461492 4.510185240478297 
4 0.06000219670866319 17.748355399455583 0.07500457787254082 3.1101945045348667 0.040025461320361694 60.90255070814528 0.081 0.6313359160298756 
4 0.06300006191820234 13.898882083935074 0.053014179293469084 29.625700497644065 0.04302308590592578 52.380647300976726 0.03003058342185176 95.0857441075961 
1 0.038003062235488334 25.19692734341363 0.06800006812490697 3.750386340255101 0.045023940702638154 17.816321088195792 0.04100676597364832 22.315119338571545 
2 0.0830040380066638 0.7173365674396304 0.05700111465363883 9.89926485137109 0.085 0 0.054000721062998705 13.657692336136119 
1 0.07800000000000001 1.0475543713815727 0.07495096389236489 0.8773316381257589 0.06600030697794401 4.524493298431578 0.030020453552822762 36.635285590560045 
3 0.07800000000000001 0.8848555027929937 0.043017378586823043 38.63610765442644 0.06600077487183686 8.165880898034683 0.04101497421302335 43.29079866450742 
2 0.033019138119754585 47.12192594816555 0.03801466971015814 37.313772575021986 0.08196323199678983 1.2588000077655173 0.044011791211165156 27.458212409233152 
3 0.033017875932614876 58.11672216635873 0.05100690644135789 23.60792910412589 0.07800000000000001 1.050312306727246 0.081 0.5538358388706566 
2 0.052004508459716915 15.812699601724693 0.03302331324155422 47.66417960265673 0.07500072432699945 1.6656484596899037 0.083 0 
4 0.07800000000000001 2.110106161770349 0.0650066187773016 11.004397234688195 0.053010207095335486 27.720922327928857 0.034024968760295066 72.66586438197575 
2 0.05801989262644118 13.879122830524036 0.06300111815284817 8.583555779479203 0.07100097531992544 3.1735522650498846 0.07600047076022788 1.3427654249445382 
2 0.051017397452994065 14.83667590424436 0.07400073900026322 1.4714674309961873 0.042028707256716924 25.98846315129222 0.07200004695415921 1.660461291092125 
3 0.04401380503403397 36.114261359487074 0.07900000000000001 1.7620600525211194 0.0790006526458717 1.0409906438489231 0.03602480723932193 51.492665361285916 
2 0.05296227876573855 15.391542000954452 0.07000531297646076 3.4984338002243227 0.08100019490476239 0.547710398845347 0.05800117078494035 11.408388246496983 
1 0.035016985501239425 26.138553853532795 0.08 0 0.036012173261976185 23.72975263178006 0.04000656076420446 20.574271981335414 
2 0.05200677344077986 13.90059350732957 0.03302829832108384 40.65396916729258 0.06200670617025739 7.0232573376538205 0.031956651962119956 41.919604581014646 
1 0.05502689531051949 7.991287792221234 0.04700870409646515 16.477172221344887 0.05000630814453467 13.429871812290234 0.041003820432214226 22.722884524109432 
3 0.085 0 0.055001465009768075 18.202636547824973 0.057004034717076275 14.971552212741663 0.0630434477958213 9.754275553254786 
4 0.07502589934591353 3.2695829194384958 0.06900141405192879 8.432037226105537 0.05202805481228152 32.91833201412074 0.03403009743009895 85.0395267425623 
1 0.042017811191066665 11.8766982879852 0.06900667243187295 0.8318142059514397 0.06700352862633982 1.780845359075908 0.05300841683943095 5.99047899772462 
3 0.050002503644338336 25.533005466540484 0.06900167910783747 5.647602449511468 0.05401785077584578 20.118646827407833 0.04001616946972371 43.120782803417725 
4 0.07300109863027052 3.399826092758338 0.084 0.8761224719964924 0.08400032665366541 0.6569101885186173 0.08200056647511517 0.44500805296010537 
4 0.05901628689172156 16.927723858575973 0.05900626953595686 17.116624380341023 0.03103850403067293 64.15583515151049 0.04900986166321942 32.1137420808045 
1 0.040013201952325245 24.90801791355326 0.050002604845603565 14.77986406255686 0.031013206010550493 36.06523269989263 0.05400090312778858 9.941306311012317 
4 0.06600888125321241 10.02126334411276 0.07600022385542256 2.7485957616507437 0.04103095560956983 57.25274643403931 0.056003274431344854 23.860792284091037 
1 0.03800298985987412 15.892099654559122 0.030962389436908128 23.73598093136617 0.06300016622635773 3.568875199645102 0.041002524675462074 14.561516997775914 
3 0.03203513875931498 72.01887160885099 0.03103210234683755 82.31487322069391 0.042013724160006906 45.43481387500808 0.0790009479455866 1.6526408427049812 
2 0.03103121979601363 55.76257517121293 0.034046205758821946 48.182792297958784 0.0610095814704064 11.20845270817227 0.08400381879154764 0.4851770933224432 
2 0.036026317948740505 38.925727065771774 0.08200006884833769 0.20737111469035427 0.04900864128431919 20.122286077116954 0.03500672679626608 41.52553574524433 
1 0.06700656313075917 3.1614463599470337 0.030007986982549126 27.722079298789783 0.07700000000000001 0.5533063098081406 0.04500429116614414 12.95474516357588 
1 0.0430069610621151 19.09979193623169 0.07300000000000001 1.108661946611195 0.043010968809901566 20.902455213204895 0.05100311672138922 13.333551158588877 
2 0.05199333352933088 20.959739776108485 0.04701036315507721 26.597705391802617 0.0510074364430993 21.12646537649467 0.082 0.5900327867963191 
2 0.084 0.29628896294059526 0.034010848491688034 35.48743847066577 0.05800086612572595 10.769890766211757 0.06700121888134455 4.007955917306754 
1 0.0640147094948133 2.992086146654719 0.042010272007438794 19.199985970716185 0.06195088616448136 4.603317258528766 0.08300000216315094 0.20193773119228214 
1 0.07000023547708897 1.5464343175583273 0.044002709032857655 17.070608440401813 0.03697413469450936 23.482360679838177 0.04600865351402427 14.422588826803864 
4 0.06300094363511943 13.004711217128675 0.08001793095215516 0.7045476527431298 0.03902096633209388 56.683958132170254 0.07995434983130385 1.0549787919739624 
4 0.03504409595675621 72.68793803278831 0.07000361375773438 6.757129518099242 0.07800080005208765 1.9740309193907557 0.0740007709909575 3.2566210556009625 
1 0.04000718516376882 18.97734092426016 0.06099143540674285 4.240806961650482 0.07800281040098361 0.5329866513427046 0.0689981718552768 1.7500099192528158 
3 0.08100053874300217 0.30388665495956263 0.0530173287966559 25.348317333321923 0.04202219178874503 46.313286117997414 0.04601676529035407 37.763167408445504 
4 0.068 7.971877801273756 0.03102912676821047 77.09447506278805 0.07100070991953794 5.184417662732262 0.030043869526533817 80.83891876030717 
1 0.050000024574996346 9.290788096879213 0.03300487674377628 22.701981707478243 0.07800000000000001 0 0.08 0 
3 0.03501889539418866 55.916450220585034 0.0650015350192684 8.697872767348853 0.081 1.4524244293237831 0.03502272726836858 56.14113004430783 
3 0.057008781983650086 18.01522226827522 0.06897944243573338 6.320503818045662 0.07000083725100605 5.27468112893091 0.04300984335657721 41.77697572085521 
4 0.03302813308930963 81.85783921510415 0.04701965189801769 43.35635449841325 0.07302310447002741 4.086568883523677 0.05701484611525092 23.229194404231567 
4 0.04201744969472056 52.88790512839278 0.06000204285732374 17.2059164202171 0.030034620547081156 85.5619519706636 0.07903421092569585 1.2531143447996802 
1 0.034003507449182 20.935896826280757 0.0530034863421872 7.0364570110797215 0.054000295017079876 7.343793348394566 0.082 0 
3 0.084 0 0.06400409238466076 10.46241586885322 0.04302621481485884 40.93757134957021 0.051013750605316766 25.920551799662995 
4 0.0710038049952125 5.19856528269373 0.06000180549168162 17.14420873800152 0.06800454789413328 8.244382600967093 0.04501284705916242 44.32946580530332 
2 0.07900000000000001 1.5225168249082581 0.04202235750646491 32.24676885101488 0.0320350619983466 51.53998753288109 0.04700468849643302 24.26132472186967 
3 0.04904934669098438 27.093833463749775 0.04401418175779859 39.36017460143953 0.033029665411886636 66.10451995054802 0.06700048375126502 5.88501928584462 
3 0.05300450655059579 22.873086239719488 0.04001449863850124 48.53105709156161 0.06400132088152527 11.346037606845847 0.05401125873211121 22.596828161838896 
4 0.048013832814538575 35.08234035884851 0.06800071131739989 8.498295219326266 0.05301413708062477 26.832144130923833 0.081 0.0776503610273866 
1 0.05101089005097722 11.373777445899456 0.04300384832816805 20.06550670311245 0.05000569368646591 13.085195210538739 0.04800689811213915 14.787871611568665 
2 0.05801129859699154 12.998328198125161 0.06400580220552038 7.576310759889779 0.04700259752398369 24.563302257702457 0.08 0.5812352119319055 
3 0.07200000000000001 3.4762333268352785 0.07300057922456896 2.5850086704287043 0.06604661205414969 7.641697661841688 0.04801049274303216 28.270993863258195 
2 0.085 0 0.0710010417043956 3.074261269383493 0.08397878410051197 0 0.0330184762194953 48.00296307149561 
1 0.0660017366790146 2.593258672920471 0.05700047964280452 5.576471437822017 0.065000415166752 3.4592631265561233 0.067 2.2044637124718296 
1 0.081 0.3075098101862993 0.056000281160597916 4.940816670588466 0.06400000638407688 1.9649466934369428 0.03002285750513338 21.00439181742577 
4 0.04904102554786849 30.881056823370827 0.06300160040773274 12.714791808482705 0.05001508139923037 31.78960721716278 0.049014524610488046 31.78978170712057 
1 0.05701334187952146 9.937936108706609 0.05900125352400165 7.293546408368462 0.07100082934031757 1.9773825632117412 0.04595508653835541 17.69621166260057 
4 0.06100942445857864 13.84742410341511 0.06496950049149883 10.60928903299816 0.08200050066977285 0.2771021958819221 0.060001254411834154 16.14753782220127 
1 0.06000040476339687 5.733373492562785 0.07600000000000001 0.35665259619796363 0.06600037435136463 2.9816179709001616 0.040004651680497494 16.309063394907977 
1 0.05302905963114384 10.69396030716436 0.079001400065813 0.272706974816367 0.05002144506561762 11.835719937749168 0.039005878776758325 21.638613636476837 
3 0.08 1.3773441262143982 0.030956542017499908 59.00166447560776 0.06400038510830532 8.6233122237512 0.0760010470875796 1.783140240295232 
2 0.04101682586267012 28.52760424204549 0.04600760694868192 21.44709775276338 0.084 0.7103660576617973 0.051010141344566155 15.272755646703311 
3 0.07000176438809706 5.462262449794274 0.048003361362883606 32.20784801722595 0.06100139377268098 14.204414427209983 0.04701674172763161 34.961876761702804 
4 0.07900096610275567 2.401700940753196 0.04803275472495373 40.32723754709019 0.041021988425407926 58.18773507580388 0.06600039204741669 10.88675513072621 
2 0.06100302715067765 8.924748012653813 0.08500010067020258 0.47202731052095637 0.07900041019716966 0.785045733752535 0.06700072032083593 5.156365635276821 
2 0.082 0.5251582241030474 0.059007774274893635 9.966760500793375 0.08200423612322895 0.7374372518903923 0.03501138900959337 41.16456090054766 
4 0.04102007333903304 54.84734446089717 0.08300563881650193 0 0.042021672550523144 51.66739336801237 0.06700665451824069 9.450480627542968 
4 0.03901986267486145 62.98193908830936 0.06300223475724373 13.618678733069533 0.033030789671683033 80.73085428510691 0.0710312373896211 5.251956546456723 
1 0.0450056683635182 18.769606634229433 0.049003700902834436 14.018508183219334 0.08100004638682033 0.6944428870014041 0.07100105969321968 1.6208904772714465 
2 0.030014094733195204 36.99194776170868 0.05500299650105679 11.665524495739444 0.042015683042507634 25.94387042994106 0.08400311583357065 0.5287582239472263 
3 0.07400097368902034 2.0037668604419236 0.07300112812443095 2.436387526065297 0.07600090594930857 1.6473943134451403 0.07400092580475413 2.134399550562836 
3 0.06200121922754757 13.217557793416788 0.05296966526038683 24.213736678131305 0.0350186306288163 62.465041363989315 0.033026973943743695 67.25146406578553 
4 0.0440191345567667 45.108982774033585 0.04901255219071082 34.347194000862245 0.05100956438035733 30.27955188139441 0.07600886823968411 2.1762599792287536 
2 0.0650077331771585 6.979977048346172 0.081 1.0857857140525917 0.0470450167793655 25.25284895740472 0.032031512685089025 55.512345473546425 
1 0.06303151024871846 2.5966414298522515 0.04395605889892596 15.726779966554307 0.04800293541256226 12.245959464560157 0.051965546794156686 9.45142274897745 
3 0.06501422263072407 9.320327474281635 0.04401823854345275 36.69962788370146 0.04501084350981601 34.413377899264994 0.08100038023338688 0.1451494455527465 
2 0.08 1.1817228556410702 0.070002764224602 3.4119563493651084 0.06698035801092402 6.0227901223375415 0.03202188882766878 53.01844715814686 
2 0.031020915056920298 47.56319102171349 0.04300897778631698 27.224858562198108 0.04900944072749671 19.672945243459324 0.08 0.8656494317845584 
1 0.07401554410906552 0.9834238522378814 0.084 0 0.07101489204002634 0.9245640009182035 0.030008462664348756 21.749866470109225 
2 0.082 0 0.082 0 0.03900830031512384 28.247305110189963 0.062004647736823876 6.110891867075523 
1 0.06700014818852883 3.4260714971210326 0.045010709346011264 16.179083805301964 0.04100618707892747 20.290296807066436 0.048005508920383466 13.346764388772453 
2 0.030017701527409416 57.564530122479084 0.08200010522905354 0.3143658905407051 0.05900118885808462 11.238125153467335 0.05100234603270417 20.017462004948868 
2 0.062010525251010015 6.7168102016322955 0.04800229582342143 20.763378199742707 0.06796807493887752 3.9167659146194858 0.06200227638524685 8.27792756892272 
2 0.0629795172903221 5.6081569732882395 0.06800059930290232 3.4631463280001507 0.08000023731054322 0.8409219208408216 0.06700272157973401 5.232415069924436 
2 0.07800000000000001 1.1489841339270106 0.05200103772893414 14.819892715956875 0.083 0.25968432252775525 0.0660070131415132 6.113466918749266 
1 0.07200000000000001 1.2141034771851038 0.036008856981624926 25.729209670769535 0.03401229244082231 29.665236258890527 0.06500001526558817 5.234833622517018 
2 0.04400287971095096 26.02769672705854 0.083 0 0.07900074709998428 0.5574714877225613 0.0650067979158348 6.203058591808235 
2 0.04000798270871389 27.753030942273373 0.06000061791512118 9.752146870969309 0.0360227381945817 33.471973434579645 0.03201697135873402 40.51048880776305 
1 0.07700000000000001 1.081147007540578 0.06800019079566469 3.424909925827397 0.061038181721497935 7.212062392027624 0.0510063084242429 13.491098421608484 
4 0.08000003748408378 1.2067937986089745 0.07300123700187656 3.88753865851084 0.0399928070540591 60.12308388952907 0.03202988741343159 85.92141949730653 
2 0.07200103866045211 2.559371984734714 0.08000008544812318 0.8699538237424114 0.06900061615162704 4.7545716935563 0.035017816666418955 46.88128948154507 
3 0.04402809805405973 33.50812602165675 0.06596127042680562 7.8252794752883394 0.05900131440356329 13.751168409065308 0.0530055028320738 20.77187614535125 
4 0.06100910351192117 13.078019075700928 0.05395314246079734 24.463110821219765 0.04201410207906582 47.218842632836214 0.03099229048483884 77.15814483214001 
3 0.08100119233581304 0.8451421391659264 0.06401828757452996 10.282799364218096 0.031025747634805173 61.99380200359793 0.04898419324485591 26.359565192392402 
3 0.084 0 0.0600060958659392 14.532611959790476 0.04301110722875243 41.23887779135992 0.07500466590235697 2.4071368565276927 
3 0.03302874870239726 55.099848138057276 0.08500029121394491 0.6037285030868429 0.06297092279610932 10.811229704309978 0.08300466550582321 0.9455485728280069 
3 0.052989932720014114 25.549919075646475 0.08500587588095246 0 0.0670054952308459 8.0672878715562 0.06500530843358703 10.394430222942901 
3 0.06600668765825123 9.219796353844897 0.05900175401929328 14.290890711989157 0.03901641040814121 46.434358348018506 0.04701738416506411 30.659628410853138 
1 0.03601657194551662 18.206832280631698 0.07800000000000001 0.0451595448822001 0.07400000000000001 0.7766179520507464 0.07300063388012343 0.8909414163011707 
2 0.03401295063454457 33.96307425012924 0.04604410569528436 18.62232684811652 0.085 0 0.05800025849929449 9.599129550372252 
2 0.084 0.0342926487698389 0.06700442606801879 5.602105742609625 0.07800041515363773 0.9007324354675657 0.06200874056434149 8.40601825296433 
3 0.061007439385561815 12.890999212822447 0.05700297636815554 16.109734137450857 0.05500857330549116 18.939234123691723 0.084 0 
2 0.03502503511832333 45.1943604931179 0.08402611405357291 0 0.0560175543609749 13.93057559078887 0.05900496034894752 11.285251298347221 
4 0.06904564884451064 7.740038095504312 0.05103454620955912 33.39004037851007 0.04201848282606431 55.463880239229105 0.081 1.5160490107063456 
2 0.07700000000000001 1.1729554673305813 0.050014529711032 20.370427318186053 0.07800000000000001 0.6913196890485009 0.084 0 
3 0.05102564662296899 27.150355771620383 0.037014134396612455 55.65284866235186 0.08500059807522192 0.31613691588991716 0.06001136776728571 14.095778151500292 
2 0.04001073743346245 34.48474749748421 0.05600160215985003 12.887760983559492 0.04800452938041283 22.616032899587793 0.041011202412230365 33.32232897402707 
2 0.03301535946673724 52.16908986261302 0.03995736543977475 37.87595840912914 0.07800000000000001 0.5802643191703774 0.04700222093894414 27.06398543716689 
3 0.03802168264635229 56.70089121008966 0.03202401771493854 73.59630081951013 0.04101565520194651 48.511173771270705 0.04301482984605226 43.134632462305746 
3 0.039031956761709105 53.431449776147005 0.07600000000000001 2.3308054269792082 0.031025461504008173 73.97859654674058 0.04401559238687436 40.3536193037431 
1 0.07100107400164198 1.736289233658822 0.06000885779224497 6.072689120324274 0.06800058710151596 2.5941983926949623 0.031015164602995637 35.08812875092827 
3 0.057000134736033894 17.96076239406714 0.04801223822842806 32.472973442236906 0.07200010610237889 3.919114328264047 0.05001891444851212 28.724753704354605 
4 0.04202136513253542 53.56085520139927 0.07900063415837097 1.8498832478264482 0.03402961190850155 75.49498725800686 0.044018690198998914 48.651442203021745 
3 0.07200000000000001 3.689760157148865 0.043033854429717466 42.56614714006356 0.03002487113619373 76.59775582272783 0.031025586947957984 75.54307812931062 
2 0.06901419688756105 4.379872360358187 0.046961890851253296 21.479392227391877 0.07600006140404994 1.3233125074591985 0.03502203530558755 40.11790585648128 
4 0.05700617346691545 19.126491082005554 0.031034693557103185 75.08715652383192 0.068 8.151458789615717 0.04501167532302004 41.65025084673382 
4 0.06201423195144274 16.620633565196563 0.08100128522301225 1.9759702519161364 0.07900115451590539 1.802531982956764 0.06202786907825912 16.64272676689709 
4 0.04001777576568321 55.92455905282965 0.08200790008631983 0.27074635299953326 0.083 0.6107601623088941 0.050015433885334325 32.40752710469455 
3 0.0830040870912578 0 0.0780016673418211 1.1299904955530882 0.032016995809836094 59.16327995156054 0.06300182728339564 9.61921483169753 
1 0.081 0.0 0.083 0.02242884885155907 0.03501260710775536 25.458404486197836 0.053006428691320044 10.339422676983549 
4 0.03402489917651946 82.6355176344641 0.03502766947700138 77.3496934788533 0.06400224285706563 13.492724589606262 0.0650022450440336 12.520140581048622 
3 0.07100259051124205 3.5741876078749906 0.04900520636522537 27.12275016323111 0.05400653436380776 19.69556627491983 0.082 0.8920587555796365 
3 0.04001390511999255 38.08542855892235 0.07100492247857307 3.641179575662076 0.030027079899597603 59.71221620900184 0.054005283191792375 18.740260041472837 
2 0.04904428053416863 16.982525408239965 0.07300606397793379 1.712579730149592 0.04100362593341449 26.22833491416592 0.0470093895884916 19.233358663500077 
1 0.031017563713092958 25.661925771723535 0.042006055063056505 15.78171562290005 0.06900052028037855 1.2234284770184336 0.04402061553579645 15.291724251241227 
2 0.065005045154988 5.925460251952103 0.0380140253605848 36.691664178862794 0.03601668942828508 39.944000452049764 0.03901432130991112 34.163344657952976 
3 0.07 5.5484242796538314 0.03002659357176886 77.73377389932114 0.047965181660792264 33.315946678194386 0.07200006751792792 3.8098199835192466 
1 0.03901935729755228 14.139405067392016 0.084 0 0.039016355941279335 13.37790978594388 0.04298879304869806 11.472620825946349 
2 0.04100817882845995 33.27289049870382 0.035016707658395735 43.64591005738754 0.07700000000000001 1.2818835538302744 0.03701477015627906 40.43745638496506 
2 0.06200784896956147 6.694940419850351 0.07600031858873092 0.9834904779599374 0.07100719898075447 2.747533579759311 0.07200034010123135 2.1063278313442324 
4 0.08000003132557987 1.3822316370124177 0.055017781955257805 24.838568520048568 0.07899947543668692 2.325774435051111 0.0380177843524735 63.27879872767811 
2 0.05302324556580947 15.93150208494772 0.07700117019471242 0.7111334918368545 0.0710007845220968 2.447711011935426 0.039017622169723466 31.44251970330931 
1 0.06900050011013587 3.4062746676760893 0.04501649174904277 19.114016847261844 0.030011888427352612 40.15017791972797 0.05700729788253496 10.281072842641432 
4 0.043038780232344497 53.553982061981955 0.04904584781260816 37.96680510691107 0.048017048770243605 40.24548976499301 0.045017103503727 48.20379491547392 
2 0.07100183479946658 3.704863036513271 0.085 0 0.06995505126694543 4.0383818442198045 0.057007103377357274 14.116246957776207 
3 0.0730391063342983 3.2855461488796704 0.083 0.7999908387280804 0.07100064943327973 4.516016283833898 0.04203617757904323 45.545025674509965 
2 0.067 3.6242650002719756 0.08200003197004474 0.457072803811971 0.03402072858480293 39.18960671526757 0.07703336300934233 1.0354723750877404 
3 0.07502548130419116 1.6820827417180333 0.07700016686877212 1.261056208748159 0.04700221091669935 27.29317830695249 0.083 0.8418115993028397 
4 0.06900005822081345 7.076160001771009 0.06498602904378345 11.037419061115171 0.06700120733418108 8.982619460859869 0.05897633035825399 17.70117637177365 
4 0.07502579507103246 3.0394302453648945 0.06097084494893951 15.945408722462915 0.044008281650052064 47.81978084729587 0.038019186327651326 64.22464367355357 
4 0.06900050679955783 7.368818373861121 0.055015540295330276 25.112781083577985 0.03203115240528759 75.10722792223032 0.08300108537921454 0 
3 0.06800750108352996 4.979438214329161 0.05400176014410752 17.513384881311403 0.072001116853691 2.7593452820115747 0.07200104075897248 2.920070531381864 
1 0.044034175094005756 13.244881104876772 0.03500897329668874 21.073537910143354 0.053000353851773416 7.488787618942649 0.0340101391676078 22.70272959344091 
2 0.0430139999062383 30.03140426800503 0.031019419736875442 47.205527763919406 0.06400098839877626 7.8474145963749535 0.084 0 
2 0.07600000000000001 1.4693135649750289 0.062001542457134254 8.023265482713477 0.05000434405963542 17.145758993644623 0.07800000000000001 0.851783877473766 
2 0.04800349774245324 20.618761060362118 0.07400019904036664 1.6627982003486859 0.07200450937808806 2.318203824933452 0.031018499396428742 49.0709187153119 
2 0.05400032639359022 14.081383024566737 0.03902009977583462 30.195679984812482 0.08 1.0227546335013913 0.05300224277846786 14.752389952236651 
2 0.0440075911282619 28.452249533877428 0.07497331477088746 1.7213362096327263 0.04300789635653595 29.601891160973477 0.06500072055651587 7.173713135345625 
1 0.05503865759229878 9.726180847256183 0.0479887337132559 12.705747240598987 0.051005023960003976 9.894361964820211 0.07696888372449937 0.3568855655920405 
4 0.047027249374835024 42.20712674272533 0.06000188396185827 19.562259601912956 0.03604607948606682 75.86996747425484 0.06200830049101815 16.19294685617574 
4 0.038023614113215656 67.46284290311381 0.0830014855926041 0 0.085 0.33177460348567955 0.045018435431529176 47.47180752876079 
4 0.08198888623153963 1.4062334412810016 0.06900407965890992 6.536956790839806 0.07600079809726053 2.5461470308694474 0.05400431591339032 24.879648697610868 
2 0.032016558357780514 53.82458360799717 0.056003465941257935 14.271528835240826 0.06500455073803654 6.977558550379413 0.045014060063160694 28.09335846402564 
3 0.07600000000000001 2.4393087198721752 0.06600530515975758 8.948393927630878 0.07300100013492238 3.192807548504254 0.0730011825215673 3.221567999107346 
1 0.08496906050400052 0.15411400122504224 0.050009723517116536 12.022829481343802 0.0530047110284119 9.026286975872004 0.043007253149430186 17.44391302362412 
4 0.084 0.29961170258968933 0.03602520008840075 70.59449388662324 0.07700000000000001 2.4507847002846535 0.05901215791979448 18.91292539857288 
4 0.0810006668490575 0.36188611521094916 0.0350310690554457 66.6573805451107 0.04600999571459987 39.409496345004655 0.059001958701375236 16.807893357433805 
4 0.03402948089765802 72.13082361741168 0.04102142545147395 53.48101677690444 0.07295810132673716 3.612732390471839 0.05301343992834885 26.77650001248771 
1 0.04700639879134834 17.482189702491596 0.05700050342403106 8.077650751888774 0.0600010697681339 6.556182819706348 0.0740026307538707 1.128668835367058 
3 0.04000884120890702 42.48655667381486 0.06800088145871008 5.5580461477129735 0.043021273684793845 37.51413606372199 0.049010575449883444 26.17036806271771 
2 0.04101269288602976 36.46021520342635 0.05400270070152992 17.788307054398153 0.035022856099508295 48.13561075848636 0.03402059156344005 50.14832568047049 
1 0.07102421612829539 2.1710601254478843 0.06700043828121352 2.1257076042304672 0.06100370613497466 4.796209602409972 0.07500008985676386 0.9750493289078798 
2 0.08100070794379605 1.0876831891249883 0.05302009018096554 18.44578732758794 0.083 0 0.07400092035338737 1.907797307058448 
4 0.04195845324399198 56.167583565366336 0.06600144570756747 10.985517733904242 0.08100107487381306 0.97452093681514 0.04801311618425736 41.799532540734134 
2 0.05102304750617915 18.315515310690017 0.06700037834090083 5.877898665024629 0.03301308821803953 46.06342126066912 0.04600749053966471 24.613142018242417 
2 0.05600025619922144 12.05739777375364 0.06200527854420881 7.879283747151672 0.062002918321253216 7.515272999423132 0.044008178597718585 24.436144774531638 
2 0.067 3.162184743948571 0.047014229142289705 18.532963954695227 0.03497894689654789 33.707547555942995 0.03101613709215692 40.494389044591955 
3 0.07796099745349502 0.791007263168703 0.05500893875993673 18.04120027543346 0.04001095748386175 43.73924727678623 0.03901909020061792 46.310367040138686 
4 0.06900008558878534 7.07193098718174 0.058002141794851754 18.758457590682127 0.046008561777709255 38.37659411594673 0.07800006726599552 1.3085212330477118 
1 0.031009282450031803 17.45960143563204 0.07800000000000001 0 0.03303021294093883 18.580064092053863 0.06100019576707495 2.699938706100717 
3 0.06300074545794107 9.1596593703845 0.06200586972861194 10.58899683178323 0.056003168371939666 16.319393763733288 0.044014961562188724 33.18092185293155 
1 0.04201697970385729 17.249448495406224 0.06602494451446633 2.0079848768714004 0.07700011521556141 0.7411357803294298 0.04900415141437914 12.129575292265852 
3 0.07800000000000001 1.5624640587785374 0.05500260111374587 22.19090643401311 0.030029303199856944 78.46972840736025 0.05996996135538409 16.02072140009139 
3 0.06300508538687512 10.622906990009088 0.03302753407530366 58.86956893795094 0.07100049137619861 4.158487768067476 0.08200185548217359 0.8985130795727285 
2 0.062000000000000006 6.099893454350746 0.08504829420155428 0 0.04300756059993529 20.787523904713762 0.06000064586711921 6.753855274493315 
1 0.057000557199712594 6.1788979785442795 0.051000000000000004 8.623730611012606 0.06600059886505552 3.021939453605552 0.05800038210364043 4.534475399157484 
2 0.07300000000000001 1.7703770106024805 0.07300065569569486 1.705177896644647 0.0370118418609717 33.23373292925853 0.04200958846694622 26.109786476472397 
2 0.04201934637161549 26.650938688390465 0.037013378086144355 33.123691412444344 0.04901160303593412 17.209102541200085 0.031014413068243735 42.64388885221618 
2 0.03900963481917819 35.62806891785401 0.04701007204105927 23.76593175136384 0.08100074928513974 0.8628546806372528 0.05500055096916349 12.894879611697162 
2 0.04904660879589444 25.649086127026678 0.04600954459956164 26.868498977129143 0.03201635026629142 53.50316349266287 0.05300704882004627 18.319027961523346 
2 0.05400123552687305 13.695887381008344 0.07802232604346815 0.8709794098571111 0.05100233795137951 15.974306522836013 0.036009725206877716 34.297103233121305 
3 0.07200000000000001 3.541997707243658 0.05401428512991903 21.77375434750035 0.05201096941411776 25.27561255566991 0.05800764245725209 16.590524531496087 
2 0.04800392305850118 17.32745088427839 0.06300157546524543 6.260243173876821 0.07000067348862889 2.5307155624501942 0.08297537367095498 0 
1 0.04903606923037901 9.233090077986374 0.07299423297029062 1.0447086028790042 0.07800000000000001 0.5703537468819339 0.07500000000000001 0.7578943062942187 
1 0.051000490993604874 9.570574586412098 0.07802362008509627 0.4871598740911674 0.06500124742475362 3.4675507404476003 0.0740000119760528 0.7931445156060234 
1 0.0630320085870375 2.757231502817368 0.050005062627043746 12.47620469020443 0.07600041607004555 0.5570286504537549 0.04701626437177094 12.151001343805003 
4 0.07100390730189488 5.207610098073977 0.05801063651543312 20.970554342111974 0.04001538134937964 58.28078048558585 0.081 0.7351618405651962 
3 0.03401830168660573 55.63459851464798 0.030020576621227174 65.90510646596783 0.07103186246872087 3.0554240211328496 0.034017734259922425 56.226340714001736 
1 0.05400135410096324 12.102384449976212 0.07200050456330738 1.5039836616405517 0.06300051439277107 6.073678134196043 0.08000007746407331 0.46300453525500024 
3 0.06002152889229152 13.199982475233032 0.06000488888336834 13.503295209224271 0.06400303887356305 9.86544184528774 0.07699640454975401 1.5325843967197905 
1 0.07401435025940022 0.9422863205758404 0.066 1.6084435773251429 0.068 1.3960901881353647 0.07300000000000001 0.7831432541019278 
2 0.034028654260890426 47.05503803006636 0.042955233041456466 30.2645096832131 0.05400404298200769 16.9654022475331 0.03501416371148183 45.05527903180534 
3 0.036995694191627196 47.020226095492234 0.04801232533400256 26.293537087687355 0.038016848679653006 45.40891054253033 0.03401733001358831 49.57904648559964 
4 0.07800537165920138 2.372376121860992 0.06800537765639353 8.47475108655334 0.07300105371022189 3.648998447133866 0.03402945897866809 75.45022489967155 
2 0.07502521187799449 1.6324993416407767 0.06700023451161147 3.613610874414011 0.06300063726098287 6.606368663623895 0.083 0 
1 0.07100111278673818 1.6370871686839013 0.031014389409422666 37.914889074304135 0.06200661301991917 6.589047516535014 0.055005811607545245 10.372613800802894 
2 0.0600249239646884 6.960070610617603 0.067000722432598 3.447651188604606 0.03701849097752907 30.318881119371987 0.07500000000000001 0.7480620882615515 
1 0.07200025730820936 1.5485850076931802 0.06500114219546294 5.1610674449737735 0.04000420366401368 25.2995468793638 0.048007271746875774 16.917566845316784 
1 0.08300402974302845 0.6737785768933285 0.05900121570859356 6.221728507315705 0.052006604781238155 12.074263254858757 0.07400002428471422 1.3163104157277101 
2 0.084 0 0.0310217292707346 55.32701504874329 0.06300068057551832 9.13552512793725 0.048011077603020806 24.68637582376798 
2 0.05100218178085086 18.05509378866764 0.04600924073612587 25.06332744681299 0.034015010650757446 46.33091762054892 0.06901241942206211 3.8971259560708633 
4 0.08100102999654518 0.7694330815988437 0.084 1.0825225715406945 0.06200066249634901 14.865307887279737 0.053009540402964433 29.150363050588783 
3 0.07001476647285423 3.982988048360111 0.044015849420237 35.09867866093593 0.0340362729775672 55.96920544264001 0.03201338772130098 60.86080958762634 
1 0.05300134956305292 8.793254425497352 0.031010830714917573 30.430654605937928 0.042006821871645846 18.665828603107204 0.04100928800501726 19.21041500672247 
4 0.040019119346634706 55.05044026585399 0.047015621107682995 38.5456639550547 0.08400077392190028 0.541036506588143 0.08400020127755682 0 
4 0.040020315120844405 61.46575554958955 0.07000237735423309 6.9754522722556915 0.042971187949676144 52.59515362240411 0.04704748503769372 40.364430652288235 
2 0.051023682493911385 18.456832608787924 0.041013503830530366 31.789698511091945 0.05400140784021313 14.222682630520298 0.035017928175262586 42.385146904664516 
1 0.034016025117719895 27.479522882976923 0.07700000000000001 1.0918410856718836 0.085 0 0.06100033991338687 4.381884060483711 
2 0.04002998568634599 35.05740121822754 0.07900000000000001 1.2320120702969755 0.04002940532947594 34.05633396110204 0.04001261631671285 36.084707777065184 
2 0.04600241707017698 27.146254373300696 0.040011566744619725 36.7919213885921 0.03401358705059025 48.77774452769536 0.05300943506755706 18.56840197655421 
2 0.07400546811176822 1.846519368642774 0.04600454267878401 22.53448252006294 0.04300843850722439 27.244339586234666 0.05100887536743609 17.158624805360876 
4 0.07700098760532671 2.101977555918007 0.07000160252799034 5.958375004243362 0.041016502060732034 51.62432539180064 0.03302371698448278 75.03655947449286 
4 0.04903108638652629 36.1237868433898 0.08300415713089987 0 0.07700065137874566 2.2162693354493332 0.05402091637621263 26.680131851356883 
2 0.0360232815202068 32.75510599488231 0.085 1.0276332339519516 0.07500422856112951 1.2817031631644527 0.08 0.49315108943569824 
4 0.07100430706260516 5.545792612266148 0.05498192109086796 26.731251453636474 0.04696185055410587 43.757017810874075 0.082 0.14309500824587904 
3 0.033016622622456415 56.21553630030722 0.032028703319640695 57.82944995367251 0.05301255608314504 19.127326506741262 0.03303791582612617 56.299932386235355 
4 0.085 0.8406738831034442 0.05500156980526209 25.6022625280059 0.07500000000195975 2.648577196473275 0.04501910511492424 45.98643131194117 
1 0.03201590206276661 27.76599028659926 0.03999572926172722 19.33090047076846 0.031010344264861073 32.78821530017893 0.0540010512795866 8.082225223007384 
2 0.04802008831356941 17.80631291277651 0.06300055599608373 6.545064291225766 0.045011071115830886 20.22873210072903 0.07700467542258566 0.6275712047837864 
2 0.0410114731752994 37.33845576754781 0.03103792580737974 58.82838495826178 0.037017433570113945 45.00561864821614 0.081 0.0 
2 0.031018209033675026 38.72690396249066 0.05001140888926418 13.709368964764035 0.07800000000000001 0.7100758503801993 0.0640013668640121 5.288213297881205 
3 0.04401632564721363 31.9592437253528 0.05800385931025752 13.121350959970112 0.05200561298852561 20.4870883072897 0.08 0.5287234346227014 
4 0.085 0.6207451289190276 0.08100109540298851 0.569679473112828 0.06700718193669769 8.620539989753208 0.02996474653205443 82.23201035642658 
4 0.04201872687154674 52.874045604661006 0.08300836634592736 0.26852907824620353 0.05600691049190173 23.643394195197345 0.05401183695674206 26.88704563711613 
3 0.07400621202535904 2.358640495661295 0.032026009870357294 72.10207685329655 0.05602886078195497 17.739386260456193 0.0620054422934187 12.108915158215662 
4 0.04303876708598991 53.475909496624254 0.06201261771699437 16.372643361823044 0.04501038202606278 47.63754959422721 0.038026117032532544 68.9319491924228 
1 0.081 0.0 0.07200033926397889 1.285113614883442 0.0420071987797515 19.64817687950306 0.03600938119903596 23.924029663436354 
4 0.06700081582677196 9.46220529311493 0.08500011626250877 0.9518377770708973 0.051017279524999425 31.43895610811562 0.085 0.8478508901942949 
1 0.081 0.27461594049604965 0.06700038639082646 1.7616278222749235 0.08199607205160145 0 0.04600623413257695 11.3205638791557 
1 0.084 0.39668933654767374 0.07900003212022473 0.42939998289550746 0.0360075175803421 28.74875628809623 0.06300070612894437 6.2400401219684305 
3 0.03801876306910414 44.727520717617374 0.06500041067594647 7.957305714688573 0.038026560753806955 46.19868511989454 0.03200677610778997 60.238611796991464 
4 0.06700064530229621 9.401130530560426 0.058007810651401946 19.912424008086766 0.06700645112171014 8.908458503729243 0.05701055403048325 21.651033718816453 
4 0.06400069077150616 12.526095929041247 0.07801425105729752 1.9670634653389574 0.056035562943364224 22.471171108259043 0.03801710321677645 60.21126922507097 
2 0.06995126521985671 3.7172607397141464 0.044013639197644644 27.874013140100253 0.08100755056623687 0 0.051040790003428954 18.6368939194344 
4 0.03603836353354041 66.19910677165933 0.05099947730661955 30.32646116166621 0.07100026920500194 5.065331338500864 0.05601031065126799 22.37981312235584 
1 0.04401606513887356 14.391452385678857 0.05900054811240863 6.059461707512394 0.07601806258183857 0.8366745470874168 0.042034107327418066 16.321424530927988 
1 0.03301291907100666 32.03401525696841 0.05000282119641343 14.146773990776083 0.07601341707053849 0.9049474782757928 0.056004516846185265 10.610641534479699 
3 0.0360301727597718 47.56157473494633 0.08502778128441592 0 0.04200493953364212 35.02278092559325 0.08196918765180018 0.7099417477113796 
1 0.082 0 0.07900000000000001 0.11396892458455606 0.06500101853164081 4.061784392474409 0.04202110810154914 17.998167106766548 
3 0.07100270312079072 3.9948442949649454 0.04401292784377511 36.07680599111261 0.04301633807162288 38.59996183157682 0.05802575290828626 15.076287445079831 
4 0.0630347482729748 14.278084357199578 0.05500474109073981 24.983556247113725 0.084 1.7866713230348255 0.05900136601319528 18.452304694330998 
1 0.04301164055963976 16.411229209967832 0.08201460229224598 0 0.03201950088901616 30.8941349567446 0.058002270749327824 6.413137494743287 
3 0.06600615026823507 6.906703593116589 0.0730008303409926 2.4623900779383456 0.06800157464597797 5.868563653787984 0.07000067973408113 4.37115125955385 
3 0.044019286238029275 38.60983798563755 0.03202963636884823 66.6111132972171 0.06200116050732538 12.188863489698171 0.08200096991512162 0.5268241740965681 
2 0.04102682186549797 33.08232089682332 0.055006450440059654 14.26535132276909 0.06100725190404386 9.396964897901661 0.0640012881160259 7.471611120389706 
2 0.082 0.5965227441115512 0.07500082491811516 1.6548232778787075 0.082 0.039267545886365926 0.05302790656143912 17.461275020108804 
2 0.06500002432756138 7.556033123031994 0.0760007902085328 1.2498727653410535 0.06900120691874875 3.9772888307670877 0.04600484718572345 24.168786383285106 
4 0.082 0.7329466433192687 0.037016506350109904 71.6316868501357 0.07 6.753039613671961 0.03902099031369066 65.16427059543759 
1 0.07700000000000001 0.5353071077079147 0.053036497491947554 9.511996828119871 0.06400464561134228 3.8669034540002327 0.051004949867728626 11.610651019841743 
2 0.051014371431903245 18.448099282063506 0.06400035983266866 8.045675021258866 0.042012918964537134 30.586253994299405 0.045010844752286255 25.61129634200675 
4 0.06600938731998265 11.462412560956956 0.062003556002633055 16.949957091656948 0.07500026212076562 3.1933543650637697 0.04796429669789846 40.9980078579128 
3 0.07502551780110786 1.7137280504092582 0.041039632487348245 40.61713557662204 0.0560064104443781 16.593160185071397 0.07400058345057611 2.14597726090501 
1 0.081 0 0.07700000000000001 0.7538772251796784 0.082 0 0.07000024775980462 1.875921395549369 
4 0.07400044681528323 3.3569618028771524 0.053005275478155374 28.450336775702134 0.081 0.2170773324728846 0.083 1.3820120808433747 
2 0.063 8.42807871773018 0.06300312161963847 12.68082955742409 0.035022503024232085 39.50923247018127 0.07300000000000001 2.054892762861162 
2 0.0530064634487919 15.430438701254758 0.081 0.7007462292022419 0.047035264420222406 22.528965006608576 0.0680041117765498 4.920713669352143 
4 0.030034352562583577 84.79287447436955 0.06600337390971847 9.705844259670174 0.03102690497324148 80.32722200334955 0.085 0 
4 0.03102898630690347 79.33667478649568 0.03302518214688131 71.15651670830593 0.06601862918966211 9.072393860176359 0.03102953417795669 78.88739538467456 
3 0.061007858389913946 12.530817636626674 0.040011740551085945 45.70732208102668 0.07800000000000001 1.4085760686296025 0.083 0.5215373960105208 
4 0.084 0.3000828124327707 0.0410156294279032 56.570551688252664 0.08 1.647413289011458 0.048016687398094275 38.61554425934164 
2 0.05801972352061929 13.845270033043924 0.04501319639892044 27.568900210919594 0.050007078767758124 20.81716978315766 0.07700000000000001 1.1309936157737739 
3 0.084 0 0.06203066572654435 11.872768257024035 0.06900116717282882 5.218001675732239 0.03301935650980213 59.11313356512903 
3 0.06100669813294418 12.683670769590327 0.07100034092321898 3.79218649635898 0.039014817065935195 42.31894937149435 0.06200095569086659 9.969859341251908 
1 0.05800619336100518 5.128576404666267 0.049004197172724 11.934227681451869 0.031013146699756702 27.529660764892046 0.07804503876598592 0.6052077014192127 
2 0.082 0.5281303728444273 0.04500721026751206 26.114203986857028 0.06200115255942519 8.517684497098486 0.07901516180766087 0.8121607731267899 
1 0.07300176318660115 1.2096912227093723 0.06195675410454785 5.352344320682988 0.06100417093145095 6.611410915284134 0.03502225321752228 30.32637047164468 
4 0.03902823573229353 67.16510007647318 0.0740007388063323 3.5766886922707126 0.04900712066596297 39.21989124155785 0.08100004774504722 1.1348266154988196 
4 0.082 0.5120523087082594 0.05400420314998361 29.7765979756178 0.07700089433152865 2.2537473088881126 0.05701226790584011 23.607354139014628 
3 0.05902013297102166 12.866527250534805 0.052005777211371104 20.26370675950735 0.04301329279585318 34.43670962678726 0.07100043816278673 4.035242215260193 
3 0.08300410258355344 0 0.05897754680654443 14.373842115939073 0.057007871286606344 17.512841713538226 0.060006071530954504 13.826128875800684 
4 0.07400000000000001 3.6054031981064196 0.04801171250753971 41.06931659187727 0.085 1.5482481254785847 0.04299133118668398 53.05285159315094 
1 0.07200000000000001 1.20030218246124 0.040009755148270126 21.452397603989386 0.05400255330815137 10.204665667465424 0.0760012249204826 0.5993239369310818 
1 0.05703165115271481 8.58503154384761 0.03302919237996245 33.32944616217778 0.08399348392461602 0 0.08200118323764516 0.08411016401195588 
4 0.07100355408259548 5.304415996100609 0.07600074470762887 2.3542007213470235 0.084 0.9209642208676782 0.0750003756696787 2.786470048883809 
4 0.084 0 0.084 0.8778930868002214 0.0710043221410405 5.1373041363928245 0.06300655806465694 13.38704505672628 
1 0.04600818462918944 10.658619781100525 0.0650023988496796 3.5036090374014863 0.061978449716393165 3.9089890718729547 0.0560003512791637 5.947542812410976 
1 0.06796136200404798 1.77180829224791 0.04900525555575209 10.926809536343374 0.05100182973133147 9.8894300846435 0.05300130117902873 8.994438242321591 
2 0.084 0 0.05900132329188294 11.096015951296213 0.034018300338880925 42.74927526046858 0.038014932866363635 35.2916786420672 
1 0.07600164920529706 0.7735976471080215 0.06600087700632606 2.513290582229964 0.031012681645012988 29.91131709999805 0.051000980759891 9.740211516962635 
4 0.07100363982082059 5.2487370705962295 0.07900059925188956 1.17412191621509 0.05297073624569995 26.98281409677144 0.08300000812962585 1.435907055751515 
1 0.06303054778211996 2.7516980928085526 0.083 0 0.05300063821917202 9.87540574848527 0.06100233803240723 4.91030677303546 
3 0.08100042587686149 0.3217325597650294 0.04595387905664002 35.075882878055495 0.07700001291127619 1.402370161337732 0.03002279469740969 75.26526418278539 
2 0.04700293704988708 22.88057922930864 0.07900917620322942 0.5007408284909889 0.035966366815125744 39.11692496684133 0.05900091761852675 11.245684226688258 
4 0.061009493835922836 14.04215039785306 0.07200752294852503 4.3602643353913795 0.03801878479282601 59.83117738990511 0.06397095954143622 11.961413785783945 
2 0.054000000000000006 12.785250409543504 0.04201157991246425 26.224975248023107 0.05800112231892698 11.424637066334757 0.07802159186214569 0.7558657727790163 
2 0.03102106090223747 54.968163711528504 0.05100521055512914 16.68569238627862 0.07800068526000645 1.081944219349316 0.052001746232685504 15.652352338273705 
2 0.07400064011026575 1.431931788478092 0.04897333129465727 16.082305039394537 0.07900014150682386 0.6830715841906562 0.03301031431833451 39.06892387897171 
4 0.048007598509455386 39.91141276564364 0.07600043738111507 2.6960903681735897 0.03302746829479514 80.31851104080525 0.037026776972780534 68.28912265099154 
4 0.05196830226142443 27.64406801888781 0.07000680005422194 5.898045459643372 0.0650038710878162 10.832736366510492 0.031028598963217968 76.56356713484863 
2 0.07200071772970854 1.6679149797142938 0.06300072667127592 5.983309932256756 0.03800524953461956 29.576279908062688 0.04000826478458878 27.733303891177492 
4 0.07 6.842094142564771 0.06500469874817856 12.765578340559724 0.06300742718990084 15.329565214214636 0.0770155599413957 2.6387836894927066 
3 0.084 0 0.05301048203553197 20.108475717453885 0.03303068301882536 57.69396220233091 0.0660000999040937 7.464269909758176 
4 0.05300310285173224 29.878295191310407 0.04098306357764161 57.466047939538846 0.05300820309101759 29.785045750035053 0.03502378144127859 75.53192585309256 
4 0.07600000000000001 2.5995959399300004 0.041020009855409614 51.962113263571304 0.08200766935954626 0.2778917770295213 0.07297024165373972 3.43786383367308 
3 0.04603220878391215 37.89636134093437 0.05801608415149012 17.608941520875504 0.07100033854970138 4.603232167359923 0.07000412330016219 5.777097024611662 
3 0.048018454612933255 31.398011860000587 0.07200000000070926 4.084825171733578 0.043023863890265336 42.28274807357957 0.06600064024913126 8.16637483659907 
1 0.05600420464195271 9.460764998872458 0.030014805126019867 35.687615783747596 0.07400186272722209 0.9465817640485819 0.06400207489957332 4.833984404203017 
4 0.0530114284370615 32.03123806664819 0.03902186920412982 67.62790064947454 0.03203904405662508 91.33531524577027 0.030036694065298825 98.58858208001936 
4 0.0540122944523691 24.71383846274684 0.07800000000000001 2.5156537921856184 0.04002250926966847 54.77752539498136 0.06898298660910632 7.213104262826791 
3 0.06600693268409552 9.550695003002698 0.08501181492613533 0.7128003975744734 0.08200072639808466 0.4440837457419134 0.037011820942208076 53.23021401384732 
2 0.03802195577763382 32.608569011787786 0.08400056327953653 0.3159606352616127 0.04701842245911197 21.45710483357634 0.058006003294832235 9.829924924429651 
4 0.07900131549478241 2.5212094467533923 0.039016430297618386 68.39083999011353 0.06302030410478196 15.446294944699261 0.06800161993061526 9.55519239424697 
4 0.031030803311824035 90.12394844793047 0.05801183307456437 21.166796171199167 0.085 1.1539986846719428 0.0700003800633311 7.018256703223538 
3 0.059034717752610565 16.66118052917147 0.06900073907683309 6.713292775775667 0.031027448114424636 73.01822373485177 0.05501438055699051 22.03292754951769 
2 0.063 9.060672817371769 0.043021189928583586 26.99107037304119 0.06900004574853455 3.756551958892941 0.08300215955732014 0 
1 0.05403993822945328 9.949345233022258 0.049980808977326756 11.844895489438489 0.04500501671685046 15.671761781966598 0.06200576114285385 4.281809402710752 
3 0.05996806393023757 14.181629010735243 0.085 0 0.07295445183429788 2.9061328426798125 0.052002339060711424 24.420957481334924 
1 0.08497092380315747 0.12149093471303143 0.06504349023266665 1.9820935667853972 0.04603663709674402 12.843734457751745 0.06500311012776132 3.3913205322244124 
2 0.03602769035408557 42.04694163265537 0.0660152325080196 5.34862490949798 0.07200077645835123 2.5984061600611374 0.056004603622232405 13.266475251700193 
4 0.084 0 0.03402384964082422 69.48966326065954 0.053002520567110765 26.150576227395817 0.05600890789378796 21.4939495907305 
3 0.057975419627930735 17.264657345779547 0.07696236346533875 1.7597250496807266 0.05799243460771059 16.647713780872596 0.05700875062842801 18.421632799522786 
1 0.04401364775612476 15.887944668512361 0.06700035737971867 2.591739008305197 0.04800645472779498 12.354122169344446 0.06303847428811885 3.5101949209219097 
1 0.034011159687473036 25.031084006810907 0.04000817880856216 19.723884965235218 0.03201042496880299 28.436270659211498 0.07300056431205895 0.946852276965938 
2 0.03802487230303552 42.34126178538989 0.04201498899462264 34.83746354125188 0.039013720526712 40.241691232587605 0.07000089592807002 4.509512412770144 
3 0.06401813780916965 9.709566852468402 0.05700197631252232 15.206692847069627 0.060996121147526526 0 0.0790005594551163 0.513762493339223 
4 0.07299960070847988 3.6228797732238043 0.06997762325303944 6.715997552896221 0.05100971983624626 32.269105575551514 0.06901007984872774 7.2438962283192 
2 0.048016648635504 20.555153178627187 0.07300075939040886 1.5642269109848925 0.0500043631444438 16.686712466695454 0.07700059700673888 1.009215125772087 
3 0.085 0 0.082 0.49971996647323086 0.05501647053784329 17.718426739517668 0.07000090726990547 4.9297558246075655 
2 0.03501825322799784 34.775384245601934 0.06897796640459178 3.1761577473831526 0.056006027684417044 10.134587857243737 0.08000026459928315 0.661442729075697 
2 0.07900000000000001 1.34736161721693 0.06100543680528929 8.913882763818144 0.04800989403263183 22.041562870846185 0.04001054272736124 32.03997670289945 
2 0.04101000189592374 31.41506908879507 0.03102518563147913 49.03997651502282 0.081 0 0.07000039046720793 3.305911093210171 
3 0.03501501002165448 48.759342773288054 0.07200404530624566 3.0377188956453223 0.04002683427474217 39.60900292342867 0.06202864424144177 10.798044861664163 
3 0.034025886131745245 63.528184632311074 0.039020350990662554 51.19554759403138 0.0550180863809603 21.262245677905447 0.038016013794164125 55.00744083208984 
2 0.058004675467858174 9.345570540079118 0.08300513360956399 0.6217109575826798 0.08300023111052343 0.19877692090512233 0.06400013431036966 4.742312171541183 
2 0.03401728660334086 36.226088884346595 0.07700044806629677 1.3379393422683543 0.04200978725803859 31.369390271504486 0.07401184367267011 1.954843727412793 
2 0.057000008747366514 14.137324251817288 0.03703230629313696 44.55281069574433 0.03901365403751055 39.85216351452891 0.04900625960924069 24.38575504145446 
4 0.08100091282451374 0.5664794880121208 0.06800465787174124 7.926691425039046 0.06600545349180481 10.502159169148415 0.0640064103702746 13.056191012219452 
1 0.06400089681904404 4.793678741317958 0.030006486050966855 29.96958518766686 0.0710009974873232 1.4218738707006753 0.08200005052236307 0 
1 0.06300063766927294 3.650469339963355 0.032007373144324766 19.38016099910898 0.03800406361193803 14.54871924241413 0.061000000000000006 3.6630048138055082 
3 0.04501973891056747 38.85352563308964 0.08400333308380345 0.4974464544812867 0.081 0.6273109262616136 0.03102995692662365 73.01296363149307 
3 0.07200000000000001 3.53633654152038 0.06700258834334322 7.94103365440718 0.04301379360659807 42.17543640145643 0.03602200763494294 58.97065165751361 
3 0.08300408389327862 0 0.03901204171625593 42.58633303850229 0.08 1.6252739403506766 0.03002961645771919 69.50575255242649 
1 0.053000000000000005 13.521794764411686 0.04900340199432194 14.839319121680763 0.07198194526130325 1.5404746246793994 0.04002583177158984 24.300756291020438 
4 0.0520021977205317 28.664180712305008 0.05001387300671145 31.848161681158043 0.0330289716359177 76.23666996626801 0.041016175665263804 52.83837766286868 
1 0.05001480807338741 12.484722343010494 0.05700108739086741 8.540611080080335 0.07900000000000001 0.32272081354435145 0.045040703574265976 18.40825496605082 
4 0.03603760841020859 69.97482280325838 0.07000071490377426 7.040707611410023 0.07800081337580624 1.9423835136389336 0.048014796866222634 39.50258833356392 
1 0.04997621399883413 9.468998922772778 0.06400225988333738 4.2589592369293126 0.064001577392321 3.3758949864670544 0.05300185063423903 9.275991083314834 
2 0.034018494067534974 44.401136714875435 0.07100442344429378 3.222471326865763 0.083 0 0.037022739497203805 38.77435409641819 
4 0.0450247529081561 43.14199840817963 0.0850006647232653 0.07478694756486517 0.053006586026892934 27.912495855893113 0.07500079559241205 2.9169033347535107 
1 0.04800224166571432 14.488329355959873 0.08401506834877909 0 0.06400021075943621 5.283563599811757 0.06300413406626744 4.226017555582534 
4 0.03502277328705973 66.4294623970804 0.07603567903105349 2.5893491403559175 0.08100039167956116 1.153340092790957 0.05501190015941156 23.12678633923707 
4 0.06800001130683522 8.834449747352494 0.07800002324635272 1.6510752105328788 0.034029679351746306 73.81516745721046 0.036024411131411624 69.24065041840026 
4 0.07600000000000001 3.0048263509681825 0.04501299579080987 48.39295698461093 0.031031818021794777 94.25889596730818 0.06800098092763363 8.960813082564082 
2 0.03201658689138051 53.87336835915927 0.05901193254231076 11.627879998326303 0.04500998232146303 27.476400114410893 0.030030583017189014 54.05371673188537 
4 0.06002768842843487 16.302224766862025 0.033022579427796656 71.43134608211498 0.07704904634368082 1.8043461656397397 0.037018377759598944 60.77194141011454 
4 0.06500092089017115 10.770251482889499 0.07500025722328725 2.7640271904215177 0.07098842877188527 4.974758704545627 0.06900411228292677 6.9661761602632515 
4 0.07700156246876358 2.207325872989791 0.030023831724881253 89.53155085990451 0.03202919149765113 83.55719106159661 0.08500094348054534 0 
2 0.06000094552810523 9.183741617102116 0.07900412880026897 0.719981427087857 0.084 0 0.031020733672136924 56.647415374785645 
4 0.04501134432287994 41.11809480978388 0.06000532614333542 15.930725808163174 0.08200024669372152 0.5330910220505346 0.06600462161847798 9.464970858886328 
3 0.047033899844930414 29.582259589037264 0.03601211569654589 51.916809246781895 0.05100501182994084 23.816320362412412 0.06899568021522828 5.510516421137068 
4 0.07400082369687597 3.3404155045137496 0.0360283514377327 70.29043391399085 0.07700000000000001 2.430499564971764 0.03902430156579057 62.3593701080256 
2 0.06900030363687795 2.9720935404174247 0.07600000000000001 1.1921728871608241 0.083 0.03786106190344404 0.0770001671857496 1.0876949687090751 
4 0.06200007679172469 14.780858530845588 0.0320385362078021 81.98914808775969 0.03103098533663244 85.55562728758339 0.03803827318412894 64.13189141845193 
1 0.03501298065427509 20.880318128983273 0.07600000000000001 0.34005021248979767 0.037019645524667244 17.53830068280834 0.06600022698547683 1.7399797994492527 
1 0.06600183900537751 2.0547498001407365 0.047004258572379685 11.538024004552149 0.06500087958072485 3.333759351523795 0.061977694321547754 4.190587577881789 
1 0.044011472907302604 20.61246093843948 0.032009047722511966 35.8509452360402 0.05600106887820022 11.038965262775417 0.04001766840366378 24.963201667167368 
3 0.057000047024109046 17.340032213478498 0.06000592165981234 12.90967704034298 0.06000479231572298 13.12918818802383 0.0830011314495129 0.9984732452449594 
4 0.03402237155556036 73.26437577834139 0.0750010841759223 3.383066760464 0.05600545316985043 24.880222369237075 0.03702190897934665 71.06557651634986 
3 0.030027863166225285 71.51090772271519 0.06100408160087012 12.7241784347992 0.05000996174743491 26.83373654854041 0.0580076806013605 16.079761918281484 
2 0.04201539027492546 26.42521769165808 0.0840030291109371 0.6092594367079369 0.06300074786391963 6.269560026998627 0.041008536144150544 26.9317920785039 
3 0.04701469867679512 35.03254280773394 0.07700000000000001 2.0044885694846495 0.030030439527008054 77.72157796202592 0.04600780919050361 36.83717321675454 
1 0.054000000000000006 7.4531592690352975 0.038955696961305415 16.631490761307234 0.039006159811494454 17.430678263680896 0.057004998078544304 4.970856624486097 
3 0.06900029706685575 5.5775512612175415 0.0710007715301823 4.2082680524989255 0.06900368086860595 6.048322049828883 0.06100595514556453 13.439358091195597 
1 0.04800305502318535 7.5018414349681155 0.085 0 0.04900652640254157 7.829630914969266 0.05500053201276589 5.057136906905148 
1 0.053019085223322965 10.712699853402933 0.062001371408759644 5.544422191940871 0.07200000000000001 1.4686856725979613 0.07100253747005439 1.9445354021248709 
2 0.07800081491465714 1.0920409070475756 0.040021266752465895 31.759547317429234 0.07000295964769784 3.3611623079319894 0.044011587019328634 25.446668921283305 
4 0.056021761841919634 24.34002774200022 0.08097668623888862 0.8848076470850856 0.058007328046512936 21.867279074582655 0.08496347487526416 1.2374536964032234 
4 0.036033580461574885 72.1656454756576 0.05102861239005955 32.95820238242469 0.04701657953502742 42.31027638964567 0.03104722630478432 89.88849814062193 
4 0.07802438971991335 2.4293120728928783 0.06400791197980621 14.20763506220895 0.07801488990665852 2.6721775675620485 0.03203073196852303 105.83962989217525 
1 0.07700000000000001 0.4301509111552129 0.06599494615480067 3.3782487571221917 0.031011411436102462 28.20928278697148 0.06300428768733651 3.5557302389090815 
1 0.05100002560072589 9.576293050636199 0.0650025677650406 3.8072587728182663 0.04000562324068774 19.829927250561603 0.07900068767384405 0.736770692872488 
2 0.03802338218263274 31.809366218492343 0.04696449594048343 20.2204847133797 0.04500979979193369 22.51724242623588 0.030022371248439234 52.212035600551445 
4 0.045017600898655065 46.27255251338414 0.06300749001085464 15.008577848735861 0.0580088050915854 22.820093471926896 0.07600334088070951 2.697800756307427 
2 0.06100342158183714 9.383725861422185 0.060006064467586814 10.059363694256263 0.07500078966547899 1.7850603420115008 0.06900113639893779 4.1279010158899325 
2 0.05400049235990793 14.099745994998345 0.04001509325132403 29.05792185063155 0.07300000000000001 2.1575433757218017 0.049010126472844355 18.60377665424119 
4 0.05603079460475511 22.49861764125802 0.049012285628946176 35.11203191258359 0.039028723230088484 58.53786860079613 0.05800208869077199 19.208471567065658 
2 0.07100135899800875 2.5459921965914862 0.05401089033484045 13.087843196624371 0.047007121606798104 21.68916686616707 0.07204874457506222 2.4126837298185064 
2 0.0560059396211181 14.429163241263733 0.03800714017419665 41.62676722067537 0.036018558033449014 45.42731657025474 0.06000136000221319 9.709434992433863 
4 0.07801529239424326 2.5739903629885506 0.031022181214032885 92.81977088644254 0.08100867181561913 1.8436631493566182 0.04402820337299088 52.569395245972444 
4 0.0740113338271893 3.2104701378172784 0.04901811665416498 33.37449349405645 0.06701105514940928 8.121452203747056 0.041017990373031284 51.0238269859675 
2 0.07400262922194853 1.561147197905115 0.043017127861716714 24.83242009838546 0.04600888456801701 20.69339771185701 0.04300746509626268 24.916262298661334 
1 0.06302258153001628 6.239674290430197 0.05700082064148913 7.897850844767472 0.07300000000000001 1.342581505378983 0.04501777289237258 16.024801303874458 
1 0.04400184965981071 20.860339382813912 0.030014331485131274 37.84891902393098 0.07 2.6585229374470405 0.058001122936393666 7.979810752127765 
1 0.04199581083107102 16.439327243070352 0.084 0.0701704024398797 0.05002259140179524 11.853665768399674 0.05200174472411605 10.136281547810217 
3 0.031032635734590364 64.00469936688832 0.08195661489000933 1.6902123226517216 0.0770023150027936 2.2320364438021905 0.04697116406618342 36.129783770121115 
1 0.058000012926298604 6.316292487670733 0.03801779274357525 24.203695823506013 0.04900636957071032 13.950130537619932 0.084 0.2226691572015003 
1 0.07100107392347542 1.7199992851976234 0.083 0 0.07600017312319209 0.892420953489996 0.039008183058138746 23.740354279790935 
1 0.06099223823089504 7.84806473061726 0.03400973352724433 30.88190030762602 0.036008914568396444 27.386815566526135 0.030012537950015947 36.66174779330173 
3 0.0430226379592671 42.93038746450912 0.05101554085458738 27.853865095835296 0.04801103154345032 32.85404689756071 0.07000067566526194 5.747510092074323 
4 0.07600000000000001 2.790816480603493 0.05900212614414979 18.613648122635368 0.03302729247433135 77.85436629297084 0.07700210251790122 2.323041922579842 
2 0.06400373321332066 6.023486551062579 0.047001848503581876 19.583486539923683 0.0600005293811341 10.143704933299542 0.07701651911866128 0.7996444906005205 
4 0.05700109992756219 24.86465462774114 0.040016508744598576 65.66642387656847 0.051011708024739845 36.13959590875686 0.045015954284476016 51.40869349573696 
4 0.03403091215209059 67.70386835200966 0.046023275515184064 38.61930801970352 0.07000051357532286 5.584871366499673 0.040027049526701476 53.316371978179106 
2 0.056000003661502123 12.558018403639796 0.06404009889584295 7.005729245017933 0.08 1.0953936328010143 0.0680004412019905 4.531634301153547 
4 0.04803231634844836 37.245923099464 0.04301857123453741 48.28793808142616 0.034020709453285114 73.94170025910267 0.060008643246658076 17.068204468048627 
3 0.084 0 0.062025423346015775 11.581722634560078 0.03902403336133528 48.196664730094014 0.05802305702421324 15.328396335754627 
4 0.08199849690321832 1.300087834138432 0.05100225890891482 30.580636004746083 0.085 0.7385170929410825 0.07000046250322978 5.95724935839095 
4 0.032033003711800984 85.56183629723633 0.060022705570368304 19.06683359438398 0.06300613097892432 14.862409711641131 0.04402196574313749 51.78207396176647 
1 0.051000505206804145 8.83173070215565 0.03900617083011069 17.914133140961052 0.05700058815369535 6.085646895265517 0.06800331702187404 2.4890181023447884 
1 0.03401187513118327 24.06744271530196 0.041007572816579886 17.124045827486285 0.0410063422392701 17.570793411370932 0.06100011515113246 6.1520543459538315 
1 0.06095192518524797 3.247668106555701 0.056998617064080645 5.6691604108950875 0.06300040573032473 3.652871688829143 0.0390194262117159 16.3327113281085 
4 0.06300549578342182 14.149543875573322 0.03097258973633772 87.13132684656686 0.04001929183891701 60.207410765499716 0.055034064254085475 25.939223224263127 
1 0.07 1.5772501982169738 0.06696623910030658 1.8699490774398564 0.058000267037386644 4.745375007534914 0.061000000000000006 3.263485900510351 
4 0.085 0 0.0740003389831539 2.7849854344897715 0.032032226066603456 72.8209695810261 0.03202734345519059 72.96100641742798 
3 0.031028884932325085 51.83089777580515 0.06800000532641962 6.023746695215651 0.07400081051738532 2.3395861362143933 0.03099769312526772 61.426296715709164 
1 0.03501025267360787 30.12148216007535 0.05700064304947254 8.463710956958716 0.05200359933561827 12.41074664890756 0.033007836211828276 32.15092335340652 
3 0.043022750906678585 36.72070726311925 0.038017944130124194 49.824639884134356 0.081 1.4454268443975253 0.06600035763737708 7.441012109076757 
2 0.07800000000000001 1.1390146750268393 0.05800463464450931 8.507576120751587 0.07400000000000001 1.309470831215608 0.062000856782180924 6.515330115736894 
4 0.04101992861337053 50.16960634159271 0.031048003405567237 79.65777804750996 0.05501341323842658 22.474723349282193 0.05200903154912842 27.345064909588775 
3 0.03804061677486478 45.96997006815433 0.0669556547813821 7.055102758350783 0.07400079947189497 2.4258249544673562 0.06200155671112087 10.180239080285887 
3 0.06400007414116575 11.867197304472025 0.04201458454856754 44.90205447996977 0.035023546760328136 62.51039117983741 0.07102286388216741 5.272609016758526 
1 0.06500015917240315 2.096622519564072 0.058001077694872935 5.696838504215523 0.07696084731482236 0.6841055692156084 0.0340205112479427 22.654431862805204 
4 0.049004453614745314 34.01768957981606 0.05400866925245297 24.752942220591404 0.085 1.3230698881472636 0.08500049310613855 0.9126255216866948 
4 0.04501097291848789 41.34125476732596 0.04801404505236359 34.0242556747192 0.08200156372972336 0 0.048019983885535925 35.723396761358686 
3 0.07800000000000001 1.620860729286455 0.06300135661751011 12.691190257399771 0.031032462307855252 73.52984438443437 0.03202497778022441 72.95016366876729 
3 0.037015098748296185 46.266510768290594 0.08200405862853505 0.2746856593318796 0.03003088175974576 62.18957230784728 0.07002262401831597 3.4679490223929466 
2 0.07600000000000001 1.5021567216042762 0.084 0 0.052004100931386826 15.856757235609354 0.055005791308509626 13.609719621902654 
2 0.033015958034155746 45.29802841763577 0.08100019376852928 0.20333292440195483 0.07500049380130591 1.461541953503277 0.050001975406049025 19.223867147332573 
1 0.07696242605921705 0.08925707819835788 0.05200686147009682 7.171040386382206 0.05300021513233081 6.105762051355031 0.0540002004298842 5.807724702702439 
2 0.07900000000000001 1.0703563578354465 0.0730007558475248 1.6534381887261365 0.06996184436704159 3.2127858139501813 0.038011023672575306 33.51995060073291 
2 0.08100086630657823 1.076518200859033 0.07900066465881007 0.8403515917710133 0.050020354704093155 21.080744481228923 0.07700000000000001 1.2252403464151493 
4 0.07600000000000001 3.0157701514389013 0.038036239013639526 70.38228758170465 0.04202331421010281 58.61647067614476 0.044018365917698025 52.864778042020845 
2 0.08 0 0.07600060600495886 0.9033402355485423 0.06400046486740354 5.352380313784171 0.07100000000000001 2.4106588759337204 
4 0.07100382010082255 5.317385404046446 0.052012361781227465 29.143664119680253 0.0740011836049685 3.104963456903886 0.0680012952871248 8.420982492016323 
3 0.05701431394183295 16.02929538184269 0.06300778125078339 10.868147205376612 0.07500159598789358 2.2372222611913783 0.04800279766243605 29.0395192167241 
3 0.06399477516350209 8.416941048526681 0.05401004804941075 19.615861902971524 0.048010325223251125 29.37689676111841 0.07900115372146957 0.6477338790781568 
2 0.0450494710494489 25.08504739063604 0.061001029062031274 9.671983818047353 0.04000641141041513 32.30002487748946 0.03901480098345926 34.012831158598644 
4 0.08100084305644972 0.47762245244467705 0.06900085143222835 7.012628122247707 0.06900259726984459 6.978073649820473 0.035027542975619455 68.61620824282625 
4 0.07502590004634664 3.2761426865106884 0.062008896646860615 16.80575619331713 0.06400302263474557 14.076430930106628 0.07200261696125458 5.235307970255523 
1 0.03302266845145958 27.692357967153914 0.083 0 0.081 0 0.07700180419157814 0.5495989743375026 
4 0.055022653909672536 23.173628003498138 0.03303427816965873 78.97969090108091 0.042020222506295904 52.36318052805023 0.06300128998640367 13.46879486641862 
4 0.07900143146245221 2.305612958849839 0.06100139058664466 16.19383461090709 0.03903035442065281 62.389712041709224 0.05302753750298711 28.81838064933751 
4 0.0430442029666176 50.48239810478245 0.056005724036333804 23.396560804088093 0.039019489253373674 60.49976583758663 0.05800238202466363 19.982412286884475 
4 0.04103087078407297 59.95891159334551 0.05500981771915284 27.32652304625248 0.03596628555847731 76.47534310728683 0.07000091359937607 7.6439863929876495 
3 0.05700449397637407 14.431781843815802 0.085 0.19934913982467037 0.08300042024116168 0.5559825569565117 0.06400075319170812 8.600365559655273 
1 0.07600076403858518 0.7714308246326933 0.032012779186001275 29.772768367349983 0.07903543644054445 0.2957597037876165 0.05800870969420816 6.100901322094217 
1 0.046008493012291506 14.11194505653837 0.07000200957953111 2.6050408840338486 0.07300000000000001 0.9983364331515234 0.05797420171439395 7.060307030360018 
3 0.04601474406528913 33.373591151092555 0.0820008130584414 0.0 0.04502569127742628 35.130095955733815 0.06500057937357637 8.530698469299246 
1 0.05400026827027495 9.021129794272403 0.0580002167815022 5.881753001112415 0.04900394018977133 11.345215720467339 0.05700522966704279 6.24352527334832 
3 0.07600000000000001 1.3386440050079569 0.06200281731936267 9.709857097278459 0.052009877641431224 20.49506269517574 0.03501328476681022 49.73712729229526 
4 0.035019732414850804 76.16657394996987 0.04900385323523707 38.51133514494523 0.057012087879155335 23.53081953352669 0.03704391226598398 70.41330336120284 
1 0.04501241580810429 15.602797629547396 0.07100002950937537 4.397630489017011 0.04000317908475841 22.707157296824548 0.0540042242492494 10.359212832519761 
2 0.03502485375666309 46.11359830687861 0.058023245948851096 13.78938600003304 0.05300690739404664 18.394003231037622 0.0680008344853688 5.031624955790647 
4 0.031026784463297305 69.59044994084857 0.048010777468095046 39.00140619574101 0.06601522944754462 10.527919998919666 0.05800213134667497 20.80482750127164 
3 0.048015594678407436 29.750930808677577 0.032030375828219604 64.3787271411051 0.06600045110133233 5.929860603071172 0.07898999521660544 1.0988327534608664 
3 0.05800739175269973 14.147189683215498 0.07500188808714214 2.100612334373238 0.04301498005127153 33.54998601781029 0.07300234397283605 2.2995677842689823 
1 0.06400033133449967 4.303558614248584 0.07200000058156544 1.1199443884118432 0.05600105883290484 7.873134097014551 0.04700471780034681 13.187600160621734 
4 0.053026112492323654 29.241545450639933 0.05101404853609437 33.72085644435079 0.07800057018817015 1.492771159321691 0.03698740012394992 69.38109997278546 
2 0.063 8.299425530276821 0.04101478184885512 35.7297467317354 0.04802001862153546 24.44922962230559 0.034011337189714344 49.04133085853098 
3 0.056002857241353995 19.766972684370778 0.06300159948041678 10.623841720336003 0.06100632992517418 12.874212784322946 0.06700560839467246 7.494031714970145 
1 0.07000031605599645 1.5612112868893808 0.07800000000000001 0.6344265759071093 0.0450161739234145 15.169108430701367 0.06900366766367881 2.192439285050866 
1 0.05900152995967968 7.257253688131035 0.044009068661951166 20.877262962956724 0.03401926014481858 33.693524232946665 0.08000044178070352 0.512027604249283 
2 0.05800121164960218 12.53423786096734 0.039042720546720186 40.444954579152956 0.03801769609263287 41.99540275178546 0.03501663297838335 48.23909544297795 
4 0.06300094393046002 13.022017519804205 0.04201514060828356 48.65319855738812 0.039020235255377345 55.699016590160355 0.034027342449207784 70.92470190317815 
4 0.06600788997986806 8.724557876521782 0.07200142700827246 4.109275399713333 0.062007231848406334 13.455036856918941 0.08100097058946748 0.9351789837777285 
2 0.0690005475919355 2.9445169474631525 0.07100035138133393 2.2260854023246863 0.03802408896310779 31.9592217868896 0.05500328521594131 12.964935995052947 
3 0.06500729444467088 7.267389556530935 0.08200331253182533 1.0883815916908832 0.084 0.2559289186801197 0.03302108752135499 52.99091539510407 
4 0.04101961998708046 53.67430031853587 0.05400590522777569 25.597904209843456 0.04601524416723238 41.64422852591674 0.05201294893591156 28.82824392570003 
1 0.031009284765558365 34.84036020763691 0.04604989214614625 16.297909844454566 0.06700044342971406 4.182796199399286 0.04800985602515414 15.935338946458415 
3 0.031020082950480074 54.03091005245662 0.07703129190966451 1.316424610865861 0.06300656329337384 10.758951323629953 0.06900345958757309 5.634513289330155 
3 0.05901312849720355 13.184266737619566 0.04501596127889293 29.93400559497249 0.07700169634405375 1.3351204601010447 0.038023847720194674 43.04857026698605 
1 0.0540085491109976 9.813046183185836 0.07101704886537324 1.1788552626005278 0.0480040725181135 12.071210673895504 0.04900208566502468 11.431164708215476 
3 0.05901492441342703 16.63546898764001 0.03301977328428882 68.6302051019719 0.05402301565532584 23.356992703524522 0.05201148237938938 26.41943517540261 
3 0.068 7.31058005786764 0.03302475518168288 113.95841069239924 0.04401323915509327 41.90672354161784 0.06200234931414683 13.169805288627622 
3 0.0440097410919554 32.96017139070601 0.06700146417416508 6.381914145096816 0.03201772038869706 57.10581653123101 0.051012012966639236 22.247594176401357 
3 0.05100567449359865 20.711635382990025 0.03801501173690324 43.48369544550711 0.05701909994485113 15.0141210267348 0.06700049928163893 6.158922781717964 
3 0.04002366439574906 48.511381003324615 0.07700534467650332 2.07083088132444 0.061004475314232004 13.752288736863616 0.07000382649050352 5.453445466003227 
3 0.07502558515316751 2.157127377120161 0.08100012351758987 1.0011829392871372 0.048991190367069865 27.377137087703925 0.05100715606992904 24.1959140803622 
4 0.055022736710097664 21.173021475961846 0.06300454990041815 13.675283376906922 0.03003759528205903 85.03583657186859 0.049032511291507305 34.67098836114076 
1 0.05697898563030018 6.04982623203807 0.067 1.6879430079825801 0.07500000000000001 0.8684511426022169 0.07000016491389223 1.8056358539882758 
3 0.030029427039639178 76.99183789367801 0.04900968523709396 30.614740207260546 0.08 1.0286834711699107 0.03801368870503791 54.9215994890241 
2 0.06099625960317097 6.350945804544129 0.07900236431430532 0.6711096366867897 0.04201309218406412 24.901886007932376 0.0640008339393019 4.741728678323698 
3 0.06200090749207379 11.892894683778477 0.056004368688091194 19.11311896184606 0.03403114806161807 60.57156971764174 0.07502052066319274 2.0158562942364604 
2 0.04402148978703155 26.759420562523886 0.04001301586995929 33.583535109014214 0.03101761244073241 50.363237183784655 0.049010620488356006 21.05106064477298 
4 0.08300415652393275 1.1782356642698795 0.07000597950141524 6.734928145507139 0.06500488182964767 12.950747233270018 0.081 0.5068779334292437 
2 0.039009242083180636 28.320212828158713 0.08000008976698136 0.9493815824549591 0.05600563550205375 10.187023820698224 0.07000166460891588 2.31152439249348 
2 0.07200461148202375 2.2794234317525133 0.043994611514886685 26.311290977997892 0.06400036057468787 7.978495461489054 0.03304615546086362 43.299766064749335 
3 0.056008384789809414 19.162211764641537 0.062005767319877995 12.744464473992217 0.03202621333778352 68.6755976917058 0.07700005457065075 1.3989528222582903 
4 0.0630003196190487 14.514475381476874 0.032033215203886994 86.92855250039302 0.06500161239131812 12.651879296897546 0.03595733098469105 74.34207947972442 
1 0.044006358092479526 15.327901606666163 0.03696940228659333 20.848251159728875 0.041005038424399565 16.53005308887685 0.068 1.5704416371715002 
4 0.06600895422909582 10.159216383832348 0.049009711631608006 37.111139876820936 0.055010929073528954 25.371168957055545 0.05001380527089486 35.238189462313024 
4 0.06600915955562153 10.767332768038987 0.05601246871752413 24.44153258493332 0.06400455009697864 13.624917706276175 0.07200000000000001 4.857663909201133 
1 0.04903622641591478 10.748800985480385 0.03302010305859014 31.919519660262676 0.047004764754009956 15.300559772488665 0.05700053960004388 7.416429477340852 
2 0.07800000000000001 1.1560659254375392 0.03201224865780741 37.74457206894755 0.05101276728241308 13.191312245827044 0.04300462094574939 23.216222219783067 
1 0.07800000000000001 1.0886258795185342 0.057002801039562755 9.231611281910068 0.05900053821003346 7.420231677390505 0.06200098628966389 5.6885250957420705 
4 0.04402223677113292 43.3993813823063 0.08296762491666024 0 0.04800771827086892 34.58471963040857 0.08 0.7882199601124564 
1 0.03201181120189134 28.973315572070458 0.06796572136721113 3.4028305642431627 0.04502690761447287 17.716650462572005 0.049003449310540445 15.065645135864115 
4 0.03303949251079555 77.8090696476305 0.05000901271524032 35.13887301580841 0.04801636602016961 39.436184244973596 0.084 2.0007866627342796 
2 0.05104857430995818 18.736502399272496 0.056004436417416356 13.211961053532715 0.07902175975356766 0.771539869363477 0.07104441395298507 2.9554145893136052 
2 0.07400076202300626 1.9155700252898744 0.03302918534906382 52.74095341505714 0.05800033606967656 12.622853023043346 0.031022743795215538 57.05725647029209 
4 0.04202777218195677 57.83998117156302 0.052010244739479454 32.98399152072333 0.0390278147511839 66.53161246852231 0.05700233252092568 24.508586340249057 
4 0.04602232935492368 44.408052749661536 0.05900298365628259 19.534987587906464 0.06100420225840773 16.73025926665171 0.06500314550753072 12.06833142360971 
3 0.06100710147905917 13.041770226009827 0.057002927553873754 15.449892992749682 0.06600423575214973 7.345286784358812 0.06400494253337169 9.366682655136781 
2 0.06600485399045446 4.6428462775616115 0.03001775430437581 48.43575414347201 0.07400000000000001 1.8313218960814566 0.07300172150393078 1.8657554848544697 
4 0.0730007733562222 4.03856582793553 0.06300820664627219 15.592016800982929 0.0510052432370478 36.0615386739353 0.083 1.1424789507730169 
2 0.085 0 0.07400082335542514 1.7773302819336738 0.03798423340308709 36.88371094283208 0.07303669815733095 2.125363327716388 
3 0.04002479866672344 45.6124600188508 0.057006212511067834 17.275009561385488 0.05300641101272345 22.436705144525014 0.081 0.06306431716977785 
3 0.07700014223991405 1.834062812261914 0.06100839136830684 12.936282293190182 0.06100479121601674 12.576722469915204 0.06500256468959682 8.938626962715068 
2 0.07600000000000001 1.3298281265148184 0.07000079068701176 2.9687363827855084 0.04895271994564917 16.87009815703677 0.03501878253934326 32.62220161517483 
1 0.062001161611425284 4.648153484320787 0.06400021905962092 3.2639179614402867 0.0730000637984185 1.1283829909222707 0.085 0 
2 0.082 0.6508158994279047 0.085 0 0.046039465521501136 24.648036286358288 0.036012940139511784 40.29134608845564 
3 0.031029563578335057 60.7867909810389 0.05700079043598669 15.24346746255629 0.08300088250487006 0 0.06600511848456551 7.642498226277764 
4 0.05503729039051507 29.200880424937463 0.0750001525089557 3.056698990573978 0.057007236071481164 23.791922102371426 0.06500370127155004 12.872238246069518 
3 0.06000478458266692 15.652923137545793 0.06500145999419193 10.456443025850838 0.03698714024666547 58.46160525295175 0.03402386392222474 65.90898464299434 
1 0.0380065593694542 26.240375220348362 0.0470261517588874 17.090269133961606 0.08497413607394554 0 0.06100083436604404 5.149763435333721 
4 0.06800002171777278 8.856276330600817 0.03504404415270353 76.62542212551557 0.04701063611261316 43.64983318712783 0.05700531403152575 23.852113929831418 
2 0.067 4.431129507152616 0.04900979927233742 19.05551618579357 0.055004090965715034 12.858444951026723 0.03401119840848284 41.03443670215158 
1 0.07000368404239918 1.6241711696766827 0.07300000000000001 1.333979060405001 0.05000449851500524 13.585455437191495 0.031982308629757844 32.38917118411871 
1 0.050003547866539655 8.27220662450256 0.066 1.6537669779244804 0.07700019933770023 0.24482289677859018 0.07800000000000001 0.3020810113759213 
4 0.0500039337994493 37.881310413179065 0.05703357911211639 24.190080828684668 0.054009884525162095 29.347538644812367 0.08100083151174564 0.8816023080165345 
2 0.055025683745886615 12.15821096388067 0.06800008673041696 4.259164367397122 0.07800000000000001 0.9356055337730416 0.06600040458344775 4.617752885643132 
2 0.055026104733261805 9.041500636020018 0.038025909550467585 31.676342009980907 0.068 3.5967061364694386 0.04102857226293249 26.36815669827579 
3 0.06800005182882535 6.42583003105476 0.08200223499251892 1.0268203215175034 0.030026197078180286 71.38400648077338 0.068 5.9732283618816995 
2 0.03801874469726876 32.45083002178916 0.032017287421327575 43.37276478214117 0.030021282346461092 53.54896639565965 0.0690218626723246 4.486433857589031 
2 0.07700000000000001 1.1959371255052746 0.04101080827507196 30.83205083654728 0.0730058832903434 1.9458757876283903 0.04700342957804616 20.65819620857488 
3 0.07900000000000001 1.6567731781937665 0.03501808789092173 51.89658368636072 0.03601836627261423 48.931070895187545 0.047013860369823114 27.37181659777417 
4 0.03502825521610316 67.62732296484634 0.0380216210695178 58.653927845409804 0.04204689488900252 48.210362764094334 0.03301146410637339 72.67951131532493 
4 0.08300415371941018 1.0632166964695355 0.04403113058560214 48.50261945382045 0.03202878029005393 88.23335056326765 0.06900122305589242 7.705688096965399 
3 0.085 0 0.0770196124148013 1.5156034786314059 0.04399973940434825 34.81196295843579 0.03202888108472249 66.85997901866827 
4 0.03802236777489604 68.13194686207528 0.08301444635237594 0 0.07396128243324343 3.3972903418576417 0.05001632696550077 35.760471364514494 
2 0.061004020300316444 9.970467692842742 0.036016706524159656 42.85836301723358 0.03501860031747854 45.114746797469124 0.062000554042829906 9.889170721412581 
3 0.03702720818299858 52.93655548410259 0.060028654313691886 12.999846421652794 0.047014759501396636 32.53667209194211 0.06700058510142773 6.3882840701800925 
2 0.04904652412468109 25.79971724501368 0.08496772232766922 0 0.06400393854226086 8.649325589393595 0.07300858848052821 2.318615399310935 
1 0.07200000000000001 1.3598727750650748 0.043032631796337845 21.057001208553075 0.06298533666887865 3.6130165271919594 0.08100054030209289 0.5421559727669994 
2 0.05302172705920145 15.6818195083826 0.05400336668514033 13.076550922871792 0.07500077060508234 1.4871630345098918 0.06900099733873974 3.163420275790025 
4 0.046995647352198314 41.726791795179444 0.04202102387766222 54.65519918860949 0.0480492006931154 39.45828368376159 0.051013570011675606 32.93462845031046 
4 0.085 1.28000065421102 0.04501712723888082 49.584208693894276 0.05500768376214839 27.285132724016307 0.07600914879268443 2.635379091701569 
1 0.06000348448363539 4.217275127302858 0.07600000000000001 0.8746682186111613 0.06900058447683058 1.5182430442886559 0.061000259421829746 5.734603281724721 
3 0.038028054208429245 54.51985517666773 0.047014625374195824 34.52118050496678 0.07700000000000001 1.9342741087256807 0.0790002884107125 1.33773180827782 
4 0.0790054527196908 2.094980147348839 0.052008980877244294 28.60135885451129 0.03402260965535059 74.01039370920387 0.03797597634496191 62.59388119089026 
3 0.030018409255241976 60.66044851170589 0.061004057266774964 10.49407342308405 0.031023623168545428 57.365214192963094 0.07400067444888944 1.9957599399554344 
2 0.08499851697464168 0 0.08000135969972154 0.2708515108416868 0.0780003758567954 0.7007496703370083 0.03197772268830017 40.80465669534016 
2 0.058021655859706575 13.936519597807834 0.055004450015659116 16.050618466985355 0.043012784906183946 31.700618373513738 0.07900111297099642 0.7258793332025774 
1 0.07696432314047383 0.06426814621563902 0.07300000000000001 0.6345392092931667 0.03302061945072009 19.410524864319346 0.06802223719612091 0.9928989494431077 
1 0.04903386273729961 8.601794936865682 0.035004298514552834 15.79018286534881 0.03000670319450051 20.566056633203246 0.030007617058615182 20.539659711151362 
3 0.054000933252401524 21.69338565469501 0.037019184621908174 56.53587185395218 0.05300633159004404 23.86327935980309 0.07000125950828642 5.533160415832403 
4 0.031037011859386038 93.44900783762809 0.03503504475694082 80.08815496711813 0.0720338382497781 5.232869471030848 0.03502347503586249 80.95162100689316 
2 0.08 0.6480637807862736 0.06304882996971975 6.624799315159596 0.05895568547608049 11.186654766397417 0.030999487199673048 49.61246205955679 
2 0.04904534808318214 20.964160611173998 0.05700359636503184 12.128651172717356 0.07400232401073883 1.8624941604243122 0.04001228021204525 32.835939369508985 
1 0.06500031247585711 4.961417685862742 0.04004907748508194 20.596625217315662 0.03500948316320007 26.365992673357027 0.05100134471170465 10.654727581310482 
2 0.03703837650416081 43.91067131201231 0.07900000000000001 1.1008586101559281 0.05600571036217879 14.688009554364692 0.0680039502566107 5.170826188008444 
4 0.031022179413627324 87.54444086723842 0.033025759529640694 48.94042184208617 0.0840296049480665 0 0.062000499990559656 14.041197261162246 
4 0.03902496859177705 57.23119336090947 0.06900137042780591 6.8764956310093766 0.06700496883409839 9.158411443952662 0.05501024712205281 23.48342514973269 
2 0.039010760109084 29.609987624415822 0.04600824215020439 20.72226077587388 0.03401023179654512 38.698219826786904 0.052004050256627736 15.603638245321513 
4 0.062029781280901745 14.955805442526074 0.07901738871265651 1.5424756522981673 0.083 1.0522172102672664 0.052012811632749116 28.23460621435587 
4 0.07400090311271051 3.3714575217142784 0.08200028329987437 0.9835622949219565 0.0730004761114072 3.6939307454782613 0.07900067496117359 1.5200166831421644 
3 0.08100109319900793 0.8719609208633378 0.034014765982919665 53.634217503485225 0.045011988599210295 31.70420200421818 0.04901011024687666 25.30819672869668 
3 0.04501305820855167 37.25386311205728 0.0420145972415563 39.98269368938409 0.06600059104494299 6.798083643994406 0.07200110818107378 3.3200468377103842 
2 0.03499974371350541 44.79444652216735 0.043023307908605195 30.16072366278616 0.04400855440845863 28.577464117398996 0.08300037373942953 0.5420169324701837 
3 0.07100275112718692 4.195188737810982 0.056007057892242355 18.28044446334354 0.084 1.1532425559498534 0.06300118438193505 10.72457149383467 
3 0.08300412188649345 0 0.06700490638807054 8.232191485523696 0.05301486960684861 25.374025696782713 0.042017964824722705 47.09714365280726 
3 0.0820000267729098 1.1493796331896367 0.04002500167531649 47.76822890410614 0.048018108555431066 31.570375526291286 0.06901272326359588 6.547277046412544 
2 0.05000715750256912 18.244712460538192 0.05200409059395265 15.368464362884064 0.08396014022643342 0.5388893873885119 0.07400051307201008 1.7567692335598668 
2 0.04000918381877717 34.693095021009626 0.07800000000000001 0.48111258536155355 0.035021762792576766 44.141286032784706 0.044012705952500515 27.978973206687563 
2 0.085 0 0.054004754292778526 16.39671324750629 0.08500000765985292 0.15263577695175817 0.030027622573974275 56.56471163367454 
2 0.07000045319911022 2.9394796642407997 0.06000422106618305 8.276070983442334 0.060003065214053485 8.590284484283076 0.0700000604746189 2.491838781674714 
1 0.03601656620409559 19.12485712145682 0.050003872663224695 8.685553990953427 0.07800000000000001 0.6126283522617125 0.036009610000402495 19.297883526553033 
4 0.055022663453704726 23.082582658313367 0.07300072849850152 3.664516370222585 0.05900295793574831 18.278817215783285 0.07 6.487560458599065 
1 0.05200008948257186 13.522080283411135 0.06700112865249391 3.1965156321289445 0.03301160109740514 33.02354439134495 0.04100863954072396 23.431962888490215 
1 0.0480184145427394 12.710805249053795 0.06600043499970173 4.088093718975845 0.0490404955786566 14.724737467408726 0.034018076555851706 29.559171833604598 
2 0.05901063014980909 13.302119446343916 0.046980370908283026 26.778091111564766 0.054006236990554415 17.265736022856633 0.062005835516754 10.050774846470246 
3 0.06600767879446992 8.86064749001908 0.058006628192992064 17.971250181494792 0.0509901292540815 29.293688662633038 0.05500877196021898 22.370816526106402 
2 0.060018609259868926 8.094544031751987 0.06300116717729576 7.296213494794191 0.058003544393523954 10.584519243703642 0.0560060094488109 12.609040330354595 
3 0.05502650367043369 17.46748061545773 0.035033818374329145 52.03438017962556 0.04001612263824744 41.40407473221609 0.081 1.5180529239189542 
2 0.036023397978780444 33.79198322567001 0.04900264921437218 17.661309262191445 0.08503140643088107 0.15457697278822835 0.06600008157242429 4.061400214245815 
1 0.031014467029997855 23.840154961828823 0.03200592924342781 25.623088676292042 0.04600442943139105 11.696473068511827 0.04800211055975371 9.875427265976606 
3 0.05400174620677712 17.069794205169238 0.05500379247608357 16.418309629133336 0.04401568383395452 31.36965617874698 0.03901551130486477 40.98590336346088 
1 0.07300000000000001 1.0675056806628087 0.03601498237881999 23.548378280184934 0.0720016054758319 1.0607810024762503 0.061000473032367344 6.065403848737432 
2 0.0360265023463168 46.37795258925558 0.07200531427136857 2.9210720915855046 0.043029144837029645 32.194815811546576 0.08400065318526047 0.6509934313356744 
2 0.07200060932273786 2.594368205867919 0.07200096087720723 2.4587034502987923 0.07300040878531315 2.0352102893736728 0.053008251500467216 16.990911136750352 
4 0.05101076262106127 28.255999410665886 0.04901366537191981 32.34195414023597 0.04801541749671702 35.4274570594262 0.07200023026937194 3.7759876976792146 
1 0.07900000000000001 0.3076210401791761 0.07900011671363673 0.24570946436840335 0.05400059684063831 6.064344386032246 0.037022901050221255 14.070310723299784 
3 0.08000001035411514 1.7570551683992133 0.0740008972114701 2.8149932537300577 0.050020582573992826 28.58219656198554 0.05800840207911425 17.200153145985993 
1 0.06703221715464744 2.936949779409816 0.05400401673788474 8.108472566991104 0.0650039491761306 3.890495459459096 0.05400208038255631 9.24829483839704 
4 0.084 0.9160783517446368 0.07700133754835041 2.25155025342339 0.05800547392237134 21.801822160869193 0.06100714673239859 17.693921673477348 
1 0.05100017748951263 8.564639741080242 0.03800791287903834 19.577479396900056 0.07500000000000001 0.48575041283766685 0.048995800394623805 10.270575749581035 
3 0.040023831548548744 44.28940906098048 0.08000048192209121 0.531290140135838 0.07000313066421479 4.774471413499468 0.033028502082360175 59.351117014697465 
1 0.07102427188731612 0.8648436251905358 0.07700000000000001 0.6148135837458234 0.04400838954600179 12.529657854794609 0.0850298421605605 0 
1 0.06001059257568793 5.789677933749616 0.07701764048632026 0.6928139440667328 0.06798719654013477 1.9335168134359213 0.07600000107478352 0.8672772380891027 
3 0.038015206884322965 48.502096591089014 0.033012015219592045 57.538853432313346 0.07497750884407758 2.1799129188815143 0.03801712750943868 48.63106993444575 
4 0.07300052692838986 4.008062749224471 0.033030840335869616 83.23384864540857 0.03901676042651069 65.71704255839589 0.060019113311644084 18.605908117698164 
1 0.03803190724612115 27.796260566154835 0.07600000000000001 0.9666759627802736 0.07600035856075789 0.9608844773960697 0.081 0.20773722948799522 
1 0.030009559387485396 27.67402275230178 0.07400000000000001 0.5067330404928944 0.03904048152308275 18.1471451770025 0.06500014016771236 2.2352268929652244 
3 0.047026862061024854 32.41320127383685 0.05200799027690056 23.95698273383291 0.03501935868498633 59.93707762267713 0.07600209127002924 2.1240783544901456 
4 0.041031560601953974 60.982192869977126 0.06100233882624666 17.89278238068467 0.084 1.2450428571191552 0.08100118352730268 0.954217485415927 
1 0.052000215124391375 9.799073456219935 0.03402421909206012 28.037291350381537 0.051049039226851035 10.865062218308534 0.03502154874052259 26.779526733761227 
4 0.061010486637458256 16.97842341012586 0.05398729335314973 27.912468740404947 0.039023619779851304 62.86742609882914 0.0560312176502146 23.41158435149851 
3 0.03302139532506021 66.24695543807779 0.08000057991053719 1.5889147941141175 0.03802309044313381 55.256695004634835 0.0470148181264618 34.95666044153432 
1 0.04600771448181467 12.765773282059703 0.03900606721399645 19.789730063916927 0.03600660158424168 23.182067743459555 0.04700491631467463 13.523877692977912 
1 0.08497054240696937 0.12119123210742236 0.048026226663293134 9.618675484139331 0.07902898759360055 0.23706083040997536 0.04403688265724731 13.928672459529297 
4 0.07300048497719731 3.884721838019444 0.03602360537256406 72.96884472618852 0.058001942106697256 21.29811897164562 0.05601098876721521 24.62822904656184 
1 0.043992368700099524 18.92690777566321 0.05201064015711348 12.68065700490742 0.052004696539737875 12.275525320421202 0.047005472818405745 16.314824838054264 
2 0.04301489275410294 31.00551464580436 0.083 0.26405519749013767 0.03501207978287167 42.09322615134685 0.06101007326433152 8.224404794121206 
2 0.04703451396841811 21.5075663286614 0.07600006354276125 1.363491162787929 0.0580056780632111 10.538421819095664 0.06000107834911035 9.451464944881042 
2 0.058003591270821976 10.125614972413542 0.03900458032003649 33.027862208841555 0.050007124496807 18.820466601645837 0.03500991195203869 39.85364292819082 
3 0.036034245112514476 57.00144690580521 0.040020228851708854 46.57474813712204 0.04601551762198801 33.98537181477739 0.05499238387021363 19.92121260247113 
2 0.0740006692934781 1.88871007271682 0.030028552123863822 58.38882038094981 0.05200933751290607 20.178958882384926 0.083 0.6642488342646791 
4 0.0740007647788451 3.0442996446292288 0.03502661987140131 70.51776145384643 0.032019489314795965 79.43918445259044 0.060005766200129894 17.330603391251763 
4 0.07802161205056757 2.4287162352153455 0.06500749119221966 12.957417657422948 0.05000366037763346 38.22219897766962 0.04501951163990019 49.75150445126338 
2 0.067 5.1990169544646125 0.03002646665782796 49.395437661137166 0.03901193609037848 33.36591878824417 0.061019309068549736 7.73201004827861 
3 0.03603326353426499 53.09616982538818 0.05799962427180741 15.965655342846784 0.045016144884249744 35.60755338592162 0.0740202427723313 2.348112204126255 
3 0.034018991783832234 58.605668440825276 0.05301110195229341 21.378416941530126 0.04601138403622215 33.14070637613634 0.081 1.6470276363653433 
4 0.07 6.9482411760103835 0.06000980932431462 19.388437097024866 0.05400967006909518 29.781058025499796 0.057009906230880085 24.422733714587856 
1 0.03801486992941442 13.552519135759477 0.03700738188608564 14.95515390610827 0.045004896533295126 10.227677999497422 0.040989394847927296 11.556098099935515 
2 0.07400408714675841 1.6900365144624585 0.07300241826331136 1.820847153080501 0.03700959219871956 34.45656723775632 0.05600379332780776 12.046002670602052 
3 0.06900007152371834 5.302771239306607 0.03002711374501231 69.24453197180492 0.07100996176291757 3.981326445369757 0.03796754465448679 50.22072073026112 
4 0.0430411128565294 50.77348278238433 0.05700263616694434 21.610386599459062 0.05900497494694819 18.753233932380205 0.06200616031382416 14.790983700605445 
3 0.08100092575588264 1.0178612313879987 0.05000202866442968 23.03826233210225 0.07900009984756344 1.2897106727789036 0.03501773937054166 49.76725529411466 
3 0.08200012787354628 0.9858822591613227 0.05802230342329778 17.335567427671915 0.03700221865303162 57.52400696822347 0.04801495153742626 33.443358414520844 
4 0.03802535256808541 61.34301972135009 0.07800204153629603 1.9021418690096796 0.032025771115851004 65.86388449835148 0.07700002354583457 2.5255476457706765 
4 0.047029676185342296 39.49022272951096 0.06901337382082348 6.967326037388546 0.055003466786226286 24.393628054718725 0.04402121169664149 46.395078198209355 
2 0.04301325403893575 26.849155648863032 0.0580062485924023 9.500983828760114 0.07802291145432494 0.6615723081363654 0.05200104822361454 13.942772311122672 
3 0.08300411792694794 0 0.084 0.25887538480020245 0.06500084984407395 10.226180556403861 0.045013507119274036 38.70959394347871 
2 0.03301894831622314 45.45367494397332 0.032021970133117986 53.6012717625782 0.08100402545848781 0.30170075834272203 0.085 0.14404006321446328 
3 0.05600541332222306 16.37502965463566 0.05400871608552788 19.033634461935552 0.06500308881614913 8.460758053946261 0.0420114676744666 36.47440870553236 
3 0.04502015115429797 40.13154733693545 0.07202583380160099 3.806920855150556 0.0540177223804725 23.20535153904214 0.046011373208861193 36.68328920676892 
3 0.03701696371910944 48.87375590771424 0.051006102494650006 23.790423157187117 0.07498975263922894 2.373328592508153 0.03804864721048572 46.514828018728615 
4 0.065 11.303607440569065 0.03802157777462854 62.24341557951838 0.0790077673893387 1.4318467500337633 0.05900981339785126 18.85607595597435 
2 0.07000619862621085 2.790105991553708 0.03701525176970731 36.48587985313492 0.084 0.21580803407047008 0.031023571183156323 47.06806416247895 
4 0.07600000000000001 2.649761586549743 0.034959576435471595 69.44364293807037 0.055006242518700066 24.152130913279272 0.07400154049476944 3.2149937758103513 
2 0.07000070405246034 3.2444819541995917 0.085 0 0.06102096882842059 9.142497816294288 0.0780003038461379 0.94519668145662 
4 0.03702212418215918 69.06089392708378 0.03802276107421491 63.11421736506698 0.05800597728857788 21.413493953821074 0.04896481363070219 37.54519312696069 
1 0.04301465662329953 17.69261306195943 0.06096769586900267 6.799882285122889 0.04001601984915243 22.570907285942862 0.05999663677386485 5.115163460443855 
4 0.05200673048889231 33.17815661542001 0.085 0 0.06600131257852962 11.417599817827021 0.047959249976650284 41.2695568024605 
3 0.08000001522607056 1.7705400765858235 0.0540122492394952 23.31646946850234 0.07900000000000001 1.3188712752279161 0.07300096942654977 3.2258345057340283 
1 0.07397844736113107 0.7649969801331777 0.08299836670759886 0 0.04100897740322354 17.94336286500527 0.04000902861816993 20.05078514017692 
1 0.07502496614148982 1.3814278283254786 0.04300155370805171 22.551098710642066 0.031011407916312128 38.08387975403278 0.04100763051524603 24.344093202507274 
1 0.07800000000000001 0 0.0700253949823717 0.9898882961282045 0.059000000000000004 3.6632587802591194 0.05598006053427096 6.108160709433895 
2 0.067 4.371497720762261 0.07200053309290849 2.0545346485265576 0.041025948410241556 29.955675381064786 0.07800920525732401 0.6102692864012473 
1 0.04400975664085082 14.307262455399137 0.03101549889093695 30.0876575814116 0.046020517182638034 14.35580886245923 0.03800527830889515 21.46446239448028 
3 0.038026006598034644 56.35810964455096 0.07400005131951161 2.860624872588712 0.07900043699907959 1.5574335662639245 0.07800096150312934 1.6294957150364247 
4 0.03702195918954569 72.65043063749968 0.044021478498403786 51.54095255043411 0.07500041522278471 3.0999299256204615 0.0800004157054996 1.8595062558083195 
4 0.082 0.5298783439776265 0.07100461257911687 6.13372190496375 0.06799360394192216 9.882746064105852 0.0399944204618377 65.05716527387797 
1 0.038008803099161804 20.58058178532648 0.04100793533297858 16.525888040991852 0.03300764997059623 24.498694136166435 0.06300038800675348 2.9344761827071317 
3 0.0570185061900387 18.405392516558617 0.04101197700720697 46.73610670507709 0.08400807908468624 1.2694983176218275 0.08200076200923151 0.22158380390432725 
1 0.06900053462312752 2.879562306281492 0.052004563687466615 12.447268553551654 0.034009161327470894 31.275166451319276 0.03900938115552541 24.905516238670142 
2 0.030015909251466952 55.48877168659887 0.08500006122023863 0 0.04400665793854987 29.527323959160064 0.03103459231095218 54.4313698232294 
1 0.06197504255495803 4.9765323412930105 0.046001436245601685 11.71121154317926 0.083 0.16793045614479193 0.05300207945400462 7.489229680502298 
2 0.052012227395951995 15.110827499562811 0.03402583976091178 36.51367286844936 0.033016174834736206 38.92412666380293 0.06100126155023771 8.620981109332849 
2 0.07001572118952364 2.7693787119745865 0.05600536057178537 11.933744440421082 0.07000226489420024 2.5189419680068377 0.058001368816706374 8.894625143383436 
4 0.036040903226103135 67.57708504913559 0.03403311092197531 71.444315653967 0.07 6.654775335095936 0.05501284012167815 24.44803427480737 
4 0.07700097002752668 2.094512968311361 0.081 1.3469727705588603 0.047026639917864356 38.47454520686861 0.08 1.374463160988694 
2 0.084 0.3568537123805603 0.06395239277407047 6.778716806948445 0.07697858100390462 0.9110510669094487 0.07500058398245388 1.1295042267152333 
2 0.06600390169496914 5.956572709669908 0.062000891842724754 6.438718704127679 0.07200000000000001 1.5486213168915446 0.03302739439301691 34.70658088447734 
3 0.043015384440629856 32.5658992810385 0.06000203133403953 11.419855512100689 0.03402002587510282 51.28306686785707 0.03202235226372714 55.51375557779596 
4 0.05800497892856784 19.252649603918112 0.04202010717355801 53.726174251960366 0.03702659836419098 68.03605664283455 0.048001447120743654 39.2647159494513 
3 0.031018145905029743 63.346122393377925 0.0449772083191255 33.2122543937894 0.05500355016906953 19.3341605950802 0.07300172048263187 2.7738468113300065 
1 0.03700637085030095 20.604801306909575 0.07700000000000001 0.08471899148251852 0.07700003180075632 0.23552068125460154 0.04303367107179791 12.429637508194745 
1 0.06303781047362209 2.9051720666502177 0.07700006048363904 0.8297799971205717 0.03101449401254562 30.391793309562786 0.06700431317633421 3.025145398307921 
1 0.05700092130366142 6.77553784487164 0.083 0.025884945649552318 0.05600020751398999 7.141573849201848 0.08100198912157713 0.5076435575925906 
1 0.05901739591756449 5.790862927063868 0.04399570715991875 13.722046674645028 0.07900000000000001 0.10849868610578282 0.08 0.016416455849478213 
3 0.02997694666514014 63.99136305821852 0.033020942223202884 56.0403763896947 0.07100000000000001 3.4848886861175314 0.06300452224771196 9.680788816186123 
3 0.06300113290716158 10.666346256971966 0.05500160022939042 19.009403952134612 0.06300684128852914 10.448842449267753 0.06500097913215015 8.515797630846087 
3 0.07798494722715912 0.8566034591161722 0.0460247455948277 32.320120051484025 0.032022282425659576 62.64945659194793 0.03002996020172749 68.53688039582357 
2 0.04498298619593038 19.22127629094567 0.037993299349041845 29.52436275681977 0.036013615175527786 32.05196832199921 0.03501449174764226 33.97327408915533 
1 0.058001026227012246 6.534094626836953 0.084 0 0.0720000019881326 1.2738667405082598 0.059003050331207715 4.628702823753249 
4 0.0380175574985489 62.5047889463838 0.07700000000000001 2.4184946203276767 0.083 1.114055742399657 0.048010915138232864 37.191249225710756 
1 0.04500998560135533 16.97651232582855 0.07700056087415577 0.8826577937671816 0.07100045668810609 1.3267299611024839 0.06600027110135456 2.917169022487733 
3 0.07800000000000001 1.3304094998312175 0.04001682013431206 50.04548218341898 0.05601775590088843 19.22075492090979 0.0800073468685695 1.384993440498495 
2 0.084 0 0.06300253756289664 8.922578826375444 0.032004828119494955 49.37907832323046 0.06500169544647116 7.977541697022712 
1 0.04101774761371051 15.923852394661399 0.03001178751529264 28.85723450674102 0.053036652769398056 9.610061324582794 0.0349716749070416 23.421294827482406 
3 0.07200000000000001 3.75552367704934 0.0780006790136199 1.4172576275950324 0.0680037385964401 7.182005707698318 0.05301363943887111 25.716620879645163 
4 0.08300414336613027 0.7141683561087154 0.05002021089833029 34.18051994434689 0.06700714108756997 9.180529517262356 0.04101638005625259 55.45920822848776 
2 0.056995777108826036 12.573737780254355 0.044016323509011676 29.253913368918273 0.04201378083033647 33.61114139606134 0.085 0 
3 0.084 0 0.03601821711605657 55.62457204869037 0.08300069652174528 0 0.083 0.10269295910528321 
3 0.0810010797583328 0.8940961313521413 0.07600037082057472 1.639235816156459 0.07400091276600229 2.2221968968119135 0.08300079690374809 0.046459376508545945 
1 0.08300401590096039 0.48996456836841945 0.030010050260729088 29.62626400933653 0.082 0 0.08000118560890569 0.20453977044255747 
3 0.06100802952797668 12.019585173468153 0.03402404526891492 61.48283681613971 0.03601980284506234 56.165751539585344 0.06100076677488277 13.261157498398646 
4 0.03603808767796525 64.74425990630424 0.055006391848545694 23.698696479544765 0.03901276978785934 57.55262943196737 0.04901105531756958 34.621579172989115 
4 0.07100337383272999 5.435036888934071 0.05700218966734623 19.153595635570035 0.04301637246566636 44.936660064780604 0.03901836151510997 54.903761999780066 
1 0.07200000000000001 1.2836869509490074 0.04900514176316818 13.968259702161031 0.04100445894949435 21.92219232020491 0.05800072655897628 7.819103410511735 
1 0.04100232326365648 23.34066231942464 0.07100302414229223 2.2644109330638833 0.07200017575483364 1.4988828598937176 0.06800082405474872 3.413300820350078 
2 0.08100084287885034 1.0633043755948175 0.07400085348173342 1.8922983065684829 0.04400345591736411 31.355725091216815 0.08300048464137177 0.7271624676798987 
3 0.04704260363434538 32.5937150738021 0.03502258021670383 58.75828186296759 0.04902458996135767 29.54092594903768 0.0680015667613762 6.400007020014531 
1 0.03401129950518149 32.41147115074992 0.0810000208181441 0.5024435346310697 0.05600086528448439 9.10609524134348 0.05600337262806648 9.572554448058149 
3 0.037019099598291444 58.91115924841044 0.07500447250337909 2.500514920947724 0.03701647009547451 58.964196703416846 0.05501001318374295 21.972546896563543 
1 0.05400031657605158 5.752373189473828 0.061000000000000006 3.437175237531389 0.030019588707770384 22.894778468446717 0.04300159093177013 13.17133896440354 
2 0.030023034497503764 56.00556456093116 0.06601649745004366 5.658149180754995 0.053009016989884375 18.394057544326824 0.048009216481844794 24.134572592907524 
3 0.04501699278837078 40.00557891539097 0.05101219856396009 28.402168077301916 0.053007728596351 24.921488227427325 0.059007511120068065 16.817329906215974 
2 0.06600589877845225 6.031015657991183 0.03402194313391409 50.27936948708538 0.055011902098808595 17.182666299082012 0.04700692238312587 26.8160368650923 
1 0.04400040628059693 10.294821192324045 0.05900191069577874 3.3724772062340636 0.041001622743012486 11.801456024512603 0.07000047255057527 0.7818563597701845 
2 0.04904432374632796 17.063221284735015 0.05200698932990285 14.156061762195442 0.0740064878258385 1.5834158378787213 0.07000035978393696 2.8002668659362375 
1 0.06900103519212383 1.8358678662619203 0.07900000000000001 0.18803088531244186 0.043031126804211006 18.502313985712984 0.062000970465772604 5.251511703133161 
3 0.04302312917644425 36.16860042634446 0.05700172347038204 17.600211772108626 0.058003896356299586 16.10421202562872 0.07400021728219144 2.604436752135329 
2 0.07300552801874756 2.22295758155469 0.03197703784772238 56.58469207362566 0.040014077344290355 35.487959051325376 0.07700086479064447 1.4163343055698623 
1 0.03001321406237259 37.83098185234825 0.0830011744306727 0 0.082 0 0.042013912704272634 23.437620779966526 
4 0.08100108986442213 0.802460424437392 0.08500001830599328 0.8321165866517453 0.07300044537531603 3.7542531791044285 0.05000427598736629 34.71426107004748 
1 0.03300972932181906 33.0432360678702 0.03201190353089796 34.25685400384525 0.04200632507637342 21.632276567219606 0.07600000000000001 1.1563268464231982 
2 0.07000091252713317 2.559539666992932 0.06800265810430432 3.568488637119943 0.0670035374849737 4.056568628839015 0.06398189598071438 5.8512799856744415 
2 0.07502535746131977 1.7242607284985465 0.046025237380239684 23.095915020195996 0.082 0.6014714294493136 0.030016548453267816 48.58521553782073 
4 0.039020839030942174 58.37626927433004 0.04501439552041939 42.78523717592914 0.07300077011399493 3.5833525103963866 0.07400080212109414 3.0870843905939975 
1 0.062000000000000006 4.19044950706879 0.0460056138669119 15.44915141099206 0.031011425922733427 32.759517362346394 0.053025840176848166 11.625867688525167 
1 0.0450304829908619 12.111087745799052 0.067 2.1997499070331674 0.069 1.2890356893432358 0.0309674395457689 20.274968329383697 
1 0.05400060558326564 8.266056275105795 0.06800035858232636 1.6944529203169303 0.07 1.1229512197546634 0.07500000000000001 0.5300384000148262 
3 0.05600274233435292 19.730954927101266 0.07797853190613334 1.6609978159091399 0.073007507257733 2.755999446743365 0.04301507212834772 37.673049572602636 
1 0.0670337380884668 2.8899404952976635 0.031013021725881787 27.695860621015743 0.07100000000000001 1.0478354954015567 0.081 0 
2 0.05502590604118484 10.037924894237547 0.08100049093779872 0.09534889957077866 0.0440026305908901 23.51245076986684 0.04201156003760121 26.72276343894832 
2 0.0470020609796786 18.76347181327056 0.0680006667252391 3.814355425874851 0.032021052678422326 37.105952086583294 0.05700576947402232 10.401585288586244 
1 0.049036108971356435 9.79822163189388 0.04400452551726763 16.516334252995904 0.06700257911765212 3.4186549112257696 0.036005047580556254 25.540810243215194 
4 0.06700048806110548 9.444132340600053 0.037019162528466584 69.21057249344676 0.059011953192801135 19.446424588520266 0.05701009478670534 22.600638989733376 
1 0.05301928819141419 10.60753600693311 0.08401353767852604 0 0.03201230785022366 30.3605943633958 0.06500011867681929 5.165795354471655 
3 0.04302229505115592 39.848660068041085 0.07600000000000001 2.6497398363285236 0.034955895371708845 62.91546199796639 0.03402638532765041 65.5000960327264 
1 0.0830040329975871 0.706386228147585 0.07500000000000001 1.326426178323178 0.0320196433396578 34.82391072201457 0.033010366540022915 33.47866104802319 
2 0.08 0.8864440268797972 0.054001324935792974 15.239289238793624 0.03403929114300576 46.27823346005215 0.08000062390864801 0.4290366647881209 
2 0.067 2.857715492631815 0.031009586297274988 38.35406161932145 0.08001158950885004 0.8843831197788229 0.07200030620456468 1.5186350736824688 
4 0.04001744536999394 52.88020684113368 0.03202369751346702 75.42656281182904 0.05200016945873502 27.045356126123067 0.06900088292116403 6.51500247046838 
1 0.03701259369369003 22.682266676937097 0.041006062060554335 17.835021483073827 0.081 0.08427518326775613 0.06300014708109361 4.779597438900413 
1 0.045026533203033854 8.768274582546683 0.060002162782973614 3.370495306348454 0.05600012090156595 5.122204249288736 0.07000478039674597 1.2005947205771812 
2 0.037021295752664704 35.629353611107085 0.06700017141054926 4.592285073982035 0.07000092396529864 3.068470071351194 0.049001646177419006 17.598050181471354 
1 0.048000834330226325 15.559385763390612 0.07100003804574177 1.830309915440351 0.06100323772674507 7.207367655136944 0.05200488868575916 11.735989897338658 
4 0.054028226415110896 25.083015643758845 0.035018864911911265 67.4299667685561 0.06200023515702001 13.851172776726884 0.04501108547656803 41.39315624001103 
4 0.05602259803759663 22.357549775764156 0.084 0 0.05200579112260702 29.622955026309707 0.06700727990720809 8.862730553308616 
2 0.084 0 0.04396955628212164 25.26480918747756 0.031034839994005206 47.68180189026482 0.08300013480173987 0.4178383370802243 
2 0.04904512915049415 26.133695043720664 0.07300000000000001 2.2886956194021844 0.08 0.9114577738076639 0.05101840167959698 19.455484997761296 
4 0.043038542633819364 56.77772589292208 0.05198472350417986 32.8398572256196 0.07 7.090975908711097 0.07600122709145408 2.8244959254289808 
4 0.04202399724783554 58.87366795154014 0.03302692511984709 89.25088074750622 0.04401590793368516 53.317748310079864 0.07600431521865461 2.6567335814903976 
2 0.0460106707568241 23.453946999040856 0.06300079745892936 8.171590832927796 0.041008978274769146 31.573317109529086 0.0660328052938986 4.986992135081195 
1 0.07595445034778162 0.7514587290529222 0.0520058741749749 11.633153990711248 0.04400240110802301 17.317163495756002 0.040007021968901046 21.5554181859833 
1 0.08 0.33763986256533535 0.05900000419063427 2.2743190094450556 0.062000000000000006 2.1087763823836125 0.04100467446637711 11.870063478021482 
4 0.084 0.9153679755801757 0.085 0.5925550275649861 0.04502394992576521 49.04705111094519 0.081 0.4680271443789894 
4 0.07402445439223779 3.0937627927557334 0.030037498019647405 85.69580996662405 0.030032115631555334 85.43290822591308 0.061000052590422876 15.415252527946619 
2 0.07400094609763377 1.9052576930908194 0.034046647482702475 43.41805859194897 0.04601020553023704 24.302814337766883 0.05500902615159571 13.519976150712667 
2 0.04701010042499087 26.406841286343845 0.05800490717649883 13.02258642373408 0.06800037693694388 5.5889282056285765 0.0370006762049602 42.83285692448866 
4 0.03604227289281434 74.56481935431479 0.03302086262474631 85.49766708745179 0.053009214310112546 30.677643230479866 0.0350244415066087 78.58738349546333 
1 0.0700001804236607 1.8276461221084124 0.05195094601337331 8.350033784110312 0.045975465979098004 12.521539203397849 0.04800236323985808 10.78847774066243 
1 0.049035952372173994 11.5043211930408 0.039006941017535844 18.72195495296131 0.07000007446030698 1.0707750351773926 0.030015442933921846 27.14171641683211 
2 0.062010468205865095 6.656656443314089 0.07000081767309946 3.4259481882991767 0.031015414475214928 46.622998703337935 0.0480102092712291 19.746823740371475 
1 0.053013428837259624 9.803709789824143 0.031001999341525532 27.685295994959933 0.04000592599627092 18.25056260933789 0.05197018650527355 8.595527267348608 
3 0.07800000000000001 1.6041291557184971 0.0600013659847039 15.57610258940706 0.038955415976303316 54.312411926645886 0.06001234197426084 15.182493950758149 
4 0.07600000000000001 2.9965295441669 0.05301555813730517 30.374282284604703 0.04102094801600927 59.632040379338406 0.06600064710571915 11.000274421122228 
1 0.03902095584920386 19.82904492952168 0.07800307308819492 0.8144737547850414 0.07100041027298051 1.5711741969768125 0.04302266132484054 16.254986120314157 
2 0.058001041006064014 11.41537165617755 0.05400206844237968 12.211980711966259 0.05000383506542639 0 0.06700612723822984 4.872221445547963 
2 0.081 0 0.03002163941079948 42.00608819697663 0.06800054019016202 2.602803782843557 0.04100718907200374 25.28280495927806 
1 0.0700005969277515 1.7082999538647234 0.06100032826786316 3.670409084161692 0.0670003110526735 2.8155189496943462 0.03400712175787041 22.785520107930836 
2 0.054007727738513 13.782542906427135 0.0720012353687835 2.3019785058914755 0.08100001908281872 0.5021485563357923 0.031020257786924854 47.64450773969167 
1 0.03301155735361125 20.323721065904472 0.03400519137786839 19.62366944538159 0.053004818260911114 6.026727665717733 0.0400059692559312 14.042611975760131 
1 0.07695851083619189 0.09055823300002327 0.03900421352593374 15.112654991715647 0.03401121054721948 18.159800947756555 0.0800034058423513 0.35765866989972545 
3 0.05200966932153367 21.972579137121365 0.08400416133224152 0.5573411141058046 0.07500063832228254 2.116098964085022 0.044013857977390346 34.186889973226215 
4 0.056000669509553444 22.310449194978126 0.07001047355901488 5.868817197613046 0.030028101299513443 82.29612901330707 0.05400213856271535 25.20786936278742 
2 0.05502603275771832 9.741347006216703 0.06500024110756754 5.362273331305747 0.07400020648539744 1.3132498486616972 0.04900142019266687 16.41589939571103 
3 0.04201764937319797 46.820525892305085 0.05500380062197485 21.742162644091678 0.04801210069670184 34.599442217248345 0.039017661475945604 54.277957927304435 
3 0.06100667103594564 12.634520220935386 0.04501004962482826 30.375504073018305 0.032960932719380706 54.201939063410755 0.03202302880069233 56.9108609336469 
3 0.03398018778044387 51.036800696710316 0.050988177120723295 21.118595348219362 0.04401097938217149 32.70875714410733 0.083 0.6020827136381084 
2 0.06900045228604126 2.9604766598236276 0.07800003178856542 0.9933527808954316 0.041009093659082244 27.626191995137905 0.05500335308568111 12.733980105939395 
3 0.0610086051402818 12.329919275412529 0.06600128070878128 8.930233913334897 0.05700689551482609 19.06648371523236 0.0520102614615377 26.533303336576253 
1 0.06000003747372565 6.153098340236426 0.03802422382960006 19.586478698332062 0.04100765203481957 15.99998105947012 0.030008665436114954 27.31856022717131 
3 0.03802125649146064 50.25186839693147 0.061021209017089774 11.977521039275686 0.048013922748958826 30.459417594054173 0.05900397577482207 14.767037578428658 
1 0.06095372761380019 6.485159573616972 0.07600004043732542 0.8202986124270866 0.06699684244702026 2.7117183342764624 0.03300763729249648 29.18590473536384 
4 0.0470119206441549 41.08419727352496 0.033024806186672626 80.19545003832008 0.05000806456347921 34.8306292533428 0.07700069101937418 1.9871319194988932 
2 0.04400263087020241 25.90521630752103 0.044009594526594316 26.04809877527048 0.04100966282805502 30.707333164436122 0.08100003853598081 0.23922439991419156 
3 0.030032547885478364 76.29993655900063 0.043016360789037866 42.6845826601679 0.06201176402471172 12.268243553610619 0.06000708057551116 15.236088824479122 
3 0.05601286595404674 20.133496745567797 0.05900683157161464 15.976061182051982 0.07200022644433512 3.6119591746714432 0.07500111720470037 2.4575170022853268 
4 0.05702315392100016 22.953588766224332 0.04501474066206283 48.58887211836968 0.0730054595265247 4.128059509367895 0.07600126827769021 2.7322438655468937 
1 0.04100468528952891 13.868751295331663 0.03200472365572256 22.321964587245006 0.033005867034466826 21.040085836985476 0.05000129918076003 8.214967934535588 
2 0.06100579144881929 11.598125705154702 0.031025617394241853 54.94774582803417 0.0780343203251637 1.0553423557230581 0.081 0.543716929317203 
4 0.06403902323654531 12.25014521161208 0.0810007122010219 0.33932084443984 0.085 0.39650332067959326 0.07100540342926999 5.399361024808427 
1 0.07300030737162061 0.9199197101825916 0.06100020338679183 3.14139799309757 0.068 1.4975243896794208 0.07 1.3490649220624398 
3 0.04904942428292309 27.821006456717633 0.037022760481415576 55.90412390917721 0.031023738414803798 72.6035654087129 0.030031854589627635 76.14817553220118 
1 0.06900023309509548 2.5080333233413463 0.05000445279929345 10.665654149110244 0.04100763023796531 17.86334612132256 0.07600386864721687 0.9439738910091721 
2 0.05700847440216441 9.431888250775645 0.06400088854367689 5.3652406643290576 0.05800431081468116 9.587872658131149 0.06800014847893189 3.164378396282249 
1 0.06800036728455774 1.037512652241406 0.051999103593361615 8.446102751907608 0.068 1.3073208363392095 0.05900026926326025 4.349508768250436 
4 0.06000829422332014 16.077764279695828 0.07500338869530382 2.7123863584972843 0.07800092006253637 1.6239939851019882 0.04403554439252601 45.28879861140186 
4 0.07000063513529123 5.465222039431604 0.06500388270240057 10.75943918650152 0.07800000007125836 1.5087792100629358 0.035021960463507376 66.5550296539202 
4 0.029968215543877366 86.23197889666191 0.07500026838982882 2.6076449210226933 0.05101691299508982 31.37665917871805 0.06301106749062163 13.896179471417572 
3 0.07300056200180667 2.6506945411877885 0.0320202513073409 59.65965895296343 0.035018872135207546 52.8120693826994 0.06601821510506155 8.435755048052897 
3 0.07600000000000001 1.3655918582354956 0.05001055895612058 24.08606217532135 0.07300089739067758 2.3837896721816696 0.03802523730033459 45.21638965764881 
2 0.07200086864686982 2.58364447327866 0.04201892856256828 32.043103014607674 0.0650006994402091 6.975181083588215 0.043011865010406256 31.313642467353063 
1 0.07502473353691351 0.7340966440706678 0.07500027189347744 1.0534202953363327 0.03500879806628812 28.485995957300887 0.040008193895781016 22.675979818482478 
1 0.05101792254784371 9.713517030593534 0.0530007307936137 9.291486080317911 0.05000217173489829 12.250237678303396 0.062002260733331226 4.660555675039156 
2 0.06000788700104247 9.587197261634758 0.056002369440055495 13.710001096930224 0.06200664719183419 8.500070747709213 0.03101810386110815 49.01453074682233 
2 0.081 0 0.03401575807305837 35.885294856871305 0.06800744792945469 4.101345975550198 0.07000034616990458 2.5604036647954223 
4 0.07600000000000001 2.9882698824299587 0.04201612627220882 56.11117998106934 0.07400016140778237 3.3753798451229837 0.07900056441769522 1.8197593966828174 
1 0.07800000000000001 0.7657576954872316 0.084 0 0.081 0.11703839013432711 0.05600055300390676 8.247526248560595 
1 0.081 0 0.084 0 0.06700741760002563 1.9534270879901035 0.039987469568655676 20.620973719345223 
3 0.042017810888917415 40.98055376983514 0.06301179933019065 10.724381611977826 0.039033863890343336 47.77512453845073 0.06700979580012088 7.639538882804376 
3 0.042026531856626144 37.022266487690445 0.04601255846675515 30.092177954175956 0.05401085760611462 18.519743076917546 0.03201980190270587 57.45664415705774 
2 0.04595835253475158 21.955455567973004 0.04600813670168939 23.939256604637855 0.05900083964987071 10.640515133054823 0.04200695494230986 29.599020089243744 
3 0.03202610642785489 64.5618276181101 0.059000239084775315 15.45105608673612 0.06501891600821695 9.480503947798438 0.07500010240929905 2.409058699389756 
1 0.03800890799033069 13.942473698108488 0.04200240681558846 11.736163334156434 0.05100174918916178 6.704341130205428 0.03301338518945156 17.288576981948463 
2 0.047015394710016596 18.54722835877291 0.03201133829794413 40.249763247647195 0.038012326516721054 30.391323311862326 0.061014164210466106 6.951924794255713 
1 0.04601370376924554 8.19838851792405 0.031007338375176552 19.809308113744354 0.07100000000000001 1.399900175033316 0.049986949066917266 7.533310266580154 
3 0.05400736800939143 20.983401200677584 0.082 0.4389853713284199 0.08000040541475452 1.0367518822357176 0.04901120066350984 29.134117251268805 
4 0.03603872177453779 67.07460026870706 0.04201893962456282 50.9108398553174 0.029967675529338877 87.18376253745483 0.07300000000000001 4.058207900345282 
3 0.08300409663130534 0 0.06200113022971487 11.291625537194763 0.05600397300718795 18.054574098127613 0.06600086663770269 7.648154001198222 
1 0.07000403161715851 1.711406758205157 0.07100016763573358 1.8693547912859627 0.05296743109658575 10.266502204493353 0.08400285308181016 0 
1 0.0370117698891535 22.40275689592293 0.0600004340221597 4.946393004411326 0.030018841755203862 28.102978746272434 0.04802042496404247 12.382611116752965 
4 0.051030091146833385 31.13272374075835 0.085 0.8651045519384583 0.07700023543372392 1.8507816683617155 0.07700068547483387 2.1253039516986774 
2 0.051004755254791076 14.566565659835188 0.06800694586803369 4.844277835925357 0.06800179417839296 4.2259889500859655 0.07700000609690355 1.049829558708572 
3 0.084 0 0.06600768423282569 8.610751525064178 0.04301145742515092 41.53179679789559 0.03004114993443703 75.72390873159306 
4 0.082 0.8524892606665103 0.06400174962724786 13.282433938803663 0.05101637862006439 33.845465424735195 0.04601763307522404 45.339444702336046 
4 0.04101708915922397 59.26416853253298 0.07900443835967763 2.353924345359173 0.07595375253355954 2.7139935493316645 0.055010015254864236 26.8758602629387 
4 0.031029398378024958 80.60916225965758 0.05701423731443958 21.053692317866048 0.03901760708274161 59.71556862157 0.03201191977776632 81.43316469015261 
4 0.0700005155760053 5.884882399124297 0.05199813691504793 27.678223179632457 0.08 0.5430686421252802 0.08400002619855709 1.0611857574422305 
4 0.0550371999332256 28.734904285513462 0.04901329088553228 39.858441072147265 0.04102612826748055 60.34718499991338 0.0640028248957793 13.691887410757246 
1 0.04701092994126504 13.751174377859172 0.06600039225523255 4.186665578973416 0.053005712095179784 12.08379053362237 0.07900033972764535 0.19671752249922603 
2 0.08104109602373433 0.6481094112763683 0.07200017036210805 2.55624457364932 0.083 0 0.03301581005570027 44.48274686160193 
4 0.068 7.885481000556055 0.04101363598284536 50.4202283502726 0.03702218049164695 60.54963531659937 0.03602565833059142 64.03265966124165 
2 0.053000023316172415 16.878985478686133 0.03702652359192006 40.61401848653145 0.06800041694156599 5.501218791117283 0.07100100847587318 3.1043121999857464 
1 0.06500049939326355 2.2413207628618794 0.06000050428143886 5.186539666369233 0.06500046310085673 3.3366480449403273 0.068 2.239267355082447 
3 0.08 1.3593553186793499 0.03002746222353593 61.225681541934556 0.04101011768608211 37.60845692637082 0.08300087864877574 0.8250309755714732 
2 0.08103318923678957 0.43909808430060193 0.06300354406600392 7.254305604289303 0.06699747101209891 5.145723025446157 0.07600008981128487 1.086299779729272 
2 0.07900000000000001 1.5539302820323437 0.06200554269822155 8.671632960640506 0.0680030313048463 4.7654477261862285 0.08300000895748201 0.48315122049736636 
1 0.067 2.9968141231601884 0.06700110993190836 2.5025362661550883 0.035016067559317826 23.306607292767914 0.03800895160964343 19.490444066502274 
4 0.033034006939614516 83.38388682982351 0.03003549432903453 92.84548857681098 0.04801235925642963 41.86317567047454 0.0450173832246109 50.02131036401753 
1 0.07502465252818741 0.5426481170671956 0.04101937419574273 20.93880938264185 0.04400833787664249 16.86270989216421 0.04700674392591167 14.28115826265486 
3 0.08100044052177793 0.31421747068802786 0.050010405886136464 28.274580463627366 0.05300961916104987 23.238206097326305 0.05800491966979614 16.912731086376 
2 0.060015790714947226 8.326012979232427 0.04002681460016369 31.144671763677394 0.04900782544525292 20.3974615886428 0.05100497368669792 17.879866096189122 
3 0.05401764843897866 22.333420418907057 0.053010949708332665 23.04110787723216 0.05201119085773145 24.911680808358057 0.05400623123002811 21.97919149969652 
2 0.07302708094805585 2.2577319560758955 0.083 0 0.04902118570887498 21.509459700248065 0.06604041160733878 5.804791868744081 
1 0.03795133026486095 23.72014570139593 0.07900000000000001 0 0.05300082432990128 9.22174311346528 0.07000172407477082 2.174730250768683 
1 0.044026465164860806 11.483578591309174 0.05800293664656241 3.941191580791274 0.05102042572628316 7.196477396400562 0.04100486960791966 11.33235069110944 
2 0.07302588731677848 2.244581904243296 0.0730008313270625 2.2024248185288906 0.06996896015817432 3.860715870796332 0.05403015480649784 17.058235994040302 
2 0.084 0.31725057900676346 0.04201119064001062 22.680827899309616 0.05100927940256646 14.509551324149689 0.040010038608214456 27.15605599822006 
4 0.06300090890953317 13.004022981913497 0.04301388361133152 45.09648809681756 0.05600350412182787 20.739636661391728 0.04302066053185169 45.39875067740399 
1 0.03701895145274839 18.975155962147824 0.060002930704861006 3.838867338223809 0.07600000000000001 0.42501240225735415 0.07900000000000001 0.25449718864902415 
2 0.08499481556791572 0 0.05400082937565596 13.211586689792743 0.06800317642590117 4.171002603175419 0.0610034549461888 7.849916994332203 
2 0.04201588201367678 30.980627348725136 0.07600000000000001 1.1700533663652493 0.034017155459308474 45.013735879338356 0.052001825585617535 17.268761941178774 
4 0.06800000951481609 8.853607460960413 0.0780000258796767 1.5175787471927384 0.0690010376365174 7.543760216594426 0.05102710245113448 31.41509556155023 
3 0.06500393637010331 9.046357148684017 0.04300720333363301 36.343810368460176 0.06700028965463346 6.211933020642993 0.0570076666704405 16.033858061240295 
3 0.04600714080268118 30.97680873044509 0.05300781659588539 21.60211291111176 0.04501185417012208 34.40654323997395 0.07200000000000001 3.4563556315011383 
4 0.07100412436005056 5.385046379425258 0.07800071232327893 1.6421054091102643 0.0410329872679063 58.002366277767365 0.07800124010261632 2.1465179609176204 
2 0.03701982048064992 43.515551510875085 0.04700732712216186 26.55714845517935 0.08100058698460799 1.202565238970202 0.05700580495442711 13.762119111506951 
1 0.04100611938022149 14.046896462767906 0.057000379875487464 4.245281981399023 0.07300000000000001 0.7208393381019574 0.06300110572569634 3.9074919445551073 
3 0.05998750393257675 13.241394579877454 0.05500697240488476 19.35393018550959 0.07600071175523082 1.6628844906113105 0.06800640122622116 5.9754881335741645 
3 0.062001271024686 13.157870316743162 0.04701349672341551 34.79410329055853 0.040018121147536695 49.71793115421602 0.06700411818224578 7.47354287775925 
3 0.07200000000000001 3.7875728938621602 0.055001787114054894 20.706655554770045 0.07600068963044937 1.9387490444660216 0.0400177401371523 49.6331697680923 
4 0.044025544622492974 51.09104169929722 0.06301611525912484 15.422126700255724 0.07200418093883623 4.921986993662878 0.07900068191651037 1.4397099901303394 
3 0.06501811745996972 9.24578757939177 0.07000103120337955 5.300426104474576 0.07900011776757326 1.0680420846802794 0.07600086379535456 2.116281238635956 
2 0.067 6.250862720124131 0.07998487653013289 1.154255588999356 0.06300527365782384 9.225409889820144 0.07200261628635402 2.9497675722659897 
4 0.05800920118584948 22.224389761211786 0.05601160335706056 25.93439611286472 0.06300481461811133 15.44616830653553 0.06696203830238662 10.582170068384102 
4 0.084 0.6035946849988758 0.03602349238865042 68.26730985603827 0.07600000000000001 2.592309514010578 0.031033790291486466 80.82351802354306 
2 0.031023783432671828 52.20655675357666 0.06904442667299579 4.105697129349795 0.04901017205266835 20.973732816001473 0.029992338414806363 60.74582173402354 
1 0.03601984657531626 28.65881155660574 0.084 0 0.06200206812112215 4.7885626475096785 0.046999936279102275 16.269222696093863 
3 0.06501890526123566 9.557169432169653 0.03202883256064927 65.02937671316224 0.07100027600368033 4.34230663485024 0.08000000258875503 1.2614671850600625 
2 0.07502538308650991 1.6937065128130862 0.06500269509723647 5.683424467450745 0.030017530129524683 50.727825330834285 0.04702690074411992 23.083270155596534 
1 0.07900000000000001 0 0.06700067373285001 3.121588953408965 0.04000337757163413 19.64499470002785 0.07700005027849934 0.37708660925411336 
3 0.04401428830368035 32.189077724742944 0.03801656960212709 43.71822627005336 0.05701574295030745 15.399775201144354 0.031021779294830854 58.68285801574745 
2 0.041018972099326534 27.214013861333676 0.031023876648371765 43.99020850149864 0.07500000000000001 1.9660497901173235 0.06200454704754887 6.87845340345553 
4 0.05101302746050339 29.86036790739564 0.051011059398999845 30.99790020359812 0.039019393887958956 58.52037419322241 0.04701029790217582 38.816046494139705 
3 0.03402125579769663 63.37947153769085 0.03202998659934293 69.06897955809137 0.0820240691302091 0.42160294051289876 0.05802297286304444 17.16646667203886 
4 0.03701980031059966 61.193050979215904 0.05200545439584459 27.284982674043718 0.085 0 0.07900002013592954 1.4724865387407247 
4 0.06500123882266218 12.182286329726736 0.07200134931785966 5.131264284206118 0.07000432527000428 7.3800045149995315 0.07700089937849788 2.626482643680574 
3 0.031029940957718286 66.11889229309195 0.0770375171694736 1.140556590155078 0.05400963760282503 20.553386455170426 0.036032992610974854 54.45897013806008 
1 0.0660019844576601 2.0199415166943417 0.06600074814103188 3.568184542457953 0.06297941681405461 4.307558877453961 0.04500177612472764 14.841439835419916 
4 0.04801216121099958 34.066615229980414 0.083 1.6326162609863741 0.07200007360620757 3.8580890195228013 0.08000044174705898 1.0622557226248819 
1 0.04700151845946717 17.615915006830036 0.057000623393178275 8.317555983901377 0.03202566536849251 34.14440623215284 0.08503489040199369 0.37827418422475867 
1 0.081 0 0.0690002768647861 2.9159301811225586 0.07400000000000001 1.2287203055958544 0.082 0.008230200045526798 
4 0.0360385116694321 65.93550894278536 0.06002606741892893 17.442234147832217 0.0610037506066392 15.691366964140501 0.07900140294473282 2.0503900834058992 
3 0.06900750884505337 6.8085444485558 0.060033102597729864 16.300058774561734 0.04302648436251956 44.27007786044175 0.082 0.5992263784437881 
3 0.0660073058802216 9.333730975734563 0.08100044803246412 0.4827574279180743 0.07197790580212375 3.6424658289818175 0.042010302175197245 43.702253551048926 
2 0.061005990053019446 11.813978294169312 0.05200668873914761 18.947476105811976 0.06900865297719884 3.8959268370892994 0.05700171103177815 13.66862625038111 
1 0.06400036561171817 4.994888702359185 0.03301285129122346 27.42333799518049 0.05600160130895614 8.726625377157687 0.044003541295100985 14.852183729707505 
1 0.08 0.3923509113434767 0.059000328970194874 6.511637945681043 0.030008898842890486 25.928929380575536 0.066 1.84858291071505 
2 0.0480105744552294 16.883881479345956 0.05500238676738859 12.196171012060432 0.08000003567194591 0.04493922108820654 0.07500000005195888 1.2509107561848511 
4 0.07000065253701515 7.3024770301269175 0.035033006223676985 80.84882173119365 0.03602716239683659 76.92230074514606 0.04601811383395564 48.05105776624214 
3 0.0660066532313621 9.126821921026892 0.07400086776293924 2.369844680267983 0.05204824679255302 22.250193856606565 0.07700000000000001 1.3851761669304807 
4 0.07200000000000001 3.7767760093277074 0.030990606224199135 75.88308046370743 0.08000649171958463 0.5811639144390846 0.07800059991817185 1.624613553983022 
2 0.03000935754873546 47.69540607514584 0.08300265339408439 0.35414580131247986 0.055003602891949575 10.8506292911147 0.08100023883235279 0.24743480878383092 
1 0.05600409096228757 8.526487474504515 0.03300594418601739 27.744129486043644 0.06100069379322635 5.057114758633643 0.03701663653962055 22.36418828148655 
2 0.063 8.15384372795222 0.0630030199505966 6.970146123888718 0.035011790817878155 37.970707177364666 0.06100972094072211 6.912258229884172 
1 0.05700067643820919 5.403513198957919 0.07798300805203516 0.5490666457282918 0.059000349160782006 7.955563879701706 0.030019669617587952 36.24568995336591 
1 0.05503812225847906 6.321290748722302 0.0560002215025568 6.311355376713664 0.07600029511264654 0.6068783680473153 0.06800000047325447 1.783978138694962 
4 0.085 0.33111860665569853 0.08300054981297592 0.8971720562282101 0.084 0.27164595595186014 0.07700094758642351 1.902277111258175 
3 0.084 0 0.05501285716364744 21.083925210744752 0.06800058588573726 6.905345878269259 0.05900418888313289 16.371827064501627 
2 0.03602482966887714 31.119171875681783 0.08 0.713048902060115 0.03601178742944566 31.814138255011457 0.031014792079867487 38.44720162489032 
2 0.04501872850752845 21.25025269894344 0.03300964464314424 36.50563318290884 0.04900454152211491 16.911629923712532 0.082 0 
4 0.05900262558484977 18.621356846520513 0.05600756667020223 23.712614442216772 0.045022052262585724 44.74752856472614 0.05001202682338148 33.846717412900965 
2 0.045026439506215245 24.423925850497447 0.06900000000288362 3.625204071254023 0.060001382283969784 10.174701950186979 0.05500527727262757 14.316995595883174 
2 0.0750254068161185 1.6874525495905703 0.038021308010785945 38.63961692276979 0.05100359781353104 18.525356523266332 0.08300225892711824 0.8988371698443743 
1 0.05600028932033386 7.143134000793979 0.041993563457789373 15.147996908197044 0.037008396372284175 17.805992621346824 0.058021180192467346 5.230461904591835 
1 0.0710241934085725 2.489274167487042 0.04800577259132827 12.378192824532759 0.03501937594880952 23.568993213279587 0.07000142866157574 2.183852365164208 
1 0.06900174853701471 2.129857337076856 0.0530003926701093 7.436859332928683 0.06400312623714002 2.7631409367832056 0.03501927142872492 17.660496163105773 
2 0.07600000000000001 1.4248037814207914 0.07600052770575402 1.3355409934487559 0.04102505644261867 31.67376658459603 0.07600000000000001 1.4922373034289675 
1 0.04601551129933518 16.84778969582606 0.032013678621623506 31.69024056305679 0.03800768712717986 24.80391598646938 0.083 0 
4 0.04696535701599145 44.04447658632498 0.06400136411991132 13.632445992689671 0.07501278663971199 3.0887241093197546 0.046016512287772315 45.60574140046705 
4 0.0680000145217981 8.909391342471011 0.03603612292226352 71.14002571263089 0.06899765524334042 7.213461035957611 0.038022441326179365 65.02298683769837 
4 0.0320332989230991 87.96032723489064 0.06500192732788948 12.49897356520206 0.06300738483453709 15.489880985528355 0.06900677843285395 8.34594708117095 
1 0.04800081807001626 11.826756441813252 0.062004840523345095 4.144503631369912 0.05898166778057328 6.598366028611303 0.04300983261911366 17.997071978901673 
4 0.054002059907372404 26.60560030769859 0.036023961638908836 70.53922108496567 0.04202095787661528 52.85924570700425 0.05700585402964229 21.65669477197752 
4 0.06800000973763728 8.844905407826328 0.04501273043058223 45.14870864419175 0.03602317643090164 69.79524216733405 0.04002285759772371 57.14474177960964 
2 0.033016731706011174 44.07727661937179 0.03801433759331473 35.98909272935512 0.07700000000000001 1.159620337157293 0.03295699566816512 45.63561340404442 
2 0.03602680824950964 39.884672333966655 0.053002031421027586 16.15793039529681 0.051008228360958315 18.71168911066543 0.043008464959505055 28.500481759354535 
3 0.052014590338059184 26.963399628114185 0.07500058902019477 2.638447589086407 0.03603727618694927 61.75680313401356 0.0560053733632668 19.80766318858867 
3 0.05196731138374239 26.755308536678314 0.06200135567710668 13.340957234775347 0.06700132203908751 8.586786753641748 0.07800096564324331 1.4870035657617087 
4 0.082 1.201545468232147 0.06700045019480942 9.597494932170843 0.04603630540328279 41.28026430210337 0.045018317583422486 43.940361231559486 
2 0.06800780913554755 4.722685935873568 0.0380092929457107 41.91713382264507 0.06801253048234214 4.3947335403568335 0.04801702051504936 23.57171363268474 
4 0.06101038099835738 16.64340737096132 0.042029427715581706 53.44917497243934 0.08500122985030989 0.0 0.07600068264679113 2.687193311600354 
3 0.07301990500094957 3.2414258860121445 0.061000000000000006 14.644981715985091 0.05900800017168392 17.348994891089568 0.059006425686039476 17.37065977823404 
4 0.036030501364261266 72.05571642123158 0.0350308789412542 77.29764864317032 0.059013211020745464 20.082793191422496 0.042015036911775556 55.461384311454005 
3 0.06800377843418005 5.367993642780293 0.03702449582097761 47.940935300776594 0.07400558528240693 2.21239950688641 0.057013994040145975 15.530442120844032 
1 0.035002648800867314 18.823620415655974 0.030016077690205492 23.345084749995806 0.07202863176105392 0.6435576764848394 0.03101953465235381 21.906541484047306 
1 0.08 0.23663497194317257 0.06000063601057844 6.335112357053209 0.04000655132601586 19.67682548626468 0.084 0 
4 0.04302413138791726 46.65229176063612 0.05300729640595081 25.372484381793257 0.06600092772135202 9.831065682153632 0.07200192089921549 4.110316404765427 
2 0.05901169642305456 12.586818112191164 0.05800711834799942 13.10831737286345 0.06400625648401843 8.173136596622665 0.06100008350998461 10.877720990991904 
1 0.03900892653262969 24.187312975906437 0.0790006953852109 0.7518211805915285 0.06202951812055022 6.188623142177832 0.054001719962505836 9.549319251410282 
2 0.067 6.100317522340104 0.08200004369555955 0.5932530790962924 0.07404490457299556 1.7954589894514348 0.06400345604530817 6.476775324168036 
1 0.05700066358418447 5.227996818766316 0.05800034424134177 6.701460989755523 0.04300301936197163 17.746243649033584 0.03598128556041989 24.55107618604608 
4 0.040020761454562744 58.076507572601 0.032030917877403045 86.09982169092743 0.05201010140742362 30.979104896477004 0.05700735754910624 21.972419837577462 
1 0.081 0.20372989602086278 0.04100430092030225 16.162343146159365 0.05000399167496506 9.805433677053841 0.04598900697265274 12.95957172834648 
2 0.04800359639515263 22.316506633688203 0.0360114248985854 40.82330079940643 0.049004608246044024 20.285811368000015 0.05300497793164086 15.963721777671221 
1 0.06900019908501132 2.577880067327384 0.059002927260121386 5.005198469889693 0.06801051499904304 2.8798999790160247 0.07100000000000001 1.2595631432753722 
1 0.04300731857164419 13.361725542154238 0.07600000000000001 0.6872587407809031 0.06900054987781658 1.9160745577809064 0.07800004742535094 0.3247524524470669 
2 0.033009663195754435 40.82191434981973 0.07300000000000001 1.8086295335819826 0.0590084122237607 10.458297078606014 0.05500180110286277 12.560498258495361 
4 0.062013705127295926 13.678325344594612 0.04301187502878893 46.14530793254369 0.07000023646453228 5.4912805837059615 0.07500078308144104 2.6681443332167736 
4 0.07400000000000001 3.653313277705813 0.07097968806743579 6.128258183009425 0.034028520206361684 81.08377879602205 0.07600000000000001 2.713367966217456 
4 0.07502569352503888 2.721154987211994 0.06700142908030964 8.636652694875833 0.05000874364680784 30.341024860136372 0.0320244009841998 74.65271372087307 
3 0.04201132944568202 40.31764709202386 0.05001392625065958 26.336867905791138 0.08100599320731201 0.7540604037619958 0.046012594472967565 32.013665276068664 
4 0.07000897539605111 7.28225627292794 0.03503365294845476 80.39737587799976 0.049018213452906745 39.601436320013356 0.07000065576091702 7.1047202365490065 
3 0.04703948048206402 26.91971797281741 0.049007123411116106 24.540053913734436 0.039961342819215324 40.27351878577396 0.0750071402191284 2.037358217574583 
2 0.067 5.921279082502691 0.08500009799437488 0 0.058000584933029675 11.593012023574646 0.05200337973311833 17.73127700092733 
3 0.04102143926667182 44.34604193162762 0.04801123772728369 28.987077424811748 0.0680001988300829 5.434492539050668 0.07600067838230155 2.008284727952157 
4 0.03402176706596141 64.78172077998319 0.07000005132427224 5.968742210255037 0.07000221064538993 5.834581176370239 0.04102060942985322 50.05610184401618 
2 0.0740298435932431 1.8661092988266916 0.07400069115185123 1.9503686045691473 0.0580024042939239 12.309146215551522 0.05200507356637737 19.516234841632276 
3 0.05002534820941381 27.31412983826277 0.04301463897321976 40.20690496178423 0.05700359583619524 17.48732177080903 0.04301540753367582 40.37052485644229 
2 0.0810006868542196 1.0450651416574077 0.06800327984147457 4.263942448360258 0.07600044756424301 1.5740562877357418 0.040028906873724714 35.83400688720212 
4 0.06401682241406118 14.505690851825417 0.06400537248122948 14.365963419869917 0.07700000963245737 2.5391313890137948 0.07800048232910295 2.127429816132184 
1 0.0680000503347485 1.7697171475593916 0.07400000000000001 1.091167721496569 0.051005759302806576 9.062489971595333 0.07900000000000001 0.45405513335160536 
1 0.05001110356496635 11.4424724014773 0.03900485227685913 19.941974434358166 0.07600003761908374 0.5461174475831391 0.03701826798725878 24.38764731027878 
4 0.07897151674878362 2.3476280201477215 0.07800127232089693 2.1183998007930245 0.04701473388227173 41.99755787046162 0.05301351276576473 29.177071333714863 
1 0.07900000000000001 0.30476418988344134 0.05797776102985822 3.740686749147435 0.04703260065017986 9.397103401498267 0.082 0 
4 0.03303017048885974 75.63691911172879 0.06900129219235188 7.440713668822636 0.06300155060059129 13.929462091789627 0.07800149345842128 2.2169151204952553 
2 0.03801620625657738 35.24757722285124 0.04201217293323719 28.219907414333743 0.03901079499111662 33.43875402279897 0.05401836635405966 14.262577732899889 
3 0.05302418158541425 25.639759137327616 0.0830404644637097 1.2828604122071317 0.07000382527487123 5.69837097270829 0.07900009471157311 1.0975356564106358 
3 0.07300107449402148 2.740168211483103 0.083 0.10655011930257213 0.06800087132413096 6.222275224583722 0.057001794503266895 17.557018401014236 
1 0.06800037905953088 1.6449353373187572 0.07100000000000001 1.0341177343587094 0.07500000515463717 0.5780142868586813 0.046034262012938525 12.76590646474231 
1 0.08 0.2364641213800315 0.081 0.019265237319414798 0.0480066517783337 13.316483705676443 0.054048216651476876 9.160042589442716 
1 0.03202104461013093 28.545808989086236 0.07500000000000001 0.9462329352171257 0.04695594200851219 12.849062096871455 0.042005916379159805 18.081258937519976 
2 0.04601201235743479 27.610247278043314 0.04900988468086958 22.37944174148829 0.03799361227924203 40.16948793175394 0.06200086761388185 8.462091813240571 
1 0.0609525605839792 3.487707478555235 0.07700000000000001 0.5766547457823183 0.030008755989547983 28.369083241576725 0.06896048676431284 1.8921129257771736 
4 0.057974942831817644 19.2174162481717 0.08097421438272367 1.7673341137029857 0.0640135637800793 12.794758976481518 0.05301354227989188 28.89035296969258 
2 0.04301433494807259 30.52437132216166 0.03401250645179994 42.60098296375413 0.060014796420610944 8.805040357037285 0.07700058307793764 0.8719583058129206 
1 0.06600304328269303 2.807698905735137 0.06600103992452827 2.0719448032328316 0.05000022042718804 8.259812570028123 0.05000305918987929 8.216991737008266 
4 0.082 0.5395768946241156 0.07800088093173148 2.027137454631404 0.049033712173464576 38.703985214641534 0.05101111568052947 34.78063103170244 
4 0.03801982272693286 64.08678043435238 0.03302675774344324 78.58786252491502 0.03203470723698393 83.38219033857479 0.041015463557462786 55.58918531215146 
1 0.047005163321608416 14.276417704491433 0.082 0.09579721973324891 0.07000016298535242 2.226305427607784 0.06500072102759841 3.9810234487412397 
1 0.07000012262102427 1.5489913679960805 0.042031430504035384 16.571082707239547 0.03800575090031384 20.887764847143238 0.043005360901775334 15.626979858521096 
4 0.07600000000000001 2.9756811264414855 0.06500557686273523 12.482865996879424 0.057003217463612574 23.206163255281034 0.06898190454947335 7.690304559052251 
1 0.07400000000000001 0.5284052907040623 0.07600000000000001 0.24435294996823897 0.036009300498923244 15.063524926954514 0.07100129763434962 0.9500300963217443 
2 0.031020992523139196 40.47414659555154 0.045008016062496624 24.96262027990297 0.07400025736475822 1.524233769344685 0.047026966295069354 21.448089245852714 
1 0.042006392467180666 12.534660707312378 0.061001885428630304 3.322093838371084 0.07300000000000001 0.7832095206421358 0.0699636732366593 0.9055262460154595 
1 0.05700008544963832 6.176251595530955 0.03302086807702434 23.99995778631051 0.04300331044912755 14.963489724753456 0.08103785852189628 0 
3 0.06500530456150683 7.984814346291614 0.053046518226184926 19.668946880765297 0.03595497378282772 47.52215176638192 0.0730051821682086 2.3548622326777546 
2 0.060999911811885583 6.12664471086384 0.06000465121228803 9.206535885924808 0.06600266081265085 5.556159242740362 0.0490053805285422 19.39516122355251 
2 0.05700463743471618 10.81308255209517 0.06800535294622165 4.47160159996083 0.07600022008199743 1.0467264220777504 0.07100791069563583 2.6748232747347798 
2 0.04600887684260975 22.671926076774263 0.03103419863675823 47.46440886758528 0.07802254995258694 1.4683183555486616 0.05100922628555253 17.548797620368994 
4 0.07800000000000001 1.9343797036521513 0.06200540768461323 13.680435293350374 0.03503752773789183 67.96548446857483 0.05601980897553322 21.890452900279577 
3 0.07100257876436517 3.4920687428459614 0.0770006882933329 1.592423237976123 0.07303764120647985 2.70244325398399 0.05900786504024139 13.831133508651545 
2 0.07502529674224032 1.6787044837947833 0.050992557378360316 16.740717588942864 0.056003716605598795 11.715145887329754 0.05100561933363979 16.089832722316345 
2 0.07100158740730825 3.309990824020695 0.06400222807615616 7.011294913127998 0.03402005132133405 42.72545497786067 0.04400820803347421 26.546909372514044 
2 0.07600000000000001 1.5040415253745414 0.05701115853524203 11.044355336785395 0.0670002422786584 3.989870720538563 0.07400000000000001 1.327509099445879 
4 0.051009525883383165 27.790600644561458 0.03102911632528485 76.89129562741805 0.068 7.914638052161601 0.05100587793048035 28.375459638824694 
4 0.07502569599406408 2.7276681036772876 0.045025116394434656 40.064051718937364 0.08404202696531482 0 0.07700066554120309 1.9114494173630516 
3 0.035020079621355504 59.80529898687531 0.0740000214179435 2.588734107362036 0.0450267731070325 38.96185013836638 0.030025103522426017 75.11099207517876 
4 0.06500092110107603 11.978209779599748 0.0800012524720847 1.8721696238908703 0.07400145120816143 3.459805273411845 0.057002079030275 23.565032855615563 
3 0.0470147467009119 30.264001689779484 0.07300000000000001 2.6982528236741845 0.085 0 0.06301337884878898 10.730527586693054 
4 0.07396203854085463 3.5836848577869036 0.051004329461204444 34.50109462767231 0.07601261982146594 2.6090065682871484 0.07000127184648398 6.941835416210223 
1 0.0600062537221608 6.069642329767422 0.031007648119953407 33.019764720666075 0.043047940823766694 19.62992735016176 0.03400965058548505 29.025206795506396 
3 0.05300727417083169 20.573538615197577 0.07500066330238433 1.8063886399664313 0.0650038753266304 8.250902848826305 0.08400044540549131 0.6855527197676579 
4 0.07398886407061012 3.669195104234163 0.06000196216177997 19.562132336790253 0.07600042011984784 2.935408120666757 0.03902332740367832 67.1638115305021 
2 0.08100070602224885 1.0589311191240411 0.051010486813406974 20.537768663786466 0.03801390132419501 40.25055574585183 0.06003015643103153 11.76715518200769 
2 0.07900000000000001 1.3372378637493925 0.03602432615463255 39.61427149084949 0.030015568682534993 51.24049650706405 0.04001128835180414 32.16357647888933 
2 0.051001663463115694 18.19121614313537 0.06100071497853221 9.38134938405725 0.033012358587407295 46.08086129867489 0.07800025298615981 1.1167518992598673 
2 0.040022163814302694 31.90720198654948 0.048008363084416 21.658321105601217 0.04400955464317367 26.879480307594388 0.0400123346003845 32.66475369171892 
4 0.05900761348591695 16.85953653039612 0.04201230102048904 48.20353721162671 0.06200147426954663 13.684346845260094 0.030033734475379603 88.3015670569212 
3 0.07900110644901631 0.7023597312690375 0.035023207057610126 58.14946776460609 0.03601886531201344 55.334140021658534 0.030023627575216164 71.52414001047428 
3 0.07001501911374886 3.484209573051769 0.0660008310904214 7.19210112606091 0.06299590694873111 9.659881767234587 0.07800063040163802 0.8461893718613944 
3 0.0530114463843999 21.231795441065277 0.03203483982866069 63.805707526220246 0.03801771850237083 49.43509815245951 0.07800000000000001 0.9274182730937781 
3 0.07502553833237045 1.760392054361928 0.06100603929428453 12.285630867415765 0.046017089352354094 31.3869577609408 0.032037907870066884 60.50544155291897 
3 0.0320222131675527 55.31495015987778 0.0670124969147666 6.055574330118004 0.0620036993033289 10.832140117138536 0.05201004851097871 20.718867592446983 
3 0.0410138721469705 46.41313458249655 0.05001218461994647 27.826716703134704 0.05100766348295442 26.513450030262426 0.04501191400724304 37.20148886615358 
4 0.06400054564047519 12.546004500088396 0.08300089163059574 0 0.08100029023001505 1.0782923727217952 0.033022975498763915 71.58917737102942 
1 0.0630466539844207 2.6179381123725562 0.05500034357331135 5.389985493473203 0.042005779390799455 12.230281353942607 0.035006068211513225 18.148461852455757 
2 0.08 1.2713036402568152 0.07000285597648016 3.5061294013546176 0.07395557844249599 2.1727310378971616 0.0460050896231774 28.137939972897968 
