1 1.3003
2 1.2545
3 1.1836
4 1.2049
5 1.2150
6 1.1006
7 1.2492
8 1.1885
9 1.2044
10 1.1434
11 1.1216
12 1.0607
13 1.0946
14 1.0274
15 1.1702
16 1.1262
17 1.1030
18 1.1626
19 1.0778
20 1.0458
21 1.0947
22 1.1949
23 1.1090
24 1.1507
25 1.1389
26 1.1718
27 1.1938
28 1.1200
29 1.0668
30 1.0975
31 1.0310
32 1.0392
33 1.0365
34 0.9422
35 1.0158
36 0.9724
37 1.1286
38 1.1481
39 1.1706
40 0.9976
41 1.0069
42 0.9135
43 1.2272
44 0.9988
45 1.0283
46 1.0297
47 1.2480
48 1.0845
49 1.2547
50 1.0619
51 1.0146
52 0.9590
53 1.0227
54 1.3685
55 1.0850
56 1.0076
57 0.9820
58 1.0523
59 0.9537
60 1.1666
61 1.0540
62 1.0943
63 1.1163
64 1.2242
65 1.1269
66 1.0025
67 1.1066
68 0.9812
69 1.0405
70 1.0149
71 0.9408
72 1.0272
73 0.9260
74 1.1157
75 1.1360
76 0.9763
77 1.0242
78 1.0297
79 1.1332
80 1.0883
81 0.8739
82 1.0014
83 0.9559
84 1.0958
85 0.9908
86 1.1727
87 1.0201
88 1.1031
89 1.1739
90 1.0442
91 1.1562
92 1.1470
93 1.1681
94 0.9235
95 0.9176
96 1.0836
97 0.9186
98 0.9040
99 1.1303
100 0.8751
101 1.2244
102 1.0932
103 1.0979
104 1.0043
105 1.0243
106 1.1563
107 0.8161
108 0.8819
109 0.9774
110 1.1737
111 1.0474
112 0.8585
113 0.8807
114 0.9700
115 1.1012
116 0.8999
117 0.9441
118 1.2243
119 0.8829
120 0.9511
121 1.0194
122 0.8535
123 1.1183
124 0.9322
125 1.1429
126 0.9769
127 1.0248
128 0.9609
129 1.0923
130 1.0831
131 0.8659
132 0.9371
133 1.0131
134 0.8921
135 1.0678
136 0.9891
137 0.9163
138 0.8652
139 0.9913
140 0.9022
141 1.0361
142 0.9479
143 0.9792
144 1.0762
145 0.9336
146 0.9377
147 0.9489
148 0.9394
149 0.8552
150 0.8716
151 1.0242
152 0.8692
153 0.8196
154 0.9885
155 0.7689
156 0.7762
157 0.8932
158 1.0438
159 0.8140
160 0.8253
161 0.8498
162 0.9407
163 0.8566
164 0.9148
165 0.9007
166 0.9940
167 0.8988
168 0.9184
169 0.9384
170 0.8955
171 0.7896
172 0.9278
173 0.8358
174 0.7300
175 0.8790
176 0.8549
177 0.8596
178 0.9312
179 0.8834
180 0.7647
181 0.8394
182 0.8975
183 0.8275
184 0.8918
185 0.7906
186 0.8804
187 0.8201
188 0.7992
189 0.9548
190 0.9919
191 0.9374
192 0.8119
193 0.7559
194 0.8176
195 0.7871
196 0.7564
197 0.9960
198 0.7665
199 0.7648
200 0.6494
201 0.6788
202 0.7942
203 0.8650
204 0.7074
205 0.8396
206 0.8366
207 0.7499
208 0.8040
209 0.7868
210 0.8524
211 0.7283
212 0.7529
213 0.8635
214 0.8017
215 0.7842
216 0.9328
217 0.6663
218 0.8913
219 0.6949
220 0.7596
221 0.8112
222 0.6684
223 0.7591
224 0.6383
225 0.7430
226 0.6445
227 0.6736
228 0.6814
229 0.7992
230 0.7024
231 0.8499
232 0.9690
233 0.7071
234 0.7711
235 0.7418
236 0.6751
237 0.7644
238 0.7985
239 0.6577
240 0.6072
241 0.6136
242 0.7778
243 0.9091
244 0.7076
245 0.5460
246 0.7080
247 0.7718
248 0.7073
249 0.6090
250 0.5149
251 0.8266
252 0.6775
253 0.6412
254 0.6051
255 0.5430
256 0.7055
257 0.6748
258 0.7908
259 0.7070
260 0.7693
261 0.6986
262 0.4972
263 0.6112
264 0.6154
265 0.5983
266 0.6350
267 0.6774
268 0.6030
269 0.6024
270 0.5686
271 0.6741
272 0.6339
273 0.6251
274 0.6674
275 0.5714
276 0.6383
277 0.5076
278 0.6292
279 0.4657
280 0.6101
281 0.7147
282 0.5524
283 0.6945
284 0.6803
285 0.6333
286 0.6168
287 0.6049
288 0.5797
289 0.5645
290 0.7587
291 0.5566
292 0.6448
293 0.6008
294 0.6551
295 0.7295
296 0.5591
297 0.5854
298 0.4732
299 0.5475
300 0.5720
301 0.6018
302 0.5688
303 0.5724
304 0.6054
305 0.5280
306 0.6932
307 0.6489
308 0.5357
309 0.5586
310 0.6054
311 0.6752
312 0.5206
313 0.5753
314 0.4876
315 0.5016
316 0.6335
317 0.5773
318 0.4262
319 0.5726
320 0.5641
321 0.3640
322 0.5651
323 0.6043
324 0.6430
325 0.5968
326 0.5045
327 0.6558
328 0.4793
329 0.5639
330 0.4762
331 0.6499
332 0.5221
333 0.5399
334 0.5379
335 0.5255
336 0.6127
337 0.6283
338 0.5596
339 0.5094
340 0.6434
341 0.4389
342 0.7140
343 0.4976
344 0.6223
345 0.4170
346 0.6240
347 0.6559
348 0.5338
349 0.5742
350 0.5228
351 0.4569
352 0.3904
353 0.5804
354 0.5884
355 0.5694
356 0.4814
357 0.5824
358 0.6054
359 0.4896
360 0.4296
361 0.5331
362 0.5377
363 0.3752
364 0.4946
365 0.4196
366 0.6211
367 0.3844
368 0.6986
369 0.5271
370 0.4810
371 0.4988
372 0.5997
373 0.5161
374 0.4327
375 0.4979
376 0.5507
377 0.4489
378 0.5314
379 0.4559
380 0.4452
381 0.4088
382 0.5085
383 0.4333
384 0.5176
385 0.5549
386 0.5813
387 0.4628
388 0.4920
389 0.5259
390 0.4082
391 0.5183
392 0.5880
393 0.4671
394 0.4507
395 0.4744
396 0.4223
397 0.4988
398 0.5395
399 0.4403
400 0.4720
401 0.6024
402 0.5026
403 0.5684
404 0.4175
405 0.5279
406 0.5389
407 0.4611
408 0.3815
409 0.4392
410 0.4806
411 0.4270
412 0.5186
413 0.5239
414 0.4678
415 0.4381
416 0.3743
417 0.4816
418 0.4735
419 0.5841
420 0.3956
421 0.5940
422 0.5062
423 0.3921
424 0.4662
425 0.3918
426 0.6376
427 0.3119
428 0.5410
429 0.4607
430 0.4784
431 0.4099
432 0.5034
433 0.6358
434 0.4361
435 0.3707
436 0.4566
437 0.3674
438 0.4524
439 0.4433
440 0.5141
441 0.5162
442 0.4173
443 0.4323
444 0.4732
445 0.4594
446 0.6087
447 0.3922
448 0.3625
449 0.4916
450 0.3749
451 0.3412
452 0.3858
453 0.5043
454 0.4616
455 0.4106
456 0.3998
457 0.4163
458 0.4162
459 0.4431
460 0.3904
461 0.4119
462 0.3991
463 0.4405
464 0.4228
465 0.4794
466 0.4247
467 0.4445
468 0.3641
469 0.4503
470 0.4048
471 0.4207
472 0.3615
473 0.3252
474 0.4503
475 0.5094
476 0.6452
477 0.4905
478 0.4602
479 0.5099
480 0.5970
481 0.4620
482 0.4155
483 0.5630
484 0.5299
485 0.4220
486 0.2714
487 0.4667
488 0.4382
489 0.5217
490 0.5239
491 0.4623
492 0.3506
493 0.5026
494 0.4605
495 0.3323
496 0.4571
497 0.3747
498 0.3487
499 0.4233
500 0.3867
501 0.3801
502 0.4278
503 0.3973
504 0.4421
505 0.4053
506 0.4696
507 0.2547
508 0.4063
509 0.4008
510 0.3689
511 0.4006
512 0.4500
513 0.5872
514 0.3388
515 0.4679
516 0.3540
517 0.3724
518 0.4574
519 0.3234
520 0.4759
521 0.4717
522 0.3541
523 0.6219
524 0.5314
525 0.3569
526 0.3946
527 0.3708
528 0.3970
529 0.4474
530 0.2624
531 0.3523
532 0.3691
533 0.4590
534 0.3875
535 0.3794
536 0.2680
537 0.3456
538 0.2832
539 0.4055
540 0.3792
541 0.3785
542 0.3787
543 0.3687
544 0.3848
545 0.3837
546 0.3276
547 0.3666
548 0.3236
549 0.4449
550 0.4083
551 0.4906
552 0.3618
553 0.3477
554 0.4159
555 0.6965
556 0.2817
557 0.4711
558 0.4309
559 0.3119
560 0.3430
561 0.3890
562 0.4830
563 0.3723
564 0.4528
565 0.4979
566 0.4616
567 0.4194
568 0.3499
569 0.4104
570 0.4543
571 0.3393
572 0.3838
573 0.3230
574 0.2441
575 0.4725
576 0.3613
577 0.3630
578 0.5058
579 0.3485
580 0.3708
581 0.3360
582 0.3945
583 0.4069
584 0.3390
585 0.4125
586 0.3248
587 0.6826
588 0.3234
589 0.4322
590 0.4255
591 0.4136
592 0.4582
593 0.2902
594 0.3775
595 0.4175
596 0.3675
597 0.3513
598 0.2405
599 0.4313
600 0.3257
601 0.2568
602 0.3442
603 0.4189
604 0.3830
605 0.3733
606 0.4625
607 0.3001
608 0.3711
609 0.4324
610 0.2965
611 0.4290
612 0.3668
613 0.3522
614 0.4094
615 0.2954
616 0.3933
617 0.3138
618 0.3655
619 0.4250
620 0.5313
621 0.3707
622 0.5045
623 0.5827
624 0.3742
625 0.2914
626 0.5255
627 0.3294
628 0.4912
629 0.3457
630 0.3337
631 0.3847
632 0.2967
633 0.3318
634 0.4097
635 0.3527
636 0.3461
637 0.2273
638 0.3432
639 0.2530
640 0.3703
641 0.4114
642 0.4058
643 0.2231
644 0.3742
645 0.3205
646 0.3757
647 0.4231
648 0.5546
649 0.3903
650 0.4206
651 0.3566
652 0.3048
653 0.3807
654 0.3256
655 0.3860
656 0.2117
657 0.3359
658 0.2648
659 0.2780
660 0.3900
661 0.3113
662 0.5115
663 0.4546
664 0.3503
665 0.5507
666 0.3056
667 0.4126
668 0.2453
669 0.5617
670 0.3175
671 0.3027
672 0.2410
673 0.2647
674 0.3009
675 0.3017
676 0.4244
677 0.3580
678 0.2289
679 0.3286
680 0.2794
681 0.2755
682 0.4515
683 0.3875
684 0.3854
685 0.3884
686 0.3409
687 0.4604
688 0.4264
689 0.2764
690 0.3442
691 0.4504
692 0.3077
693 0.2822
694 0.3096
695 0.3439
696 0.2825
697 0.4034
698 0.2706
699 0.3343
700 0.5450
701 0.7185
702 0.3666
703 0.4470
704 0.3197
705 0.2871
706 0.2944
707 0.4342
708 0.2508
709 0.2949
710 0.3631
711 0.3118
712 0.2794
713 0.3481
714 0.3802
715 0.3067
716 0.2889
717 0.3222
718 0.3575
719 0.4098
720 0.3400
721 0.3824
722 0.2695
723 0.2878
724 0.5422
725 0.3978
726 0.2825
727 0.3409
728 0.3401
729 0.3254
730 0.2862
731 0.3975
732 0.7177
733 0.2540
734 0.3948
735 0.2493
736 0.3890
737 0.2780
738 0.3477
739 0.3711
740 0.2198
741 0.3262
742 0.4160
743 0.3479
744 0.3201
745 0.2518
746 0.3645
747 0.3224
748 0.3570
749 0.3737
750 0.3151
751 0.2158
752 0.1977
753 0.7363
754 0.3037
755 0.2561
756 0.3101
757 0.2587
758 0.3610
759 0.2762
760 0.3474
761 0.4303
762 0.4588
763 0.3442
764 0.5407
765 0.2594
766 0.2979
767 0.4528
768 0.3404
769 0.3156
770 0.2435
771 0.2105
772 0.4365
773 0.3789
774 0.3828
775 0.2699
776 0.3399
777 0.3030
778 0.3064
779 0.4163
780 0.2920
781 0.4188
782 0.4727
783 0.4407
784 0.4726
785 0.3297
786 0.3308
787 0.5069
788 0.3649
789 0.1944
790 0.2891
791 0.3498
792 0.2941
793 0.3059
794 0.2996
795 0.2270
796 0.3507
797 0.2760
798 0.2811
799 0.3443
800 0.3120
801 0.3864
802 0.2834
803 0.2759
804 0.2556
805 0.3098
806 0.2784
807 0.2359
808 0.2805
809 0.4561
810 0.2245
811 0.4190
812 0.4088
813 0.3691
814 0.2874
815 0.2753
816 0.4111
817 0.2328
818 0.4993
819 0.3140
820 0.5905
821 0.6722
822 0.7472
823 0.3543
824 0.2753
825 0.2850
826 0.2430
827 0.3026
828 0.3341
829 0.4028
830 0.2631
831 0.3546
832 0.3168
833 0.2950
834 0.3636
835 0.3007
836 0.2693
837 0.4007
838 0.6917
839 0.2245
840 0.3326
841 0.2744
842 0.3938
843 0.3288
844 0.2108
845 0.2638
846 0.3427
847 0.5361
848 0.2632
849 0.2990
850 0.3229
851 0.3120
852 0.2041
853 0.2551
854 0.3336
855 0.2977
856 0.2272
857 0.5913
858 0.1843
859 0.2731
860 0.4173
861 0.3916
862 0.2468
863 0.3011
864 0.3143
865 0.3962
866 0.1607
867 0.3520
868 0.4939
869 0.2952
870 0.3811
871 0.2481
872 0.2630
873 0.4191
874 0.1904
875 0.3438
876 0.2802
877 0.2024
878 0.2310
879 0.3268
880 0.1866
881 0.2956
882 0.4649
883 0.2929
884 0.6329
885 0.3891
886 0.3595
887 0.2517
888 0.2790
889 0.3568
890 0.3226
891 0.3725
892 0.3373
893 0.2596
894 0.1786
895 0.2651
896 0.3354
897 0.3520
898 0.3167
899 0.1719
900 0.4045
901 0.2847
902 0.3644
903 0.2793
904 0.2785
905 0.2282
906 0.3969
907 0.2451
908 0.4219
909 0.4308
910 0.1926
911 0.2329
912 0.2597
913 0.4050
914 0.2955
915 0.4243
916 0.2718
917 0.1720
918 0.2936
919 0.4131
920 0.2964
921 0.2849
922 0.2716
923 0.2214
924 0.2935
925 0.1738
926 0.3538
927 0.2599
928 0.2093
929 0.1930
930 0.2576
931 0.2617
932 0.4841
933 0.2565
934 0.3422
935 0.2806
936 0.5887
937 0.2935
938 0.3208
939 0.4631
940 0.3022
941 0.3494
942 0.3539
943 0.2174
944 0.3096
945 0.2746
946 0.3276
947 0.2600
948 0.1756
949 0.4364
950 0.6202
951 0.2362
952 0.2006
953 0.1604
954 0.3640
955 0.2608
956 0.3500
957 0.2932
958 0.1925
959 0.2104
960 0.2342
961 0.1908
962 0.3882
963 0.3273
964 0.2541
965 0.6109
966 0.3234
967 0.2991
968 0.4569
969 0.3632
970 0.2697
971 0.2943
972 0.2993
973 0.2071
974 0.3508
975 0.2333
976 0.3527
977 0.2602
978 0.2502
979 0.3126
980 0.2775
981 0.2355
982 0.3660
983 0.2192
984 0.3633
985 0.4312
986 0.2776
987 0.3539
988 0.2987
989 0.2576
990 0.2496
991 0.2926
992 0.2953
993 0.3413
994 0.2633
995 0.2637
996 0.3706
997 0.3981
998 0.2048
999 0.3341
1000 0.3757
1001 0.2552
1002 0.2770
1003 0.3449
1004 0.3914
1005 0.2504
1006 0.4334
1007 0.2779
1008 0.2956
1009 0.1652
1010 0.3251
1011 0.3988
1012 0.2914
1013 0.2562
1014 0.3009
1015 0.9451
1016 0.2629
1017 0.3262
1018 0.2442
1019 0.1761
1020 0.2219
1021 0.2515
1022 0.2278
1023 0.2226
1024 0.3585
1025 0.3775
1026 0.2359
1027 0.2186
1028 0.3427
1029 0.2083
1030 0.2604
1031 0.4037
1032 0.3053
1033 0.4417
1034 0.2809
1035 0.3645
1036 0.2776
1037 0.4197
1038 0.2202
1039 0.2203
1040 0.2560
1041 0.3659
1042 0.4817
1043 0.3954
1044 0.3199
1045 0.2734
1046 0.3441
1047 0.3522
1048 0.4237
1049 0.2041
1050 0.3885
1051 0.3783
1052 0.3547
1053 0.4710
1054 0.3388
1055 0.2368
1056 0.2045
1057 0.2524
1058 0.2262
1059 0.4392
1060 0.3074
1061 0.2212
1062 0.2147
1063 0.2754
1064 0.8109
1065 0.2007
1066 0.2428
1067 0.2353
1068 0.3660
1069 0.3041
1070 0.3877
1071 0.2746
1072 0.1253
1073 0.1617
1074 0.3824
1075 0.2880
1076 0.3154
1077 0.2669
1078 0.3264
1079 0.2873
1080 0.4401
1081 0.2813
1082 0.2664
1083 0.2258
1084 0.2765
1085 0.3001
1086 0.3391
1087 0.3132
1088 0.2567
1089 0.4165
1090 0.3669
1091 0.3217
1092 0.3161
1093 0.2319
1094 0.3316
1095 0.2071
1096 0.3306
1097 0.1906
1098 0.3874
1099 0.3351
1100 0.4054
1101 0.4016
1102 0.3660
1103 0.2500
1104 0.3548
1105 0.3641
1106 0.3690
1107 0.2792
1108 0.2134
1109 0.3688
1110 0.3758
1111 0.3346
1112 0.2617
1113 0.1676
1114 0.2321
1115 0.8085
1116 0.1504
1117 0.2563
1118 0.2526
1119 0.4980
1120 0.2878
1121 0.4397
1122 0.2121
1123 0.3383
1124 0.2452
1125 0.2096
1126 0.2837
1127 0.1463
1128 0.3158
1129 0.1825
1130 0.3140
1131 0.1950
1132 0.1473
1133 0.2163
1134 0.3237
1135 0.2101
1136 0.2936
1137 0.4839
1138 0.2053
1139 0.3272
1140 0.3464
1141 0.3274
1142 0.5055
1143 0.2581
1144 0.2731
1145 0.1964
1146 0.3624
1147 0.2818
1148 0.2287
1149 0.2530
1150 0.2415
1151 0.1994
1152 0.3820
1153 0.2587
1154 0.3043
1155 0.2889
1156 0.2300
1157 0.3148
1158 0.2100
1159 0.2942
1160 0.2594
1161 0.2914
1162 0.2575
1163 0.3361
1164 0.2925
1165 0.4859
1166 0.2452
1167 0.2555
1168 0.3696
1169 0.2159
1170 0.2470
1171 0.3415
1172 0.2987
1173 0.3334
1174 0.3285
1175 0.6241
1176 0.2793
1177 0.3046
1178 0.1761
1179 0.1803
1180 0.2740
1181 0.2922
1182 0.2220
1183 0.3637
1184 0.1921
1185 0.2482
1186 0.4471
1187 0.3139
1188 0.2542
1189 0.3050
1190 0.2824
1191 0.3347
1192 0.2280
1193 0.2229
1194 0.2625
1195 0.2385
1196 0.3900
1197 0.2899
1198 0.3931
1199 0.2865
1200 0.3169
1201 0.2053
1202 0.3273
1203 0.2510
1204 0.6284
1205 0.2124
1206 0.1970
1207 0.2300
1208 0.2584
1209 0.2592
1210 0.2049
1211 0.2987
1212 0.2767
1213 0.2047
1214 0.2260
1215 0.2808
1216 0.3801
1217 0.2246
1218 0.2314
1219 0.3685
1220 0.2152
1221 0.1864
1222 0.2638
1223 0.3358
1224 0.3769
1225 0.2516
1226 0.2164
1227 0.2546
1228 0.3002
1229 0.1354
1230 0.2383
1231 0.3524
1232 0.4636
1233 0.2666
1234 0.2224
1235 0.1674
1236 0.2996
1237 0.2506
1238 0.2116
1239 0.1263
1240 0.4011
1241 0.1796
1242 0.2123
1243 0.2636
1244 0.6529
1245 0.2553
1246 0.3626
1247 0.2657
1248 0.2616
1249 0.3062
1250 0.2075
1251 0.3834
1252 0.3277
1253 0.2130
1254 0.3072
1255 0.3492
1256 0.1464
1257 0.3065
1258 0.2158
1259 0.2547
1260 0.2316
1261 0.2150
1262 0.3021
1263 0.3068
1264 0.2269
1265 0.4178
1266 0.2918
1267 0.3210
1268 0.3611
1269 0.4720
1270 0.1558
1271 0.2459
1272 0.3652
1273 0.2549
1274 0.1893
1275 0.2168
1276 0.2642
1277 0.2810
1278 0.7499
1279 0.2035
1280 0.2228
1281 0.1568
1282 0.2495
1283 0.1493
1284 0.2158
1285 0.2264
1286 0.4146
1287 0.3569
1288 0.2946
1289 0.1982
1290 0.2212
1291 0.1353
1292 0.2065
1293 0.4250
1294 0.2068
1295 0.3415
1296 0.2742
1297 0.3170
1298 0.1834
1299 0.2935
1300 0.1967
1301 0.2528
1302 0.5084
1303 0.2834
1304 0.4655
1305 0.1449
1306 0.2139
1307 0.3147
1308 0.2272
1309 0.1800
1310 0.2116
1311 0.2359
1312 0.2953
1313 0.2183
1314 0.2887
1315 0.3361
1316 0.2317
1317 0.2787
1318 0.2136
1319 0.2234
1320 0.2294
1321 0.3686
1322 0.2365
1323 0.3921
1324 0.2513
1325 0.4510
1326 0.3613
1327 0.2536
1328 0.2911
1329 0.3587
1330 0.2374
1331 0.2554
1332 0.3144
1333 0.2353
1334 0.2241
1335 0.1732
1336 0.1533
1337 0.3067
1338 0.3193
1339 0.3552
1340 0.3759
1341 0.3082
1342 0.3268
1343 0.2385
1344 0.3024
1345 0.2229
1346 0.1728
1347 0.3104
1348 0.2600
1349 0.4157
1350 0.3985
1351 0.2448
1352 0.2000
1353 0.6248
1354 0.4761
1355 0.3576
1356 0.1907
1357 0.1880
1358 0.2683
1359 0.2445
1360 0.1671
1361 0.1623
1362 0.3444
1363 0.2735
1364 0.3478
1365 0.5042
1366 0.3548
1367 0.2331
1368 0.5672
1369 0.2450
1370 0.3118
1371 0.1919
1372 0.5714
1373 0.1601
1374 0.8750
1375 0.3355
1376 0.3128
1377 0.1997
1378 0.3228
1379 0.2654
1380 0.4002
1381 0.1504
1382 0.1590
1383 0.2447
1384 0.1942
1385 0.3841
1386 0.4287
1387 0.2403
1388 0.3084
1389 0.2739
1390 0.2122
1391 0.2078
1392 0.1815
1393 0.2575
1394 0.2824
1395 0.2751
1396 0.2365
1397 0.2027
1398 0.2686
1399 0.3293
1400 0.2312
1401 0.3478
1402 0.3042
1403 0.3258
1404 0.2617
1405 0.4157
1406 0.1922
1407 0.3325
1408 0.2978
1409 0.3592
1410 0.1397
1411 0.3311
1412 0.2753
1413 0.2456
1414 0.3432
1415 0.4328
1416 0.5651
1417 0.3210
1418 0.2993
1419 0.2396
1420 0.3520
1421 0.2165
1422 0.3670
1423 0.1399
1424 0.5218
1425 0.2807
1426 0.3618
1427 0.4069
1428 0.4515
1429 0.2514
1430 0.2980
1431 0.1771
1432 0.2651
1433 0.2825
1434 0.3652
1435 0.1976
1436 0.4331
1437 0.2653
1438 0.2342
1439 0.2161
1440 0.3017
1441 0.2404
1442 0.2362
1443 0.2475
1444 0.1868
1445 0.1794
1446 0.2812
1447 0.2332
1448 0.1916
1449 0.2625
1450 0.3722
1451 0.2295
1452 0.2297
1453 0.2896
1454 0.3695
1455 0.2860
1456 0.2593
1457 0.2687
1458 0.2268
1459 0.2384
1460 0.2313
1461 0.2413
1462 0.2244
1463 0.4745
1464 0.3266
1465 0.1711
1466 0.1183
1467 0.2444
1468 0.2624
1469 0.1836
1470 0.3429
1471 0.1722
1472 0.2299
1473 0.2621
1474 0.2204
1475 0.3472
1476 0.2319
1477 0.2118
1478 0.2201
1479 0.3054
1480 0.2032
1481 0.1345
1482 0.1883
1483 0.2530
1484 0.2545
1485 0.2744
1486 0.1251
1487 0.1712
1488 0.1449
1489 0.3473
1490 0.3293
1491 0.2441
1492 0.3040
1493 0.2329
1494 0.1626
1495 0.2253
1496 0.2293
1497 0.6273
1498 0.3430
1499 0.2453
1500 0.3476
1501 0.1344
1502 0.2101
1503 0.1537
1504 0.2106
1505 0.1925
1506 0.3292
1507 0.2605
1508 0.2266
1509 0.2130
1510 0.1979
1511 0.2677
1512 0.1819
1513 0.2816
1514 0.2379
1515 0.2400
1516 0.2385
1517 0.3920
1518 0.2353
1519 0.3326
1520 0.1984
1521 0.3590
1522 0.2324
1523 0.3742
1524 0.2933
1525 0.2872
1526 0.2778
1527 0.1552
1528 0.2736
1529 0.1839
1530 0.2822
1531 0.1996
1532 0.2888
1533 0.2534
1534 0.2756
1535 0.0972
1536 0.1708
1537 0.2964
1538 0.3136
1539 0.1377
1540 0.3145
1541 0.1993
1542 0.4762
1543 0.2614
1544 0.2377
1545 0.4206
1546 0.3429
1547 0.4720
1548 0.4497
1549 0.2130
1550 0.2048
1551 0.6040
1552 0.2935
1553 0.3156
1554 0.1494
1555 0.2043
1556 0.1556
1557 0.3549
1558 0.3158
1559 0.1699
1560 0.4501
1561 0.1460
1562 0.1865
1563 0.2347
1564 0.2320
1565 0.2775
1566 0.3412
1567 0.2766
1568 0.2344
1569 0.2442
1570 0.1579
1571 0.1859
1572 0.1986
1573 0.3101
1574 0.4824
1575 0.3056
1576 0.2069
1577 0.3414
1578 0.1115
1579 0.1550
1580 0.4156
1581 0.2935
1582 0.3780
1583 0.2518
1584 0.2204
1585 0.1666
1586 0.2488
1587 0.2832
1588 0.2169
1589 0.2123
1590 0.1805
1591 0.1465
1592 0.3899
1593 0.2522
1594 0.1335
1595 0.3217
1596 0.2549
1597 0.1820
1598 0.2292
1599 0.2008
1600 0.3283
1601 0.2805
1602 0.1217
1603 0.2530
1604 0.2069
1605 0.3005
1606 0.5412
1607 0.3418
1608 0.2539
1609 0.2100
1610 0.2304
1611 0.2163
1612 0.2426
1613 0.2206
1614 0.3029
1615 0.4591
1616 0.2515
1617 0.2786
1618 0.2746
1619 0.3133
1620 0.2618
1621 0.2227
1622 0.2088
1623 0.5149
1624 0.1384
1625 0.4408
1626 0.1140
1627 0.2150
1628 0.4282
1629 0.2668
1630 0.1534
1631 0.2703
1632 0.3263
1633 0.2403
1634 0.1797
1635 0.1771
1636 0.2837
1637 0.2894
1638 0.3419
1639 0.1958
1640 0.2587
1641 0.1349
1642 0.1764
1643 0.2688
1644 0.1864
1645 0.1791
1646 0.1742
1647 0.3980
1648 0.2937
1649 0.2122
1650 0.1724
1651 0.2823
1652 0.0862
1653 0.3125
1654 0.2753
1655 0.3274
1656 0.4198
1657 0.2781
1658 0.5707
1659 0.3348
1660 0.2652
1661 0.2124
1662 0.1701
1663 0.2494
1664 0.9021
1665 0.1429
1666 0.2785
1667 0.3526
1668 0.3870
1669 0.1607
1670 0.4337
1671 0.2750
1672 0.2767
1673 0.2728
1674 0.1721
1675 0.3182
1676 0.2551
1677 0.3140
1678 0.2088
1679 0.3364
1680 0.4475
1681 0.2930
1682 0.3460
1683 0.3509
1684 0.2048
1685 0.4147
1686 0.1429
1687 0.2047
1688 0.3437
1689 0.7051
1690 0.2512
1691 0.1821
1692 0.2531
1693 0.4578
1694 0.3436
1695 0.3618
1696 0.1387
1697 0.2087
1698 0.2690
1699 0.1966
1700 0.3934
1701 0.1873
1702 0.2112
1703 0.2402
1704 0.2752
1705 0.2688
1706 0.2000
1707 0.1955
1708 0.1973
1709 0.1729
1710 0.2119
1711 0.3142
1712 0.2768
1713 0.2648
1714 0.5941
1715 0.2611
1716 0.2235
1717 0.3060
1718 0.1984
1719 0.1763
1720 0.3225
1721 0.1449
1722 0.1547
1723 0.2700
1724 0.2950
1725 0.2133
1726 0.2694
1727 0.2434
1728 0.1494
1729 0.2812
1730 0.2462
1731 0.2721
1732 0.2641
1733 0.2912
1734 0.4609
1735 0.2792
1736 0.2351
1737 0.1894
1738 0.1747
1739 0.2399
1740 0.2233
1741 0.3541
1742 0.3835
1743 0.1521
1744 0.2166
1745 0.2443
1746 0.2477
1747 0.3911
1748 0.3537
1749 0.5177
1750 0.2443
1751 0.3818
1752 0.1522
1753 0.2435
1754 0.2297
1755 0.1548
1756 0.2561
1757 0.4096
1758 0.3112
1759 0.1872
1760 0.8267
1761 0.1603
1762 0.3780
1763 0.2278
1764 0.3615
1765 0.1905
1766 0.8369
1767 0.3248
1768 0.2176
1769 0.2905
1770 0.2513
1771 0.2532
1772 0.2038
1773 0.3684
1774 0.1740
1775 0.1396
1776 0.1658
1777 0.3790
1778 0.2374
1779 0.2720
1780 0.1967
1781 0.3050
1782 0.3366
1783 0.2910
1784 0.2363
1785 0.2649
1786 0.2617
1787 0.1867
1788 0.1855
1789 0.1100
1790 0.1898
1791 0.1995
1792 0.3165
1793 0.2064
1794 0.2928
1795 0.1459
1796 0.2192
1797 0.2567
1798 0.1764
1799 0.3297
1800 0.2574
1801 0.3220
1802 0.2471
1803 0.2732
1804 0.4131
1805 0.2155
1806 0.1578
1807 0.1207
1808 0.2915
1809 0.2445
1810 0.2038
1811 0.3205
1812 0.1960
1813 0.2391
1814 0.3307
1815 0.1943
1816 0.2152
1817 0.3081
1818 0.1653
1819 0.1734
1820 0.3515
1821 0.1565
1822 0.6591
1823 0.3514
1824 0.1082
1825 0.3388
1826 0.2263
1827 0.5835
1828 0.2690
1829 0.3418
1830 0.3104
1831 0.1847
1832 0.1118
1833 0.2257
1834 0.2144
1835 0.2869
1836 0.2273
1837 0.2281
1838 0.4441
1839 0.5842
1840 0.1750
1841 0.1808
1842 0.2359
1843 0.1938
1844 0.1913
1845 0.1798
1846 0.2562
1847 1.0705
1848 0.4190
1849 0.2171
1850 0.2694
1851 0.2810
1852 0.0660
1853 0.2056
1854 0.1665
1855 0.1625
1856 0.1364
1857 0.2999
1858 0.2460
1859 0.3087
1860 0.1624
1861 0.2033
1862 0.2526
1863 0.5024
1864 0.2297
1865 0.2645
1866 0.1913
1867 0.1908
1868 0.2771
1869 0.2033
1870 0.2209
1871 0.2653
1872 0.1495
1873 0.1751
1874 0.5311
1875 0.1884
1876 0.1958
1877 0.1395
1878 0.1367
1879 0.3187
1880 0.2027
1881 0.1229
1882 0.2339
1883 0.1590
1884 0.2948
1885 0.4123
1886 0.2558
1887 0.3173
1888 0.3522
1889 0.2734
1890 0.4354
1891 0.1491
1892 0.2547
1893 0.2798
1894 0.3038
1895 0.9405
1896 0.2214
1897 0.2203
1898 0.2974
1899 0.2669
1900 0.2945
1901 0.1803
1902 0.2251
1903 0.3259
1904 0.2615
1905 0.2321
1906 0.4965
1907 0.2261
1908 0.4099
1909 0.1486
1910 0.4398
1911 0.3717
1912 0.1380
1913 0.3015
1914 0.2668
1915 0.2655
1916 0.2697
1917 0.2955
1918 0.1168
1919 0.3212
1920 0.3668
1921 0.1844
1922 0.2253
1923 0.1096
1924 0.2885
1925 0.1316
1926 0.2317
1927 0.1509
1928 0.1678
1929 0.3980
1930 0.3492
1931 0.3680
1932 0.3001
1933 0.4416
1934 0.2774
1935 0.3731
1936 0.3064
1937 0.2952
1938 0.2984
1939 0.2599
1940 0.3664
1941 0.2144
1942 0.2021
1943 0.1552
1944 0.2595
1945 0.5405
1946 0.1127
1947 0.1436
1948 0.2863
1949 0.0900
1950 0.5866
1951 0.1619
1952 0.2427
1953 0.1840
1954 0.0998
1955 0.2379
1956 0.3233
1957 0.3189
1958 0.3253
1959 0.1601
1960 0.3099
1961 0.1114
1962 0.3299
1963 0.2176
1964 0.1742
1965 0.1736
1966 0.2567
1967 0.1811
1968 0.1404
1969 0.3198
1970 0.2274
1971 0.4799
1972 0.2661
1973 0.1513
1974 0.1771
1975 0.1762
1976 0.1279
1977 0.2729
1978 0.2646
1979 0.2801
1980 0.2336
1981 0.2254
1982 0.1692
1983 0.4039
1984 0.5255
1985 0.2257
1986 0.2514
1987 0.2754
1988 0.2141
1989 0.3045
1990 0.2541
1991 0.1964
1992 0.1824
1993 0.1551
1994 0.1695
1995 0.1330
1996 0.1771
1997 0.1399
1998 0.2641
1999 0.2231
2000 0.1957
2001 0.2313
2002 0.3908
2003 0.3828
2004 0.4213
2005 0.2793
2006 0.1819
2007 0.4599
2008 0.4021
2009 0.2857
2010 0.2845
2011 0.1931
2012 0.1482
2013 0.4118
2014 0.3841
2015 0.1612
2016 0.2571
2017 0.2144
2018 0.5192
2019 0.2993
2020 0.2349
2021 0.2415
2022 0.1272
2023 0.2577
2024 0.1464
2025 0.3127
2026 0.2063
2027 0.3398
2028 0.1566
2029 0.2452
2030 0.5610
2031 0.1774
2032 0.1648
2033 0.1934
2034 0.2329
2035 0.2374
2036 0.2634
2037 0.2112
2038 0.1581
2039 0.3511
2040 0.3054
2041 0.1977
2042 0.3857
2043 0.1913
2044 0.3719
2045 0.1762
2046 0.3221
2047 0.1574
2048 0.1457
2049 0.1762
2050 0.2219
2051 0.1410
2052 0.1763
2053 0.1649
2054 0.2888
2055 0.2387
2056 0.1584
2057 0.1491
2058 0.1698
2059 0.2361
2060 0.1605
2061 0.3576
2062 0.2641
2063 0.3626
2064 0.2618
2065 0.2498
2066 0.1496
2067 0.1218
2068 0.2204
2069 0.2262
2070 0.1957
2071 0.1331
2072 0.1994
2073 0.1571
2074 0.3305
2075 0.2039
2076 0.6609
2077 0.1332
2078 0.2847
2079 0.1723
2080 0.5375
2081 0.4048
2082 0.2450
2083 0.1243
2084 0.2014
2085 0.3266
2086 0.2892
2087 0.3866
2088 0.3009
2089 0.3172
2090 0.9919
2091 0.2251
2092 0.1449
2093 0.2830
2094 0.1608
2095 0.1189
2096 0.3784
2097 0.4363
2098 0.2625
2099 0.3367
2100 0.1645
2101 0.1619
2102 0.1947
2103 0.2176
2104 0.5332
2105 0.1887
2106 0.5019
2107 0.1859
2108 0.2589
2109 0.3466
2110 0.2505
2111 0.1021
2112 0.2366
2113 0.3514
2114 0.1806
2115 0.2527
2116 0.2541
2117 0.2280
2118 0.2051
2119 0.1161
2120 0.2690
2121 0.1390
2122 0.2681
2123 0.5296
2124 0.2500
2125 0.3779
2126 0.2412
2127 0.2038
2128 0.3167
2129 0.1479
2130 0.3119
2131 0.1129
2132 0.3309
2133 0.1158
2134 0.1498
2135 0.2393
2136 0.2872
2137 0.1913
2138 0.2143
2139 0.1903
2140 0.2110
2141 0.1153
2142 0.2039
2143 0.2383
2144 0.2294
2145 0.4665
2146 0.2118
2147 0.1852
2148 0.1606
2149 0.1394
2150 0.3494
2151 0.2290
2152 0.3735
2153 0.2451
2154 0.1187
2155 0.4179
2156 0.1709
2157 0.2394
2158 0.3822
2159 0.2401
2160 0.1524
2161 0.2938
2162 0.2601
2163 0.3067
2164 0.1453
2165 0.1868
2166 0.1595
2167 0.1630
2168 0.1910
2169 0.1788
2170 0.2708
2171 0.1800
2172 0.1656
2173 0.5013
2174 0.1550
2175 0.2221
2176 0.2148
2177 0.2633
2178 0.1672
2179 0.2462
2180 0.3378
2181 0.3419
2182 0.3039
2183 0.2517
2184 0.2119
2185 0.1565
2186 0.2620
2187 0.1821
2188 0.2906
2189 0.2168
2190 0.1419
2191 0.2784
2192 1.0473
2193 0.1501
2194 0.1875
2195 0.3164
2196 0.1755
2197 0.1582
2198 0.2582
2199 0.2864
2200 0.7940
2201 0.3485
2202 0.2543
2203 0.3449
2204 0.2149
2205 0.2562
2206 0.1802
2207 0.1808
2208 0.3056
2209 0.1513
2210 0.2308
2211 0.2085
2212 0.3101
2213 0.3767
2214 0.2589
2215 0.1911
2216 0.1948
2217 0.2427
2218 0.2939
2219 0.4104
2220 0.2299
2221 0.1765
2222 0.2967
2223 0.3815
2224 0.2978
2225 0.5055
2226 0.2476
2227 0.3042
2228 0.2660
2229 0.1737
2230 0.2820
2231 0.3425
2232 0.1065
2233 0.1846
2234 0.2415
2235 0.1509
2236 0.1470
2237 0.1560
2238 0.3283
2239 0.1962
2240 0.1230
2241 0.2736
2242 0.0969
2243 0.2342
2244 0.3339
2245 0.1945
2246 0.1729
2247 0.3202
2248 0.2583
2249 0.2797
2250 0.2159
2251 0.1869
2252 0.2652
2253 0.2514
2254 0.2633
2255 0.2503
2256 0.2078
2257 0.1983
2258 0.2451
2259 0.5683
2260 0.3063
2261 0.3034
2262 0.2319
2263 0.3170
2264 0.3037
2265 0.0677
2266 0.2318
2267 0.2476
2268 0.0663
2269 0.1731
2270 0.2849
2271 0.3635
2272 0.1520
2273 0.3034
2274 0.4633
2275 0.3548
2276 0.3096
2277 0.2031
2278 0.2445
2279 0.1119
2280 0.2970
2281 0.2247
2282 0.2223
2283 0.6060
2284 0.3744
2285 0.2481
2286 0.2796
2287 0.1266
2288 0.2671
2289 1.1223
2290 0.1945
2291 0.0923
2292 0.1996
2293 0.1754
2294 0.1929
2295 0.1368
2296 0.3383
2297 0.2326
2298 0.6840
2299 0.2242
2300 0.2640
2301 0.2202
2302 0.3252
2303 0.1930
2304 0.1864
2305 0.2091
2306 0.2239
2307 0.2579
2308 0.3692
2309 0.2096
2310 0.1469
2311 0.1093
2312 0.3205
2313 0.2488
2314 0.2163
2315 0.0861
2316 0.3015
2317 0.2051
2318 0.2855
2319 0.2621
2320 0.3198
2321 0.2946
2322 0.2544
2323 1.0736
2324 0.2130
2325 0.2706
2326 0.1910
2327 0.2551
2328 0.4233
2329 0.2697
2330 0.5031
2331 0.2625
2332 0.2224
2333 0.1578
2334 0.2096
2335 0.1568
2336 0.2586
2337 0.2262
2338 0.2677
2339 0.1723
2340 0.2337
2341 0.4226
2342 0.5789
2343 0.2709
2344 0.1892
2345 0.2756
2346 0.3052
2347 0.4339
2348 0.1747
2349 0.0626
2350 0.5787
2351 0.4008
2352 0.1970
2353 0.2281
2354 0.1730
2355 0.1736
2356 0.1638
2357 0.2203
2358 0.1677
2359 0.1360
2360 0.0768
2361 0.1351
2362 0.2864
2363 0.4397
2364 0.4566
2365 0.3000
2366 0.3399
2367 0.2023
2368 0.1964
2369 0.4007
2370 0.0646
2371 0.2224
2372 0.3381
2373 0.2519
2374 0.2114
2375 0.3879
2376 0.1834
2377 0.1659
2378 0.3336
2379 0.3185
2380 0.1830
2381 0.1770
2382 0.1910
2383 0.2412
2384 0.3678
2385 0.2843
2386 0.2065
2387 0.1962
2388 0.1402
2389 0.2039
2390 0.2091
2391 0.1549
2392 0.1281
2393 0.2347
2394 0.2129
2395 0.2171
2396 0.4406
2397 0.2571
2398 0.1093
2399 0.2965
2400 0.1463
2401 0.2615
2402 0.1801
2403 1.0854
2404 0.4437
2405 0.5856
2406 0.1754
2407 0.2095
2408 0.1688
2409 0.1793
2410 0.3089
2411 0.3125
2412 0.1582
2413 0.1457
2414 0.2086
2415 0.1103
2416 0.2636
2417 0.1784
2418 0.2321
2419 0.2539
2420 0.1742
2421 0.3364
2422 0.1563
2423 0.5903
2424 0.1593
2425 0.2182
2426 0.3006
2427 0.3207
2428 0.1714
2429 0.2455
2430 0.1746
2431 0.1583
2432 0.1918
2433 0.3265
2434 0.5064
2435 0.2282
2436 0.2292
2437 0.1547
2438 0.4839
2439 0.3083
2440 0.1465
2441 0.2011
2442 0.0879
2443 0.3853
2444 0.1492
2445 0.0764
2446 0.2672
2447 0.2160
2448 0.2143
2449 0.2233
2450 0.1511
2451 0.2331
2452 0.2863
2453 0.2417
2454 0.2361
2455 0.2085
2456 0.2160
2457 0.2388
2458 0.1637
2459 0.2154
2460 0.3093
2461 0.2204
2462 0.1886
2463 0.2209
2464 0.4054
2465 0.1443
2466 0.1160
2467 0.2818
2468 0.1941
2469 0.2220
2470 0.2993
2471 0.0836
2472 0.1706
2473 0.1626
2474 0.4853
2475 0.1632
2476 0.2341
2477 0.2401
2478 0.2420
2479 0.4261
2480 0.3323
2481 0.1945
2482 0.3084
2483 0.1968
2484 0.2644
2485 0.2033
2486 0.0963
2487 0.4200
2488 0.2027
2489 0.1667
2490 0.2148
2491 0.3545
2492 0.1578
2493 0.1533
2494 0.2333
2495 0.3835
2496 0.3068
2497 0.1864
2498 0.3253
2499 0.9807
2500 0.1952
2501 0.1053
2502 0.1992
2503 0.2668
2504 0.4234
2505 0.3176
2506 0.4165
2507 0.1557
2508 0.1301
2509 0.2144
2510 0.4464
2511 0.1821
2512 0.3637
2513 0.2809
2514 0.1926
2515 0.2905
2516 0.2696
2517 0.1514
2518 0.1978
2519 0.6378
2520 0.0907
2521 0.2391
2522 0.2771
2523 0.2358
2524 0.2126
2525 0.1061
2526 0.1772
2527 0.1783
2528 0.2568
2529 0.1191
2530 0.2147
2531 0.3783
2532 0.2351
2533 0.1676
2534 0.2148
2535 0.1149
2536 0.1976
2537 0.2071
2538 0.2155
2539 0.6386
2540 0.1231
2541 0.1567
2542 0.4117
2543 0.3056
2544 0.1363
2545 0.2892
2546 0.0904
2547 0.2777
2548 0.4144
2549 0.1497
2550 0.2720
2551 0.2665
2552 0.3311
2553 0.2400
2554 0.1343
2555 0.1326
2556 0.2180
2557 0.3259
2558 0.1573
2559 0.3700
2560 0.3119
2561 0.2722
2562 0.2234
2563 0.5351
2564 0.2940
2565 0.2883
2566 0.1027
2567 0.1326
2568 0.2218
2569 0.4841
2570 0.1411
2571 0.1617
2572 0.2646
2573 0.1320
2574 0.2257
2575 0.1807
2576 0.1043
2577 0.1614
2578 0.2177
2579 0.4110
2580 0.2060
2581 1.0448
2582 0.2887
2583 0.4048
2584 0.2287
2585 0.2411
2586 0.2591
2587 0.2742
2588 0.1719
2589 0.2419
2590 0.1339
2591 0.2429
2592 0.2608
2593 0.1603
2594 0.1851
2595 0.1610
2596 0.2639
2597 0.2383
2598 0.1791
2599 0.1699
2600 0.3112
2601 0.3317
2602 0.1850
2603 0.3780
2604 0.1336
2605 0.4197
2606 0.2949
2607 0.2337
2608 0.2128
2609 0.0718
2610 0.2188
2611 0.1720
2612 0.2290
2613 0.2192
2614 0.1761
2615 0.0871
2616 0.1114
2617 0.2929
2618 0.4632
2619 0.3205
2620 0.1852
2621 0.3162
2622 0.3221
2623 0.1635
2624 0.1618
2625 0.2134
2626 0.1509
2627 0.3015
2628 0.1492
2629 0.1402
2630 0.1507
2631 0.2413
2632 0.2628
2633 0.2611
2634 0.4005
2635 0.2800
2636 0.4618
2637 0.1390
2638 0.1504
2639 0.1048
2640 0.2718
2641 0.2025
2642 0.1419
2643 0.3395
2644 0.1426
2645 0.4256
2646 0.1501
2647 0.3748
2648 0.1322
2649 0.1971
2650 0.3370
2651 0.2383
2652 0.1494
2653 0.2555
2654 0.1158
2655 0.1199
2656 0.8657
2657 0.1516
2658 0.1760
2659 0.2531
2660 0.3699
2661 0.3022
2662 0.1836
2663 0.1926
2664 0.1102
2665 0.1346
2666 0.2123
2667 0.1377
2668 0.2319
2669 0.3848
2670 0.4710
2671 0.3210
2672 0.1427
2673 0.2217
2674 0.1818
2675 0.3212
2676 0.2046
2677 0.1855
2678 0.2560
2679 0.1179
2680 0.1781
2681 0.1905
2682 0.2301
2683 0.2590
2684 0.2628
2685 0.1373
2686 0.2059
2687 0.2995
2688 0.2843
2689 0.3074
2690 0.1807
2691 0.1928
2692 0.1636
2693 0.2246
2694 0.1297
2695 0.2385
2696 0.2136
2697 0.2253
2698 0.2672
2699 0.2076
2700 0.1591
2701 0.1953
2702 0.1813
2703 0.2711
2704 0.2874
2705 0.2216
2706 0.2414
2707 0.2664
2708 0.2361
2709 0.3738
2710 0.3175
2711 0.2406
2712 0.1314
2713 0.1631
2714 0.1891
2715 0.1711
2716 0.1825
2717 0.2557
2718 0.3369
2719 0.2923
2720 0.6135
2721 0.2874
2722 0.9325
2723 0.1001
2724 0.1207
2725 0.2187
2726 0.1117
2727 0.2887
2728 0.2276
2729 0.1204
2730 0.2668
2731 0.1898
2732 0.3924
2733 0.2549
2734 0.2451
2735 0.2045
2736 0.1953
2737 0.1454
2738 0.1981
2739 0.2366
2740 0.1111
2741 0.3078
2742 0.2944
2743 0.2571
2744 0.1850
2745 0.3141
2746 0.3853
2747 0.1603
2748 0.3133
2749 0.1302
2750 0.1290
2751 0.2494
2752 0.3922
2753 0.1821
2754 0.1633
2755 0.2407
2756 0.1743
2757 0.1479
2758 0.1923
2759 0.4540
2760 0.2518
2761 0.3152
2762 0.1575
2763 0.2041
2764 0.1513
2765 0.5595
2766 0.2185
2767 0.2088
2768 0.2757
2769 0.1810
2770 0.2014
2771 0.3997
2772 0.7094
2773 0.0838
2774 0.3453
2775 0.3136
2776 0.2359
2777 0.3514
2778 0.2953
2779 0.2254
2780 0.2443
2781 0.1285
2782 0.2042
2783 0.2811
2784 0.0989
2785 0.1180
2786 0.1173
2787 0.1804
2788 0.1097
2789 0.1979
2790 0.1883
2791 0.1305
2792 0.1556
2793 0.1154
2794 0.1824
2795 0.1337
2796 0.2533
2797 0.2168
2798 0.2688
2799 0.1793
2800 0.1481
2801 0.1969
2802 0.2870
2803 0.3709
2804 0.2590
2805 0.2347
2806 0.3004
2807 0.1990
2808 0.1626
2809 0.2257
2810 0.2991
2811 0.0832
2812 0.2367
2813 0.1360
2814 0.1938
2815 0.1710
2816 0.2591
2817 0.1723
2818 0.2757
2819 0.2211
2820 0.1473
2821 0.4031
2822 0.2517
2823 0.1859
2824 0.1828
2825 0.3611
2826 0.2789
2827 0.0916
2828 0.2586
2829 0.1857
2830 0.2788
2831 0.2678
2832 0.1965
2833 0.1933
2834 0.4964
2835 0.1977
2836 0.1206
2837 0.2211
2838 0.2486
2839 0.2426
2840 0.1865
2841 0.1728
2842 0.2008
2843 0.1812
2844 0.1503
2845 0.2874
2846 0.2369
2847 0.3039
2848 0.2345
2849 0.1749
2850 0.0891
2851 0.2524
2852 0.2400
2853 0.1469
2854 0.2327
2855 0.1957
2856 0.2564
2857 0.1985
2858 0.1476
2859 0.1583
2860 0.2118
2861 0.2213
2862 0.3776
2863 0.1129
2864 0.1974
2865 0.1937
2866 0.1480
2867 0.8131
2868 0.1534
2869 0.2255
2870 0.1113
2871 0.2087
2872 0.1876
2873 0.2638
2874 0.2845
2875 0.1813
2876 0.3302
2877 0.2051
2878 0.1471
2879 0.1239
2880 0.3462
2881 0.2180
2882 0.2087
2883 0.1460
2884 0.2585
2885 0.1789
2886 0.1625
2887 0.4004
2888 0.1989
2889 0.2644
2890 0.2143
2891 0.1808
2892 0.1782
2893 0.2322
2894 0.2039
2895 0.2262
2896 0.1617
2897 0.2082
2898 0.3098
2899 0.1452
2900 0.1380
2901 0.1841
2902 0.3709
2903 0.2164
2904 0.4792
2905 0.1951
2906 0.4085
2907 0.2568
2908 0.1297
2909 0.2671
2910 0.0754
2911 0.1006
2912 0.1338
2913 0.2087
2914 0.3541
2915 0.1640
2916 0.4169
2917 0.2827
2918 0.1754
2919 0.3388
2920 0.1599
2921 0.1663
2922 0.2529
2923 0.2738
2924 0.2077
2925 0.2124
2926 0.1802
2927 0.2078
2928 0.1775
2929 0.2586
2930 0.2878
2931 0.2744
2932 0.1201
2933 0.2510
2934 0.2732
2935 0.2873
2936 0.1396
2937 0.1444
2938 0.1574
2939 0.2003
2940 0.1235
2941 0.3805
2942 0.2902
2943 0.2936
2944 0.1501
2945 0.1502
2946 0.1290
2947 0.5033
2948 0.2324
2949 0.2496
2950 0.1177
2951 0.6053
2952 0.3397
2953 0.1291
2954 0.1650
2955 0.2333
2956 0.2655
2957 0.1031
2958 0.2123
2959 0.3228
2960 0.2320
2961 0.1710
2962 0.2204
2963 0.3339
2964 0.2366
2965 0.1554
2966 0.3908
2967 0.3542
2968 0.2184
2969 0.3034
2970 0.2610
2971 0.1414
2972 0.2029
2973 0.4451
2974 0.1622
2975 0.3516
2976 0.2616
2977 0.1787
2978 0.1327
2979 0.4864
2980 0.2496
2981 0.1521
2982 0.1939
2983 0.1570
2984 0.1659
2985 0.2548
2986 0.2285
2987 0.1999
2988 0.1786
2989 0.2289
2990 0.1573
2991 0.2184
2992 0.3963
2993 0.2267
2994 0.1993
2995 0.2600
2996 0.1179
2997 0.2084
2998 0.2664
2999 0.2322
3000 0.5546
3001 0.1524
3002 0.2802
3003 0.2744
3004 0.8255
3005 0.1592
3006 0.3350
3007 0.2457
3008 0.2708
3009 0.3351
3010 0.2453
3011 0.1863
3012 0.4179
3013 0.3026
3014 0.2355
3015 0.2066
3016 0.2114
3017 0.3641
3018 0.0833
3019 0.2306
3020 0.2906
3021 0.1969
3022 0.2136
3023 0.5955
3024 0.1525
3025 0.2270
3026 0.1428
3027 0.6303
3028 0.2543
3029 0.2238
3030 0.4730
3031 0.0869
3032 0.1602
3033 0.2838
3034 0.1590
3035 0.0674
3036 0.1470
3037 0.1347
3038 0.2037
3039 0.1523
3040 0.2344
3041 0.1350
3042 0.1442
3043 0.3656
3044 0.2122
3045 0.1348
3046 0.2339
3047 0.1302
3048 0.1798
3049 0.1382
3050 0.1549
3051 0.1776
3052 0.1172
3053 0.1290
3054 0.3087
3055 0.1654
3056 0.1153
3057 0.1179
3058 0.4474
3059 0.2925
3060 0.1806
3061 0.1402
3062 0.3348
3063 0.3828
3064 0.1356
3065 0.1900
3066 0.1670
3067 0.3828
3068 0.2058
3069 0.2226
3070 0.0673
3071 0.4597
3072 0.2112
3073 0.2348
3074 0.2032
3075 0.5135
3076 0.5731
3077 0.3049
3078 0.1239
3079 0.2689
3080 0.1999
3081 0.3000
3082 0.1809
3083 0.3532
3084 0.3172
3085 0.2423
3086 0.1563
3087 0.1854
3088 0.3125
3089 0.2376
3090 0.2168
3091 0.3892
3092 0.2619
3093 0.8511
3094 0.2017
3095 0.1776
3096 0.2761
3097 0.2278
3098 0.1791
3099 0.1682
3100 0.4850
3101 0.4336
3102 0.1944
3103 0.4238
3104 0.1879
3105 0.1470
3106 0.1899
3107 0.1445
3108 0.2791
3109 0.2259
3110 0.1560
3111 0.1399
3112 0.3957
3113 0.1353
3114 0.2344
3115 0.1980
3116 0.4319
3117 0.4671
3118 0.1887
3119 0.1720
3120 0.1654
3121 0.1488
3122 0.2524
3123 0.2071
3124 0.1040
3125 0.1577
3126 0.4636
3127 0.3548
3128 0.2057
3129 0.1404
3130 0.3101
3131 0.1520
3132 0.3825
3133 0.3466
3134 0.7487
3135 0.2387
3136 0.2346
3137 0.1285
3138 0.1231
3139 0.2052
3140 0.4019
3141 0.2185
3142 0.2220
3143 0.2231
3144 0.1557
3145 0.1613
3146 0.2948
3147 0.1354
3148 0.1505
3149 0.2731
3150 0.2014
3151 0.5503
3152 0.2334
3153 0.1812
3154 0.2112
3155 0.2192
3156 0.2176
3157 0.1808
3158 0.1589
3159 0.2125
3160 0.1431
3161 0.2508
3162 0.1851
3163 0.1201
3164 0.1907
3165 0.1970
3166 0.1223
3167 0.1747
3168 0.1019
3169 0.3401
3170 0.1135
3171 0.2226
3172 0.2082
3173 0.1307
3174 0.2012
3175 0.2164
3176 0.3073
3177 0.1128
3178 0.1804
3179 0.3873
3180 0.1945
3181 0.3542
3182 0.4163
3183 0.2384
3184 0.1715
3185 0.1704
3186 0.2368
3187 0.2005
3188 0.2289
3189 0.2008
3190 0.2389
3191 0.1909
3192 0.2860
3193 0.2996
3194 0.0823
3195 0.2492
3196 0.1828
3197 0.1404
3198 0.1585
3199 0.3746
3200 0.1795
3201 0.2294
3202 0.2301
3203 0.1337
3204 0.1913
3205 0.2385
3206 0.1883
3207 0.2489
3208 0.1806
3209 0.2578
3210 0.2632
3211 0.1690
3212 0.2370
3213 0.2811
3214 0.1547
3215 0.0737
3216 0.1958
3217 0.0919
3218 0.3827
3219 0.3081
3220 0.1646
3221 0.2573
3222 0.4652
3223 0.2535
3224 0.1880
3225 0.1456
3226 0.1662
3227 0.1888
3228 0.2665
3229 0.2702
3230 0.1400
3231 0.2707
3232 0.1368
3233 0.1771
3234 0.4511
3235 0.2389
3236 0.3922
3237 0.3223
3238 0.1855
3239 0.1910
3240 0.0789
3241 0.1644
3242 0.1989
3243 0.1728
3244 0.2534
3245 0.1163
3246 0.1126
3247 0.2136
3248 0.3919
3249 0.3443
3250 0.4100
3251 0.0768
3252 0.1046
3253 0.2540
3254 0.1248
3255 0.2561
3256 0.1778
3257 0.2584
3258 0.3388
3259 0.1516
3260 0.1569
3261 0.1517
3262 0.1334
3263 0.1702
3264 0.2496
3265 0.1784
3266 0.1629
3267 0.1513
3268 0.3849
3269 0.7917
3270 0.2399
3271 0.3078
3272 0.1771
3273 0.2640
3274 0.1519
3275 0.2458
3276 0.2663
3277 0.3659
3278 0.2181
3279 0.2134
3280 0.1603
3281 0.2775
3282 0.4740
3283 0.3605
3284 0.1674
3285 0.0744
3286 0.2923
3287 0.1720
3288 0.1695
3289 0.1812
3290 0.2638
3291 0.2230
3292 0.1773
3293 0.2427
3294 0.7287
3295 0.1835
3296 0.1581
3297 0.2138
3298 0.1972
3299 0.3499
3300 0.1739
3301 0.5146
3302 0.1861
3303 0.1426
3304 0.1781
3305 0.1154
3306 0.2715
3307 0.4057
3308 0.1538
3309 0.1455
3310 0.2936
3311 0.2679
3312 0.2244
3313 0.0852
3314 0.2057
3315 0.1960
3316 0.3150
3317 0.1964
3318 0.1650
3319 0.1255
3320 0.1674
3321 0.1992
3322 0.2442
3323 0.2057
3324 0.2289
3325 0.2146
3326 0.1854
3327 0.1022
3328 0.1713
3329 0.2820
3330 0.2212
3331 0.1322
3332 0.3469
3333 0.2619
3334 0.2574
3335 0.1953
3336 0.2892
3337 0.1356
3338 0.1447
3339 0.3790
3340 0.2727
3341 0.2044
3342 0.3506
3343 0.1357
3344 0.1661
3345 0.2964
3346 0.2351
3347 0.2288
3348 0.1874
3349 0.2762
3350 0.1520
3351 0.2926
3352 0.1255
3353 0.1100
3354 0.4273
3355 0.1832
3356 0.4088
3357 0.2128
3358 0.1919
3359 0.1325
3360 0.1961
3361 0.1498
3362 0.2394
3363 0.2841
3364 0.4729
3365 0.0941
3366 0.1277
3367 0.2907
3368 0.3763
3369 0.2012
3370 0.1731
3371 0.2755
3372 0.2262
3373 0.1584
3374 0.3783
3375 0.1409
3376 0.2993
3377 0.1602
3378 0.4003
3379 0.2220
3380 0.2656
3381 0.2284
3382 0.1913
3383 0.3235
3384 0.2229
3385 0.1216
3386 0.2590
3387 0.1532
3388 0.1324
3389 0.1218
3390 0.3721
3391 0.7736
3392 0.1993
3393 0.1525
3394 0.3594
3395 0.1417
3396 0.3001
3397 0.2537
3398 0.2275
3399 0.3714
3400 0.2029
3401 0.4235
3402 0.1349
3403 0.2080
3404 0.2144
3405 0.2067
3406 0.2340
3407 0.1858
3408 0.1240
3409 0.4161
3410 0.2059
3411 0.2139
3412 0.3256
3413 0.4285
3414 0.1198
3415 0.4826
3416 0.3467
3417 0.3533
3418 0.2377
3419 0.2891
3420 0.7150
3421 0.1759
3422 0.2240
3423 0.1214
3424 0.4298
3425 0.2224
3426 0.1729
3427 0.1943
3428 0.2311
3429 0.3498
3430 0.2291
3431 0.1389
3432 0.1070
3433 0.2264
3434 0.1684
3435 0.1887
3436 0.1571
3437 0.4548
3438 0.1618
3439 0.1226
3440 0.2518
3441 0.1043
3442 0.3790
3443 0.2203
3444 0.2422
3445 0.2066
3446 0.1542
3447 0.1415
3448 0.1113
3449 0.1137
3450 0.5984
3451 0.1786
3452 0.1349
3453 0.2413
3454 0.5052
3455 0.1969
3456 0.3160
3457 0.1928
3458 0.2055
3459 0.1650
3460 0.1097
3461 0.2248
3462 0.2428
3463 0.0741
3464 0.3635
3465 0.2287
3466 0.2977
3467 0.2888
3468 0.2961
3469 0.3994
3470 0.1902
3471 0.1791
3472 0.2022
3473 0.2148
3474 0.2301
3475 0.1973
3476 0.3059
3477 0.2223
3478 0.8802
3479 0.3061
3480 0.1106
3481 0.1439
3482 0.2522
3483 0.2126
3484 0.2209
3485 0.0795
3486 0.2786
3487 0.0932
3488 0.2913
3489 0.2161
3490 0.2356
3491 0.1188
3492 0.1818
3493 0.2578
3494 0.2412
3495 0.2882
3496 0.3271
3497 0.2384
3498 0.3474
3499 0.0963
3500 0.1848
3501 0.5485
3502 0.1679
3503 0.2654
3504 0.3369
3505 0.2969
3506 0.1175
3507 0.2144
3508 0.2634
3509 0.1721
3510 0.4208
3511 0.1534
3512 0.1723
3513 0.1076
3514 0.0722
3515 0.2002
3516 0.1450
3517 0.2190
3518 0.2496
3519 0.2431
3520 0.1077
3521 0.2837
3522 0.2930
3523 0.2636
3524 0.2049
3525 0.1501
3526 0.2242
3527 0.3477
3528 0.1752
3529 0.1741
3530 0.3892
3531 0.1745
3532 0.1560
3533 0.1374
3534 0.2802
3535 0.1814
3536 0.3016
3537 0.0784
3538 0.2695
3539 0.4851
3540 0.2324
3541 0.2976
3542 0.4844
3543 0.2093
3544 0.7990
3545 0.2348
3546 0.2625
3547 0.2853
3548 0.1073
3549 0.1842
3550 0.2561
3551 0.1155
3552 0.1189
3553 0.2093
3554 0.4113
3555 0.0846
3556 0.4141
3557 0.2620
3558 0.0708
3559 0.1200
3560 0.6792
3561 0.1714
3562 0.1141
3563 0.1320
3564 0.1991
3565 0.1683
3566 0.1818
3567 0.2299
3568 0.1609
3569 0.1722
3570 0.2499
3571 0.0955
3572 0.5388
3573 0.2910
3574 0.1347
3575 0.1707
3576 0.3875
3577 0.2314
3578 0.2981
3579 0.1985
3580 0.2278
3581 0.1941
3582 0.3119
3583 0.1700
3584 0.1312
3585 0.2260
3586 0.1808
3587 0.0989
3588 0.9795
3589 0.2228
3590 0.1828
3591 0.1234
3592 0.1784
3593 0.2647
3594 0.2467
3595 0.2298
3596 0.0987
3597 0.1943
3598 0.3095
3599 0.2042
3600 0.2867
3601 0.2363
3602 0.2193
3603 0.2320
3604 0.2527
3605 0.3775
3606 0.2014
3607 0.0962
3608 0.8820
3609 0.2312
3610 0.2198
3611 0.4338
3612 0.4723
3613 0.1493
3614 0.2267
3615 0.1909
3616 0.3991
3617 0.2519
3618 0.1651
3619 0.0832
3620 0.1892
3621 0.1796
3622 0.5488
3623 0.2458
3624 0.1088
3625 0.1572
3626 0.2469
3627 0.3229
3628 0.2458
3629 0.3497
3630 0.1664
3631 0.4607
3632 0.1107
3633 0.1628
3634 0.2810
3635 0.1393
3636 0.1856
3637 0.2387
3638 0.1779
3639 0.4000
3640 0.2003
3641 0.3115
3642 0.1805
3643 0.2876
3644 0.1608
3645 0.1997
3646 0.1272
3647 0.5901
3648 0.1874
3649 0.2288
3650 0.1919
3651 0.1276
3652 0.1180
3653 0.1861
3654 0.1651
3655 0.2994
3656 0.4309
3657 0.3015
3658 0.7799
3659 0.1487
3660 0.1619
3661 0.3360
3662 0.3759
3663 0.4217
3664 0.2251
3665 0.2702
3666 0.2971
3667 0.1984
3668 0.3754
3669 0.0925
3670 0.2063
3671 0.1529
3672 0.3029
3673 0.1509
3674 0.3647
3675 0.2748
3676 0.4682
3677 0.1381
3678 0.4433
3679 0.2492
3680 0.2484
3681 0.2538
3682 0.1537
3683 0.2136
3684 0.0982
3685 0.8727
3686 0.1088
3687 0.1522
3688 0.2383
3689 0.2859
3690 0.2066
3691 0.2090
3692 0.2593
3693 0.1962
3694 0.3277
3695 0.1063
3696 0.3274
3697 0.1447
3698 0.2253
3699 0.8269
3700 0.1203
3701 0.2375
3702 0.3570
3703 0.4009
3704 0.3450
3705 0.2147
3706 0.4195
3707 0.1133
3708 0.2119
3709 0.2415
3710 0.3637
3711 0.1807
3712 0.3185
3713 0.1019
3714 0.2563
3715 0.1527
3716 0.1898
3717 0.1992
3718 0.3749
3719 0.2608
3720 0.1524
3721 0.0985
3722 0.3119
3723 0.4727
3724 0.2824
3725 0.1470
3726 0.2250
3727 0.3861
3728 0.2010
3729 0.2468
3730 0.1835
3731 0.7201
3732 0.1359
3733 0.3585
3734 0.1811
3735 0.4096
3736 0.1526
3737 0.2054
3738 0.2212
3739 0.2069
3740 0.2661
3741 0.2781
3742 0.2261
3743 0.1601
3744 0.1802
3745 0.2590
3746 0.2501
3747 0.1893
3748 0.1360
3749 0.1614
3750 0.0704
3751 0.3267
3752 0.1380
3753 0.2767
3754 0.1573
3755 0.2486
3756 0.9372
3757 0.2865
3758 0.2026
3759 0.2499
3760 0.1796
3761 0.1487
3762 0.3315
3763 0.2971
3764 0.1899
3765 0.1141
3766 0.3611
3767 0.1622
3768 0.2238
3769 0.9461
3770 0.2457
3771 0.1405
3772 0.3246
3773 0.1804
3774 0.2004
3775 0.2876
3776 0.1592
3777 0.1573
3778 0.1637
3779 0.1908
3780 0.2945
3781 0.2657
3782 0.2737
3783 0.1322
3784 0.2207
3785 0.2962
3786 0.2177
3787 0.3821
3788 0.1787
3789 0.1299
3790 0.0857
3791 0.3350
3792 0.1476
3793 0.2270
3794 0.3063
3795 0.2440
3796 0.1201
3797 0.2023
3798 0.2948
3799 0.2643
3800 0.1739
3801 0.3372
3802 0.2622
3803 0.1528
3804 0.1252
3805 0.4260
3806 0.2702
3807 0.1548
3808 0.1295
3809 0.2629
3810 0.2558
3811 0.2549
3812 0.1900
3813 0.1320
3814 0.1357
3815 0.1000
3816 0.2464
3817 0.3510
3818 0.3756
3819 0.1873
3820 0.0892
3821 0.2559
3822 0.2858
3823 0.4652
3824 0.1760
3825 0.1637
3826 0.6509
3827 0.2341
3828 0.1763
3829 0.1863
3830 0.3391
3831 0.1172
3832 0.1040
3833 0.1889
3834 0.1962
3835 0.2184
3836 0.3888
3837 0.3513
3838 0.2277
3839 0.0972
3840 0.2633
3841 0.2916
3842 0.1324
3843 0.2456
3844 0.2247
3845 0.2456
3846 0.2475
3847 0.2097
3848 0.2651
3849 0.4506
3850 0.1996
3851 0.2566
3852 0.3064
3853 0.0747
3854 0.1021
3855 0.1847
3856 0.2342
3857 0.2004
3858 0.1595
3859 0.1641
3860 0.1873
3861 0.1744
3862 0.2186
3863 0.1139
3864 0.1422
3865 0.1847
3866 0.2119
3867 0.1818
3868 0.1156
3869 0.1934
3870 0.1357
3871 0.2410
3872 0.1628
3873 0.4440
3874 0.2771
3875 0.2473
3876 0.1908
3877 0.1278
3878 0.3175
3879 0.1201
3880 0.1290
3881 0.2341
3882 0.1847
3883 0.1598
3884 0.1720
3885 0.2400
3886 0.1548
3887 0.2100
3888 0.2968
3889 0.4701
3890 0.3085
3891 0.1512
3892 0.2312
3893 0.2511
3894 0.1737
3895 0.1147
3896 0.5992
3897 0.2819
3898 0.2034
3899 0.2846
3900 0.1024
3901 0.1709
3902 0.1395
3903 0.2099
3904 0.1539
3905 0.2564
3906 0.1772
3907 0.1331
3908 0.1388
3909 0.2232
3910 0.1462
3911 0.2098
3912 0.1114
3913 0.3347
3914 0.0788
3915 0.2211
3916 0.3398
3917 0.1848
3918 0.4074
3919 0.1984
3920 0.5582
3921 0.3193
3922 0.1572
3923 0.1938
3924 0.1064
3925 0.2133
3926 0.2220
3927 0.2901
3928 0.1899
3929 0.3380
3930 0.1425
3931 0.1216
3932 0.1744
3933 0.1775
3934 0.1530
3935 0.1879
3936 0.1795
3937 0.1711
3938 0.2667
3939 0.3394
3940 0.1093
3941 0.1995
3942 0.3111
3943 0.1934
3944 0.2104
3945 0.2585
3946 0.3846
3947 0.3253
3948 0.2581
3949 0.3721
3950 0.1162
3951 0.2514
3952 0.1799
3953 0.2534
3954 0.1701
3955 0.0671
3956 0.3318
3957 0.3191
3958 0.1180
3959 0.2977
3960 0.2168
3961 0.2006
3962 0.4097
3963 0.2786
3964 0.1130
3965 0.1372
3966 0.1444
3967 0.0785
3968 0.6212
3969 0.4758
3970 0.1854
3971 0.0972
3972 0.1490
3973 0.3459
3974 0.0651
3975 0.1937
3976 0.2438
3977 0.3012
3978 0.1908
3979 0.2860
3980 0.1467
3981 0.1997
3982 0.1935
3983 0.2736
3984 0.2508
3985 0.0939
3986 0.8208
3987 0.1847
3988 0.2482
3989 0.1833
3990 0.1785
3991 0.1550
3992 0.4122
3993 0.1805
3994 0.2215
3995 0.2298
3996 0.2643
3997 0.1184
3998 0.1267
3999 0.2654
4000 0.1963
4001 0.3979
4002 0.1156
4003 0.1050
4004 0.1548
4005 0.2673
4006 0.2277
4007 0.4868
4008 0.0829
4009 0.1724
4010 0.3498
4011 0.3601
4012 0.3141
4013 0.1757
4014 0.3087
4015 0.1654
4016 0.1506
4017 0.2190
4018 0.5101
4019 0.1263
4020 0.1309
4021 0.1987
4022 0.1536
4023 0.1454
4024 0.1535
4025 0.3097
4026 0.0873
4027 0.2893
4028 0.1235
4029 0.3556
4030 0.2956
4031 0.2024
4032 0.1515
4033 0.1719
4034 0.2505
4035 0.3127
4036 0.1134
4037 0.2164
4038 0.4376
4039 0.1680
4040 0.1340
4041 0.4462
4042 0.1237
4043 0.1397
4044 0.1865
4045 0.2753
4046 0.2033
4047 0.2347
4048 0.4188
4049 0.3971
4050 0.3624
4051 0.3508
4052 0.1291
4053 0.2762
4054 0.1797
4055 0.0591
4056 0.1158
4057 0.1032
4058 0.2527
4059 0.1298
4060 0.1848
4061 0.1192
4062 0.2060
4063 0.2248
4064 0.1206
4065 0.2216
4066 0.1365
4067 0.0982
4068 0.1760
4069 0.1847
4070 0.1465
4071 0.1649
4072 0.2928
4073 0.2250
4074 0.2043
4075 0.3355
4076 0.6735
4077 0.4365
4078 0.1248
4079 0.1726
4080 0.1891
4081 0.1291
4082 0.2739
4083 0.1766
4084 0.1900
4085 0.2539
4086 0.0882
4087 0.3210
4088 0.3200
4089 0.2487
4090 0.3198
4091 0.2371
4092 0.3020
4093 0.1703
4094 0.2094
4095 0.1061
4096 0.1837
4097 0.2877
4098 0.1679
4099 0.1589
4100 0.4258
4101 0.3972
4102 0.3041
4103 0.1310
4104 0.3335
4105 0.1613
4106 0.2302
4107 0.1551
4108 0.1451
4109 0.2973
4110 0.2140
4111 0.5979
4112 0.2449
4113 0.3778
4114 0.2620
4115 0.0961
4116 0.1315
4117 0.2811
4118 0.1397
4119 0.4287
4120 0.2020
4121 0.1381
4122 0.1502
4123 0.2772
4124 0.2283
4125 0.2359
4126 0.2573
4127 0.3677
4128 0.2245
4129 0.1719
4130 0.6822
4131 0.2125
4132 0.1684
4133 0.1952
4134 0.2061
4135 0.2240
4136 0.2771
4137 0.1027
4138 0.3086
4139 0.0808
4140 0.1498
4141 0.0822
4142 0.6615
4143 0.2407
4144 0.3350
4145 0.2600
4146 0.2665
4147 0.1949
4148 0.1930
4149 0.1865
4150 0.0762
4151 0.2584
4152 0.0874
4153 0.2142
4154 0.2319
4155 0.4268
4156 0.1666
4157 0.1191
4158 0.1684
4159 0.2808
4160 0.1512
4161 0.3354
4162 0.1556
4163 0.0691
4164 0.1098
4165 0.3550
4166 0.2151
4167 0.2198
4168 0.1689
4169 0.1980
4170 0.4478
4171 0.1667
4172 0.1449
4173 0.3385
4174 0.1403
4175 0.1905
4176 0.2076
4177 0.3638
4178 0.2119
4179 0.2094
4180 0.2137
4181 0.1977
4182 0.4153
4183 0.2191
4184 0.1332
4185 0.4713
4186 0.2719
4187 0.1614
4188 0.1504
4189 0.1628
4190 0.1188
4191 0.3092
4192 0.2354
4193 0.1831
4194 0.2147
4195 0.2205
4196 0.2017
4197 0.2460
4198 0.1717
4199 0.4365
4200 0.2270
4201 0.0963
4202 0.3247
4203 0.1881
4204 0.1515
4205 0.2577
4206 0.1378
4207 0.1345
4208 0.2037
4209 0.2379
4210 0.0702
4211 0.1392
4212 0.1806
4213 0.3700
4214 0.3147
4215 0.3523
4216 0.1816
4217 0.2328
4218 0.1979
4219 0.1232
4220 0.2846
4221 0.0845
4222 0.2844
4223 0.1733
4224 0.2041
4225 0.1674
4226 0.2483
4227 0.2297
4228 0.0707
4229 0.1218
4230 0.1654
4231 0.1975
4232 0.1058
4233 0.5316
4234 0.1043
4235 0.2566
4236 0.2322
4237 0.5028
4238 0.1463
4239 0.3433
4240 0.4359
4241 0.2086
4242 0.2138
4243 0.1687
4244 0.2408
4245 0.1979
4246 0.2575
4247 0.2855
4248 0.2712
4249 0.2178
4250 0.1494
4251 0.0959
4252 0.1879
4253 0.2473
4254 0.2001
4255 0.2784
4256 0.1516
4257 0.0854
4258 0.0561
4259 0.3523
4260 0.4695
4261 0.1570
4262 0.8151
4263 0.3001
4264 0.1580
4265 0.2192
4266 0.0369
4267 0.2787
4268 0.2809
4269 0.1329
4270 0.1724
4271 0.2012
4272 0.2605
4273 0.3636
4274 0.5819
4275 0.2099
4276 0.1865
4277 0.1408
4278 0.2740
4279 0.1281
4280 0.1683
4281 0.2616
4282 0.2735
4283 0.1519
4284 0.2797
4285 0.2478
4286 0.2776
4287 0.3109
4288 0.3818
4289 0.2135
4290 0.1727
4291 0.2228
4292 0.1026
4293 0.3508
4294 0.1205
4295 0.1196
4296 0.2516
4297 0.2231
4298 0.2101
4299 0.2167
4300 0.3150
4301 0.3091
4302 0.1206
4303 0.4251
4304 0.1069
4305 0.4325
4306 0.2486
4307 0.2321
4308 0.3791
4309 0.2167
4310 0.1852
4311 0.1947
4312 0.2846
4313 0.1806
4314 0.2691
4315 0.2843
4316 0.2163
4317 0.3816
4318 0.1595
4319 0.2711
4320 0.2447
4321 0.2563
4322 0.2746
4323 0.2346
4324 0.1596
4325 0.2438
4326 0.1272
4327 0.1945
4328 0.1907
4329 0.3059
4330 0.4829
4331 0.2155
4332 0.1423
4333 0.0643
4334 0.1091
4335 0.2904
4336 0.1515
4337 0.2804
4338 0.1694
4339 0.2946
4340 0.1988
4341 0.1525
4342 0.4202
4343 0.3140
4344 0.1179
4345 0.1860
4346 0.1903
4347 0.1307
4348 0.3653
4349 0.2221
4350 0.1264
4351 0.0765
4352 0.2710
4353 0.1915
4354 0.1723
4355 0.2761
4356 0.3326
4357 0.4602
4358 0.3779
4359 0.2224
4360 0.1787
4361 0.1089
4362 0.1776
4363 0.2792
4364 0.1721
4365 0.2199
4366 0.0853
4367 0.0989
4368 0.1360
4369 0.4029
4370 0.1357
4371 0.3107
4372 0.0612
4373 0.1904
4374 0.0781
4375 0.2647
4376 0.2782
4377 0.1880
4378 0.1897
4379 0.2180
4380 0.2959
4381 0.1817
4382 0.1150
4383 0.1511
4384 0.2881
4385 0.2403
4386 0.1593
4387 0.6547
4388 0.2052
4389 0.1239
4390 0.2838
4391 0.1600
4392 0.2515
4393 0.3863
4394 0.2515
4395 0.2537
4396 0.1597
4397 0.1480
4398 0.0919
4399 0.1569
4400 0.0902
4401 0.3235
4402 0.6231
4403 0.1045
4404 0.2308
4405 0.1877
4406 0.0592
4407 0.2913
4408 0.2482
4409 0.2573
4410 0.1204
4411 0.2289
4412 0.1172
4413 0.1775
4414 0.2429
4415 0.2542
4416 0.1890
4417 0.1539
4418 0.2927
4419 0.2103
4420 0.0727
4421 0.4408
4422 0.1273
4423 0.3494
4424 0.2337
4425 0.3152
4426 0.1226
4427 0.4319
4428 0.0891
4429 0.2205
4430 0.3436
4431 0.2526
4432 0.2016
4433 0.2720
4434 0.1855
4435 0.1221
4436 0.1615
4437 0.2078
4438 0.2422
4439 0.0927
4440 0.2289
4441 0.2231
4442 0.2620
4443 0.2246
4444 0.2885
4445 0.1513
4446 0.1899
4447 0.0744
4448 0.2177
4449 0.1237
4450 0.1965
4451 0.1241
4452 0.1226
4453 0.3002
4454 0.5333
4455 0.1426
4456 0.1274
4457 0.3392
4458 0.2824
4459 0.2164
4460 0.1762
4461 0.1751
4462 0.3023
4463 0.1594
4464 0.3204
4465 0.3251
4466 0.3244
4467 0.0897
4468 0.1920
4469 0.0735
4470 0.1837
4471 0.3197
4472 0.0998
4473 0.3304
4474 0.4316
4475 0.2073
4476 0.8003
4477 0.0874
4478 0.1537
4479 0.5122
4480 0.1677
4481 0.2090
4482 0.1684
4483 0.2652
4484 0.1292
4485 0.2068
4486 0.1328
4487 0.1635
4488 0.1685
4489 0.2251
4490 0.1335
4491 0.1916
4492 0.4719
4493 0.1091
4494 0.1807
4495 0.2124
4496 0.1345
4497 0.2016
4498 0.2087
4499 0.1876
4500 0.2182
4501 0.1280
4502 0.2484
4503 0.2230
4504 0.1708
4505 0.2951
4506 0.2898
4507 0.1954
4508 0.1907
4509 0.1960
4510 0.1148
4511 0.4306
4512 0.1969
4513 0.1448
4514 0.5897
4515 0.3530
4516 0.1529
4517 0.5295
4518 0.2736
4519 0.5170
4520 0.2234
4521 0.0689
4522 0.4147
4523 0.1620
4524 0.1551
4525 0.1778
4526 0.2696
4527 0.2110
4528 0.2459
4529 0.2770
4530 0.2585
4531 0.1556
4532 0.3363
4533 0.4366
4534 0.1438
4535 0.3365
4536 0.3420
4537 0.2041
4538 0.0736
4539 0.1625
4540 0.1818
4541 0.3397
4542 0.2321
4543 0.3649
4544 0.2057
4545 0.4740
4546 0.1624
4547 0.1874
4548 0.1639
4549 0.1406
4550 0.2204
4551 0.2380
4552 0.2099
4553 0.3237
4554 0.1585
4555 0.2291
4556 0.2602
4557 0.1515
4558 0.1624
4559 0.2560
4560 0.2221
4561 0.2418
4562 0.2191
4563 0.2107
4564 0.1053
4565 0.2369
4566 0.0507
4567 0.4538
4568 0.3430
4569 0.1720
4570 0.1744
4571 0.2800
4572 0.2609
4573 0.1480
4574 0.1824
4575 0.1931
4576 0.2195
4577 0.1852
4578 0.3255
4579 0.3250
4580 0.2033
4581 0.2578
4582 0.4979
4583 0.4090
4584 0.0734
4585 0.1859
4586 0.2028
4587 0.1147
4588 0.1593
4589 0.2268
4590 0.3450
4591 0.1730
4592 0.1383
4593 0.2337
4594 0.0906
4595 0.1308
4596 0.3088
4597 0.1232
4598 0.0924
4599 0.2002
4600 0.1493
4601 0.1812
4602 0.1068
4603 0.6352
4604 0.2259
4605 0.2970
4606 0.1169
4607 0.3183
4608 0.2038
4609 0.1937
4610 0.4202
4611 0.1520
4612 0.2233
4613 0.4056
4614 0.1843
4615 0.1351
4616 0.3108
4617 0.4177
4618 0.2638
4619 0.1396
4620 0.2416
4621 0.1242
4622 0.5008
4623 0.2030
4624 0.1807
4625 0.4442
4626 0.1435
4627 0.1596
4628 0.1681
4629 0.0917
4630 0.0774
4631 0.2816
4632 0.2514
4633 0.1645
4634 0.1530
4635 0.3304
4636 0.1613
4637 0.1407
4638 0.3234
4639 0.0962
4640 0.1303
4641 0.1853
4642 0.2673
4643 0.1996
4644 0.3143
4645 0.3049
4646 0.1425
4647 0.2686
4648 0.2713
4649 0.1321
4650 0.2358
4651 0.1268
4652 0.3904
4653 0.1062
4654 0.2572
4655 0.1282
4656 0.1154
4657 0.2864
4658 0.0749
4659 0.2494
4660 0.2040
4661 0.4297
4662 0.1627
4663 0.3590
4664 0.1356
4665 0.1686
4666 0.2604
4667 0.2339
4668 0.1948
4669 0.1828
4670 0.2585
4671 0.1627
4672 0.1167
4673 0.2330
4674 0.1067
4675 0.1551
4676 0.1693
4677 0.2116
4678 0.2449
4679 0.1892
4680 0.3183
4681 0.2049
4682 0.1016
4683 0.2076
4684 0.2940
4685 0.1405
4686 0.1769
4687 0.1989
4688 0.1874
4689 0.2446
4690 0.1899
4691 0.2559
4692 0.1405
4693 0.1388
4694 0.2225
4695 0.1446
4696 0.2059
4697 0.3389
4698 0.1601
4699 0.2259
4700 0.2657
4701 0.1122
4702 0.1938
4703 0.1652
4704 0.2932
4705 0.1241
4706 0.5755
4707 0.1529
4708 0.1463
4709 0.2221
4710 0.0971
4711 0.2415
4712 0.2242
4713 0.3048
4714 0.2162
4715 0.1991
4716 0.2222
4717 0.2302
4718 0.1941
4719 0.3937
4720 0.3899
4721 0.2055
4722 0.1661
4723 0.2810
4724 0.2342
4725 0.2327
4726 0.1730
4727 0.3811
4728 0.1530
4729 0.2726
4730 0.6565
4731 0.3378
4732 0.1295
4733 0.7075
4734 0.2101
4735 0.6353
4736 0.3326
4737 0.1973
4738 0.2178
4739 0.1783
4740 0.0899
4741 0.1451
4742 0.2626
4743 0.2920
4744 0.3413
4745 0.1441
4746 0.1716
4747 0.2279
4748 0.0774
4749 0.1321
4750 0.1013
4751 0.2430
4752 0.2042
4753 0.2328
4754 0.1586
4755 0.1756
4756 0.3188
4757 0.1360
4758 0.2876
4759 0.2572
4760 0.2515
4761 0.1549
4762 0.1969
4763 0.2111
4764 0.3784
4765 0.1845
4766 0.1371
4767 0.3225
4768 0.1966
4769 0.0647
4770 0.2972
4771 0.2156
4772 0.2395
4773 0.1271
4774 0.1190
4775 0.1310
4776 0.1240
4777 0.0825
4778 0.4003
4779 0.2821
4780 0.1466
4781 0.2016
4782 0.2362
4783 0.1410
4784 0.1886
4785 0.3033
4786 0.1482
4787 0.3726
4788 0.1207
4789 0.2811
4790 0.1059
4791 0.1518
4792 0.1814
4793 0.2098
4794 0.1487
4795 0.3989
4796 0.1149
4797 0.2791
4798 0.0938
4799 0.1423
4800 0.0562
4801 0.0873
4802 0.2198
4803 0.1357
4804 0.1566
4805 0.7103
4806 0.1314
4807 0.2661
4808 0.1554
4809 0.0794
4810 0.2353
4811 0.3071
4812 0.2095
4813 0.1464
4814 0.1289
4815 0.2815
4816 0.1656
4817 0.1351
4818 0.1950
4819 0.3147
4820 0.1322
4821 0.1624
4822 0.2084
4823 0.1396
4824 0.3193
4825 0.3163
4826 0.2034
4827 0.4650
4828 0.3817
4829 0.2536
4830 0.2548
4831 0.0565
4832 0.1274
4833 0.0751
4834 0.3989
4835 0.3601
4836 0.1169
4837 0.1440
4838 0.0964
4839 0.0491
4840 0.1125
4841 0.1248
4842 0.2011
4843 0.1654
4844 0.0899
4845 0.0696
4846 0.1138
4847 0.2752
4848 0.1679
4849 0.2090
4850 0.2463
4851 0.3762
4852 0.2827
4853 0.4368
4854 0.2153
4855 0.1451
4856 0.2063
4857 0.1272
4858 0.1431
4859 0.4575
4860 0.2001
4861 0.1155
4862 0.1334
4863 0.3276
4864 0.2650
4865 0.1514
4866 0.3772
4867 0.1252
4868 0.2315
4869 0.1103
4870 0.1024
4871 0.6125
4872 0.2513
4873 0.1738
4874 0.3340
4875 0.3121
4876 0.1781
4877 0.2372
4878 0.1467
4879 0.1984
4880 0.5753
4881 0.1639
4882 0.4401
4883 0.1095
4884 0.0739
4885 0.1355
4886 0.0593
4887 0.2031
4888 0.1337
4889 0.3868
4890 0.4189
4891 0.1354
4892 0.1493
4893 0.2023
4894 0.1771
4895 0.1687
4896 0.0735
4897 0.2203
4898 0.2204
4899 0.1352
4900 0.1571
4901 0.3455
4902 0.2727
4903 0.1917
4904 0.1550
4905 0.1926
4906 0.1678
4907 0.1191
4908 0.2720
4909 0.1648
4910 0.3405
4911 0.1996
4912 0.1581
4913 0.3229
4914 0.1152
4915 0.1848
4916 0.1276
4917 0.2448
4918 0.3839
4919 0.2448
4920 0.1500
4921 0.1763
4922 0.2384
4923 0.1622
4924 0.1512
4925 0.2083
4926 0.1895
4927 0.1311
4928 0.1787
4929 0.1478
4930 0.1423
4931 0.2330
4932 0.0783
4933 0.1545
4934 0.3615
4935 0.1379
4936 0.2824
4937 0.3081
4938 0.1512
4939 0.1316
4940 0.4132
4941 0.1025
4942 0.1272
4943 0.2446
4944 0.2065
4945 0.2472
4946 0.1225
4947 0.1524
4948 0.1638
4949 0.0780
4950 0.0911
4951 0.2528
4952 0.4917
4953 0.2037
4954 0.2776
4955 0.1811
4956 0.1143
4957 0.2013
4958 0.2048
4959 0.1746
4960 0.2951
4961 0.1948
4962 0.0918
4963 0.2393
4964 0.1542
4965 0.2134
4966 0.3717
4967 0.1639
4968 0.1968
4969 0.3322
4970 0.1560
4971 0.1676
4972 0.1283
4973 0.1199
4974 0.1325
4975 0.3096
4976 0.1929
4977 0.1957
4978 0.5047
4979 0.1189
4980 0.1439
4981 0.1694
4982 0.1353
4983 0.1131
4984 0.1515
4985 0.3523
4986 0.1500
4987 0.1173
4988 0.1318
4989 0.4483
4990 0.2124
4991 0.1439
4992 0.2516
4993 0.3356
4994 0.2255
4995 0.2647
4996 0.1698
4997 0.2793
4998 0.1785
4999 0.1675
5000 0.1376
5001 0.2086
5002 0.2207
5003 0.0881
5004 0.0919
5005 0.1773
5006 0.1539
5007 0.2013
5008 0.3624
5009 0.1437
5010 0.1148
5011 0.2288
5012 0.2110
5013 0.1454
5014 0.0900
5015 0.1260
5016 0.2248
5017 0.6742
5018 0.4659
5019 0.2349
5020 0.1484
5021 0.1025
5022 0.2409
5023 0.1032
5024 0.1396
5025 0.3843
5026 0.1289
5027 0.2697
5028 0.3148
5029 0.1261
5030 0.2173
5031 0.1182
5032 0.0758
5033 0.8222
5034 0.1545
5035 0.1452
5036 0.5364
5037 0.1135
5038 0.4475
5039 0.1447
5040 0.2401
5041 0.1379
5042 0.1433
5043 1.1281
5044 0.2588
5045 0.2607
5046 0.1764
5047 0.1695
5048 0.2501
5049 0.2759
5050 0.2131
5051 0.3091
5052 0.3187
5053 0.1551
5054 0.1747
5055 0.2301
5056 0.2083
5057 0.2007
5058 0.0466
5059 0.6762
5060 0.2934
5061 0.1410
5062 0.1528
5063 0.1989
5064 0.2141
5065 0.2117
5066 0.2568
5067 0.2356
5068 0.2656
5069 0.2819
5070 0.5014
5071 0.1325
5072 0.1395
5073 0.2743
5074 0.1362
5075 0.2554
5076 0.4294
5077 0.2157
5078 0.1259
5079 0.2371
5080 0.2395
5081 0.0882
5082 0.1909
5083 0.4715
5084 0.2056
5085 0.1600
5086 0.1899
5087 0.2905
5088 0.1566
5089 0.1228
5090 0.1741
5091 0.2261
5092 0.2625
5093 0.3370
5094 0.3569
5095 0.2431
5096 0.1747
5097 0.0713
5098 0.2852
5099 0.0970
5100 0.0744
5101 0.1042
5102 0.1912
5103 0.1631
5104 0.1851
5105 0.1453
5106 0.1221
5107 0.1336
5108 0.4185
5109 0.0289
5110 0.2315
5111 0.2123
5112 0.1306
5113 0.1317
5114 1.3202
5115 0.2443
5116 0.3332
5117 0.2334
5118 0.1463
5119 0.1074
5120 0.1965
5121 0.1684
5122 0.5291
5123 0.1133
5124 0.1759
5125 0.1364
5126 0.0751
5127 0.2132
5128 0.1716
5129 0.1855
5130 0.1635
5131 0.1460
5132 0.2825
5133 0.2052
5134 0.1918
5135 0.0617
5136 0.2024
5137 0.2288
5138 0.5295
5139 0.4025
5140 0.2661
5141 0.0937
5142 0.1005
5143 0.6613
5144 0.1405
5145 0.6497
5146 0.3213
5147 0.2291
5148 0.2135
5149 0.0720
5150 0.0936
5151 0.0863
5152 0.2211
5153 0.1681
5154 0.1574
5155 0.1223
5156 0.1507
5157 0.3306
5158 0.3033
5159 0.0866
5160 0.3621
5161 0.3023
5162 0.3636
5163 0.0845
5164 0.1976
5165 0.2736
5166 0.2191
5167 0.3080
5168 0.1959
5169 0.1844
5170 0.1239
5171 0.2182
5172 0.2340
5173 0.2214
5174 0.1757
5175 0.8262
5176 0.1636
5177 0.2133
5178 0.4091
5179 0.1711
5180 0.1795
5181 0.2306
5182 0.1535
5183 0.3018
5184 0.4646
5185 0.1859
5186 0.1538
5187 0.0566
5188 0.2441
5189 0.1743
5190 0.0685
5191 0.0992
5192 0.2474
5193 0.1943
5194 0.1608
5195 0.1753
5196 0.7215
5197 0.1263
5198 0.3266
5199 0.1030
5200 0.3205
5201 0.1428
5202 0.2101
5203 0.0846
5204 0.3631
5205 0.6376
5206 0.1477
5207 0.3361
5208 0.0304
5209 0.2118
5210 0.3291
5211 0.3292
5212 0.1257
5213 0.2715
5214 0.1563
5215 0.1252
5216 0.2255
5217 0.1111
5218 0.2158
5219 0.1152
5220 0.1913
5221 0.2146
5222 0.0683
5223 0.1357
5224 0.3472
5225 0.2951
5226 0.4506
5227 0.2044
5228 0.0870
5229 0.1120
5230 0.0639
5231 0.4367
5232 0.1680
5233 0.1199
5234 0.2126
5235 0.1779
5236 0.2112
5237 0.2414
5238 0.1618
5239 0.2276
5240 0.0830
5241 0.0742
5242 0.1787
5243 0.2082
5244 0.2414
5245 0.1521
5246 0.2657
5247 0.1722
5248 0.1741
5249 0.1087
5250 0.1660
5251 0.1199
5252 0.1842
5253 0.3849
5254 0.0783
5255 0.1982
5256 0.3585
5257 0.0722
5258 0.2108
5259 0.1480
5260 0.4921
5261 0.1740
5262 0.9506
5263 0.1432
5264 0.2202
5265 0.3022
5266 0.1204
5267 0.2245
5268 0.2058
5269 0.2261
5270 0.1873
5271 0.5682
5272 0.2399
5273 0.1088
5274 0.1883
5275 0.1148
5276 0.2269
5277 0.1297
5278 0.1357
5279 0.2298
5280 0.3990
5281 0.2931
5282 0.1470
5283 0.2326
5284 0.3709
5285 0.1655
5286 0.3125
5287 0.1768
5288 0.2454
5289 0.1735
5290 0.1967
5291 0.2209
5292 0.4422
5293 0.2494
5294 0.2682
5295 0.3441
5296 0.3009
5297 0.1656
5298 0.1209
5299 0.1917
5300 0.3413
5301 0.2472
5302 0.1230
5303 0.2047
5304 0.2352
5305 0.1409
5306 0.3058
5307 0.1946
5308 0.2403
5309 0.2570
5310 0.1897
5311 0.2652
5312 0.3267
5313 0.1671
5314 0.4258
5315 0.1729
5316 0.0347
5317 0.1837
5318 0.1617
5319 0.3622
5320 0.0722
5321 0.3801
5322 0.1203
5323 0.4385
5324 0.2160
5325 0.2191
5326 0.2141
5327 0.0609
5328 0.0572
5329 0.2539
5330 0.1822
5331 0.2422
5332 0.3683
5333 0.1854
5334 0.0889
5335 0.0359
5336 0.1504
5337 0.3997
5338 0.1592
5339 0.3943
5340 0.1618
5341 0.1898
5342 0.3563
5343 0.1596
5344 0.2040
5345 0.1565
5346 0.0963
5347 0.1163
5348 0.2117
5349 0.1593
5350 0.1222
5351 0.2190
5352 0.1186
5353 0.4041
5354 0.1767
5355 0.0891
5356 0.5031
5357 0.3382
5358 0.3713
5359 0.2213
5360 0.1075
5361 0.1738
5362 0.4738
5363 0.1660
5364 0.1265
5365 0.1909
5366 0.1363
5367 0.1421
5368 0.2797
5369 0.7406
5370 0.1877
5371 0.1614
5372 0.1474
5373 0.2378
5374 0.1805
5375 0.2958
5376 0.0959
5377 0.2022
5378 0.1308
5379 0.0615
5380 0.2379
5381 0.2781
5382 0.2432
5383 0.0955
5384 0.1815
5385 0.1974
5386 0.2153
5387 0.2316
5388 0.3545
5389 0.1268
5390 0.2269
5391 0.3652
5392 0.3499
5393 0.7167
5394 0.2766
5395 0.2130
5396 0.1607
5397 0.2843
5398 0.1861
5399 0.1888
5400 0.0995
5401 0.1093
5402 0.1727
5403 0.4208
5404 0.0837
5405 0.1552
5406 0.0815
5407 0.1822
5408 0.3216
5409 0.2326
5410 0.3247
5411 0.4534
5412 0.1958
5413 0.2844
5414 0.1286
5415 0.2653
5416 0.1678
5417 0.1032
5418 0.0915
5419 0.2671
5420 0.1618
5421 0.1306
5422 0.2504
5423 0.1809
5424 0.2965
5425 0.4597
5426 0.2139
5427 0.5265
5428 0.2525
5429 0.2123
5430 0.1393
5431 0.0873
5432 0.2713
5433 0.1554
5434 0.5210
5435 0.1545
5436 0.1250
5437 0.1980
5438 0.5177
5439 0.1535
5440 0.1362
5441 0.2098
5442 0.1488
5443 0.1070
5444 0.1734
5445 0.5833
5446 0.1729
5447 0.1440
5448 0.2186
5449 0.4626
5450 0.2018
5451 0.4284
5452 0.3537
5453 0.1589
5454 0.1459
5455 0.2168
5456 0.1161
5457 0.1611
5458 0.2392
5459 0.2446
5460 0.1621
5461 0.1497
5462 0.2400
5463 0.2843
5464 0.1119
5465 0.2321
5466 0.2652
5467 0.2263
5468 0.0946
5469 0.1384
5470 0.1432
5471 0.2553
5472 0.1923
5473 0.2924
5474 0.1934
5475 0.0828
5476 0.1555
5477 0.1923
5478 0.3971
5479 0.0534
5480 0.1436
5481 0.2542
5482 0.2846
5483 0.3318
5484 0.2471
5485 0.3509
5486 0.1937
5487 0.6119
5488 0.1953
5489 0.4713
5490 0.1901
5491 0.2362
5492 0.2856
5493 0.3388
5494 0.1842
5495 0.1088
5496 0.3122
5497 0.2283
5498 0.4250
5499 0.1945
5500 0.1417
5501 0.2000
5502 0.2608
5503 0.1379
5504 0.0872
5505 0.1620
5506 0.0870
5507 0.2727
5508 0.2456
5509 0.2600
5510 0.1642
5511 0.1687
5512 0.2279
5513 0.2247
5514 0.2003
5515 0.2277
5516 0.1370
5517 0.1999
5518 0.1702
5519 0.1512
5520 0.1913
5521 0.1943
5522 0.2123
5523 0.1051
5524 0.2540
5525 0.3081
5526 0.1609
5527 0.0990
5528 0.1509
5529 0.2319
5530 0.2792
5531 0.1243
5532 0.1996
5533 0.0539
5534 0.2249
5535 0.3253
5536 0.2289
5537 0.1748
5538 0.2067
5539 0.0499
5540 0.0790
5541 0.1429
5542 0.1944
5543 0.1874
5544 0.2663
5545 0.3031
5546 0.6454
5547 0.2976
5548 0.4692
5549 0.1350
5550 0.2035
5551 0.1063
5552 0.2076
5553 0.4025
5554 0.0936
5555 0.2321
5556 0.2430
5557 0.1489
5558 0.0700
5559 0.1106
5560 0.1511
5561 0.3789
5562 0.2404
5563 0.3355
5564 0.1644
5565 0.2221
5566 0.2310
5567 0.2472
5568 0.3491
5569 0.1132
5570 0.3193
5571 0.2656
5572 0.2285
5573 0.4126
5574 0.2377
5575 0.1397
5576 0.1368
5577 0.0754
5578 0.1733
5579 0.2742
5580 0.1345
5581 0.3475
5582 0.2446
5583 0.1748
5584 0.2675
5585 0.4092
5586 0.2446
5587 0.2212
5588 0.1886
5589 0.0998
5590 0.0478
5591 0.1796
5592 0.1521
5593 0.1478
5594 0.1520
5595 0.0933
5596 0.1254
5597 0.2005
5598 0.1079
5599 0.0740
5600 0.2191
5601 0.4013
5602 0.2167
5603 0.4261
5604 0.1223
5605 0.0839
5606 0.1249
5607 0.1599
5608 0.2221
5609 0.1470
5610 0.1313
5611 0.1556
5612 0.0816
5613 0.2991
5614 0.1605
5615 0.0757
5616 0.1813
5617 0.2182
5618 0.2155
5619 0.2302
5620 0.2057
5621 0.1666
5622 0.1368
5623 0.4062
5624 0.0895
5625 0.1243
5626 0.2254
5627 0.2183
5628 0.1176
5629 0.1175
5630 0.1278
5631 0.2360
5632 0.1739
5633 0.1452
5634 0.0864
5635 0.1404
5636 0.2290
5637 0.2543
5638 0.1533
5639 0.1795
5640 0.1066
5641 0.1949
5642 0.2818
5643 0.2632
5644 0.1433
5645 0.0359
5646 0.1935
5647 0.3326
5648 0.1580
5649 0.1740
5650 0.2740
5651 0.1849
5652 0.2787
5653 0.2211
5654 0.4044
5655 0.0870
5656 0.2355
5657 0.4362
5658 0.1704
5659 0.2537
5660 0.1333
5661 0.2094
5662 1.1870
5663 0.1403
5664 0.1204
5665 0.1095
5666 0.1763
5667 0.3952
5668 0.0920
5669 0.1866
5670 0.2462
5671 0.1643
5672 0.2437
5673 0.2327
5674 0.3357
5675 1.3339
5676 0.2819
5677 0.1871
5678 0.3492
5679 0.4649
5680 0.3490
5681 0.1915
5682 0.0869
5683 0.3627
5684 0.2610
5685 0.1071
5686 0.1470
5687 0.4240
5688 0.1745
5689 0.1030
5690 0.4026
5691 0.2774
5692 0.1191
5693 0.8860
5694 0.2520
5695 0.5343
5696 0.1099
5697 0.0825
5698 0.1283
5699 0.4159
5700 0.1333
5701 0.1348
5702 0.0958
5703 0.2430
5704 0.3192
5705 0.1764
5706 0.2099
5707 0.3544
5708 0.1259
5709 0.2169
5710 0.1828
5711 0.3203
5712 0.2922
5713 0.0777
5714 0.5175
5715 0.4241
5716 0.1721
5717 0.1520
5718 0.2388
5719 0.0913
5720 0.2871
5721 0.1814
5722 0.2758
5723 0.1150
5724 0.1345
5725 0.1677
5726 0.1954
5727 0.2779
5728 0.5034
5729 0.1980
5730 0.3002
5731 0.1895
5732 0.2570
5733 0.1126
5734 0.1388
5735 0.1360
5736 0.1481
5737 0.2196
5738 0.2602
5739 0.1342
5740 0.2162
5741 0.1714
5742 0.2582
5743 0.2371
5744 0.1949
5745 0.1906
5746 0.3234
5747 0.1526
5748 0.1911
5749 0.3157
5750 0.1395
5751 0.2404
5752 0.2306
5753 0.2240
5754 0.1646
5755 0.1576
5756 0.0690
5757 0.2731
5758 0.4327
5759 0.2462
5760 0.1508
5761 0.2523
5762 0.1021
5763 0.1858
5764 0.2344
5765 0.2724
5766 0.3303
5767 0.1739
5768 0.1089
5769 0.0808
5770 0.3100
5771 0.1692
5772 0.1889
5773 0.1237
5774 0.1133
5775 0.2788
5776 0.1382
5777 0.0687
5778 0.1284
5779 0.2241
5780 0.1771
5781 0.1548
5782 0.1490
5783 0.2673
5784 0.0663
5785 0.1975
5786 0.1564
5787 0.2777
5788 0.2547
5789 0.3260
5790 0.2307
5791 0.6260
5792 0.1935
5793 0.1229
5794 0.3861
5795 0.8475
5796 0.1215
5797 0.3047
5798 0.2121
5799 0.0982
5800 0.1292
5801 0.0943
5802 0.1759
5803 0.1775
5804 0.1988
5805 0.3173
5806 0.2288
5807 0.7704
5808 0.1415
5809 0.2498
5810 0.0878
5811 0.1940
5812 0.1427
5813 0.2212
5814 0.1717
5815 0.5680
5816 1.0604
5817 0.1624
5818 0.1970
5819 0.1523
5820 0.1335
5821 0.1744
5822 0.2259
5823 0.3255
5824 0.0615
5825 0.2433
5826 0.2443
5827 0.1611
5828 0.3652
5829 0.0886
5830 0.2432
5831 0.2414
5832 0.1509
5833 0.2806
5834 0.0895
5835 0.3054
5836 0.1878
5837 0.0846
5838 0.1688
5839 0.1107
5840 0.2075
5841 0.1996
5842 0.2370
5843 1.3536
5844 0.3046
5845 0.1734
5846 0.0806
5847 0.3560
5848 0.1557
5849 0.2425
5850 0.3137
5851 0.1137
5852 0.2543
5853 0.3883
5854 0.5670
5855 0.2424
5856 0.1460
5857 0.1598
5858 0.2711
5859 0.1406
5860 0.1618
5861 0.2316
5862 0.1039
5863 0.1974
5864 0.1720
5865 0.4257
5866 0.2476
5867 0.1147
5868 0.4442
5869 0.1292
5870 0.6431
5871 0.2244
5872 0.1699
5873 0.0912
5874 0.6141
5875 0.1097
5876 0.2507
5877 0.1732
5878 0.1753
5879 0.2884
5880 0.1869
5881 0.5769
5882 0.1705
5883 0.1577
5884 0.2255
5885 0.1134
5886 0.3300
5887 0.1460
5888 0.1802
5889 0.1408
5890 0.2142
5891 0.1532
5892 0.1215
5893 0.3858
5894 0.2293
5895 0.2314
5896 0.1862
5897 0.1160
5898 0.1921
5899 0.1150
5900 0.1054
5901 0.7930
5902 0.2648
5903 0.2757
5904 0.1886
5905 0.3189
5906 0.1819
5907 0.1362
5908 0.2423
5909 0.2682
5910 0.4022
5911 0.5342
5912 0.1379
5913 0.1919
5914 0.1729
5915 0.1942
5916 0.4680
5917 0.2150
5918 0.1943
5919 0.2134
5920 0.1829
5921 0.2315
5922 0.1318
5923 0.1716
5924 0.1620
5925 0.1489
5926 0.2053
5927 0.1432
5928 0.0626
5929 0.1454
5930 0.2374
5931 0.3006
5932 0.1508
5933 0.4031
5934 0.1340
5935 0.2334
5936 0.0862
5937 0.2141
5938 0.1882
5939 0.2175
5940 0.1730
5941 0.2724
5942 0.1775
5943 0.1645
5944 0.2296
5945 0.3096
5946 0.2176
5947 0.3072
5948 0.1382
5949 0.3745
5950 0.2245
5951 0.2688
5952 0.1948
5953 0.1220
5954 0.1409
5955 0.1036
5956 0.0802
5957 0.2664
5958 0.1164
5959 0.0950
5960 0.1298
5961 0.1699
5962 0.1123
5963 0.0629
5964 0.1718
5965 0.1559
5966 0.3021
5967 0.1581
5968 0.4530
5969 0.1803
5970 0.2413
5971 0.1407
5972 0.1068
5973 0.0797
5974 0.1930
5975 0.1708
5976 0.2640
5977 0.2063
5978 0.4216
5979 0.1002
5980 0.1213
5981 0.2257
5982 0.3687
5983 0.3024
5984 0.1886
5985 0.2509
5986 0.7317
5987 0.4402
5988 0.1125
5989 0.1820
5990 0.3051
5991 0.0713
5992 0.2260
5993 0.2131
5994 0.2522
5995 0.0885
5996 0.2353
5997 0.1694
5998 0.1336
5999 0.0628
6000 0.2458
6001 0.0922
6002 0.2211
6003 0.1367
6004 0.2968
6005 0.4443
6006 0.2554
6007 0.1615
6008 0.5629
6009 0.2429
6010 0.1555
6011 0.2074
6012 0.8138
6013 0.1200
6014 0.1216
6015 0.1521
6016 0.1948
6017 0.2604
6018 0.1918
6019 0.2668
6020 0.1596
6021 0.5301
6022 0.1431
6023 0.2540
6024 0.0973
6025 0.1700
6026 0.1758
6027 0.1601
6028 0.1384
6029 0.4341
6030 0.2732
6031 0.1876
6032 0.1432
6033 0.1890
6034 0.3678
6035 0.6035
6036 0.1733
6037 0.3602
6038 0.2751
6039 0.2449
6040 0.2011
6041 0.1398
6042 0.1399
6043 0.1746
6044 0.2294
6045 0.4905
6046 0.2167
6047 0.1224
6048 0.5162
6049 0.2644
6050 0.1590
6051 0.3270
6052 0.1102
6053 0.1887
6054 0.1815
6055 0.1083
6056 0.2633
6057 0.3174
6058 0.0858
6059 0.1275
6060 0.1174
6061 0.1189
6062 0.1915
6063 0.2430
6064 0.1780
6065 0.1807
6066 0.2826
6067 0.1996
6068 0.0875
6069 0.1593
6070 0.2064
6071 0.2321
6072 0.2389
6073 0.0907
6074 0.0743
6075 0.1508
6076 0.2135
6077 0.5161
6078 0.1180
6079 0.1880
6080 0.1172
6081 0.1533
6082 0.2988
6083 0.1743
6084 0.2646
6085 0.4400
6086 0.0899
6087 0.1808
6088 0.2331
6089 0.1753
6090 0.0767
6091 0.0720
6092 0.2479
6093 0.2613
6094 0.3814
6095 0.0650
6096 0.2255
6097 0.1717
6098 0.1883
6099 0.0940
6100 0.1053
6101 0.1519
6102 0.1749
6103 0.3433
6104 0.2342
6105 0.2327
6106 0.1490
6107 0.3179
6108 0.1993
6109 0.1724
6110 0.1539
6111 0.2978
6112 0.4250
6113 0.2026
6114 0.0905
6115 0.1397
6116 0.1434
6117 0.1556
6118 0.2652
6119 0.2751
6120 0.2000
6121 0.3428
6122 0.1152
6123 0.0760
6124 0.1166
6125 0.2037
6126 0.1315
6127 0.1220
6128 0.1927
6129 0.2813
6130 0.4115
6131 0.1388
6132 0.1213
6133 0.3229
6134 0.2694
6135 0.2100
6136 0.3897
6137 0.7418
6138 0.2373
6139 0.2667
6140 0.1397
6141 0.2162
6142 0.2299
6143 0.0598
6144 0.1406
6145 0.0746
6146 0.1955
6147 0.1162
6148 0.2045
6149 0.1364
6150 0.1279
6151 0.1483
6152 0.4087
6153 0.2423
6154 0.2448
6155 0.3636
6156 0.0777
6157 0.1026
6158 0.2441
6159 0.3456
6160 0.4901
6161 0.1323
6162 0.3287
6163 0.2174
6164 0.1636
6165 0.2819
6166 0.1099
6167 0.1275
6168 0.2072
6169 0.1495
6170 0.2127
6171 0.1110
6172 0.1573
6173 0.2969
6174 0.2935
6175 0.1227
6176 0.2828
6177 0.2464
6178 0.1724
6179 0.2314
6180 0.0773
6181 0.1369
6182 0.1027
6183 0.1979
6184 0.2271
6185 0.1389
6186 0.1874
6187 0.4007
6188 0.1806
6189 0.1545
6190 0.3938
6191 0.2213
6192 0.1691
6193 0.4268
6194 0.1216
6195 0.2445
6196 0.1158
6197 0.1776
6198 0.1150
6199 0.4522
6200 0.2548
6201 0.2452
6202 0.3132
6203 0.1230
6204 0.1104
6205 0.1385
6206 0.0447
6207 0.1698
6208 0.3395
6209 0.6249
6210 0.3096
6211 0.3819
6212 0.2420
6213 0.3077
6214 0.1871
6215 0.2702
6216 0.2596
6217 0.6368
6218 0.2688
6219 0.2707
6220 0.1970
6221 0.2790
6222 0.4007
6223 0.2080
6224 0.3777
6225 0.2119
6226 0.3299
6227 0.2225
6228 0.2876
6229 0.1739
6230 0.2711
6231 0.0664
6232 0.2164
6233 0.2460
6234 0.4859
6235 0.1246
6236 0.1317
6237 0.2334
6238 0.0930
6239 0.2027
6240 0.1401
6241 0.1902
6242 0.2457
6243 0.1748
6244 0.4037
6245 0.2179
6246 0.1811
6247 0.1445
6248 0.1855
6249 0.1338
6250 0.1809
6251 0.1871
6252 0.1788
6253 0.4313
6254 0.0965
6255 0.3554
6256 0.2728
6257 0.0802
6258 0.0888
6259 0.0598
6260 0.3202
6261 0.1799
6262 0.1944
6263 0.1603
6264 0.2403
6265 0.1491
6266 0.4887
6267 0.1526
6268 0.4304
6269 0.3636
6270 0.1554
6271 0.1697
6272 0.1908
6273 0.2362
6274 0.1815
6275 0.1952
6276 0.3701
6277 0.2001
6278 0.2178
6279 0.1305
6280 0.1932
6281 0.1974
6282 0.2163
6283 0.2167
6284 0.0651
6285 0.5638
6286 0.2194
6287 0.1800
6288 0.1783
6289 0.3077
6290 0.1334
6291 0.1653
6292 0.2685
6293 0.1094
6294 0.2942
6295 0.1647
6296 0.2928
6297 0.2221
6298 0.0754
6299 0.2400
6300 0.1827
6301 0.1738
6302 0.0845
6303 0.1058
6304 0.2327
6305 0.0492
6306 0.6229
6307 0.1765
6308 0.2355
6309 0.4344
6310 0.2154
6311 0.1752
6312 0.1362
6313 0.1133
6314 0.2287
6315 0.1688
6316 0.0687
6317 0.1789
6318 0.1615
6319 0.1975
6320 0.1591
6321 0.2910
6322 0.2451
6323 0.3957
6324 0.0916
6325 0.1387
6326 0.3851
6327 0.2115
6328 0.0845
6329 0.2281
6330 0.1399
6331 0.1975
6332 0.1144
6333 0.2610
6334 0.2342
6335 0.2158
6336 0.1179
6337 0.3849
6338 0.3048
6339 0.2644
6340 0.1364
6341 0.1431
6342 0.1273
6343 0.2502
6344 0.0822
6345 0.1950
6346 0.1430
6347 0.1647
6348 0.1156
6349 0.2713
6350 0.1637
6351 0.1690
6352 0.7600
6353 0.1999
6354 0.4119
6355 0.0883
6356 0.1363
6357 0.3075
6358 0.3926
6359 0.1183
6360 0.3194
6361 0.2509
6362 0.1952
6363 0.0568
6364 0.2527
6365 0.3196
6366 0.3264
6367 0.1124
6368 0.1792
6369 0.0409
6370 0.1219
6371 0.2469
6372 0.2455
6373 0.3581
6374 0.1923
6375 0.5153
6376 0.1588
6377 0.1187
6378 0.1282
6379 0.2397
6380 0.2644
6381 0.1837
6382 0.1885
6383 0.2718
6384 0.1120
6385 0.1888
6386 0.1318
6387 0.2263
6388 0.0428
6389 0.0700
6390 0.1956
6391 0.1695
6392 0.2638
6393 0.1572
6394 0.1402
6395 0.5979
6396 0.1561
6397 0.1335
6398 0.2534
6399 0.3582
6400 0.3668
6401 0.1301
6402 0.1528
6403 0.1499
6404 0.2944
6405 0.1215
6406 0.2113
6407 0.0939
6408 0.2166
6409 0.2013
6410 0.3297
6411 0.1610
6412 0.1201
6413 0.1942
6414 0.2338
6415 0.3475
6416 0.1672
6417 0.3271
6418 0.2272
6419 0.1646
6420 0.2655
6421 0.0915
6422 0.1805
6423 0.0992
6424 0.2236
6425 0.2512
6426 0.2043
6427 0.1289
6428 0.3300
6429 0.1422
6430 0.1632
6431 0.0786
6432 0.1076
6433 0.2748
6434 0.1548
6435 0.2076
6436 0.1488
6437 0.1794
6438 0.2338
6439 0.2069
6440 0.3867
6441 0.1280
6442 0.1124
6443 0.1778
6444 0.4072
6445 0.2061
6446 0.3083
6447 0.8604
6448 0.1519
6449 0.1648
6450 0.8349
6451 0.2900
6452 0.1428
6453 0.2002
6454 0.1029
6455 0.1772
6456 0.2038
6457 0.3637
6458 0.1896
6459 0.1189
6460 0.0932
6461 0.2183
6462 0.1819
6463 0.1568
6464 0.1678
6465 0.1728
6466 0.2264
6467 0.0523
6468 0.3565
6469 0.1136
6470 0.2853
6471 0.1708
6472 0.2559
6473 0.1440
6474 0.1013
6475 0.2505
6476 0.1939
6477 0.1004
6478 0.3001
6479 0.2281
6480 0.3199
6481 0.2489
6482 0.2151
6483 0.2086
6484 0.1592
6485 0.1952
6486 0.2925
6487 0.0970
6488 0.0895
6489 0.1218
6490 0.2103
6491 0.1078
6492 0.1553
6493 0.1106
6494 0.1328
6495 0.1595
6496 0.1845
6497 0.5823
6498 0.2630
6499 0.1521
6500 0.1137
6501 0.1552
6502 0.1575
6503 0.6746
6504 0.0811
6505 0.1670
6506 0.2034
6507 0.4832
6508 0.2616
6509 0.1178
6510 0.2778
6511 0.1007
6512 0.2156
6513 0.2397
6514 0.2049
6515 0.1080
6516 0.0937
6517 0.2980
6518 0.1826
6519 0.2182
6520 0.2537
6521 0.1137
6522 0.1898
6523 0.2160
6524 0.0757
6525 0.3765
6526 0.1017
6527 0.1172
6528 0.1479
6529 0.2449
6530 0.1906
6531 0.1361
6532 0.3828
6533 0.2005
6534 0.1396
6535 0.2999
6536 0.1988
6537 0.1481
6538 0.2379
6539 0.2235
6540 0.1607
6541 0.4789
6542 0.3673
6543 0.2050
6544 0.2439
6545 0.1754
6546 0.2665
6547 0.3906
6548 0.2153
6549 0.1676
6550 0.2615
6551 0.1732
6552 0.3340
6553 0.2990
6554 0.1981
6555 0.1020
6556 0.5792
6557 0.1634
6558 0.1108
6559 0.0854
6560 0.3067
6561 0.2810
6562 0.2749
6563 0.2748
6564 0.1398
6565 0.1891
6566 0.1292
6567 0.1595
6568 0.2540
6569 0.4784
6570 0.2164
6571 0.0737
6572 0.1803
6573 0.1323
6574 0.3685
6575 0.1555
6576 0.1817
6577 0.2317
6578 0.1769
6579 0.1992
6580 0.1593
6581 0.2540
6582 0.2021
6583 0.2142
6584 0.2216
6585 0.0706
6586 0.1712
6587 0.1999
6588 0.0800
6589 0.1117
6590 0.2985
6591 0.2180
6592 0.1796
6593 0.2642
6594 0.1510
6595 0.1828
6596 0.2617
6597 0.1335
6598 0.4093
6599 0.1011
6600 0.2103
6601 0.1065
6602 0.2289
6603 0.2255
6604 0.1812
6605 0.1495
6606 0.3787
6607 0.2281
6608 0.2148
6609 0.2318
6610 0.2646
6611 0.1259
6612 0.2544
6613 0.1229
6614 0.2674
6615 0.4176
6616 0.2950
6617 0.2021
6618 0.2528
6619 0.2123
6620 0.0581
6621 0.1540
6622 0.3405
6623 0.1792
6624 0.1842
6625 0.2449
6626 0.2771
6627 0.2780
6628 0.3969
6629 0.1181
6630 0.1759
6631 0.1521
6632 0.0752
6633 0.1938
6634 0.1895
6635 0.1957
6636 0.3586
6637 0.1731
6638 0.1833
6639 0.0418
6640 0.1340
6641 0.1532
6642 0.2324
6643 0.1640
6644 0.1904
6645 0.2829
6646 0.3747
6647 0.3502
6648 0.3811
6649 0.5568
6650 0.4320
6651 0.1370
6652 0.1668
6653 0.4612
6654 0.3048
6655 0.2179
6656 0.2569
6657 0.4038
6658 0.2814
6659 0.1155
6660 0.1984
6661 0.1888
6662 0.1943
6663 0.1031
6664 0.4730
6665 0.2430
6666 0.3696
6667 0.2554
6668 0.2580
6669 0.2183
6670 0.2228
6671 0.1835
6672 0.2794
6673 0.1957
6674 0.0972
6675 0.1229
6676 0.4776
6677 0.1477
6678 0.2141
6679 0.2650
6680 0.2749
6681 0.2279
6682 0.2622
6683 0.1994
6684 0.1598
6685 0.1722
6686 0.1822
6687 0.1194
6688 0.1600
6689 0.1044
6690 0.3320
6691 0.1610
6692 0.1530
6693 0.1841
6694 0.2141
6695 0.3238
6696 0.0909
6697 0.0604
6698 0.2383
6699 0.0705
6700 0.1816
6701 0.2224
6702 0.1073
6703 0.3612
6704 0.1329
6705 0.1465
6706 0.5003
6707 0.1391
6708 0.1842
6709 0.1529
6710 0.1629
6711 0.4197
6712 0.4053
6713 0.1986
6714 0.1992
6715 0.1062
6716 0.2462
6717 0.5677
6718 0.1488
6719 0.3365
6720 0.3008
6721 0.3276
6722 0.1497
6723 0.2414
6724 0.2526
6725 0.3324
6726 0.2613
6727 0.2238
6728 0.1885
6729 0.4209
6730 0.1389
6731 0.1258
6732 0.1291
6733 0.1931
6734 0.3095
6735 0.1693
6736 0.2540
6737 0.1547
6738 0.2275
6739 0.4225
6740 0.1562
6741 0.1085
6742 0.0586
6743 0.1898
6744 0.1301
6745 0.0995
6746 0.1284
6747 0.4875
6748 0.1782
6749 0.2951
6750 0.2014
6751 0.3070
6752 0.2931
6753 0.4336
6754 0.2175
6755 0.0477
6756 0.1898
6757 0.1145
6758 0.2287
6759 0.4084
6760 0.1276
6761 0.0951
6762 0.3405
6763 0.1593
6764 0.1279
6765 0.1635
6766 0.1594
6767 0.2194
6768 0.2441
6769 0.2003
6770 0.2307
6771 0.1824
6772 0.1878
6773 0.7011
6774 0.3408
6775 0.1887
6776 0.2464
6777 0.1048
6778 0.1188
6779 0.0620
6780 0.1377
6781 0.1577
6782 0.1749
6783 0.1851
6784 0.0817
6785 0.2225
6786 0.1820
6787 0.0977
6788 0.4292
6789 0.2422
6790 0.3565
6791 0.2960
6792 0.0841
6793 0.2200
6794 0.1634
6795 0.2352
6796 0.0781
6797 0.1967
6798 0.1936
6799 0.2009
6800 0.1302
6801 0.2292
6802 0.1454
6803 0.2533
6804 0.1156
6805 0.2446
6806 0.1486
6807 0.0992
6808 0.8136
6809 0.3339
6810 0.3169
6811 0.2036
6812 0.1206
6813 0.1003
6814 0.2731
6815 0.0972
6816 0.0478
6817 0.0818
6818 0.4666
6819 0.1846
6820 0.1014
6821 0.2229
6822 0.1545
6823 0.1833
6824 0.3252
6825 0.1042
6826 0.1449
6827 0.1111
6828 0.1508
6829 0.6914
6830 0.1674
6831 0.1183
6832 0.3974
6833 0.2732
6834 0.1609
6835 0.2057
6836 0.4091
6837 0.2821
6838 0.2751
6839 0.1446
6840 0.4026
6841 0.1372
6842 0.3042
6843 0.1694
6844 0.2778
6845 0.3742
6846 0.1774
6847 0.1902
6848 0.1257
6849 0.1251
6850 0.1377
6851 0.1362
6852 0.6567
6853 0.0586
6854 0.1608
6855 0.2617
6856 0.6694
6857 0.1763
6858 0.3163
6859 0.0981
6860 0.0788
6861 0.1668
6862 0.2079
6863 0.2397
6864 0.0584
6865 0.2359
6866 0.1837
6867 0.1091
6868 0.2088
6869 0.3576
6870 1.1668
6871 0.4753
6872 0.2079
6873 0.1604
6874 0.3372
6875 0.1614
6876 0.1760
6877 0.1954
6878 0.1161
6879 0.7312
6880 0.1318
6881 0.1144
6882 0.4950
6883 0.3258
6884 0.1724
6885 0.5348
6886 0.1421
6887 0.1125
6888 0.0970
6889 0.5505
6890 0.1374
6891 0.0647
6892 0.2611
6893 0.2075
6894 0.2428
6895 0.1943
6896 0.0531
6897 0.1130
6898 0.1506
6899 0.1308
6900 0.1969
6901 0.2594
6902 0.1691
6903 0.1207
6904 0.1853
6905 0.1467
6906 0.3025
6907 0.2803
6908 0.2223
6909 0.1530
6910 0.3816
6911 0.2282
6912 0.1678
6913 0.0631
6914 0.2387
6915 0.1226
6916 0.2328
6917 0.1423
6918 0.1455
6919 0.2350
6920 0.3480
6921 0.0789
6922 0.3195
6923 0.1732
6924 0.1479
6925 0.2620
6926 0.4702
6927 0.0610
6928 0.1400
6929 0.2648
6930 0.2195
6931 0.3345
6932 0.2501
6933 0.2207
6934 0.1336
6935 0.0505
6936 0.2074
6937 0.1493
6938 0.1091
6939 0.1407
6940 0.1085
6941 0.6635
6942 0.1601
6943 0.0929
6944 0.2188
6945 0.1747
6946 0.3414
6947 0.1363
6948 0.2501
6949 0.1670
6950 0.1386
6951 0.1158
6952 0.3364
6953 0.1778
6954 0.4437
6955 0.2680
6956 0.1413
6957 0.0655
6958 0.1716
6959 0.1040
6960 0.1690
6961 0.2700
6962 0.0574
6963 0.1940
6964 0.3370
6965 0.2251
6966 0.1223
6967 0.1185
6968 0.1617
6969 0.1856
6970 0.3173
6971 0.1125
6972 0.1992
6973 0.2931
6974 0.2053
6975 0.3745
6976 0.2376
6977 0.2830
6978 0.0989
6979 0.1992
6980 0.0835
6981 0.2324
6982 0.3721
6983 0.1587
6984 0.0885
6985 0.3116
6986 0.1547
6987 0.1792
6988 0.1213
6989 0.1312
6990 0.1586
6991 0.2152
6992 0.0942
6993 0.3163
6994 0.2331
6995 0.7736
6996 0.2086
6997 0.2248
6998 0.2630
6999 0.3115
7000 0.3975
7001 0.1405
7002 0.1106
7003 0.4844
7004 0.1198
7005 0.1309
7006 0.1480
7007 0.1430
7008 0.1306
7009 0.1822
7010 0.0944
7011 0.4454
7012 0.2096
7013 0.3187
7014 0.3115
7015 0.2051
7016 0.1275
7017 0.2605
7018 0.3412
7019 0.1099
7020 0.4099
7021 0.1770
7022 0.3124
7023 0.4800
7024 0.3164
7025 0.3759
7026 0.1804
7027 0.5509
7028 0.4400
7029 0.1834
7030 0.1807
7031 0.1929
7032 0.1132
7033 0.5198
7034 0.3588
7035 0.4088
7036 0.4077
7037 0.1020
7038 0.1551
7039 0.3949
7040 0.3499
7041 0.1502
7042 0.1583
7043 0.2903
7044 0.3630
7045 0.2323
7046 0.3111
7047 0.2007
7048 0.0606
7049 0.1765
7050 0.3484
7051 0.0464
7052 0.3296
7053 0.1661
7054 0.1411
7055 0.7240
7056 0.0779
7057 0.1322
7058 0.3995
7059 0.1657
7060 0.1130
7061 0.0870
7062 0.4048
7063 0.2264
7064 0.1328
7065 0.2918
7066 0.1835
7067 0.1542
7068 0.2094
7069 0.4377
7070 0.1702
7071 0.1027
7072 0.3027
7073 0.2707
7074 0.1460
7075 0.1451
7076 0.2187
7077 0.2327
7078 0.0969
7079 0.2520
7080 0.2010
7081 0.0828
7082 0.1225
7083 0.3110
7084 0.1648
7085 0.1770
7086 0.1093
7087 0.1087
7088 0.1214
7089 0.1268
7090 0.2066
7091 0.2215
7092 0.2634
7093 0.1246
7094 0.2479
7095 0.1539
7096 0.2135
7097 0.2835
7098 0.0589
7099 0.2682
7100 0.1453
7101 0.3032
7102 0.1280
7103 0.4934
7104 0.1758
7105 0.2601
7106 0.3250
7107 0.0839
7108 0.2638
7109 0.2673
7110 0.1237
7111 0.2776
7112 0.1799
7113 0.1075
7114 0.1519
7115 0.2015
7116 0.1568
7117 0.4553
7118 0.1947
7119 0.1338
7120 0.1405
7121 0.1458
7122 0.1377
7123 0.1827
7124 0.3055
7125 0.1082
7126 0.1078
7127 0.0981
7128 0.1165
7129 0.1043
7130 0.2461
7131 0.3263
7132 0.1860
7133 0.2276
7134 0.2010
7135 0.1153
7136 0.2005
7137 0.1482
7138 0.3015
7139 0.2100
7140 0.2124
7141 0.1277
7142 0.2195
7143 0.1836
7144 0.2890
7145 0.2517
7146 0.1796
7147 0.1200
7148 0.4011
7149 0.0746
7150 0.2775
7151 0.1582
7152 0.4848
7153 0.1778
7154 0.0876
7155 0.1394
7156 0.1532
7157 0.1496
7158 0.4364
7159 0.3093
7160 0.1963
7161 0.1570
7162 0.2430
7163 0.0742
7164 0.2056
7165 0.3019
7166 0.1171
7167 0.4014
7168 0.1661
7169 0.1711
7170 0.1181
7171 0.1413
7172 0.2236
7173 0.1029
7174 0.2684
7175 0.2762
7176 0.2303
7177 0.1827
7178 0.2244
7179 0.2116
7180 0.1433
7181 0.2288
7182 0.1813
7183 0.1948
7184 0.4436
7185 0.2084
7186 0.1275
7187 0.1613
7188 0.1414
7189 0.3225
7190 0.1490
7191 0.1815
7192 0.2288
7193 0.2459
7194 0.1628
7195 0.1772
7196 0.1165
7197 0.1964
7198 0.1243
7199 0.1734
7200 0.4316
7201 0.3281
7202 0.1156
7203 0.1669
7204 0.1125
7205 0.1832
7206 0.1632
7207 0.1863
7208 0.1691
7209 0.0898
7210 0.2562
7211 0.1301
7212 0.2407
7213 0.0489
7214 0.7258
7215 0.3215
7216 0.2893
7217 0.1052
7218 0.1839
7219 0.2707
7220 0.5172
7221 0.4468
7222 0.1926
7223 0.1384
7224 0.2060
7225 0.2537
7226 0.3241
7227 0.1050
7228 0.2613
7229 0.2183
7230 0.1451
7231 0.1182
7232 0.1265
7233 0.3209
7234 0.1439
7235 0.1903
7236 0.1304
7237 0.2055
7238 0.1637
7239 0.1040
7240 0.5151
7241 0.2960
7242 0.1594
7243 0.1962
7244 0.2415
7245 0.1420
7246 0.3155
7247 0.1086
7248 0.1728
7249 0.2323
7250 0.1768
7251 0.1621
7252 0.1794
7253 0.0960
7254 0.3014
7255 0.3530
7256 0.1472
7257 0.3142
7258 0.3617
7259 0.0975
7260 0.1682
7261 0.1565
7262 0.1590
7263 0.1519
7264 0.0867
7265 0.2166
7266 0.3911
7267 0.5544
7268 0.3617
7269 0.1271
7270 0.1032
7271 0.0944
7272 0.0880
7273 0.1092
7274 0.4653
7275 0.1319
7276 0.1054
7277 0.1934
7278 0.1638
7279 0.2463
7280 0.2783
7281 0.1626
7282 0.1580
7283 0.2837
7284 0.2163
7285 0.2462
7286 0.2334
7287 0.1269
7288 0.4187
7289 0.1512
7290 0.1532
7291 0.2499
7292 0.2855
7293 0.1605
7294 0.1691
7295 0.1739
7296 0.1960
7297 0.1587
7298 0.1723
7299 0.1452
7300 0.0823
7301 0.0943
7302 0.1573
7303 0.3691
7304 0.1317
7305 0.0715
7306 0.1499
7307 0.2812
7308 0.1875
7309 0.2608
7310 0.0922
7311 0.1317
7312 0.2568
7313 0.2429
7314 0.3469
7315 0.1641
7316 0.3117
7317 0.1934
7318 0.2069
7319 0.7054
7320 0.1848
7321 0.1887
7322 0.1618
7323 0.2235
7324 0.0519
7325 0.1703
7326 0.7772
7327 0.5148
7328 0.1512
7329 0.1738
7330 0.1829
7331 0.4441
7332 0.2099
7333 0.0520
7334 0.5586
7335 0.3773
7336 0.1391
7337 0.4614
7338 0.0972
7339 0.3905
7340 0.2150
7341 0.2077
7342 0.2218
7343 0.1754
7344 0.0714
7345 0.0833
7346 0.2029
7347 0.5608
7348 0.2199
7349 0.1174
7350 0.2617
7351 0.2758
7352 0.2200
7353 0.1922
7354 0.3339
7355 0.1750
7356 0.0832
7357 0.2210
7358 0.1516
7359 0.1626
7360 0.0672
7361 0.6021
7362 0.1234
7363 0.0764
7364 0.0984
7365 0.1909
7366 0.1558
7367 0.1620
7368 0.2811
7369 0.2047
7370 0.1743
7371 0.0560
7372 0.2596
7373 0.1651
7374 0.2507
7375 0.2600
7376 0.1917
7377 0.4704
7378 0.1435
7379 0.1653
7380 0.1658
7381 0.0602
7382 0.1485
7383 0.0828
7384 0.2347
7385 0.6426
7386 0.3463
7387 0.5119
7388 0.2955
7389 0.1056
7390 0.3001
7391 0.2340
7392 0.2171
7393 0.2012
7394 0.2971
7395 0.1146
7396 0.1578
7397 0.2416
7398 0.1658
7399 0.3289
7400 0.0874
7401 0.3923
7402 0.1085
7403 0.2119
7404 0.1124
7405 0.2297
7406 0.2267
7407 0.0379
7408 0.1440
7409 0.1569
7410 0.1296
7411 0.1972
7412 0.3542
7413 0.1707
7414 0.3587
7415 0.1335
7416 0.4024
7417 0.2181
7418 0.2461
7419 0.0630
7420 0.1282
7421 0.0407
7422 0.1855
7423 0.2802
7424 0.1657
7425 0.2323
7426 0.1806
7427 0.1673
7428 0.1484
7429 0.3418
7430 0.0485
7431 0.3910
7432 0.1189
7433 0.5827
7434 0.1161
7435 0.1198
7436 0.7197
7437 0.3269
7438 0.2276
7439 0.3166
7440 0.0924
7441 0.1352
7442 0.5483
7443 0.1544
7444 0.2248
7445 0.2042
7446 0.0841
7447 0.4009
7448 0.3834
7449 0.2328
7450 0.5576
7451 0.2479
7452 0.2695
7453 0.1453
7454 0.0728
7455 0.2283
7456 0.1265
7457 0.2472
7458 0.1312
7459 0.2246
7460 0.0925
7461 0.1960
7462 0.5755
7463 0.4591
7464 0.1376
7465 0.0950
7466 0.1731
7467 0.1574
7468 0.1134
7469 0.0838
7470 0.2283
7471 0.4823
7472 0.7233
7473 0.2365
7474 0.1635
7475 0.2761
7476 0.2060
7477 0.1179
7478 0.0749
7479 0.1346
7480 0.1424
7481 0.3256
7482 0.2057
7483 0.2189
7484 0.1456
7485 0.2066
7486 0.0964
7487 0.2300
7488 0.1353
7489 0.3052
7490 0.4590
7491 0.0351
7492 0.1903
7493 0.2129
7494 0.2567
7495 0.1181
7496 0.1948
7497 0.0494
7498 0.2541
7499 0.3590
7500 0.2070
7501 0.0313
7502 0.3396
7503 0.3419
7504 0.1353
7505 0.0716
7506 0.2603
7507 0.1737
7508 0.0853
7509 0.0709
7510 0.2480
7511 0.4480
7512 0.3509
7513 0.2575
7514 0.1950
7515 0.2179
7516 0.1258
7517 0.1951
7518 0.2232
7519 0.1688
7520 0.6137
7521 0.1761
7522 0.1563
7523 0.1844
7524 0.1681
7525 0.1680
7526 0.1198
7527 0.1600
7528 0.2722
7529 0.1993
7530 0.1779
7531 0.3030
7532 0.0976
7533 0.1483
7534 0.2332
7535 0.1724
7536 0.0778
7537 0.1571
7538 0.1675
7539 0.3296
7540 0.3092
7541 0.0477
7542 0.7545
7543 0.1153
7544 0.3441
7545 0.4671
7546 0.2059
7547 0.1427
7548 0.0852
7549 0.1767
7550 0.2392
7551 0.2234
7552 0.2283
7553 0.3367
7554 0.2991
7555 0.2497
7556 0.1543
7557 0.2043
7558 0.4277
7559 0.0571
7560 0.0960
7561 0.1936
7562 0.1915
7563 0.2067
7564 0.2551
7565 0.1859
7566 0.0761
7567 0.5545
7568 0.1991
7569 0.2471
7570 0.1408
7571 0.2199
7572 0.1109
7573 0.1102
7574 0.2313
7575 0.1214
7576 0.2798
7577 0.1017
7578 0.4102
7579 0.5365
7580 0.1366
7581 0.1834
7582 0.2895
7583 0.1295
7584 0.4364
7585 0.1238
7586 0.1949
7587 0.2246
7588 0.3298
7589 0.1927
7590 0.0883
7591 0.2023
7592 0.0755
7593 0.2433
7594 0.2325
7595 0.1983
7596 0.3727
7597 0.1381
7598 0.1365
7599 0.2045
7600 0.2995
7601 0.6247
7602 0.3342
7603 0.2207
7604 0.1444
7605 0.1620
7606 0.1571
7607 0.2371
7608 0.2155
7609 0.1303
7610 0.1678
7611 0.2452
7612 0.2678
7613 0.2005
7614 0.8161
7615 0.1455
7616 0.3148
7617 0.1599
7618 0.3988
7619 0.1684
7620 0.0936
7621 0.2006
7622 0.1679
7623 0.2464
7624 0.2375
7625 0.1709
7626 0.1009
7627 0.1623
7628 0.1800
7629 0.2176
7630 0.1860
7631 0.0850
7632 0.2959
7633 0.1677
7634 0.3097
7635 0.2939
7636 0.1597
7637 0.2846
7638 0.2716
7639 0.1667
7640 0.2081
7641 0.2209
7642 0.1883
7643 0.3390
7644 0.2870
7645 0.2890
7646 0.1956
7647 0.1433
7648 0.1692
7649 0.1747
7650 0.1691
7651 0.1732
7652 0.2218
7653 0.0657
7654 0.1644
7655 0.1113
7656 0.0990
7657 0.1670
7658 0.2447
7659 0.0675
7660 0.3529
7661 0.3976
7662 0.2335
7663 0.5011
7664 0.1595
7665 0.2187
7666 0.1968
7667 0.1882
7668 0.1374
7669 0.2964
7670 0.1599
7671 0.1415
7672 0.1731
7673 0.1503
7674 0.4683
7675 0.0811
7676 0.2007
7677 0.1737
7678 0.4681
7679 0.1001
7680 0.3181
7681 0.1166
7682 0.1254
7683 0.1551
7684 0.1738
7685 0.1691
7686 0.1774
7687 0.2373
7688 0.1408
7689 0.1811
7690 0.0586
7691 0.3012
7692 0.2982
7693 0.1241
7694 0.0631
7695 0.3194
7696 0.2517
7697 0.1212
7698 0.1733
7699 0.2554
7700 0.2048
7701 0.3034
7702 0.0815
7703 0.2782
7704 0.2291
7705 0.1135
7706 0.1591
7707 0.0953
7708 0.1533
7709 0.3237
7710 0.6449
7711 0.2346
7712 0.2358
7713 0.1364
7714 0.1838
7715 0.2334
7716 0.1452
7717 0.4736
7718 0.2600
7719 0.1513
7720 0.1794
7721 0.2776
7722 0.2523
7723 0.2519
7724 0.2814
7725 0.1338
7726 0.3377
7727 0.1287
7728 0.3058
7729 0.1973
7730 0.2560
7731 0.0620
7732 0.1467
7733 0.3047
7734 0.1778
7735 0.0685
7736 0.2229
7737 0.3415
7738 0.8290
7739 0.4484
7740 0.2852
7741 0.2637
7742 0.2454
7743 0.1321
7744 0.1382
7745 0.1113
7746 0.1499
7747 0.0470
7748 0.2118
7749 0.2890
7750 0.1874
7751 0.2167
7752 0.1257
7753 0.3235
7754 0.2733
7755 0.1438
7756 0.1558
7757 0.1920
7758 0.2447
7759 0.1161
7760 0.3689
7761 0.2133
7762 0.8380
7763 0.1080
7764 0.0927
7765 0.2731
7766 0.3260
7767 0.0756
7768 0.1825
7769 0.1042
7770 0.0935
7771 0.0812
7772 0.4301
7773 0.2469
7774 0.0825
7775 0.1488
7776 0.2202
7777 0.6829
7778 0.1777
7779 0.2346
7780 0.1014
7781 0.1677
7782 0.3005
7783 0.3680
7784 0.2871
7785 0.2335
7786 0.2812
7787 0.1039
7788 0.0987
7789 0.1129
7790 0.1288
7791 0.1093
7792 0.1160
7793 0.3093
7794 0.6141
7795 0.1316
7796 0.2078
7797 0.1737
7798 0.1555
7799 0.1643
7800 0.1588
7801 0.2125
7802 0.1951
7803 0.1788
7804 0.2077
7805 0.1127
7806 0.1224
7807 0.1787
7808 0.1621
7809 0.5355
7810 0.0732
7811 0.1123
7812 0.1102
7813 0.1470
7814 0.2573
7815 0.2069
7816 0.1003
7817 0.2888
7818 0.2564
7819 0.2808
7820 0.0732
7821 0.1018
7822 0.2185
7823 0.0946
7824 0.0755
7825 0.1663
7826 0.1792
7827 0.1540
7828 0.2092
7829 0.2737
7830 0.1711
7831 0.1154
7832 0.0854
7833 0.2321
7834 0.1543
7835 0.3213
7836 0.1245
7837 0.1377
7838 0.1381
7839 0.1263
7840 0.1248
7841 0.1506
7842 0.0673
7843 0.1885
7844 0.1342
7845 0.2316
7846 0.3312
7847 0.1559
7848 0.0933
7849 0.2772
7850 0.3072
7851 0.3950
7852 0.1097
7853 0.1423
7854 0.3587
7855 0.5232
7856 0.1082
7857 0.1883
7858 0.4127
7859 0.1438
7860 0.2478
7861 0.1654
7862 0.2409
7863 0.1430
7864 0.2024
7865 0.3396
7866 0.1023
7867 0.1979
7868 0.2589
7869 0.0921
7870 0.1159
7871 0.1461
7872 0.1610
7873 0.1003
7874 0.1017
7875 0.4378
7876 0.2610
7877 0.0820
7878 0.1433
7879 0.3411
7880 0.1186
7881 0.3080
7882 0.1912
7883 0.8371
7884 0.2952
7885 0.2278
7886 0.2342
7887 0.2056
7888 0.1381
7889 0.1685
7890 0.1807
7891 0.0445
7892 0.1382
7893 0.1709
7894 0.2414
7895 0.0720
7896 0.2500
7897 0.0881
7898 0.2677
7899 0.4285
7900 0.4349
7901 0.4426
7902 0.4102
7903 0.2453
7904 0.1093
7905 0.1633
7906 0.1915
7907 0.0501
7908 0.1983
7909 0.6555
7910 0.1425
7911 0.2774
7912 0.1896
7913 0.0852
7914 0.3228
7915 0.1065
7916 0.0550
7917 0.1360
7918 0.1597
7919 0.1516
7920 0.3188
7921 0.1629
7922 0.1179
7923 0.1204
7924 0.1229
7925 0.1336
7926 0.1363
7927 0.2028
7928 0.3366
7929 0.1038
7930 0.3468
7931 0.3234
7932 0.1625
7933 0.1495
7934 0.1559
7935 0.3508
7936 0.2288
7937 0.5400
7938 0.1284
7939 0.1565
7940 0.1845
7941 0.1485
7942 0.3368
7943 0.0740
7944 0.1537
7945 0.0886
7946 0.1409
7947 0.0850
7948 0.1461
7949 0.0710
7950 0.1294
7951 0.1270
7952 0.7276
7953 0.2370
7954 0.3439
7955 0.0772
7956 0.1192
7957 0.1741
7958 0.1103
7959 0.1673
7960 0.1067
7961 0.1440
7962 0.1823
7963 0.3201
7964 0.3278
7965 0.2409
7966 0.1012
7967 0.1406
7968 0.1145
7969 0.2185
7970 0.4482
7971 0.1264
7972 0.2832
7973 0.1601
7974 0.1590
7975 0.1808
7976 0.2911
7977 0.1556
7978 0.3791
7979 0.1620
7980 0.1005
7981 0.5730
7982 0.2316
7983 0.1098
7984 0.3538
7985 0.0989
7986 0.2819
7987 0.3104
7988 0.1825
7989 0.1679
7990 0.1157
7991 0.2588
7992 0.2704
7993 0.2866
7994 0.3988
7995 0.0847
7996 0.2686
7997 0.1245
7998 0.1867
7999 0.1414
8000 0.1766
8001 0.3691
8002 0.4237
8003 0.1106
8004 0.2953
8005 0.1931
8006 0.2058
8007 0.1739
8008 0.3796
8009 0.1445
8010 0.1840
8011 0.1685
8012 0.3446
8013 0.3797
8014 0.1222
8015 0.5121
8016 0.3798
8017 0.1208
8018 0.7831
8019 0.1684
8020 0.2412
8021 0.2430
8022 0.2551
8023 0.1351
8024 0.1034
8025 0.2610
8026 0.3767
8027 0.2882
8028 0.3221
8029 0.1483
8030 0.2443
8031 0.2416
8032 0.0943
8033 0.1210
8034 0.2368
8035 0.2053
8036 0.1426
8037 0.1991
8038 0.2478
8039 0.2555
8040 0.4850
8041 0.1486
8042 0.0783
8043 0.0622
8044 0.1082
8045 0.0724
8046 0.3169
8047 0.1793
8048 0.1489
8049 0.2408
8050 0.1894
8051 0.1976
8052 0.0652
8053 0.6641
8054 0.1709
8055 0.3171
8056 0.1014
8057 0.1023
8058 0.1504
8059 0.2712
8060 0.0850
8061 0.2582
8062 0.0872
8063 0.1913
8064 0.3283
8065 0.2194
8066 0.0995
8067 0.1743
8068 0.1742
8069 0.2222
8070 0.3002
8071 0.1821
8072 0.1569
8073 0.3873
8074 0.5136
8075 0.1333
8076 0.2583
8077 0.4982
8078 0.0959
8079 0.0780
8080 0.1430
8081 0.1311
8082 0.4951
8083 0.1675
8084 0.2029
8085 0.0727
8086 0.1099
8087 0.1960
8088 0.1109
8089 0.1863
8090 0.1629
8091 0.1950
8092 0.2339
8093 0.3558
8094 0.1275
8095 0.2603
8096 0.0961
8097 0.3206
8098 0.1704
8099 0.1671
8100 0.1198
8101 0.2062
8102 0.1354
8103 0.4728
8104 0.1398
8105 0.2425
8106 0.2476
8107 0.1195
8108 0.1810
8109 0.1643
8110 0.1760
8111 0.1956
8112 0.2440
8113 0.0676
8114 0.1701
8115 0.1974
8116 0.0388
8117 0.1577
8118 0.1781
8119 0.0565
8120 0.1035
8121 0.2744
8122 0.2693
8123 0.1245
8124 0.3089
8125 0.1344
8126 0.3485
8127 0.1694
8128 0.4198
8129 0.1172
8130 0.1961
8131 0.1100
8132 0.3700
8133 0.1178
8134 0.3740
8135 0.2378
8136 0.1807
8137 0.3146
8138 0.2018
8139 0.1200
8140 0.1674
8141 0.2897
8142 0.1238
8143 0.2161
8144 0.2036
8145 0.3100
8146 0.2386
8147 0.3044
8148 0.2059
8149 0.1705
8150 0.1326
8151 0.2224
8152 0.1732
8153 0.1905
8154 0.1462
8155 0.4089
8156 0.2766
8157 0.1395
8158 0.1369
8159 0.3978
8160 0.0881
8161 0.1791
8162 0.1487
8163 0.1463
8164 0.2016
8165 0.1994
8166 0.1602
8167 0.3606
8168 0.1727
8169 0.1413
8170 0.2055
8171 0.1515
8172 0.1828
8173 0.2102
8174 0.1092
8175 0.2982
8176 0.1358
8177 0.3670
8178 0.1332
8179 0.4474
8180 0.2561
8181 0.3964
8182 0.2114
8183 0.2635
8184 0.2457
8185 0.1035
8186 0.2832
8187 0.1106
8188 0.1627
8189 0.1352
8190 0.1714
8191 0.0837
8192 0.2064
8193 0.2055
8194 0.5542
8195 0.1510
8196 0.2222
8197 0.2847
8198 0.1733
8199 0.1067
8200 0.1113
8201 0.2089
8202 0.2585
8203 0.3793
8204 0.1075
8205 0.2203
8206 0.1827
8207 0.2572
8208 0.1688
8209 0.0996
8210 0.3050
8211 0.1579
8212 0.2901
8213 0.1502
8214 0.2390
8215 0.1339
8216 0.3624
8217 0.2170
8218 0.3586
8219 0.4688
8220 0.2437
8221 0.2757
8222 0.2284
8223 0.2171
8224 0.6143
8225 0.1090
8226 0.1241
8227 0.2422
8228 0.1660
8229 0.2311
8230 0.1549
8231 0.2783
8232 0.2156
8233 0.2021
8234 0.2078
8235 0.1585
8236 0.4558
8237 0.2820
8238 0.0983
8239 0.0518
8240 0.1382
8241 0.2449
8242 0.4829
8243 0.2249
8244 0.0818
8245 0.2214
8246 0.1503
8247 0.2005
8248 0.1229
8249 0.3210
8250 0.1842
8251 0.1729
8252 0.1100
8253 0.0823
8254 0.1198
8255 0.2381
8256 0.3338
8257 0.1023
8258 0.1799
8259 0.2961
8260 0.2343
8261 0.1773
8262 0.1349
8263 0.1349
8264 0.2165
8265 0.3010
8266 0.1397
8267 0.3287
8268 0.2294
8269 0.2027
8270 0.2737
8271 0.2857
8272 0.2544
8273 0.1236
8274 0.1620
8275 0.1201
8276 0.0896
8277 0.2832
8278 0.1083
8279 0.8356
8280 0.2804
8281 0.1675
8282 0.1086
8283 0.0894
8284 0.2076
8285 0.2718
8286 0.2632
8287 0.3028
8288 0.1661
8289 0.3418
8290 0.0644
8291 0.1876
8292 0.1666
8293 0.2083
8294 0.2670
8295 0.1415
8296 0.2703
8297 0.4039
8298 0.2357
8299 0.4988
8300 0.1989
8301 0.1939
8302 0.2295
8303 0.2683
8304 0.0922
8305 0.2479
8306 0.2952
8307 0.2148
8308 0.2049
8309 0.0626
8310 0.3050
8311 0.1660
8312 0.2988
8313 0.1538
8314 0.3906
8315 0.2572
8316 0.1178
8317 0.2089
8318 0.0572
8319 0.1763
8320 0.2000
8321 0.1556
8322 0.2374
8323 0.4859
8324 0.1614
8325 0.1417
8326 0.6469
8327 0.3085
8328 0.1234
8329 0.2284
8330 0.1625
8331 0.1487
8332 0.2250
8333 0.1281
8334 0.1303
8335 0.0942
8336 0.4563
8337 0.1134
8338 0.3968
8339 0.2118
8340 0.1428
8341 0.1269
8342 0.1557
8343 0.3102
8344 0.2341
8345 0.2824
8346 0.1278
8347 0.0833
8348 0.4798
8349 0.1672
8350 0.4065
8351 0.1821
8352 0.2816
8353 0.2582
8354 0.1818
8355 0.1333
8356 0.1502
8357 0.1357
8358 0.2187
8359 0.3317
8360 0.1169
8361 0.1918
8362 0.1774
8363 0.1888
8364 0.2363
8365 0.1508
8366 0.2904
8367 0.4000
8368 0.1199
8369 0.1927
8370 0.4216
8371 0.1056
8372 0.1372
8373 0.3225
8374 0.1992
8375 0.1724
8376 0.2792
8377 0.1999
8378 0.0679
8379 0.1658
8380 0.1276
8381 0.0644
8382 0.1535
8383 0.2271
8384 0.1403
8385 0.2073
8386 0.2286
8387 0.2455
8388 0.1617
8389 0.2405
8390 0.2592
8391 0.0841
8392 0.3373
8393 0.1597
8394 0.1945
8395 0.1890
8396 0.2502
8397 0.1760
8398 0.2513
8399 0.3166
8400 0.2252
8401 0.2894
8402 0.1281
8403 0.1567
8404 0.5270
8405 0.3007
8406 0.1199
8407 0.2774
8408 0.1736
8409 0.4030
8410 0.0730
8411 0.2323
8412 0.2992
8413 0.1026
8414 0.3254
8415 0.2577
8416 0.1870
8417 0.2222
8418 0.2109
8419 0.2064
8420 0.1496
8421 0.0914
8422 0.0699
8423 0.0551
8424 0.1540
8425 0.1347
8426 0.1989
8427 0.2996
8428 0.1310
8429 0.1601
8430 0.1645
8431 0.1923
8432 0.1682
8433 0.1345
8434 0.1515
8435 0.1841
8436 0.1554
8437 0.1014
8438 0.2070
8439 0.1734
8440 0.2382
8441 0.2390
8442 0.1748
8443 0.1942
8444 0.2503
8445 0.1729
8446 0.0575
8447 0.1388
8448 0.3407
8449 0.3908
8450 0.1720
8451 0.1820
8452 0.4217
8453 0.2229
8454 0.1386
8455 0.0511
8456 0.1754
8457 0.2169
8458 0.2468
8459 0.2616
8460 0.2379
8461 0.1897
8462 0.1380
8463 0.1166
8464 0.1678
8465 0.1627
8466 0.2618
8467 0.1113
8468 0.2137
8469 0.1023
8470 0.2809
8471 0.1590
8472 0.2455
8473 0.2329
8474 0.2995
8475 0.1948
8476 0.2545
8477 0.3110
8478 0.2012
8479 0.1363
8480 0.3324
8481 0.1116
8482 0.1693
8483 0.2599
8484 0.1539
8485 0.2167
8486 0.3904
8487 0.2239
8488 0.1856
8489 0.2161
8490 0.1361
8491 0.1361
8492 0.1979
8493 0.1132
8494 0.1490
8495 0.1036
8496 0.2935
8497 0.0559
8498 0.1139
8499 0.1807
8500 0.2506
8501 0.1060
8502 0.2118
8503 0.2553
8504 0.2922
8505 0.1315
8506 0.3421
8507 0.2974
8508 0.2115
8509 0.2231
8510 0.2881
8511 0.1671
8512 0.1412
8513 0.3191
8514 0.1480
8515 0.1138
8516 0.1327
8517 0.2180
8518 0.0582
8519 0.1233
8520 0.1416
8521 0.2364
8522 0.1759
8523 0.2035
8524 0.2454
8525 0.1411
8526 0.2271
8527 0.1726
8528 0.2207
8529 0.1009
8530 0.2454
8531 0.1456
8532 0.1934
8533 0.1898
8534 0.1398
8535 0.1921
8536 0.2196
8537 0.2038
8538 0.4994
8539 0.1604
8540 0.3082
8541 0.1327
8542 0.2355
8543 0.2387
8544 0.2098
8545 0.1851
8546 0.1828
8547 0.2526
8548 0.2148
8549 0.6481
8550 0.2910
8551 0.2360
8552 0.1119
8553 0.6668
8554 0.1164
8555 0.1544
8556 0.1366
8557 0.1515
8558 0.1162
8559 0.1594
8560 0.1379
8561 0.1593
8562 0.2392
8563 0.1804
8564 0.1034
8565 0.1590
8566 0.1370
8567 0.3683
8568 0.1134
8569 0.2222
8570 0.2012
8571 0.1651
8572 0.1712
8573 0.3176
8574 0.0778
8575 0.1204
8576 0.2709
8577 0.0566
8578 0.4765
8579 0.1373
8580 0.1418
8581 0.1313
8582 0.2710
8583 0.1851
8584 0.2228
8585 0.1246
8586 0.1557
8587 0.2014
8588 0.1361
8589 0.2210
8590 0.4261
8591 0.2575
8592 0.1632
8593 0.1078
8594 0.2708
8595 0.2277
8596 0.1297
8597 0.1314
8598 0.1571
8599 0.2253
8600 0.1971
8601 0.1005
8602 0.2073
8603 0.1711
8604 0.1116
8605 0.1531
8606 0.3164
8607 0.3014
8608 0.1796
8609 0.4277
8610 0.2931
8611 0.3052
8612 0.0935
8613 0.1736
8614 0.1923
8615 0.1220
8616 0.1563
8617 0.2484
8618 0.2570
8619 0.1213
8620 0.1876
8621 0.1523
8622 0.5202
8623 0.1846
8624 0.0938
8625 0.1793
8626 0.1653
8627 0.2968
8628 0.1031
8629 0.1277
8630 0.1077
8631 0.1753
8632 0.0739
8633 0.2230
8634 0.3269
8635 0.0914
8636 0.3560
8637 0.2212
8638 0.2285
8639 0.2809
8640 0.1259
8641 0.2160
8642 0.2247
8643 0.2896
8644 0.0852
8645 0.3790
8646 0.1492
8647 0.2222
8648 0.1826
8649 0.2740
8650 0.1810
8651 0.2548
8652 0.1778
8653 0.0844
8654 0.7824
8655 0.2518
8656 0.2306
8657 0.1819
8658 0.1668
8659 0.0916
8660 0.0481
8661 0.2063
8662 0.1554
8663 0.1971
8664 0.1522
8665 0.1641
8666 0.1413
8667 0.1518
8668 0.0453
8669 0.2329
8670 0.3301
8671 0.1491
8672 0.3236
8673 0.1778
8674 0.2927
8675 0.1944
8676 0.1977
8677 0.1928
8678 0.3540
8679 0.2798
8680 0.1765
8681 0.1374
8682 0.1297
8683 0.2828
8684 0.1758
8685 0.0801
8686 0.1891
8687 0.1074
8688 0.1239
8689 0.0932
8690 0.1009
8691 0.1192
8692 0.1115
8693 0.1395
8694 0.1387
8695 0.2822
8696 0.2858
8697 0.1132
8698 0.1894
8699 0.1811
8700 0.1342
8701 0.1641
8702 0.1455
8703 0.1305
8704 0.1687
8705 0.2493
8706 0.1309
8707 0.2019
8708 0.2576
8709 0.1996
8710 0.2024
8711 0.3596
8712 0.2244
8713 0.2222
8714 0.2994
8715 0.1553
8716 0.0873
8717 0.1018
8718 0.2125
8719 0.2341
8720 0.2384
8721 0.3154
8722 0.1813
8723 0.3619
8724 0.2071
8725 0.2516
8726 0.2265
8727 0.9347
8728 0.1231
8729 0.4390
8730 0.2135
8731 0.1110
8732 0.1115
8733 0.2048
8734 0.2244
8735 0.1262
8736 0.1233
8737 0.1184
8738 0.2287
8739 0.2393
8740 0.5169
8741 0.1888
8742 0.3461
8743 0.2117
8744 0.1969
8745 0.1560
8746 0.2174
8747 0.7041
8748 0.0695
8749 0.1094
8750 0.3638
8751 0.2741
8752 0.1592
8753 0.4734
8754 0.0991
8755 0.2568
8756 0.1820
8757 0.4456
8758 0.3421
8759 0.2086
8760 0.0937
8761 0.3222
8762 0.1262
8763 0.4020
8764 0.2843
8765 0.1383
8766 0.1262
8767 0.1258
8768 0.4873
8769 0.0901
8770 0.1733
8771 0.1380
8772 0.8335
8773 0.2437
8774 0.1939
8775 0.2629
8776 0.1279
8777 0.0953
8778 0.1415
8779 0.1938
8780 0.2723
8781 0.2629
8782 0.1600
8783 0.2496
8784 0.1343
8785 0.3591
8786 0.1678
8787 0.3087
8788 0.2711
8789 0.2221
8790 0.2309
8791 0.3096
8792 0.4245
8793 0.1592
8794 0.1881
8795 0.2792
8796 0.1005
8797 0.1556
8798 0.3527
8799 0.1402
8800 0.1336
8801 0.1896
8802 0.6175
8803 0.0645
8804 0.1392
8805 0.3355
8806 0.3774
8807 0.1009
8808 0.3570
8809 0.2056
8810 0.2519
8811 0.0988
8812 0.1362
8813 0.0790
8814 0.1031
8815 0.2376
8816 0.3421
8817 0.0982
8818 0.2327
8819 0.2449
8820 0.1493
8821 0.2626
8822 0.2467
8823 0.2230
8824 0.1233
8825 0.2503
8826 0.2526
8827 0.1936
8828 0.1618
8829 0.2144
8830 0.2499
8831 0.2029
8832 0.2004
8833 0.2101
8834 0.0834
8835 0.0594
8836 0.0636
8837 0.3020
8838 0.1071
8839 0.1246
8840 0.1709
8841 0.1252
8842 0.1975
8843 0.1950
8844 0.2297
8845 0.1677
8846 0.1820
8847 0.0779
8848 0.1360
8849 0.1179
8850 0.4272
8851 0.2317
8852 0.1345
8853 0.2331
8854 0.2510
8855 0.2108
8856 0.1391
8857 0.1271
8858 0.6134
8859 0.1480
8860 0.1747
8861 0.1064
8862 0.1543
8863 0.1126
8864 0.1876
8865 0.1567
8866 0.1808
8867 0.1559
8868 0.1473
8869 0.2465
8870 0.4102
8871 0.2200
8872 0.1464
8873 0.4185
8874 0.1379
8875 0.1787
8876 0.6431
8877 0.2795
8878 0.5219
8879 0.1448
8880 0.1862
8881 0.1743
8882 0.2739
8883 0.1818
8884 0.2756
8885 0.2339
8886 0.3233
8887 0.2776
8888 0.3182
8889 0.1685
8890 0.3212
8891 0.4428
8892 0.0652
8893 0.2383
8894 0.1089
8895 0.1456
8896 0.2267
8897 1.1334
8898 0.1255
8899 0.1525
8900 0.1450
8901 0.1502
8902 0.1446
8903 0.2280
8904 0.3507
8905 0.1736
8906 0.0809
8907 0.0834
8908 0.3079
8909 0.1792
8910 0.1302
8911 0.2172
8912 0.2581
8913 0.9595
8914 0.1356
8915 0.1222
8916 0.4479
8917 0.1437
8918 0.3000
8919 0.1295
8920 0.0627
8921 0.2359
8922 0.3187
8923 0.1551
8924 0.3307
8925 0.1549
8926 0.1772
8927 0.2798
8928 0.1525
8929 0.2339
8930 0.0576
8931 0.2448
8932 0.5015
8933 0.1633
8934 0.4836
8935 0.2196
8936 0.2128
8937 0.1153
8938 0.1151
8939 0.1297
8940 0.2023
8941 0.1033
8942 0.3870
8943 0.3233
8944 0.1422
8945 0.2807
8946 0.1620
8947 0.1400
8948 0.6191
8949 0.2662
8950 0.1548
8951 0.0967
8952 0.0939
8953 0.1758
8954 0.3239
8955 0.1333
8956 0.3469
8957 0.3460
8958 0.1535
8959 0.2643
8960 0.3789
8961 0.1466
8962 0.1625
8963 0.0963
8964 0.5717
8965 0.1654
8966 0.1150
8967 0.0742
8968 0.1311
8969 0.3196
8970 0.2411
8971 0.1784
8972 0.3245
8973 0.1190
8974 0.2778
8975 0.0987
8976 0.0681
8977 0.3500
8978 0.4996
8979 0.1319
8980 0.5119
8981 0.7472
8982 0.2370
8983 0.1667
8984 0.2596
8985 0.0998
8986 0.2475
8987 0.3562
8988 0.0957
8989 0.1602
8990 0.1316
8991 0.4416
8992 0.1666
8993 0.2214
8994 0.1587
8995 0.2334
8996 0.2783
8997 0.2559
8998 0.1089
8999 0.3558
9000 0.2372
9001 0.1425
9002 0.2514
9003 0.1183
9004 0.2063
9005 0.2809
9006 0.0927
9007 0.2203
9008 0.3437
9009 0.2540
9010 0.1691
9011 0.2342
9012 0.2567
9013 0.1702
9014 0.0911
9015 0.2190
9016 0.1848
9017 0.3521
9018 0.3182
9019 0.1369
9020 0.1163
9021 0.1273
9022 0.2396
9023 0.2963
9024 0.2900
9025 0.1381
9026 0.1672
9027 0.2268
9028 0.3327
9029 0.2395
9030 0.0798
9031 0.1874
9032 0.0858
9033 0.2119
9034 0.1760
9035 0.4651
9036 0.0933
9037 0.1684
9038 0.1219
9039 0.0796
9040 0.2301
9041 0.2527
9042 0.1553
9043 0.1017
9044 0.3564
9045 0.5873
9046 0.0967
9047 0.1392
9048 0.1443
9049 0.2561
9050 0.1578
9051 0.1551
9052 0.1783
9053 0.3602
9054 0.1757
9055 0.1389
9056 0.1683
9057 0.2054
9058 0.2012
9059 0.0995
9060 0.0973
9061 0.1241
9062 0.1980
9063 0.2221
9064 0.1776
9065 0.1498
9066 0.1405
9067 0.2959
9068 0.0558
9069 0.4301
9070 0.1572
9071 0.2080
9072 0.1844
9073 0.2026
9074 0.1743
9075 0.2441
9076 0.1440
9077 0.1869
9078 0.1492
9079 0.1405
9080 0.2398
9081 0.2986
9082 0.2978
9083 0.2088
9084 0.2273
9085 0.2076
9086 0.2917
9087 0.1694
9088 0.2911
9089 0.0161
9090 0.0994
9091 0.2088
9092 0.0829
9093 0.1705
9094 0.2136
9095 0.3634
9096 0.0896
9097 0.3042
9098 0.2144
9099 0.2469
9100 0.2818
9101 0.1137
9102 0.1002
9103 0.1671
9104 0.1997
9105 0.2409
9106 0.1316
9107 0.1873
9108 0.2391
9109 0.3241
9110 0.1140
9111 0.2122
9112 0.1223
9113 0.2418
9114 0.1797
9115 0.0566
9116 0.1016
9117 0.1908
9118 0.1326
9119 0.2998
9120 0.1322
9121 0.3273
9122 0.1484
9123 0.1134
9124 0.2909
9125 0.1995
9126 0.0987
9127 0.1271
9128 0.3678
9129 0.1779
9130 0.2872
9131 0.3846
9132 0.1626
9133 0.1111
9134 0.1525
9135 0.3118
9136 0.1845
9137 0.1140
9138 0.1542
9139 0.2982
9140 0.1195
9141 0.4725
9142 0.2359
9143 0.1328
9144 0.5283
9145 0.3040
9146 0.1833
9147 0.1570
9148 0.2459
9149 0.2407
9150 0.2665
9151 0.2132
9152 0.3288
9153 0.2223
9154 0.1197
9155 0.3736
9156 0.2194
9157 0.1522
9158 0.1091
9159 0.2444
9160 0.2517
9161 0.1294
9162 0.2086
9163 0.1264
9164 0.3346
9165 0.1670
9166 0.1291
9167 0.3967
9168 0.0794
9169 0.2624
9170 0.1921
9171 0.1600
9172 0.2774
9173 0.1789
9174 0.1089
9175 0.2248
9176 0.1403
9177 0.4296
9178 0.1979
9179 0.2686
9180 0.1116
9181 0.2441
9182 0.2050
9183 0.1739
9184 0.1889
9185 0.1745
9186 0.1586
9187 0.0981
9188 0.1113
9189 0.0921
9190 0.1205
9191 0.1912
9192 0.0856
9193 0.1519
9194 0.0874
9195 0.2834
9196 0.5054
9197 0.4847
9198 0.2232
9199 0.0910
9200 0.1049
9201 0.1388
9202 0.1494
9203 0.1383
9204 0.1192
9205 0.2309
9206 0.1237
9207 0.1641
9208 0.4012
9209 0.0747
9210 0.2522
9211 0.0953
9212 0.1587
9213 0.1392
9214 0.2089
9215 0.2178
9216 0.3523
9217 0.2656
9218 0.1193
9219 0.0658
9220 0.1514
9221 0.2369
9222 0.1105
9223 0.0607
9224 0.0785
9225 0.1460
9226 0.1899
9227 0.1801
9228 0.1359
9229 0.0860
9230 0.3290
9231 0.2325
9232 0.2720
9233 0.0620
9234 0.0308
9235 0.2111
9236 0.2451
9237 0.3004
9238 0.5663
9239 0.3664
9240 0.1464
9241 0.4341
9242 0.1782
9243 0.2551
9244 0.1512
9245 0.3515
9246 0.1484
9247 0.0997
9248 0.1646
9249 0.1521
9250 0.2023
9251 0.0595
9252 0.1324
9253 0.1657
9254 0.2017
9255 0.1767
9256 0.1547
9257 0.1457
9258 0.3291
9259 0.3603
9260 0.2286
9261 0.2360
9262 0.1498
9263 0.1046
9264 0.3003
9265 0.3082
9266 0.1892
9267 0.1253
9268 0.2420
9269 0.2344
9270 0.2811
9271 0.2307
9272 0.1537
9273 0.2094
9274 0.0882
9275 0.0829
9276 0.0961
9277 0.2166
9278 0.0855
9279 0.2393
9280 0.1118
9281 0.2313
9282 0.3501
9283 0.1698
9284 0.1114
9285 0.2950
9286 0.3020
9287 0.1299
9288 0.4390
9289 0.1936
9290 0.2913
9291 0.1391
9292 0.0658
9293 0.2467
9294 0.1404
9295 0.1570
9296 0.1757
9297 0.1170
9298 0.2689
9299 0.1008
9300 0.1598
9301 0.1447
9302 0.1881
9303 0.2318
9304 0.1245
9305 0.1802
9306 0.2144
9307 0.3308
9308 0.2236
9309 0.0924
9310 0.2910
9311 0.1702
9312 0.1573
9313 0.1273
9314 0.2633
9315 0.2724
9316 0.0975
9317 0.1191
9318 0.1092
9319 0.0791
9320 0.2153
9321 0.3161
9322 0.1525
9323 0.1405
9324 0.2140
9325 0.1749
9326 0.0942
9327 0.2092
9328 0.2356
9329 0.1607
9330 0.2412
9331 0.0709
9332 0.0953
9333 0.4245
9334 0.2201
9335 0.2008
9336 0.1331
9337 0.0846
9338 0.1524
9339 0.1202
9340 0.1580
9341 0.1313
9342 0.2291
9343 0.1349
9344 0.2745
9345 0.5427
9346 0.1226
9347 0.1366
9348 0.1547
9349 0.2515
9350 0.1091
9351 0.1812
9352 0.1809
9353 0.5047
9354 0.1441
9355 0.2254
9356 0.2789
9357 0.1750
9358 0.1856
9359 0.1785
9360 0.1334
9361 0.2728
9362 0.3216
9363 0.0518
9364 0.2271
9365 0.2544
9366 0.4264
9367 0.2037
9368 0.2118
9369 0.1693
9370 0.0789
9371 0.2786
9372 0.1775
9373 0.2455
9374 0.3741
9375 0.0891
9376 0.0759
9377 0.1637
9378 0.1095
9379 0.0666
9380 1.1227
9381 0.2355
9382 0.1823
9383 0.2170
9384 0.1200
9385 0.2301
9386 0.1758
9387 0.3550
9388 0.1442
9389 0.0919
9390 0.3101
9391 0.2194
9392 0.2017
9393 0.1638
9394 0.1996
9395 0.4007
9396 0.2554
9397 0.1238
9398 0.2210
9399 0.1426
9400 0.1856
9401 0.1141
9402 0.1220
9403 0.2249
9404 0.4168
9405 0.6508
9406 0.1880
9407 0.5615
9408 0.1432
9409 0.2181
9410 0.2099
9411 0.1506
9412 0.3070
9413 0.1947
9414 0.1508
9415 0.1255
9416 0.1239
9417 0.1485
9418 0.1633
9419 0.2431
9420 0.5788
9421 0.2658
9422 0.0758
9423 0.3660
9424 0.4993
9425 0.2036
9426 0.0752
9427 0.0997
9428 0.6048
9429 0.1600
9430 0.0940
9431 0.7647
9432 0.6402
9433 0.2563
9434 0.3079
9435 0.0860
9436 0.2996
9437 0.2926
9438 0.1181
9439 0.1231
9440 0.0747
9441 0.1512
9442 0.4493
9443 0.2024
9444 0.1235
9445 0.1661
9446 0.2022
9447 0.1446
9448 0.0945
9449 0.2635
9450 0.2152
9451 0.0993
9452 0.6214
9453 0.1211
9454 0.0961
9455 0.1517
9456 0.1626
9457 0.1451
9458 0.2166
9459 0.0876
9460 0.2520
9461 0.2498
9462 0.1869
9463 0.2050
9464 0.2538
9465 0.2289
9466 0.0689
9467 0.1476
9468 0.2751
9469 0.1092
9470 0.1536
9471 0.2346
9472 0.1711
9473 0.2990
9474 0.0762
9475 0.2576
9476 0.1359
9477 0.6734
9478 0.1578
9479 0.1660
9480 0.1089
9481 0.1501
9482 0.2986
9483 0.1054
9484 0.0839
9485 0.2566
9486 0.0878
9487 0.3007
9488 0.1895
9489 0.2635
9490 0.2112
9491 0.1145
9492 0.0905
9493 0.2604
9494 0.1764
9495 0.1315
9496 0.1305
9497 0.0842
9498 0.2174
9499 0.3205
9500 0.3819
9501 0.3025
9502 0.1188
9503 0.1756
9504 0.0812
9505 0.1590
9506 0.5057
9507 0.0969
9508 0.1767
9509 0.2150
9510 0.3651
9511 0.1360
9512 0.1780
9513 0.4183
9514 0.1424
9515 0.2619
9516 0.1806
9517 0.3098
9518 0.1879
9519 0.1995
9520 0.0692
9521 0.0637
9522 0.1841
9523 0.2801
9524 0.2835
9525 0.7156
9526 0.1962
9527 0.2705
9528 0.2703
9529 0.1638
9530 0.3084
9531 0.1977
9532 0.3865
9533 0.1154
9534 0.1853
9535 0.1478
9536 0.1172
9537 0.0641
9538 0.7494
9539 0.1012
9540 0.2930
9541 0.1450
9542 0.2518
9543 0.4002
9544 0.1271
9545 0.2187
9546 0.4634
9547 0.1965
9548 0.1877
9549 0.1249
9550 0.3782
9551 0.3014
9552 0.1858
9553 0.1596
9554 0.1468
9555 0.1413
9556 0.3072
9557 0.0822
9558 0.4012
9559 0.2375
9560 0.1322
9561 0.1464
9562 0.1578
9563 0.2487
9564 0.1839
9565 0.1833
9566 0.1530
9567 0.0887
9568 0.1098
9569 0.1800
9570 0.0940
9571 0.5530
9572 0.1937
9573 0.3247
9574 0.0715
9575 0.0781
9576 0.2600
9577 0.3281
9578 0.2601
9579 0.0883
9580 0.1898
9581 0.1907
9582 0.1104
9583 0.1195
9584 0.1956
9585 0.1123
9586 0.2257
9587 0.2107
9588 0.1011
9589 0.1300
9590 0.1234
9591 0.2529
9592 0.1100
9593 0.2061
9594 0.1469
9595 0.0742
9596 0.2081
9597 0.1807
9598 0.3027
9599 0.3062
9600 0.1434
9601 0.4060
9602 0.1553
9603 0.1124
9604 0.1152
9605 0.2036
9606 0.0836
9607 0.0869
9608 0.1235
9609 0.0717
9610 0.2036
9611 0.1558
9612 0.4513
9613 0.1811
9614 0.1667
9615 0.2325
9616 0.0612
9617 0.2613
9618 0.1342
9619 0.0548
9620 0.1544
9621 0.1107
9622 0.0684
9623 0.1561
9624 0.3639
9625 0.1544
9626 0.3686
9627 0.2531
9628 0.1624
9629 0.1563
9630 0.2021
9631 0.0919
9632 0.0593
9633 0.3710
9634 0.1649
9635 0.5001
9636 0.3141
9637 0.1755
9638 0.0884
9639 0.2402
9640 0.1582
9641 0.1009
9642 0.4249
9643 0.2781
9644 0.4235
9645 0.2145
9646 0.1809
9647 0.2008
9648 0.2256
9649 0.1471
9650 0.1681
9651 0.1795
9652 0.5299
9653 0.2401
9654 0.1203
9655 0.4551
9656 0.2544
9657 0.0744
9658 0.0759
9659 0.1851
9660 0.1950
9661 0.2609
9662 0.0655
9663 0.1307
9664 0.1531
9665 0.3475
9666 0.2623
9667 0.1040
9668 0.2057
9669 0.4856
9670 0.1215
9671 0.1906
9672 0.2926
9673 0.1738
9674 0.1060
9675 0.3402
9676 0.2847
9677 0.2263
9678 0.1098
9679 0.2033
9680 0.0752
9681 0.1181
9682 0.1005
9683 0.3200
9684 0.1405
9685 0.2269
9686 0.1587
9687 0.0542
9688 0.2761
9689 0.1523
9690 0.2338
9691 0.4425
9692 0.1561
9693 0.1128
9694 0.6026
9695 0.0810
9696 0.1171
9697 0.1951
9698 0.4884
9699 0.2194
9700 0.1056
9701 0.1505
9702 0.1726
9703 0.0927
9704 0.0896
9705 0.1276
9706 0.3231
9707 0.3080
9708 0.2523
9709 0.2748
9710 0.3126
9711 0.1182
9712 0.2083
9713 0.5376
9714 0.2766
9715 0.0473
9716 0.1717
9717 0.2030
9718 0.1713
9719 0.2202
9720 0.0720
9721 0.1565
9722 0.2293
9723 0.2036
9724 0.1285
9725 0.2738
9726 0.2688
9727 0.1931
9728 0.2705
9729 0.1298
9730 0.2069
9731 0.0492
9732 0.2372
9733 0.0680
9734 0.1413
9735 0.0783
9736 0.1585
9737 0.1697
9738 0.2425
9739 0.1825
9740 0.0665
9741 0.3443
9742 0.1617
9743 0.3756
9744 0.2428
9745 0.1557
9746 0.3398
9747 0.1530
9748 0.2405
9749 0.2796
9750 0.0688
9751 0.1004
9752 0.2111
9753 0.1718
9754 0.2431
9755 0.0908
9756 0.2245
9757 0.1422
9758 0.2904
9759 0.2151
9760 0.2696
9761 0.1124
9762 0.3733
9763 0.4573
9764 0.1846
9765 0.2544
9766 0.1076
9767 0.1357
9768 0.2404
9769 0.2545
9770 0.3976
9771 0.1463
9772 0.2343
9773 0.1457
9774 0.4213
9775 0.1469
9776 0.0805
9777 0.1941
9778 0.1569
9779 0.1859
9780 0.0861
9781 0.0880
9782 0.0866
9783 0.2869
9784 0.2918
9785 0.1149
9786 0.1741
9787 0.0939
9788 0.5411
9789 0.1082
9790 0.2927
9791 0.1848
9792 0.2372
9793 0.1724
9794 0.2470
9795 0.1735
9796 0.2298
9797 0.2544
9798 0.2150
9799 0.1217
9800 0.2646
9801 0.0992
9802 0.2576
9803 0.1786
9804 0.2281
9805 0.1024
9806 0.1654
9807 0.1145
9808 0.1519
9809 0.1956
9810 0.1914
9811 0.1507
9812 0.1209
9813 0.1986
9814 0.2472
9815 0.1797
9816 0.1549
9817 0.1170
9818 0.1599
9819 0.1609
9820 0.3384
9821 0.1075
9822 0.1499
9823 0.3466
9824 0.4111
9825 0.2936
9826 0.2189
9827 0.3196
9828 0.0762
9829 0.5252
9830 0.2537
9831 0.2456
9832 0.1693
9833 0.1872
9834 0.2468
9835 0.3160
9836 0.2631
9837 0.0786
9838 0.0684
9839 0.1050
9840 0.3686
9841 0.4888
9842 0.1732
9843 0.0763
9844 0.1015
9845 0.1402
9846 0.0834
9847 0.1010
9848 0.3451
9849 0.1946
9850 0.3473
9851 0.1533
9852 0.2170
9853 0.0681
9854 0.2035
9855 0.0856
9856 0.1964
9857 0.1368
9858 0.1291
9859 0.1943
9860 0.1723
9861 0.1851
9862 0.1269
9863 0.2609
9864 0.2037
9865 0.1796
9866 0.2469
9867 0.3237
9868 0.0507
9869 0.2199
9870 0.1693
9871 0.8587
9872 0.2528
9873 0.3854
9874 0.2750
9875 0.2056
9876 0.5806
9877 0.1403
9878 0.0795
9879 0.2314
9880 0.1116
9881 0.0766
9882 0.1026
9883 0.2197
9884 0.2248
9885 0.2385
9886 0.1342
9887 0.1267
9888 0.1756
9889 0.1392
9890 0.1045
9891 0.1133
9892 0.2486
9893 0.1294
9894 0.2203
9895 0.2363
9896 0.1957
9897 0.2340
9898 0.4131
9899 0.2269
9900 0.2887
9901 0.2939
9902 0.2409
9903 0.3839
9904 0.0599
9905 0.2429
9906 0.1200
9907 0.1480
9908 0.1122
9909 0.2239
9910 0.1283
9911 0.3144
9912 0.4254
9913 0.1302
9914 0.2019
9915 0.1063
9916 0.2045
9917 0.5377
9918 0.1929
9919 0.1238
9920 0.1891
9921 0.1015
9922 0.1256
9923 0.1522
9924 0.1962
9925 0.0733
9926 0.1751
9927 0.1803
9928 0.1563
9929 0.1585
9930 0.1488
9931 0.3486
9932 0.1378
9933 0.1209
9934 0.3578
9935 0.1808
9936 0.3088
9937 0.2704
9938 0.2321
9939 0.2064
9940 0.1547
9941 0.2533
9942 0.4551
9943 0.0861
9944 0.2172
9945 0.1410
9946 0.1829
9947 0.3533
9948 0.1107
9949 0.2313
9950 0.0912
9951 0.1091
9952 0.2208
9953 0.1301
9954 0.1141
9955 0.1844
9956 0.2185
9957 0.1660
9958 0.1486
9959 0.2178
9960 0.1529
9961 0.2798
9962 0.1707
9963 0.1753
9964 0.1288
9965 0.0727
9966 0.2556
9967 0.1615
9968 0.2043
9969 0.1467
9970 0.1583
9971 0.1167
9972 0.2867
9973 0.1351
9974 0.0939
9975 0.1118
9976 0.2452
9977 0.1752
9978 0.2083
9979 0.2213
9980 0.2782
9981 0.1553
9982 0.1740
9983 0.0519
9984 0.1613
9985 0.3426
9986 0.3469
9987 0.2395
9988 0.3404
9989 0.3195
9990 0.1012
9991 0.0948
9992 0.2115
9993 0.0863
9994 0.3084
9995 0.2378
9996 0.2689
9997 0.0768
9998 0.1630
9999 0.3238
10000 0.0508
