3 0.08000000566244125 1.682978868484497 0.041027750819921494 45.08443832397461 0.05100662261247635 25.156291961669922 0.07300107181072235 2.7243034839630127
3 0.052007339894771576 25.524484634399414 0.05001264810562134 29.89402198791504 0.04002203047275543 50.65633010864258 0.07900000363588333 0.9386257529258728
4 0.07100441306829453 5.684009075164795 0.04601643979549408 46.17112731933594 0.08304300159215927 1.5205339193344116 0.060026369988918304 19.539182662963867
3 0.03402388095855713 51.09324645996094 0.07400000095367432 2.1814417839050293 0.08399999886751175 0.0 0.046023596078157425 28.318971633911133
1 0.07199999690055847 1.382847547531128 0.0710025504231453 0.9527981877326965 0.04900102689862251 8.85904312133789 0.03800348564982414 17.619516372680664
4 0.0480196587741375 39.89887237548828 0.043020229786634445 53.01898193359375 0.03402562811970711 79.13451385498047 0.041025277227163315 57.66376495361328
4 0.07502589374780655 3.258767604827881 0.05002383887767792 37.76900863647461 0.03704259917140007 74.02086639404297 0.03201853111386299 92.11639404296875
2 0.04102037847042084 27.696624755859375 0.06400072574615479 6.3896684646606445 0.056004516780376434 12.628705978393555 0.06500758230686188 6.345539093017578
2 0.04101000353693962 31.415069580078125 0.03102518618106842 49.03997802734375 0.08100000023841858 0.0 0.07000038772821426 3.305911064147949
3 0.03103296086192131 65.41283416748047 0.0740005373954773 2.4878106117248535 0.06702245771884918 7.106391429901123 0.03402391076087952 57.099124908447266
1 0.052010126411914825 10.786453247070312 0.054001450538635254 9.557476043701172 0.05200541764497757 11.34703254699707 0.061001814901828766 5.379606246948242
2 0.08399999886751175 0.0 0.060005638748407364 11.302626609802246 0.06400162726640701 7.687301158905029 0.08500044047832489 0.5397294163703918
4 0.06403902173042297 12.250144958496094 0.08100071549415588 0.3393208384513855 0.08500000089406967 0.3965033292770386 0.07100540399551392 5.3993611335754395
4 0.05400245264172554 24.016883850097656 0.04701337590813637 37.64496612548828 0.0680004209280014 8.002278327941895 0.07800000160932541 1.292549729347229
3 0.08100046217441559 0.32964208722114563 0.03601798415184021 59.337581634521484 0.07100024074316025 4.468780517578125 0.07100165635347366 4.718122959136963
3 0.033023908734321594 67.79472351074219 0.032030705362558365 70.63562774658203 0.057017505168914795 19.174793243408203 0.03703824803233147 57.771976470947266
4 0.03102678433060646 69.59044647216797 0.048010777682065964 39.001407623291016 0.06601522862911224 10.52791976928711 0.058002132922410965 20.804826736450195
3 0.06200075149536133 9.468244552612305 0.03601847216486931 47.47612762451172 0.07000194489955902 4.557033538818359 0.06100161001086235 11.088902473449707
4 0.05700917914509773 20.071741104125977 0.08000015467405319 1.865549087524414 0.050027549266815186 31.910982131958008 0.049014654010534286 33.5384407043457
4 0.03202660754323006 80.9011459350586 0.06904701888561249 7.620339870452881 0.04901712387800217 34.89453125 0.04401826858520508 46.81890869140625
3 0.047014180570840836 34.76064682006836 0.05901250243186951 16.240175247192383 0.031037675216794014 75.385986328125 0.06600149720907211 8.90999984741211
2 0.043015364557504654 32.00138473510742 0.033029183745384216 47.68087387084961 0.04600770026445389 25.189638137817383 0.031022120267152786 51.66975021362305
1 0.07000000029802322 1.9499545097351074 0.04000105336308479 12.52894115447998 0.03800658509135246 15.411269187927246 0.03500448912382126 17.414459228515625
2 0.06000163033604622 6.933640480041504 0.04700835421681404 17.101335525512695 0.0500064380466938 15.38232421875 0.06700514256954193 3.910900592803955
4 0.07000523060560226 6.301967144012451 0.06597147136926651 10.768084526062012 0.03003877028822899 81.42411041259766 0.08100002259016037 3.5313005447387695
1 0.08300403505563736 0.7063862085342407 0.07500000298023224 1.3264261484146118 0.03201964497566223 34.823909759521484 0.033010367304086685 33.478660583496094
1 0.07699999958276749 0.9734179973602295 0.04900198057293892 12.915159225463867 0.06300501525402069 4.412778854370117 0.061003413051366806 6.2083282470703125
1 0.07699999958276749 1.0568418502807617 0.049002885818481445 13.533452987670898 0.06400463730096817 5.11720085144043 0.08399999886751175 0.0
1 0.05100497230887413 6.893805027008057 0.04400717839598656 11.548354148864746 0.04795772582292557 9.98715591430664 0.060032542794942856 4.7276811599731445
3 0.03302212432026863 49.77140426635742 0.038018543273210526 47.30233383178711 0.057019542902708054 15.597384452819824 0.05100741982460022 24.444881439208984
1 0.034008920192718506 20.227994918823242 0.0600004568696022 3.0039727687835693 0.06800001859664917 1.5237476825714111 0.06800056248903275 1.656474232673645
1 0.05900023132562637 5.635962009429932 0.05300064757466316 6.497342586517334 0.05200463533401489 7.728150367736816 0.0820000022649765 0.0
1 0.06000005453824997 2.3359360694885254 0.06199999898672104 2.502135992050171 0.03201412409543991 20.58587646484375 0.043002959340810776 12.103520393371582
4 0.05503720045089722 28.73490333557129 0.04901329055428505 39.85844039916992 0.041026126593351364 60.34718322753906 0.06400282680988312 13.691887855529785
1 0.05600070208311081 8.98564624786377 0.0630008652806282 5.21317195892334 0.06697554141283035 3.3926546573638916 0.03803043067455292 28.89211082458496
3 0.06800000369548798 6.694025993347168 0.058008987456560135 17.300338745117188 0.056009288877248764 20.59284782409668 0.060004860162734985 15.36030101776123
4 0.08197255432605743 1.4947001934051514 0.05900849401950836 17.410505294799805 0.07900839298963547 2.026472330093384 0.06800101697444916 7.850277423858643
1 0.07502464950084686 0.5426481366157532 0.04101937264204025 20.93880844116211 0.04400833696126938 16.862709045410156 0.047006744891405106 14.281158447265625
2 0.0450027696788311 25.341896057128906 0.0360105074942112 39.89837646484375 0.03801219165325165 36.61456298828125 0.06396472454071045 5.819087028503418
1 0.07400437444448471 0.892999529838562 0.06295781582593918 4.57016658782959 0.06100334972143173 4.676865100860596 0.07800006866455078 0.4259013533592224
3 0.041014477610588074 47.56256866455078 0.0810009017586708 0.3097151815891266 0.07200053334236145 3.84004545211792 0.06200677901506424 12.551630973815918
2 0.047012507915496826 24.678630828857422 0.0480068176984787 23.447118759155273 0.08399999886751175 0.064336858689785 0.05400147661566734 16.16747283935547
2 0.059023406356573105 12.840042114257812 0.06900038570165634 4.9745988845825195 0.0800003632903099 1.0651692152023315 0.04201006144285202 33.26252746582031
3 0.05901492387056351 16.635469436645508 0.0330197736620903 68.63020324707031 0.05402301624417305 23.356992721557617 0.052011482417583466 26.419435501098633
2 0.08100087195634842 1.0555496215820312 0.038010574877262115 42.09513473510742 0.04601436108350754 27.699464797973633 0.0850001871585846 0.712988555431366
2 0.0600009448826313 9.183741569519043 0.07900413125753403 0.7199814319610596 0.08399999886751175 0.0 0.03102073445916176 56.64741516113281
3 0.07100304216146469 5.1161088943481445 0.06496093422174454 9.965648651123047 0.04700751230120659 33.526580810546875 0.042017046362161636 44.260257720947266
3 0.08399999886751175 0.0 0.040014367550611496 42.27388000488281 0.03301018476486206 59.70994186401367 0.03501928225159645 54.038230895996094
2 0.04999371990561485 21.89643669128418 0.05000811070203781 20.918466567993164 0.05200498178601265 18.14024543762207 0.0770004540681839 1.4171340465545654
3 0.062001023441553116 9.71877670288086 0.033018890768289566 53.96107482910156 0.0650004968047142 7.862009525299072 0.052010100334882736 20.35740089416504
3 0.04904775321483612 24.176408767700195 0.052008144557476044 21.492862701416016 0.0340181328356266 54.79570388793945 0.08399999886751175 0.0
1 0.04000566527247429 20.89583396911621 0.06800000369548798 3.4260079860687256 0.03701210767030716 21.984603881835938 0.08500000089406967 0.0
3 0.06300059705972672 12.678464889526367 0.08001770079135895 0.6129807829856873 0.07000348716974258 5.561002731323242 0.04401564598083496 42.57207489013672
1 0.034011274576187134 33.099002838134766 0.03801071643829346 27.265233993530273 0.05000791698694229 14.777825355529785 0.03600608929991722 29.987462997436523
1 0.07699999958276749 0.9559673070907593 0.07395120710134506 0.9366776347160339 0.05897878482937813 7.838285446166992 0.0730002298951149 1.1655302047729492
3 0.062008924782276154 9.97526741027832 0.054003894329071045 17.8756160736084 0.06200607493519783 10.416888236999512 0.08400034159421921 0.2845088839530945
4 0.08399999886751175 0.5399608016014099 0.06300976127386093 14.584967613220215 0.07600008696317673 2.5288443565368652 0.04202261194586754 55.0150146484375
4 0.07700171321630478 2.246682643890381 0.05500262230634689 26.215036392211914 0.06300584226846695 14.642317771911621 0.06000572815537453 19.027326583862305
1 0.04800305515527725 7.5018415451049805 0.08500000089406967 0.0 0.04900652542710304 7.8296308517456055 0.055000532418489456 5.0571370124816895
4 0.07802438735961914 2.429311990737915 0.06400791555643082 14.207634925842285 0.07801488786935806 2.67217755317688 0.032030731439590454 105.83963012695312
4 0.05201203376054764 30.18235969543457 0.07400000095367432 3.3836123943328857 0.0730016678571701 3.8288538455963135 0.05202027037739754 30.653162002563477
1 0.06503716111183167 2.1057045459747314 0.04700451344251633 9.301682472229004 0.0510011725127697 7.090701103210449 0.061000000685453415 2.578019380569458
4 0.03702494874596596 72.11907196044922 0.038023941218853 67.6362075805664 0.06000888720154762 18.687414169311523 0.04203075170516968 56.78227233886719
3 0.042030155658721924 37.62196350097656 0.03601473569869995 50.493621826171875 0.030020439997315407 64.38652801513672 0.07999999821186066 0.19751892983913422
4 0.05403836444020271 24.709508895874023 0.031033849343657494 78.6541976928711 0.038031741976737976 62.06646728515625 0.03202706575393677 76.59393310546875
3 0.06001533195376396 14.73032283782959 0.062002602964639664 13.071824073791504 0.07600300014019012 2.158452033996582 0.04101613909006119 48.267459869384766
1 0.06900174915790558 2.129857301712036 0.05300039425492287 7.436859130859375 0.064003124833107 2.763140916824341 0.035019271075725555 17.66049575805664
1 0.06000019237399101 6.228663444519043 0.06100015714764595 4.172255516052246 0.057981349527835846 10.598739624023438 0.06300053000450134 3.8411831855773926
3 0.06600768119096756 8.860647201538086 0.05800662934780121 17.971250534057617 0.05099013075232506 29.29368782043457 0.055008772760629654 22.370817184448242
1 0.03401779383420944 27.562509536743164 0.05500081554055214 8.286651611328125 0.05300469696521759 10.141823768615723 0.08000863343477249 0.4116383492946625
3 0.04600461572408676 33.14701843261719 0.07900000363588333 0.6844111084938049 0.06900381296873093 5.963570594787598 0.044046804308891296 36.53527069091797
2 0.06400895118713379 6.657447814941406 0.06600064039230347 6.2232537269592285 0.033018097281455994 47.41362380981445 0.03501491621136665 43.291934967041016
4 0.08000002801418304 1.3931721448898315 0.06900092959403992 7.42529821395874 0.06900274753570557 7.357874870300293 0.0760008692741394 2.607233762741089
3 0.05700007081031799 18.083955764770508 0.037031106650829315 58.24019241333008 0.05102737620472908 28.243091583251953 0.07600003480911255 2.261812210083008
4 0.06100993603467941 15.942855834960938 0.04101497679948807 53.609554290771484 0.07501281052827835 2.8485963344573975 0.05300723761320114 27.29267692565918
1 0.07300116866827011 1.102422833442688 0.07300040870904922 1.3733011484146118 0.07599999755620956 0.8890485167503357 0.04501713067293167 16.90591812133789
3 0.05801471322774887 15.58906364440918 0.07000451534986496 5.262994289398193 0.03002515621483326 66.00270080566406 0.08500058203935623 0.9276238679885864
3 0.07502558082342148 2.1711649894714355 0.06100866571068764 13.113853454589844 0.06500252336263657 9.101232528686523 0.07100137323141098 4.1630754470825195
1 0.07500084489583969 0.3937632143497467 0.059001099318265915 5.477906703948975 0.06100030615925789 5.042501449584961 0.034009311348199844 24.121402740478516
1 0.07900000363588333 0.0 0.06700067222118378 3.121588945388794 0.04000337794423103 19.644994735717773 0.07700005173683167 0.3770866096019745
4 0.044037431478500366 52.07433319091797 0.06100205332040787 18.04926872253418 0.04801994189620018 42.747867584228516 0.036019135266542435 76.45545959472656
3 0.06200145184993744 13.583331108093262 0.035015374422073364 63.76006317138672 0.04701068624854088 36.16361999511719 0.0370309092104435 58.16078567504883
1 0.05100049078464508 9.570574760437012 0.07802361994981766 0.4871598780155182 0.06500124931335449 3.467550754547119 0.07400000840425491 0.7931445240974426
1 0.06800330430269241 2.854313373565674 0.07699999958276749 0.9881832599639893 0.037023741751909256 30.18910789489746 0.0820000022649765 0.49857333302497864
2 0.058000121265649796 11.15732479095459 0.03601216897368431 40.206748962402344 0.07195177674293518 2.2055540084838867 0.031018726527690887 48.60096740722656
4 0.06200212985277176 16.664989471435547 0.04102573171257973 60.89181900024414 0.03602984547615051 77.6384506225586 0.03103950247168541 95.132080078125
3 0.06296399980783463 11.989912986755371 0.03602338209748268 61.42746353149414 0.07500000298023224 2.454500198364258 0.03203292191028595 79.32516479492188
3 0.07100239396095276 3.115656852722168 0.07600052654743195 1.6732566356658936 0.05701030418276787 15.246743202209473 0.04601316899061203 29.825092315673828
2 0.045021649450063705 24.867557525634766 0.05500132963061333 13.910781860351562 0.061006542295217514 8.866327285766602 0.07000619918107986 3.432103157043457
1 0.03402000665664673 30.315208435058594 0.050001438707113266 13.304932594299316 0.036022789776325226 27.0408935546875 0.08102677762508392 0.5386269092559814
3 0.03398018702864647 51.036800384521484 0.050988178700208664 21.118595123291016 0.04401097819209099 32.70875549316406 0.08299999684095383 0.6020827293395996
3 0.07400689274072647 2.7368478775024414 0.07000258564949036 5.352860927581787 0.07300121337175369 3.0774013996124268 0.08299999684095383 0.5969303250312805
4 0.03402237221598625 73.26437377929688 0.07500108331441879 3.3830666542053223 0.05600545182824135 24.88022232055664 0.03702190890908241 71.0655746459961
4 0.06000036001205444 19.801715850830078 0.05300896614789963 32.173458099365234 0.04701295122504234 45.63405990600586 0.08300156146287918 0.0
1 0.0470132902264595 13.081903457641602 0.03295688331127167 30.07246971130371 0.07504287362098694 0.817143976688385 0.06700046360492706 3.73392915725708
4 0.04202144220471382 53.94038391113281 0.05801679939031601 20.85976219177246 0.041016846895217896 55.739749908447266 0.042017754167318344 53.712257385253906
2 0.07400094717741013 1.9052577018737793 0.03404664620757103 43.418060302734375 0.04601020738482475 24.302814483642578 0.05500902608036995 13.519976615905762
2 0.056010402739048004 9.891974449157715 0.03801131621003151 29.428977966308594 0.05400145798921585 13.045660018920898 0.049005910754203796 15.795085906982422
4 0.04002068191766739 53.834712982177734 0.08300083875656128 0.04287458583712578 0.061000607907772064 14.523820877075195 0.04401996359229088 43.15916442871094
1 0.07199999690055847 1.22067129611969 0.03700214996933937 24.835119247436523 0.03501158952713013 28.307331085205078 0.040008220821619034 22.459260940551758
3 0.06500588357448578 9.023775100708008 0.0820033848285675 1.0524134635925293 0.04303528368473053 38.340885162353516 0.06001044064760208 13.279695510864258
3 0.05600344389677048 19.801605224609375 0.04100959748029709 43.450130462646484 0.06996216624975204 5.135241985321045 0.06900424510240555 5.964202404022217
1 0.05200349539518356 10.893780708312988 0.05300159752368927 9.14497184753418 0.07400010526180267 0.7336831092834473 0.042021989822387695 17.622102737426758
1 0.04400975629687309 14.307262420654297 0.03101549856364727 30.087657928466797 0.046020518988370895 14.355809211730957 0.0380052775144577 21.464462280273438
3 0.0680006667971611 6.185633182525635 0.044013746082782745 37.24883270263672 0.047012608498334885 31.270673751831055 0.05100958049297333 24.446115493774414
4 0.046025507152080536 39.491024017333984 0.03298351168632507 72.57283782958984 0.07704053074121475 2.3991754055023193 0.04904869198799133 33.14580535888672
1 0.06400363892316818 3.0163352489471436 0.03098743036389351 31.67223358154297 0.05397946387529373 8.49663257598877 0.07800008356571198 0.5433812737464905
2 0.08300403505563736 0.7247374057769775 0.06700067222118378 4.512740612030029 0.03803514316678047 29.122831344604492 0.06100109964609146 6.142780303955078
2 0.05000171437859535 18.46009063720703 0.07900000363588333 0.9643616676330566 0.07700062543153763 1.2053592205047607 0.07800000160932541 0.939609169960022
4 0.041030656546354294 58.71485137939453 0.06300125271081924 14.648303031921387 0.07300060987472534 4.108584880828857 0.06800347566604614 9.399054527282715
4 0.057000912725925446 21.171247482299805 0.08500000089406967 0.01053507998585701 0.07000303268432617 6.541260242462158 0.050016093999147415 32.305789947509766
2 0.05902009457349777 7.130372047424316 0.05497411638498306 12.052898406982422 0.046967439353466034 20.38945770263672 0.040001288056373596 28.818180084228516
3 0.05901017040014267 13.902873992919922 0.07000000029802322 4.344196796417236 0.06600102037191391 7.778973579406738 0.05200274661183357 22.75832748413086
1 0.07502478361129761 0.9147890210151672 0.038010381162166595 24.378381729125977 0.06800006330013275 3.34885311126709 0.05200142785906792 11.223917007446289
3 0.07000287622213364 5.185790061950684 0.050013620406389236 27.891292572021484 0.06600093841552734 8.68741226196289 0.06600321829319 8.506082534790039
2 0.06299908459186554 8.165556907653809 0.07100079953670502 2.752305269241333 0.06500045210123062 5.7796220779418945 0.07900012284517288 1.0277658700942993
1 0.05700089409947395 5.417413234710693 0.06800393015146255 2.835550546646118 0.05900067463517189 7.503139972686768 0.04900635778903961 14.019049644470215
2 0.031993553042411804 49.59740447998047 0.0540061853826046 15.750293731689453 0.05000555142760277 19.82691764831543 0.08400009572505951 0.0
4 0.03902823477983475 67.16510009765625 0.07400073856115341 3.576688766479492 0.049007121473550797 39.21989059448242 0.08100004494190216 1.13482666015625
4 0.07199999690055847 5.411846160888672 0.06899047642946243 8.481807708740234 0.08000084012746811 1.0356683731079102 0.0440124087035656 51.80670166015625
2 0.041014354676008224 22.95233154296875 0.08000092953443527 0.9279724955558777 0.06400106102228165 4.32273530960083 0.07500053197145462 1.0404669046401978
2 0.03401157259941101 48.59366989135742 0.07000000029802322 4.281982421875 0.06100146472454071 10.902583122253418 0.07100024074316025 3.357081413269043
1 0.03001130372285843 35.748870849609375 0.06800021976232529 4.396649360656738 0.03201115503907204 33.23695373535156 0.06000117212533951 4.744009494781494
1 0.0460071861743927 15.239480972290039 0.06601430475711823 2.1809024810791016 0.06297370046377182 4.563776969909668 0.04400644451379776 15.890214920043945
4 0.05300310254096985 29.8782958984375 0.040983062237501144 57.46604919433594 0.05300820246338844 29.785045623779297 0.03502378240227699 75.53192901611328
1 0.04701092839241028 13.751173973083496 0.06600039452314377 4.1866655349731445 0.05300571024417877 12.08379077911377 0.07900033891201019 0.1967175155878067
1 0.05700055882334709 6.178897857666016 0.050999999046325684 8.623730659484863 0.06600059568881989 3.021939516067505 0.05800038203597069 4.534475326538086
3 0.0410214401781559 44.34604263305664 0.048011235892772675 28.987077713012695 0.0680001974105835 5.434492588043213 0.07600067555904388 2.0082848072052
4 0.051008354872465134 27.951976776123047 0.0630088597536087 12.178023338317871 0.07599999755620956 2.428866147994995 0.05300517752766609 25.096317291259766
3 0.08200012892484665 0.9833325147628784 0.06900322437286377 6.345489978790283 0.08500000089406967 0.0 0.06600078195333481 8.967228889465332
3 0.059019722044467926 13.326773643493652 0.06900038570165634 5.0711822509765625 0.04800423979759216 26.45766830444336 0.08200062066316605 1.2583192586898804
3 0.06702564656734467 8.089930534362793 0.05301091447472572 24.24080467224121 0.07000025361776352 5.184759140014648 0.05098652467131615 27.45517349243164
4 0.08100100606679916 0.7316974997520447 0.06800549477338791 8.235066413879395 0.0780000314116478 1.5521655082702637 0.07300763577222824 3.7205276489257812
2 0.052011638879776 11.708456039428711 0.04800364747643471 16.753795623779297 0.062006935477256775 7.095285415649414 0.051001064479351044 13.6847505569458
3 0.04502737522125244 33.98933792114258 0.0820009857416153 0.9452247619628906 0.06200530752539635 11.522686004638672 0.05600317195057869 17.594179153442383
2 0.0820000022649765 0.0 0.050018101930618286 17.305805206298828 0.07700048387050629 1.0027186870574951 0.039976637810468674 28.57130241394043
4 0.05800639092922211 20.677724838256836 0.04897085949778557 36.84810256958008 0.05301310867071152 29.780502319335938 0.08100000023841858 0.5917602181434631
4 0.074046291410923 3.203220844268799 0.08000053465366364 1.3899073600769043 0.0600086934864521 18.1226749420166 0.03402595967054367 75.3028564453125
3 0.044040679931640625 38.67890167236328 0.031023530289530754 69.86164855957031 0.08500000089406967 1.4219709634780884 0.04301458224654198 41.0587043762207
4 0.04303857311606407 56.93621063232422 0.04801641404628754 41.864036560058594 0.058004945516586304 23.121822357177734 0.03104100562632084 77.51900482177734
3 0.06703848391771317 8.071028709411621 0.054011546075344086 23.74786376953125 0.07700095325708389 1.6419098377227783 0.07400000095367432 2.801790237426758
4 0.06800001859664917 8.854021072387695 0.07000117748975754 6.986603736877441 0.05501386895775795 26.330503463745117 0.039013247936964035 65.1916732788086
4 0.05800539627671242 19.539793014526367 0.03698175027966499 68.1015396118164 0.05101434886455536 32.43223190307617 0.04901541769504547 36.866031646728516
4 0.03303052857518196 73.04651641845703 0.065000019967556 11.082574844360352 0.07600869983434677 2.3331427574157715 0.05100244656205177 29.911121368408203
1 0.05700012296438217 6.217518329620361 0.039005063474178314 18.00652313232422 0.08000454306602478 0.6254427433013916 0.05700046196579933 7.261153221130371
3 0.06001587212085724 14.324935913085938 0.036041297018527985 58.31959533691406 0.036021601408720016 95.59383392333984 0.05402330681681633 22.878835678100586
2 0.0729999989271164 2.0229036808013916 0.07200295478105545 2.298307418823242 0.040025267750024796 31.25983238220215 0.03501482680439949 40.21724319458008
3 0.05801573768258095 16.10300636291504 0.03501865640282631 59.48539733886719 0.05400807037949562 21.575834274291992 0.06700058281421661 7.475377082824707
1 0.05200577899813652 12.540555000305176 0.07100183516740799 1.6151678562164307 0.07400000095367432 1.2242900133132935 0.049023307859897614 12.883687019348145
4 0.06301216036081314 15.720711708068848 0.07000162452459335 7.259510040283203 0.05701281875371933 24.642698287963867 0.07400400191545486 3.8178791999816895
2 0.04400750249624252 29.30544090270996 0.050005532801151276 21.311721801757812 0.07800000160932541 0.5965118408203125 0.06000709533691406 10.369332313537598
1 0.07999999821186066 0.33763986825942993 0.05900000408291817 2.2743189334869385 0.06199999898672104 2.108776330947876 0.04100467264652252 11.870063781738281
1 0.040008269250392914 20.85645294189453 0.06800000369548798 3.560624837875366 0.04300154000520706 18.126054763793945 0.04100893810391426 18.953224182128906
2 0.06901419907808304 4.3798723220825195 0.046961892396211624 21.479393005371094 0.07600006461143494 1.323312520980835 0.035022035241127014 40.11790466308594
3 0.06600645184516907 8.370229721069336 0.083002969622612 0.8924066424369812 0.034035470336675644 54.21571731567383 0.04302002862095833 36.165863037109375
1 0.031011944636702538 19.07543182373047 0.07100000232458115 1.3495904207229614 0.03400358930230141 16.872528076171875 0.07900000363588333 0.21728573739528656
1 0.08496905863285065 0.1541140079498291 0.050009723752737045 12.022829055786133 0.053004711866378784 9.026287078857422 0.0430072546005249 17.443912506103516
2 0.03799483925104141 39.335365295410156 0.06200077384710312 8.679505348205566 0.0820046067237854 0.8586214780807495 0.08100069314241409 0.4796462655067444
3 0.08200004696846008 1.1019262075424194 0.05500181391835213 20.869564056396484 0.07000105828046799 5.3938374519348145 0.047993578016757965 31.75758934020996
3 0.07999999821186066 1.3593553304672241 0.030027462169528008 61.22568130493164 0.04101011902093887 37.608455657958984 0.08300087600946426 0.8250309824943542
1 0.08300402760505676 0.6016298532485962 0.04800322651863098 15.596654891967773 0.07200240343809128 1.8467731475830078 0.055004220455884933 9.289581298828125
2 0.03403231129050255 47.917545318603516 0.08399999886751175 0.0 0.07000107318162918 4.122654914855957 0.06000570207834244 11.632736206054688
2 0.07400069385766983 1.8894652128219604 0.04701715335249901 25.630464553833008 0.08200358599424362 1.0168920755386353 0.07100014388561249 3.733332395553589
1 0.03302187845110893 35.217071533203125 0.0820000022649765 0.93817138671875 0.035019513219594955 32.955196380615234 0.07000000029802322 2.8543894290924072
1 0.041953060775995255 16.216033935546875 0.07800614833831787 0.4177699089050293 0.05701116472482681 6.2177414894104 0.0800422877073288 0.0
2 0.06901046633720398 4.404836654663086 0.03602680191397667 39.02033996582031 0.039014238864183426 33.525794982910156 0.0560009591281414 12.663761138916016
1 0.049036089330911636 9.499646186828613 0.042004700750112534 18.58631134033203 0.06400088965892792 4.141406059265137 0.038008514791727066 23.08963966369629
1 0.058000028133392334 6.370804786682129 0.03195236995816231 32.32128143310547 0.052001096308231354 11.266265869140625 0.049003418534994125 14.078438758850098
3 0.0810004398226738 0.3142174780368805 0.050010405480861664 28.274580001831055 0.05300961807370186 23.23820686340332 0.058004919439554214 16.912731170654297
2 0.03401295095682144 33.96307373046875 0.046044107526540756 18.622325897216797 0.08500000089406967 0.0 0.05800025910139084 9.599129676818848
3 0.05502591282129288 18.45965576171875 0.04501672834157944 38.71744155883789 0.0800013393163681 0.517884373664856 0.08299999684095383 0.666660487651825
1 0.07502496242523193 1.3814278841018677 0.043001554906368256 22.551097869873047 0.03101140819489956 38.08388137817383 0.0410076305270195 24.344093322753906
1 0.08299999684095383 0.0 0.06900037080049515 1.3052235841751099 0.06199999898672104 3.745089530944824 0.0689999982714653 1.3940095901489258
4 0.0670008733868599 8.999648094177246 0.04602007940411568 39.08779525756836 0.05101041868329048 29.050941467285156 0.0820004940032959 0.6440011858940125
3 0.0430184006690979 34.086097717285156 0.05700139328837395 15.713550567626953 0.05700581893324852 15.510605812072754 0.03001798503100872 61.033531188964844
4 0.05000721290707588 34.83293533325195 0.07999999821186066 0.6635899543762207 0.06500118970870972 11.64832878112793 0.05101718381047249 32.892032623291016
1 0.0430070161819458 12.166991233825684 0.06800000369548798 1.6571245193481445 0.07400000095367432 0.46577873826026917 0.04600648209452629 9.406255722045898
1 0.06900019943714142 2.5778801441192627 0.05900292843580246 5.0051984786987305 0.06801051646471024 2.8798999786376953 0.07100000232458115 1.2595630884170532
4 0.041017796844244 52.43520736694336 0.06402083486318588 11.458630561828613 0.04700998216867447 37.60654067993164 0.06300164014101028 12.847712516784668
3 0.07799486070871353 0.88666170835495 0.06400172412395477 10.238862037658691 0.055007707327604294 20.049381256103516 0.05001049488782883 26.47015380859375
3 0.060021527111530304 13.199982643127441 0.06000488996505737 13.503294944763184 0.06400303542613983 9.865442276000977 0.07699640095233917 1.5325844287872314
4 0.0690392404794693 8.473199844360352 0.05701239034533501 25.074604034423828 0.07600153982639313 2.9050419330596924 0.0370250903069973 73.91659545898438
3 0.07001837342977524 3.5116896629333496 0.04500354826450348 30.512920379638672 0.07200013846158981 2.541316509246826 0.04302946478128433 32.702728271484375
4 0.08500000089406967 0.924254834651947 0.08200103789567947 0.3711871802806854 0.04202352091670036 54.87888717651367 0.058017536997795105 21.059715270996094
1 0.03001324087381363 31.675464630126953 0.03601180762052536 23.64572525024414 0.05300192907452583 10.38684368133545 0.06598934531211853 3.875243902206421
2 0.05600142478942871 14.208834648132324 0.033021632581949234 50.46979522705078 0.044015996158123016 29.983154296875 0.041011448949575424 33.98863983154297
1 0.03401406854391098 23.182771682739258 0.05898739770054817 3.9624991416931152 0.05204030126333237 8.933198928833008 0.08100000023841858 0.03540821373462677
4 0.07299960404634476 3.62287974357605 0.06997762620449066 6.715997695922852 0.05100971832871437 32.26910400390625 0.06901007890701294 7.243896007537842
1 0.04301163926720619 16.411230087280273 0.08201460540294647 0.0 0.03201949968934059 30.894134521484375 0.05800227075815201 6.413137435913086
2 0.07000090926885605 2.559539556503296 0.06800265610218048 3.568488597869873 0.06700354069471359 4.056568622589111 0.06398189812898636 5.851280212402344
3 0.0690048560500145 5.598446846008301 0.07900000363588333 1.3065502643585205 0.08299999684095383 0.13231003284454346 0.04101565480232239 42.72722625732422
2 0.06800015270709991 3.744072675704956 0.07999999821186066 0.8510785698890686 0.03201889246702194 41.84214782714844 0.06000879779458046 10.445987701416016
4 0.05002284795045853 32.80057144165039 0.04396952688694 47.06221008300781 0.03401424363255501 75.43643188476562 0.07800298929214478 2.2425432205200195
4 0.057006463408470154 19.14691734313965 0.06700091063976288 8.92642879486084 0.04400988668203354 43.05747604370117 0.05400565639138222 24.386268615722656
1 0.04701845720410347 13.759572982788086 0.07000036537647247 2.221069574356079 0.05900190398097038 6.639892578125 0.07600004225969315 1.0077790021896362
2 0.07100171595811844 3.658280372619629 0.055005401372909546 13.923235893249512 0.07999999821186066 0.7193931937217712 0.0750003457069397 1.6930373907089233
4 0.06600895524024963 10.159215927124023 0.04900971055030823 37.111141204833984 0.05501092970371246 25.37116813659668 0.05001380667090416 35.238189697265625
1 0.030011752620339394 32.027164459228516 0.06499999761581421 4.103187561035156 0.04900263994932175 11.056951522827148 0.041003696620464325 18.56602668762207
1 0.04300751909613609 12.89272689819336 0.03700336441397667 17.46542739868164 0.03500845655798912 18.56113624572754 0.08500000089406967 0.0
3 0.05201318860054016 26.84197235107422 0.06300406157970428 12.594869613647461 0.07800126820802689 2.003319501876831 0.07100148499011993 4.749029636383057
1 0.06600184738636017 1.957877516746521 0.06100030988454819 4.687535285949707 0.05798374488949776 6.176252365112305 0.0580022856593132 6.379448413848877
2 0.07002151012420654 3.5726993083953857 0.06500197947025299 6.3340935707092285 0.03701110929250717 37.60428237915039 0.05300215259194374 14.867693901062012
4 0.06101100146770477 18.494842529296875 0.08399999886751175 1.0529613494873047 0.06800643354654312 8.952919960021973 0.03403477743268013 78.18010711669922
1 0.048023972660303116 8.280080795288086 0.043002743273973465 10.402926445007324 0.031024327501654625 19.64967918395996 0.04800068959593773 7.371021270751953
3 0.0700017660856247 5.4622626304626465 0.048003360629081726 32.207847595214844 0.06100139394402504 14.204414367675781 0.04701674357056618 34.961875915527344
4 0.07900513708591461 1.958028793334961 0.08500000089406967 0.5806268453598022 0.07300044596195221 3.5613808631896973 0.06100327521562576 15.426949501037598
4 0.039034925401210785 59.444244384765625 0.0669732540845871 8.913219451904297 0.03902161493897438 59.23951721191406 0.06700180470943451 9.105228424072266
4 0.053026117384433746 25.549692153930664 0.08300001174211502 1.0574074983596802 0.08000106364488602 0.7407400012016296 0.07900067418813705 1.5479371547698975
2 0.03301076591014862 48.513004302978516 0.060008756816387177 10.798568725585938 0.034009359776973724 46.934295654296875 0.07301931828260422 3.1758716106414795
2 0.08300407230854034 0.0 0.05600171163678169 14.774126052856445 0.06800419837236404 5.068588733673096 0.04501461982727051 29.620365142822266
3 0.04195302352309227 45.45628356933594 0.04101985692977905 47.79963302612305 0.06300844997167587 11.412277221679688 0.036022063344717026 60.184818267822266
2 0.033021606504917145 39.951622009277344 0.030015047639608383 46.400978088378906 0.07699999958276749 0.6295835971832275 0.04000607505440712 28.479568481445312
1 0.041006118059158325 14.046896934509277 0.057000380009412766 4.245282173156738 0.0729999989271164 0.7208393216133118 0.0630011036992073 3.90749192237854
4 0.08199623972177505 1.3334916830062866 0.07300038635730743 3.486974000930786 0.05102311447262764 29.86771583557129 0.046015363186597824 40.07124710083008
2 0.04201538860797882 26.42521858215332 0.0840030312538147 0.6092594265937805 0.06300074607133865 6.269559860229492 0.04100853577256203 26.931791305541992
4 0.06000429019331932 16.038007736206055 0.05297241359949112 26.30211067199707 0.07699999958276749 2.3866708278656006 0.07200269401073456 4.0434956550598145
4 0.06600873917341232 9.652909278869629 0.08100094646215439 0.613330602645874 0.0650159940123558 11.435541152954102 0.05501234158873558 25.348031997680664
4 0.04402283579111099 51.03260040283203 0.04002266004681587 62.12843704223633 0.039026305079460144 65.2560806274414 0.06400848180055618 13.747871398925781
4 0.05600108951330185 25.34929847717285 0.05101356655359268 34.35272216796875 0.03195817396044731 87.1207046508789 0.06700000166893005 9.625699043273926
2 0.05101294815540314 14.90298843383789 0.0820000171661377 0.22292830049991608 0.03202635794878006 40.13228988647461 0.04698145389556885 19.211172103881836
2 0.05400863289833069 16.394481658935547 0.08399999886751175 0.0 0.03201857581734657 51.2577018737793 0.08400477468967438 0.8832290172576904
1 0.06703221797943115 2.9369497299194336 0.054004017263650894 8.10847282409668 0.06500394642353058 3.890495538711548 0.054002080112695694 9.248294830322266
3 0.07300042361021042 2.609315872192383 0.08500000089406967 0.0 0.07100125402212143 3.5252292156219482 0.06500103324651718 8.12479019165039
2 0.06600485742092133 4.64284610748291 0.030017754063010216 48.435752868652344 0.07400000095367432 1.8313219547271729 0.07300172001123428 1.8657554388046265
4 0.07100369036197662 5.249084949493408 0.05900706350803375 18.24368667602539 0.05100889876484871 31.04010581970215 0.05101149529218674 30.971769332885742
4 0.04402228444814682 50.312198638916016 0.04901440814137459 37.398841857910156 0.06101418286561966 17.103422164916992 0.04203284531831741 54.91755294799805
4 0.043024808168411255 47.72617721557617 0.038025498390197754 61.09357452392578 0.06400007754564285 12.52900505065918 0.06700178235769272 9.230945587158203
2 0.04904660955071449 25.649085998535156 0.04600954428315163 26.868499755859375 0.03201635181903839 53.5031623840332 0.05300704762339592 18.319028854370117
1 0.04200688749551773 18.282426834106445 0.03900614008307457 22.872013092041016 0.041005972772836685 20.980722427368164 0.08300189673900604 0.24790063500404358
4 0.04803231731057167 37.24592208862305 0.04301857203245163 48.28793716430664 0.03402071073651314 73.94170379638672 0.06000864505767822 17.068204879760742
3 0.03502007946372032 59.8052978515625 0.07400002330541611 2.5887341499328613 0.04502677172422409 38.961849212646484 0.03002510406076908 75.11099243164062
4 0.05700909346342087 19.975223541259766 0.07600101083517075 2.1777689456939697 0.034954819828271866 69.31815338134766 0.07500000298023224 2.5439202785491943
3 0.04601579159498215 34.457767486572266 0.07700001448392868 1.468878984451294 0.030028434470295906 72.50518798828125 0.07499002665281296 2.405003070831299
4 0.06300054490566254 14.949699401855469 0.033036861568689346 85.08281707763672 0.0480145700275898 41.46725082397461 0.061001863330602646 18.1137638092041
2 0.08300403505563736 0.7211591005325317 0.06298119574785233 7.442663192749023 0.05698145925998688 9.480372428894043 0.0790013000369072 0.2547423839569092
4 0.05101689696311951 29.9521541595459 0.048012446612119675 36.240455627441406 0.06500300019979477 10.87881088256836 0.03402860090136528 72.9388198852539
1 0.0540093332529068 5.60634708404541 0.06200016289949417 3.8150627613067627 0.07800000160932541 0.20156119763851166 0.06100601702928543 4.628644943237305
3 0.06800378113985062 5.3679938316345215 0.037024494260549545 47.94093704223633 0.07400558888912201 2.212399482727051 0.057013992220163345 15.530442237854004
1 0.03701759874820709 19.933679580688477 0.07297997176647186 1.110054612159729 0.07200371474027634 1.0322870016098022 0.03701934218406677 20.43083381652832
3 0.07800573855638504 1.0185707807540894 0.04201575741171837 37.930389404296875 0.07900045067071915 0.9035690426826477 0.06101023033261299 12.384598731994629
1 0.04601459577679634 15.134500503540039 0.03501080349087715 29.061582565307617 0.058003056794404984 7.277189254760742 0.07098023593425751 1.6703637838363647
4 0.07000817358493805 6.333735942840576 0.07600110024213791 2.5521416664123535 0.04602467268705368 43.03437423706055 0.0730094388127327 3.8584702014923096
1 0.04700635001063347 17.51454734802246 0.03302241116762161 31.553197860717773 0.047005295753479004 15.4486722946167 0.035010870546102524 29.379716873168945
2 0.0310182087123394 38.726905822753906 0.05001140758395195 13.709368705749512 0.07800000160932541 0.710075855255127 0.06400136649608612 5.28821325302124
1 0.0470150001347065 11.551216125488281 0.0690000131726265 1.6956998109817505 0.04401060566306114 12.548409461975098 0.06895063817501068 2.3320794105529785
4 0.08100084215402603 0.47762244939804077 0.06900085508823395 7.012628078460693 0.06900259852409363 6.978073596954346 0.03502754122018814 68.6162109375
3 0.07100307196378708 5.118622303009033 0.053005993366241455 23.6999454498291 0.07900004833936691 1.7913132905960083 0.03702137619256973 56.47634506225586
2 0.08500000089406967 0.0 0.031016822904348373 45.50678634643555 0.0710022822022438 2.887010097503662 0.04900776594877243 18.985668182373047
3 0.07798494398593903 0.8566034436225891 0.04602474719285965 32.32012176513672 0.03202228248119354 62.64945602416992 0.030029959976673126 68.53688049316406
4 0.06300090998411179 13.004022598266602 0.043013881891965866 45.09648895263672 0.05600350350141525 20.73963737487793 0.04302066192030907 45.39875030517578
3 0.05800366401672363 13.772831916809082 0.07100003212690353 3.885025978088379 0.08500000089406967 0.0 0.050025202333927155 22.93986701965332
4 0.07700144499540329 2.4136643409729004 0.06400776654481888 14.423826217651367 0.04801815748214722 43.274444580078125 0.049013204872608185 41.378326416015625
1 0.04501995071768761 13.325178146362305 0.04400717467069626 14.833578109741211 0.0710003525018692 1.2128349542617798 0.06400091201066971 3.2590229511260986
3 0.04801873117685318 31.635698318481445 0.06700099259614944 7.676464557647705 0.03902287781238556 51.14940643310547 0.06900884211063385 6.5187458992004395
3 0.06800021231174469 6.399631023406982 0.05196234583854675 22.253925323486328 0.07400117069482803 2.4497318267822266 0.05400993674993515 18.81290054321289
4 0.039024222642183304 59.852134704589844 0.05602610111236572 22.771728515625 0.038021255284547806 62.778255462646484 0.07999999821186066 0.6719381809234619
3 0.05300626531243324 20.23204231262207 0.05500490590929985 16.608844757080078 0.08399999886751175 0.0 0.044024594128131866 31.969526290893555
1 0.07000002264976501 2.4728870391845703 0.0450018011033535 18.489524841308594 0.056003786623477936 9.911211967468262 0.07199999690055847 1.413097620010376
1 0.03500925004482269 25.436189651489258 0.03800981491804123 21.641204833984375 0.0720161497592926 1.217498540878296 0.062002796679735184 4.170873165130615
2 0.07900000363588333 1.0423219203948975 0.07595161348581314 1.1572595834732056 0.049018505960702896 19.028091430664062 0.05800639092922211 10.658696174621582
1 0.031023425981402397 28.885421752929688 0.0820000022649765 0.19105465710163116 0.03200993314385414 19.986793518066406 0.04000714048743248 16.375396728515625
3 0.08300410211086273 0.0 0.07800005376338959 1.3178024291992188 0.06203076243400574 12.30640983581543 0.037030600011348724 54.20655822753906
4 0.07400099188089371 3.450279712677002 0.06000162661075592 17.789426803588867 0.050016216933727264 35.07075119018555 0.07901348173618317 2.204341173171997
1 0.07800000160932541 0.0 0.043010834604501724 12.1422119140625 0.040003277361392975 12.912063598632812 0.04000478610396385 13.55404281616211
1 0.08496908098459244 0.15818342566490173 0.08300026506185532 0.27783018350601196 0.06100398674607277 4.2439751625061035 0.03100857138633728 28.42780303955078
1 0.07604698091745377 0.8272369503974915 0.03201112896203995 25.81094741821289 0.05001912638545036 9.85603141784668 0.05100129544734955 9.338882446289062
4 0.078005850315094 2.5452802181243896 0.07495652884244919 3.1623177528381348 0.06400816142559052 13.666839599609375 0.05500756949186325 27.3515682220459
3 0.0750255435705185 1.9251303672790527 0.07700029015541077 1.572945475578308 0.049970854073762894 25.045021057128906 0.054007068276405334 19.336498260498047
3 0.04803801700472832 34.19772720336914 0.059004418551921844 16.32575798034668 0.06000341475009918 15.154069900512695 0.033035945147275925 69.19556427001953
4 0.05101111903786659 29.022235870361328 0.08399999886751175 0.30475592613220215 0.057001933455467224 19.753843307495117 0.06200362369418144 14.1412353515625
1 0.055026933550834656 7.450841426849365 0.051003262400627136 12.687579154968262 0.07100531458854675 1.778850793838501 0.032027170062065125 32.979427337646484
3 0.047015588730573654 34.95079803466797 0.03901836276054382 54.572689056396484 0.03902021050453186 53.909461975097656 0.06500614434480667 10.207686424255371
1 0.07999999821186066 0.0 0.07202345877885818 1.6184715032577515 0.050001658499240875 15.532326698303223 0.06800173968076706 3.5913584232330322
1 0.05100267007946968 7.683259963989258 0.040006235241889954 13.554585456848145 0.06600311398506165 1.8239041566848755 0.06700000166893005 1.8058751821517944
2 0.04702785238623619 27.096765518188477 0.040007878094911575 36.55201721191406 0.036018431186676025 44.58427429199219 0.03701398894190788 42.920066833496094
3 0.050009019672870636 26.84149932861328 0.04301398620009422 40.72582244873047 0.04001651331782341 47.92694854736328 0.07195019721984863 3.588390588760376
1 0.0310186967253685 24.283628463745117 0.06200455129146576 4.711796760559082 0.06800020486116409 1.469097375869751 0.061000898480415344 3.857491970062256
4 0.05900168418884277 18.551774978637695 0.06000412628054619 17.655364990234375 0.037022314965724945 66.64703369140625 0.04401889070868492 47.917137145996094
4 0.07000000029802322 6.8420939445495605 0.06500469893217087 12.765578269958496 0.0630074292421341 15.329565048217773 0.07701555639505386 2.6387836933135986
3 0.050002504140138626 25.533004760742188 0.0690016821026802 5.647602558135986 0.05401784926652908 20.1186466217041 0.04001617059111595 43.12078094482422
4 0.07100412249565125 5.385046482086182 0.07800070941448212 1.6421054601669312 0.04103298857808113 58.00236511230469 0.0780012384057045 2.1465179920196533
3 0.07199999690055847 3.3166916370391846 0.07100357115268707 3.9776878356933594 0.06400362402200699 9.264708518981934 0.03203069046139717 60.38216018676758
1 0.0410228967666626 20.715654373168945 0.07500000298023224 1.178962230682373 0.030013445764780045 33.85279083251953 0.034014780074357986 28.077228546142578
1 0.03701259195804596 22.682266235351562 0.04100606217980385 17.83502197265625 0.08100000023841858 0.08427518606185913 0.0630001500248909 4.779597282409668
2 0.04101382941007614 24.53280258178711 0.05400093272328377 13.334046363830566 0.030024897307157516 43.069305419921875 0.04400445520877838 23.090532302856445
2 0.0729999989271164 2.054623603820801 0.06500270962715149 6.433398246765137 0.06100201979279518 9.047213554382324 0.06600084900856018 5.759200096130371
1 0.044011473655700684 20.61246109008789 0.03200904652476311 35.85094451904297 0.05600106716156006 11.038965225219727 0.04001766815781593 24.96320152282715
2 0.030019499361515045 50.67822265625 0.03302135691046715 45.01386260986328 0.04800773039460182 20.873167037963867 0.07900000363588333 1.094327688217163
3 0.08300409466028214 0.0 0.06500735878944397 9.183536529541016 0.07400676608085632 2.482922315597534 0.04401107504963875 35.0611686706543
4 0.04001516476273537 58.921775817871094 0.04101882502436638 55.80135726928711 0.05702240392565727 22.076696395874023 0.06700108200311661 9.627820014953613
4 0.03603872284293175 67.07460021972656 0.042018938809633255 50.91083908081055 0.029967674985527992 87.18376159667969 0.0729999989271164 4.058207988739014
1 0.06000547483563423 5.391236305236816 0.04900391772389412 10.907690048217773 0.031008709222078323 24.237897872924805 0.04500154033303261 12.452885627746582
2 0.03801874443888664 32.450828552246094 0.032017286866903305 43.372764587402344 0.03002128191292286 53.54896545410156 0.06902186572551727 4.486433982849121
4 0.07502587884664536 3.2344775199890137 0.07700066268444061 2.3244075775146484 0.03502281755208969 79.74600219726562 0.06200864538550377 16.23988151550293
4 0.050015099346637726 30.178922653198242 0.042017724364995956 48.14415740966797 0.052007827907800674 27.427894592285156 0.05800928547978401 18.725444793701172
2 0.03502423316240311 44.901695251464844 0.06300605088472366 7.73095703125 0.04401931166648865 29.737140655517578 0.0850009098649025 0.6985491514205933
1 0.07000403106212616 1.7114067077636719 0.07100016623735428 1.8693548440933228 0.052967432886362076 10.266502380371094 0.08400285243988037 0.0
2 0.04802008718252182 17.806312561035156 0.06300055235624313 6.545064449310303 0.045011069625616074 20.228731155395508 0.07700467854738235 0.6275712251663208
1 0.054012149572372437 10.788183212280273 0.06100086122751236 6.00242280960083 0.050003066658973694 11.666665077209473 0.04000949114561081 21.058618545532227
2 0.08100070804357529 1.0589311122894287 0.051010485738515854 20.537769317626953 0.03801390156149864 40.25055694580078 0.06003015488386154 11.767155647277832
1 0.039007555693387985 18.787790298461914 0.07900000363588333 0.1096249371767044 0.062005482614040375 3.6355416774749756 0.07497154921293259 0.46608078479766846
2 0.03602674975991249 39.626285552978516 0.04101218655705452 31.867040634155273 0.07900000363588333 0.18674270808696747 0.0490109808743 21.064411163330078
1 0.03201590105891228 27.7659912109375 0.03999572992324829 19.330900192260742 0.031010344624519348 32.78821563720703 0.05400105193257332 8.08222484588623
2 0.03602650389075279 46.377952575683594 0.07200531661510468 2.921072006225586 0.043029144406318665 32.19481658935547 0.08400065451860428 0.6509934067726135
4 0.06600791215896606 8.76684284210205 0.054009903222322464 24.05839729309082 0.04901306703686714 33.09134292602539 0.07001424580812454 6.0077223777771
3 0.03802456334233284 45.314056396484375 0.051005229353904724 23.02651596069336 0.0640006959438324 8.085015296936035 0.04195680841803551 37.225921630859375
3 0.0430249348282814 42.14107131958008 0.06901325285434723 6.672630310058594 0.044027410447597504 40.758392333984375 0.05400568246841431 22.65535545349121
4 0.0660090520977974 10.479727745056152 0.054999951273202896 26.21133804321289 0.050014249980449677 35.99684524536133 0.06600168347358704 10.650358200073242
4 0.07700106501579285 2.0999979972839355 0.07700077444314957 2.0438880920410156 0.040014881640672684 56.254432678222656 0.05500495433807373 23.552955627441406
4 0.07502589374780655 3.2728500366210938 0.06400910019874573 14.174680709838867 0.04402415081858635 52.906856536865234 0.063012033700943 15.409907341003418
2 0.07999999821186066 0.0 0.045013315975666046 19.922321319580078 0.05604219064116478 10.262166023254395 0.06899303942918777 2.8135533332824707
4 0.04002076014876366 58.076507568359375 0.03203091770410538 86.09982299804688 0.052010100334882736 30.97910499572754 0.057007357478141785 21.97241973876953
1 0.06800070405006409 2.1103765964508057 0.048015326261520386 14.338273048400879 0.07100049406290054 1.3776196241378784 0.04100386053323746 18.97516632080078
3 0.08399999886751175 0.0 0.060006096959114075 14.532611846923828 0.04301110655069351 41.23887634277344 0.07500466704368591 2.407136917114258
4 0.07700106501579285 2.0626773834228516 0.048020098358392715 35.92240524291992 0.07902511209249496 1.4682793617248535 0.04802461341023445 36.960350036621094
3 0.05700402334332466 14.403701782226562 0.03601790964603424 47.567779541015625 0.05302031710743904 19.74637222290039 0.03203083574771881 56.871131896972656
4 0.04001929238438606 57.368499755859375 0.0670282170176506 9.94514274597168 0.06100277602672577 17.47425651550293 0.05101574957370758 32.89079284667969
1 0.04903605207800865 9.201794624328613 0.03401465341448784 26.742416381835938 0.06600591540336609 3.1177265644073486 0.04601409658789635 15.429337501525879
4 0.0590241476893425 18.788602828979492 0.07100572437047958 5.234961986541748 0.03102562204003334 76.063232421875 0.06500163674354553 12.237754821777344
4 0.08100085705518723 0.4503723084926605 0.06800366938114166 7.724647521972656 0.073000967502594 3.4699184894561768 0.06700151413679123 9.214715003967285
3 0.07199999690055847 3.536336660385132 0.06700258702039719 7.941033840179443 0.0430137924849987 42.175437927246094 0.03602200746536255 58.97065353393555
2 0.06700000166893005 5.046652793884277 0.038032595068216324 33.58772659301758 0.08100000023841858 0.11673665791749954 0.045012928545475006 24.80617332458496
3 0.07301990687847137 3.2414259910583496 0.061000000685453415 14.644981384277344 0.059007998555898666 17.348995208740234 0.059006426483392715 17.37065887451172
1 0.046047016978263855 12.587246894836426 0.06199999898672104 2.797844648361206 0.04700188711285591 11.375495910644531 0.06500066071748734 3.4316649436950684
4 0.07700107991695404 2.131274938583374 0.06601258367300034 9.941773414611816 0.04402107745409012 45.74875259399414 0.04601357504725456 41.13328170776367
2 0.033016227185726166 50.46839141845703 0.03301896154880524 50.4218864440918 0.043011147528886795 31.955509185791016 0.05100780725479126 20.538639068603516
4 0.06900864839553833 7.693976879119873 0.07900000363588333 1.304371953010559 0.06200157850980759 15.735605239868164 0.07702505588531494 2.4060871601104736
4 0.08399999886751175 0.5882542133331299 0.0550161637365818 25.84559440612793 0.07999999821186066 1.1356037855148315 0.04702407494187355 42.37968444824219
1 0.08100000023841858 0.0 0.07400000095367432 1.3022964000701904 0.03201339393854141 36.24065399169922 0.04600739851593971 18.071210861206055
1 0.03902095556259155 19.829044342041016 0.07800307124853134 0.8144737482070923 0.07100041210651398 1.571174144744873 0.04302266240119934 16.254985809326172
3 0.053014811128377914 22.98729705810547 0.07600095868110657 2.0256524085998535 0.05900142714381218 15.706807136535645 0.0580083467066288 16.47757339477539
4 0.07800508290529251 2.262988567352295 0.08200053870677948 1.0649137496948242 0.04101644828915596 54.09354782104492 0.05900578200817108 18.362844467163086
2 0.05400000140070915 13.315166473388672 0.03402414172887802 34.837711334228516 0.05603213235735893 9.709942817687988 0.05000211298465729 15.031085014343262
1 0.05601567029953003 9.64766788482666 0.0470307357609272 13.429949760437012 0.04500696063041687 15.869690895080566 0.05700606107711792 7.429555892944336
3 0.035026416182518005 56.012420654296875 0.07098671048879623 3.740138292312622 0.07900039106607437 0.9455327391624451 0.05501306429505348 19.835962295532227
1 0.0650005117058754 4.7010393142700195 0.07199999690055847 1.3024265766143799 0.06897037476301193 1.84837007522583 0.08299999684095383 0.0
1 0.0609525591135025 3.4877073764801025 0.07699999958276749 0.5766547322273254 0.03000875562429428 28.369083404541016 0.06896048784255981 1.8921129703521729
2 0.07699999958276749 1.313876986503601 0.08299999684095383 0.0608246847987175 0.06800080090761185 2.9302961826324463 0.05200411379337311 14.7835054397583
3 0.05700284242630005 16.242450714111328 0.07300027459859848 2.6118931770324707 0.04301387071609497 36.89586639404297 0.03004404902458191 67.86719512939453
4 0.04802713543176651 37.46453857421875 0.04501523822546005 43.747318267822266 0.031024213880300522 84.7913818359375 0.07201041281223297 4.646642684936523
2 0.06900030374526978 2.9720935821533203 0.07599999755620956 1.192172884941101 0.08299999684095383 0.03786106035113335 0.07700016349554062 1.0876950025558472
1 0.055026546120643616 7.267899990081787 0.03202483430504799 36.00892639160156 0.03001796454191208 32.87226104736328 0.060012977570295334 7.940519332885742
1 0.07000011950731277 1.548991322517395 0.042031429708004 16.571083068847656 0.03800575062632561 20.88776397705078 0.043005362153053284 15.62697982788086
2 0.047010112553834915 23.871686935424805 0.07800000160932541 0.9345524311065674 0.03902897983789444 35.683319091796875 0.05700475350022316 12.31140422821045
2 0.07400064170360565 1.431931734085083 0.04897333309054375 16.082305908203125 0.07900014519691467 0.6830716133117676 0.03301031515002251 39.06892395019531
4 0.047013070434331894 41.98785400390625 0.04801269620656967 38.68889236450195 0.06700170040130615 9.889830589294434 0.04501046985387802 46.117496490478516
3 0.07400097697973251 2.064114809036255 0.07300115376710892 2.47212290763855 0.03901675343513489 42.68960952758789 0.07303410023450851 2.485786199569702
3 0.04600386694073677 32.89562225341797 0.08200071007013321 0.06306789070367813 0.08399999886751175 0.0 0.03501751273870468 56.78255081176758
3 0.061006661504507065 12.693480491638184 0.08000067621469498 0.38286054134368896 0.041024379432201385 35.76353454589844 0.055002763867378235 16.12238121032715
2 0.054000891745090485 14.980154037475586 0.07300036400556564 2.1621501445770264 0.04000723361968994 35.84501266479492 0.06202433630824089 8.514904022216797
4 0.040019791573286057 64.90258026123047 0.06701317429542542 10.731029510498047 0.07500153034925461 3.2823216915130615 0.0560084767639637 25.736658096313477
2 0.06700000166893005 4.26837682723999 0.07400000095367432 1.4196803569793701 0.07300089299678802 1.7692182064056396 0.05100196227431297 15.602798461914062
4 0.0690007284283638 7.373054504394531 0.08100108057260513 0.534415066242218 0.06500677019357681 11.425506591796875 0.07300164550542831 3.7409019470214844
1 0.07300068438053131 1.036612868309021 0.05100106820464134 12.114789962768555 0.037010662257671356 25.655471801757812 0.036011952906847 27.53770637512207
2 0.08399999886751175 0.0 0.07200043648481369 2.412545680999756 0.06000161170959473 11.358633995056152 0.04202505573630333 32.159454345703125
1 0.06099168583750725 7.5692901611328125 0.042007360607385635 20.053829193115234 0.06900033354759216 2.923069477081299 0.065976582467556 3.7516469955444336
4 0.0630108192563057 12.98058032989502 0.05500419810414314 23.997074127197266 0.07500000298023224 2.516284942626953 0.08000028878450394 1.711323857307434
3 0.04401572421193123 41.07868576049805 0.05900634452700615 16.618162155151367 0.07400377839803696 2.8658447265625 0.043010346591472626 43.908729553222656
1 0.07000039517879486 1.5230815410614014 0.04501015320420265 16.869495391845703 0.07400000095367432 0.8985012173652649 0.04700126871466637 13.288675308227539
3 0.0770006850361824 1.7462300062179565 0.06500116735696793 9.194268226623535 0.06100202724337578 13.966049194335938 0.05800500512123108 17.396453857421875
1 0.08300403505563736 0.7199902534484863 0.057000819593667984 8.94568920135498 0.056005701422691345 10.280826568603516 0.06802784651517868 2.9971086978912354
3 0.0770050510764122 1.844722867012024 0.07000131160020828 4.784200191497803 0.06400305777788162 9.265129089355469 0.06300588697195053 10.561646461486816
3 0.07502561807632446 2.3719229698181152 0.08500000089406967 0.0 0.07600077241659164 2.0685019493103027 0.07700034230947495 1.7434595823287964
2 0.0500212088227272 17.64959716796875 0.07400591671466827 1.7589871883392334 0.047004010528326035 20.442808151245117 0.06696336716413498 4.373592853546143
2 0.08399999886751175 0.0 0.06300253421068192 8.922578811645508 0.03200482949614525 49.37907791137695 0.06500169634819031 7.977541923522949
4 0.060000039637088776 15.838785171508789 0.050014663487672806 32.278175354003906 0.08500000089406967 0.0 0.06402105838060379 11.529837608337402
2 0.07599999755620956 1.329828143119812 0.0700007900595665 2.968736410140991 0.04895272105932236 16.870098114013672 0.03501878306269646 32.62220001220703
2 0.07999999821186066 1.2092293500900269 0.06200545281171799 9.17581558227539 0.06500131636857986 7.410210132598877 0.07798817753791809 1.0333366394042969
2 0.04401424154639244 29.235000610351562 0.07699999958276749 0.612514078617096 0.03602857515215874 42.60359191894531 0.07001616060733795 3.146456718444824
3 0.06600642204284668 8.12331485748291 0.0800003930926323 0.7927617430686951 0.057005874812603 15.17098617553711 0.06300697475671768 10.386085510253906
4 0.07502584904432297 3.167680501937866 0.06100139766931534 17.038599014282227 0.07800675183534622 2.426086187362671 0.062008216977119446 16.030534744262695
3 0.048017725348472595 26.011964797973633 0.035016272217035294 51.22787857055664 0.03402182087302208 53.42679214477539 0.0650191679596901 8.83016586303711
3 0.07900000363588333 1.6394866704940796 0.03103913739323616 58.331268310546875 0.05300791934132576 19.450927734375 0.03304503485560417 54.51996612548828
3 0.049047596752643585 23.89695167541504 0.03501288220286369 51.637672424316406 0.06900528073310852 5.367549896240234 0.07700042426586151 1.413719892501831
1 0.043007008731365204 12.090168952941895 0.08302894979715347 0.0 0.06202239543199539 1.5100082159042358 0.06300000101327896 2.103984832763672
4 0.04702724888920784 42.20712661743164 0.060001883655786514 19.562259674072266 0.03604608029127121 75.86996459960938 0.06200829893350601 16.192947387695312
1 0.03500763326883316 19.958759307861328 0.049002498388290405 8.421415328979492 0.08299999684095383 0.0 0.053003765642642975 8.239494323730469
2 0.038009751588106155 31.98169708251953 0.03201593831181526 40.97553634643555 0.03801261633634567 31.16622543334961 0.050010647624731064 15.994701385498047
2 0.05400039255619049 17.81621742248535 0.05000702291727066 21.96246337890625 0.041013021022081375 36.0739860534668 0.06800045073032379 5.768991947174072
4 0.05502266436815262 23.082582473754883 0.07300072908401489 3.6645164489746094 0.05900295823812485 18.278818130493164 0.07000000029802322 6.487560272216797
2 0.060005657374858856 8.834866523742676 0.07599999755620956 1.2390555143356323 0.03702154755592346 31.855579376220703 0.030009839683771133 45.38572311401367
3 0.05295807868242264 19.233808517456055 0.059004299342632294 13.941155433654785 0.031022949144244194 60.815513610839844 0.08499123156070709 0.6646976470947266
1 0.032006364315748215 24.262659072875977 0.07200006395578384 0.856454610824585 0.07599999755620956 0.5867359042167664 0.062000829726457596 4.732386112213135
2 0.053002241998910904 14.196005821228027 0.039026279002428055 34.47178649902344 0.044010017067193985 25.992036819458008 0.03103378601372242 48.670352935791016
4 0.049964696168899536 37.96059799194336 0.055009689182043076 27.837190628051758 0.06900171935558319 8.162220001220703 0.050005096942186356 37.94194793701172
3 0.033024393022060394 69.80791473388672 0.06800000369548798 7.812628269195557 0.04601603373885155 37.12657928466797 0.03901997581124306 54.132362365722656
3 0.04801458120346069 27.85285758972168 0.07800009101629257 1.6224758625030518 0.03802516683936119 46.8477783203125 0.04601696878671646 30.683345794677734
1 0.06700000166893005 2.996814012527466 0.067001111805439 2.5025362968444824 0.03501606732606888 23.306608200073242 0.038008950650691986 19.49044418334961
4 0.06700035184621811 8.342086791992188 0.04598233103752136 37.73805618286133 0.03802136331796646 57.85002899169922 0.047016292810440063 36.434486389160156
1 0.05200135335326195 5.500194549560547 0.0729999989271164 0.8275868892669678 0.047003403306007385 8.238649368286133 0.040965694934129715 12.283242225646973
4 0.06303475052118301 14.278084754943848 0.05500474199652672 24.983556747436523 0.08399999886751175 1.7866712808609009 0.059001367539167404 18.45230484008789
4 0.06101082265377045 17.953771591186523 0.06300362944602966 14.130434036254883 0.07000148296356201 6.789835453033447 0.06699629127979279 10.51049518585205
3 0.06400004029273987 10.091649055480957 0.03701656684279442 52.656593322753906 0.03901661932468414 48.08285903930664 0.06300146132707596 11.223806381225586
2 0.046018995344638824 20.616443634033203 0.06200062483549118 6.492856502532959 0.07901446521282196 0.7086494565010071 0.0730004757642746 1.5047677755355835
4 0.03303087502717972 79.74333953857422 0.07200086861848831 4.4835734367370605 0.08499377220869064 0.5937412977218628 0.07800111174583435 2.172884225845337
4 0.049031298607587814 34.39701843261719 0.07600069791078568 2.4678328037261963 0.05400707200169563 25.48004150390625 0.05700864642858505 20.584226608276367
3 0.0670047178864479 8.2196626663208 0.0560024119913578 20.665386199951172 0.07500094175338745 2.4140243530273438 0.06800489872694016 7.217968940734863
2 0.038012802600860596 37.739044189453125 0.03501465916633606 43.376670837402344 0.05800160393118858 12.685164451599121 0.07300104945898056 2.0784385204315186
4 0.07800903916358948 2.6181557178497314 0.05502324551343918 27.33859634399414 0.04901359602808952 39.98186492919922 0.07500113546848297 3.164595127105713
1 0.07199999690055847 2.950301170349121 0.061000000685453415 2.501396894454956 0.03702244535088539 16.372434616088867 0.06300051510334015 2.1068472862243652
4 0.08000002801418304 1.382231593132019 0.055017780512571335 24.83856773376465 0.07899947464466095 2.3257744312286377 0.03801778331398964 63.2787971496582
3 0.043018631637096405 37.28731918334961 0.0610065720975399 13.233183860778809 0.031023766845464706 69.25241088867188 0.0590001717209816 16.049222946166992
3 0.06100744009017944 12.890998840332031 0.05700297653675079 16.10973358154297 0.05500857159495354 18.939233779907227 0.08399999886751175 0.0
4 0.07199999690055847 3.776776075363159 0.030990606173872948 75.8830795288086 0.08000649511814117 0.5811639428138733 0.07800059765577316 1.6246135234832764
2 0.03401460126042366 41.91851043701172 0.03801482543349266 35.23770523071289 0.05600306764245033 12.085362434387207 0.0630011335015297 7.937790870666504
1 0.04095330834388733 15.216909408569336 0.08299999684095383 0.0910320058465004 0.03700465336441994 21.709035873413086 0.05000060051679611 10.282649993896484
1 0.05700580030679703 9.817797660827637 0.06500246375799179 4.462536811828613 0.04600946232676506 18.886295318603516 0.056000832468271255 9.22478199005127
3 0.08300407975912094 0.0 0.031020531430840492 59.430904388427734 0.06800000369548798 6.017139434814453 0.0710010901093483 3.660703182220459
2 0.038015976548194885 42.98713302612305 0.06700681149959564 6.133052825927734 0.07699999958276749 1.1964861154556274 0.06800056248903275 5.705874443054199
3 0.08500000089406967 0.0 0.0820000022649765 0.4997199773788452 0.055016469210386276 17.718427658081055 0.07000090926885605 4.929755687713623
2 0.04200844094157219 35.186763763427734 0.033971965312957764 50.68953323364258 0.03501616045832634 48.06473159790039 0.055002495646476746 16.787336349487305
4 0.03899402543902397 57.85634231567383 0.06400041282176971 12.125510215759277 0.07000374048948288 6.057602405548096 0.08500011265277863 1.1523385047912598
3 0.041017431765794754 48.56960678100586 0.06201367825269699 13.043987274169922 0.03803592175245285 55.34160614013672 0.04001723974943161 50.072872161865234
2 0.04201430082321167 28.13548469543457 0.03901122882962227 33.95984649658203 0.0540255568921566 14.10280990600586 0.05600277706980705 12.525372505187988
4 0.043038543313741684 56.77772521972656 0.051984723657369614 32.83985900878906 0.07000000029802322 7.090975761413574 0.07600122690200806 2.824496030807495
4 0.06800000369548798 7.949336051940918 0.0690009668469429 6.711410045623779 0.06900248676538467 6.7967095375061035 0.044012293219566345 43.68490219116211
2 0.04501872882246971 21.25025177001953 0.033009644597768784 36.50563430786133 0.04900453984737396 16.911630630493164 0.0820000022649765 0.0
1 0.05502689629793167 7.991287708282471 0.0470087043941021 16.4771728515625 0.050006307661533356 13.429871559143066 0.041003819555044174 22.722885131835938
1 0.08100000023841858 0.0 0.05300462990999222 10.89752197265625 0.08402258157730103 0.0 0.04501504451036453 19.09219741821289
3 0.05502372607588768 17.60048484802246 0.07100030034780502 4.1014814376831055 0.0770006775856018 1.7189427614212036 0.04402487725019455 38.13219451904297
3 0.05400308966636658 17.10397720336914 0.052008893340826035 20.13214111328125 0.07800000160932541 1.0224244594573975 0.03501630201935768 49.00515365600586
1 0.03401602432131767 27.479522705078125 0.07699999958276749 1.0918411016464233 0.08500000089406967 0.0 0.061000339686870575 4.3818840980529785
1 0.053001224994659424 8.883641242980957 0.03702176734805107 21.992565155029297 0.06499999761581421 5.115688323974609 0.05000142753124237 11.163223266601562
4 0.05900169163942337 18.396282196044922 0.06300398707389832 13.906500816345215 0.06700322777032852 9.393179893493652 0.06200583651661873 15.626185417175293
2 0.08500000089406967 0.0 0.05400475487112999 16.396713256835938 0.08500000834465027 0.15263578295707703 0.03002762235701084 56.56471252441406
4 0.04801085218787193 39.1332893371582 0.0819505825638771 0.3343396782875061 0.07201243191957474 4.604745388031006 0.0820000022649765 1.6425843238830566
2 0.060000598430633545 7.3541107177734375 0.08300399780273438 0.3120569884777069 0.054017700254917145 11.915369033813477 0.07000014930963516 2.3186187744140625
4 0.036039963364601135 76.587890625 0.04701082780957222 44.376258850097656 0.0769830122590065 2.0686848163604736 0.08399999886751175 1.4973748922348022
3 0.08399999886751175 0.0 0.06100123003125191 11.529350280761719 0.06900376826524734 5.461134433746338 0.05295191705226898 20.364471435546875
1 0.0410042405128479 10.807833671569824 0.06100425496697426 3.4973795413970947 0.034016504883766174 17.390077590942383 0.0729999989271164 0.4235374331474304
2 0.041010890156030655 31.060218811035156 0.06500022858381271 7.488576889038086 0.08399999886751175 0.04961402341723442 0.060004692524671555 9.636186599731445
4 0.075025774538517 2.9887068271636963 0.059977151453495026 17.151792526245117 0.062003348022699356 14.676774024963379 0.07600525766611099 2.4237451553344727
4 0.07300110161304474 3.364434003829956 0.06195668503642082 14.102629661560059 0.06400218605995178 11.992294311523438 0.06800214946269989 7.942878246307373
3 0.08399999886751175 0.0 0.032024942338466644 73.18345642089844 0.05098928138613701 26.19960594177246 0.04501136764883995 36.780059814453125
3 0.03901469334959984 43.887718200683594 0.05000896751880646 24.829906463623047 0.04700962454080582 29.103614807128906 0.06700039654970169 5.903816223144531
4 0.043038565665483475 57.51072311401367 0.0740095004439354 3.5478620529174805 0.04102744534611702 61.146873474121094 0.05400794371962547 29.42357063293457
1 0.0729704275727272 0.9945008754730225 0.07999999821186066 0.004969462752342224 0.057000190019607544 5.996273517608643 0.03900669142603874 16.952953338623047
2 0.06300000101327896 8.027166366577148 0.05400576442480087 16.339616775512695 0.07800193130970001 0.8231492042541504 0.042014408856630325 30.646320343017578
2 0.05199333280324936 20.959739685058594 0.04701036214828491 26.597705841064453 0.051007434725761414 21.12646484375 0.0820000022649765 0.5900328159332275
2 0.03501123934984207 47.58711242675781 0.06300365924835205 8.35162353515625 0.043014973402023315 32.2064323425293 0.06400059163570404 8.77561092376709
3 0.03703636676073074 59.49858856201172 0.04001845419406891 51.85102081298828 0.05300675332546234 24.792720794677734 0.062010034918785095 13.419719696044922
4 0.07599999755620956 3.1102089881896973 0.031031960621476173 92.10600280761719 0.07004162669181824 6.710173606872559 0.04001976549625397 64.46847534179688
4 0.045015864074230194 41.460304260253906 0.06003354862332344 16.071304321289062 0.07100780308246613 5.112997531890869 0.05601298436522484 21.140378952026367
3 0.05901777744293213 12.964964866638184 0.062002815306186676 9.997950553894043 0.07000134140253067 4.048728942871094 0.035018209367990494 50.416568756103516
2 0.061005789786577225 11.598125457763672 0.031025618314743042 54.94774627685547 0.07803431898355484 1.0553423166275024 0.08100000023841858 0.5437169075012207
1 0.05302906036376953 10.693960189819336 0.07900139689445496 0.2727069854736328 0.050021443516016006 11.83572006225586 0.03900587931275368 21.638612747192383
3 0.06300689280033112 11.331413269042969 0.07500305026769638 2.2857651710510254 0.04197359457612038 44.55052947998047 0.03302265331149101 67.71267700195312
1 0.07000000029802322 1.9494976997375488 0.03400823473930359 18.49732780456543 0.05300283804535866 6.460771083831787 0.05999999865889549 3.2551043033599854
1 0.034012503921985626 33.39636993408203 0.06100053712725639 5.668163299560547 0.07001074403524399 2.1524107456207275 0.052001118659973145 13.061615943908691
2 0.07400061190128326 1.3992990255355835 0.030021879822015762 44.2913932800293 0.06300105154514313 6.224429130554199 0.03700679913163185 31.83666229248047
3 0.03502277657389641 60.21479415893555 0.06100041791796684 14.208983421325684 0.06400376558303833 10.763960838317871 0.05001470446586609 29.646169662475586
1 0.044009339064359665 16.59389877319336 0.0819714292883873 0.013983074575662613 0.03900664672255516 17.934612274169922 0.0820000022649765 0.2923600673675537
2 0.03401430323719978 38.593536376953125 0.08302689343690872 0.0 0.0580059215426445 10.837684631347656 0.070040762424469 3.0705766677856445
1 0.03500264883041382 18.823619842529297 0.030016077682375908 23.34508514404297 0.07202862948179245 0.6435576677322388 0.031019534915685654 21.90654182434082
3 0.05803636088967323 14.761490821838379 0.04201404005289078 39.07793045043945 0.07999999821186066 0.0 0.06600338965654373 7.593461990356445
1 0.057019010186195374 8.608394622802734 0.04800622910261154 14.936323165893555 0.03202507272362709 34.77469253540039 0.047023266553878784 16.227981567382812
4 0.037024952471256256 72.78793334960938 0.08199696987867355 3.927288055419922 0.07897680997848511 2.418506145477295 0.07900089770555496 1.8798596858978271
3 0.07900000363588333 1.6567732095718384 0.035018086433410645 51.896583557128906 0.03601836785674095 48.93107223510742 0.04701386019587517 27.371816635131836
1 0.045010656118392944 17.731014251708984 0.07200030237436295 1.2675285339355469 0.044019609689712524 16.245027542114258 0.08397682756185532 0.0
2 0.04700206220149994 18.763471603393555 0.0680006667971611 3.8143553733825684 0.03202105313539505 37.105953216552734 0.05700577050447464 10.401585578918457
4 0.03702380135655403 73.58845520019531 0.07903067022562027 1.4758254289627075 0.08000006526708603 1.9801981449127197 0.06900139898061752 8.115588188171387
2 0.07599999755620956 1.3693851232528687 0.07999999821186066 0.9132786989212036 0.072047658264637 2.7330281734466553 0.0820000022649765 0.2645091414451599
2 0.04102110490202904 36.20365905761719 0.04601069539785385 28.221736907958984 0.03103550523519516 58.42725372314453 0.05300717055797577 19.181537628173828
1 0.06600186973810196 1.7076613903045654 0.06100032478570938 5.020866394042969 0.0450049564242363 13.167149543762207 0.06797266006469727 1.6827868223190308
4 0.06002577766776085 17.04436683654785 0.0430082306265831 46.96278381347656 0.07303815335035324 3.354261636734009 0.06700138747692108 8.971640586853027
3 0.08399999886751175 0.0 0.0719887837767601 3.7606873512268066 0.07000350952148438 5.448872089385986 0.05001399293541908 28.59212875366211
1 0.04800059273838997 10.058928489685059 0.0710068866610527 1.0342942476272583 0.08100000023841858 0.0 0.055018454790115356 7.450177192687988
4 0.07300049811601639 4.092350959777832 0.07698170095682144 2.3881616592407227 0.06500174850225449 12.257564544677734 0.07800000160932541 2.1385114192962646
3 0.0570203959941864 18.09113121032715 0.06600610911846161 8.803775787353516 0.07199999690055847 3.7606558799743652 0.05000212788581848 28.248783111572266
3 0.08399999886751175 0.0 0.05501285567879677 21.083925247192383 0.06800058484077454 6.905345916748047 0.05900418758392334 16.371826171875
2 0.07302708178758621 2.2577319145202637 0.08299999684095383 0.0 0.04902118444442749 21.50946044921875 0.06604041159152985 5.8047919273376465
2 0.07999999821186066 0.0 0.03303692117333412 38.69560623168945 0.07699999958276749 0.5892363786697388 0.05300271883606911 13.331442832946777
2 0.06100429221987724 10.298421859741211 0.039008669555187225 37.0539665222168 0.05200202018022537 17.886632919311523 0.06300309300422668 8.391108512878418
2 0.045041803270578384 25.639759063720703 0.04101233556866646 30.916152954101562 0.048997662961483 19.956464767456055 0.049007389694452286 19.86370849609375
2 0.08300404250621796 0.703896164894104 0.05200145021080971 14.470383644104004 0.07400046288967133 1.5862270593643188 0.0670010894536972 4.279232501983643
1 0.04199313372373581 10.954370498657227 0.06700041145086288 2.0129637718200684 0.07199999690055847 0.5774422883987427 0.05400480702519417 6.902546405792236
1 0.06900028884410858 2.494539260864258 0.04800567403435707 13.082178115844727 0.06300567090511322 3.6422319412231445 0.06600075215101242 3.3425912857055664
4 0.05001217499375343 35.42915725708008 0.04002606123685837 60.57038879394531 0.04501798003911972 45.760684967041016 0.0680011510848999 9.007553100585938
4 0.03603874519467354 66.99097442626953 0.03402229771018028 73.96928405761719 0.037968624383211136 61.77245330810547 0.05001251772046089 32.68935775756836
1 0.07199999690055847 0.809945285320282 0.0520172119140625 5.662623882293701 0.05598733201622963 4.595383644104004 0.07400000095367432 0.6880297660827637
4 0.044012781232595444 45.65817642211914 0.03702392429113388 63.85395812988281 0.0360267348587513 63.9649658203125 0.06199720874428749 14.361297607421875
4 0.035026419907808304 71.86076354980469 0.059027835726737976 18.456981658935547 0.04302217811346054 49.9843864440918 0.07800000160932541 1.3439509868621826
3 0.049043260514736176 26.726106643676758 0.04401272162795067 35.920223236083984 0.08100084215402603 0.16825610399246216 0.0440078042447567 35.00855255126953
3 0.04904778301715851 24.986440658569336 0.04600917175412178 30.672914505004883 0.0820009708404541 1.192024827003479 0.03202967345714569 58.703495025634766
4 0.07800571620464325 2.472479820251465 0.06600155681371689 10.947757720947266 0.07600024342536926 2.7876923084259033 0.0490112267434597 37.57144546508789
1 0.06400000303983688 5.239312171936035 0.06098491698503494 6.934190273284912 0.035026196390390396 31.053836822509766 0.07802407443523407 0.9580118060112
1 0.06302258372306824 6.239674091339111 0.057000819593667984 7.89785099029541 0.0729999989271164 1.3425815105438232 0.04501777142286301 16.02480125427246
3 0.08200012892484665 0.9858822822570801 0.05802230164408684 17.335567474365234 0.03700221702456474 57.52400588989258 0.04801495000720024 33.443359375
1 0.042019039392471313 18.09360694885254 0.03700844570994377 25.1458797454834 0.07900363951921463 0.2629378139972687 0.037004824727773666 24.3768253326416
1 0.05800001323223114 6.3162922859191895 0.038017794489860535 24.20369529724121 0.04900636896491051 13.950130462646484 0.08399999886751175 0.22266915440559387
1 0.03301484137773514 26.487972259521484 0.035007674247026443 24.5472354888916 0.04500322416424751 14.288177490234375 0.035017792135477066 24.259340286254883
4 0.0820000022649765 1.0512257814407349 0.038019903004169464 64.15319061279297 0.0820000022649765 1.3224915266036987 0.0800006091594696 1.1393086910247803
1 0.04003122076392174 19.82746696472168 0.05500280484557152 7.841455459594727 0.03101920150220394 28.989032745361328 0.0330084003508091 25.482959747314453
1 0.06199999898672104 5.135794639587402 0.06599573791027069 4.013999938964844 0.06700030714273453 3.641385078430176 0.07600003480911255 1.1170119047164917
1 0.03401235491037369 25.111848831176758 0.07000000029802322 1.239129662513733 0.05400051921606064 8.23428726196289 0.0730004608631134 0.8277288675308228
1 0.07000081986188889 1.6401997804641724 0.08399999886751175 0.0 0.04900623485445976 9.462479591369629 0.05900014191865921 6.447469711303711
2 0.0700003057718277 2.9367263317108154 0.05700631067156792 11.44286060333252 0.074002705514431 1.8381752967834473 0.03602367639541626 38.60176467895508
2 0.05900081992149353 10.25742244720459 0.0610007680952549 8.99768352508545 0.0739879384636879 1.6063915491104126 0.06200149282813072 8.400360107421875
3 0.05703997611999512 15.376242637634277 0.03601936250925064 49.377479553222656 0.07800070196390152 1.0078471899032593 0.03601349890232086 49.8637580871582
3 0.06600666791200638 9.164023399353027 0.05900174006819725 14.375062942504883 0.082000233232975 0.07129178196191788 0.04000944644212723 43.39288330078125
1 0.06900069862604141 2.4190733432769775 0.052006423473358154 9.755805015563965 0.06300503015518188 4.1032490730285645 0.08299999684095383 0.0
4 0.03204345703125 88.72598266601562 0.07900049537420273 1.3379621505737305 0.05600496008992195 26.047136306762695 0.06300431489944458 15.773109436035156
3 0.08500000089406967 0.0 0.05900020897388458 15.403886795043945 0.0820012241601944 0.0 0.06900233775377274 5.928257942199707
2 0.035018254071474075 34.77538299560547 0.0689779669046402 3.1761577129364014 0.05600602924823761 10.134588241577148 0.08000026643276215 0.661442756652832
1 0.031005442142486572 22.66031837463379 0.04600340127944946 10.70305347442627 0.043002258986234665 12.190166473388672 0.062024250626564026 3.6882097721099854
1 0.050011102110147476 11.442472457885742 0.0390048511326313 19.941974639892578 0.07600003480911255 0.5461174249649048 0.037018269300460815 24.38764762878418
2 0.0729999989271164 2.0475544929504395 0.05900465324521065 10.497323989868164 0.05500195547938347 14.11536693572998 0.07000153511762619 3.5032119750976562
2 0.08100000023841858 0.9814172387123108 0.05900348350405693 8.937602996826172 0.06900010257959366 3.066370725631714 0.037013210356235504 34.128211975097656
4 0.039020638912916183 54.47328567504883 0.08004982769489288 1.413397192955017 0.04501840099692345 40.197532653808594 0.05401033163070679 24.521671295166016
2 0.035025548189878464 34.11005783081055 0.040010202676057816 26.392717361450195 0.06400001049041748 4.304935932159424 0.06600041687488556 4.277469635009766
2 0.04203411191701889 33.003822326660156 0.04101478308439255 34.613616943359375 0.06500053405761719 7.705550670623779 0.06899338215589523 4.496274471282959
3 0.06800749897956848 4.979438304901123 0.054001759737730026 17.513385772705078 0.07200111448764801 2.759345293045044 0.07200103998184204 2.9200706481933594
2 0.0620000883936882 9.660035133361816 0.05700473114848137 14.0591459274292 0.06300658732652664 8.386316299438477 0.08400005102157593 0.569411039352417
3 0.03401899337768555 58.60566711425781 0.053011100739240646 21.378416061401367 0.04601138457655907 33.14070510864258 0.08100000023841858 1.647027611732483
1 0.07502473145723343 0.7340966463088989 0.07500027120113373 1.0534203052520752 0.03500879928469658 28.48599624633789 0.040008194744586945 22.675979614257812
4 0.04303734377026558 49.67504119873047 0.07900083810091019 2.0797252655029297 0.03103211149573326 82.59188842773438 0.05002912878990173 33.13911437988281
2 0.06403428316116333 7.975348949432373 0.049010518938302994 23.88494873046875 0.07200314104557037 2.945256471633911 0.07100336253643036 3.384474039077759
3 0.08000000566244125 1.7514151334762573 0.07500681281089783 2.1887001991271973 0.04001583904027939 47.5950813293457 0.05000828206539154 27.38257598876953
2 0.08500000089406967 0.0 0.07100104540586472 3.07426118850708 0.08397878706455231 0.0 0.03301847726106644 48.00296401977539
1 0.06302880495786667 4.008244037628174 0.03200406953692436 25.0333251953125 0.04001093655824661 16.93901824951172 0.06800000369548798 1.1988192796707153
1 0.03702036291360855 29.015235900878906 0.05700062960386276 9.948835372924805 0.030020397156476974 43.27833938598633 0.08500000089406967 0.0
3 0.07400684803724289 2.720142126083374 0.08300000429153442 0.8874405026435852 0.08100069314241409 0.8897840976715088 0.05700313299894333 18.908313751220703
2 0.044007591903209686 28.45224952697754 0.07497331500053406 1.7213362455368042 0.04300789535045624 29.601890563964844 0.06500072032213211 7.173713207244873
2 0.061003025621175766 8.924748420715332 0.08500009775161743 0.4720273017883301 0.07900041341781616 0.7850457429885864 0.06700071692466736 5.156365871429443
4 0.03701893985271454 73.72813415527344 0.04002396762371063 63.67129135131836 0.0760456994175911 2.8472023010253906 0.05500462278723717 27.636642456054688
4 0.03199569135904312 85.51644897460938 0.04600951448082924 45.91257095336914 0.06701064854860306 10.434867858886719 0.0460110642015934 46.17607879638672
2 0.04700537398457527 22.527189254760742 0.032023556530475616 46.31899642944336 0.039014797657728195 34.53764343261719 0.08000025153160095 0.5772878527641296
4 0.07900115102529526 2.4679527282714844 0.044017940759658813 50.74609375 0.06800103187561035 9.212872505187988 0.04801960289478302 41.50988006591797
3 0.041008252650499344 39.996986389160156 0.07100764662027359 3.7088966369628906 0.05400519073009491 19.101930618286133 0.05400707572698593 18.999454498291016
2 0.053000230342149734 13.438632011413574 0.03303742781281471 42.58020782470703 0.06400391459465027 6.782293796539307 0.058001045137643814 11.357749938964844
1 0.05801418423652649 3.836228370666504 0.03800658509135246 17.79181480407715 0.08500241488218307 0.02107933722436428 0.08300021290779114 0.0
4 0.0470038503408432 40.38520431518555 0.07700102031230927 2.2643535137176514 0.04701201245188713 40.51165008544922 0.06300187855958939 13.454121589660645
3 0.030021527782082558 62.016624450683594 0.039026714861392975 41.60047149658203 0.04501313716173172 31.146270751953125 0.06100151687860489 10.57740306854248
4 0.06401035189628601 12.22613525390625 0.06700177490711212 9.35611343383789 0.08299999684095383 1.547929286956787 0.06100090965628624 15.68787956237793
3 0.04601379856467247 29.934438705444336 0.08000000566244125 1.5710970163345337 0.05200556665658951 21.876203536987305 0.07100000232458115 3.5274901390075684
4 0.06700081378221512 9.462204933166504 0.08500011265277863 0.9518377780914307 0.05101728066802025 31.438955307006836 0.08500000089406967 0.8478509187698364
1 0.06500396877527237 4.908547401428223 0.054005008190870285 9.209304809570312 0.07702311873435974 0.8790857195854187 0.03401025012135506 30.206153869628906
3 0.08399999886751175 0.0 0.035017289221286774 57.25625228881836 0.05800509452819824 15.685462951660156 0.046014755964279175 33.598304748535156
3 0.04401155188679695 34.37991714477539 0.03002110868692398 64.20600891113281 0.0670156329870224 6.75346040725708 0.059006523340940475 13.847241401672363
4 0.04701540619134903 41.26280975341797 0.04501901939511299 46.67729568481445 0.07400261610746384 3.5024826526641846 0.03802723065018654 65.91565704345703
3 0.07000000029802322 5.548424243927002 0.030026594176888466 77.73377227783203 0.04796518012881279 33.315948486328125 0.07200006395578384 3.8098199367523193
1 0.04401698708534241 16.0899658203125 0.05400066822767258 8.589272499084473 0.07901311665773392 0.38434600830078125 0.08500000089406967 0.0
3 0.06600712984800339 9.53245735168457 0.08000019937753677 0.8053812980651855 0.07500044256448746 2.2588346004486084 0.03401817008852959 60.37517166137695
1 0.07800000160932541 0.76575767993927 0.08399999886751175 0.0 0.08100000023841858 0.11703839153051376 0.05600055307149887 8.247526168823242
4 0.03302770107984543 73.6500473022461 0.05103713646531105 29.417749404907227 0.0820000022649765 1.35496985912323 0.07300032675266266 3.4810774326324463
3 0.03903195634484291 53.43144989013672 0.07599999755620956 2.330805540084839 0.031025461852550507 73.97859954833984 0.04401559382677078 40.35361862182617
2 0.06900282204151154 3.5595450401306152 0.04701017588376999 18.06317901611328 0.03402623161673546 35.660675048828125 0.03701312839984894 31.122316360473633
2 0.07502546161413193 1.684855580329895 0.0630015879869461 9.264114379882812 0.08300448954105377 0.7920500636100769 0.0380154550075531 41.792911529541016
4 0.06101037934422493 16.643407821655273 0.042029429227113724 53.44917678833008 0.08500123023986816 0.0 0.07600068300962448 2.6871933937072754
4 0.08100108802318573 0.8024604320526123 0.08500001579523087 0.8321166038513184 0.07300044596195221 3.7542531490325928 0.050004277378320694 34.71426010131836
3 0.06600693613290787 9.550695419311523 0.08501181751489639 0.7128003835678101 0.0820007249712944 0.4440837502479553 0.03701182082295418 53.2302131652832
2 0.04002216458320618 31.907201766967773 0.04800836369395256 21.658321380615234 0.044009555131196976 26.879480361938477 0.040012333542108536 32.66475296020508
3 0.06800000369548798 5.965877056121826 0.03402293473482132 63.50677490234375 0.07100000232458115 4.176377773284912 0.0730007216334343 2.9939539432525635
1 0.03301787003874779 32.87186813354492 0.030012374743819237 37.77817153930664 0.07395286858081818 0.8313966989517212 0.0520009770989418 12.228358268737793
1 0.036023981869220734 30.932106018066406 0.05402015522122383 11.347610473632812 0.05700312554836273 8.585329055786133 0.06998337060213089 2.7580080032348633
4 0.038015931844711304 66.38219451904297 0.033017728477716446 80.38341522216797 0.05202070623636246 30.9581356048584 0.06100355088710785 17.15243148803711
3 0.061006877571344376 12.916994094848633 0.045016705989837646 31.345909118652344 0.03801611810922623 44.62173843383789 0.05300343409180641 19.33783721923828
3 0.07800000160932541 0.8848555088043213 0.04301737993955612 38.6361083984375 0.06600077450275421 8.165881156921387 0.04101497307419777 43.29079818725586
2 0.08500000089406967 0.0 0.07300033420324326 2.136652708053589 0.06400097906589508 7.704857349395752 0.06300520896911621 8.166582107543945
3 0.056005414575338364 16.375030517578125 0.054008714854717255 19.033634185791016 0.06500308960676193 8.460758209228516 0.04201146587729454 36.47440719604492
4 0.08199849724769592 1.300087809562683 0.05100226029753685 30.58063507080078 0.08500000089406967 0.7385171055793762 0.07000046223402023 5.957249164581299
4 0.06800001114606857 8.911529541015625 0.05801040306687355 21.215978622436523 0.040016647428274155 59.27089309692383 0.062001556158065796 15.01791763305664
2 0.04904679208993912 25.292953491210938 0.06600100547075272 6.103250026702881 0.0820000022649765 0.6353572607040405 0.08299999684095383 0.03947921842336655
4 0.05401713773608208 24.80246925354004 0.03404438868165016 69.74032592773438 0.03802277520298958 58.633121490478516 0.04501686245203018 41.63256072998047
1 0.07102471590042114 0.5737789273262024 0.06100042909383774 4.190629959106445 0.04200602322816849 12.191969871520996 0.07900000363588333 0.3262745141983032
4 0.06500054150819778 12.200291633605957 0.044013336300849915 47.968780517578125 0.07001444697380066 6.125758647918701 0.047956403344869614 38.36155319213867
4 0.06900019198656082 7.082440376281738 0.07700074464082718 2.081480026245117 0.04202624782919884 48.36021041870117 0.062001656740903854 13.722883224487305
1 0.07900000363588333 0.004174157977104187 0.032012153416872025 24.08509635925293 0.0310151819139719 38.07829666137695 0.07999999821186066 0.5424333214759827
4 0.07300012558698654 3.6881515979766846 0.08299999684095383 1.4712878465652466 0.030033035203814507 88.74462890625 0.05701344087719917 21.521635055541992
4 0.07599999755620956 2.6371121406555176 0.03302817419171333 71.24849700927734 0.03302720561623573 73.11358642578125 0.07100355625152588 4.956532955169678
2 0.04101193696260452 23.101516723632812 0.05502970516681671 10.155673027038574 0.03301050886511803 35.87122344970703 0.03201596811413765 35.96062469482422
3 0.08300410211086273 0.0 0.04403744637966156 39.398597717285156 0.07699999958276749 2.304326057434082 0.06101435795426369 13.708548545837402
2 0.07599999755620956 1.4248037338256836 0.07600052654743195 1.335541009902954 0.041025057435035706 31.67376708984375 0.07599999755620956 1.4922373294830322
4 0.04202991724014282 50.24774932861328 0.04002255201339722 56.00055694580078 0.07102729380130768 5.281334400177002 0.08200211822986603 1.1938258409500122
1 0.05002575367689133 10.09925365447998 0.07702634483575821 0.6785377860069275 0.06300095468759537 4.850700855255127 0.054000966250896454 9.96070384979248
4 0.05403214320540428 28.94838523864746 0.07400007545948029 3.7848386764526367 0.053024571388959885 30.499711990356445 0.07500000298023224 3.1170005798339844
4 0.036038365215063095 66.19910430908203 0.0509994775056839 30.326461791992188 0.07100027054548264 5.06533145904541 0.05601030960679054 22.379812240600586
3 0.06500004231929779 8.307320594787598 0.08000058680772781 0.4501795768737793 0.06200728192925453 11.974523544311523 0.054001931101083755 20.61394500732422
1 0.04600921645760536 8.398594856262207 0.032003674656152725 18.827878952026367 0.042001497000455856 11.41147518157959 0.04800616577267647 8.741894721984863
1 0.04002412408590317 15.747169494628906 0.07101652026176453 1.0675859451293945 0.0670352652668953 1.9481154680252075 0.08500000089406967 0.0
4 0.07800000160932541 1.7940263748168945 0.0710015669465065 4.858026504516602 0.05001936852931976 30.252775192260742 0.07599999755620956 2.4380953311920166
4 0.07599999755620956 3.0344600677490234 0.07900092005729675 2.019218921661377 0.044019054621458054 51.816246032714844 0.08202771842479706 1.3500481843948364
4 0.0820000022649765 1.2015454769134521 0.06700044870376587 9.597495079040527 0.04603630676865578 41.28026580810547 0.04501831904053688 43.94036102294922
1 0.06900080293416977 1.8762719631195068 0.07400000095367432 1.1885119676589966 0.03700811043381691 22.458980560302734 0.038005758076906204 22.826547622680664
2 0.08100062608718872 1.0222790241241455 0.0630071610212326 7.604858875274658 0.0820002481341362 0.4488449990749359 0.08100049942731857 0.25121548771858215
3 0.052000705152750015 21.407243728637695 0.05101045221090317 21.38368034362793 0.050010476261377335 22.931100845336914 0.04201817512512207 36.02559280395508
4 0.030026065185666084 82.44987487792969 0.04002765193581581 54.06838607788086 0.07700087130069733 2.2018017768859863 0.07800036668777466 1.6886895895004272
4 0.07800000160932541 2.079007863998413 0.03602810576558113 66.259765625 0.07400000095367432 2.957395076751709 0.04701876640319824 38.55131530761719
4 0.07100366055965424 5.234031677246094 0.05495820567011833 23.78373146057129 0.037019677460193634 64.11234283447266 0.03602689504623413 64.25961303710938
2 0.05600234493613243 10.686884880065918 0.05400610342621803 12.683137893676758 0.036013100296258926 34.61076354980469 0.07500524073839188 1.1600236892700195
1 0.030012506991624832 31.768545150756836 0.06600593030452728 2.3673462867736816 0.0410032756626606 20.229368209838867 0.07100000232458115 1.2041375637054443
2 0.0820000022649765 0.8783770799636841 0.07100024819374084 3.6205623149871826 0.045012976974248886 28.07921600341797 0.07400478422641754 2.1812620162963867
4 0.06902225315570831 6.999062538146973 0.06498433649539948 11.334583282470703 0.05101532116532326 30.77532386779785 0.06800104677677155 8.286956787109375
2 0.05000651627779007 14.81397533416748 0.06900040805339813 3.307530641555786 0.06500046700239182 5.178619861602783 0.06600041687488556 4.733484745025635
3 0.03702561929821968 59.56714630126953 0.05102859064936638 28.627044677734375 0.03902043402194977 54.15790557861328 0.07699999958276749 2.1548523902893066
1 0.05900049954652786 5.695311069488525 0.07500000298023224 0.4535626173019409 0.06000007316470146 4.094021797180176 0.08500000089406967 0.0
4 0.07100414484739304 5.349669456481934 0.07400135695934296 3.3967087268829346 0.07200770080089569 4.856200695037842 0.07900067418813705 1.5879324674606323
4 0.08100108057260513 0.6753899455070496 0.06000180169939995 17.3613224029541 0.07800080627202988 2.117224931716919 0.06100373715162277 16.486265182495117
4 0.08500000089406967 1.2925680875778198 0.07000032812356949 7.210132598876953 0.07700087130069733 2.5384888648986816 0.08299999684095383 0.843105137348175
2 0.042004212737083435 32.117610931396484 0.05600424483418465 13.601442337036133 0.06200664862990379 8.614418983459473 0.08100030571222305 0.29930007457733154
2 0.05298258736729622 14.93491268157959 0.06500381976366043 5.731029033660889 0.043005168437957764 24.52735137939453 0.05600093677639961 12.100385665893555
2 0.06800785660743713 4.098859786987305 0.06600338965654373 5.00285005569458 0.032958365976810455 37.145931243896484 0.032016392797231674 38.98484802246094
2 0.0690004974603653 5.143739700317383 0.06101704016327858 10.545954704284668 0.07600115239620209 1.6890616416931152 0.06700070202350616 6.445235729217529
2 0.07100135833024979 2.545992136001587 0.054010890424251556 13.08784294128418 0.04700712114572525 21.689167022705078 0.07204874604940414 2.4126837253570557
1 0.053013429045677185 9.803709983825684 0.031001999974250793 27.68529510498047 0.04000592604279518 18.25056266784668 0.051970187574625015 8.595527648925781
3 0.03403802588582039 53.64938735961914 0.06400169432163239 8.475991249084473 0.07300994545221329 2.5154361724853516 0.050002772361040115 24.423595428466797
4 0.05997297540307045 18.8682918548584 0.08299999684095383 1.5221986770629883 0.0330364815890789 79.23595428466797 0.07400049269199371 3.427823305130005
1 0.05800043046474457 7.23496675491333 0.06700952351093292 3.48823618888855 0.07000072300434113 1.9949522018432617 0.056005869060754776 7.131815433502197
4 0.04402216523885727 50.74983215332031 0.075006403028965 3.146392583847046 0.054004423320293427 27.961767196655273 0.0370260588824749 70.44210815429688
3 0.07999999821186066 1.3773441314697266 0.030956542119383812 59.00166320800781 0.06400038301944733 8.623311996459961 0.07600104808807373 1.7831401824951172
1 0.062001973390579224 3.837979316711426 0.05400100350379944 7.989421367645264 0.052004724740982056 8.243545532226562 0.08400292694568634 0.0
3 0.04002479836344719 45.61246109008789 0.05700621381402016 17.275009155273438 0.05300641059875488 22.436704635620117 0.08100000023841858 0.06306431442499161
2 0.037021294236183167 35.62935256958008 0.06700017303228378 4.59228515625 0.07000092417001724 3.068470001220703 0.04900164529681206 17.598051071166992
4 0.05502556636929512 21.72832679748535 0.03402518108487129 72.84165954589844 0.05504477396607399 23.228271484375 0.05900644510984421 18.25144386291504
1 0.03601580485701561 14.244644165039062 0.07900000363588333 0.11080843210220337 0.039006419479846954 12.731452941894531 0.046002745628356934 10.009846687316895
2 0.08399999886751175 0.0 0.07101371884346008 2.986659526824951 0.07495157420635223 1.8365323543548584 0.05000496655702591 23.311485290527344
2 0.032016951590776443 54.77238845825195 0.07500101625919342 1.935721755027771 0.03799229487776756 40.75066375732422 0.031017806380987167 56.819488525390625
2 0.04401152580976486 25.7177677154541 0.07600964605808258 1.5304402112960815 0.044001027941703796 26.195449829101562 0.05100685730576515 16.76345443725586
3 0.03603581711649895 60.05620193481445 0.039018671959638596 52.15570831298828 0.037022847682237625 57.389949798583984 0.05000957101583481 28.82145881652832
2 0.07804939150810242 0.9054412841796875 0.04201308637857437 31.674959182739258 0.05401046574115753 15.831815719604492 0.0360102541744709 42.030879974365234
4 0.07502569258213043 2.7211549282073975 0.06700143218040466 8.636652946472168 0.05000874400138855 30.34102439880371 0.03202440217137337 74.6527099609375
1 0.03401130065321922 32.41147232055664 0.08100002259016037 0.5024435520172119 0.05600086599588394 9.106095314025879 0.056003373116254807 9.572554588317871
2 0.08399999886751175 0.0 0.06600575894117355 6.704882621765137 0.05500156804919243 15.774421691894531 0.033015355467796326 50.99601745605469
2 0.04700976982712746 26.401161193847656 0.06200556457042694 9.175522804260254 0.03501061722636223 46.70416259765625 0.05900159850716591 10.329429626464844
4 0.08399999886751175 0.8508405089378357 0.03901582583785057 65.55037689208984 0.05201014503836632 32.937660217285156 0.0790003165602684 1.344440221786499
3 0.04800928384065628 29.772409439086914 0.04401523992419243 38.292762756347656 0.08399999886751175 0.9646697044372559 0.07600022107362747 1.8957656621932983
4 0.05401960387825966 26.872852325439453 0.0719929188489914 4.644093990325928 0.05502641573548317 25.683828353881836 0.03003326803445816 91.25199890136719
4 0.07800000160932541 1.9058932065963745 0.07300789654254913 3.3527586460113525 0.04101576283574104 51.679256439208984 0.07400047779083252 2.7922000885009766
4 0.056001707911491394 25.478084564208984 0.07000129669904709 7.274844646453857 0.05302261933684349 30.526165008544922 0.06204080209136009 17.01942253112793
2 0.07100183516740799 3.7044119834899902 0.07600048184394836 1.342751145362854 0.07999999821186066 0.7041566967964172 0.047003842890262604 25.602245330810547
2 0.060001060366630554 9.781303405761719 0.08300399035215378 0.6428854465484619 0.051001060754060745 17.28268814086914 0.04600882902741432 24.846567153930664
3 0.03303280100226402 61.5350341796875 0.06800095736980438 5.957357406616211 0.03001866489648819 58.080894470214844 0.03302290290594101 61.5078239440918
2 0.036026883870363235 39.19132995605469 0.04800646752119064 21.88199234008789 0.058962736278772354 11.37997055053711 0.08200083673000336 0.7569410800933838
1 0.05700032040476799 6.2134690284729 0.05900024250149727 4.875819683074951 0.04300326108932495 13.194387435913086 0.0689999982714653 1.409770131111145
2 0.08399999886751175 0.03429264947772026 0.06700442731380463 5.602105617523193 0.07800041884183884 0.9007324576377869 0.06200874224305153 8.406018257141113
4 0.05503719672560692 28.823627471923828 0.0600065179169178 19.295421600341797 0.06300625950098038 14.906797409057617 0.0780017152428627 2.502431869506836
4 0.031033793464303017 101.5722885131836 0.041018616408109665 60.898826599121094 0.07400013506412506 3.503615140914917 0.07797017693519592 2.0376672744750977
4 0.03303859382867813 83.62976837158203 0.04902602732181549 39.013145446777344 0.03602633997797966 76.26332092285156 0.03602824732661247 73.89586639404297
2 0.07000070065259933 3.2444820404052734 0.08500000089406967 0.0 0.06102097034454346 9.142498016357422 0.07800030708312988 0.9451966881752014
3 0.053024180233478546 25.639759063720703 0.08304046094417572 1.2828603982925415 0.07000382244586945 5.698370933532715 0.0790000930428505 1.0975356101989746
2 0.03900955617427826 35.5732307434082 0.04602726921439171 24.011371612548828 0.05500927194952965 13.969192504882812 0.07300113886594772 1.9523440599441528
4 0.053004343062639236 26.503995895385742 0.06800293177366257 7.787018775939941 0.055996254086494446 22.526691436767578 0.07996571809053421 1.1528769731521606
1 0.06400111317634583 5.176444053649902 0.03600667789578438 24.48999786376953 0.061027999967336655 4.523558139801025 0.044005557894706726 16.208227157592773
4 0.051009804010391235 28.429698944091797 0.08399999886751175 0.0 0.05800185725092888 18.274301528930664 0.08200431615114212 0.19810526072978973
2 0.058021657168865204 13.936519622802734 0.05500445142388344 16.05061912536621 0.04301278665661812 31.700618743896484 0.07900111377239227 0.7258793115615845
1 0.0340205542743206 28.97551727294922 0.04000644013285637 22.225879669189453 0.03201266750693321 31.997257232666016 0.08503168821334839 0.8132585287094116
3 0.04402344301342964 37.33409118652344 0.05700255185365677 17.332094192504883 0.08197693526744843 0.03652434051036835 0.08500000089406967 0.0
1 0.07600319385528564 0.7859698534011841 0.08100000023841858 0.0 0.06300058960914612 4.602409362792969 0.06800000369548798 2.32013201713562
2 0.03402033820748329 37.687252044677734 0.07397792488336563 1.5196865797042847 0.04801121726632118 19.79971694946289 0.034014709293842316 39.12016296386719
2 0.05002046748995781 18.922607421875 0.058006349951028824 10.596077919006348 0.07600055634975433 1.1651575565338135 0.08100000023841858 0.39849230647087097
3 0.07599999755620956 1.338644027709961 0.062002819031476974 9.709856986999512 0.05200987681746483 20.49506187438965 0.03501328453421593 49.737125396728516
4 0.06600861251354218 9.365910530090332 0.07900000363588333 1.0728217363357544 0.050026725977659225 33.001609802246094 0.041016969829797745 54.9007453918457
2 0.0740007609128952 1.9155700206756592 0.033029183745384216 52.74095153808594 0.058000337332487106 12.62285327911377 0.03102274425327778 57.057254791259766
1 0.07300017774105072 0.917673647403717 0.04300062358379364 11.672165870666504 0.06000277027487755 5.079367637634277 0.04001991078257561 15.460633277893066
1 0.0820000022649765 0.0 0.07900000363588333 0.11396892368793488 0.06500101834535599 4.061784267425537 0.04202110692858696 17.998167037963867
1 0.05502704158425331 7.786583423614502 0.08003880828619003 0.5288151502609253 0.049001701176166534 15.656320571899414 0.07800054550170898 0.44273972511291504
1 0.06199999898672104 4.1904497146606445 0.04600561410188675 15.449151039123535 0.03101142682135105 32.759517669677734 0.05302584171295166 11.62586784362793
2 0.06201052665710449 6.71681022644043 0.048002295196056366 20.763378143310547 0.06796807795763016 3.9167659282684326 0.0620022751390934 8.27792739868164
4 0.054012835025787354 24.45781135559082 0.07500670850276947 2.4798426628112793 0.07195686548948288 4.05114221572876 0.06500432640314102 10.745771408081055
2 0.05600149929523468 14.032306671142578 0.07400094717741013 1.8949891328811646 0.06100498139858246 8.21880054473877 0.06800086796283722 4.7822747230529785
2 0.033016595989465714 47.94344711303711 0.07900091260671616 0.7184610962867737 0.08500000089406967 0.0 0.07100067287683487 3.129074811935425
3 0.06600730866193771 9.333730697631836 0.0810004472732544 0.48275741934776306 0.07197790592908859 3.642465829849243 0.04201030358672142 43.70225524902344
3 0.0820000171661377 1.1761283874511719 0.07200300693511963 3.7184956073760986 0.047018349170684814 33.36534118652344 0.04701235890388489 33.044620513916016
3 0.0670010894536972 6.76677942276001 0.06700250506401062 6.994564533233643 0.04101492092013359 41.884613037109375 0.06100130081176758 12.850672721862793
1 0.04300859943032265 21.50551986694336 0.08200068771839142 0.4882524013519287 0.030018780380487442 31.96942138671875 0.040007639676332474 24.775489807128906
2 0.08100000023841858 0.0 0.04600945860147476 20.84346580505371 0.05300566926598549 13.991493225097656 0.05698296055197716 10.76308536529541
4 0.03102898597717285 79.33667755126953 0.03302518278360367 71.1565170288086 0.06601862609386444 9.072393417358398 0.031029533594846725 78.88739776611328
1 0.05300001800060272 7.2715935707092285 0.05700014531612396 6.115310192108154 0.04700504615902901 9.999665260314941 0.07699999958276749 0.28152090311050415
3 0.07900281995534897 0.8941251039505005 0.08399999886751175 0.0 0.08000088483095169 0.9261325001716614 0.04302050918340683 40.862770080566406
2 0.04703451320528984 21.507566452026367 0.07600006461143494 1.363491177558899 0.0580056793987751 10.538421630859375 0.060001078993082047 9.451464653015137
2 0.05100376158952713 20.224380493164062 0.06100086867809296 9.623199462890625 0.06700415909290314 5.454817771911621 0.029976455494761467 62.88325119018555
1 0.04500321298837662 18.916183471679688 0.05300285667181015 11.795180320739746 0.054001886397600174 10.624002456665039 0.05900087580084801 7.021910190582275
3 0.03801169991493225 49.7255859375 0.06900043785572052 5.553849697113037 0.06100479140877724 13.176811218261719 0.03501562774181366 56.03165054321289
4 0.05801559239625931 19.320388793945312 0.03503188490867615 67.8732681274414 0.0460100956261158 39.854026794433594 0.0550098642706871 23.699100494384766
2 0.05200677365064621 13.900593757629395 0.03302829712629318 40.653968811035156 0.06200670450925827 7.023257255554199 0.03195665031671524 41.91960525512695
1 0.047003354877233505 6.5339531898498535 0.07199999690055847 0.5977604985237122 0.03301210701465607 17.11455726623535 0.05600210651755333 4.256219863891602
2 0.08399999886751175 0.0 0.04800336807966232 22.535106658935547 0.05700907111167908 13.213737487792969 0.0550072155892849 15.505302429199219
3 0.0610075481235981 12.8131685256958 0.06600115448236465 7.632512092590332 0.05700488016009331 16.975242614746094 0.07700783014297485 1.8389971256256104
2 0.04000559821724892 34.18463897705078 0.07800000160932541 0.512328028678894 0.08500000089406967 0.0 0.06700584292411804 5.315883159637451
4 0.04302418231964111 44.65192794799805 0.032034412026405334 78.5115737915039 0.08503762632608414 1.4576328992843628 0.06500879675149918 10.269761085510254
1 0.06803009659051895 2.7014341354370117 0.05400216579437256 8.38315200805664 0.04800214618444443 14.26826286315918 0.07297245413064957 1.218920350074768
1 0.06200116127729416 4.648153305053711 0.0640002191066742 3.263917922973633 0.07300006598234177 1.1283830404281616 0.08500000089406967 0.0
4 0.06201500445604324 16.58085060119629 0.04901868477463722 40.15357208251953 0.08500000089406967 2.215968132019043 0.08000640571117401 2.0235259532928467
2 0.03201915696263313 38.81364822387695 0.044007010757923126 22.44244956970215 0.07400000095367432 1.2310223579406738 0.07000038772821426 2.743877649307251
1 0.031012576073408127 36.23771667480469 0.08103644102811813 0.3465251922607422 0.03597327321767807 28.216283798217773 0.06502905488014221 4.476107597351074
3 0.05100567266345024 20.71163558959961 0.038015011698007584 43.48369598388672 0.05701909959316254 15.014121055603027 0.06700050085783005 6.1589226722717285
1 0.07900000363588333 0.30476418137550354 0.05797776207327843 3.7406866550445557 0.04703260213136673 9.397103309631348 0.0820000022649765 0.0
2 0.05000405013561249 19.596872329711914 0.04002099856734276 34.21665954589844 0.05802146717905998 12.487432479858398 0.06400591135025024 7.335052967071533
4 0.032033298164606094 87.9603271484375 0.06500192731618881 12.498973846435547 0.06300738453865051 15.489880561828613 0.0690067782998085 8.345947265625
1 0.05301908403635025 10.712699890136719 0.06200136989355087 5.544422149658203 0.07199999690055847 1.4686856269836426 0.0710025355219841 1.9445353746414185
4 0.0540144108235836 25.916107177734375 0.06900244951248169 7.364358425140381 0.03902270272374153 60.060733795166016 0.0820009857416153 0.3680828809738159
4 0.042019523680210114 59.27426528930664 0.07400000095367432 3.7454607486724854 0.034032031893730164 84.30260467529297 0.07999999821186066 1.0113439559936523
4 0.08098365366458893 0.6732238531112671 0.07000110298395157 7.302992820739746 0.030043883249163628 96.65644073486328 0.07300034910440445 4.467040538787842
3 0.07199999690055847 3.5155375003814697 0.061009377241134644 13.690052032470703 0.0340302437543869 65.5534439086914 0.05998104810714722 14.452224731445312
2 0.0420052744448185 23.091867446899414 0.04001140594482422 25.932043075561523 0.07599999755620956 1.2531427145004272 0.053004998713731766 11.906732559204102
3 0.057021528482437134 15.87819766998291 0.05900326371192932 14.772948265075684 0.03302350267767906 62.299781799316406 0.07699999958276749 1.9961979389190674
3 0.06400004029273987 9.42595386505127 0.060002636164426804 13.908134460449219 0.07800102233886719 1.6216623783111572 0.05097193643450737 25.10525131225586
1 0.038006559014320374 26.240375518798828 0.047026149928569794 17.090269088745117 0.08497413247823715 0.0 0.06100083515048027 5.149763584136963
3 0.03902818635106087 52.0670166015625 0.06800757348537445 7.226532459259033 0.03903057798743248 52.568843841552734 0.0590018630027771 16.183561325073242
2 0.06900090724229813 3.106208324432373 0.036025095731019974 35.77558898925781 0.038010574877262115 33.39603042602539 0.03801237419247627 33.13603591918945
3 0.07900148630142212 1.067734718322754 0.07000071555376053 5.109076023101807 0.05095745250582695 26.920366287231445 0.04102003946900368 46.296226501464844
2 0.05104857310652733 18.736501693725586 0.05600443482398987 13.211960792541504 0.07902175933122635 0.7715398669242859 0.07104441523551941 2.9554145336151123
2 0.05502510443329811 17.76565170288086 0.07500442117452621 1.769856333732605 0.08299999684095383 0.0 0.04700208455324173 25.182764053344727
3 0.06399477273225784 8.416940689086914 0.054010048508644104 19.615861892700195 0.04801032692193985 29.376895904541016 0.07900115102529526 0.6477338671684265
2 0.05600271746516228 10.764188766479492 0.0700029656291008 2.7819206714630127 0.07900004088878632 0.7916728258132935 0.0350172333419323 36.525142669677734
3 0.060004785656929016 15.652923583984375 0.0650014579296112 10.456442832946777 0.03698714077472687 58.461605072021484 0.03402386233210564 65.90898132324219
2 0.0820000022649765 0.6508159041404724 0.08500000089406967 0.0 0.04603946581482887 24.64803695678711 0.03601294010877609 40.29134750366211
3 0.03801930695772171 52.047821044921875 0.060010604560375214 13.900653839111328 0.05900761857628822 15.266829490661621 0.03402091935276985 61.51678466796875
3 0.06900405883789062 6.651401519775391 0.07500100135803223 2.388644218444824 0.07900068163871765 1.3264989852905273 0.038026612251996994 55.63667678833008
3 0.06600665301084518 9.126821517944336 0.07400086522102356 2.369844675064087 0.052048247307538986 22.250194549560547 0.07699999958276749 1.385176181793213
3 0.048008032143116 31.49818229675293 0.038023389875888824 53.882591247558594 0.044992297887802124 37.98815155029297 0.04801322519779205 31.617338180541992
4 0.062000077217817307 14.780858993530273 0.03203853592276573 81.98915100097656 0.031030984595417976 85.55562591552734 0.03803827241063118 64.13188934326172
2 0.06900201737880707 3.5463569164276123 0.03201683238148689 38.07578659057617 0.07100077718496323 1.7595107555389404 0.061003461480140686 7.948599815368652
2 0.04701017960906029 23.220279693603516 0.0820000022649765 0.8548654913902283 0.08200032263994217 0.5919167399406433 0.07300012558698654 2.1524815559387207
3 0.08195612579584122 1.5829216241836548 0.0389774851500988 54.03965759277344 0.07900000363588333 1.084827184677124 0.05002494156360626 30.469932556152344
3 0.06502725183963776 8.928648948669434 0.08100000023841858 1.0605014562606812 0.08399999886751175 0.0 0.08399999886751175 0.3380711078643799
4 0.03902101889252663 66.27303314208984 0.06400967389345169 14.0990571975708 0.06500251591205597 12.463796615600586 0.07300227135419846 3.9983596801757812
3 0.04504051432013512 31.7696590423584 0.03502257168292999 52.70140075683594 0.052014999091625214 20.820838928222656 0.03403506055474281 54.83380126953125
3 0.06600704044103622 9.589689254760742 0.04395638778805733 37.509151458740234 0.057001613080501556 17.511085510253906 0.057006485760211945 17.07173728942871
3 0.06900070607662201 5.600879192352295 0.08400017023086548 1.1481767892837524 0.08500000089406967 0.5131772756576538 0.0710044875741005 4.659512996673584
4 0.03604133427143097 67.38130187988281 0.0380219891667366 62.1335334777832 0.0439767949283123 46.54129409790039 0.04501447454094887 43.53092956542969
2 0.07800000160932541 1.1377627849578857 0.05200111120939255 14.68204402923584 0.03398902714252472 37.82182312011719 0.0670003592967987 2.913519859313965
2 0.04603676125407219 23.83745574951172 0.03501489758491516 37.2581787109375 0.042044367641210556 25.96336555480957 0.07700301706790924 0.6823257803916931
1 0.051002006977796555 11.794074058532715 0.06800145655870438 3.0878539085388184 0.061001189053058624 5.87847375869751 0.043007172644138336 18.13182830810547
1 0.03301098197698593 25.368579864501953 0.058030493557453156 4.672637939453125 0.03900797665119171 19.647306442260742 0.03401000052690506 24.34157943725586
3 0.03603005409240723 47.66073989868164 0.07000000029802322 4.774665355682373 0.04903651401400566 23.10341453552246 0.07100110501050949 3.7804064750671387
2 0.043013252317905426 26.84915542602539 0.058006249368190765 9.500984191894531 0.07802291214466095 0.6615723371505737 0.052001047879457474 13.942771911621094
4 0.06200133264064789 14.572729110717773 0.0500175915658474 34.16763687133789 0.07200061529874802 4.485387802124023 0.03702382370829582 66.41159057617188
3 0.03699323907494545 56.14807891845703 0.08100000023841858 0.3986144959926605 0.08399999886751175 0.06347095966339111 0.045027781277894974 38.88665008544922
4 0.037023451179265976 70.6650390625 0.043021056801080704 53.1845703125 0.033037830144166946 82.89703369140625 0.050009358674287796 36.52122497558594
3 0.041013870388269424 46.41313552856445 0.05001218616962433 27.826717376708984 0.05100766196846962 26.513450622558594 0.045011915266513824 37.20148849487305
1 0.07199999690055847 1.200126051902771 0.07599999755620956 0.827664852142334 0.07600030303001404 0.6669681668281555 0.08499839901924133 0.0
3 0.07000000029802322 5.234020709991455 0.036026034504175186 59.533782958984375 0.05100481957197189 27.07682991027832 0.04102037474513054 46.76961135864258
4 0.07199999690055847 5.080882549285889 0.03302696347236633 84.21190643310547 0.05800284817814827 21.945716857910156 0.08500000089406967 1.438402533531189
3 0.0700019970536232 3.600306272506714 0.042016442865133286 36.27867889404297 0.07000038027763367 5.001354694366455 0.07500060647726059 1.9324294328689575
1 0.07000059634447098 1.708299994468689 0.06100032851099968 3.6704092025756836 0.06700031459331512 2.815518856048584 0.03400712087750435 22.785520553588867
3 0.06200162321329117 10.565927505493164 0.06300137937068939 9.6884765625 0.06200599670410156 10.70651626586914 0.056003205478191376 16.752002716064453
3 0.07700318098068237 1.6768865585327148 0.08500000089406967 0.0 0.0630011335015297 9.536815643310547 0.05700189620256424 15.08838176727295
3 0.048020634800195694 32.237754821777344 0.038023047149181366 53.69770431518555 0.032999999821186066 67.7044448852539 0.07599999755620956 2.082045555114746
2 0.06800680607557297 3.7234113216400146 0.04000702127814293 25.958986282348633 0.038012489676475525 29.163488388061523 0.06100212037563324 6.355166435241699
1 0.08399999886751175 0.0 0.08100000023841858 0.0 0.05898500606417656 5.787417888641357 0.05500062555074692 5.377247333526611
4 0.04101961851119995 53.67430114746094 0.054005905985832214 25.597904205322266 0.04601524397730827 41.644229888916016 0.05201295018196106 28.828243255615234
1 0.031032532453536987 29.909683227539062 0.04000968486070633 19.89231300354004 0.08299999684095383 0.1841610074043274 0.031020428985357285 29.109739303588867
4 0.08300415426492691 1.1138126850128174 0.04202117770910263 56.06365203857422 0.0310274139046669 91.51702117919922 0.058016564697027206 21.078773498535156
2 0.06600403785705566 6.071350574493408 0.04201921448111534 24.888233184814453 0.08299999684095383 0.0 0.05600055679678917 11.646062850952148
1 0.06197504326701164 4.976532459259033 0.04600143805146217 11.711211204528809 0.08299999684095383 0.1679304540157318 0.05300207808613777 7.489229679107666
3 0.05600302666425705 17.3056640625 0.07900000363588333 1.2459464073181152 0.05301147326827049 19.280471801757812 0.03003053553402424 64.2179183959961
1 0.07199999690055847 1.3017293214797974 0.07500000298023224 0.6296529173851013 0.048001211136579514 10.18542194366455 0.08399999886751175 0.0
2 0.07699999958276749 1.179532766342163 0.04400936886668205 28.217239379882812 0.06000126153230667 9.698806762695312 0.04701065644621849 23.569011688232422
3 0.08100101351737976 0.953565776348114 0.037014205008745193 46.117515563964844 0.037017080932855606 46.56119155883789 0.06900192052125931 4.917882919311523
2 0.07699999958276749 1.2049236297607422 0.05600937455892563 12.586609840393066 0.0660003274679184 5.259922981262207 0.0610027015209198 8.477293968200684
1 0.06500011682510376 4.637308597564697 0.04400675371289253 15.577839851379395 0.06000041589140892 6.390705585479736 0.07200029492378235 1.150003433227539
4 0.05904834344983101 17.357742309570312 0.04601893201470375 40.37778854370117 0.031028345227241516 78.69835662841797 0.06200254708528519 13.958598136901855
1 0.05300134792923927 8.793254852294922 0.031010830774903297 30.430654525756836 0.04200682044029236 18.665828704833984 0.041009288281202316 19.21041488647461
4 0.05403440073132515 25.38664436340332 0.04901345446705818 34.828590393066406 0.06701261550188065 8.899358749389648 0.04003272205591202 57.184391021728516
4 0.04501760005950928 46.272552490234375 0.06300748884677887 15.008578300476074 0.05800880491733551 22.820093154907227 0.07600334286689758 2.697800874710083
4 0.040020231157541275 60.948265075683594 0.061016473919153214 17.140867233276367 0.0830002874135971 0.8183435797691345 0.04403281584382057 47.87662887573242
4 0.031030548736453056 84.61182403564453 0.081001415848732 1.4833531379699707 0.052022285759449005 30.196191787719727 0.05400782451033592 26.614309310913086
1 0.07199999690055847 0.598361074924469 0.04000513255596161 12.055229187011719 0.059004511684179306 4.612828731536865 0.07001399248838425 1.0138460397720337
3 0.06100782752037048 12.6195650100708 0.0810169130563736 0.466206818819046 0.07101200520992279 4.453625202178955 0.07496708631515503 2.2839972972869873
3 0.05800362303853035 15.198466300964355 0.042011648416519165 39.155242919921875 0.07400001585483551 2.4716873168945312 0.06100683659315109 11.948455810546875
4 0.03502315282821655 66.73406982421875 0.03602200746536255 64.30743408203125 0.06002453342080116 16.573244094848633 0.067001573741436 8.975196838378906
3 0.08100095391273499 0.9834169745445251 0.04302109405398369 34.43760681152344 0.07400009036064148 2.1344540119171143 0.05100441351532936 21.27952766418457
2 0.060000721365213394 9.804047584533691 0.062000736594200134 8.4843111038208 0.042018234729766846 28.6957950592041 0.08400838822126389 0.5332362651824951
1 0.07999999821186066 0.3573312759399414 0.053000785410404205 5.556491851806641 0.030009694397449493 20.97629737854004 0.08100000023841858 0.0
4 0.0710042342543602 5.400162696838379 0.057002998888492584 23.198301315307617 0.03801591321825981 67.73371887207031 0.07002907246351242 6.554236888885498
1 0.045005667954683304 18.769607543945312 0.04900370165705681 14.018507957458496 0.08100004494190216 0.694442868232727 0.07100106030702591 1.620890498161316
4 0.03202994540333748 89.94017791748047 0.06800095736980438 9.260406494140625 0.03602692484855652 76.68966674804688 0.07500045746564865 3.0077192783355713
2 0.05700031295418739 12.030118942260742 0.04101140797138214 29.818452835083008 0.055001720786094666 13.721295356750488 0.03503366559743881 38.57466125488281
2 0.06900002062320709 4.983936309814453 0.07296346873044968 2.275881290435791 0.07900012284517288 0.7902849316596985 0.07000032067298889 3.7454984188079834
2 0.07699999958276749 1.329003930091858 0.07100069522857666 2.639709711074829 0.07900000363588333 0.5876026749610901 0.08500000089406967 0.0
4 0.07100352644920349 5.179600715637207 0.050019510090351105 31.086284637451172 0.06896145641803741 6.8856425285339355 0.07300002872943878 3.374598979949951
1 0.05800611525774002 5.108221530914307 0.056003592908382416 7.09109354019165 0.059000901877880096 5.887467384338379 0.061000291258096695 4.821146011352539
2 0.07000435143709183 2.75248384475708 0.0820000022649765 0.2729780375957489 0.042021531611680984 26.150468826293945 0.031018029898405075 46.25266647338867
2 0.03302762657403946 44.5911979675293 0.05501284822821617 14.267586708068848 0.05300767347216606 16.094118118286133 0.035011377185583115 42.64451217651367
1 0.05200084671378136 5.299116134643555 0.030002010986208916 24.77873420715332 0.04200603440403938 13.719491004943848 0.06296975165605545 2.7142961025238037
2 0.04904521256685257 20.397640228271484 0.08399999886751175 0.0 0.06800088286399841 3.5351057052612305 0.0600045844912529 10.134358406066895
1 0.08300403505563736 0.7117207646369934 0.03401530906558037 32.421539306640625 0.05800064280629158 8.395612716674805 0.07600013166666031 0.7786099314689636
4 0.07100415229797363 5.267660617828369 0.05200043320655823 31.449907302856445 0.039028726518154144 64.10685729980469 0.030030731111764908 93.7547607421875
3 0.03402390331029892 64.5163345336914 0.0740073174238205 2.6629598140716553 0.07500056177377701 2.469949245452881 0.06100734695792198 13.789669036865234
4 0.033028729259967804 74.28469848632812 0.06602294743061066 9.730403900146484 0.055004168301820755 23.90073013305664 0.06200296804308891 14.683616638183594
3 0.06000467389822006 14.623000144958496 0.08303152024745941 0.8223916888237 0.07396876066923141 2.733593463897705 0.0740010142326355 2.555248498916626
1 0.05100120231509209 7.7667951583862305 0.061000000685453415 2.733980417251587 0.0690000057220459 1.1040687561035156 0.03700725734233856 14.867168426513672
2 0.057002872228622437 12.616331100463867 0.057004671543836594 12.958003997802734 0.050006136298179626 20.32979965209961 0.07599999755620956 1.323990821838379
4 0.07700156420469284 2.2073259353637695 0.030023831874132156 89.53154754638672 0.03202919289469719 83.55718994140625 0.08500094711780548 0.0
1 0.031040526926517487 19.119016647338867 0.031007124111056328 32.2299690246582 0.05700087174773216 7.61569881439209 0.05700282007455826 6.741583347320557
2 0.03902292624115944 29.684274673461914 0.06700040400028229 2.9129981994628906 0.07100000232458115 2.130674123764038 0.030029721558094025 44.43404006958008
3 0.07300101965665817 2.9682366847991943 0.06300631910562515 11.179439544677734 0.030032306909561157 73.81549072265625 0.048014331609010696 32.159934997558594
3 0.08000001311302185 1.7859262228012085 0.05595621094107628 21.538883209228516 0.047992296516895294 33.252681732177734 0.0700007826089859 5.703125953674316
4 0.05901424586772919 19.065685272216797 0.054010458290576935 26.917293548583984 0.0630105584859848 13.5844144821167 0.06900600343942642 7.175127029418945
1 0.03700900077819824 20.54869270324707 0.031009869650006294 29.086835861206055 0.057000115513801575 7.2165961265563965 0.08100000023841858 0.015339228324592113
3 0.06400024145841599 12.353473663330078 0.06300707906484604 12.30302619934082 0.06000446155667305 16.044408798217773 0.07200369983911514 4.014723777770996
2 0.08300407230854034 0.0 0.07999999821186066 0.7522479295730591 0.05800051614642143 11.804102897644043 0.08500093221664429 0.17287731170654297
4 0.03302813321352005 81.85784149169922 0.047019653022289276 43.356353759765625 0.07302310317754745 4.086568832397461 0.05701484531164169 23.22919464111328
2 0.06800708174705505 3.864213228225708 0.06600329279899597 4.867619037628174 0.06900089234113693 3.010850429534912 0.044006623327732086 22.50970458984375
2 0.0500141903758049 20.449302673339844 0.06700947135686874 4.742252349853516 0.05500345304608345 14.95883560180664 0.07200763374567032 2.678022861480713
3 0.08300410211086273 0.0 0.07198022305965424 3.290142297744751 0.048014964908361435 30.505090713500977 0.06500124931335449 8.651031494140625
2 0.07999999821186066 0.768168032169342 0.04603509232401848 23.75102424621582 0.06100289151072502 9.265729904174805 0.05500251054763794 15.320943832397461
3 0.03801708668470383 44.57713317871094 0.07703928649425507 1.9512012004852295 0.06600075960159302 6.566649913787842 0.06900116801261902 4.98101806640625
4 0.07800496369600296 2.199800968170166 0.04201582446694374 51.504207611083984 0.06401454657316208 11.84192943572998 0.08100976049900055 0.35658013820648193
4 0.031029729172587395 77.27249908447266 0.06700091809034348 8.797989845275879 0.048003435134887695 34.82039260864258 0.03802475705742836 57.969783782958984
3 0.07001476734876633 3.982988119125366 0.044015850871801376 35.09867858886719 0.03403627127408981 55.96920394897461 0.032013386487960815 60.860809326171875
3 0.05201458930969238 26.96339988708496 0.0750005915760994 2.6384475231170654 0.036037277430295944 61.75680160522461 0.05600537359714508 19.807662963867188
4 0.034972336143255234 78.4151611328125 0.03203403204679489 61.71407699584961 0.07001035660505295 7.267359733581543 0.05601239204406738 26.00029754638672
3 0.060001131147146225 9.89480972290039 0.06900221854448318 4.53053617477417 0.08000033348798752 1.0560652017593384 0.06900078058242798 4.727503776550293
4 0.07300087064504623 4.052361011505127 0.06695125997066498 10.792734146118164 0.04501918703317642 50.43324279785156 0.056014642119407654 25.902748107910156
4 0.051005229353904724 33.2180061340332 0.05898284912109375 33.60820007324219 0.061004623770713806 16.806438446044922 0.04001158848404884 59.491790771484375
1 0.03202104568481445 28.545808792114258 0.07500000298023224 0.9462329149246216 0.04695594310760498 12.849061965942383 0.04200591519474983 18.08125877380371
3 0.03603336215019226 54.28141403198242 0.03904855251312256 46.84034729003906 0.08200807869434357 0.9110267758369446 0.061020709574222565 12.84717082977295
3 0.081000417470932 0.3421998918056488 0.0429939441382885 41.46184539794922 0.07801225036382675 1.4886600971221924 0.058976177126169205 15.343573570251465
3 0.05900000408291817 14.053099632263184 0.06500668823719025 8.459159851074219 0.05100296065211296 23.80471420288086 0.03503262996673584 52.82796096801758
3 0.07000675797462463 3.7333879470825195 0.055004946887493134 18.239160537719727 0.07395133376121521 2.078822374343872 0.056001730263233185 16.418733596801758
1 0.08497125655412674 0.15423353016376495 0.06900014728307724 1.430467128753662 0.04300423711538315 16.49676513671875 0.06200077384710312 4.436883449554443
2 0.03901970386505127 38.600067138671875 0.054049327969551086 16.328996658325195 0.04201565310359001 33.50865173339844 0.038016729056835175 41.305213928222656
1 0.06401471048593521 2.992086172103882 0.04201027378439903 19.19998550415039 0.06195088475942612 4.6033172607421875 0.08300000429153442 0.201937735080719
4 0.05102674663066864 30.91012191772461 0.05500991642475128 24.588821411132812 0.07100081443786621 5.659946918487549 0.07000454515218735 6.573184490203857
4 0.03502294793725014 76.19683837890625 0.0420234389603138 50.237892150878906 0.06102170795202255 15.917484283447266 0.04501812905073166 43.20444107055664
4 0.07502579689025879 3.052868127822876 0.0690011978149414 7.422374725341797 0.030028454959392548 84.02127075195312 0.07303742319345474 3.8083443641662598
4 0.0690077543258667 6.813480377197266 0.04202026128768921 47.291595458984375 0.06200161576271057 13.62893009185791 0.08400024473667145 0.0
3 0.07303910702466965 3.285546064376831 0.08299999684095383 0.7999908328056335 0.07100065052509308 4.516016483306885 0.04203617572784424 45.54502487182617
2 0.05801168084144592 12.949921607971191 0.049003735184669495 21.099037170410156 0.08299999684095383 0.0 0.040008846670389175 34.62263870239258
1 0.058000266551971436 8.620975494384766 0.0720016285777092 1.6104098558425903 0.062003012746572495 6.791248321533203 0.08300004154443741 0.25525540113449097
1 0.07999999821186066 0.322881817817688 0.07900045067071915 0.16970553994178772 0.06400049477815628 4.421246528625488 0.05500078573822975 7.583762168884277
4 0.03604020178318024 77.46430206298828 0.034034766256809235 84.11572265625 0.04102342948317528 61.91488265991211 0.034017544239759445 85.24182891845703
2 0.037022028118371964 42.653663635253906 0.06604065746068954 6.770025253295898 0.03401938080787659 47.88621520996094 0.053030360490083694 18.5606746673584
1 0.044006358832120895 15.327901840209961 0.03696940094232559 20.848251342773438 0.04100503772497177 16.530052185058594 0.06800000369548798 1.5704416036605835
4 0.07402445375919342 3.0937628746032715 0.030037498101592064 85.69580841064453 0.030032115057110786 85.43290710449219 0.06100005283951759 15.415252685546875
2 0.033015359193086624 52.169090270996094 0.03995736688375473 37.87595748901367 0.07800000160932541 0.5802643299102783 0.04700222238898277 27.06398582458496
2 0.08399999886751175 0.34675753116607666 0.0450296588242054 22.442317962646484 0.07700424641370773 0.7365903258323669 0.050005827099084854 15.557903289794922
1 0.051001228392124176 8.043828964233398 0.07900000363588333 0.0 0.07800000160932541 0.05523431673645973 0.07600022107362747 0.32225266098976135
1 0.060951925814151764 3.2476680278778076 0.05699861794710159 5.66916036605835 0.0630004033446312 3.652871608734131 0.039019424468278885 16.332712173461914
4 0.030034352093935013 84.79287719726562 0.06600337475538254 9.705843925476074 0.03102690540254116 80.32722473144531 0.08500000089406967 0.0
4 0.060031089931726456 19.069089889526367 0.03103613667190075 88.33409118652344 0.035034142434597015 79.44097137451172 0.07199999690055847 5.139796733856201
4 0.061009425669908524 13.847424507141113 0.064969502389431 10.609289169311523 0.0820005014538765 0.27710220217704773 0.060001254081726074 16.147537231445312
4 0.0580054372549057 20.352956771850586 0.08000078052282333 1.9079382419586182 0.06500111520290375 11.651719093322754 0.06000683456659317 18.283519744873047
4 0.06100984290242195 15.42098331451416 0.06300302594900131 13.262218475341797 0.051014985889196396 31.239479064941406 0.07100031524896622 5.223207473754883
4 0.06300006061792374 13.898881912231445 0.053014177829027176 29.625699996948242 0.043023087084293365 52.380645751953125 0.03003058396279812 95.08574676513672
4 0.047014474868774414 38.847721099853516 0.07400001585483551 2.936492681503296 0.07700097560882568 2.0868704319000244 0.08100000023841858 1.3298782110214233
1 0.04997527226805687 12.897232055664062 0.035016242414712906 27.114845275878906 0.0720268189907074 0.0 0.07699999958276749 0.6359992623329163
2 0.06900002062320709 5.02370548248291 0.051010098308324814 20.62944221496582 0.058004677295684814 12.56340217590332 0.053006406873464584 18.328847885131836
4 0.0650007352232933 12.199026107788086 0.03498474508523941 75.5335693359375 0.06500177830457687 11.755111694335938 0.051019519567489624 33.89620590209961
2 0.06400097161531448 7.542871475219727 0.0570058673620224 13.117761611938477 0.04600699990987778 23.70210838317871 0.07200048863887787 2.6133341789245605
4 0.06100955605506897 14.20765209197998 0.05101432278752327 30.16132354736328 0.05200830101966858 28.51563262939453 0.07100113481283188 5.116051197052002
2 0.07999999821186066 0.1440856009721756 0.07400057464838028 1.5686166286468506 0.049001455307006836 17.097597122192383 0.046006012707948685 21.809167861938477
4 0.05103009194135666 31.132722854614258 0.08500000089406967 0.8651045560836792 0.07700023800134659 1.8507816791534424 0.0770006850361824 2.1253039836883545
3 0.07900223881006241 0.777357816696167 0.07600092887878418 1.9581880569458008 0.046005528420209885 34.00566864013672 0.07599999755620956 2.267721176147461
1 0.03202054649591446 25.394350051879883 0.042003732174634933 15.029478073120117 0.031030746176838875 29.32050895690918 0.07900074869394302 0.40865299105644226
2 0.06900075078010559 2.987898826599121 0.05300474911928177 14.87514591217041 0.03701194375753403 33.64005661010742 0.05501867085695267 11.513209342956543
3 0.07502548396587372 1.6900569200515747 0.03703206032514572 46.11699295043945 0.03601992875337601 44.74229431152344 0.04701149836182594 27.079240798950195
1 0.07600077241659164 0.7600025534629822 0.05200439691543579 10.951668739318848 0.0590008944272995 6.706204414367676 0.03300727531313896 28.44091033935547
1 0.07003330439329147 1.735541820526123 0.030024902895092964 35.65800857543945 0.04400837421417236 17.854522705078125 0.06400014460086823 4.429565906524658
2 0.04600999504327774 22.947776794433594 0.08399999886751175 0.6629684567451477 0.07800035178661346 0.8873341083526611 0.06700072437524796 4.9437761306762695
3 0.055023763328790665 17.57132911682129 0.037027761340141296 53.510826110839844 0.06802015006542206 7.199878692626953 0.08500000089406967 0.0
4 0.07400771230459213 3.5695292949676514 0.0440266914665699 50.27702713012695 0.07100088894367218 5.979537010192871 0.06204219534993172 16.106731414794922
4 0.04195845499634743 56.16758346557617 0.06600144505500793 10.985517501831055 0.08100107312202454 0.9745209217071533 0.0480131171643734 41.79953384399414
2 0.03102443553507328 51.37165069580078 0.07400000095367432 1.7725024223327637 0.0820000022649765 0.3984382450580597 0.04804312065243721 22.467161178588867
4 0.07599999755620956 2.8604466915130615 0.047020040452480316 39.380043029785156 0.07800517976284027 2.2704126834869385 0.08100074529647827 1.3909066915512085
4 0.06800000369548798 7.696064472198486 0.0480167455971241 33.52886962890625 0.03802447021007538 57.223941802978516 0.08103588968515396 0.19642795622348785
2 0.07800310105085373 0.5790744423866272 0.062002263963222504 8.90539836883545 0.07499136030673981 1.73641037940979 0.06300115585327148 9.160882949829102
1 0.05700014904141426 6.293533802032471 0.06500030308961868 3.9105005264282227 0.05100969597697258 9.272351264953613 0.034984439611434937 22.282066345214844
4 0.043044786900281906 52.011844635009766 0.043019264936447144 47.14362716674805 0.08200041204690933 1.6023149490356445 0.06700082123279572 9.922219276428223
4 0.06300128251314163 13.063179969787598 0.04001150280237198 54.54045104980469 0.07900000363588333 1.432309865951538 0.08000005036592484 1.372241735458374
2 0.07599999755620956 1.5033055543899536 0.05300251021981239 13.584327697753906 0.07400088757276535 1.660772681236267 0.04302571713924408 25.184232711791992
4 0.04199272394180298 57.8483772277832 0.07800000160932541 1.9046058654785156 0.06500744074583054 12.916756629943848 0.04901677370071411 40.03113555908203
1 0.05701388791203499 9.474289894104004 0.044008441269397736 17.61042594909668 0.07800000160932541 0.7475546002388 0.05400707200169563 10.2716064453125
1 0.049035947769880295 11.467866897583008 0.040006957948207855 16.393945693969727 0.05503689497709274 6.049943447113037 0.06901536136865616 1.1018460988998413
2 0.056000255048274994 12.057397842407227 0.06200527772307396 7.879283905029297 0.06200291961431503 7.515273094177246 0.044008176773786545 24.43614387512207
3 0.05302298814058304 19.661243438720703 0.03201622888445854 60.539283752441406 0.06802617013454437 6.66684103012085 0.07000072300434113 4.465908050537109
1 0.0560043528676033 6.705320358276367 0.07600021362304688 0.8084938526153564 0.03800619766116142 19.222900390625 0.048000872135162354 11.695221900939941
1 0.03997959569096565 19.683828353881836 0.05900160223245621 5.158497333526611 0.08204095810651779 0.0 0.049000732600688934 12.07133674621582
4 0.03203838691115379 77.1944808959961 0.04700370505452156 37.958194732666016 0.08400540053844452 0.08701461553573608 0.0440237894654274 43.80506896972656
4 0.061010073870420456 15.93087100982666 0.056009456515312195 23.54249382019043 0.046018846333026886 41.966251373291016 0.05700371786952019 21.12641716003418
4 0.03702269122004509 63.88373947143555 0.031029371544718742 81.05709838867188 0.04201292246580124 51.0618896484375 0.08500000089406967 0.891910195350647
3 0.056003980338573456 18.890514373779297 0.05700421705842018 16.562612533569336 0.03102852776646614 66.25657653808594 0.08496115356683731 0.0
3 0.06600669026374817 9.219796180725098 0.059001754969358444 14.29089069366455 0.03901641070842743 46.434356689453125 0.04701738432049751 30.65962791442871
1 0.04600829258561134 14.667767524719238 0.061003927141427994 4.159630298614502 0.05700070410966873 7.11400842666626 0.0620005764067173 4.978748321533203
2 0.04800843074917793 18.729402542114258 0.05000448599457741 15.641314506530762 0.045007552951574326 21.357805252075195 0.05200573056936264 14.527212142944336
1 0.06300011277198792 6.146614074707031 0.02998657152056694 34.45016098022461 0.047001756727695465 14.13421630859375 0.049002841114997864 13.480707168579102
3 0.04202304780483246 41.4079475402832 0.06300684809684753 10.48524284362793 0.037031080573797226 52.560787200927734 0.06401514261960983 9.991734504699707
1 0.057032521814107895 10.375020980834961 0.03302552551031113 34.705081939697266 0.03601310774683952 30.43846321105957 0.06200084835290909 5.117769718170166
3 0.07502549886703491 1.6933015584945679 0.06700469553470612 6.289787769317627 0.07600023597478867 1.6166504621505737 0.04204375669360161 37.42815399169922
3 0.08300411701202393 0.0 0.06600949913263321 8.85420036315918 0.061005160212516785 14.680219650268555 0.0570051409304142 19.81928253173828
4 0.04998250678181648 38.05232238769531 0.032040420919656754 91.77643585205078 0.08500000089406967 2.3507347106933594 0.08100032061338425 2.063978433609009
1 0.07800000160932541 0.0 0.05600331351161003 5.630906581878662 0.05700000002980232 4.597687721252441 0.03701988607645035 14.65124225616455
2 0.04501752182841301 27.422983169555664 0.0820082500576973 0.0 0.08399999886751175 0.0 0.032020553946495056 52.43568801879883
2 0.03102378360927105 52.20655822753906 0.06904442608356476 4.105697154998779 0.04901017248630524 20.973731994628906 0.02999233826994896 60.74582290649414
1 0.08399999886751175 0.29453244805336 0.05397075414657593 9.601937294006348 0.0749567374587059 0.8520596027374268 0.07999999821186066 0.057318903505802155
3 0.06000000610947609 13.716500282287598 0.03000693954527378 66.03103637695312 0.0729999989271164 2.6376078128814697 0.046006105840206146 31.091339111328125
4 0.06000789627432823 20.124378204345703 0.06500285118818283 13.1836576461792 0.08300099521875381 0.43629196286201477 0.03003060445189476 83.2064437866211
2 0.07200074195861816 1.69670832157135 0.06600923836231232 4.517739772796631 0.04201878234744072 25.700361251831055 0.04800782725214958 17.924423217773438
3 0.04800772666931152 29.761934280395508 0.03701309859752655 53.44518280029297 0.053998105227947235 21.101886749267578 0.07200083881616592 3.5982277393341064
2 0.06800420582294464 4.98748254776001 0.050995513796806335 20.342798233032227 0.048007525503635406 23.786834716796875 0.03103332780301571 54.81013107299805
3 0.06501471996307373 7.358344554901123 0.05800165981054306 14.377686500549316 0.06400687992572784 8.848898887634277 0.049011554569005966 25.03179931640625
1 0.047010451555252075 17.078350067138672 0.06500145047903061 4.93295431137085 0.07000047713518143 2.346639394760132 0.04900486022233963 14.762636184692383
2 0.059011779725551605 7.110535621643066 0.07500000298023224 1.1461365222930908 0.06500200927257538 5.72075891494751 0.04101988300681114 26.86696434020996
2 0.059004273265600204 7.734164237976074 0.049007028341293335 15.647555351257324 0.05200594663619995 13.596695899963379 0.04900451377034187 16.16904067993164
4 0.07599999755620956 2.8841686248779297 0.0630078837275505 14.624984741210938 0.03503486514091492 74.75880432128906 0.08204381912946701 1.063644528388977
4 0.06800000369548798 7.735302925109863 0.03202572464942932 73.25910186767578 0.04601370543241501 38.45277786254883 0.07000034302473068 5.209979057312012
4 0.04201887547969818 51.885032653808594 0.03802267834544182 62.92796325683594 0.06100091710686684 15.476874351501465 0.04101487249135971 53.757667541503906
3 0.0770006775856018 2.2127156257629395 0.0700014978647232 5.236105442047119 0.03502271696925163 62.58015060424805 0.03300967812538147 68.05062866210938
3 0.053014010190963745 24.752931594848633 0.062009360641241074 13.078526496887207 0.0310211144387722 72.6664047241211 0.07400105148553848 2.7597978115081787
2 0.03602725267410278 40.605655670166016 0.05600132793188095 12.219655990600586 0.08000102639198303 0.7180386185646057 0.07204364985227585 2.753587007522583
1 0.06300009787082672 6.219025611877441 0.03700840845704079 25.15699577331543 0.056013066321611404 8.278743743896484 0.07199999690055847 1.352259874343872
3 0.06302138417959213 11.99305248260498 0.06400172412395477 11.125371932983398 0.034038763493299484 66.6167221069336 0.03302779793739319 70.28919982910156
3 0.06100688502192497 12.963133811950684 0.033995140343904495 53.61427307128906 0.04597239941358566 30.157520294189453 0.05000937730073929 24.248111724853516
2 0.060007888823747635 9.587197303771973 0.05600237101316452 13.710000991821289 0.06200664862990379 8.500070571899414 0.031018104404211044 49.014530181884766
2 0.06400445848703384 5.284512996673584 0.06900054216384888 2.828575611114502 0.039002012461423874 27.637683868408203 0.06900081783533096 2.9863505363464355
4 0.030034659430384636 89.24945068359375 0.056017592549324036 23.931720733642578 0.05800566077232361 20.85845947265625 0.04601079225540161 44.11195373535156
1 0.08300403505563736 0.7038779258728027 0.042003121227025986 20.998409271240234 0.06595787405967712 2.8822641372680664 0.041009269654750824 22.642507553100586
3 0.08399999886751175 0.0 0.051018521189689636 22.681442260742188 0.04701061174273491 28.679758071899414 0.05800345912575722 14.336552619934082
1 0.055034853518009186 5.801287651062012 0.06900162249803543 1.025653600692749 0.050001177936792374 8.826262474060059 0.07599999755620956 0.2967146933078766
2 0.06300000101327896 8.428078651428223 0.06300312280654907 12.680830001831055 0.03502250462770462 39.50923156738281 0.0729999989271164 2.0548927783966064
3 0.04401435703039169 35.7869873046875 0.07500003278255463 1.884528636932373 0.03901483118534088 44.13954162597656 0.042015619575977325 36.77337646484375
1 0.08399999886751175 0.38758164644241333 0.04601651802659035 16.043437957763672 0.032016195356845856 33.303863525390625 0.07300002127885818 1.3949334621429443
2 0.05502590537071228 10.037924766540527 0.08100049197673798 0.09534890204668045 0.044002629816532135 23.512451171875 0.042011559009552 26.722763061523438
4 0.0820000022649765 0.5769652724266052 0.037029340863227844 73.5510025024414 0.0820000022649765 3.5135583877563477 0.0730009451508522 4.2343902587890625
2 0.04501155763864517 28.020292282104492 0.06700142472982407 5.980277061462402 0.035015933215618134 44.68784713745117 0.061019692569971085 9.99885082244873
3 0.03702450543642044 58.06932067871094 0.033022038638591766 69.52146911621094 0.06997177749872208 5.916372776031494 0.04101118817925453 48.2592887878418
4 0.08399999886751175 0.0 0.06600780040025711 9.73997688293457 0.04800599068403244 35.174686431884766 0.06900087743997574 6.726998805999756
3 0.04102417826652527 40.410884857177734 0.08300097286701202 0.8675071001052856 0.06900722533464432 4.614720344543457 0.07900000363588333 1.263571858406067
4 0.08399999886751175 0.6035946607589722 0.036023493856191635 68.2673110961914 0.07599999755620956 2.5923094749450684 0.031033789739012718 80.82351684570312
1 0.040000978857278824 19.172698974609375 0.07200295478105545 0.9432543516159058 0.037012629210948944 19.928417205810547 0.07800684869289398 0.6142492890357971
3 0.07900898158550262 1.6006830930709839 0.05001667141914368 24.692886352539062 0.0350312776863575 54.67474365234375 0.05202173814177513 21.890565872192383
4 0.08399999886751175 1.0510432720184326 0.0810011476278305 0.9394654631614685 0.08299999684095383 1.1938233375549316 0.04401589184999466 52.17234420776367
1 0.040010735392570496 19.64372444152832 0.05300066992640495 9.217182159423828 0.08300002664327621 0.0 0.07999999821186066 0.14617694914340973
1 0.03402109816670418 18.127647399902344 0.0340067520737648 19.385414123535156 0.07100000232458115 0.7206357717514038 0.04900284856557846 7.965763568878174
1 0.060951847583055496 2.7205393314361572 0.05797566473484039 5.115792751312256 0.04100475087761879 14.722832679748535 0.061028558760881424 4.3871893882751465
1 0.06398871541023254 2.97103214263916 0.07900001853704453 0.6035701632499695 0.05699259787797928 7.683619499206543 0.04000271111726761 21.927446365356445
3 0.0650072917342186 7.26738977432251 0.08200331032276154 1.0883816480636597 0.08399999886751175 0.2559289038181305 0.03302108868956566 52.99091720581055
3 0.08100109547376633 0.8719609379768372 0.03401476517319679 53.63421630859375 0.045011989772319794 31.70420265197754 0.04901010915637016 25.308197021484375
4 0.047014396637678146 45.17295837402344 0.04101850464940071 61.8152961730957 0.0500190369784832 38.268253326416016 0.07600084692239761 2.8975906372070312
4 0.031030433252453804 73.86085510253906 0.07300569117069244 4.144833564758301 0.0699758306145668 7.002836227416992 0.050017181783914566 35.24939727783203
2 0.061004020273685455 9.970467567443848 0.03601670637726784 42.85836410522461 0.03501860052347183 45.11474609375 0.06200055405497551 9.88917064666748
3 0.04302288591861725 36.8499870300293 0.06300104409456253 11.054004669189453 0.08001673221588135 0.5127691030502319 0.03801156207919121 50.19037628173828
2 0.06700000166893005 3.162184715270996 0.047014228999614716 18.5329647064209 0.034978948533535004 33.70754623413086 0.031016137450933456 40.494388580322266
4 0.07199999690055847 5.213806629180908 0.0400179959833622 64.61071014404297 0.05702176317572594 23.652353286743164 0.035025786608457565 80.468017578125
2 0.06197897344827652 8.867870330810547 0.0749908834695816 1.5702110528945923 0.07999999821186066 0.7534623146057129 0.030023381114006042 54.190086364746094
2 0.052006132900714874 17.07569122314453 0.06500034779310226 7.040733814239502 0.05400139465928078 15.983426094055176 0.06000695005059242 10.462636947631836
4 0.08500000089406967 0.0 0.035026684403419495 65.48847198486328 0.05500752851366997 22.30116081237793 0.07800063490867615 1.6191432476043701
1 0.07300204783678055 0.946921706199646 0.07100056111812592 1.4199386835098267 0.049000926315784454 10.213497161865234 0.06499999761581421 3.893333673477173
4 0.07000000029802322 6.948241233825684 0.06000981107354164 19.388437271118164 0.05400966852903366 29.781057357788086 0.05700990557670593 24.422733306884766
2 0.07900000363588333 0.7900962233543396 0.05101374536752701 14.663836479187012 0.056003302335739136 11.628206253051758 0.03401253744959831 37.70569610595703
2 0.03799623250961304 38.557186126708984 0.037017032504081726 40.67683029174805 0.055005136877298355 14.219865798950195 0.061037447303533554 9.577744483947754
1 0.03601782023906708 35.031375885009766 0.06600005179643631 2.779095411300659 0.07100000232458115 1.3779711723327637 0.07200008630752563 1.256603717803955
4 0.05200672894716263 33.178157806396484 0.08500000089406967 0.0 0.06600131094455719 11.41759967803955 0.04795924946665764 41.26955795288086
4 0.06700644642114639 10.154481887817383 0.07600094377994537 2.700721025466919 0.05301700904965401 30.600120544433594 0.050012774765491486 36.93806838989258
4 0.042015448212623596 53.33430099487305 0.035028740763664246 75.25071716308594 0.03002777323126793 93.13565826416016 0.031031588092446327 85.72457885742188
4 0.056005217134952545 25.165773391723633 0.07500161975622177 3.1824071407318115 0.08300002664327621 1.02347731590271 0.0710005909204483 6.026599884033203
3 0.05900160223245621 14.981847763061523 0.03504294902086258 57.36341857910156 0.05500408262014389 19.937976837158203 0.07600075751543045 1.7096881866455078
2 0.04501277208328247 22.545377731323242 0.07400012761354446 1.418534755706787 0.06400324404239655 6.153099060058594 0.059003014117479324 10.146255493164062
3 0.04796180501580238 29.904584884643555 0.07700464129447937 1.5545727014541626 0.03302514925599098 60.78282928466797 0.07600076496601105 1.8093984127044678
4 0.05197412520647049 33.31132125854492 0.08400082588195801 0.05030417814850807 0.030047563835978508 96.90122985839844 0.03303802013397217 85.77824401855469
2 0.07999999821186066 0.0 0.059001050889492035 8.711493492126465 0.03301679342985153 38.51960372924805 0.03101709485054016 41.954437255859375
4 0.061009105294942856 13.078019142150879 0.0539531409740448 24.463109970092773 0.04201410338282585 47.218841552734375 0.030992290005087852 77.15814208984375
3 0.054017648100852966 22.333419799804688 0.05301094800233841 23.041107177734375 0.052011191844940186 24.911680221557617 0.05400623008608818 21.979190826416016
2 0.07699999958276749 1.323887825012207 0.04303423687815666 25.768136978149414 0.0850328728556633 0.13126994669437408 0.07900000363588333 0.374162882566452
2 0.03801330178976059 41.23112869262695 0.04900684952735901 22.705047607421875 0.05800903961062431 13.37903881072998 0.08202236890792847 0.9527519345283508
4 0.07300018519163132 3.717374563217163 0.081000417470932 1.070669412612915 0.03802533075213432 66.37174224853516 0.07096310704946518 5.576890468597412
2 0.032028213143348694 61.10466003417969 0.05301149934530258 16.851049423217773 0.08399999886751175 0.10626917332410812 0.08300037682056427 0.39740267395973206
2 0.08300404995679855 0.4097915589809418 0.07999999821186066 0.171613410115242 0.04901963472366333 19.288509368896484 0.04800964519381523 19.558574676513672
1 0.039016999304294586 24.063629150390625 0.042009320110082626 20.51858901977539 0.04700535535812378 15.302619934082031 0.07699999958276749 0.7915433049201965
3 0.0420120544731617 42.47110366821289 0.040019337087869644 47.2860107421875 0.044016946107149124 38.148738861083984 0.031045904383063316 71.0244369506836
3 0.052028313279151917 22.19167137145996 0.05200821906328201 22.61638832092285 0.037024907767772675 50.37421798706055 0.036021638661623 52.32832717895508
2 0.06600576639175415 5.261509418487549 0.06900110095739365 4.745967388153076 0.0729610025882721 2.3374152183532715 0.068001389503479 5.25373649597168
2 0.06001579016447067 8.32601261138916 0.04002681374549866 31.144672393798828 0.049007825553417206 20.3974609375 0.05100497230887413 17.879865646362305
2 0.03602739796042442 41.26095962524414 0.038012828677892685 38.19485855102539 0.07500041276216507 1.779491901397705 0.0820000022649765 0.04729389026761055
3 0.029976947233080864 63.991363525390625 0.03302094340324402 56.040374755859375 0.07100000232458115 3.484888792037964 0.0630045235157013 9.68078899383545
1 0.06796136498451233 1.7718082666397095 0.04900525510311127 10.926809310913086 0.05100182816386223 9.889430046081543 0.05300129950046539 8.994438171386719
3 0.04800555482506752 31.139944076538086 0.049008797854185104 30.009567260742188 0.04801382124423981 31.53788185119629 0.03901579603552818 50.114681243896484
1 0.0520111508667469 5.823870658874512 0.08100000023841858 0.13345684111118317 0.04500478506088257 10.60606861114502 0.0360080786049366 17.635480880737305
2 0.05502624064683914 8.251264572143555 0.0590018630027771 17.005456924438477 0.03002699837088585 46.66704177856445 0.03802443668246269 29.676349639892578
1 0.039006467908620834 18.564434051513672 0.04000446945428848 15.37928581237793 0.04600466787815094 10.990592956542969 0.05700536072254181 6.381166934967041
4 0.06700053811073303 8.643810272216797 0.056002628058195114 21.299951553344727 0.03502565249800682 66.1858139038086 0.05101080238819122 29.34088134765625
4 0.04102092608809471 54.848384857177734 0.07401078939437866 3.1600193977355957 0.03503285348415375 71.26654815673828 0.03802419453859329 62.77478790283203
3 0.03202303126454353 71.4179458618164 0.047031015157699585 34.665924072265625 0.0540103055536747 22.593568801879883 0.031020628288388252 74.90119171142578
4 0.035044096410274506 72.68793487548828 0.07000361382961273 6.757129669189453 0.07800079882144928 1.9740309715270996 0.0740007683634758 3.2566211223602295
4 0.06400081515312195 12.268722534179688 0.040026936680078506 58.125144958496094 0.05702412873506546 21.93663215637207 0.052011843770742416 29.971031188964844
4 0.06600944697856903 11.455739974975586 0.03198922052979469 89.68951416015625 0.0710316002368927 5.605939865112305 0.04102090373635292 60.43601989746094
4 0.056001510471105576 24.816190719604492 0.08200006932020187 2.0446794033050537 0.08000115305185318 1.211220145225525 0.061006639152765274 17.33176040649414
1 0.03201290965080261 31.807090759277344 0.052001021802425385 12.042552947998047 0.057001400738954544 7.9595112800598145 0.08201159536838531 0.4039788246154785
3 0.0440211296081543 36.044654846191406 0.042016468942165375 40.472015380859375 0.034022293984889984 58.34431457519531 0.06700005382299423 6.885256767272949
2 0.03602520376443863 30.222190856933594 0.07000000029802322 2.7344987392425537 0.03103182092308998 39.93406295776367 0.05500124394893646 13.070244789123535
1 0.031002726405858994 23.452035903930664 0.058000028133392334 3.4752309322357178 0.036019157618284225 18.324392318725586 0.062000058591365814 2.7731149196624756
3 0.03301485627889633 52.75668716430664 0.038016438484191895 42.22700881958008 0.058001525700092316 13.126805305480957 0.051007408648729324 21.32735252380371
1 0.04401606693863869 14.39145278930664 0.05900054797530174 6.05946159362793 0.0760180652141571 0.8366745710372925 0.04203410819172859 16.32142448425293
2 0.07599999755620956 1.4498852491378784 0.07999999821186066 0.7895307540893555 0.06301958858966827 7.592151641845703 0.051034025847911835 19.215179443359375
3 0.04402030631899834 33.30998229980469 0.0590113140642643 13.726251602172852 0.07800261676311493 1.4012714624404907 0.08100000023841858 0.6786426901817322
4 0.0629686638712883 12.751728057861328 0.08200311660766602 0.42631542682647705 0.04601715877652168 39.99586486816406 0.05001404136419296 31.992259979248047
2 0.052022989839315414 18.833736419677734 0.03204304352402687 55.20241165161133 0.0800003930926323 0.45041733980178833 0.03302241861820221 52.771366119384766
4 0.04701666533946991 35.350746154785156 0.0630015954375267 12.662825584411621 0.07200400531291962 4.111552715301514 0.08000043034553528 1.044678807258606
1 0.06000625342130661 6.069642543792725 0.03100764751434326 33.0197639465332 0.0430479422211647 19.629926681518555 0.034009650349617004 29.02520751953125
1 0.07199999690055847 1.2728204727172852 0.04100392758846283 23.251110076904297 0.07599999755620956 1.224147081375122 0.050001077353954315 15.180756568908691
3 0.05000639706850052 29.497426986694336 0.07901591807603836 0.8689939975738525 0.04101074859499931 48.660316467285156 0.08500000089406967 0.0
3 0.06402327120304108 9.94579029083252 0.07600110024213791 1.9833412170410156 0.05300239846110344 21.443897247314453 0.08399999886751175 0.0
1 0.08399999886751175 0.29524827003479004 0.08500000089406967 0.0 0.036018647253513336 25.199295043945312 0.06600002199411392 2.296180248260498
2 0.08499409258365631 0.0 0.059001196175813675 8.755982398986816 0.034012872725725174 38.46330642700195 0.08000005036592484 0.42453789710998535
3 0.07502555847167969 2.0717272758483887 0.0530414879322052 20.797744750976562 0.04801084101200104 28.874269485473633 0.0620010681450367 11.281302452087402
1 0.07999999821186066 0.23646412789821625 0.08100000023841858 0.01926523819565773 0.04800665006041527 13.316483497619629 0.054048217833042145 9.160042762756348
3 0.03802225738763809 57.18318176269531 0.0830434113740921 1.3070628643035889 0.08300048857927322 0.9446043372154236 0.060004983097314835 15.832058906555176
3 0.08100108057260513 0.8940961360931396 0.07600037008523941 1.6392358541488647 0.07400090992450714 2.2221968173980713 0.0830007940530777 0.0464593768119812
3 0.0420084223151207 39.11468505859375 0.05400516837835312 20.553064346313477 0.0849946066737175 0.0 0.062000907957553864 11.170381546020508
3 0.049045298248529434 23.885522842407227 0.044011227786540985 31.824308395385742 0.06800024956464767 6.211452007293701 0.04701028764247894 27.465362548828125
2 0.06099626049399376 6.350945949554443 0.07900236546993256 0.6711096167564392 0.04201309382915497 24.901885986328125 0.06400083750486374 4.741728782653809
2 0.04101579263806343 26.966716766357422 0.07600480318069458 0.8660919070243835 0.03200572356581688 40.67068099975586 0.08500078320503235 0.0
1 0.08300402015447617 0.5450416803359985 0.0810004249215126 0.2888707220554352 0.07400000095367432 0.8358532190322876 0.06900126487016678 1.946789264678955
4 0.07199999690055847 5.521822452545166 0.06795314699411392 9.674201965332031 0.0850038006901741 0.6752606630325317 0.046989623457193375 44.54784393310547
4 0.040027376264333725 58.01271438598633 0.07504357397556305 3.095991849899292 0.0780009850859642 1.9402509927749634 0.053019024431705475 27.685991287231445
3 0.03301803767681122 45.057151794433594 0.042010292410850525 34.9186897277832 0.05100787803530693 21.033897399902344 0.07800000160932541 0.9914752244949341
2 0.06998342275619507 2.7641189098358154 0.0570053905248642 9.793554306030273 0.04700865596532822 19.444801330566406 0.042009562253952026 25.611324310302734
2 0.04600241780281067 27.14625358581543 0.04001156613230705 36.79191970825195 0.03401358798146248 48.77774429321289 0.053009435534477234 18.568401336669922
1 0.04802760109305382 14.265901565551758 0.06700501590967178 2.5167019367218018 0.08299999684095383 0.0 0.040006525814533234 20.89496612548828
2 0.06400717049837112 6.187964916229248 0.05400603264570236 12.149469375610352 0.061001140624284744 7.946999549865723 0.032013945281505585 40.93844985961914
3 0.06800000369548798 6.879662990570068 0.07600083947181702 2.066067695617676 0.03901263326406479 52.844276428222656 0.04801519215106964 32.93193817138672
2 0.07400067150592804 1.8887100219726562 0.030028551816940308 58.38882064819336 0.05200933665037155 20.178958892822266 0.08299999684095383 0.6642488241195679
2 0.07200049608945847 2.2930259704589844 0.04903638735413551 20.612709045410156 0.03901184722781181 33.78143310546875 0.07000482082366943 3.784003734588623
4 0.05700109899044037 24.864654541015625 0.04001650959253311 65.66642761230469 0.05101170763373375 36.13959503173828 0.04501595348119736 51.408695220947266
3 0.07700014114379883 1.8340628147125244 0.06100839003920555 12.93628215789795 0.06100479140877724 12.576722145080566 0.06500256806612015 8.938627243041992
2 0.03902389109134674 36.627750396728516 0.06000962853431702 9.959574699401855 0.0850008949637413 0.5309094190597534 0.038010381162166595 39.00927734375
3 0.07400097697973251 2.0037667751312256 0.07300113141536713 2.436387538909912 0.07600090652704239 1.6473942995071411 0.07400092482566833 2.134399652481079
1 0.07199999690055847 1.18808114528656 0.042015958577394485 18.569486618041992 0.039006080478429794 22.036727905273438 0.06500069797039032 4.510185241699219
1 0.03102215565741062 30.792499542236328 0.08402997255325317 0.6974843740463257 0.07700035721063614 0.5570223927497864 0.07000034302473068 1.4963982105255127
1 0.0690000057220459 0.9238659739494324 0.05100378766655922 8.482057571411133 0.0729999989271164 0.8555749654769897 0.05800029635429382 4.0240583419799805
4 0.05200696736574173 29.7952823638916 0.07599999755620956 2.6635613441467285 0.031012315303087234 69.15910339355469 0.03302646428346634 77.18833923339844
4 0.055037181824445724 28.57179069519043 0.04202624410390854 57.76081466674805 0.0660017654299736 11.039578437805176 0.07800164818763733 2.458730697631836
1 0.05200021341443062 9.799073219299316 0.03402421995997429 28.037290573120117 0.051049038767814636 10.86506175994873 0.035021547228097916 26.77952766418457
4 0.06200029328465462 14.58720588684082 0.043019745498895645 50.102989196777344 0.049018170684576035 36.39716720581055 0.0820000022649765 0.0
1 0.04400364309549332 10.831907272338867 0.0400017611682415 11.841238975524902 0.04100198671221733 11.448442459106445 0.05200570449233055 6.204941272735596
1 0.031017353758215904 25.46016502380371 0.04001302644610405 16.908384323120117 0.08299999684095383 0.0 0.07100003212690353 1.3907296657562256
3 0.05901313200592995 13.025076866149902 0.06600117683410645 6.849754810333252 0.03603236377239227 47.28501510620117 0.03902226313948631 41.16749954223633
1 0.059000011533498764 6.409404754638672 0.08100000023841858 0.3425712585449219 0.06003950908780098 7.5888471603393555 0.06500061601400375 4.363490104675293
4 0.06800001114606857 8.801767349243164 0.031031480059027672 91.18348693847656 0.07800000160932541 1.4316258430480957 0.0770009458065033 2.1150319576263428
3 0.07901886850595474 1.5582555532455444 0.05502516031265259 18.128490447998047 0.07300173491239548 2.694769859313965 0.0650082677602768 8.250027656555176
1 0.07199999690055847 1.2003021240234375 0.040009755641222 21.4523983001709 0.0540025532245636 10.204666137695312 0.07600122690200806 0.5993239283561707
3 0.07700037956237793 1.7072817087173462 0.07400102913379669 2.562258005142212 0.03802763298153877 51.267250061035156 0.0680064782500267 6.851432800292969
2 0.07200103998184204 2.5593719482421875 0.08000008761882782 0.8699538111686707 0.06900061666965485 4.754571914672852 0.035017818212509155 46.881290435791016
4 0.04401913285255432 45.10898208618164 0.049012552946805954 34.34719467163086 0.051009565591812134 30.279552459716797 0.0760088711977005 2.176259994506836
2 0.03502485528588295 46.11359786987305 0.05802324414253235 13.789385795593262 0.05300690606236458 18.39400291442871 0.06800083816051483 5.031624794006348
4 0.07100381702184677 5.317385196685791 0.0520123615860939 29.14366340637207 0.07400118559598923 3.104963541030884 0.06800129264593124 8.420982360839844
4 0.05797494202852249 19.217416763305664 0.08097421377897263 1.7673341035842896 0.06401356309652328 12.794758796691895 0.05301354080438614 28.890352249145508
1 0.04201943799853325 16.908628463745117 0.0670006051659584 2.4714388847351074 0.03700452297925949 22.216175079345703 0.07999999821186066 0.4977954924106598
4 0.0470210425555706 41.510860443115234 0.03603212907910347 72.9315414428711 0.06500161439180374 11.843384742736816 0.048010729253292084 39.74433135986328
4 0.0690014585852623 7.346617698669434 0.045016344636678696 43.60627746582031 0.060006093233823776 17.410184860229492 0.038034822791814804 62.780704498291016
2 0.07200086861848831 2.583644390106201 0.04201892763376236 32.0431022644043 0.06500069797039032 6.9751811027526855 0.0430118665099144 31.313642501831055
3 0.04001374915242195 47.70171356201172 0.062012191861867905 11.924153327941895 0.05800345167517662 16.89628028869629 0.06100586801767349 13.294599533081055
3 0.08200002461671829 1.1493796110153198 0.040025003254413605 47.76823043823242 0.04801810905337334 31.570375442504883 0.06901272386312485 6.547276973724365
4 0.03202515095472336 74.89144897460938 0.07600347697734833 2.2448606491088867 0.07100559026002884 5.293644905090332 0.04901527240872383 34.91204071044922
4 0.07401177287101746 3.1536686420440674 0.03502461314201355 68.2481460571289 0.035025276243686676 67.59634399414062 0.04002164676785469 53.80944061279297
1 0.07100101560354233 2.096182107925415 0.03995252028107643 22.1934871673584 0.049008309841156006 13.725229263305664 0.042006801813840866 19.57122039794922
4 0.059000056236982346 19.939678192138672 0.031032297760248184 89.28278350830078 0.05200671777129173 31.85078239440918 0.04202386736869812 55.25785446166992
3 0.07798075675964355 0.8342967629432678 0.03002370148897171 68.50077056884766 0.03402145951986313 48.47309875488281 0.05600384250283241 17.67245864868164
1 0.053006794303655624 7.401488780975342 0.040015220642089844 17.674150466918945 0.05300040915608406 8.562177658081055 0.046006619930267334 12.645455360412598
2 0.07502531260251999 1.6890672445297241 0.07400098443031311 1.6694083213806152 0.07400061935186386 1.570737600326538 0.04600517824292183 20.548824310302734
1 0.051010891795158386 11.373777389526367 0.04300384968519211 20.065505981445312 0.05000569298863411 13.085195541381836 0.048006899654865265 14.787871360778809
3 0.0640181377530098 9.709567070007324 0.057001978158950806 15.206692695617676 0.060996122658252716 0.0 0.0790005624294281 0.5137624740600586
4 0.08500000089406967 0.8406738638877869 0.05500156804919243 25.602262496948242 0.07500000298023224 2.6485772132873535 0.045019105076789856 45.98643112182617
4 0.0730004832148552 3.8847217559814453 0.03602360561490059 72.96884155273438 0.05800194293260574 21.298118591308594 0.05601098760962486 24.62822914123535
1 0.06800507754087448 2.768587350845337 0.08200235664844513 0.0 0.0820000022649765 0.0 0.061958059668540955 7.710352420806885
1 0.052001021802425385 5.905886173248291 0.0820000022649765 0.0 0.04904117435216904 8.623184204101562 0.04400375485420227 12.727160453796387
2 0.07100119441747665 1.8104177713394165 0.0630006417632103 6.081734657287598 0.03301757201552391 38.316837310791016 0.04800858721137047 19.119535446166992
2 0.05201222747564316 15.110827445983887 0.03402584046125412 36.513671875 0.03301617503166199 38.92412567138672 0.061001259833574295 8.620981216430664
3 0.08399999886751175 0.0 0.03302093595266342 66.8367691040039 0.036020442843437195 53.059993743896484 0.06701848655939102 7.776585578918457
4 0.06900429725646973 7.272098064422607 0.07900000363588333 1.1837389469146729 0.08299999684095383 1.3661292791366577 0.07100068777799606 5.698565483093262
1 0.031006252393126488 25.55620765686035 0.0450008250772953 11.386463165283203 0.0839647501707077 0.0 0.07699999958276749 0.2627408802509308
1 0.043014656752347946 17.69261360168457 0.06096769496798515 6.799882411956787 0.04001602157950401 22.570907592773438 0.05999663844704628 5.115163326263428
4 0.06400108337402344 12.566295623779297 0.08200093358755112 0.36628293991088867 0.08200013637542725 1.4351009130477905 0.03702905774116516 68.43388366699219
4 0.04801556468009949 41.1766471862793 0.05201439931988716 32.07246398925781 0.04801592230796814 38.85434341430664 0.04601895064115524 45.7569465637207
4 0.05800522118806839 19.27370834350586 0.08100002259016037 1.9085012674331665 0.05202442780137062 30.101940155029297 0.05101390555500984 31.7623291015625
3 0.069007508456707 6.808544635772705 0.060033101588487625 16.300058364868164 0.04302648454904556 44.270076751708984 0.0820000022649765 0.5992263555526733
2 0.07699999958276749 1.3267908096313477 0.08299999684095383 0.03606083244085312 0.03001481667160988 42.176902770996094 0.034018050879240036 35.193599700927734
1 0.0420013852417469 21.602815628051758 0.03601080924272537 27.810977935791016 0.058001842349767685 6.823126792907715 0.05900043621659279 7.063787937164307
4 0.04801513999700546 32.977294921875 0.07400007545948029 2.880755662918091 0.034025099128484726 70.61492919921875 0.040021996945142746 53.981422424316406
1 0.07199999690055847 1.6168185472488403 0.06300011277198792 3.6556642055511475 0.04900571331381798 9.610386848449707 0.05200335755944252 6.826371669769287
4 0.035027842968702316 72.48347473144531 0.071014903485775 5.633734226226807 0.08200227469205856 0.842268168926239 0.042004991322755814 53.5034065246582
2 0.061004891991615295 10.868324279785156 0.04900655895471573 22.760528564453125 0.06400527060031891 8.086029052734375 0.05900438502430916 12.307979583740234
4 0.054024189710617065 28.08287239074707 0.04102642834186554 59.83158874511719 0.059012629091739655 20.715110778808594 0.043022435158491135 54.21337127685547
3 0.07796099781990051 0.7910072803497314 0.055008940398693085 18.041200637817383 0.0400109589099884 43.7392463684082 0.03901908919215202 46.310367584228516
1 0.0820424035191536 0.2310134321451187 0.036006662994623184 17.58209228515625 0.0760001465678215 0.6756401658058167 0.04000242054462433 14.79166316986084
1 0.0820000022649765 0.0 0.03201978653669357 26.379955291748047 0.03001214750111103 28.98297119140625 0.08100000023841858 0.0
1 0.06800058484077454 1.1062865257263184 0.07999999821186066 0.0 0.037009160965681076 18.347414016723633 0.059000950306653976 4.318882465362549
4 0.08100082725286484 0.4473786950111389 0.035027384757995605 68.79234313964844 0.03400000184774399 60.08849334716797 0.05600176006555557 21.463266372680664
2 0.031023846939206123 34.456748962402344 0.044008661061525345 27.47515106201172 0.06100091710686684 9.786880493164062 0.05900558456778526 10.849349021911621
3 0.06200097128748894 11.977041244506836 0.036013294011354446 55.92162322998047 0.05600276216864586 19.132186889648438 0.08399999886751175 1.1735327243804932
1 0.0710243359208107 0.6022016406059265 0.04400275647640228 12.638714790344238 0.030008390545845032 25.00050163269043 0.054000433534383774 8.04903507232666
4 0.08500000089406967 0.0 0.07200148701667786 4.3333821296691895 0.045013584196567535 41.37306213378906 0.046012599021196365 38.99873352050781
1 0.07003039121627808 2.0572080612182617 0.037007346749305725 16.844953536987305 0.04100343585014343 14.188457489013672 0.06800023466348648 2.0651962757110596
4 0.07100390642881393 5.207610130310059 0.058010637760162354 20.97055435180664 0.04001538082957268 58.28078079223633 0.08100000023841858 0.7351618409156799
3 0.04002991318702698 50.52680206298828 0.0410158634185791 45.85557556152344 0.07400000095367432 2.4696919918060303 0.03402456268668175 53.127986907958984
1 0.07199999690055847 1.1955788135528564 0.06400047242641449 4.503212928771973 0.031008994206786156 28.844188690185547 0.07999999821186066 0.6720355153083801
4 0.05401330813765526 29.0994815826416 0.051012203097343445 35.02607345581055 0.03402797877788544 80.87348175048828 0.04501083493232727 49.38810729980469
3 0.052008192986249924 25.510133743286133 0.05500885099172592 21.60334587097168 0.04700896888971329 35.1875 0.0620119608938694 12.648372650146484
4 0.054018571972846985 24.700468063354492 0.06500119715929031 10.795820236206055 0.08300039917230606 0.21503418684005737 0.05701323598623276 20.40699577331543
2 0.06100032851099968 6.356442928314209 0.06700411438941956 5.195649147033691 0.04900991916656494 19.27367401123047 0.06400234997272491 6.031859874725342
1 0.07900000363588333 0.0 0.05600086972117424 7.8885345458984375 0.07199999690055847 1.3550997972488403 0.05800192058086395 6.01513671875
3 0.06100669875741005 12.683670997619629 0.07100033760070801 3.7921864986419678 0.03901481628417969 42.31895065307617 0.062000956386327744 9.96985912322998
3 0.04001249000430107 41.63603973388672 0.038018614053726196 45.53207015991211 0.06696435809135437 6.933959007263184 0.03402405604720116 54.302608489990234
1 0.07400000095367432 0.5284053087234497 0.07599999755620956 0.24435295164585114 0.036009300500154495 15.063525199890137 0.07100129872560501 0.9500300884246826
3 0.03001946583390236 64.90766906738281 0.032020073384046555 60.056541442871094 0.0630016028881073 9.47435474395752 0.08300487697124481 0.9042522311210632
1 0.05699566751718521 6.122732162475586 0.05100073665380478 8.040190696716309 0.06200356408953667 3.8513190746307373 0.04400128126144409 12.839339256286621
1 0.06600312888622284 3.1481666564941406 0.05700087547302246 8.646288871765137 0.0750000923871994 0.9180073142051697 0.03200874105095863 30.547569274902344
3 0.04904419183731079 28.30569839477539 0.06700888276100159 8.006908416748047 0.07500091940164566 2.3386433124542236 0.06401196867227554 11.061211585998535
4 0.0790054127573967 1.9974976778030396 0.031030770391225815 80.8949203491211 0.054015859961509705 25.582664489746094 0.055006690323352814 23.472021102905273
2 0.06700000166893005 2.857715606689453 0.03100958652794361 38.354061126708984 0.08001159131526947 0.8843831419944763 0.07200030982494354 1.5186350345611572
4 0.06002768874168396 16.30222511291504 0.03302257880568504 71.43134307861328 0.07704904675483704 1.8043462038040161 0.03701837733387947 60.771942138671875
4 0.03603050112724304 72.05571746826172 0.03503087908029556 77.29764556884766 0.059013210237026215 20.082792282104492 0.042015038430690765 55.46138381958008
3 0.05001648887991905 25.7110538482666 0.0460122674703598 32.18291091918945 0.03501405566930771 55.416481018066406 0.046011801809072495 32.20198059082031
4 0.06500084698200226 11.843073844909668 0.05800696834921837 22.72203826904297 0.0630045235157013 14.982569694519043 0.07500221580266953 3.094329595565796
2 0.06000613048672676 7.710771560668945 0.08000428229570389 0.6738743782043457 0.05500590428709984 12.696786880493164 0.08500000089406967 0.1295560747385025
3 0.047005075961351395 34.24991989135742 0.07500000298023224 2.446488857269287 0.08100000023841858 1.270682692527771 0.06500433385372162 10.028251647949219
4 0.0670073926448822 10.250588417053223 0.0430135615170002 54.76737594604492 0.06700125336647034 9.871387481689453 0.040020737797021866 62.95137023925781
2 0.05800127983093262 12.759509086608887 0.0650012269616127 7.454480171203613 0.0300213024020195 58.951820373535156 0.06700000166893005 6.6342549324035645
2 0.037018969655036926 35.894371032714844 0.047005314379930496 21.079633712768555 0.04700780659914017 21.156984329223633 0.05300529673695564 14.547078132629395
4 0.04102020710706711 62.471214294433594 0.041023138910532 61.94007873535156 0.058987200260162354 21.452774047851562 0.043023280799388885 56.128883361816406
4 0.050008803606033325 34.4196662902832 0.04501767084002495 45.422218322753906 0.07999999821186066 0.7027649879455566 0.04002419486641884 59.220863342285156
4 0.03502277284860611 66.42945861816406 0.07603567838668823 2.5893490314483643 0.08100039511919022 1.1533401012420654 0.05501190200448036 23.126787185668945
4 0.07502588629722595 3.241633415222168 0.06900138407945633 8.185970306396484 0.04701341316103935 43.84153366088867 0.08399999886751175 2.0258870124816895
3 0.03002128191292286 64.22826385498047 0.07200247049331665 3.019315481185913 0.07500097900629044 2.076033115386963 0.040954750031232834 39.57881546020508
3 0.03603534400463104 58.11226272583008 0.05200590938329697 25.12433624267578 0.049010030925273895 30.920368194580078 0.04201629385352135 44.881683349609375
4 0.07295846939086914 3.718806505203247 0.048003461211919785 37.892066955566406 0.053009577095508575 27.891653060913086 0.04501645639538765 45.04385757446289
4 0.08100060373544693 0.3267940282821655 0.034023430198431015 68.3326644897461 0.0380268394947052 57.11017990112305 0.048012007027864456 34.80851364135742
3 0.03402125462889671 63.37947082519531 0.03202998638153076 69.06897735595703 0.08202406764030457 0.42160293459892273 0.05802297219634056 17.166465759277344
2 0.04801057279109955 16.883880615234375 0.05500238761305809 12.196170806884766 0.08000003546476364 0.04493921995162964 0.07500000298023224 1.250910758972168
2 0.06600538641214371 4.561021327972412 0.03401130065321922 46.4989013671875 0.0820000022649765 0.006452029105275869 0.07600035518407822 1.323824405670166
2 0.07502543181180954 1.7060500383377075 0.08100000023841858 0.6500827074050903 0.08500000089406967 0.0 0.03201788291335106 51.62434768676758
2 0.05801736190915108 11.418131828308105 0.05500304698944092 11.55856990814209 0.08399999886751175 0.19183698296546936 0.05700032413005829 11.933125495910645
2 0.06900138407945633 3.5388035774230957 0.08197497576475143 0.0 0.040029801428318024 26.870567321777344 0.04903358966112137 16.00734519958496
1 0.04500017315149307 10.794886589050293 0.03400461748242378 16.697446823120117 0.03600404039025307 15.514874458312988 0.05900007486343384 4.365675449371338
1 0.031022934243083 36.90082550048828 0.032010335475206375 38.93449401855469 0.05402887240052223 10.825492858886719 0.06100095435976982 5.975918769836426
4 0.08399999886751175 1.1227885484695435 0.03403512015938759 83.18473052978516 0.06401932239532471 14.473941802978516 0.036040421575307846 77.58856201171875
2 0.07200165092945099 1.864066243171692 0.042002514004707336 26.469669342041016 0.05500097572803497 13.002595901489258 0.08100292831659317 0.24062815308570862
2 0.040009502321481705 28.0627384185791 0.03901287540793419 28.155271530151367 0.06001895293593407 7.886018753051758 0.06300104409456253 5.828925132751465
3 0.08100050687789917 0.29322323203086853 0.0820000022649765 0.7698646783828735 0.07100106030702591 4.7357096672058105 0.03701687976717949 58.37977600097656
3 0.08200249820947647 1.178788423538208 0.06600325554609299 6.7958245277404785 0.04401248320937157 32.72993469238281 0.04701148346066475 28.18745231628418
3 0.07502564787864685 2.2914702892303467 0.0820000022649765 0.979885458946228 0.037020936608314514 56.840606689453125 0.04001742601394653 48.25446701049805
2 0.08500000089406967 0.0 0.041016191244125366 35.011470794677734 0.06400120258331299 7.390430450439453 0.04798419028520584 24.43415641784668
3 0.061007607728242874 12.769331932067871 0.06700492650270462 7.1568169593811035 0.07900086790323257 0.7649238705635071 0.05400170013308525 20.29097557067871
1 0.07800000160932541 0.8304467797279358 0.04402020946145058 16.60120391845703 0.06900079548358917 1.814875602722168 0.07500023394823074 0.9385601878166199
1 0.08100000023841858 0.30750980973243713 0.05600028112530708 4.940816879272461 0.06400000303983688 1.9649467468261719 0.03002285771071911 21.004392623901367
2 0.06000847741961479 8.051137924194336 0.04500991106033325 24.841041564941406 0.07400040328502655 1.4719711542129517 0.06900198757648468 3.8684020042419434
1 0.034011874347925186 24.067441940307617 0.041007574647665024 17.124046325683594 0.04100634157657623 17.57079315185547 0.06100011616945267 6.152054309844971
3 0.057040490210056305 15.462890625 0.03602001816034317 49.51441192626953 0.08399999886751175 0.0 0.048972077667713165 25.202634811401367
1 0.0750008076429367 0.6704913973808289 0.04700499773025513 9.438722610473633 0.05600050836801529 4.6265974044799805 0.04400528222322464 9.722489356994629
3 0.05402404069900513 20.937732696533203 0.06300786137580872 11.201091766357422 0.06700148433446884 7.496120452880859 0.06200439855456352 12.212291717529297
1 0.03797008469700813 16.225055694580078 0.03000808320939541 25.095783233642578 0.07703039050102234 0.6467377543449402 0.06200049817562103 4.112402439117432
1 0.06400052458047867 1.7989901304244995 0.07900000363588333 0.0 0.031017517670989037 12.864958763122559 0.06396903842687607 0.9799486994743347
1 0.08300403505563736 0.6944562792778015 0.036006487905979156 29.0595645904541 0.05500315502285957 9.119022369384766 0.046006012707948685 17.558380126953125
4 0.07300043106079102 3.261925458908081 0.05501539632678032 22.217824935913086 0.05200880020856857 26.768596649169922 0.04501432552933693 40.359642028808594
4 0.030034728348255157 86.84274291992188 0.037025198340415955 65.45234680175781 0.05700712278485298 21.3878173828125 0.06700105965137482 9.392889976501465
1 0.04403442144393921 13.601740837097168 0.06700070947408676 1.8337630033493042 0.03304026648402214 22.4095458984375 0.07599999755620956 0.8460970520973206
3 0.07599999755620956 1.739112138748169 0.05100676789879799 25.362503051757812 0.05900656059384346 15.298163414001465 0.03801866993308067 51.15270233154297
4 0.0820000022649765 1.2689790725708008 0.08500000089406967 0.0 0.0590301975607872 17.645137786865234 0.07800014317035675 1.8124693632125854
2 0.08100076019763947 1.0533709526062012 0.07600662112236023 1.6559021472930908 0.043015241622924805 31.395263671875 0.031021632254123688 54.796966552734375
4 0.051010094583034515 28.64004898071289 0.05300767719745636 26.091854095458984 0.06600088626146317 10.060132026672363 0.042013950645923615 48.56462478637695
1 0.045007653534412384 17.43802833557129 0.0359763540327549 23.545780181884766 0.05200113728642464 8.712600708007812 0.06700203567743301 2.7674248218536377
3 0.0519586056470871 19.974506378173828 0.0690096765756607 4.410109519958496 0.03902288153767586 42.40864944458008 0.03801865503191948 44.75835418701172
2 0.05700847506523132 9.431888580322266 0.06400088965892792 5.365240573883057 0.058004312217235565 9.587872505187988 0.06800014525651932 3.1643784046173096
3 0.03701945021748543 44.200218200683594 0.05800546333193779 13.712642669677734 0.0550047941505909 16.89703369140625 0.06500069797039032 7.334402084350586
1 0.03200659900903702 28.82086944580078 0.047021783888339996 14.36252498626709 0.04800289869308472 12.95982837677002 0.04700712114572525 13.630583763122559
4 0.07199999690055847 4.732496738433838 0.049007393419742584 36.63674545288086 0.044018883258104324 49.09921646118164 0.050017062574625015 34.58926010131836
1 0.04399237036705017 18.926908493041992 0.05201064050197601 12.680657386779785 0.05200469493865967 12.275525093078613 0.04700547456741333 16.3148250579834
1 0.08399999886751175 0.26642152667045593 0.07699999958276749 0.47684580087661743 0.07300052791833878 0.8383504152297974 0.050994064658880234 8.415760040283203
2 0.044006094336509705 28.81618309020996 0.04500808194279671 26.76022720336914 0.04201017692685127 31.257564544677734 0.07695615291595459 1.4987599849700928
1 0.04800434038043022 14.907440185546875 0.05000325292348862 13.603687286376953 0.06100695580244064 5.714389801025391 0.059004079550504684 7.540260314941406
2 0.050002165138721466 18.68630027770996 0.05500415712594986 13.878244400024414 0.07400309294462204 1.7254270315170288 0.07300101965665817 2.0045316219329834
3 0.057001251727342606 18.26205062866211 0.0610034205019474 13.296810150146484 0.07100043445825577 4.180239677429199 0.03502265736460686 60.20083236694336
1 0.06600174307823181 2.5521044731140137 0.0560026578605175 5.548974990844727 0.038008686155080795 18.755107879638672 0.07500000298023224 0.4471353590488434
1 0.05300046503543854 8.3787202835083 0.05300310254096985 6.9342803955078125 0.07302333414554596 0.9248446226119995 0.07900000363588333 0.14258746802806854
2 0.058001212775707245 12.5342378616333 0.03904271870851517 40.44495391845703 0.038017697632312775 41.99540328979492 0.035016633570194244 48.23909378051758
3 0.07403455674648285 2.0186023712158203 0.032024089246988297 53.383216857910156 0.041024100035429 37.85309600830078 0.05100598931312561 22.61626625061035
1 0.07199999690055847 1.4367270469665527 0.061008602380752563 5.638751983642578 0.062000393867492676 5.791837692260742 0.0820000022649765 0.14559464156627655
4 0.0459512434899807 44.42391586303711 0.07700147479772568 2.263572931289673 0.03503112122416496 75.95304870605469 0.031029682606458664 89.16840362548828
4 0.07599999755620956 3.011444568634033 0.059001412242650986 21.2332706451416 0.08400069922208786 0.32297560572624207 0.061015449464321136 17.87098503112793
4 0.04102053493261337 62.030555725097656 0.044018905609846115 52.45283126831055 0.06701887398958206 10.931650161743164 0.03303446248173714 88.01957702636719
2 0.07599999755620956 1.362326979637146 0.05200563743710518 20.45221710205078 0.05600445717573166 15.29147720336914 0.06200677901506424 10.185832977294922
2 0.08399999886751175 0.35037413239479065 0.05204930528998375 14.450241088867188 0.061000000685453415 7.279393196105957 0.07800019532442093 0.9234105944633484
2 0.07699999958276749 1.1512585878372192 0.030014896765351295 52.19268798828125 0.07501974701881409 1.2677407264709473 0.04901864752173424 21.16967010498047
4 0.08399999886751175 0.0 0.060024190694093704 15.985237121582031 0.033023323863744736 72.21722412109375 0.06200211122632027 14.183300018310547
1 0.0540006048977375 8.266056060791016 0.06800036132335663 1.6944528818130493 0.07000000029802322 1.1229512691497803 0.07500000298023224 0.5300384163856506
2 0.08399999886751175 0.0 0.06897622346878052 4.60126256942749 0.05396399274468422 16.312265396118164 0.04800787940621376 23.444494247436523
2 0.04101897031068802 27.214014053344727 0.03102387674152851 43.99020767211914 0.07500000298023224 1.9660497903823853 0.06200454756617546 6.878453254699707
4 0.055993273854255676 20.907588958740234 0.08500003069639206 0.0 0.0770198255777359 1.8475028276443481 0.07600107043981552 2.2714755535125732
2 0.04795225337147713 20.613126754760742 0.05600331351161003 11.853629112243652 0.06700562685728073 5.165929794311523 0.06398667395114899 6.654231548309326
3 0.033019836992025375 64.95101928710938 0.03202972188591957 68.52867126464844 0.06600078195333481 7.885773658752441 0.07500848174095154 2.3610622882843018
3 0.049047332257032394 23.585195541381836 0.06899235397577286 5.52217960357666 0.08000028133392334 1.1658636331558228 0.03701433166861534 46.04546356201172
1 0.07102420181035995 2.002056837081909 0.041008420288562775 17.15868377685547 0.035008180886507034 23.948942184448242 0.05400164797902107 8.911545753479004
2 0.07900000363588333 0.4182696044445038 0.07200085371732712 1.6932870149612427 0.055007196962833405 10.528457641601562 0.08200065791606903 0.38980725407600403
2 0.043015170842409134 30.217920303344727 0.041013479232788086 32.07856750488281 0.07400000095367432 2.029754400253296 0.07800067961215973 0.9840143322944641
2 0.03802487254142761 42.34126281738281 0.042014990001916885 34.83746337890625 0.03901372104883194 40.24169158935547 0.07000089436769485 4.509512424468994
1 0.07697179168462753 0.059494636952877045 0.038018740713596344 15.405077934265137 0.05900009348988533 3.937865972518921 0.08100029081106186 0.0
3 0.045019738376140594 38.8535270690918 0.08400333672761917 0.4974464476108551 0.08100000023841858 0.6273109316825867 0.0310299564152956 73.0129623413086
1 0.0730021521449089 1.1231794357299805 0.06000358238816261 8.027347564697266 0.04600178822875023 16.938995361328125 0.07699999958276749 0.8375614881515503
3 0.03401903435587883 56.64128112792969 0.048021331429481506 28.88872718811035 0.0650012269616127 8.146059036254883 0.06400541216135025 9.703701972961426
2 0.07800081372261047 1.0920408964157104 0.04002126678824425 31.75954818725586 0.0700029581785202 3.3611624240875244 0.04401158541440964 25.44666862487793
1 0.05900127440690994 7.264632225036621 0.07700004428625107 0.6602317094802856 0.07900000363588333 0.5686882138252258 0.042012717574834824 21.98450469970703
2 0.06400813162326813 5.691593170166016 0.07400000095367432 1.3309283256530762 0.06500053405761719 5.096432209014893 0.04600832983851433 21.794832229614258
2 0.0660051479935646 4.2648186683654785 0.05700267478823662 13.20692253112793 0.07300010323524475 2.2271628379821777 0.031029103323817253 50.58037185668945
1 0.037009481340646744 23.309724807739258 0.061000000685453415 4.075157165527344 0.06800000369548798 3.321458339691162 0.054009757936000824 8.27161693572998
1 0.05900132283568382 6.873465538024902 0.03700593113899231 23.308259963989258 0.05501861870288849 8.070975303649902 0.050972502678632736 11.35291862487793
1 0.033022668212652206 27.692358016967773 0.08299999684095383 0.0 0.08100000023841858 0.0 0.07700180262327194 0.5495989918708801
3 0.036032356321811676 52.65554428100586 0.042032502591609955 38.75282287597656 0.04701128602027893 29.25600242614746 0.05901006981730461 14.338030815124512
4 0.08100108057260513 0.6817249059677124 0.06600096821784973 10.769119262695312 0.08000077307224274 0.9285138845443726 0.0820000022649765 1.4634953737258911
1 0.042018841952085495 15.183979034423828 0.06400251388549805 3.1466283798217773 0.07599999755620956 0.4654177129268646 0.06800003349781036 1.759252667427063
1 0.06699047982692719 3.0979747772216797 0.06700114905834198 3.791098117828369 0.0700007900595665 2.4493839740753174 0.055001165717840195 9.12304973602295
4 0.061010148376226425 15.927016258239746 0.06600157916545868 10.595688819885254 0.07800145447254181 2.170063018798828 0.04801313579082489 38.6233024597168
4 0.03502735123038292 68.11018371582031 0.047009605914354324 38.019615173339844 0.030031347647309303 86.37906646728516 0.06701302528381348 8.586563110351562
1 0.05400330200791359 7.099987506866455 0.08000005781650543 0.18880222737789154 0.05000121518969536 10.60497760772705 0.06900006532669067 1.8613568544387817
3 0.08500000089406967 0.0 0.03502267226576805 52.188114166259766 0.08500000089406967 0.0 0.04900702089071274 25.768674850463867
2 0.07999999821186066 0.439028263092041 0.03002280369400978 49.52971267700195 0.053016725927591324 16.122777938842773 0.06000128388404846 10.001876831054688
2 0.0360230915248394 31.7133731842041 0.06600043922662735 4.662059307098389 0.041001610457897186 27.40081214904785 0.04200749844312668 24.997426986694336
2 0.06099506840109825 7.237601280212402 0.050008051097393036 15.455657958984375 0.05400191247463226 11.925868034362793 0.0329575315117836 35.787811279296875
1 0.07100112736225128 1.6678332090377808 0.03601408377289772 30.985876083374023 0.06700000166893005 4.6086506843566895 0.06500330567359924 5.175586700439453
4 0.07100367546081543 5.359597206115723 0.05200408771634102 27.975130081176758 0.05500943213701248 22.98037338256836 0.05900642275810242 17.84134864807129
4 0.07199999690055847 4.801680088043213 0.062008392065763474 16.10147476196289 0.0810011774301529 1.622026801109314 0.06701205670833588 9.683683395385742
4 0.048014797270298004 39.70169448852539 0.03402562811970711 78.4525375366211 0.07800335437059402 2.2047269344329834 0.045034077018499374 46.69422912597656
1 0.07699999958276749 0.7300342917442322 0.04900593310594559 11.910250663757324 0.07400048524141312 1.1468002796173096 0.03300611674785614 29.17365837097168
3 0.07199999690055847 3.7622616291046143 0.04701590910553932 35.094886779785156 0.05401819199323654 22.81879234313965 0.032023198902606964 80.91201782226562
1 0.07002787292003632 2.0450401306152344 0.08297102898359299 0.0 0.039016228169202805 16.307065963745117 0.06500008702278137 1.6269233226776123
4 0.0640103742480278 11.89947509765625 0.034026850014925 73.52787780761719 0.06200747191905975 14.163555145263672 0.06400224566459656 12.188148498535156
4 0.0390198640525341 62.981937408447266 0.06300223618745804 13.61867904663086 0.03303078934550285 80.7308578491211 0.07103123515844345 5.251956462860107
1 0.07102421671152115 2.171060085296631 0.06700044125318527 2.1257076263427734 0.061003707349300385 4.796209812164307 0.0750000923871994 0.9750493168830872
4 0.05300895869731903 29.209701538085938 0.07300030440092087 3.8890573978424072 0.08000058680772781 1.8127487897872925 0.06400000303983688 13.793991088867188
3 0.04202360659837723 43.307464599609375 0.05300532281398773 23.179391860961914 0.06704631447792053 7.929780960083008 0.059008460491895676 15.587000846862793
4 0.08500000089406967 0.8289178609848022 0.05400985851883888 26.68515968322754 0.08299999684095383 1.9105160236358643 0.031034693121910095 85.55592346191406
2 0.07999999821186066 0.2227582335472107 0.05000294744968414 16.021142959594727 0.05000593513250351 17.23807716369629 0.030035363510251045 47.65312194824219
4 0.06499999761581421 11.346283912658691 0.06000671908259392 18.30799102783203 0.06100405007600784 16.65439224243164 0.05900893360376358 19.62175178527832
1 0.0420074425637722 14.52089786529541 0.050005801022052765 9.245800018310547 0.05100100859999657 9.624459266662598 0.06800083816051483 2.285675048828125
3 0.051025647670030594 27.15035629272461 0.03701413422822952 55.65284729003906 0.08500059694051743 0.3161369264125824 0.0600113682448864 14.095778465270996
1 0.05700476095080376 9.780086517333984 0.03601765260100365 29.972854614257812 0.0380086712539196 27.175039291381836 0.06900210678577423 2.0215017795562744
2 0.030017701908946037 57.56452941894531 0.08200010657310486 0.3143658936023712 0.05900118872523308 11.23812484741211 0.051002345979213715 20.0174617767334
2 0.03201685845851898 54.51250457763672 0.042012427002191544 34.679134368896484 0.08399999886751175 0.5273469686508179 0.03603377938270569 46.36558532714844
4 0.0750257819890976 3.0076143741607666 0.06299670785665512 13.626921653747559 0.04101281985640526 55.124725341796875 0.05701298266649246 21.939414978027344
3 0.05200888216495514 22.392181396484375 0.04900852218270302 26.705530166625977 0.0800010934472084 0.5111274123191833 0.04202340170741081 39.396759033203125
3 0.07900000363588333 1.6597896814346313 0.08399999886751175 0.48250532150268555 0.031016618013381958 58.913604736328125 0.03901338949799538 41.42104721069336
2 0.07100154459476471 3.1931569576263428 0.06797950714826584 4.523179054260254 0.06300226598978043 7.5827250480651855 0.06700044125318527 5.4360551834106445
1 0.03102523274719715 37.881473541259766 0.0750003308057785 0.9744714498519897 0.08100000023841858 0.2690688371658325 0.03900687396526337 25.96023941040039
4 0.07599999755620956 2.4429595470428467 0.043020181357860565 44.684200286865234 0.06201031431555748 13.447965621948242 0.07600457966327667 2.265162229537964
1 0.07199999690055847 0.0 0.07599999755620956 0.5043652653694153 0.04201178252696991 14.28333854675293 0.06400009244680405 3.28971791267395
1 0.04200933873653412 21.268789291381836 0.035006824880838394 30.7208194732666 0.046006545424461365 17.32599449157715 0.032012689858675 39.3813591003418
4 0.05201112478971481 31.4800968170166 0.05400865525007248 28.18667221069336 0.06700102984905243 9.679588317871094 0.036025192588567734 73.2020492553711
2 0.04701799526810646 21.53527069091797 0.04601031914353371 21.810216903686523 0.07200004905462265 2.1828436851501465 0.06897187232971191 3.748591661453247
2 0.03702192008495331 34.016319274902344 0.055023182183504105 12.05394458770752 0.06301894038915634 6.897054195404053 0.07598291337490082 1.0278403759002686
3 0.047003116458654404 30.119205474853516 0.06100127100944519 11.693185806274414 0.08300019055604935 0.0 0.0790005624294281 1.0035569667816162
2 0.05901062861084938 13.302119255065918 0.046980369836091995 26.778091430664062 0.05400623753666878 17.265735626220703 0.06200583651661873 10.050774574279785
1 0.030011406168341637 30.435232162475586 0.06700045615434647 3.8086657524108887 0.038998834788799286 23.458099365234375 0.08400045335292816 0.0
1 0.04695649445056915 18.4245662689209 0.05300315096974373 12.202041625976562 0.08200807869434357 0.012429694645106792 0.08000022917985916 0.3442937731742859
3 0.062008071690797806 11.182168960571289 0.03398948162794113 54.7083854675293 0.054004061967134476 20.232074737548828 0.05700694024562836 15.29149341583252
2 0.05697280541062355 13.294882774353027 0.08204124867916107 0.0 0.07700005173683167 1.3338019847869873 0.08299999684095383 0.0
4 0.07900528609752655 1.983010172843933 0.04501016065478325 43.064971923828125 0.07800000160932541 2.5815539360046387 0.06700151413679123 8.96662425994873
2 0.03701312467455864 40.98495864868164 0.07600083947181702 1.6420756578445435 0.07800019532442093 0.9720044136047363 0.030019573867321014 53.32431411743164
3 0.04800258204340935 28.56654167175293 0.0540095679461956 19.519216537475586 0.0729999989271164 2.7419273853302 0.056005943566560745 17.46964454650879
2 0.07699999958276749 1.1841410398483276 0.0740007534623146 1.7077875137329102 0.07500021159648895 1.493334412574768 0.056008271872997284 12.61854362487793
1 0.06700000166893005 3.0931103229522705 0.08399999886751175 0.0 0.05402359738945961 8.410531044006348 0.03001430444419384 27.54360008239746
1 0.06300026923418045 3.2232282161712646 0.05800051987171173 4.762279033660889 0.03501291200518608 15.798619270324707 0.08100150525569916 0.11507541686296463
2 0.08399999886751175 0.0 0.058006130158901215 11.503280639648438 0.05500337854027748 13.19432258605957 0.044008105993270874 24.936725616455078
1 0.04201781004667282 11.87669849395752 0.06900667399168015 0.8318142294883728 0.0670035257935524 1.7808454036712646 0.053008418530225754 5.990478992462158
1 0.031018579378724098 30.478561401367188 0.053001586347818375 10.682869911193848 0.043011654168367386 17.505538940429688 0.03800766542553902 22.197704315185547
3 0.04401371255517006 37.751346588134766 0.08100085705518723 0.19014990329742432 0.04900577664375305 27.88525390625 0.03902163729071617 49.15208435058594
4 0.03203202039003372 79.8780517578125 0.052004624158144 30.562458038330078 0.04401968792080879 47.703983306884766 0.07999999821186066 0.7280125021934509
2 0.08399999886751175 0.32027196884155273 0.03002217411994934 40.63261795043945 0.056995704770088196 8.516571044921875 0.04300643131136894 23.26326560974121
2 0.038999978452920914 28.037961959838867 0.07500000298023224 1.1783735752105713 0.08299999684095383 0.0 0.0820000022649765 0.0
1 0.06302884966135025 3.9399755001068115 0.08200334757566452 0.0 0.04000946879386902 16.764860153198242 0.07500341534614563 0.9415860772132874
4 0.036038510501384735 65.93550872802734 0.06002606824040413 17.44223403930664 0.061003752052783966 15.691367149353027 0.07900140434503555 2.0503900051116943
4 0.07900143414735794 2.3056130409240723 0.06100139021873474 16.19383430480957 0.03903035447001457 62.389713287353516 0.05302753672003746 28.81838035583496
3 0.06600740551948547 9.50287914276123 0.050011347979307175 29.580583572387695 0.0310237817466259 72.03067016601562 0.06600084900856018 8.983933448791504
1 0.07900000363588333 0.04068112373352051 0.0820000022649765 0.0 0.0820000022649765 0.0 0.036012422293424606 22.986780166625977
3 0.07900162786245346 1.1210261583328247 0.08100000023841858 1.1831614971160889 0.03502800315618515 61.877132415771484 0.053002264350652695 24.137712478637695
4 0.07199999690055847 5.093815326690674 0.033973827958106995 78.52713775634766 0.06601696461439133 11.551183700561523 0.0820000022649765 0.6531708240509033
2 0.074001245200634 1.4773904085159302 0.08399999886751175 0.0 0.051010534167289734 15.284192085266113 0.08500176668167114 0.0
4 0.06303518265485764 14.845888137817383 0.0820009633898735 0.8571361303329468 0.04802738130092621 39.261192321777344 0.05001097172498703 34.571617126464844
3 0.08399999886751175 0.0 0.0820000022649765 0.46268200874328613 0.08500000089406967 0.0 0.07300011068582535 2.778027057647705
1 0.041007332503795624 18.299243927001953 0.03000830113887787 30.39897918701172 0.058000918477773666 4.809220790863037 0.035004813224077225 24.16596031188965
2 0.04101269319653511 36.4602165222168 0.05400270223617554 17.788307189941406 0.035022854804992676 48.13561248779297 0.03402059152722359 50.1483268737793
2 0.08399999886751175 0.0 0.06200193241238594 9.24586296081543 0.040015093982219696 34.34733963012695 0.05400249361991882 14.77154541015625
1 0.0650002658367157 4.675107955932617 0.08400262892246246 0.0 0.07900000363588333 0.4006083309650421 0.06398838758468628 4.826859951019287
4 0.03902179375290871 55.79130554199219 0.08000099658966064 1.6482974290847778 0.06500092148780823 11.163771629333496 0.08400068432092667 0.0
4 0.05900043994188309 20.87868309020996 0.07800089567899704 2.3038134574890137 0.03302529454231262 69.41841888427734 0.06901295483112335 7.8331098556518555
4 0.050020720809698105 33.21715545654297 0.08100000768899918 1.8924142122268677 0.052016399800777435 29.428316116333008 0.07400110363960266 3.0709645748138428
2 0.07000619918107986 2.7901060581207275 0.03701525181531906 36.485877990722656 0.08399999886751175 0.21580803394317627 0.031023571267724037 47.06806564331055
4 0.08399999886751175 0.2996117174625397 0.03602520003914833 70.59449768066406 0.07699999958276749 2.450784683227539 0.05901215970516205 18.912925720214844
1 0.03901118040084839 19.66327667236328 0.059973713010549545 4.506773471832275 0.07700294256210327 0.6778658628463745 0.06200016662478447 5.432465076446533
1 0.055026765912771225 7.987523078918457 0.08200523257255554 0.2570410668849945 0.06501039862632751 4.518642902374268 0.0760006457567215 0.8610723614692688
4 0.06400080770254135 12.414289474487305 0.08300090581178665 0.0 0.07301228493452072 3.4215805530548096 0.043029725551605225 47.8276481628418
2 0.04904506355524063 23.737695693969727 0.0350344218313694 48.80751037597656 0.07700250297784805 1.5851805210113525 0.06200086697936058 9.790661811828613
4 0.059016287326812744 16.927722930908203 0.05900627002120018 17.11662483215332 0.031038504093885422 64.15583801269531 0.049009863287210464 32.11374282836914
1 0.07000000029802322 1.5772502422332764 0.0669662356376648 1.8699491024017334 0.058000266551971436 4.745375156402588 0.061000000685453415 3.263485908508301
3 0.06100667268037796 12.634520530700684 0.045010048896074295 30.375503540039062 0.032960932701826096 54.20193862915039 0.032023027539253235 56.91086196899414
1 0.041001759469509125 22.9018497467041 0.05500352755188942 9.905536651611328 0.08001243323087692 0.4445260465145111 0.07204179465770721 1.5754426717758179
1 0.07800000160932541 0.606781542301178 0.060002632439136505 4.13878870010376 0.04001161456108093 19.142175674438477 0.05995592847466469 5.343934059143066
4 0.07402960956096649 3.208805561065674 0.06601081788539886 9.952116012573242 0.04800886660814285 36.101619720458984 0.03701931983232498 63.784725189208984
3 0.05502629652619362 18.055484771728516 0.060001473873853683 12.92002010345459 0.03702017292380333 50.55270004272461 0.07500607520341873 2.113079786300659
3 0.04601806774735451 30.311378479003906 0.07501779496669769 1.8463753461837769 0.03602835163474083 50.96247863769531 0.03202041983604431 58.39748001098633
2 0.05502494052052498 18.076602935791016 0.07500731945037842 1.7807507514953613 0.06000104546546936 10.982085227966309 0.04100451245903969 35.29310607910156
2 0.08399999886751175 0.0 0.07304710149765015 2.3474490642547607 0.050006527453660965 22.075607299804688 0.03703104704618454 45.37712860107422
2 0.04201505705714226 29.98980712890625 0.06701596081256866 4.736100673675537 0.030028212815523148 51.644142150878906 0.0820000097155571 0.0
4 0.03802565485239029 62.68669128417969 0.03104190155863762 85.53881072998047 0.0820000022649765 1.5362900495529175 0.08200058341026306 0.9091014862060547
1 0.059001531451940536 7.257253646850586 0.04400906711816788 20.877262115478516 0.034019261598587036 33.69352340698242 0.08000044524669647 0.5120276212692261
4 0.06202000752091408 14.774443626403809 0.07400219142436981 3.16249942779541 0.040019720792770386 56.18558120727539 0.06302402168512344 13.247176170349121
4 0.0670008435845375 9.63212776184082 0.060003697872161865 17.8057861328125 0.0480070486664772 36.84996795654297 0.08100000023841858 0.7605803608894348
3 0.08399999886751175 0.0 0.08399999886751175 0.09539330005645752 0.04902326688170433 23.902029037475586 0.038019582629203796 43.99346160888672
3 0.05101403594017029 20.8885440826416 0.03301502391695976 54.83750915527344 0.04101060703396797 37.96253967285156 0.08500494807958603 1.2296233177185059
3 0.08500000089406967 0.0 0.05201360583305359 21.530614852905273 0.06200096383690834 10.868081092834473 0.05201079323887825 22.020780563354492
3 0.05201587826013565 23.69574546813965 0.06500072032213211 8.871855735778809 0.050014980137348175 26.636110305786133 0.042013805359601974 41.105411529541016
3 0.07100258022546768 3.4920687675476074 0.0770006850361824 1.5924232006072998 0.07303763926029205 2.7024433612823486 0.05900786444544792 13.831133842468262
4 0.08100079745054245 0.44707268476486206 0.031032906845211983 66.8037338256836 0.06400001049041748 12.005180358886719 0.06500168144702911 10.825390815734863
3 0.04904898628592491 26.325965881347656 0.08299999684095383 0.9460662603378296 0.07000470906496048 5.450162410736084 0.057009488344192505 17.169546127319336
3 0.08100119233131409 0.845142126083374 0.06401828676462173 10.28279972076416 0.03102574683725834 61.99380111694336 0.04898419231176376 26.35956573486328
4 0.040024034678936005 63.93391418457031 0.0680096447467804 9.173463821411133 0.05700309947133064 24.27027130126953 0.044023867696523666 51.84231948852539
1 0.07900000363588333 0.0 0.07102297991514206 1.4664175510406494 0.05500052124261856 7.6652350425720215 0.048007287085056305 13.97093391418457
3 0.05800002068281174 13.743800163269043 0.036024514585733414 47.80112838745117 0.05000605434179306 23.22898292541504 0.08299999684095383 1.1275947093963623
2 0.04904432222247124 17.0645694732666 0.04900632053613663 17.01510238647461 0.07300539314746857 1.733259916305542 0.03201741725206375 41.38225555419922
2 0.04501982033252716 23.16121482849121 0.0450085774064064 21.7791805267334 0.04800824075937271 18.232419967651367 0.07599999755620956 0.762258768081665
3 0.08500000089406967 0.0 0.04702973738312721 32.746299743652344 0.06300147622823715 11.73656940460205 0.053011275827884674 22.813480377197266
1 0.07699999958276749 1.1552373170852661 0.05900387838482857 8.015949249267578 0.03902651369571686 25.887697219848633 0.04100720211863518 23.134634017944336
4 0.04501840099692345 48.271629333496094 0.04102105647325516 59.41456604003906 0.041022006422281265 59.603939056396484 0.03303168714046478 84.83476257324219
4 0.047007620334625244 37.82785415649414 0.06501460075378418 9.997762680053711 0.04301169514656067 46.26128005981445 0.0620114728808403 13.669266700744629
2 0.06500773131847382 6.979977130889893 0.08100000023841858 1.0857857465744019 0.0470450185239315 25.252849578857422 0.03203151375055313 55.51234436035156
3 0.08500000089406967 0.0 0.07701960951089859 1.5156034231185913 0.04399973899126053 34.81196212768555 0.03202887997031212 66.85997772216797
3 0.05999999865889549 13.261857986450195 0.04601261764764786 31.43552589416504 0.03801606968045235 46.988441467285156 0.04401622712612152 34.99099349975586
3 0.05200917273759842 25.863140106201172 0.08200003951787949 1.402045488357544 0.07100028544664383 4.574956893920898 0.07100169360637665 4.889684677124023
3 0.0490434393286705 26.680744171142578 0.07400002330541611 2.594097137451172 0.06999970972537994 4.7997565269470215 0.0660059005022049 8.102848052978516
1 0.06400033086538315 4.303558826446533 0.07199999690055847 1.1199443340301514 0.05600105971097946 7.873134136199951 0.04700471833348274 13.187600135803223
1 0.07600035518407822 0.7174124717712402 0.049001168459653854 9.810503005981445 0.046001989394426346 10.963193893432617 0.06199999898672104 3.482755184173584
1 0.056004203855991364 9.46076488494873 0.030014805495738983 35.68761444091797 0.07400186359882355 0.9465817809104919 0.06400207430124283 4.833984375
1 0.05895020440220833 6.040874004364014 0.07100077718496323 1.6241869926452637 0.05700249969959259 6.23481559753418 0.06000092998147011 6.03085994720459
2 0.04301433637738228 30.524372100830078 0.034012507647275925 42.600982666015625 0.06001479551196098 8.80504035949707 0.07700058072805405 0.871958315372467
3 0.07599999755620956 1.3655918836593628 0.0500105582177639 24.086061477661133 0.07300090044736862 2.3837897777557373 0.03802523761987686 45.21638870239258
4 0.04700476676225662 40.708106994628906 0.06800111383199692 8.191746711730957 0.08000113070011139 0.8088181018829346 0.08100000023841858 1.5752551555633545
3 0.08399999886751175 0.0 0.06600768119096756 8.610751152038574 0.04301145672798157 41.531795501708984 0.030041150748729706 75.72390747070312
1 0.04601573571562767 11.674897193908691 0.04800187796354294 11.623488426208496 0.07200015336275101 0.9832714796066284 0.03500746563076973 23.065200805664062
2 0.07400546967983246 1.8465193510055542 0.04600454121828079 22.534482955932617 0.04300843924283981 27.244338989257812 0.05100887641310692 17.15862464904785
3 0.07800000160932541 1.3304095268249512 0.040016818791627884 50.04548263549805 0.05601775646209717 19.220754623413086 0.08000734448432922 1.3849934339523315
2 0.04501032084226608 28.615100860595703 0.04301345348358154 32.207054138183594 0.04701012745499611 0.0 0.03403334692120552 50.498809814453125
3 0.07100233435630798 3.0775256156921387 0.070003442466259 4.379044532775879 0.04702514782547951 27.888839721679688 0.07800282537937164 1.0145198106765747
2 0.05502636358141899 7.819371700286865 0.054005369544029236 12.27480697631836 0.03302082046866417 37.18278884887695 0.07999999821186066 0.5733707547187805
3 0.03501302748918533 52.89463424682617 0.05000526085495949 25.053651809692383 0.04301286116242409 36.30833435058594 0.04601295664906502 30.898021697998047
4 0.06496812403202057 11.925027847290039 0.06900227814912796 7.4171013832092285 0.041958555579185486 53.02523422241211 0.06300132721662521 13.659294128417969
3 0.042044200003147125 39.69490051269531 0.0690007209777832 5.294238567352295 0.050009164959192276 26.369016647338867 0.07400000095367432 2.361435651779175
4 0.08399999886751175 0.29926881194114685 0.05002586171030998 34.565670013427734 0.0670069083571434 9.335040092468262 0.06900116801261902 7.597212314605713
4 0.033023908734321594 70.81468963623047 0.04803404584527016 37.982147216796875 0.039018336683511734 61.640235900878906 0.06600882112979889 10.36681079864502
1 0.0580027773976326 4.515009880065918 0.04197065159678459 13.27614688873291 0.08500000089406967 0.0 0.06300994008779526 2.702519655227661
3 0.05701826140284538 18.380779266357422 0.059003960341215134 15.95219612121582 0.03603992238640785 59.1489372253418 0.07500000298023224 2.10925555229187
2 0.0639723688364029 7.352349281311035 0.07900049537420273 0.5907139778137207 0.043017663061618805 32.55398178100586 0.0380171537399292 41.799198150634766
4 0.07100358605384827 5.327029705047607 0.0320281982421875 76.21289825439453 0.07100080698728561 4.543487548828125 0.03103845752775669 78.11483764648438
1 0.030002446845173836 35.061012268066406 0.07301650941371918 2.6374752521514893 0.07999999821186066 0.3040882647037506 0.04000556096434593 21.09490203857422
1 0.03401399403810501 26.039350509643555 0.05300069600343704 9.866557121276855 0.034025538712739944 26.865013122558594 0.04900653660297394 12.402610778808594
3 0.038026005029678345 56.35810852050781 0.0740000531077385 2.8606247901916504 0.07900043576955795 1.5574336051940918 0.07800096273422241 1.6294957399368286
1 0.06000693142414093 4.080833435058594 0.04500411078333855 13.785454750061035 0.04700256511569023 12.349879264831543 0.07600026577711105 0.6574516892433167
2 0.058013156056404114 13.2415771484375 0.0780211091041565 0.8221573829650879 0.07800030708312988 0.979110598564148 0.05900668725371361 11.542576789855957
2 0.05502568557858467 12.158210754394531 0.06800008565187454 4.259164333343506 0.07800000160932541 0.935605525970459 0.06600040197372437 4.617753028869629
1 0.07199999690055847 1.140258550643921 0.05600101128220558 7.74945592880249 0.06701473146677017 2.7625930309295654 0.03802012652158737 18.93239974975586
2 0.05300092697143555 15.191336631774902 0.06500355154275894 5.833748817443848 0.07500000298023224 1.2464797496795654 0.06500238180160522 5.736651420593262
4 0.04001893475651741 63.80921173095703 0.08399999886751175 0.0 0.05201008915901184 33.00132369995117 0.055010899901390076 27.11899185180664
3 0.0480031855404377 28.651487350463867 0.0410144180059433 41.33515930175781 0.040018029510974884 43.14849090576172 0.0560038760304451 17.72439956665039
2 0.051000695675611496 14.979513168334961 0.03900734335184097 26.879472732543945 0.03101331554353237 39.93687438964844 0.05701286345720291 9.154759407043457
1 0.0430077388882637 13.075860977172852 0.04500231891870499 11.483741760253906 0.06600069254636765 3.0872137546539307 0.08299999684095383 0.0
4 0.05900883302092552 16.645029067993164 0.0820000022649765 1.0574226379394531 0.04601247236132622 38.131126403808594 0.05201160907745361 26.858898162841797
2 0.033022526651620865 35.47279357910156 0.07699999958276749 1.182472825050354 0.07200179249048233 1.6403717994689941 0.06600476801395416 4.476510047912598
2 0.07699999958276749 1.0685248374938965 0.07900000363588333 0.8616864681243896 0.05797412618994713 12.298283576965332 0.048010215163230896 23.069034576416016
3 0.06600593775510788 6.051580429077148 0.06400460004806519 8.34933090209961 0.055005136877298355 16.63129997253418 0.0590030774474144 12.854641914367676
1 0.06500016152858734 2.0966224670410156 0.0580010786652565 5.69683837890625 0.07696084678173065 0.6841055750846863 0.03402050957083702 22.65443229675293
4 0.036037903279066086 73.27313232421875 0.07404696196317673 3.572740077972412 0.04801269620656967 40.903812408447266 0.033026598393917084 81.72431945800781
1 0.04200531542301178 11.086974143981934 0.048006102442741394 9.928423881530762 0.08000315725803375 0.0 0.07203370332717896 0.7950319647789001
1 0.06700047105550766 4.032196044921875 0.0450059212744236 17.520078659057617 0.05500076338648796 8.703965187072754 0.073950856924057 0.9718316197395325
3 0.06501422077417374 9.320327758789062 0.04401823878288269 36.69962692260742 0.04501084238290787 34.41337966918945 0.08100038021802902 0.14514943957328796
3 0.04001390561461449 38.08543014526367 0.07100491970777512 3.6411795616149902 0.030027080327272415 59.712215423583984 0.05400528386235237 18.740259170532227
3 0.045002490282058716 30.10582733154297 0.04600846767425537 0.0 0.05800812318921089 14.00940990447998 0.072004035115242 2.975399971008301
4 0.0320272259414196 77.06573486328125 0.06600145250558853 10.992985725402832 0.04401558265089989 45.40373992919922 0.04202057048678398 50.34654998779297
3 0.046997927129268646 29.92729949951172 0.06500857323408127 9.043588638305664 0.07900042831897736 0.7551872134208679 0.07500095665454865 2.0739784240722656
4 0.049031175673007965 37.28136444091797 0.049013808369636536 36.56233596801758 0.0820000022649765 0.0 0.04501264914870262 45.890316009521484
2 0.05400000140070915 12.785250663757324 0.04201158136129379 26.2249755859375 0.05800112336874008 11.424636840820312 0.0780215933918953 0.755865752696991
2 0.04800961911678314 16.94127655029297 0.08000219613313675 0.8436529636383057 0.0680001899600029 3.966562032699585 0.042006395757198334 24.505897521972656
2 0.0470195934176445 21.996719360351562 0.07000303268432617 3.8610949516296387 0.04001103714108467 34.02669906616211 0.03404267132282257 45.59101104736328
4 0.0310308039188385 90.12394714355469 0.05801183357834816 21.16679573059082 0.08500000089406967 1.1539987325668335 0.07000038027763367 7.018256664276123
2 0.051000770181417465 21.857824325561523 0.03201457858085632 54.7635383605957 0.0380183681845665 41.64462661743164 0.0400126688182354 37.879554748535156
2 0.06700000166893005 5.231805801391602 0.06000471115112305 9.880199432373047 0.07500071823596954 1.5255571603775024 0.062004756182432175 7.055599689483643
2 0.07599999755620956 1.442433476448059 0.06300399452447891 7.889436721801758 0.04200548678636551 31.77947235107422 0.05000844970345497 20.96902084350586
1 0.07999999821186066 0.38704994320869446 0.047041792422533035 8.320321083068848 0.08300535380840302 0.0 0.08100000023841858 0.0
1 0.0690004974603653 3.4062745571136475 0.045016489923000336 19.114017486572266 0.030011888593435287 40.150177001953125 0.05700729787349701 10.281072616577148
2 0.07599999755620956 1.4261590242385864 0.06500086188316345 4.694543361663818 0.0480053685605526 18.51005744934082 0.04400705546140671 22.575666427612305
4 0.06800001114606857 8.853607177734375 0.0780000239610672 1.5175787210464478 0.06900104135274887 7.543760299682617 0.05102710425853729 31.415096282958984
1 0.035012487322092056 29.532835006713867 0.0729999989271164 0.9962521195411682 0.06000363081693649 7.873183250427246 0.030013419687747955 36.274078369140625
3 0.07100321352481842 5.288156032562256 0.05800953879952431 17.912235260009766 0.07301151752471924 3.070971727371216 0.04300917312502861 43.52627182006836
1 0.060953378677368164 5.636564254760742 0.04600365087389946 13.79841423034668 0.05200701951980591 9.794670104980469 0.06100121885538101 5.178934574127197
2 0.052002958953380585 14.614431381225586 0.0590013712644577 10.759010314941406 0.054005254060029984 15.877705574035645 0.03002805821597576 52.18566131591797
2 0.037012744694948196 39.07120895385742 0.0560089536011219 13.917387962341309 0.0460115447640419 24.777719497680664 0.05200716480612755 17.426315307617188
1 0.06900086998939514 2.1182985305786133 0.03500648960471153 19.907621383666992 0.03700512275099754 33.45444107055664 0.033007554709911346 21.830263137817383
3 0.07199999690055847 3.5419976711273193 0.054014284163713455 21.773754119873047 0.05201096832752228 25.275611877441406 0.05800764262676239 16.590524673461914
4 0.07599999755620956 3.15340518951416 0.04001866653561592 64.3008804321289 0.03902706876397133 68.0069580078125 0.062001604586839676 16.501312255859375
3 0.049049828201532364 28.09182357788086 0.07699999958276749 2.0538570880889893 0.05900144949555397 16.351585388183594 0.05500594154000282 21.815610885620117
3 0.08300408720970154 0.0 0.03901204094290733 42.586334228515625 0.07999999821186066 1.6252739429473877 0.030029617249965668 69.50575256347656
2 0.06800283491611481 4.94972038269043 0.047038037329912186 24.528249740600586 0.04501181095838547 28.03689193725586 0.08000088483095169 1.003394603729248
1 0.06800699979066849 2.2805817127227783 0.05500485375523567 11.120940208435059 0.06900057196617126 2.4631688594818115 0.08000007271766663 0.3926444351673126
1 0.044015273451805115 18.444561004638672 0.07300000637769699 1.3996409177780151 0.03698413074016571 25.779577255249023 0.06202405318617821 6.530570983886719
1 0.07900000363588333 0.2710917294025421 0.03202043101191521 22.994815826416016 0.052000388503074646 8.076345443725586 0.045005571097135544 12.516864776611328
4 0.056004058569669724 23.778297424316406 0.05201100558042526 30.860919952392578 0.044019557535648346 48.103057861328125 0.07100056111812592 5.515778064727783
1 0.05100002512335777 9.576292991638184 0.06500256806612015 3.8072588443756104 0.040005624294281006 19.829927444458008 0.07900068908929825 0.7367706894874573
1 0.05299999937415123 13.431401252746582 0.06800176948308945 2.948561429977417 0.040004946291446686 24.360816955566406 0.05200667306780815 13.713373184204102
3 0.07001502066850662 3.4842095375061035 0.06600083410739899 7.192101001739502 0.06299591064453125 9.659881591796875 0.07800062745809555 0.8461893796920776
1 0.054001063108444214 11.093518257141113 0.03901030868291855 23.442155838012695 0.03201037645339966 32.45981216430664 0.0660063698887825 2.643491506576538
2 0.06001861020922661 8.094544410705566 0.06300117075443268 7.296213626861572 0.05800354480743408 10.584519386291504 0.05600601062178612 12.609040260314941
1 0.05600028857588768 7.143134117126465 0.04199356213212013 15.14799690246582 0.03700839728116989 17.805992126464844 0.058021180331707 5.230462074279785
2 0.06800713390111923 3.425229787826538 0.061000000685453415 7.2647528648376465 0.07500027865171432 1.0148413181304932 0.03701690584421158 29.90262222290039
1 0.07900000363588333 0.27056390047073364 0.04700141400098801 10.084485054016113 0.03600369393825531 17.85753631591797 0.08500000089406967 0.0
2 0.04300904646515846 21.61881446838379 0.07100000232458115 3.097346067428589 0.03701307252049446 29.99664306640625 0.08500000089406967 0.0
1 0.061990026384592056 3.942621946334839 0.06499999761581421 2.3718795776367188 0.048007458448410034 9.844182968139648 0.052001286298036575 8.546703338623047
4 0.07000065594911575 7.30247688293457 0.035033006221055984 80.84882354736328 0.03602716326713562 76.92230224609375 0.04601811245083809 48.051055908203125
2 0.03802841156721115 39.99195098876953 0.04701101407408714 24.67153549194336 0.0570012703537941 13.117889404296875 0.054004404693841934 16.965415954589844
4 0.06499999761581421 11.310194969177246 0.0850050151348114 0.6534298658370972 0.05601392313838005 23.161808013916016 0.04801133647561073 37.30850601196289
1 0.05300458148121834 8.249485969543457 0.04100210964679718 14.750178337097168 0.0689999982714653 0.9819066524505615 0.07699999958276749 0.4152940511703491
3 0.057000044733285904 17.525564193725586 0.07504057139158249 1.977929949760437 0.07400111109018326 2.398674726486206 0.07700085639953613 1.5621389150619507
2 0.08399999886751175 0.0 0.06700438261032104 4.766867637634277 0.060003675520420074 10.491048812866211 0.06000388413667679 10.239980697631836
4 0.06700048595666885 9.444132804870605 0.037019163370132446 69.2105712890625 0.05901195481419563 19.44642448425293 0.057010095566511154 22.60063934326172
4 0.05000713840126991 35.86571502685547 0.04002641513943672 61.61601257324219 0.034027568995952606 81.34785461425781 0.04801832139492035 39.924381256103516
4 0.08300416171550751 1.2287371158599854 0.0619746595621109 15.832101821899414 0.05600764974951744 25.212278366088867 0.046020735055208206 46.298980712890625
2 0.06900045275688171 2.9604766368865967 0.0780000314116478 0.9933527708053589 0.041009094566106796 27.626192092895508 0.05500335246324539 12.733980178833008
2 0.040017664432525635 32.6751708984375 0.03401481732726097 44.531410217285156 0.07900000363588333 0.8733226656913757 0.0820000022649765 0.13268162310123444
4 0.07502579689025879 3.0394301414489746 0.06097084656357765 15.945408821105957 0.0440082810819149 47.81978225708008 0.03801918774843216 64.22463989257812
4 0.0610104575753212 16.8438777923584 0.05700678750872612 22.78645896911621 0.08000028878450394 1.9518775939941406 0.03801995888352394 65.22952270507812
1 0.046007946133613586 11.649147987365723 0.07300741970539093 0.5667107105255127 0.05200556293129921 8.58346176147461 0.06200004369020462 4.534821510314941
3 0.06400007754564285 11.922033309936523 0.0700024962425232 5.548006057739258 0.03196839615702629 77.04569244384766 0.054002441465854645 22.335519790649414
2 0.03501543030142784 46.64211654663086 0.05600114166736603 13.674023628234863 0.05500752478837967 15.736478805541992 0.07400021702051163 1.875064730644226
3 0.032017167657613754 56.383827209472656 0.07000542432069778 4.06439208984375 0.0700015053153038 4.241457939147949 0.06800355762243271 5.6584577560424805
2 0.03401963785290718 34.279685974121094 0.06700018048286438 2.656736135482788 0.06500256061553955 4.844379425048828 0.05200658738613129 12.50271987915039
3 0.0320245623588562 67.3003158569336 0.050025731325149536 28.785818099975586 0.031027669087052345 70.95658874511719 0.03802122175693512 53.33009338378906
1 0.040958222001791 14.621991157531738 0.08399999886751175 0.0 0.04200850427150726 14.937248229980469 0.04000736400485039 14.994303703308105
2 0.06600463390350342 5.224940776824951 0.07599999755620956 1.2973692417144775 0.07201141864061356 2.2255001068115234 0.06300089508295059 6.573103427886963
2 0.03204802796244621 43.13842010498047 0.0730244517326355 1.5877996683120728 0.03695635497570038 34.26948547363281 0.07699082046747208 1.215814232826233
2 0.03701277822256088 31.251962661743164 0.04200919345021248 23.71246337890625 0.06200007349252701 7.036538600921631 0.0570036917924881 10.45844554901123
2 0.043014153838157654 31.012210845947266 0.06600126624107361 4.708062648773193 0.0820000022649765 0.15373782813549042 0.04598606377840042 23.237686157226562
4 0.07800532132387161 2.3534934520721436 0.06000177189707756 17.403240203857422 0.052008554339408875 30.806005477905273 0.049012865871191025 36.86530303955078
2 0.08300407230854034 0.0 0.04600784182548523 27.693613052368164 0.04900939017534256 22.693689346313477 0.03901902958750725 39.08718490600586
4 0.07800581306219101 2.5213682651519775 0.08000043779611588 1.4412530660629272 0.07400120794773102 3.3774800300598145 0.044028472155332565 50.48480987548828
3 0.039020560681819916 46.40749740600586 0.08200033754110336 0.33722665905952454 0.07800064235925674 1.269507884979248 0.04101519286632538 40.263240814208984
2 0.074029840528965 1.8661092519760132 0.07400069385766983 1.9503686428070068 0.05800240486860275 12.3091459274292 0.05200507491827011 19.5162353515625
4 0.04103412851691246 60.79160690307617 0.036029692739248276 76.18148040771484 0.03203118219971657 90.45122528076172 0.08299999684095383 0.5547513365745544
2 0.05700463801622391 10.813082695007324 0.06800535321235657 4.471601486206055 0.07600022107362747 1.0467264652252197 0.07100790739059448 2.67482328414917
2 0.05102304741740227 18.315515518188477 0.0670003816485405 5.877898693084717 0.03301308676600456 46.06342315673828 0.046007491648197174 24.613142013549805
4 0.030034933239221573 89.96119689941406 0.07200849801301956 4.649362087249756 0.04900805652141571 36.700477600097656 0.03702978789806366 69.0733413696289
2 0.07100199162960052 3.5143649578094482 0.0820000022649765 0.49326711893081665 0.030041847378015518 57.40688705444336 0.06300017982721329 9.109081268310547
3 0.08000001311302185 1.7570551633834839 0.07400089502334595 2.814993143081665 0.05002058297395706 28.582197189331055 0.058008402585983276 17.200153350830078
1 0.04700736328959465 11.404717445373535 0.04400314763188362 13.96125316619873 0.07500000298023224 0.47259047627449036 0.038011156022548676 20.070566177368164
3 0.06200125440955162 9.821244239807129 0.03002241998910904 61.921653747558594 0.06900030374526978 6.853121757507324 0.050008997321128845 23.10996437072754
2 0.07000105828046799 2.530867576599121 0.07699999958276749 0.8790962100028992 0.04100361466407776 24.490169525146484 0.03800881281495094 29.12722396850586
3 0.04302263632416725 42.93038558959961 0.05101554095745087 27.853864669799805 0.04801103100180626 32.85404586791992 0.07000067830085754 5.747509956359863
1 0.0820000022649765 0.0 0.038006678223609924 24.928829193115234 0.05601802468299866 9.162215232849121 0.05000187084078789 12.70556926727295
1 0.07999999821186066 0.2547210156917572 0.05300069972872734 8.587106704711914 0.0820000022649765 0.0 0.04501410201191902 14.638666152954102
2 0.049044281244277954 16.982524871826172 0.07300606369972229 1.7125797271728516 0.041003625839948654 26.228334426879883 0.047009389847517014 19.23335838317871
3 0.07599999755620956 1.3783200979232788 0.058000996708869934 12.86153507232666 0.048011697828769684 25.269258499145508 0.06700336188077927 6.745029926300049
3 0.07100310176610947 5.256327152252197 0.07000434398651123 5.579399585723877 0.08200063556432724 1.079838752746582 0.05000758916139603 27.955121994018555
1 0.06800037622451782 1.6449353694915771 0.07100000232458115 1.0341176986694336 0.07500000298023224 0.5780143141746521 0.04603426158428192 12.76590633392334
2 0.050001151859760284 17.720714569091797 0.04100988432765007 30.02571678161621 0.03901388496160507 33.8549690246582 0.0820000022649765 0.0
3 0.039020899683237076 46.405765533447266 0.06198124960064888 11.288690567016602 0.052975159138441086 22.630462646484375 0.05500542372465134 19.01204490661621
3 0.05400211364030838 21.845352172851562 0.04801122471690178 31.24818229675293 0.07900000363588333 1.0538480281829834 0.06600368767976761 8.3560209274292
3 0.030029987916350365 62.5651741027832 0.061001528054475784 10.449655532836914 0.038015227764844894 43.955078125 0.06200128793716431 8.807703971862793
2 0.06400002539157867 6.833588600158691 0.07400000095367432 1.5234405994415283 0.040034327656030655 29.841468811035156 0.07200024276971817 2.019068479537964
2 0.08499851822853088 0.0 0.0800013616681099 0.2708515226840973 0.07800037413835526 0.7007496953010559 0.03197772428393364 40.804656982421875
3 0.03902057185769081 46.93207931518555 0.06000087037682533 14.095009803771973 0.03502178192138672 57.971736907958984 0.06900058686733246 5.29192590713501
3 0.05400736629962921 20.983400344848633 0.0820000022649765 0.4389853775501251 0.08000040799379349 1.0367518663406372 0.04901120066642761 29.134117126464844
4 0.060002196580171585 17.748355865478516 0.07500457763671875 3.110194444656372 0.040025461465120316 60.902549743652344 0.08100000023841858 0.6313359141349792
3 0.038020528852939606 52.32220458984375 0.05202329531311989 25.316762924194336 0.07900000363588333 1.0703328847885132 0.040040116757154465 49.77743148803711
1 0.03401118889451027 32.49198532104492 0.04101034626364708 23.40945816040039 0.055953118950128555 10.444817543029785 0.040017176419496536 24.147422790527344
4 0.07800000160932541 2.080080509185791 0.04800952225923538 36.787899017333984 0.03701925277709961 63.592689514160156 0.07000084966421127 5.914248466491699
1 0.048000268638134 9.562029838562012 0.05400385707616806 5.984200477600098 0.04201699048280716 11.993027687072754 0.07199999690055847 1.20488440990448
2 0.08100070804357529 1.0876832008361816 0.053020089864730835 18.44578742980957 0.08299999684095383 0.0 0.07400091737508774 1.9077973365783691
4 0.06900618225336075 7.4324469566345215 0.08400046825408936 0.7333477735519409 0.05200784280896187 31.223743438720703 0.05101431533694267 31.686561584472656
4 0.0560016967356205 25.009368896484375 0.050011180341243744 35.786067962646484 0.0729999989271164 3.9664676189422607 0.052025966346263885 32.38625717163086
2 0.08300405740737915 0.11965238302946091 0.06397099047899246 6.826969146728516 0.06200464442372322 8.293156623840332 0.03403235971927643 41.98039245605469
3 0.047015778720378876 34.785091400146484 0.07999999821186066 0.8051146864891052 0.03602764755487442 60.02229690551758 0.0770014300942421 2.3480629920959473
3 0.03603477030992508 54.99521255493164 0.0520072765648365 25.237743377685547 0.06400617212057114 10.57209300994873 0.05201159417629242 24.689538955688477
3 0.030025353655219078 67.88642883300781 0.07700350880622864 1.7259089946746826 0.08100040256977081 0.9876731038093567 0.07900068908929825 1.014336347579956
4 0.038029588758945465 70.4267578125 0.052015576511621475 33.576168060302734 0.03503962606191635 80.60274505615234 0.031031958758831024 90.81726837158203
2 0.030017992481589317 57.49153137207031 0.07697059959173203 1.1267553567886353 0.0689939334988594 4.847592353820801 0.04700717329978943 25.745140075683594
3 0.04700841009616852 28.688026428222656 0.07100000232458115 4.188632965087891 0.06500108540058136 7.870055198669434 0.03702447935938835 46.94309616088867
1 0.08100000023841858 0.0 0.034006308764219284 32.616458892822266 0.058000583201646805 8.512208938598633 0.05900079756975174 7.8429975509643555
2 0.04600876197218895 18.152080535888672 0.048004232347011566 17.113203048706055 0.03502446413040161 33.76301193237305 0.06300078332424164 4.8575758934021
4 0.07401093095541 3.1359171867370605 0.0390162467956543 55.84036636352539 0.08299999684095383 0.0 0.06100087612867355 14.84778881072998
2 0.03501475974917412 41.08543395996094 0.07199999690055847 2.4630348682403564 0.040018580853939056 33.600379943847656 0.06400050222873688 8.5543851852417
4 0.04001905024051666 52.90530776977539 0.05503235384821892 22.11874771118164 0.06901046633720398 6.493868827819824 0.07000090926885605 5.740114212036133
2 0.05502472072839737 18.12027931213379 0.05700366199016571 13.91278076171875 0.07200271636247635 2.7092576026916504 0.05200958251953125 18.167776107788086
1 0.06499999761581421 1.7072594165802002 0.054000429809093475 4.986568927764893 0.05798797681927681 3.978631019592285 0.07000000029802322 1.0026739835739136
1 0.06800004839897156 1.7697170972824097 0.07400000095367432 1.091167688369751 0.051005758345127106 9.06248950958252 0.07900000363588333 0.45405513048171997
3 0.03603017330169678 47.56157302856445 0.0850277841091156 0.0 0.042004939168691635 35.02278137207031 0.08196918666362762 0.7099417448043823
3 0.05502650514245033 17.467479705810547 0.03503381833434105 52.03438186645508 0.04001612216234207 41.404075622558594 0.08100000023841858 1.5180529356002808
2 0.033015020191669464 39.18928527832031 0.05300142616033554 13.519405364990234 0.08100000023841858 0.6560395956039429 0.03301128000020981 38.886383056640625
2 0.06800634413957596 3.000636577606201 0.04101526737213135 25.17836570739746 0.07900000363588333 0.924126386642456 0.06600209325551987 5.287713050842285
1 0.05503815785050392 6.5552473068237305 0.03600713610649109 19.1484432220459 0.08399999886751175 0.05790213868021965 0.041009292006492615 15.270469665527344
3 0.03402883559465408 59.43251419067383 0.04301966726779938 38.54776382446289 0.034017663449048996 59.42688751220703 0.05502070486545563 18.992843627929688
3 0.04001021012663841 42.898353576660156 0.07100250571966171 3.8900599479675293 0.08398359268903732 0.0 0.04400979354977608 34.6218147277832
1 0.0570000521838665 9.084813117980957 0.05500544607639313 10.846999168395996 0.053005948662757874 12.175838470458984 0.07400061935186386 1.3026210069656372
1 0.03302311152219772 27.98478126525879 0.05300075188279152 8.406184196472168 0.04800403118133545 13.537920951843262 0.03700936958193779 23.28230857849121
2 0.03202435001730919 45.76677703857422 0.04700810834765434 21.20693016052246 0.06600216776132584 4.907461166381836 0.036015599966049194 37.942649841308594
3 0.0360332652926445 53.096168518066406 0.0579996258020401 15.965655326843262 0.04501614347100258 35.60755157470703 0.07402024418115616 2.348112106323242
1 0.048049237579107285 12.698747634887695 0.0370061993598938 19.71381950378418 0.03101072460412979 27.18644905090332 0.07200036197900772 0.9635728597640991
3 0.07999999821186066 1.407562494277954 0.08399999886751175 0.20744292438030243 0.07000287622213364 3.906604051589966 0.03301902115345001 54.64422607421875
2 0.06800009310245514 3.7428572177886963 0.07000038772821426 2.7361204624176025 0.04200606048107147 26.656177520751953 0.07100027054548264 2.1105246543884277
2 0.03802154213190079 29.911909103393555 0.06900002062320709 3.984750747680664 0.0580042265355587 9.533177375793457 0.02995114028453827 42.066654205322266
3 0.04601890966296196 37.28682327270508 0.05303438380360603 24.09571647644043 0.04901130124926567 31.051162719726562 0.031026234850287437 74.40233612060547
3 0.07800000160932541 0.9121700525283813 0.052006445825099945 23.438188552856445 0.04501241073012352 35.64811325073242 0.05600650981068611 18.229276657104492
1 0.056003637611866 9.260395050048828 0.05800049751996994 7.516073703765869 0.057005010545253754 8.213729858398438 0.07100103050470352 1.9596586227416992
3 0.032029662281274796 70.96929168701172 0.03502614051103592 62.420284271240234 0.07602661848068237 2.3425724506378174 0.03504050523042679 64.20708465576172
4 0.08198784291744232 1.4113311767578125 0.04902450367808342 33.80378723144531 0.07401176542043686 3.19789719581604 0.0790005624294281 1.6620256900787354
4 0.042023248970508575 48.08052444458008 0.04401453584432602 43.787574768066406 0.041017960757017136 50.75455093383789 0.08500000089406967 0.0
2 0.04500212520360947 25.462568283081055 0.04800930246710777 21.273759841918945 0.05400502681732178 14.566238403320312 0.08399999886751175 0.0
1 0.05700024962425232 5.250685214996338 0.05100351572036743 9.085334777832031 0.031017087399959564 24.60612678527832 0.0680355355143547 3.283794403076172
2 0.04600858688354492 18.31688117980957 0.0729999989271164 1.3446779251098633 0.0400097593665123 25.157392501831055 0.06897776573896408 2.2531228065490723
3 0.05300212651491165 22.90511703491211 0.05201105400919914 24.058324813842773 0.07999999821186066 0.15784482657909393 0.0710005834698677 4.389713764190674
3 0.06402172148227692 10.085046768188477 0.05800185352563858 14.940271377563477 0.07600127905607224 1.9291698932647705 0.056008338928222656 16.120033264160156
1 0.04201892763376236 10.903946876525879 0.06400009244680405 3.2982218265533447 0.05800395458936691 4.2570977210998535 0.05700364336371422 4.773686408996582
2 0.03401736915111542 44.50558090209961 0.03301815316081047 46.12885665893555 0.04900766536593437 21.09562873840332 0.05900086835026741 10.77260971069336
2 0.056000005453825 13.471793174743652 0.08399999886751175 0.3015327751636505 0.0630035549402237 8.779908180236816 0.04801127687096596 24.203876495361328
2 0.062000520527362823 7.32475471496582 0.044007521122694016 23.731454849243164 0.07500000298023224 1.0429248809814453 0.03701271116733551 34.19456100463867
3 0.07900000363588333 1.6403285264968872 0.06400048732757568 8.640687942504883 0.0760011225938797 1.8776482343673706 0.07400102913379669 2.1682348251342773
4 0.05700213089585304 22.39609146118164 0.06000751629471779 17.982330322265625 0.05900931730866432 18.524560928344727 0.03603702038526535 71.83032989501953
1 0.048030875623226166 14.083792686462402 0.050002824515104294 11.599143028259277 0.04400387033820152 16.56382179260254 0.047006335109472275 13.721823692321777
3 0.08201656490564346 1.2355222702026367 0.03102320060133934 69.34937286376953 0.03601992130279541 49.609352111816406 0.07999999821186066 0.14696738123893738
3 0.03804061561822891 45.969970703125 0.06695565581321716 7.055102825164795 0.07400079816579819 2.4258248805999756 0.062001556158065796 10.180238723754883
4 0.061009980738162994 15.658991813659668 0.0740002691745758 3.265385627746582 0.08100048452615738 1.5280224084854126 0.04103041812777519 54.5744514465332
2 0.05101437121629715 18.44809913635254 0.06400036066770554 8.045675277709961 0.04201291874051094 30.586254119873047 0.045010846108198166 25.611295700073242
2 0.07502544671297073 1.717422366142273 0.047989360988140106 24.654951095581055 0.07199999690055847 2.266394853591919 0.05700187012553215 13.149489402770996
4 0.08500000089406967 1.2285524606704712 0.034030988812446594 81.50479888916016 0.08100000023841858 1.0191668272018433 0.03103320300579071 76.50528717041016
3 0.04702070727944374 34.71961212158203 0.058004651218652725 16.98046112060547 0.03501902520656586 60.78756332397461 0.08500000089406967 0.0
2 0.05200089514255524 15.71185302734375 0.06300750374794006 7.421278476715088 0.07598287612199783 1.0589487552642822 0.08100000023841858 0.1835944950580597
1 0.054003357887268066 13.328998565673828 0.054004937410354614 10.958467483520508 0.07200047373771667 1.597833514213562 0.06200303137302399 6.845611095428467
3 0.06900927424430847 5.457668781280518 0.054009806364774704 20.153316497802734 0.0490102581679821 26.79684829711914 0.07500075548887253 2.0260937213897705
3 0.07300050556659698 2.623579978942871 0.05900592356920242 13.677168846130371 0.06300295889377594 9.953102111816406 0.04000941663980484 41.9466552734375
4 0.0630011111497879 13.081751823425293 0.05301254987716675 26.582500457763672 0.06201016902923584 13.835700988769531 0.07100261747837067 5.109116554260254
1 0.05200667306780815 6.333940029144287 0.06100999936461449 2.5490615367889404 0.04100996255874634 12.389779090881348 0.05600399523973465 5.678241729736328
3 0.04102518409490585 38.639442443847656 0.07200340926647186 3.213759422302246 0.08100002259016037 0.8418418169021606 0.04596097022294998 29.401689529418945
4 0.04302400350570679 47.418060302734375 0.0790034681558609 1.718680739402771 0.0549926720559597 23.787858963012695 0.044020410627126694 43.95697021484375
1 0.06600304692983627 2.807698965072632 0.0660010427236557 2.0719447135925293 0.05000022053718567 8.259812355041504 0.0500030592083931 8.216991424560547
1 0.060003820806741714 5.401872158050537 0.08000347763299942 0.0 0.041008371859788895 13.188393592834473 0.0350056067109108 19.98638343811035
3 0.03400750085711479 66.63115692138672 0.057009272277355194 18.872920989990234 0.04001224413514137 52.073265075683594 0.03302477300167084 71.33207702636719
4 0.0480138324201107 35.082340240478516 0.06800071150064468 8.498294830322266 0.05301413685083389 26.832143783569336 0.08100000023841858 0.07765036076307297
3 0.07900293916463852 0.8986865878105164 0.06300640106201172 11.599180221557617 0.08400026708841324 0.3057836592197418 0.06900079548358917 5.978367805480957
1 0.04503101855516434 8.734107971191406 0.05200088396668434 5.280246734619141 0.06301631033420563 1.6151480674743652 0.05000271275639534 7.684772968292236
1 0.06300068646669388 2.646487236022949 0.058000680059194565 5.523293972015381 0.03700132295489311 17.718647003173828 0.052002400159835815 7.1462883949279785
4 0.03802861273288727 65.99990844726562 0.07903270423412323 1.537029504776001 0.08299999684095383 1.3493802547454834 0.06201205030083656 15.749197959899902
3 0.03202413395047188 65.80188751220703 0.048012614250183105 30.712980270385742 0.042041245847940445 42.818450927734375 0.036020055413246155 57.6032600402832
1 0.05700425058603287 4.117175579071045 0.07900046557188034 0.20985548198223114 0.06700020283460617 2.4094772338867188 0.0729999989271164 0.5814510583877563
3 0.031032634899020195 64.00469970703125 0.08195661753416061 1.690212368965149 0.07700231671333313 2.2320363521575928 0.046971164643764496 36.129783630371094
1 0.0609523244202137 3.220811367034912 0.06300023943185806 3.7904467582702637 0.05998038500547409 4.98718786239624 0.08100003749132156 0.2050938457250595
3 0.05502636358141899 18.94112777709961 0.07300083339214325 2.6664247512817383 0.055002182722091675 18.624940872192383 0.047991786152124405 28.021812438964844
1 0.04202144965529442 21.143205642700195 0.040010467171669006 22.308069229125977 0.054004330188035965 10.326087951660156 0.054003823548555374 10.125940322875977
3 0.08399999886751175 0.0 0.07900161296129227 1.0011284351348877 0.05301070958375931 18.796506881713867 0.08399999886751175 0.0
2 0.07800000160932541 1.1559263467788696 0.06000376120209694 9.06228256225586 0.05000751465559006 14.8060941696167 0.03199625387787819 39.132652282714844
3 0.048018455505371094 31.398012161254883 0.07199999690055847 4.084825038909912 0.043023865669965744 42.28274917602539 0.06600064039230347 8.166375160217285
1 0.07602404057979584 0.8279780149459839 0.08100000023841858 0.029470937326550484 0.06400564312934875 2.9855728149414062 0.03101309947669506 26.412336349487305
4 0.06201669201254845 14.329188346862793 0.053007446229457855 27.000802993774414 0.031024759635329247 81.51192474365234 0.04501765966415405 42.36726760864258
2 0.0460151769220829 20.146257400512695 0.07000774145126343 1.99443519115448 0.05700528994202614 9.848418235778809 0.06998967379331589 2.659362554550171
3 0.047028861939907074 35.764442443847656 0.04901036247611046 30.449216842651367 0.07795826345682144 2.094047784805298 0.05601459741592407 19.649328231811523
4 0.041017089039087296 59.26416778564453 0.0790044367313385 2.35392427444458 0.07595375180244446 2.713993549346924 0.05501001700758934 26.8758602142334
3 0.08300411701202393 0.0 0.08399999886751175 0.25887537002563477 0.06500084698200226 10.226181030273438 0.04501350596547127 38.7095947265625
1 0.07699999958276749 1.0811469554901123 0.0680001899600029 3.424909830093384 0.06103818118572235 7.212062358856201 0.05100630968809128 13.491098403930664
2 0.066004678606987 5.183000087738037 0.07999999821186066 1.0361354351043701 0.08100000023841858 0.5070813894271851 0.07400064915418625 1.5930532217025757
4 0.05503738671541214 29.953105926513672 0.0540139339864254 28.881446838378906 0.045014943927526474 50.84768295288086 0.037023771554231644 75.18089294433594
2 0.07599999755620956 1.535925269126892 0.05196187645196915 16.116209030151367 0.0640048012137413 6.195197105407715 0.03701286390423775 35.397953033447266
1 0.0740155428647995 0.9834238290786743 0.08399999886751175 0.0 0.0710148885846138 0.924564003944397 0.030008463189005852 21.749866485595703
1 0.07300034910440445 1.002859354019165 0.036018598824739456 20.216629028320312 0.06200064718723297 2.9392104148864746 0.03601913899183273 21.15195655822754
4 0.05901258438825607 16.8715877532959 0.046018000692129135 38.66554260253906 0.03102371282875538 77.80247497558594 0.05698910728096962 19.91657066345215
4 0.08100110292434692 0.7743810415267944 0.07000093162059784 6.586599826812744 0.053994808346033096 27.2908992767334 0.04102539271116257 57.2175407409668
2 0.08399999886751175 0.29628896713256836 0.03401084989309311 35.4874382019043 0.05800086632370949 10.769890785217285 0.06700121611356735 4.007956027984619
4 0.08300415426492691 1.0044331550598145 0.05701284483075142 22.955968856811523 0.05800573527812958 21.1945858001709 0.06000463664531708 18.227914810180664
4 0.07400000095367432 3.653313159942627 0.07097968459129333 6.128258228302002 0.034028518944978714 81.08377838134766 0.07599999755620956 2.7133679389953613
2 0.07200060784816742 2.5943682193756104 0.07200095802545547 2.4587035179138184 0.07300040870904922 2.035210371017456 0.05300825089216232 16.99091148376465
4 0.034025903791189194 87.8658218383789 0.06599999964237213 10.25822925567627 0.03398537263274193 72.69119262695312 0.07497989386320114 2.5671231746673584
2 0.040025655180215836 27.436704635620117 0.07900509238243103 0.8981762528419495 0.06600257754325867 5.6882476806640625 0.05800429731607437 9.314200401306152
2 0.07300552725791931 2.2229576110839844 0.03197703883051872 56.584693908691406 0.040014076977968216 35.48796081542969 0.07700086385011673 1.4163342714309692
4 0.06300032138824463 14.51447582244873 0.03203321620821953 86.92855072021484 0.06500161439180374 12.65187931060791 0.03595733270049095 74.34207916259766
2 0.05400123447179794 13.695887565612793 0.07802232354879379 0.8709794282913208 0.05100233852863312 15.974306106567383 0.03600972518324852 34.29710388183594
2 0.04399519041180611 29.20762062072754 0.07699999958276749 0.774074375629425 0.07000118494033813 3.7079505920410156 0.07900001108646393 1.043447494506836
2 0.08399999886751175 0.1429678052663803 0.06395059823989868 6.802505970001221 0.04500563070178032 22.468578338623047 0.07100015878677368 2.8995823860168457
2 0.05400000140070915 13.243111610412598 0.0360289067029953 31.77123260498047 0.030015092343091965 40.27463912963867 0.062008023262023926 7.073286533355713
3 0.08100103586912155 0.9511235356330872 0.03501554951071739 50.96043395996094 0.0690007135272026 5.386866092681885 0.05700353533029556 15.373612403869629
2 0.04400940239429474 21.638843536376953 0.07999999821186066 0.9923477172851562 0.07200037688016891 1.995516061782837 0.06897476315498352 3.6141111850738525
3 0.05800468102097511 13.659364700317383 0.06601772457361221 7.483697891235352 0.0820000022649765 0.9408172369003296 0.0370156355202198 47.33300018310547
2 0.058004677295684814 9.34557056427002 0.08300513029098511 0.6217109560966492 0.08300022780895233 0.19877691566944122 0.06400013715028763 4.742311954498291
2 0.05600040778517723 12.228962898254395 0.04900437220931053 18.6872501373291 0.07200079411268234 2.1050846576690674 0.05500500649213791 11.703714370727539
1 0.07502492517232895 1.332845687866211 0.057999275624752045 9.643223762512207 0.033017732203006744 34.74118423461914 0.05100507289171219 14.625899314880371
2 0.05200373753905296 15.69881820678711 0.05700355023145676 12.235507011413574 0.04002957418560982 33.92272186279297 0.07999999821186066 0.8887182474136353
4 0.05800364166498184 18.677696228027344 0.0780218169093132 2.1691222190856934 0.031024204567074776 78.95858001708984 0.07500245422124863 2.5174384117126465
3 0.07199999690055847 3.686248779296875 0.07000336796045303 5.206020355224609 0.07100075483322144 4.245784759521484 0.08300023525953293 0.9934052228927612
3 0.05601496994495392 20.50710678100586 0.07898638397455215 1.7755181789398193 0.04401881992816925 41.78102111816406 0.08100000023841858 1.550866961479187
3 0.031031668186187744 75.06733703613281 0.05901122838258743 16.31520652770996 0.059006042778491974 16.64381980895996 0.041013848036527634 49.456146240234375
2 0.055024851113557816 18.196847915649414 0.040013328194618225 36.59767150878906 0.08397133648395538 1.0898432731628418 0.057001225650310516 13.291032791137695
3 0.04904746636748314 28.205236434936523 0.08500084280967712 1.383131742477417 0.053983476012945175 22.88582420349121 0.07398929446935654 2.4557108879089355
3 0.03502235561609268 59.55777359008789 0.08300120383501053 0.6423368453979492 0.038021039217710495 52.812042236328125 0.07500000298023224 2.350429058074951
3 0.062001220881938934 13.217557907104492 0.052969664335250854 24.21373748779297 0.03501863032579422 62.46504211425781 0.03302697464823723 67.25146484375
2 0.06700000166893005 4.431129455566406 0.04900979995727539 19.05551528930664 0.05500409007072449 12.858445167541504 0.034011200070381165 41.0344352722168
4 0.04303569719195366 54.126583099365234 0.04102484509348869 59.656715393066406 0.05902004614472389 20.531530380249023 0.06900100409984589 8.139501571655273
4 0.07502584904432297 3.161360263824463 0.06400829553604126 13.65237808227539 0.08101701736450195 0.7325276732444763 0.03003428690135479 89.8376693725586
4 0.07900118082761765 2.4721264839172363 0.03402578458189964 80.2891616821289 0.03402985259890556 78.63227844238281 0.062014419585466385 16.466339111328125
3 0.03902137279510498 48.414039611816406 0.042022455483675 41.292877197265625 0.0729999989271164 2.75561261177063 0.060007695108652115 13.323498725891113
2 0.03900915011763573 35.442787170410156 0.05000855401158333 19.88219451904297 0.06500203162431717 5.920649528503418 0.041022997349500656 30.639629364013672
3 0.0810004249215126 0.3245692551136017 0.030023258179426193 73.85599517822266 0.03302560746669769 72.6325912475586 0.05801305174827576 16.833053588867188
2 0.054000455886125565 13.512994766235352 0.07500113546848297 1.7436378002166748 0.04601600021123886 23.425168991088867 0.03195866942405701 47.555885314941406
3 0.08195322006940842 1.339491844177246 0.07800079137086868 1.6013981103897095 0.03302706405520439 60.118289947509766 0.07100073248147964 4.2423624992370605
4 0.0820000022649765 0.5120522975921631 0.05400420352816582 29.77659797668457 0.07700089365243912 2.2537472248077393 0.05701226741075516 23.60735321044922
4 0.06600864231586456 9.388904571533203 0.07400140166282654 3.2609989643096924 0.0360293984413147 69.58719635009766 0.08500005304813385 0.0
4 0.06700083613395691 9.43091869354248 0.07900121062994003 1.3353073596954346 0.07503890991210938 2.838982582092285 0.06500587612390518 11.413530349731445
2 0.03401744365692139 49.24753189086914 0.05002434551715851 22.863529205322266 0.03201533481478691 54.85240173339844 0.08000264316797256 0.44759401679039
2 0.04801751673221588 22.111522674560547 0.04400966688990593 28.151350021362305 0.05600857734680176 13.74059009552002 0.05700257048010826 12.822442054748535
4 0.07100362330675125 5.352149486541748 0.04702369496226311 37.195640563964844 0.03702723979949951 63.41074752807617 0.07599999755620956 2.326913833618164
2 0.05000167712569237 18.746612548828125 0.05900662764906883 10.643322944641113 0.04501404985785484 26.397275924682617 0.07200051844120026 2.1686391830444336
3 0.06000196561217308 12.420943260192871 0.07300001382827759 2.4789488315582275 0.03403373435139656 55.094451904296875 0.033025387674570084 57.55060577392578
2 0.034016404300928116 43.678138732910156 0.07900000363588333 0.9599599242210388 0.04101064056158066 31.867605209350586 0.05200580507516861 18.086647033691406
1 0.05700512230396271 9.750103950500488 0.08097665756940842 0.5421081781387329 0.0360102616250515 28.777252197265625 0.08399999886751175 0.0
2 0.03801380842924118 42.05060577392578 0.0430125892162323 32.6936149597168 0.040012773126363754 37.86428451538086 0.07800000160932541 0.45974376797676086
2 0.04301489144563675 31.00551414489746 0.08299999684095383 0.26405519247055054 0.035012081265449524 42.09322738647461 0.061010073870420456 8.224404335021973
3 0.031028885394334793 51.83089828491211 0.06800000369548798 6.023746490478516 0.07400081306695938 2.339586019515991 0.03099769353866577 61.42629623413086
1 0.06600320339202881 3.0591819286346436 0.03900360316038132 15.192392349243164 0.045007046312093735 11.35372543334961 0.0740000307559967 0.46409475803375244
2 0.06800008565187454 3.6348607540130615 0.03301767259836197 41.22344207763672 0.050028275698423386 17.97786521911621 0.06600040197372437 4.841239929199219
2 0.051023680716753006 18.456832885742188 0.041013505309820175 31.789697647094727 0.05400140956044197 14.22268295288086 0.03501792997121811 42.38514709472656
1 0.0449647456407547 17.777280807495117 0.0370088554918766 26.601518630981445 0.031011667102575302 35.16162109375 0.060008611530065536 7.625661849975586
4 0.04201963171362877 52.79564666748047 0.033028583973646164 79.89974212646484 0.06100325286388397 16.202678680419922 0.0730036199092865 3.711573362350464
4 0.041021402925252914 60.010990142822266 0.08100001513957977 1.8023595809936523 0.033021312206983566 85.24239349365234 0.08502160012722015 0.1832217127084732
4 0.0810009092092514 0.566479504108429 0.06800466030836105 7.92669153213501 0.06600545346736908 10.502159118652344 0.06400641053915024 13.056191444396973
3 0.07502550631761551 1.7053461074829102 0.07000744342803955 4.48504114151001 0.05300169065594673 20.452716827392578 0.05900394916534424 13.617539405822754
1 0.060951534658670425 3.708838701248169 0.06100137531757355 3.5341038703918457 0.030021721497178078 21.4334774017334 0.065000019967556 1.574021816253662
2 0.07999999821186066 0.6480637788772583 0.0630488321185112 6.6247992515563965 0.058955684304237366 11.186655044555664 0.03099948726594448 49.61246109008789
1 0.0820000022649765 0.13761401176452637 0.08399999886751175 0.0 0.05300261080265045 7.431877136230469 0.07300032675266266 0.9960885643959045
1 0.04400305077433586 10.49396800994873 0.047004666179418564 9.530125617980957 0.07999999821186066 0.018509401008486748 0.07100026309490204 0.7003058195114136
3 0.08300410211086273 0.0 0.06300457566976547 11.140185356140137 0.061006445437669754 12.97319221496582 0.05500492826104164 34.323238372802734
2 0.06600482016801834 4.627288818359375 0.07800053805112839 1.0387271642684937 0.0760006308555603 1.3290027379989624 0.06600262969732285 4.917082786560059
4 0.07199999690055847 4.141334533691406 0.03302689641714096 74.44449615478516 0.036984361708164215 63.39540100097656 0.07400000095367432 2.965550661087036
4 0.041041236370801926 58.145362854003906 0.08100143074989319 1.6659542322158813 0.054006971418857574 27.617246627807617 0.08400003612041473 1.685789704322815
1 0.06195264682173729 5.884169578552246 0.0820000022649765 0.0 0.050040073692798615 10.908116340637207 0.0680006816983223 2.4832208156585693
3 0.043024852871894836 43.40959167480469 0.07500109821557999 2.394212245941162 0.045013245195150375 38.501338958740234 0.03702090308070183 57.39244079589844
4 0.03203532099723816 88.25881958007812 0.037028830498456955 73.95576477050781 0.03603058308362961 77.26705169677734 0.0729999989271164 4.381499767303467
1 0.07000000029802322 1.694578766822815 0.060002394020557404 4.392030239105225 0.07800053060054779 0.5875030159950256 0.07600042223930359 0.5139462947845459
2 0.07000298798084259 2.8072938919067383 0.052001576870679855 15.233718872070312 0.039015598595142365 31.24920082092285 0.03601173684000969 35.73973846435547
3 0.05200919508934021 22.04058837890625 0.0630061998963356 10.167150497436523 0.06000322848558426 13.546792984008789 0.0690024197101593 5.2801690101623535
1 0.04100267216563225 23.64826774597168 0.08299999684095383 0.10517225414514542 0.06400538980960846 4.157042980194092 0.07900000363588333 0.614639401435852
2 0.031024053692817688 52.07858657836914 0.035018932074308395 42.633914947509766 0.034020792692899704 44.74612808227539 0.04601210728287697 25.086458206176758
3 0.07800522446632385 0.938899040222168 0.03202664852142334 58.68015670776367 0.0450112521648407 31.723888397216797 0.06301485002040863 10.327561378479004
4 0.04601627588272095 46.815452575683594 0.07800000160932541 2.399954080581665 0.0430179201066494 54.96049499511719 0.04701947048306465 43.974449157714844
1 0.07900000363588333 0.27477380633354187 0.0310054961591959 24.605928421020508 0.03700757771730423 18.56568145751953 0.050000518560409546 9.666694641113281
2 0.062000103294849396 9.81069278717041 0.04004756361246109 36.26311492919922 0.03901609405875206 37.424095153808594 0.08300092816352844 0.8667181730270386
4 0.0740007683634758 3.044299602508545 0.03502662107348442 70.51776123046875 0.032019488513469696 79.4391860961914 0.06000576540827751 17.330602645874023
2 0.04301786050200462 31.423908233642578 0.05300234258174896 19.09145164489746 0.055004414170980453 16.380748748779297 0.054008595645427704 17.67188262939453
1 0.05700066313147545 5.227996826171875 0.0580003447830677 6.701460838317871 0.04300301894545555 17.746244430541992 0.03598128631711006 24.551076889038086
4 0.0520092248916626 32.42411804199219 0.06200169771909714 16.221853256225586 0.06700165569782257 10.46511459350586 0.07400114834308624 3.5036263465881348
3 0.036036282777786255 61.60325241088867 0.07300006598234177 3.1099276542663574 0.04403069615364075 42.0469970703125 0.0820000022649765 0.0
4 0.07300060987472534 3.9998509883880615 0.04403743892908096 51.061058044433594 0.03103146143257618 94.71971893310547 0.05501522123813629 26.94886016845703
4 0.051003020256757736 33.069366455078125 0.0580078549683094 20.557945251464844 0.07500895857810974 3.07281494140625 0.047012943774461746 40.81065368652344
2 0.0680006742477417 5.245846271514893 0.07700000703334808 1.1349903345108032 0.08500000089406967 0.0 0.0760004073381424 1.271497368812561
1 0.0710243359208107 0.6028731465339661 0.048007283359766006 10.594108581542969 0.04600561782717705 10.867513656616211 0.041004497557878494 14.043190002441406
4 0.07599999755620956 2.5995960235595703 0.04102000966668129 51.96211242675781 0.08200766891241074 0.27789178490638733 0.07297024130821228 3.437863826751709
2 0.08399999886751175 0.038274165242910385 0.060021404176950455 9.860591888427734 0.04200947657227516 27.60770606994629 0.03202391788363457 42.589088439941406
1 0.0630006343126297 3.6504693031311035 0.0320073738694191 19.38016128540039 0.038004063069820404 14.54871940612793 0.061000000685453415 3.6630048751831055
4 0.0819658562541008 1.554430603981018 0.08399999886751175 0.02502048760652542 0.0700053721666336 5.687600135803223 0.0660015419125557 9.733649253845215
3 0.08500000089406967 0.0 0.038018785417079926 43.900901794433594 0.03901364654302597 40.504547119140625 0.0640057623386383 8.6709623336792
3 0.07800000160932541 1.6208606958389282 0.0630013570189476 12.691190719604492 0.031032461673021317 73.52984619140625 0.03202497959136963 72.95016479492188
1 0.05299999937415123 13.521794319152832 0.04900340363383293 14.839319229125977 0.07198194414377213 1.5404746532440186 0.04002583026885986 24.300756454467773
3 0.07000010460615158 5.134942054748535 0.05001441016793251 29.156721115112305 0.05300982668995857 24.319290161132812 0.08399999886751175 1.2452077865600586
3 0.07798334211111069 0.8515596985816956 0.0820000022649765 0.8805621862411499 0.06301016360521317 10.082866668701172 0.06300373375415802 10.733430862426758
3 0.048015594482421875 29.750930786132812 0.0320303775370121 64.37873077392578 0.06600045412778854 5.929860591888428 0.07898999750614166 1.0988327264785767
1 0.03700371831655502 17.302417755126953 0.0739847719669342 0.49195319414138794 0.04100807011127472 14.799423217773438 0.050003450363874435 9.908780097961426
1 0.06700015068054199 3.4260714054107666 0.04501070827245712 16.1790828704834 0.041006188839673996 20.29029655456543 0.04800551012158394 13.34676456451416
3 0.08300410956144333 0.0 0.06600947678089142 8.818427085876465 0.03801624849438667 54.1594123840332 0.0820000022649765 0.0
3 0.0600133091211319 13.321640968322754 0.07500159740447998 2.153632640838623 0.03502138331532478 57.668514251708984 0.08003140240907669 1.785461664199829
3 0.04501335695385933 30.092275619506836 0.05000818520784378 22.548221588134766 0.045011382550001144 29.64661407470703 0.05900103971362114 12.009742736816406
4 0.08399999886751175 0.9581037163734436 0.05300653725862503 30.93206214904785 0.05800696834921837 22.03605079650879 0.059005364775657654 20.530153274536133
2 0.07599999755620956 1.5284113883972168 0.07295189052820206 1.8207676410675049 0.07500026375055313 1.363698959350586 0.07600008696317673 1.18278968334198
1 0.07600076496601105 0.7714308500289917 0.032012779265642166 29.772768020629883 0.0790354385972023 0.2957597076892853 0.05800870805978775 6.100901126861572
3 0.06400012969970703 11.95153522491455 0.03603453189134598 60.88040542602539 0.0790010616183281 1.4467904567718506 0.04502372071146965 40.502994537353516
1 0.05800795555114746 4.135925769805908 0.0729999989271164 1.0068979263305664 0.04001036658883095 15.95835018157959 0.058001559227705 4.7923665046691895
2 0.04904652386903763 25.79971694946289 0.0849677249789238 0.0 0.06400393694639206 8.649325370788574 0.07300858944654465 2.318615436553955
4 0.038021355867385864 71.34294128417969 0.0800023227930069 2.3838517665863037 0.08300071209669113 0.8595376014709473 0.030037231743335724 82.58877563476562
2 0.0690000131726265 5.081212520599365 0.07500000298023224 1.8200074434280396 0.07900000363588333 0.7822932004928589 0.07700058072805405 1.2583699226379395
1 0.03801785409450531 26.45027732849121 0.03900721296668053 25.881528854370117 0.05100680887699127 13.883149147033691 0.0740397572517395 1.3195689916610718
2 0.06800039857625961 4.985178470611572 0.057003412395715714 11.615375518798828 0.0770043358206749 1.0922189950942993 0.034014251083135605 42.04365539550781
2 0.06400932371616364 7.75201940536499 0.05600789189338684 15.016731262207031 0.06100126728415489 10.399449348449707 0.07300134003162384 2.2352800369262695
3 0.06703004240989685 6.12454891204834 0.056001562625169754 16.161638259887695 0.051008664071559906 22.83259391784668 0.04401165246963501 33.44544219970703
1 0.04903379827737808 9.357842445373535 0.05600077286362648 5.0488600730896 0.059000782668590546 3.7674970626831055 0.05300036817789078 6.141646385192871
4 0.0520021989941597 28.664180755615234 0.05001387372612953 31.848161697387695 0.033028971403837204 76.2366714477539 0.04101617634296417 52.83837890625
2 0.03401532769203186 43.409393310546875 0.03101695515215397 51.167457580566406 0.07700001448392868 1.1293286085128784 0.05103101581335068 18.090530395507812
2 0.0460088774561882 22.671926498413086 0.03103419952094555 47.46440887451172 0.0780225470662117 1.4683183431625366 0.051009226590394974 17.548797607421875
4 0.06500064581632614 12.039639472961426 0.0520152747631073 30.6196346282959 0.05101432651281357 33.91042709350586 0.040015846490859985 60.432708740234375
3 0.07599999755620956 1.444589614868164 0.07700011879205704 1.5622222423553467 0.0820000022649765 0.37095507979393005 0.061006926000118256 12.60920238494873
4 0.060020335018634796 17.99441909790039 0.06000666320323944 17.804338455200195 0.06400346010923386 12.75525951385498 0.05600377917289734 23.5223445892334
3 0.04003974422812462 44.40780258178711 0.06802071630954742 5.394649505615234 0.03301938995718956 59.93859100341797 0.0750235766172409 2.1081838607788086
2 0.05100218206644058 18.05509376525879 0.04600924253463745 25.06332778930664 0.03401501104235649 46.33091735839844 0.06901241838932037 3.8971259593963623
3 0.04502791911363602 32.0750732421875 0.05000882223248482 23.627046585083008 0.030046990141272545 65.65782165527344 0.0700000450015068 4.507662773132324
1 0.05401173233985901 10.240790367126465 0.08399999886751175 0.0 0.08500000089406967 0.0 0.04001876339316368 17.762535095214844
3 0.08500000089406967 0.0 0.04401214420795441 40.88444519042969 0.07401935756206512 2.8647818565368652 0.04502895474433899 39.79353332519531
2 0.053003836423158646 17.727703094482422 0.05900399386882782 0.0 0.07199655473232269 2.751690149307251 0.08000010997056961 0.8931254148483276
1 0.07300030440092087 0.9199197292327881 0.06100020185112953 3.1413979530334473 0.06800000369548798 1.497524380683899 0.07000000029802322 1.3490649461746216
2 0.04700293764472008 22.880578994750977 0.07900917530059814 0.5007408261299133 0.03596636652946472 39.11692428588867 0.05900091677904129 11.245684623718262
1 0.05800102651119232 6.53409481048584 0.08399999886751175 0.0 0.07200000435113907 1.2738667726516724 0.05900305137038231 4.628702640533447
3 0.0420202873647213 44.95708465576172 0.062001340091228485 13.492584228515625 0.07601120322942734 2.2463932037353516 0.08399999886751175 0.47667190432548523
1 0.04300673305988312 12.574508666992188 0.0680132731795311 1.9773659706115723 0.07999999821186066 0.0 0.06600042432546616 2.1711018085479736
4 0.039022140204906464 55.190589904785156 0.06202198937535286 13.797812461853027 0.052013445645570755 28.004955291748047 0.03801712393760681 59.03816604614258
3 0.06900029629468918 5.495264530181885 0.040019720792770386 46.94700241088867 0.07003515958786011 5.351948261260986 0.03102678805589676 68.77247619628906
4 0.08000004291534424 1.2048780918121338 0.07300123572349548 4.119796276092529 0.047015171498060226 42.42015838623047 0.03603222593665123 73.84857177734375
4 0.0630054920911789 14.149543762207031 0.030972588807344437 87.1313247680664 0.04001929238438606 60.2074089050293 0.05503406375646591 25.93922233581543
3 0.053017955273389816 21.0246639251709 0.05500512197613716 18.300085067749023 0.0730014517903328 2.7294507026672363 0.05401362106204033 19.03388023376465
4 0.08097375184297562 0.6470152139663696 0.0820000022649765 1.4646539688110352 0.047011420130729675 44.032615661621094 0.06800457090139389 9.474869728088379
2 0.036028359085321426 43.43423843383789 0.04800954461097717 23.102169036865234 0.062001392245292664 9.910541534423828 0.06100605055689812 10.149680137634277
1 0.06800004839897156 0.8718536496162415 0.042009830474853516 11.60291576385498 0.049000948667526245 7.895503997802734 0.047004662454128265 9.338329315185547
4 0.05900036543607712 20.851089477539062 0.061004556715488434 17.326560974121094 0.03802328184247017 68.32759094238281 0.06500014662742615 12.108466148376465
2 0.0820000022649765 0.41113460063934326 0.05101305991411209 18.46115493774414 0.03301404044032097 43.691810607910156 0.04900648072361946 18.488632202148438
2 0.07599999755620956 1.4604947566986084 0.05900714173913002 9.693011283874512 0.07700046896934509 0.9286361932754517 0.05602841079235077 12.786162376403809
4 0.06903029978275299 8.098470687866211 0.03903232514858246 67.44779205322266 0.05801089480519295 22.472185134887695 0.03203333541750908 89.93245697021484
3 0.07100214809179306 3.1209795475006104 0.08000002801418304 1.1147648096084595 0.06500028818845749 8.03455924987793 0.05500805750489235 16.954343795776367
1 0.08100000023841858 0.0 0.040004219859838486 19.53761100769043 0.07999999821186066 0.0 0.0710005909204483 1.3303757905960083
3 0.07599999755620956 1.3958666324615479 0.051006633788347244 23.586183547973633 0.059004705399274826 14.107298851013184 0.05400731787085533 20.03118324279785
1 0.036023642867803574 25.492156982421875 0.06103621423244476 8.030927658081055 0.032010335475206375 34.39875030517578 0.06100604310631752 7.153183937072754
4 0.039022475481033325 55.975433349609375 0.08502871543169022 0.8708396553993225 0.05900134518742561 17.162538528442383 0.08500000089406967 0.0
1 0.05200054123997688 5.078726768493652 0.05500078201293945 4.346957206726074 0.049001578241586685 7.463348388671875 0.03497817739844322 16.231626510620117
2 0.05600330978631973 14.314126968383789 0.05300484597682953 18.36985969543457 0.05000656098127365 22.00802230834961 0.06500447541475296 7.7130656242370605
4 0.03902431204915047 54.79496383666992 0.0630016028881073 12.953335762023926 0.052010517567396164 27.222726821899414 0.03703176602721214 60.07801055908203
2 0.04301472753286362 30.525257110595703 0.07500402629375458 1.615657925605774 0.06600069254636765 5.411899566650391 0.0660020038485527 5.801555156707764
4 0.06001719459891319 17.808422088623047 0.07200471311807632 4.440879821777344 0.04001316800713539 57.699180603027344 0.0850270688533783 1.526236891746521
4 0.07400000095367432 3.625507116317749 0.08100050687789917 1.7051796913146973 0.04204147681593895 55.11717224121094 0.06200193241238594 15.78633975982666
4 0.04400864243507385 44.387489318847656 0.041018176823854446 51.57989501953125 0.0720006600022316 3.997133731842041 0.05701105296611786 20.10370635986328
2 0.07699999958276749 0.9613706469535828 0.04304761067032814 28.98243522644043 0.052005257457494736 18.325557708740234 0.054004136472940445 15.890290260314941
3 0.059020597487688065 13.038021087646484 0.03102347068488598 58.44317626953125 0.06000137701630592 10.506279945373535 0.06800488382577896 5.5158209800720215
2 0.04202236607670784 26.09729766845703 0.05100947991013527 15.170650482177734 0.06201339140534401 7.577453136444092 0.06500103324651718 5.188547611236572
4 0.07100430876016617 5.545792579650879 0.05498192086815834 26.731250762939453 0.04696185141801834 43.75701904296875 0.0820000022649765 0.143095001578331
2 0.03701935335993767 30.985939025878906 0.04200923815369606 0.0 0.08300760388374329 0.6884528994560242 0.07400038838386536 1.4414297342300415
1 0.06200021132826805 5.556506633758545 0.08100000023841858 0.1510782241821289 0.05500110983848572 8.468582153320312 0.08299999684095383 0.0
2 0.048003923147916794 17.327451705932617 0.06300157308578491 6.260242938995361 0.07000067085027695 2.5307154655456543 0.082975372672081 0.0
3 0.06600728631019592 9.603129386901855 0.03202584385871887 68.4615478515625 0.06801904737949371 7.351047515869141 0.04296588525176048 41.805294036865234
2 0.056000370532274246 12.404970169067383 0.08200007677078247 0.34432747960090637 0.08100047707557678 0.22143933176994324 0.04901132360100746 17.61235809326172
3 0.05000338330864906 29.45079231262207 0.03901245817542076 54.05760192871094 0.0570070780813694 18.728036880493164 0.0650065615773201 9.969091415405273
1 0.05300271883606911 9.542692184448242 0.05700044706463814 7.195158958435059 0.06700000166893005 3.7150044441223145 0.05600358173251152 8.06438159942627
4 0.04101882129907608 51.178897857666016 0.05600566044449806 21.57389259338379 0.07301030308008194 3.3130626678466797 0.049019016325473785 32.440879821777344
1 0.07900000363588333 0.2552734911441803 0.07700029015541077 0.28899312019348145 0.07999999821186066 0.0 0.04900621250271797 8.808913230895996
4 0.08500000089406967 0.18704292178153992 0.03302761912345886 72.00353240966797 0.06100050359964371 15.000617980957031 0.08299999684095383 0.4062859117984772
3 0.08500000089406967 0.0 0.06600039452314377 7.219879150390625 0.031021373346447945 62.5495491027832 0.0750000849366188 2.3777341842651367
1 0.07800000160932541 1.04755437374115 0.07495096325874329 0.8773316144943237 0.0660003051161766 4.524493217468262 0.03002045303583145 36.635284423828125
3 0.06100860610604286 12.32991886138916 0.0660012811422348 8.9302339553833 0.057006895542144775 19.066484451293945 0.05201026052236557 26.53330421447754
4 0.0600256621837616 16.58708953857422 0.052008017897605896 29.78015899658203 0.05400784686207771 26.098798751831055 0.06900244951248169 7.242776393890381
4 0.049048200249671936 30.091569900512695 0.05201041325926781 27.471878051757812 0.03502769395709038 66.3919677734375 0.04801170900464058 34.97410202026367
3 0.07999999821186066 1.495054006576538 0.04502604529261589 33.214134216308594 0.05400660261511803 19.192909240722656 0.04301409050822258 35.897708892822266
1 0.03900410234928131 15.733899116516113 0.05999999865889549 3.3167474269866943 0.04900185763835907 8.722579002380371 0.03800320625305176 15.981855392456055
3 0.05200184881687164 23.73948860168457 0.07900000363588333 0.964633584022522 0.0640006810426712 9.169273376464844 0.05500746890902519 19.933490753173828
3 0.0380280539393425 54.51985549926758 0.04701462388038635 34.52117919921875 0.07699999958276749 1.9342740774154663 0.07900028675794601 1.3377318382263184
1 0.07900000363588333 0.0 0.07599999755620956 0.8753793239593506 0.07800000160932541 0.6710290312767029 0.08299999684095383 0.0
1 0.07300031930208206 0.9300163984298706 0.06800011545419693 2.3379147052764893 0.05600063502788544 4.47184944152832 0.05000258609652519 8.730005264282227
1 0.0750008225440979 0.6339181065559387 0.07800000160932541 0.22719745337963104 0.062000639736652374 3.124920129776001 0.04296017810702324 12.299629211425781
4 0.03302941843867302 70.79106903076172 0.039022136479616165 55.33509063720703 0.04801472648978233 35.44050216674805 0.05601043254137039 21.775516510009766
4 0.053029805421829224 29.52126121520996 0.06600113213062286 10.790231704711914 0.0820000022649765 0.7974683046340942 0.08500000089406967 0.0
4 0.03102217987179756 87.54444122314453 0.03302576020359993 48.94042205810547 0.08402960747480392 0.0 0.06200049817562103 14.041196823120117
2 0.05300525203347206 11.660496711730957 0.031016523018479347 38.184627532958984 0.07100000232458115 2.3079330921173096 0.04203713685274124 25.3619441986084
1 0.07403741031885147 0.9962642192840576 0.03502143546938896 21.981271743774414 0.04300571233034134 14.490618705749512 0.05100525543093681 8.781769752502441
4 0.0730004534125328 3.976919412612915 0.04101693257689476 59.28596878051758 0.05300864204764366 30.57645034790039 0.03701428696513176 71.40494537353516
1 0.03000956028699875 27.674022674560547 0.07400000095367432 0.5067330598831177 0.03904047980904579 18.147144317626953 0.06500013917684555 2.23522686958313
2 0.07999999821186066 0.9973019957542419 0.049002114683389664 21.795124053955078 0.041012346744537354 34.129310607910156 0.042010072618722916 32.504241943359375
2 0.050009336322546005 20.39798927307129 0.07200085371732712 2.5659725666046143 0.07800022512674332 0.8558319807052612 0.035011958330869675 44.43511199951172
4 0.07400000095367432 3.244521379470825 0.07500076293945312 2.8984158039093018 0.08300002664327621 1.080644965171814 0.05800151079893112 19.790109634399414
3 0.04201451689004898 44.58915328979492 0.033023297786712646 66.30323028564453 0.05000469461083412 28.817779541015625 0.06901879608631134 6.154256343841553
4 0.07700096815824509 2.094512939453125 0.08100000023841858 1.3469728231430054 0.04702664166688919 38.474544525146484 0.07999999821186066 1.3744632005691528
4 0.07800000160932541 1.748440146446228 0.07300800830125809 3.2851688861846924 0.04501144587993622 40.71199417114258 0.0570036843419075 19.719079971313477
2 0.0810483992099762 0.7478915452957153 0.053015951067209244 17.46727180480957 0.06200499087572098 8.57298469543457 0.04901011288166046 21.543760299682617
3 0.047015488147735596 33.904815673828125 0.06600234657526016 9.017641067504883 0.07899802923202515 1.148898959159851 0.043015576899051666 42.242034912109375
3 0.04601474478840828 33.373592376708984 0.08200081437826157 0.0 0.04502569139003754 35.130096435546875 0.06500057876110077 8.530698776245117
1 0.03601658344268799 22.800941467285156 0.03200994059443474 26.845924377441406 0.031016049906611443 27.964128494262695 0.0689999982714653 1.0661922693252563
1 0.05503833293914795 7.170736789703369 0.03702264279127121 18.571414947509766 0.07600007951259613 0.7999972105026245 0.07600029557943344 0.653857409954071
1 0.056000106036663055 8.859710693359375 0.06500113010406494 3.9677999019622803 0.044002141803503036 19.521011352539062 0.03800957277417183 26.56756019592285
4 0.0380198210477829 64.08677673339844 0.03302675858139992 78.58786010742188 0.03203470632433891 83.38218688964844 0.041015464812517166 55.58918380737305
2 0.07200104743242264 2.6483101844787598 0.060001637786626816 11.40727710723877 0.030026745051145554 53.247859954833984 0.06600003689527512 7.145529270172119
1 0.06700022518634796 3.4138433933258057 0.0690002292394638 2.3895113468170166 0.07100019603967667 1.6390711069107056 0.046007491648197174 16.467439651489258
4 0.05100557208061218 34.0290412902832 0.03604003041982651 74.12637329101562 0.052008647471666336 32.129188537597656 0.07800771296024323 1.968938946723938
4 0.06700064241886139 9.401130676269531 0.05800781026482582 19.912424087524414 0.06700645387172699 8.908458709716797 0.057010553777217865 21.651033401489258
2 0.06500504165887833 5.925460338592529 0.03801402449607849 36.69166564941406 0.036016687750816345 39.944000244140625 0.03901432082056999 34.16334533691406
1 0.07699571549892426 0.07787472754716873 0.0820000022649765 0.0 0.05500375106930733 6.600861072540283 0.07400014251470566 0.7917544841766357
1 0.07900000363588333 0.3215423822402954 0.06500039994716644 2.514413833618164 0.06800000369548798 1.818569540977478 0.07000000029802322 0.8860763907432556
4 0.03402778133749962 82.20696258544922 0.0510098859667778 35.26153564453125 0.04702266678214073 44.73823165893555 0.05800596997141838 22.454265594482422
3 0.04802593216300011 33.51993179321289 0.038025353103876114 54.42444610595703 0.03901740536093712 52.78776931762695 0.08500739187002182 0.06110534816980362
1 0.0300227552652359 37.145633697509766 0.06300061196088791 4.267248630523682 0.03501231223344803 29.053754806518555 0.04400702565908432 19.390321731567383
2 0.050007157027721405 18.244712829589844 0.05200409144163132 15.368464469909668 0.0839601382613182 0.5388894081115723 0.0740005150437355 1.7567691802978516
3 0.04904917627573013 25.719453811645508 0.046010345220565796 34.50646209716797 0.058012597262859344 16.2918643951416 0.062002867460250854 12.324115753173828
1 0.049036018550395966 9.30772590637207 0.07200431823730469 1.01204514503479 0.0640004575252533 4.445224761962891 0.07800004631280899 0.6230953335762024
1 0.08100000023841858 0.20372989773750305 0.041004300117492676 16.162343978881836 0.05000399053096771 9.80543327331543 0.045989006757736206 12.959571838378906
3 0.08300410211086273 0.0 0.036028653383255005 54.65436935424805 0.059033796191215515 13.686279296875 0.045018818229436874 34.8101806640625
3 0.06100692227482796 13.00485897064209 0.03702811524271965 47.76507568359375 0.05400529503822327 19.254261016845703 0.0380229689180851 45.55699920654297
1 0.06500044465065002 4.702113628387451 0.05800250545144081 7.6591267585754395 0.08300021290779114 0.07866156846284866 0.032014407217502594 28.635639190673828
1 0.07199999690055847 1.2654852867126465 0.04200088605284691 13.020594596862793 0.05500010773539543 5.759613037109375 0.08200433850288391 0.0
2 0.07999999821186066 1.2411445379257202 0.08299999684095383 0.21549731492996216 0.08100038766860962 0.7264898419380188 0.05400975048542023 17.778423309326172
4 0.05800668150186539 20.690109252929688 0.06800109148025513 8.856968879699707 0.07800004631280899 1.7845979928970337 0.060002055019140244 18.223302841186523
3 0.035018011927604675 55.6243782043457 0.030030889436602592 70.77104187011719 0.0739782378077507 2.4785516262054443 0.08399999886751175 0.0
1 0.04699196666479111 12.301109313964844 0.05800721421837807 5.775476932525635 0.042007435113191605 15.105792999267578 0.039004821330308914 18.51841926574707
2 0.05900108441710472 9.136476516723633 0.07500000298023224 1.2813419103622437 0.06699527055025101 5.336197376251221 0.04302144795656204 27.88736915588379
1 0.07999999821186066 0.0 0.08500000089406967 0.0 0.030021408572793007 39.54717254638672 0.05900000035762787 7.367182731628418
3 0.0820000022649765 1.0491009950637817 0.07000044733285904 4.344989776611328 0.04501631483435631 30.424274444580078 0.03302300348877907 54.148860931396484
3 0.032035138458013535 72.01887512207031 0.031032102182507515 82.31487274169922 0.04201372340321541 45.434814453125 0.07900094985961914 1.6526408195495605
4 0.06300094723701477 13.022017478942871 0.042015139013528824 48.6531982421875 0.03902023658156395 55.69901657104492 0.0340273417532444 70.9247055053711
4 0.07300014048814774 3.6739399433135986 0.05400833860039711 26.36741828918457 0.05900583043694496 19.197309494018555 0.08100060373544693 1.4403446912765503
2 0.0530092678964138 17.19862937927246 0.03901329264044762 36.85933303833008 0.053003616631031036 16.855207443237305 0.043013062328100204 29.855283737182617
2 0.0729999989271164 1.9453338384628296 0.06896844506263733 3.367964506149292 0.049015142023563385 20.29983901977539 0.07796230167150497 1.0168073177337646
4 0.04201744869351387 52.88790512084961 0.06000204384326935 17.205917358398438 0.030034620314836502 85.56195068359375 0.07903420925140381 1.2531143426895142
1 0.03101695515215397 40.74690246582031 0.06400049477815628 3.5703041553497314 0.03700985386967659 27.428970336914062 0.07000000029802322 3.0776686668395996
4 0.0560014508664608 25.807083129882812 0.06500998884439468 12.840063095092773 0.08500506728887558 0.0 0.05202006176114082 32.844398498535156
3 0.03697650507092476 49.40910720825195 0.03502395749092102 53.99129104614258 0.030026543885469437 66.82280731201172 0.056015945971012115 16.61329460144043
2 0.07502509653568268 1.5396008491516113 0.077000193297863 0.817071259021759 0.05000289902091026 15.843995094299316 0.03300495073199272 37.5472526550293
1 0.059017397463321686 5.790863037109375 0.04399570822715759 13.722046852111816 0.07900000363588333 0.10849868506193161 0.07999999821186066 0.016416456550359726
1 0.03401465341448784 25.992816925048828 0.04100817069411278 18.780826568603516 0.08296527713537216 0.09261444211006165 0.043012071400880814 16.78921890258789
1 0.04400040581822395 10.294820785522461 0.05900191143155098 3.3724772930145264 0.04100162163376808 11.801456451416016 0.07000046968460083 0.7818563580513
2 0.03695560246706009 38.77534484863281 0.030020656064152718 51.1916389465332 0.06800700724124908 4.344341278076172 0.06600339710712433 5.5753631591796875
2 0.060000594705343246 11.126755714416504 0.04100377485156059 32.86835479736328 0.052005574107170105 18.139759063720703 0.07300049066543579 2.102571964263916
2 0.07599999755620956 1.5021567344665527 0.08399999886751175 0.0 0.05200410261750221 15.856757164001465 0.055005792528390884 13.609719276428223
4 0.04102680832147598 49.64844512939453 0.03104288876056671 76.93325805664062 0.06600157916545868 9.138198852539062 0.03902944549918175 54.76383590698242
3 0.08201280981302261 1.2284128665924072 0.05196424573659897 21.20073890686035 0.04800913482904434 27.352001190185547 0.07800010591745377 1.5384724140167236
2 0.07599999755620956 1.5355781316757202 0.030028117820620537 47.43855285644531 0.06300115585327148 8.438325881958008 0.08400017768144608 0.4894241988658905
4 0.058002226054668427 19.63294219970703 0.06000417098402977 17.316936492919922 0.07800162583589554 2.303220272064209 0.08299999684095383 0.7650602459907532
3 0.04302229359745979 39.84865951538086 0.07599999755620956 2.6497397422790527 0.03495589643716812 62.915462493896484 0.034026384353637695 65.5000991821289
1 0.03800306096673012 25.196928024291992 0.06800007075071335 3.7503862380981445 0.04502394050359726 17.816320419311523 0.04100676625967026 22.31511878967285
2 0.07699999958276749 0.9646732807159424 0.031024416908621788 52.61103820800781 0.07903938740491867 0.8693912029266357 0.054008662700653076 16.541614532470703
3 0.05097689479589462 24.196897506713867 0.07100000232458115 4.240811347961426 0.07200067490339279 3.392791271209717 0.04997982829809189 26.571842193603516
1 0.0350169837474823 26.138553619384766 0.07999999821186066 0.0 0.03601217269897461 23.729753494262695 0.04000655934214592 20.57427215576172
4 0.07800525426864624 2.3609862327575684 0.052002519369125366 30.208328247070312 0.06800111383199692 8.452743530273438 0.07800000160932541 1.5413721799850464
1 0.05800031125545502 6.857935428619385 0.04100238159298897 16.629661560058594 0.07999999821186066 0.0 0.03601011633872986 21.948360443115234
4 0.0470040999352932 37.14189910888672 0.0490107499063015 33.300537109375 0.03702173009514809 61.0726203918457 0.042018674314022064 48.492862701416016
1 0.06600173562765121 2.6120638847351074 0.03901210427284241 17.28557777404785 0.07000000774860382 0.0 0.04000592231750488 16.860332489013672
4 0.07100417464971542 5.351309776306152 0.05400628224015236 27.570241928100586 0.07100085914134979 5.909261226654053 0.05302823707461357 29.021379470825195
3 0.04501406103372574 35.82843017578125 0.0630163922905922 10.725107192993164 0.06400124728679657 9.586494445800781 0.05800236389040947 15.763411521911621
3 0.08399999886751175 0.0 0.06203066557645798 11.87276840209961 0.06900116801261902 5.218001842498779 0.033019356429576874 59.11313247680664
2 0.07900000363588333 1.3473615646362305 0.06100543588399887 8.913883209228516 0.04800989478826523 22.041563034057617 0.040010541677474976 32.03997802734375
1 0.03100544773042202 22.602869033813477 0.08100000023841858 0.0 0.060001108795404434 5.4030961990356445 0.07199999690055847 0.8290036916732788
4 0.06400054693222046 12.546004295349121 0.08300089091062546 0.0 0.08100029081106186 1.0782923698425293 0.03302297368645668 71.58917999267578
1 0.05700087919831276 5.471806049346924 0.05500388890504837 8.280691146850586 0.04802372306585312 13.682943344116211 0.05600298196077347 8.167014122009277
4 0.08399999886751175 0.300082802772522 0.0410156287252903 56.570552825927734 0.07999999821186066 1.6474132537841797 0.048016685992479324 38.615543365478516
3 0.06001490727066994 13.384683609008789 0.052004046738147736 23.871994018554688 0.04101932421326637 43.46061325073242 0.07800000160932541 1.4429295063018799
4 0.04501737281680107 45.62859344482422 0.06402039527893066 13.970418930053711 0.03402809053659439 79.81573486328125 0.07300084829330444 3.965904712677002
3 0.03403957188129425 52.01426315307617 0.053001727908849716 19.498897552490234 0.0720009058713913 2.8346054553985596 0.06500272452831268 8.112661361694336
3 0.05895539000630379 15.98293685913086 0.046017151325941086 36.805030822753906 0.07400033622980118 2.488111972808838 0.07300131767988205 3.086296319961548
4 0.08500000089406967 0.9375724196434021 0.08000077307224274 1.409014344215393 0.053009435534477234 29.160005569458008 0.0850118100643158 0.0
4 0.06900050491094589 7.368818283081055 0.05501554161310196 25.112781524658203 0.03203115239739418 75.10723114013672 0.08300108462572098 0.0
1 0.08100000023841858 0.0 0.06900027394294739 2.9159302711486816 0.07400000095367432 1.2287203073501587 0.0820000022649765 0.008230200037360191
4 0.0810009241104126 0.5426660776138306 0.05001017451286316 33.97930145263672 0.03802391141653061 62.918914794921875 0.08500000089406967 1.6162599325180054
2 0.05900000035762787 10.565149307250977 0.07900047302246094 0.7171181440353394 0.04400763288140297 23.656024932861328 0.052005816251039505 14.953574180603027
3 0.06400024890899658 11.996147155761719 0.03202836588025093 72.2117919921875 0.03902159631252289 53.55803680419922 0.08500141650438309 0.0
2 0.07100193947553635 3.6425998210906982 0.05500742793083191 15.319177627563477 0.0820290744304657 0.727698802947998 0.030018845573067665 55.335968017578125
4 0.03502769395709038 70.24954223632812 0.05700141564011574 21.007404327392578 0.04302944242954254 49.250022888183594 0.07201119512319565 4.523475170135498
1 0.03800299018621445 15.892099380493164 0.030962388962507248 23.735980987548828 0.0630001649260521 3.568875312805176 0.04100252315402031 14.561516761779785
4 0.04701191931962967 41.084197998046875 0.033024806529283524 80.19544982910156 0.05000806599855423 34.83062744140625 0.077000692486763 1.987131953239441
1 0.07800000160932541 1.0178725719451904 0.04201998934149742 21.918920516967773 0.07400568574666977 1.313528060913086 0.033009886741638184 32.48118209838867
1 0.03501025214791298 30.121482849121094 0.057000644505023956 8.46371078491211 0.05200359970331192 12.410746574401855 0.03300783783197403 32.15092468261719
1 0.030009618028998375 31.91899299621582 0.050000932067632675 10.419584274291992 0.0390072837471962 20.014480590820312 0.062000200152397156 4.701135158538818
1 0.04201524332165718 14.711714744567871 0.07900051772594452 0.17957907915115356 0.07800039649009705 0.23071585595607758 0.045003633946180344 12.672520637512207
1 0.06700656563043594 3.1614463329315186 0.03000798635184765 27.72208023071289 0.07699999958276749 0.5533062815666199 0.04500428959727287 12.954745292663574
2 0.08399999886751175 0.16510412096977234 0.03500693663954735 35.87845993041992 0.08500917255878448 0.0 0.08399999886751175 0.0
3 0.0420113280415535 40.31764602661133 0.05001392588019371 26.336868286132812 0.0810059905052185 0.7540603876113892 0.04601259529590607 32.01366424560547
3 0.040008872747421265 42.84525680541992 0.06400088965892792 8.326417922973633 0.03800961747765541 47.31502151489258 0.07000251859426498 4.424158573150635
1 0.07999999821186066 0.33374643325805664 0.08100000023841858 0.09655474126338959 0.04800198972225189 12.39539909362793 0.05500095337629318 7.8601460456848145
2 0.0500008687376976 17.590606689453125 0.05700265243649483 12.091903686523438 0.06700031459331512 5.157235145568848 0.07500039786100388 1.4710220098495483
2 0.04500829800963402 27.628055572509766 0.08200615644454956 0.19109989702701569 0.035013291984796524 43.208534240722656 0.04201478511095047 30.647846221923828
1 0.054001353681087494 12.102384567260742 0.07200050354003906 1.5039836168289185 0.06300051510334015 6.073678016662598 0.08000008016824722 0.46300452947616577
4 0.04304420202970505 50.482398986816406 0.056005723774433136 23.396560668945312 0.03901948779821396 60.4997673034668 0.05800238251686096 19.982412338256836
3 0.0570087805390358 18.015222549438477 0.06897944211959839 6.3205037117004395 0.07000083476305008 5.274681091308594 0.04300984367728233 41.7769775390625
4 0.08300413936376572 0.4707185924053192 0.04903176426887512 35.63157272338867 0.08495134860277176 0.0 0.03302370011806488 69.12922668457031
1 0.044013649225234985 15.887944221496582 0.0670003592967987 2.5917389392852783 0.04800645634531975 12.354122161865234 0.06303847581148148 3.510195016860962
3 0.03103603981435299 64.59886932373047 0.05401133745908737 19.58899688720703 0.07100889831781387 3.701911211013794 0.040998514741659164 41.408565521240234
4 0.08100102841854095 0.7694330811500549 0.08399999886751175 1.0825226306915283 0.062000662088394165 14.865307807922363 0.05300953984260559 29.15036392211914
4 0.05503735691308975 29.535417556762695 0.07999999821186066 0.9622139930725098 0.07600127905607224 2.8483335971832275 0.04602642357349396 48.10200500488281
2 0.08500000089406967 0.0 0.04901545122265816 19.760984420776367 0.04600735008716583 23.45838165283203 0.08299984782934189 0.8048751354217529
3 0.07400698214769363 2.7477269172668457 0.08500000089406967 0.0 0.08399999886751175 0.5723195672035217 0.0480094812810421 32.940547943115234
3 0.052004534751176834 22.282987594604492 0.03600873798131943 51.89909744262695 0.03904016315937042 45.0074348449707 0.06201251596212387 10.226792335510254
4 0.06600915640592575 10.767333030700684 0.05601247027516365 24.441532135009766 0.06400454789400101 13.624917984008789 0.07199999690055847 4.857664108276367
2 0.047006797045469284 22.047941207885742 0.0520051047205925 16.156726837158203 0.05100839585065842 16.970346450805664 0.06900162994861603 3.516176700592041
2 0.07599999755620956 1.457425832748413 0.07700012624263763 0.8999630808830261 0.061048801988363266 8.41702938079834 0.03800678253173828 30.57132339477539
3 0.0329781211912632 55.23368835449219 0.07301903516054153 2.7522268295288086 0.03101835772395134 60.164466857910156 0.042008958756923676 37.17197036743164
2 0.06700000166893005 6.046832084655762 0.06399095803499222 7.2853569984436035 0.03801105171442032 37.946678161621094 0.08299999684095383 0.0
3 0.06900007277727127 5.302771091461182 0.0300271138548851 69.2445297241211 0.07100996375083923 3.9813263416290283 0.03796754404902458 50.22072219848633
3 0.05900004878640175 16.02565574645996 0.030027145519852638 68.78125762939453 0.07600006461143494 1.744319200515747 0.08500000089406967 0.0
1 0.049036070704460144 9.2330904006958 0.07299423217773438 1.0447086095809937 0.07800000160932541 0.5703537464141846 0.07500000298023224 0.7578942775726318
1 0.06800010055303574 0.988539457321167 0.0530003122985363 5.553367614746094 0.04502897337079048 10.928998947143555 0.03600730746984482 17.79945182800293
2 0.05700000002980232 13.07546329498291 0.05500740557909012 16.112010955810547 0.05400846153497696 17.3381404876709 0.07900021225214005 0.8306118249893188
4 0.06401681900024414 14.505690574645996 0.06400537490844727 14.365962982177734 0.07700000703334808 2.5391314029693604 0.07800048589706421 2.127429723739624
3 0.049047164618968964 24.08625602722168 0.03701335936784744 45.76274108886719 0.05500131845474243 16.15621566772461 0.029977163299918175 61.02363586425781
2 0.04301212728023529 22.043363571166992 0.04700673371553421 18.234272003173828 0.037012871354818344 31.1995849609375 0.06400086730718613 4.782610893249512
1 0.05700002238154411 9.436363220214844 0.06998807191848755 2.5909929275512695 0.06900309026241302 3.129582166671753 0.038012973964214325 28.52106475830078
1 0.031018318608403206 32.53032684326172 0.058000922203063965 5.874638557434082 0.06400061398744583 3.6495156288146973 0.08100255578756332 0.0
2 0.08100150525569916 0.10421538352966309 0.04100622981786728 27.211977005004883 0.04901095852255821 18.052988052368164 0.05800633504986763 10.515521049499512
4 0.04903131723403931 38.74540328979492 0.06000632420182228 17.711727142333984 0.03400276228785515 77.7890625 0.07400000095367432 3.3179776668548584
2 0.04904590919613838 23.41251564025879 0.03404352441430092 45.689918518066406 0.08100000023841858 0.8884724974632263 0.04800187423825264 22.94159507751465
3 0.08200011402368546 1.0003076791763306 0.04401636868715286 40.136253356933594 0.0650084987282753 9.550741195678711 0.06500353664159775 9.982172966003418
1 0.03700350597500801 13.522543907165527 0.04300691932439804 11.58558177947998 0.06000221148133278 3.1087405681610107 0.07400001585483551 0.42500409483909607
4 0.03802143409848213 61.94548416137695 0.0820000022649765 0.0 0.07500126957893372 2.8596556186676025 0.04500940814614296 44.689735412597656
1 0.06700000166893005 2.2943203449249268 0.032017674297094345 24.376388549804688 0.08495264500379562 0.0 0.05800120532512665 4.9514079093933105
4 0.04402182623744011 49.53519821166992 0.037026338279247284 69.8780517578125 0.058017268776893616 20.691123962402344 0.05800766497850418 20.757673263549805
3 0.06402482092380524 9.827624320983887 0.05600591003894806 17.955215454101562 0.0610026940703392 12.296598434448242 0.05300286412239075 21.703323364257812
1 0.04801521077752113 11.653629302978516 0.06200287863612175 5.01386833190918 0.0820000022649765 0.0 0.052005864679813385 8.657668113708496
3 0.05100506544113159 20.78362274169922 0.07800000160932541 1.0639139413833618 0.04901864379644394 22.666963577270508 0.05000580474734306 22.07314682006836
1 0.05900000035762787 6.639009952545166 0.07000777870416641 1.56730055809021 0.06000262871384621 4.493340492248535 0.06397078186273575 4.209384918212891
4 0.0820000022649765 0.6324509382247925 0.07000073045492172 7.195777893066406 0.06600148975849152 11.951255798339844 0.052018988877534866 33.41062927246094
2 0.03201872110366821 53.53438949584961 0.03201993927359581 53.08826446533203 0.03899150341749191 38.33322525024414 0.06799913197755814 6.2018208503723145
1 0.06800828874111176 2.297914743423462 0.06202910467982292 6.2665114402771 0.0820000022649765 0.03570297360420227 0.07295923680067062 1.4714219570159912
2 0.08300403505563736 0.7166050672531128 0.0650055781006813 4.937432765960693 0.06700039654970169 3.867234706878662 0.031016239896416664 32.93861770629883
4 0.07502581924200058 3.1015872955322266 0.0730065107345581 3.8087704181671143 0.06500385701656342 11.965245246887207 0.07400939613580704 3.3973357677459717
2 0.047015395015478134 18.54722785949707 0.03201133757829666 40.24976348876953 0.03801232576370239 30.39132308959961 0.06101416423916817 6.951924800872803
2 0.033013906329870224 49.579498291015625 0.031023874878883362 55.178794860839844 0.03502099588513374 45.03999710083008 0.05401860550045967 17.417587280273438
2 0.03499974310398102 44.7944450378418 0.043023306876420975 30.160722732543945 0.04400855302810669 28.577465057373047 0.08300037682056427 0.5420169234275818
4 0.061009954661130905 15.44352912902832 0.06200319156050682 24.81695556640625 0.03203490003943443 77.89032745361328 0.07800405472517014 2.2280421257019043
1 0.06501086801290512 2.2200469970703125 0.04501650482416153 13.245720863342285 0.03598262369632721 20.11893653869629 0.04900074005126953 10.811918258666992
1 0.031016279011964798 37.754398345947266 0.057009730488061905 9.485663414001465 0.03802343085408211 27.20177459716797 0.05500541254878044 11.258866310119629
2 0.07400091737508774 1.4539278745651245 0.04896950349211693 15.900848388671875 0.06800074875354767 4.42364501953125 0.07900033891201019 0.8194959759712219
3 0.06100710108876228 13.041769981384277 0.05700292810797691 15.4498929977417 0.06600423902273178 7.345286846160889 0.06400494277477264 9.366683006286621
4 0.06900040060281754 7.276906490325928 0.08199574053287506 1.38788902759552 0.039025455713272095 57.490272521972656 0.03497066721320152 68.78480529785156
4 0.03802154213190079 67.07312774658203 0.03402579203248024 79.7821273803711 0.05000728368759155 35.66518020629883 0.03302808478474617 80.74906158447266
1 0.08496907353401184 0.15788330137729645 0.04500081390142441 15.03274154663086 0.030950644984841347 29.426668167114258 0.07596828788518906 0.6527746319770813
3 0.06900029629468918 5.577551364898682 0.07100076973438263 4.208268165588379 0.06900367885828018 6.0483222007751465 0.06100595369935036 13.43935775756836
2 0.037020135670900345 43.61477279663086 0.06400016695261002 8.714588165283203 0.05204003304243088 19.85011100769043 0.03203514963388443 55.365325927734375
2 0.0680045410990715 4.9228949546813965 0.04501980170607567 27.533105850219727 0.039013586938381195 38.88026809692383 0.07199999690055847 2.276276111602783
1 0.06800376623868942 2.720004081726074 0.05000162869691849 14.853796005249023 0.0460052452981472 17.929378509521484 0.03195898234844208 36.124385833740234
1 0.05001113563776016 14.794822692871094 0.0680004209280014 3.9173831939697266 0.06900027394294739 2.9060778617858887 0.050008904188871384 14.392091751098633
3 0.06502622365951538 9.343180656433105 0.03402359038591385 61.347286224365234 0.05200297757983208 24.818479537963867 0.05400611832737923 21.71500015258789
2 0.04000673443078995 34.016056060791016 0.08000022917985916 0.5821021199226379 0.03501201793551445 42.58206558227539 0.07500076293945312 1.6024426221847534
3 0.05200432986021042 20.88409996032715 0.041014689952135086 37.005035400390625 0.07900000363588333 0.3105928599834442 0.0760006234049797 1.6849478483200073
2 0.04800495505332947 22.232431411743164 0.053005628287792206 16.145952224731445 0.04001637548208237 33.589149475097656 0.03901508077979088 36.07633590698242
2 0.040010739117860794 34.48474884033203 0.05600160360336304 12.887761116027832 0.04800453037023544 22.61603355407715 0.041011203080415726 33.322330474853516
2 0.06700000166893005 6.100317478179932 0.08200004696846008 0.5932530760765076 0.07404490560293198 1.7954590320587158 0.06400345265865326 6.476775169372559
2 0.07999999821186066 1.2548578977584839 0.06102864444255829 10.188241004943848 0.07501570135354996 1.9800875186920166 0.0570012591779232 13.358380317687988
4 0.07700126618146896 2.121249198913574 0.05600624158978462 26.04623794555664 0.07904808968305588 1.3879444599151611 0.06200552359223366 16.63798713684082
1 0.04100232198834419 23.340662002563477 0.0710030272603035 2.264410972595215 0.0720001757144928 1.4988828897476196 0.06800082325935364 3.4133007526397705
2 0.06300273537635803 6.566675662994385 0.08400018513202667 0.26321858167648315 0.06399019062519073 6.81491231918335 0.06797968596220016 3.5334064960479736
1 0.07000017911195755 1.8276461362838745 0.05195094645023346 8.3500337600708 0.0459754653275013 12.521538734436035 0.04800236225128174 10.788477897644043
3 0.04700440913438797 31.94590950012207 0.06400313228368759 10.432034492492676 0.05500788241624832 20.404064178466797 0.055007558315992355 19.82195281982422
2 0.07100193202495575 3.6416218280792236 0.03301430493593216 49.895713806152344 0.030024472624063492 55.903221130371094 0.07400000095367432 2.174132823944092
1 0.048008356243371964 13.930843353271484 0.06000523269176483 7.1505231857299805 0.05800451338291168 8.086387634277344 0.07200084626674652 1.3495128154754639
2 0.07502537220716476 1.7252857685089111 0.0770002081990242 1.0997685194015503 0.03101763315498829 65.2237548828125 0.05999636650085449 9.964116096496582
3 0.03401830047369003 55.63459777832031 0.0300205759704113 65.90510559082031 0.07103186100721359 3.0554239749908447 0.03401773422956467 56.226341247558594
4 0.0490410253405571 30.881057739257812 0.0630016028881073 12.714792251586914 0.050015080720186234 31.789608001708984 0.04901452362537384 31.78978157043457
3 0.04401431605219841 36.121864318847656 0.07500003278255463 1.8797239065170288 0.07000239938497543 4.618095874786377 0.04800807684659958 27.746402740478516
2 0.0620078481733799 6.694940567016602 0.07600031793117523 0.9834904670715332 0.07100719958543777 2.7475335597991943 0.07200033962726593 2.106327772140503
2 0.06400688737630844 6.062038421630859 0.039005886763334274 29.7066707611084 0.06600074470043182 4.1402268409729 0.0729999989271164 1.5314708948135376
3 0.05001125857234001 24.188385009765625 0.03301982954144478 57.908966064453125 0.04301295429468155 36.28493118286133 0.038017258048057556 46.38370132446289
1 0.05298975855112076 6.1539306640625 0.0610005259513855 3.991720199584961 0.05100351199507713 7.113019943237305 0.08400003612041473 0.0
4 0.05503728240728378 28.552947998046875 0.06900174170732498 8.348917961120605 0.0750013142824173 3.1231400966644287 0.040021855384111404 64.0085220336914
2 0.044996749609708786 28.531436920166016 0.06700059026479721 6.101693630218506 0.07998441904783249 0.9077348709106445 0.08100000023841858 0.5593821406364441
2 0.052004508674144745 15.812699317932129 0.03302331268787384 47.664180755615234 0.07500072568655014 1.6656484603881836 0.08299999684095383 0.0
2 0.05699577555060387 12.573738098144531 0.04401632398366928 29.25391387939453 0.042013779282569885 33.611141204833984 0.08500000089406967 0.0
1 0.04500998556613922 16.976512908935547 0.07700055837631226 0.8826577663421631 0.07100045680999756 1.3267300128936768 0.06600026786327362 2.9171690940856934
1 0.05800030753016472 9.504412651062012 0.05100231245160103 12.478445053100586 0.03801557794213295 26.47385597229004 0.05901234224438667 9.043442726135254
3 0.06304272264242172 8.07105541229248 0.05900175869464874 13.513945579528809 0.0770009234547615 1.6506363153457642 0.05200241133570671 21.826744079589844
1 0.05700047314167023 6.262714385986328 0.0510016530752182 8.581811904907227 0.04696886986494064 10.40394401550293 0.04800146445631981 10.391444206237793
1 0.051000937819480896 7.8317341804504395 0.04799463599920273 8.237486839294434 0.07500045001506805 0.41015201807022095 0.06200128793716431 3.7589519023895264
4 0.07000897824764252 7.282256126403809 0.03503365442156792 80.39737701416016 0.04901821166276932 39.601436614990234 0.07000065594911575 7.104720115661621
1 0.04701724648475647 18.19162940979004 0.03200916573405266 37.01495361328125 0.05700862780213356 9.806530952453613 0.05299890786409378 11.931427955627441
2 0.03001864068210125 41.09656524658203 0.0350126251578331 31.88188934326172 0.034016553312540054 33.94647979736328 0.0689999982714653 2.763099431991577
4 0.04102765768766403 49.81239700317383 0.07000064849853516 6.015974998474121 0.059001773595809937 17.354217529296875 0.07600603252649307 2.1196041107177734
2 0.05800632759928703 9.952139854431152 0.044006314128637314 23.87971305847168 0.03901142627000809 31.845842361450195 0.0400092750787735 29.59641456604004
3 0.04002881422638893 45.85165786743164 0.07100406289100647 4.101578712463379 0.04401746392250061 37.627342224121094 0.030038101598620415 70.50471496582031
4 0.07199999690055847 5.153764724731445 0.0820000022649765 1.604597568511963 0.0380132682621479 68.51448822021484 0.05401106923818588 28.73485565185547
1 0.06199999898672104 4.29823637008667 0.04300778731703758 18.67896270751953 0.06295434385538101 3.79835844039917 0.07000000029802322 1.925560712814331
4 0.07401259243488312 3.2321345806121826 0.03802453354001045 60.094356536865234 0.030016880482435226 82.51428985595703 0.06602109968662262 9.361644744873047
2 0.059023406356573105 12.840042114257812 0.049011070281267166 23.133338928222656 0.07297957688570023 2.310163974761963 0.06400103867053986 8.611413955688477
1 0.052001405507326126 6.582736015319824 0.07100013643503189 1.0502046346664429 0.08299999684095383 0.0 0.03701700270175934 18.355121612548828
4 0.051014918833971024 29.617406845092773 0.072011798620224 4.607938289642334 0.055002640932798386 23.43814468383789 0.037021704018116 64.0608901977539
3 0.03402714803814888 63.535301208496094 0.04302072525024414 42.209312438964844 0.07100088149309158 4.012186050415039 0.040017127990722656 49.117698669433594
3 0.044990699738264084 36.13936996459961 0.08399999886751175 0.12738974392414093 0.03002115897834301 67.78095245361328 0.07800000160932541 1.0523622035980225
4 0.04801215976476669 34.06661605834961 0.08299999684095383 1.6326162815093994 0.07200007140636444 3.858088970184326 0.08000044524669647 1.0622557401657104
4 0.057961396872997284 19.4822940826416 0.08100002259016037 1.8575084209442139 0.07600811868906021 2.516930103302002 0.05700654163956642 21.69009017944336
2 0.07900000363588333 1.33723783493042 0.03602432459592819 39.61427307128906 0.030015569180250168 51.24049758911133 0.04001128673553467 32.163578033447266
1 0.05400000140070915 7.934952735900879 0.07300033420324326 1.0196049213409424 0.033008769154548645 28.05961799621582 0.06000083312392235 7.096997261047363
1 0.07696432620286942 0.06426814943552017 0.0729999989271164 0.6345391869544983 0.03302061930298805 19.410524368286133 0.0680222362279892 0.9928989410400391
4 0.04601697251200676 44.00973129272461 0.0440201498568058 49.2720947265625 0.06700165569782257 10.010004043579102 0.08299999684095383 1.3978369235992432
4 0.08000002801418304 1.4637553691864014 0.0410192646086216 53.84819793701172 0.07000128924846649 6.192677974700928 0.047023288905620575 39.0947265625
1 0.05800388380885124 4.177026748657227 0.05300086736679077 6.171225070953369 0.04900187999010086 8.634748458862305 0.059000059962272644 3.9546396732330322
2 0.0430123545229435 26.162403106689453 0.03201998770236969 39.868228912353516 0.05200145021080971 14.798274040222168 0.0630061998963356 6.595537185668945
1 0.05502716079354286 9.467412948608398 0.07100000232458115 1.4040623903274536 0.07900000363588333 0.47206956148147583 0.07300034165382385 1.386945366859436
1 0.04300879314541817 15.754119873046875 0.03900693729519844 38.606544494628906 0.05300547927618027 10.097543716430664 0.05700056254863739 7.2121100425720215
2 0.05099152401089668 16.145645141601562 0.033011097460985184 40.197113037109375 0.06301277875900269 6.810840129852295 0.07800008356571198 0.8963901996612549
4 0.032025836408138275 82.78823852539062 0.047021638602018356 41.850746154785156 0.07604426890611649 2.645535469055176 0.03602859005331993 72.10181427001953
3 0.08300410956144333 0.0 0.05000725015997887 26.594615936279297 0.07495464384555817 2.4362659454345703 0.03901510313153267 49.290401458740234
3 0.03802677243947983 48.8762321472168 0.07900076359510422 0.7911063432693481 0.06000962853431702 13.407426834106445 0.054005179554224014 20.815549850463867
1 0.06304500997066498 2.592142343521118 0.0430152453482151 12.022153854370117 0.06800001859664917 1.2069698572158813 0.06000041216611862 3.4659433364868164
2 0.04504946991801262 25.085046768188477 0.06100102886557579 9.67198371887207 0.04000641033053398 32.300025939941406 0.039014801383018494 34.01283264160156
3 0.08000001311302185 1.7979933023452759 0.06101106107234955 13.303984642028809 0.07600145041942596 2.101914882659912 0.03897968307137489 51.67116165161133
4 0.05300590768456459 26.217830657958984 0.0360284261405468 66.41455841064453 0.030029207468032837 91.40472412109375 0.03502855822443962 69.781494140625
3 0.08000001311302185 1.787492275238037 0.08500000089406967 0.0 0.03801460936665535 56.143558502197266 0.05700177699327469 19.16029930114746
3 0.08100134879350662 0.6647176146507263 0.05102173984050751 25.039045333862305 0.0350349098443985 56.82261657714844 0.05400250852108002 21.289335250854492
3 0.05396199971437454 23.481441497802734 0.06300872564315796 12.191452026367188 0.033038485795259476 68.41156768798828 0.06597577780485153 8.620841026306152
1 0.07300063967704773 1.0257678031921387 0.06600093096494675 3.9353182315826416 0.061001550406217575 6.240123748779297 0.0439542792737484 18.69602394104004
2 0.07999999821186066 1.2186872959136963 0.055953264236450195 14.861400604248047 0.05400768294930458 17.182907104492188 0.07500023394823074 1.622110366821289
4 0.07402045279741287 3.486769914627075 0.08500000089406967 0.9408892393112183 0.042019203305244446 55.67141342163086 0.0690159872174263 7.448818683624268
4 0.04303855076432228 56.76750564575195 0.07100066542625427 6.260933876037598 0.08500000089406967 1.2583446502685547 0.031035423278808594 90.20771789550781
3 0.06100902706384659 12.932106971740723 0.03901232033967972 54.36003112792969 0.05600704252719879 20.899314880371094 0.06500741839408875 10.200188636779785
3 0.052009668201208115 21.972579956054688 0.08400416374206543 0.5573410987854004 0.07500063627958298 2.1160988807678223 0.0440138578414917 34.1868896484375
3 0.038977429270744324 44.8195686340332 0.05802011117339134 14.782238006591797 0.08100000023841858 0.5509058833122253 0.0760004073381424 1.6800278425216675
3 0.065005362033844 9.140976905822754 0.0490109957754612 27.042415618896484 0.035015616565942764 54.58433151245117 0.05100639909505844 24.221073150634766
1 0.06300005316734314 5.894893646240234 0.0820000022649765 0.02928340807557106 0.07201267778873444 1.6128262281417847 0.06000067666172981 7.24161434173584
4 0.06600791215896606 8.673521995544434 0.034021951258182526 68.04485321044922 0.05502144619822502 22.476051330566406 0.045952294021844864 38.636356353759766
3 0.033032096922397614 64.7769546508789 0.08200502395629883 0.5851207971572876 0.03901730477809906 49.28083419799805 0.06000120937824249 14.89116096496582
4 0.07100355625152588 5.304416179656982 0.07600074261426926 2.354200839996338 0.08399999886751175 0.920964241027832 0.07500037550926208 2.7864699363708496
2 0.0650000050663948 7.822941303253174 0.07200081646442413 2.4435317516326904 0.06600061058998108 6.6639628410339355 0.07200077921152115 2.6820695400238037
4 0.062002263963222504 16.642026901245117 0.07200077921152115 5.292728424072266 0.04801877960562706 42.35536575317383 0.030039796605706215 98.36714172363281
3 0.046021055430173874 29.252988815307617 0.055043064057826996 17.116844177246094 0.08000019937753677 0.45089951157569885 0.06700306385755539 6.3568830490112305
1 0.0380089096724987 13.942473411560059 0.04200240597128868 11.736163139343262 0.05100174993276596 6.704340934753418 0.03301338478922844 17.288576126098633
4 0.04202777147293091 57.83998107910156 0.052010245621204376 32.98398971557617 0.03902781382203102 66.5316162109375 0.05700233206152916 24.508586883544922
3 0.07800000160932541 1.3788471221923828 0.05700109899044037 17.998918533325195 0.0340256541967392 65.35610961914062 0.07900000363588333 0.788874089717865
4 0.03698715567588806 62.59413528442383 0.05103191360831261 30.219249725341797 0.07900000363588333 1.436220407485962 0.0780009850859642 1.6309016942977905
1 0.06499999761581421 1.7455562353134155 0.05900748074054718 3.7168030738830566 0.05700279027223587 4.797285556793213 0.04300481453537941 11.7955961227417
2 0.03301690146327019 41.50817108154297 0.05400400608778 13.162986755371094 0.0770387202501297 0.7097541093826294 0.030018383637070656 48.16157531738281
4 0.08100084215402603 0.43298065662384033 0.06999970972537994 6.421212673187256 0.07999999821186066 1.43667733669281 0.08000053465366364 1.1040332317352295
4 0.0400223508477211 62.89271545410156 0.030045364052057266 96.81116485595703 0.031032558530569077 93.4487533569336 0.05700234696269035 23.74962615966797
2 0.062015600502491 7.115470886230469 0.05700388550758362 12.438742637634277 0.0560070164501667 13.539451599121094 0.06800252199172974 4.4864702224731445
1 0.06900185346603394 2.226994514465332 0.05300033092498779 8.797917366027832 0.060000769793987274 5.5090107917785645 0.08399999886751175 0.0
2 0.030015910044312477 55.488773345947266 0.08500006049871445 0.0 0.04400665685534477 29.527324676513672 0.031034592539072037 54.43136978149414
4 0.03802361339330673 67.46284484863281 0.08300148695707321 0.0 0.08500000089406967 0.33177459239959717 0.04501843452453613 47.47180938720703
1 0.06400036811828613 4.994888782501221 0.03301285207271576 27.423337936401367 0.05600159987807274 8.726625442504883 0.04400354251265526 14.85218334197998
1 0.06696309894323349 3.2881057262420654 0.03001798503100872 36.29010772705078 0.05900000035762787 6.280569076538086 0.07800024002790451 0.4376160204410553
2 0.058001041412353516 11.415371894836426 0.0540020689368248 12.211980819702148 0.05000383406877518 0.0 0.06700612604618073 4.87222146987915
1 0.05400000140070915 7.453159332275391 0.0389556959271431 16.63149070739746 0.03900615870952606 17.43067741394043 0.05700499936938286 4.970856666564941
2 0.07599999755620956 1.469313621520996 0.0620015412569046 8.023265838623047 0.050004344433546066 17.14575958251953 0.07800000160932541 0.8517838716506958
2 0.050006989389657974 18.154035568237305 0.04100769758224487 28.671545028686523 0.04901071637868881 18.649845123291016 0.04198811575770378 27.931804656982422
1 0.07000450789928436 1.7956533432006836 0.04601162299513817 15.919771194458008 0.08100012689828873 0.21348732709884644 0.034016888588666916 31.224037170410156
2 0.08100078254938126 1.0727105140686035 0.06700434535741806 5.241388320922852 0.07600019127130508 1.2800312042236328 0.06100098043680191 10.452535629272461
2 0.058000922203063965 10.987317085266113 0.031024307012557983 40.827659606933594 0.04400612786412239 22.13190269470215 0.08300016820430756 0.605385959148407
2 0.059013500809669495 12.862725257873535 0.08399999886751175 0.0 0.07101356983184814 3.020737409591675 0.05503423884510994 16.81241226196289
2 0.05101940780878067 14.975101470947266 0.04200630635023117 25.349143981933594 0.0839877724647522 0.4602322280406952 0.03501545637845993 35.726905822753906
4 0.03403091058135033 67.70386505126953 0.04602327570319176 38.61930847167969 0.07000051438808441 5.584871292114258 0.04002704843878746 53.31637191772461
3 0.08399999886751175 0.0 0.0530104823410511 20.108476638793945 0.0330306813120842 57.69396209716797 0.06600009649991989 7.464270114898682
3 0.06500869244337082 7.423763275146484 0.0410265251994133 37.59789276123047 0.06500069051980972 7.052155494689941 0.05004256218671799 23.649106979370117
3 0.05400186404585838 21.842113494873047 0.06600366532802582 8.482486724853516 0.04004931449890137 46.97992706298828 0.08100239187479019 0.1874925196170807
1 0.04100760072469711 20.47117042541504 0.08004755526781082 0.09463918954133987 0.04603083059191704 12.923351287841797 0.04600478708744049 14.226744651794434
3 0.06300075352191925 10.107573509216309 0.041011881083250046 40.21324157714844 0.06500072032213211 7.298917770385742 0.03302780166268349 57.63986587524414
1 0.03401561081409454 17.66915512084961 0.04300534725189209 12.119671821594238 0.06200260668992996 3.7855567932128906 0.08503563702106476 0.0
3 0.046010736376047134 38.55086898803711 0.04001552611589432 51.973419189453125 0.061001576483249664 14.770647048950195 0.043008625507354736 44.8414421081543
1 0.060000404715538025 5.733373641967773 0.07599999755620956 0.3566525876522064 0.06600037217140198 2.9816179275512695 0.04000465199351311 16.309062957763672
2 0.06099991127848625 6.126644611358643 0.06000465154647827 9.206536293029785 0.06600265949964523 5.556159019470215 0.049005381762981415 19.395160675048828
3 0.0450153574347496 38.320953369140625 0.03901662304997444 53.77898025512695 0.032032135874032974 74.68490600585938 0.04300963133573532 43.95964431762695
3 0.07901252061128616 1.5611101388931274 0.039012882858514786 45.7672004699707 0.03702068328857422 50.792110443115234 0.04801254719495773 28.216917037963867
3 0.05502414330840111 17.817520141601562 0.04501357674598694 33.28633499145508 0.030035827308893204 67.39875793457031 0.03002496249973774 63.47867202758789
4 0.031031528487801552 81.85150146484375 0.04501703009009361 42.468387603759766 0.0440186932682991 45.350772857666016 0.052016112953424454 28.92451286315918
3 0.07502550631761551 1.7062625885009766 0.05500827729701996 16.68910026550293 0.03302279859781265 56.43950653076172 0.07699999958276749 1.6570965051651
3 0.06200703606009483 11.14986801147461 0.07700091600418091 1.619734525680542 0.07600100338459015 1.7523237466812134 0.06000236049294472 12.965178489685059
3 0.06700000166893005 6.457433223724365 0.0400080680847168 38.94963455200195 0.0689999982714653 5.3223443031311035 0.0340181328356266 50.72135925292969
4 0.04203895106911659 58.971771240234375 0.044018395245075226 52.68721008300781 0.057005174458026886 24.31682014465332 0.03602592274546623 77.58242797851562
3 0.05800739303231239 14.14719009399414 0.07500188797712326 2.1006124019622803 0.04301498085260391 33.54998779296875 0.07300234586000443 2.299567699432373
4 0.06903582811355591 8.34862995147705 0.031040098518133163 93.50006103515625 0.07300020009279251 4.297586441040039 0.05697605013847351 23.86060905456543
1 0.0569789856672287 6.049826145172119 0.06700000166893005 1.6879429817199707 0.07500000298023224 0.8684511184692383 0.07000016421079636 1.8056358098983765
3 0.07199999690055847 3.498476505279541 0.07596023380756378 1.8915364742279053 0.05901174247264862 14.357171058654785 0.03801805526018143 48.672462463378906
3 0.0750255435705185 1.8969950675964355 0.03801654651761055 47.010986328125 0.032018423080444336 62.159976959228516 0.05100597068667412 23.857349395751953
4 0.07502570003271103 2.7466137409210205 0.03302821144461632 71.48384857177734 0.03602411597967148 62.8538818359375 0.07600275427103043 2.3797194957733154
2 0.033009663224220276 40.82191467285156 0.0729999989271164 1.8086295127868652 0.059008412063121796 10.458296775817871 0.05500180274248123 12.560498237609863
1 0.07300033420324326 1.0067939758300781 0.07800000160932541 0.2201591581106186 0.07100000232458115 1.4635385274887085 0.05101463943719864 9.498473167419434
3 0.05701339244842529 15.674445152282715 0.08400002121925354 0.0 0.04504390060901642 34.31496810913086 0.03001498244702816 69.0369644165039
2 0.05502623692154884 8.266890525817871 0.05900195240974426 8.820959091186523 0.06500228494405746 5.388039588928223 0.031011031940579414 39.619991302490234
1 0.07199999690055847 1.1962110996246338 0.07699999958276749 0.7208009958267212 0.08399999886751175 0.0 0.07500029355287552 1.000751256942749
4 0.07400082051753998 3.3404154777526855 0.03602835163474083 70.29043579101562 0.07699999958276749 2.43049955368042 0.03902430087327957 62.359371185302734
1 0.06095355749130249 6.093278884887695 0.05304335430264473 10.305755615234375 0.07900000363588333 0.1801605522632599 0.06200871616601944 3.5232090950012207
4 0.056000906974077225 25.287487030029297 0.08500001579523087 0.7275650501251221 0.05104448273777962 33.21403121948242 0.03203769400715828 86.83676147460938
2 0.0690004974603653 2.946509838104248 0.06800329685211182 3.963419198989868 0.07999999821186066 0.8165999054908752 0.03299080207943916 39.30298614501953
4 0.049048569053411484 29.50366973876953 0.05701230838894844 21.187129974365234 0.0710093155503273 5.158068656921387 0.06400525569915771 12.61898136138916
2 0.07700846344232559 0.9427627325057983 0.04801952466368675 22.945634841918945 0.053005561232566833 16.29007911682129 0.033040519803762436 51.51023483276367
4 0.06302966177463531 14.345380783081055 0.06300531327724457 13.946234703063965 0.07900000363588333 1.013693928718567 0.06700131297111511 9.62329387664795
1 0.04102253541350365 16.499963760375977 0.07700652629137039 0.4968523681163788 0.059006042778491974 4.677700042724609 0.051004763692617416 10.58886432647705
2 0.06300000101327896 9.060672760009766 0.04302119091153145 26.991069793701172 0.06900004297494888 3.75655198097229 0.08300215750932693 0.0
3 0.08300407975912094 0.0 0.07600058615207672 1.7087962627410889 0.062003135681152344 10.020146369934082 0.053973488509655 18.271333694458008
3 0.03302236646413803 56.186683654785156 0.04101170226931572 39.35558319091797 0.043011877685785294 35.40294647216797 0.08000291883945465 0.3926903009414673
1 0.04500492662191391 18.510799407958984 0.04400915652513504 19.641529083251953 0.07900000363588333 0.7480589747428894 0.03401588276028633 32.455020904541016
3 0.07502548396587372 1.6820827722549438 0.07700016349554062 1.2610561847686768 0.04700221121311188 27.29317855834961 0.08299999684095383 0.8418115973472595
2 0.046021994203329086 27.013704299926758 0.07000000029802322 4.8550825119018555 0.08399999886751175 0.0 0.061000969260931015 10.137998580932617
3 0.055026255548000336 17.88860511779785 0.03602944687008858 53.80118179321289 0.07800754904747009 0.8571112751960754 0.042049989104270935 39.798377990722656
2 0.07300545275211334 2.193925619125366 0.07800038158893585 0.933055579662323 0.03102455474436283 59.656734466552734 0.0310224462300539 53.36534118652344
1 0.07296943664550781 0.9970584511756897 0.07400000095367432 0.6606955528259277 0.07999999821186066 0.11535593867301941 0.040006496012210846 16.50204086303711
1 0.0609535351395607 5.994776248931885 0.08100028336048126 0.19683027267456055 0.03897663205862045 21.524349212646484 0.07600221037864685 0.5607974529266357
1 0.07800000160932541 1.0886259078979492 0.057002801448106766 9.231611251831055 0.05900053679943085 7.420231819152832 0.06200098618865013 5.688525199890137
1 0.04502023383975029 14.353815078735352 0.037950947880744934 22.938945770263672 0.061000607907772064 6.360783100128174 0.06700059026479721 2.9958643913269043
4 0.04002440348267555 52.17637252807617 0.07600118964910507 2.1657555103302 0.08399999886751175 0.7484740018844604 0.044014278799295425 42.75137710571289
1 0.05299999937415123 6.979805946350098 0.0570000596344471 4.6663498878479 0.03600376471877098 15.653071403503418 0.03400760516524315 16.748126983642578
2 0.0719674676656723 2.684252977371216 0.07700046896934509 1.2563413381576538 0.08399999886751175 0.0 0.0570092648267746 13.761617660522461
4 0.04102778062224388 58.68320846557617 0.03303179889917374 85.90641021728516 0.05400363728404045 28.893686294555664 0.08000081032514572 1.6718151569366455
4 0.039023514837026596 63.25833511352539 0.07599999755620956 2.7698378562927246 0.04301859438419342 52.376930236816406 0.07400063425302505 3.3042726516723633
4 0.053007982671260834 28.412141799926758 0.07500100880861282 3.109318733215332 0.06900136917829514 7.881419658660889 0.04203474149107933 56.489715576171875
4 0.0820000022649765 0.8728429079055786 0.04801821708679199 38.64239501953125 0.08100000023841858 1.5144264698028564 0.03902057558298111 63.26789855957031
1 0.04601415991783142 11.15969467163086 0.05500226840376854 7.350650787353516 0.07100000232458115 1.2958136796951294 0.05000578612089157 9.811118125915527
1 0.06402291357517242 3.5615718364715576 0.08399999886751175 0.0 0.033032551407814026 29.894878387451172 0.049003083258867264 13.934574127197266
3 0.07100313156843185 5.376973628997803 0.07300077378749847 3.086909055709839 0.0490121990442276 30.592065811157227 0.06300129741430283 12.139443397521973
2 0.07200046628713608 2.525973081588745 0.05400153994560242 14.37618350982666 0.07700043171644211 1.3134357929229736 0.068000428378582 4.379570484161377
3 0.053006596863269806 20.472084045410156 0.03303629904985428 54.27516174316406 0.050018277019262314 22.141971588134766 0.03403232619166374 52.518985748291016
1 0.07102419435977936 2.489274263381958 0.04800577089190483 12.378192901611328 0.03501937538385391 23.568992614746094 0.07000143080949783 2.183852434158325
2 0.035012491047382355 35.78839111328125 0.048003580421209335 17.94013214111328 0.07500000298023224 1.0457656383514404 0.03302093222737312 37.890541076660156
3 0.060000013560056686 13.788735389709473 0.0770038440823555 1.6712517738342285 0.0390261672437191 46.01619338989258 0.06796712428331375 6.485170841217041
4 0.038018375635147095 61.635684967041016 0.06300976872444153 13.35513687133789 0.06200755387544632 14.398283004760742 0.05201374739408493 28.906967163085938
4 0.03603990748524666 75.9260482788086 0.08200303465127945 0.025446167215704918 0.08299999684095383 1.515930414199829 0.04902605712413788 38.50067901611328
3 0.07999999821186066 1.4288370609283447 0.032019443809986115 58.8795166015625 0.044012971222400665 34.18911361694336 0.06700066477060318 6.093016624450684
4 0.05801008641719818 22.532001495361328 0.07699999958276749 2.1819252967834473 0.07200724631547928 5.1493353843688965 0.06599463522434235 11.774126052856445
4 0.0670076459646225 10.498846054077148 0.06700389087200165 10.361577033996582 0.03702189773321152 72.8874740600586 0.06701389700174332 10.68682861328125
3 0.07300066202878952 2.827658176422119 0.03301975503563881 63.63520812988281 0.03502056747674942 59.03593444824219 0.042006831616163254 42.28374481201172
1 0.03402388095855713 30.62141990661621 0.07800000160932541 0.8402777314186096 0.044028859585523605 18.164947509765625 0.06802534312009811 1.796088457107544
1 0.056002821773290634 8.76689624786377 0.05600324645638466 7.459695816040039 0.08300416171550751 0.0 0.03300916776061058 26.4872989654541
1 0.0390055775642395 17.45255470275879 0.036005113273859024 17.95970916748047 0.03800445422530174 16.662006378173828 0.08100000023841858 0.0
1 0.05100157484412193 7.470922470092773 0.05700000002980232 4.517183780670166 0.03100496530532837 20.81436538696289 0.05900049954652786 4.446651458740234
1 0.0410364605486393 18.62837791442871 0.0630008801817894 3.999957799911499 0.06696534901857376 2.9443657398223877 0.06200077757239342 4.59797477722168
4 0.04502216354012489 50.48926544189453 0.06701140850782394 10.738577842712402 0.04301360249519348 55.38674545288086 0.05696072429418564 24.056591033935547
3 0.03302564099431038 62.271026611328125 0.07699999958276749 2.159804582595825 0.032029036432504654 64.74552154541016 0.06500569730997086 9.157428741455078
3 0.060001205652952194 9.82608413696289 0.07299720495939255 2.360874652862549 0.08200003951787949 0.3722288906574249 0.07100040465593338 3.756502866744995
2 0.0450044721364975 21.012052536010742 0.04200803488492966 23.52654457092285 0.044006843119859695 23.133634567260742 0.07600744813680649 1.2119688987731934
3 0.0630066841840744 11.0259370803833 0.07502744346857071 2.306025981903076 0.08299999684095383 0.8561581969261169 0.06203455850481987 11.704195022583008
3 0.05902741104364395 13.041214942932129 0.05300459265708923 19.822528839111328 0.061003223061561584 11.546032905578613 0.05101057514548302 22.05721664428711
2 0.07100142538547516 2.779526472091675 0.08500000089406967 0.0 0.07701901346445084 1.1921281814575195 0.03901098668575287 33.711666107177734
2 0.05700000748038292 13.652568817138672 0.060966506600379944 10.451605796813965 0.059006091207265854 12.733077049255371 0.08399999886751175 0.0
4 0.05900577828288078 21.093067169189453 0.078964963555336 2.656477451324463 0.07700242847204208 2.4659078121185303 0.08100048452615738 1.392838716506958
2 0.05900973826646805 7.303436279296875 0.030021026730537415 35.203163146972656 0.07300001382827759 1.49983549118042 0.05204353109002113 12.876459121704102
2 0.032016556710004807 53.8245849609375 0.05600346624851227 14.271529197692871 0.06500454992055893 6.977558612823486 0.04501406103372574 28.093358993530273
3 0.04501771554350853 38.74216842651367 0.04901299253106117 30.574819564819336 0.056007564067840576 19.387807846069336 0.07400195300579071 2.842118501663208
3 0.042012475430965424 44.2879524230957 0.06500108540058136 9.125445365905762 0.03602172061800957 58.907188415527344 0.0720188170671463 3.485285997390747
2 0.07502537965774536 1.7022864818572998 0.04701094701886177 22.833208084106445 0.0840001329779625 0.6592432260513306 0.07198811322450638 2.5607492923736572
2 0.08100000023841858 0.0 0.04900990426540375 14.582296371459961 0.06200019642710686 5.9142913818359375 0.06000414490699768 8.043910026550293
4 0.030041256919503212 86.07072448730469 0.05800485610961914 20.342945098876953 0.0760013610124588 2.39397931098938 0.047016728669404984 38.246891021728516
1 0.07102472335100174 0.5808677673339844 0.03701535612344742 15.628190040588379 0.055991142988204956 5.857918739318848 0.07700178027153015 0.47966548800468445
2 0.08500000089406967 0.0 0.04500824585556984 27.393173217773438 0.06300614774227142 6.940898418426514 0.07700040936470032 0.9434988498687744
3 0.0650244727730751 9.40250301361084 0.03902393952012062 52.81234359741211 0.056011080741882324 20.152082443237305 0.07900020480155945 1.7687209844589233
3 0.05101478099822998 22.606300354003906 0.031047774478793144 62.91757583618164 0.07800000160932541 1.2247871160507202 0.05101194605231285 22.764083862304688
4 0.06900680065155029 6.976741790771484 0.05900907516479492 18.591699600219727 0.0580095537006855 19.538360595703125 0.0560101680457592 22.81179428100586
3 0.07400467246770859 2.412816047668457 0.03902031481266022 50.075897216796875 0.06300140917301178 11.674382209777832 0.061006829142570496 13.130481719970703
2 0.07502541691064835 1.7083605527877808 0.04401035234332085 28.09187126159668 0.08100804686546326 0.0 0.07500043511390686 1.5895527601242065
4 0.06500077247619629 12.029789924621582 0.06900191307067871 7.870602607727051 0.04203726351261139 55.63833236694336 0.07304013520479202 3.9780828952789307
4 0.04901249334216118 39.87050247192383 0.074016273021698 3.5096609592437744 0.05300559103488922 30.157651901245117 0.06900115311145782 7.805817127227783
2 0.08300406485795975 0.0 0.04404030367732048 26.254117965698242 0.05400176718831062 15.540461540222168 0.041019003838300705 32.936195373535156
4 0.056021761149168015 24.34002685546875 0.0809766873717308 0.8848076462745667 0.05800732970237732 21.867279052734375 0.08496347814798355 1.2374536991119385
1 0.0640006959438324 3.87168288230896 0.049001406878232956 11.888711929321289 0.052004776895046234 8.606827735900879 0.050005003809928894 9.627202987670898
4 0.07199999690055847 3.9368772506713867 0.07800076901912689 1.541459560394287 0.0660012736916542 9.967838287353516 0.07900000363588333 0.9694544076919556
2 0.040035832673311234 31.9931697845459 0.07000452280044556 3.654341220855713 0.06800320744514465 4.4501423835754395 0.061003655195236206 9.122271537780762
3 0.05502345412969589 18.457637786865234 0.08000089973211288 1.6186658143997192 0.05500192567706108 20.72897720336914 0.05401027947664261 22.780298233032227
2 0.07800357043743134 0.6125187873840332 0.04801672697067261 24.0227108001709 0.05800115689635277 12.694815635681152 0.062003087252378464 9.64577579498291
4 0.05102761089801788 34.75080108642578 0.04201757162809372 57.836830139160156 0.059023261070251465 20.77257537841797 0.05900769308209419 21.079118728637695
2 0.049045346677303314 20.964160919189453 0.05700359493494034 12.12865161895752 0.07400232553482056 1.8624941110610962 0.04001228138804436 32.8359375
2 0.044014010578393936 27.20896339416504 0.04101024568080902 31.81796646118164 0.07801555842161179 0.9054170250892639 0.0650039091706276 5.461424827575684
2 0.049044184386730194 16.605234146118164 0.06500046700239182 5.039104461669922 0.04501509666442871 22.48413848876953 0.031023254618048668 42.23081588745117
1 0.0729999989271164 1.0675057172775269 0.03601498156785965 23.548377990722656 0.07200160622596741 1.0607810020446777 0.06100047379732132 6.065403938293457
4 0.052015695720911026 26.939983367919922 0.08500000089406967 0.0 0.06700456887483597 8.607657432556152 0.043013881891965866 45.51451873779297
4 0.047028541564941406 41.55881118774414 0.07700258493423462 2.5706050395965576 0.04700487107038498 42.63955307006836 0.06300202757120132 14.326370239257812
3 0.05902013182640076 12.866527557373047 0.05200577899813652 20.26370620727539 0.04301329329609871 34.436710357666016 0.07100043445825577 4.035242080688477
3 0.053007274866104126 20.573537826538086 0.07500066608190536 1.8063886165618896 0.06500387191772461 8.250903129577637 0.08400044590234756 0.685552716255188
4 0.04003549739718437 59.42824935913086 0.0490172915160656 36.67802429199219 0.08300338685512543 0.0 0.06501094996929169 11.863348007202148
4 0.045006535947322845 43.26683044433594 0.08400063216686249 0.5343841314315796 0.08200046420097351 0.4466981589794159 0.07403310388326645 3.1722517013549805
1 0.04001320153474808 24.908018112182617 0.050002604722976685 14.779864311218262 0.031013205647468567 36.06523132324219 0.05400090292096138 9.941306114196777
4 0.04502179101109505 50.85968780517578 0.08301635831594467 0.0 0.06401064991950989 14.234188079833984 0.05600516125559807 26.50094223022461
2 0.08300404250621796 0.6206925511360168 0.0700010135769844 3.06136417388916 0.08100023120641708 0.4476582407951355 0.06500095129013062 4.4113450050354
1 0.062000516802072525 4.756466388702393 0.03802613168954849 18.629840850830078 0.08500000089406967 0.0 0.07900000363588333 0.06547633558511734
4 0.06399264186620712 13.690691947937012 0.05800531432032585 22.049406051635742 0.0330449603497982 81.9327392578125 0.032033707946538925 85.35555267333984
3 0.05800000950694084 14.663703918457031 0.03002469427883625 62.64854049682617 0.08400340378284454 1.1115211248397827 0.08100071549415588 0.21332480013370514
3 0.08196225017309189 1.3088366985321045 0.031023887917399406 73.46463012695312 0.04002795368432999 44.94915008544922 0.04401619732379913 36.46366500854492
2 0.04002998396754265 35.05739974975586 0.07900000363588333 1.2320120334625244 0.04002940654754639 34.05633544921875 0.04001261666417122 36.08470916748047
2 0.07699999958276749 1.1645089387893677 0.05700536444783211 12.54328441619873 0.05600716173648834 13.265474319458008 0.05600491538643837 13.382364273071289
4 0.07599999755620956 2.670097827911377 0.04802767559885979 35.97861099243164 0.06700140237808228 9.106805801391602 0.0660059005022049 10.306940078735352
2 0.07900000363588333 1.0703563690185547 0.07300075888633728 1.6534382104873657 0.06996184587478638 3.2127857208251953 0.03801102191209793 33.51995086669922
1 0.07695850729942322 0.09055823087692261 0.039004214107990265 15.112654685974121 0.03401121124625206 18.159801483154297 0.08000340312719345 0.3576586842536926
4 0.03003305196762085 88.63167572021484 0.03102828562259674 83.19728088378906 0.07403334230184555 3.09592604637146 0.07096591591835022 5.462447643280029
4 0.06100942939519882 13.886162757873535 0.03003312274813652 82.19561004638672 0.045010194182395935 42.00592041015625 0.056024860590696335 21.601375579833984
4 0.03604227304458618 74.5648193359375 0.03302086144685745 85.49766540527344 0.053009215742349625 30.677642822265625 0.03502444177865982 78.58738708496094
2 0.06199999898672104 6.099893569946289 0.08504829555749893 0.0 0.043007560074329376 20.78752326965332 0.060000646859407425 6.753855228424072
4 0.030037356540560722 93.34292602539062 0.0820000022649765 0.14348959922790527 0.0490187406539917 38.52735137939453 0.04501819238066673 48.70391082763672
2 0.06700000166893005 5.921278953552246 0.08500009775161743 0.0 0.058000583201646805 11.593011856079102 0.05200337991118431 17.731277465820312
4 0.08000003546476364 1.2817074060440063 0.038025278598070145 64.9744644165039 0.05700967088341713 22.443525314331055 0.03704288974404335 68.22296142578125
3 0.06100727245211601 13.048352241516113 0.06400234252214432 9.04533576965332 0.04500282183289528 32.40586853027344 0.032019007951021194 61.524940490722656
1 0.04500030726194382 10.211138725280762 0.03400310501456261 17.24286651611328 0.07100002467632294 0.8477439880371094 0.07100031524896622 0.8188314437866211
3 0.04402506723999977 33.17823791503906 0.05101122707128525 22.05217170715332 0.04401131719350815 32.971099853515625 0.032031986862421036 57.54744338989258
4 0.07100369781255722 5.167943477630615 0.033974695950746536 71.53303527832031 0.07103315740823746 5.271148204803467 0.07498171925544739 2.6478867530822754
4 0.04801894724369049 42.395320892333984 0.06900748610496521 8.302303314208984 0.04002353921532631 63.996158599853516 0.031029408797621727 95.82664489746094
1 0.07200025767087936 1.548585057258606 0.06500114500522614 5.161067485809326 0.04000420495867729 25.29954719543457 0.04800727218389511 16.917566299438477
2 0.07502534985542297 1.7101954221725464 0.07500063627958298 1.4926519393920898 0.04300656169652939 25.368980407714844 0.03702078387141228 35.06583786010742
4 0.06300777196884155 12.833444595336914 0.04201655462384224 50.42326354980469 0.03802202641963959 61.008705139160156 0.06000863015651703 16.452335357666016
3 0.031024547293782234 68.51203918457031 0.0670003592967987 7.594782829284668 0.06299485266208649 11.207490921020508 0.03003063052892685 71.0816650390625
2 0.07999999821186066 0.0 0.07001382112503052 3.136920213699341 0.061001006513834 7.176398754119873 0.07001060247421265 2.443800449371338
1 0.06303150951862335 2.5966415405273438 0.04395605996251106 15.72677993774414 0.0480029359459877 12.245959281921387 0.05196554586291313 9.451422691345215
4 0.08100065588951111 0.35491666197776794 0.07000124454498291 5.994194030761719 0.031029706820845604 78.27568817138672 0.05701303109526634 20.207944869995117
2 0.06401477009057999 7.363135814666748 0.042011503130197525 34.585899353027344 0.08300063759088516 0.8574730157852173 0.0570003017783165 13.786198616027832
4 0.03103416971862316 93.10374450683594 0.03403472900390625 80.62950897216797 0.07900000363588333 2.556727170944214 0.047008950263261795 44.19219970703125
4 0.05700111761689186 22.27764892578125 0.08500000089406967 0.0 0.03802931681275368 65.4466781616211 0.058003854006528854 20.602449417114258
2 0.040010932832956314 36.26515197753906 0.07999999821186066 1.4115586280822754 0.0719698891043663 2.5290675163269043 0.05300993472337723 18.607091903686523
2 0.07200027257204056 1.622511863708496 0.07400021702051163 1.3326218128204346 0.07900000363588333 0.5749900937080383 0.05800536274909973 8.1646728515625
1 0.07200023531913757 1.5377814769744873 0.06700040400028229 4.033901214599609 0.06600371748209 4.439920425415039 0.042018186300992966 22.83001136779785
1 0.036014288663864136 13.731884002685547 0.04100339487195015 12.737268447875977 0.07100000232458115 1.89185631275177 0.06900191307067871 0.959114670753479
3 0.06500296294689178 8.560555458068848 0.04301335662603378 34.4537467956543 0.07203071564435959 3.0347964763641357 0.03002738207578659 60.068729400634766
3 0.039021603763103485 44.75862121582031 0.07200027257204056 3.419706106185913 0.053009409457445145 20.259130477905273 0.05400492250919342 19.025257110595703
2 0.08500000089406967 0.0 0.054007310420274734 16.552112579345703 0.05700600892305374 13.593012809753418 0.06400126963853836 7.973529815673828
4 0.07100340723991394 5.430492401123047 0.05001300573348999 30.172151565551758 0.054009195417165756 23.644323348999023 0.05100945755839348 28.65743637084961
2 0.06300000101327896 8.500082969665527 0.03503405302762985 44.871253967285156 0.03501661866903305 44.439796447753906 0.05701049044728279 13.32844066619873
4 0.04303859919309616 52.7823486328125 0.03303247690200806 82.4507827758789 0.07999999821186066 1.7984675168991089 0.05900087207555771 19.47180938720703
3 0.07303477823734283 2.2951407432556152 0.0790003091096878 0.9289639592170715 0.04504592716693878 29.01841163635254 0.08200928568840027 0.0
2 0.04904690757393837 23.884775161743164 0.03796837851405144 41.78992462158203 0.0660010501742363 6.888433456420898 0.043004296720027924 32.84380340576172
3 0.07002655416727066 4.682134628295898 0.07000173628330231 4.786637783050537 0.07100069522857666 4.024343013763428 0.04301712289452553 38.5142936706543
1 0.06095194071531296 3.304476737976074 0.0689999982714653 1.1917024850845337 0.06300883740186691 3.0898995399475098 0.032008733600378036 23.571321487426758
2 0.06600445508956909 5.713281154632568 0.03800699859857559 31.564462661743164 0.04600821062922478 21.04387664794922 0.07700034976005554 1.0006330013275146
1 0.06203369423747063 3.8991618156433105 0.040001917630434036 14.689784049987793 0.03800739347934723 17.279489517211914 0.06800076365470886 2.0514075756073
4 0.045014962553977966 51.114742279052734 0.04701537638902664 45.14054489135742 0.06300215423107147 15.859631538391113 0.041038695722818375 62.20026779174805
3 0.05102916061878204 21.062416076660156 0.041016820818185806 39.10340881347656 0.059006981551647186 13.654792785644531 0.03202409669756889 58.229331970214844
4 0.07400000095367432 3.6012847423553467 0.08000060170888901 1.5587996244430542 0.07601089775562286 2.82267427444458 0.05002383142709732 36.71441650390625
3 0.06900065392255783 5.606205940246582 0.030979914590716362 70.36671447753906 0.06700000166893005 7.589013576507568 0.0780009925365448 1.3106672763824463
1 0.044026464223861694 11.4835786819458 0.05800293758511543 3.9411916732788086 0.05102042481303215 7.19647741317749 0.04100487008690834 11.332350730895996
4 0.07300077378749847 4.038565635681152 0.06300820410251617 15.59201717376709 0.05100524425506592 36.06153869628906 0.08299999684095383 1.1424789428710938
4 0.07599999755620956 2.5007057189941406 0.06600536406040192 9.193560600280762 0.054010625928640366 24.577836990356445 0.0729999989271164 3.2752201557159424
3 0.047027867287397385 25.891597747802734 0.03801187127828598 43.82692337036133 0.08399999886751175 0.10925795882940292 0.06500062346458435 8.109460830688477
2 0.03900473192334175 31.09368324279785 0.05900066718459129 10.77927017211914 0.04204820841550827 26.63429832458496 0.07300246506929398 1.9148075580596924
3 0.08500000089406967 0.0 0.042016126215457916 36.75046157836914 0.03501990810036659 54.22343063354492 0.08399999886751175 0.5685643553733826
2 0.07100117951631546 1.7773771286010742 0.0570027194917202 11.222297668457031 0.05100296437740326 15.117568016052246 0.052003130316734314 14.471430778503418
1 0.06700000166893005 1.2329609394073486 0.046002861112356186 9.048665046691895 0.038974691182374954 14.260148048400879 0.08503250777721405 0.0
4 0.04601282253861427 45.21173095703125 0.04301905632019043 52.37485122680664 0.04102340340614319 58.922607421875 0.039025865495204926 65.38560485839844
2 0.07100158929824829 3.309990882873535 0.06400223076343536 7.011294841766357 0.03402005136013031 42.72545623779297 0.04400820657610893 26.54690933227539
2 0.07200057804584503 2.6134438514709473 0.06503604352474213 6.753294467926025 0.0710008516907692 3.1678922176361084 0.04501844570040703 25.889455795288086
4 0.08100120723247528 0.9322306513786316 0.0820000022649765 1.3242183923721313 0.03502611815929413 70.61067962646484 0.055013153702020645 26.676633834838867
4 0.08500000089406967 0.6207451224327087 0.08100109547376633 0.5696794986724854 0.06700718402862549 8.620539665222168 0.0299647469073534 82.23200988769531
4 0.058014173060655594 19.40140151977539 0.05900445207953453 17.635711669921875 0.0820000022649765 1.274246335029602 0.049018751829862595 34.481407165527344
2 0.05100475624203682 14.56656551361084 0.06800694763660431 4.844277858734131 0.06800179183483124 4.225988864898682 0.07700000703334808 1.0498296022415161
2 0.07000045478343964 2.9394795894622803 0.06000421941280365 8.276070594787598 0.06000306457281113 8.59028434753418 0.070000059902668 2.4918386936187744
2 0.06900042295455933 2.951327323913574 0.08399999886751175 0.0 0.03200579807162285 41.40103530883789 0.05801665410399437 8.03985595703125
4 0.06000009551644325 15.891955375671387 0.04800648242235184 36.73490905761719 0.07301982492208481 3.3412280082702637 0.06700136512517929 9.209362983703613
3 0.0700097605586052 3.819901466369629 0.047016799449920654 28.776689529418945 0.08500000089406967 1.5087785720825195 0.06302113085985184 10.558917045593262
3 0.0410170778632164 47.76778030395508 0.03302113339304924 69.42060089111328 0.06901382654905319 6.666045188903809 0.0330253466963768 68.31702423095703
1 0.03300973027944565 33.043235778808594 0.03201190382242203 34.25685501098633 0.04200632497668266 21.63227653503418 0.07599999755620956 1.1563268899917603
2 0.04498298466205597 19.221277236938477 0.03799330070614815 29.524362564086914 0.036013614386320114 32.05196762084961 0.03501449152827263 33.97327423095703
2 0.05700000748038292 14.137324333190918 0.03703230619430542 44.55281066894531 0.03901365399360657 39.85216522216797 0.04900626093149185 24.38575553894043
4 0.06900005787611008 7.076159954071045 0.06498602777719498 11.037419319152832 0.06700120866298676 8.982619285583496 0.05897632986307144 17.701175689697266
1 0.0450010783970356 18.197084426879883 0.053006552159786224 11.269803047180176 0.0689999982714653 3.01772403717041 0.03700292855501175 25.89090347290039
4 0.06300050020217896 14.927000045776367 0.03703024610877037 72.3600082397461 0.08300009369850159 2.2435481548309326 0.06400948017835617 13.841425895690918
1 0.04800613969564438 8.612789154052734 0.0460047721862793 9.714884757995605 0.053000859916210175 6.38064432144165 0.07301285117864609 0.8176681399345398
1 0.07900000363588333 0.0 0.054004646837711334 11.245165824890137 0.032991379499435425 34.06807327270508 0.033012617379426956 33.96101379394531
2 0.03301157057285309 39.183433532714844 0.056001078337430954 11.243191719055176 0.08500000089406967 0.19103536009788513 0.056025341153144836 10.075888633728027
2 0.04502644017338753 24.423925399780273 0.0689999982714653 3.625204086303711 0.06000138074159622 10.174701690673828 0.0550052784383297 14.316995620727539
2 0.06600390374660492 5.956572532653809 0.06200089305639267 6.438718795776367 0.07199999690055847 1.5486212968826294 0.033027395606040955 34.706581115722656
1 0.03200749680399895 23.93857765197754 0.03800737112760544 17.527660369873047 0.07300017029047012 0.9989278316497803 0.07500000298023224 0.5723235607147217
1 0.04600594937801361 13.90349292755127 0.08202927559614182 0.2812417149543762 0.07300060242414474 1.400212049484253 0.06100055202841759 6.151082992553711
1 0.06700004637241364 3.4575369358062744 0.061000291258096695 6.2787017822265625 0.040004927664995193 21.001224517822266 0.0390101857483387 21.53002166748047
2 0.08399999886751175 0.0 0.036973822861909866 38.79726791381836 0.031015198677778244 51.56563186645508 0.05199659243226051 17.451519012451172
2 0.06001022458076477 8.21745777130127 0.07100498676300049 2.848341464996338 0.08200187236070633 0.20620828866958618 0.07296968996524811 1.7489848136901855
2 0.07700247317552567 1.5914877653121948 0.04200785607099533 34.2370719909668 0.06200070306658745 8.409835815429688 0.05500339716672897 16.85242462158203
3 0.04401320964097977 37.842742919921875 0.060001567006111145 14.609892845153809 0.05700518190860748 17.61612892150879 0.04998341202735901 27.783130645751953
2 0.06700000166893005 6.293886184692383 0.029962893575429916 59.1098518371582 0.052023839205503464 19.33626937866211 0.08200418204069138 0.7636920809745789
1 0.046003181487321854 17.816558837890625 0.07900000363588333 0.400091290473938 0.06800012290477753 3.169358491897583 0.08399999886751175 0.0
2 0.07999999821186066 1.271303653717041 0.07000285387039185 3.506129503250122 0.07395558059215546 2.1727309226989746 0.046005088835954666 28.137939453125
2 0.07999999821186066 0.8864440321922302 0.054001323878765106 15.239289283752441 0.034039292484521866 46.27823257446289 0.0800006240606308 0.4290366768836975
2 0.05400000140070915 12.979924201965332 0.05600202828645706 11.479192733764648 0.056004252284765244 11.310112953186035 0.04400765150785446 22.862812042236328
1 0.03701099380850792 26.7946834564209 0.044008102267980576 18.048927307128906 0.06900075078010559 2.07073974609375 0.051001083105802536 11.459796905517578
2 0.04400287941098213 26.02769660949707 0.08299999684095383 0.0 0.07900074869394302 0.557471513748169 0.0650067999958992 6.20305871963501
1 0.03803190588951111 27.796260833740234 0.07599999755620956 0.9666759371757507 0.07600035518407822 0.9608844518661499 0.08100000023841858 0.20773722231388092
1 0.04402190446853638 14.566739082336426 0.0820000022649765 0.0 0.08100000023841858 0.0 0.06600046157836914 3.7342283725738525
2 0.04201122000813484 29.230449676513672 0.04800151661038399 21.17439842224121 0.0679784044623375 4.8964924812316895 0.07400066405534744 1.7989476919174194
3 0.08300410211086273 0.0 0.05897754803299904 14.373842239379883 0.05700787156820297 17.512842178344727 0.060006070882081985 13.826128959655762
4 0.08500000089406967 0.9631810188293457 0.08000078797340393 1.304856538772583 0.0310075506567955 94.74966430664062 0.05200708657503128 31.630727767944336
3 0.045020151883363724 40.13154602050781 0.0720258355140686 3.8069207668304443 0.054017722606658936 23.205350875854492 0.04601137340068817 36.68328857421875
2 0.033014506101608276 24.828411102294922 0.07504349201917648 0.889879584312439 0.04501647129654884 19.902259826660156 0.0729999989271164 2.555392026901245
3 0.03202631697058678 63.704219818115234 0.03003012388944626 71.43466186523438 0.07500001788139343 2.525808095932007 0.04001899063587189 45.294185638427734
2 0.06903482228517532 4.525468826293945 0.08399999886751175 0.0 0.08100001513957977 0.5390405654907227 0.055000483989715576 12.661392211914062
3 0.06900026649236679 5.5710577964782715 0.03603566437959671 57.098541259765625 0.06800059229135513 6.72416353225708 0.0750008076429367 2.4605343341827393
3 0.045004069805145264 32.175498962402344 0.048011377453804016 26.976781845092773 0.06600633263587952 7.205488204956055 0.07200101017951965 3.0018742084503174
1 0.05502679944038391 8.095148086547852 0.06700433790683746 2.7066407203674316 0.03404713422060013 31.517166137695312 0.05201873928308487 12.175228118896484
4 0.08198676258325577 1.4384162425994873 0.04502708837389946 40.9525032043457 0.07002729177474976 5.778453350067139 0.03201087564229965 75.42982482910156
1 0.04800083488225937 15.559385299682617 0.07100003957748413 1.8303098678588867 0.06100323796272278 7.207367420196533 0.05200488865375519 11.735989570617676
4 0.07800000160932541 2.118882417678833 0.06900107115507126 7.232797622680664 0.03702013939619064 64.66758728027344 0.07200055569410324 4.257870197296143
4 0.044025544077157974 51.091041564941406 0.06301611661911011 15.422126770019531 0.07200418412685394 4.921987056732178 0.07900068163871765 1.439710021018982
2 0.08300403505563736 0.7173365950584412 0.05700111389160156 9.89926528930664 0.08500000089406967 0.0 0.054000720381736755 13.657691955566406
1 0.07000000029802322 3.1151905059814453 0.06500016152858734 2.661076784133911 0.07600024342536926 0.36487478017807007 0.0630028173327446 3.735644817352295
3 0.03501889482140541 55.91645050048828 0.06500153243541718 8.69787311553955 0.08100000023841858 1.45242440700531 0.03502272814512253 56.14112854003906
4 0.046015553176403046 44.11082458496094 0.08199970424175262 0.6367852091789246 0.06200915575027466 16.273242950439453 0.052014876157045364 31.64653968811035
3 0.06501811742782593 9.245787620544434 0.0700010284781456 5.300426006317139 0.07900011539459229 1.0680420398712158 0.07600086182355881 2.116281270980835
4 0.03801940381526947 65.42505645751953 0.07699999958276749 2.791820764541626 0.059002265334129333 19.249805450439453 0.03902461379766464 62.86552810668945
2 0.06700000166893005 3.62426495552063 0.08200003206729889 0.45707279443740845 0.03402072936296463 39.189605712890625 0.07703336328268051 1.0354723930358887
4 0.05102536827325821 30.416900634765625 0.06700116395950317 9.302894592285156 0.044011496007442474 46.294002532958984 0.05400652438402176 26.69142723083496
2 0.07900000363588333 1.5539302825927734 0.06200554221868515 8.671632766723633 0.06800302863121033 4.765447616577148 0.08300001174211502 0.48315122723579407
3 0.04001567140221596 45.8365478515625 0.03901991620659828 47.01499557495117 0.05700136721134186 17.572162628173828 0.03202453628182411 64.81177520751953
2 0.03803645446896553 29.03314781188965 0.03701338544487953 29.7875919342041 0.08200009912252426 0.5734355449676514 0.07800056040287018 0.5013679265975952
1 0.06401558220386505 5.426186561584473 0.08400353789329529 0.0 0.0720001608133316 1.4110139608383179 0.04700658097863197 17.286725997924805
4 0.08100079745054245 0.45056650042533875 0.04401329159736633 45.23350524902344 0.060001954436302185 15.932256698608398 0.03901686891913414 57.81575393676758
4 0.07502587139606476 3.2059388160705566 0.04102066531777382 59.4922981262207 0.05101094767451286 34.681793212890625 0.07601264864206314 2.558215618133545
4 0.03402411937713623 70.95825958251953 0.06900157779455185 6.807328701019287 0.039020322263240814 58.19399642944336 0.032023344188928604 77.49382019042969
3 0.057004086673259735 15.812302589416504 0.0540059469640255 19.515575408935547 0.06800801306962967 5.694747447967529 0.040016718208789825 42.1967887878418
1 0.06600362807512283 5.435181617736816 0.059003617614507675 8.065131187438965 0.0330178439617157 32.92780303955078 0.07804344594478607 0.4594884514808655
2 0.07502546161413193 1.7035901546478271 0.03202518820762634 53.815277099609375 0.05501046031713486 15.71788215637207 0.031035222113132477 55.22469711303711
3 0.04201708361506462 41.454566955566406 0.062001120299100876 12.460498809814453 0.03403528779745102 59.88050842285156 0.04500991851091385 35.471534729003906
1 0.03900865837931633 19.981645584106445 0.0550006739795208 7.814907073974609 0.05500289425253868 6.923904895782471 0.05800088495016098 5.897836685180664
3 0.05701431259512901 16.029294967651367 0.06300777941942215 10.868146896362305 0.07500159740447998 2.237222194671631 0.04800279811024666 29.039518356323242
1 0.04001263529062271 20.54266929626465 0.03001348301768303 35.304908752441406 0.06700030714273453 2.7857329845428467 0.03501085564494133 27.880016326904297
3 0.04501824453473091 35.13270568847656 0.04001682624220848 46.102779388427734 0.07700076699256897 2.0447444915771484 0.06800083070993423 6.274619102478027
4 0.08300413191318512 0.3722798824310303 0.06400986015796661 11.810288429260254 0.04202823340892792 49.762821197509766 0.0750003233551979 2.551450252532959
4 0.03403034433722496 67.39263153076172 0.06300158053636551 13.583945274353027 0.06600210070610046 9.344063758850098 0.03203239291906357 81.16366577148438
1 0.06095283478498459 3.9439003467559814 0.08500000089406967 0.0 0.07800000160932541 0.3102814555168152 0.056002307683229446 6.920645236968994
4 0.07300009578466415 3.7257113456726074 0.03597753867506981 71.134765625 0.05102609470486641 32.3288459777832 0.06500361859798431 11.576666831970215
3 0.060000188648700714 15.151731491088867 0.05600520968437195 20.640518188476562 0.03802453726530075 55.37303924560547 0.07599999755620956 2.405803918838501
4 0.04501134529709816 41.11809539794922 0.06000532582402229 15.930726051330566 0.0820002481341362 0.5330910086631775 0.06600461900234222 9.464970588684082
4 0.07502578943967819 3.0330371856689453 0.045021139085292816 45.12570571899414 0.07002043724060059 6.427110195159912 0.041047606617212296 55.61362075805664
2 0.046012356877326965 23.531665802001953 0.03601586073637009 40.134456634521484 0.07999999821186066 0.7089994549751282 0.05600824952125549 13.36855697631836
3 0.037016164511442184 49.814186096191406 0.08500000089406967 0.0 0.0730002149939537 3.0019683837890625 0.06000717356801033 13.021567344665527
1 0.06095249578356743 3.417682647705078 0.05900290608406067 5.766088008880615 0.04300614446401596 13.842706680297852 0.0570048987865448 6.044068336486816
2 0.041993461549282074 33.445823669433594 0.041015006601810455 35.27312469482422 0.0749983862042427 1.9904733896255493 0.04800199344754219 24.186229705810547
2 0.0320250503718853 41.491241455078125 0.0490015372633934 17.882770538330078 0.0670030266046524 4.308524131774902 0.06300068646669388 6.751617908477783
3 0.04001602157950401 46.051429748535156 0.05300484597682953 22.3452205657959 0.05500522628426552 19.460294723510742 0.03702196851372719 53.036312103271484
2 0.037017568945884705 34.1473274230957 0.05100342631340027 17.528549194335938 0.03702972084283829 35.955631256103516 0.0590292364358902 8.540404319763184
3 0.03402028977870941 48.27531433105469 0.03102596290409565 66.69165802001953 0.0689999982714653 5.301971912384033 0.06900196522474289 5.469876766204834
4 0.05400274693965912 28.760286331176758 0.03801357001066208 70.22402954101562 0.062014974653720856 16.547178268432617 0.03200896084308624 88.71538543701172
4 0.037021804600954056 63.05552673339844 0.08100000023841858 0.6972971558570862 0.05397823825478554 25.257888793945312 0.05800674483180046 18.873973846435547
2 0.04595835134387016 21.955455780029297 0.04600813612341881 23.93925666809082 0.05900083854794502 10.640515327453613 0.0420069545507431 29.59902000427246
4 0.034024082124233246 79.10711669921875 0.047983717173337936 40.56981658935547 0.057009875774383545 23.72447967529297 0.030033450573682785 99.27134704589844
1 0.07800000160932541 1.0912708044052124 0.06800200790166855 2.973348379135132 0.06103494018316269 7.330294132232666 0.061002716422080994 6.819962978363037
4 0.05300299823284149 25.53996467590332 0.05400674417614937 24.185546875 0.048010073602199554 34.772212982177734 0.043017834424972534 45.89990997314453
3 0.08000001311302185 1.7705401182174683 0.054012250155210495 23.316469192504883 0.07900000363588333 1.318871259689331 0.073000967502594 3.225834608078003
3 0.059003788977861404 15.274292945861816 0.05800817161798477 15.992905616760254 0.030027305707335472 68.97940826416016 0.07600273936986923 2.1292412281036377
4 0.031026486307382584 75.14098358154297 0.07503055036067963 3.275968074798584 0.07100090384483337 5.925626754760742 0.0690046101808548 8.129411697387695
2 0.04500868543982506 20.956510543823242 0.07600025087594986 1.1675853729248047 0.031013531610369682 41.126739501953125 0.06101837009191513 7.404748439788818
4 0.0710039883852005 5.171766757965088 0.060001958161592484 17.651403427124023 0.07000081986188889 6.799504280090332 0.04797922074794769 38.4382209777832
1 0.04903610795736313 9.798221588134766 0.04400452598929405 16.516334533691406 0.06700257956981659 3.4186549186706543 0.03600504621863365 25.540809631347656
4 0.05201142653822899 30.669986724853516 0.05001496151089668 34.717079162597656 0.07901284843683243 2.2519376277923584 0.06800643354654312 8.460431098937988
4 0.04602989926934242 42.74834060668945 0.05900222435593605 19.97802734375 0.05301035940647125 29.503246307373047 0.07000130414962769 7.005379676818848
3 0.041010741144418716 39.39131164550781 0.05700194463133812 16.535781860351562 0.03202011063694954 50.296112060546875 0.06001376360654831 12.557933807373047
1 0.054017987102270126 9.233433723449707 0.042005524039268494 23.1953067779541 0.03202538564801216 36.2943115234375 0.07100000232458115 2.4179811477661133
4 0.05801348388195038 20.12251091003418 0.03701763600111008 65.82186889648438 0.053008463233709335 27.55575942993164 0.05900907143950462 18.825620651245117
4 0.03198254853487015 56.31757354736328 0.0840030387043953 0.0 0.04502475634217262 44.552345275878906 0.07300066947937012 3.82707142829895
4 0.03302978724241257 78.21923065185547 0.039023108780384064 54.553749084472656 0.061000991612672806 14.942811965942383 0.07700008153915405 2.003038167953491
2 0.0680064857006073 3.047914505004883 0.053001660853624344 11.830350875854492 0.05100666731595993 14.355236053466797 0.03900673985481262 26.9560489654541
4 0.06499999761581421 11.230121612548828 0.04202089086174965 51.41421890258789 0.060001641511917114 16.830202102661133 0.06800448894500732 8.299077033996582
2 0.05502606928348541 9.371339797973633 0.046013686805963516 21.446796417236328 0.044010356068611145 23.247573852539062 0.030025506392121315 44.16802215576172
1 0.08300401270389557 0.18903014063835144 0.05600013583898544 7.470032691955566 0.05600276589393616 5.9535393714904785 0.048005178570747375 10.952900886535645
4 0.057008977979421616 21.44024085998535 0.051011234521865845 31.824951171875 0.0470157265663147 39.686405181884766 0.06497342884540558 11.012999534606934
2 0.06700000166893005 6.257474899291992 0.07998476922512054 1.0631041526794434 0.07600089907646179 1.4997751712799072 0.07500091940164566 1.7810107469558716
2 0.06400950998067856 7.650931358337402 0.05202644318342209 19.20527458190918 0.08495338261127472 0.6559115648269653 0.04000919312238693 36.4321403503418
3 0.06000508368015289 15.541962623596191 0.06300528347492218 11.981478691101074 0.05400647595524788 23.322593688964844 0.0710010752081871 4.977460861206055
4 0.07400000095367432 3.60478138923645 0.056007251143455505 24.514423370361328 0.08200014382600784 2.1501049995422363 0.0540052205324173 28.867027282714844
4 0.04303857684135437 57.26166915893555 0.07500007748603821 3.240718364715576 0.04501238092780113 49.827083587646484 0.0650014877319336 12.300800323486328
4 0.08000002801418304 1.5134176015853882 0.05501072481274605 24.365236282348633 0.031044961884617805 82.52050018310547 0.047020234167575836 38.554813385009766
1 0.04600081592798233 12.98304271697998 0.07699999958276749 0.3039182126522064 0.03702335059642792 23.45158576965332 0.07999999821186066 0.39869925379753113
4 0.04202377423644066 56.590267181396484 0.07100026309490204 6.305985450744629 0.04701968654990196 43.30198669433594 0.07800000160932541 2.210272789001465
3 0.05301252007484436 20.307119369506836 0.062007881700992584 11.465760231018066 0.04400710016489029 35.21533203125 0.07500465959310532 2.2189831733703613
4 0.07300081849098206 3.982823133468628 0.07697941362857819 2.473132371902466 0.07395271956920624 3.6369924545288086 0.05801234766840935 22.149635314941406
2 0.04202081263065338 26.063289642333984 0.05200221762061119 14.998367309570312 0.058006420731544495 9.876320838928223 0.044005293399095535 23.265480041503906
1 0.07298171520233154 0.9959573149681091 0.08100000023841858 0.0 0.07500007003545761 0.5520394444465637 0.06700011342763901 1.7337054014205933
4 0.05800919979810715 22.224390029907227 0.05601160228252411 25.934396743774414 0.06300481408834457 15.446167945861816 0.06696204096078873 10.582170486450195
4 0.0820000022649765 0.7329466342926025 0.03701650723814964 71.63168334960938 0.07000000029802322 6.753039836883545 0.03902098909020424 65.16426849365234
1 0.07800000160932541 0.8379999399185181 0.07200054824352264 1.4305533170700073 0.0820000022649765 0.0 0.05302462354302406 9.27137565612793
1 0.060992371290922165 7.912273406982422 0.042004309594631195 20.69212532043457 0.07698005437850952 1.0662925243377686 0.07800000160932541 0.4441351294517517
4 0.07599999755620956 2.9965295791625977 0.053015559911727905 30.374282836914062 0.0410209484398365 59.632041931152344 0.06600064784288406 11.000274658203125
3 0.04601545259356499 35.22789001464844 0.03501887246966362 60.928470611572266 0.032022397965192795 68.02841186523438 0.07803548127412796 1.1420762538909912
1 0.03900983929634094 25.367446899414062 0.041006822139024734 23.68717384338379 0.08399999886751175 0.0 0.04300631582736969 21.33173179626465
3 0.06600771099328995 8.818656921386719 0.0650056004524231 10.122905731201172 0.04700838401913643 35.05043411254883 0.0680009052157402 7.063453197479248
4 0.03302888199687004 39.80582046508789 0.046015698462724686 42.29149627685547 0.06801217794418335 7.81981897354126 0.030032997950911522 85.60955810546875
3 0.036032602190971375 58.9997673034668 0.07496469467878342 2.0675573348999023 0.03501753509044647 53.427574157714844 0.051017798483371735 23.474197387695312
2 0.03701343759894371 39.30311584472656 0.08399999886751175 0.0 0.08000048995018005 0.5630574822425842 0.06600471585988998 5.863744258880615
4 0.03302882984280586 81.75394439697266 0.036028265953063965 72.71600341796875 0.05101566016674042 33.75299072265625 0.037027403712272644 70.64080810546875
4 0.04401349648833275 43.58625411987305 0.08000518381595612 0.8553555011749268 0.041029561311006546 49.865440368652344 0.05500233173370361 22.12163734436035
1 0.05604417249560356 9.224018096923828 0.07100040465593338 1.8409308195114136 0.04300695285201073 19.15281105041504 0.04900365695357323 13.416120529174805
2 0.052966564893722534 11.327392578125 0.05900639295578003 8.766762733459473 0.05600118264555931 10.642496109008789 0.06500101834535599 4.53214168548584
4 0.031037012115120888 93.44900512695312 0.03503504395484924 80.0881576538086 0.0720338374376297 5.232869625091553 0.03502347320318222 80.95162200927734
4 0.053008947521448135 26.660356521606445 0.070995032787323 5.281925678253174 0.041019316762685776 53.81517028808594 0.04501839727163315 42.22577667236328
2 0.0710018202662468 3.70444393157959 0.03501539304852486 44.25254821777344 0.07500285655260086 1.772191047668457 0.048010602593421936 23.710712432861328
4 0.06402251869440079 14.208377838134766 0.053013283759355545 31.220264434814453 0.06700141727924347 10.290224075317383 0.07800135761499405 2.4937822818756104
2 0.07999999821186066 0.0 0.0820000022649765 0.0 0.06700035184621811 4.269169807434082 0.04801153391599655 18.416170120239258
2 0.03201448544859886 42.78486633300781 0.033014509826898575 42.921871185302734 0.06900065392255783 3.7927236557006836 0.0570017509162426 12.3601655960083
3 0.042014654725790024 41.135353088378906 0.05200639367103577 23.39910316467285 0.033036403357982635 62.06231689453125 0.07800005376338959 1.7213153839111328
1 0.036964088678359985 25.9272403717041 0.05300110578536987 11.328734397888184 0.03600925952196121 27.34581756591797 0.0500025674700737 12.32097053527832
3 0.033014822751283646 60.514888763427734 0.043012380599975586 33.846900939941406 0.03704466298222542 45.47677230834961 0.058006733655929565 14.293194770812988
4 0.049031347036361694 36.385501861572266 0.0680013969540596 8.93693733215332 0.07700064778327942 2.566211462020874 0.03303152322769165 79.60277557373047
3 0.07000122964382172 5.040135383605957 0.03802071511745453 53.514076232910156 0.040016647428274155 48.65088653564453 0.03802163153886795 53.350284576416016
1 0.05503476411104202 3.25075626373291 0.03599105030298233 15.991588592529297 0.062000345438718796 2.395887613296509 0.06200088560581207 2.896897554397583
1 0.06095244735479355 3.357656478881836 0.03202301263809204 25.440946578979492 0.08400657027959824 0.13867896795272827 0.04400783032178879 13.51337718963623
4 0.03502166271209717 66.12974548339844 0.046009257435798645 38.8991584777832 0.06300146877765656 12.433406829833984 0.08100082725286484 0.4705120623111725
1 0.07900000363588333 0.0 0.06700984388589859 3.539944648742676 0.05700394883751869 8.305126190185547 0.04600144177675247 14.325895309448242
2 0.07100161164999008 3.364229679107666 0.039022136479616165 34.84711456298828 0.03601366654038429 40.10830307006836 0.0680030956864357 5.196141719818115
4 0.08300413936376572 0.4780179560184479 0.03902028873562813 58.404483795166016 0.07800000160932541 2.421100616455078 0.03202822059392929 79.08875274658203
4 0.034024663269519806 73.33209991455078 0.055005934089422226 24.241355895996094 0.03504577651619911 72.85334777832031 0.06600263714790344 10.840948104858398
2 0.06600464880466461 5.2627410888671875 0.0699513852596283 2.836001396179199 0.05400426313281059 14.264510154724121 0.06500619649887085 6.516566276550293
3 0.046021685004234314 37.873321533203125 0.04901329055428505 32.28616714477539 0.06400948762893677 10.823763847351074 0.049017008394002914 32.15917205810547
2 0.034036897122859955 48.04655838012695 0.08399999886751175 0.0 0.04801817610859871 23.44940948486328 0.08200157433748245 1.1299697160720825
3 0.033020615577697754 58.54989242553711 0.06700065732002258 6.345478057861328 0.05900720879435539 14.488232612609863 0.08000092208385468 0.4274727404117584
1 0.0600140206515789 5.768322944641113 0.08100990951061249 0.16710922122001648 0.05201380327343941 9.848286628723145 0.07402559369802475 0.6034054160118103
1 0.07999999821186066 0.0 0.041029974818229675 23.44900131225586 0.031030533835291862 35.4654541015625 0.03301065415143967 32.47920608520508
1 0.05700031295418739 5.573225021362305 0.08500000089406967 0.0 0.05400140956044197 7.349551200866699 0.061000704765319824 5.498297691345215
1 0.05100017786026001 8.564640045166016 0.038007911294698715 19.57748031616211 0.07500000298023224 0.4857504069805145 0.04899580031633377 10.270575523376465
1 0.05100102722644806 7.517657279968262 0.08100000023841858 0.0 0.06200042739510536 2.0357327461242676 0.05897343158721924 3.9190969467163086
4 0.03402397781610489 72.92115783691406 0.030032183974981308 89.28482055664062 0.051007229834795 32.401611328125 0.040014997124671936 58.03972625732422
4 0.07700137794017792 2.1119272708892822 0.08299999684095383 1.206971526145935 0.058001674711704254 19.226755142211914 0.07900054007768631 1.857956051826477
2 0.04800359532237053 22.31650733947754 0.03601142391562462 40.823299407958984 0.049004606902599335 20.285810470581055 0.053004976361989975 15.963722229003906
1 0.0330168791115284 27.211597442626953 0.04096157103776932 19.05230140686035 0.05400049313902855 7.854223251342773 0.03202205151319504 28.77853012084961
3 0.032024841755628586 63.71821594238281 0.07100022584199905 5.4410719871521 0.05301421135663986 21.145769119262695 0.0610034316778183 12.811175346374512
1 0.04595602676272392 14.885900497436523 0.07400000095367432 1.0003629922866821 0.04700619727373123 13.192273139953613 0.03202017396688461 29.614059448242188
4 0.04602232947945595 44.40805435180664 0.05900298431515694 19.534988403320312 0.06100420281291008 16.73025894165039 0.06500314921140671 12.068331718444824
1 0.07199999690055847 1.4516360759735107 0.08100007474422455 0.0 0.07800000160932541 0.30112817883491516 0.07100000232458115 0.775104820728302
2 0.05300646275281906 15.430438995361328 0.08100000023841858 0.7007462382316589 0.04703526571393013 22.52896499633789 0.06800410896539688 4.920713901519775
3 0.0780043751001358 0.7347894906997681 0.0730004608631134 2.384700059890747 0.06900335103273392 5.108001232147217 0.0760006308555603 1.4376420974731445
2 0.06900054216384888 5.162442684173584 0.06900191307067871 4.580014705657959 0.05499618873000145 15.423885345458984 0.07300049811601639 2.260053873062134
4 0.057022999972105026 23.632587432861328 0.034022897481918335 82.83134460449219 0.08397873491048813 0.0 0.08399999886751175 1.2447361946105957
4 0.035022903233766556 66.57498931884766 0.08103915303945541 1.8911713361740112 0.054002370685338974 24.442983627319336 0.030971035361289978 79.57859802246094
4 0.059007614850997925 16.85953712463379 0.042012300342321396 48.20353698730469 0.06200147420167923 13.684347152709961 0.030033733695745468 88.30156707763672
3 0.08399999886751175 0.0 0.06202542409300804 11.581722259521484 0.03902403265237808 48.19666290283203 0.058023057878017426 15.328396797180176
3 0.06200626492500305 11.645349502563477 0.06900116056203842 5.355764389038086 0.041022203862667084 42.54030990600586 0.07300505042076111 2.657729387283325
2 0.03001624159514904 43.874244689941406 0.03801986202597618 31.44350814819336 0.044007569551467896 22.960254669189453 0.05100676417350769 15.807581901550293
3 0.06100800633430481 12.551020622253418 0.05004638060927391 27.32889175415039 0.048013217747211456 30.594722747802734 0.07900000363588333 1.800459384918213
3 0.03701910004019737 58.91115951538086 0.0750044733285904 2.5005149841308594 0.03701646998524666 58.964195251464844 0.05501001328229904 21.97254753112793
4 0.05503413826227188 28.113971710205078 0.07800053060054779 1.8315560817718506 0.04501453414559364 47.471500396728516 0.04002415016293526 63.240962982177734
4 0.06900669634342194 7.001961708068848 0.03502713143825531 69.5694580078125 0.03303184732794762 75.4312515258789 0.048023346811532974 35.615291595458984
1 0.06700000166893005 1.8914662599563599 0.05100076645612717 6.2420783042907715 0.06700000166893005 1.5486078262329102 0.04200237989425659 11.185436248779297
1 0.0710010752081871 1.7199993133544922 0.08299999684095383 0.0 0.07600017637014389 0.8924209475517273 0.03900818154215813 23.740354537963867
3 0.06500429660081863 9.041474342346191 0.03903190791606903 45.26721954345703 0.03801960125565529 47.09139633178711 0.05900084972381592 13.42296314239502
2 0.05801720917224884 14.031243324279785 0.04600788652896881 27.96721076965332 0.041013915091753006 35.243446350097656 0.0630253329873085 8.977849006652832
4 0.06600888073444366 10.021263122558594 0.07600022107362747 2.748595714569092 0.04103095456957817 57.25274658203125 0.056003276258707047 23.86079216003418
1 0.057000938802957535 7.124263286590576 0.03801215440034866 23.066286087036133 0.04500684142112732 15.72629165649414 0.057006463408470154 7.615844249725342
1 0.03201913461089134 25.93363380432129 0.03200988098978996 26.530031204223633 0.031014345586299896 28.032604217529297 0.046021755784749985 13.110724449157715
2 0.0410078726708889 28.29542350769043 0.04897663742303848 18.012990951538086 0.07900027185678482 0.8045921325683594 0.06700032949447632 3.8765738010406494
3 0.031038658693432808 59.48703384399414 0.05700068548321724 14.734796524047852 0.039009518921375275 41.8598518371582 0.08500000089406967 0.0
3 0.041027359664440155 48.590023040771484 0.0650012344121933 11.16505241394043 0.04102219641208649 48.35593032836914 0.03003581240773201 80.09764862060547
1 0.03900878503918648 25.17050552368164 0.041006725281476974 23.232234954833984 0.07400000095367432 0.8604053854942322 0.07999999821186066 0.4656111001968384
2 0.03502436354756355 42.91481018066406 0.036013536155223846 39.158016204833984 0.0440233014523983 28.50999641418457 0.07400000840425491 1.7068511247634888
4 0.06500067561864853 12.068817138671875 0.05401204898953438 28.02216148376465 0.0700010135769844 6.967207431793213 0.03803589195013046 66.76019287109375
4 0.0770016759634018 2.173847198486328 0.07200693339109421 4.782420635223389 0.04900789633393288 36.92853927612305 0.05201230198144913 30.65450668334961
2 0.06501877307891846 6.307724475860596 0.03198571130633354 40.34768295288086 0.06300550699234009 6.0995049476623535 0.08000306785106659 0.8748186230659485
3 0.06402507424354553 9.831626892089844 0.056005578488111496 17.86896324157715 0.047010019421577454 30.575668334960938 0.04501432925462723 32.9322624206543
3 0.054007984697818756 21.871915817260742 0.08402886241674423 0.26442456245422363 0.0710044726729393 3.970860004425049 0.04801144823431969 28.54881477355957
2 0.0729999989271164 1.8808984756469727 0.06997446715831757 3.2496745586395264 0.0540039949119091 14.192090034484863 0.057005058974027634 11.344551086425781
3 0.04302145168185234 34.355377197265625 0.03601745888590813 51.75590133666992 0.047013867646455765 28.870773315429688 0.0680110976099968 6.025061130523682
2 0.0470157116651535 25.826841354370117 0.04400993138551712 31.239805221557617 0.06201706454157829 10.071123123168945 0.04100794717669487 36.549461364746094
4 0.07199999690055847 3.8692235946655273 0.08498849719762802 0.0 0.04701743274927139 36.38132858276367 0.032021768391132355 76.6350326538086
3 0.04904727637767792 23.948755264282227 0.03302030265331268 54.940216064453125 0.05700213462114334 14.92044734954834 0.0340178944170475 52.423851013183594
2 0.053019240498542786 17.15914535522461 0.08100000023841858 0.9988036155700684 0.057003580033779144 13.612213134765625 0.05700504034757614 13.324116706848145
1 0.054001953452825546 11.944382667541504 0.03198753669857979 33.54785919189453 0.03501279279589653 29.85567283630371 0.05400387570261955 9.425590515136719
4 0.041030872613191605 59.95891189575195 0.05500981956720352 27.326522827148438 0.035966284573078156 76.475341796875 0.07000091671943665 7.643986225128174
3 0.04101601243019104 40.58168029785156 0.03002794086933136 65.27864074707031 0.03302110359072685 58.29176712036133 0.055004384368658066 18.27507209777832
2 0.0550261065363884 9.04150104522705 0.038025908172130585 31.676342010498047 0.06800000369548798 3.5967061519622803 0.041028574109077454 26.36815643310547
2 0.04502284526824951 24.925682067871094 0.08096271753311157 0.9331921339035034 0.07000024616718292 3.0810465812683105 0.045004475861787796 23.772293090820312
3 0.04602132737636566 34.98674011230469 0.049012068659067154 29.10558319091797 0.07596895843744278 1.7697941064834595 0.04301021620631218 40.19829559326172
3 0.06001966819167137 14.733296394348145 0.032039713114500046 67.81505584716797 0.06000005453824997 15.331379890441895 0.07300013303756714 2.965991735458374
2 0.0350143238902092 33.29045104980469 0.04800328239798546 17.655221939086914 0.06100035831332207 6.762545108795166 0.0739818662405014 1.1324516534805298
1 0.08204294741153717 0.2611483335494995 0.044002313166856766 11.29185962677002 0.03200850635766983 18.064716339111328 0.05602983012795448 5.580961227416992
2 0.06900014728307724 2.9616987705230713 0.03800913691520691 30.704782485961914 0.06102139875292778 6.90061616897583 0.046009380370378494 20.07815170288086
2 0.06700000166893005 3.6300244331359863 0.059005118906497955 9.794645309448242 0.04701027646660805 19.805679321289062 0.07500000298023224 1.1947331428527832
1 0.08399999886751175 0.29697027802467346 0.05201687663793564 11.518677711486816 0.0570007860660553 7.396651744842529 0.06900078803300858 2.5448856353759766
1 0.07300034165382385 1.008591651916504 0.04200335964560509 14.589329719543457 0.06800000369548798 1.8589375019073486 0.06395117938518524 3.166421890258789
2 0.049044497311115265 18.689760208129883 0.037007756531238556 33.042945861816406 0.03601493686437607 35.539390563964844 0.041010260581970215 27.058992385864258
3 0.045002806931734085 30.709714889526367 0.08400037884712219 0.7476562261581421 0.08100070804357529 0.4709293842315674 0.07200103998184204 2.90818190574646
2 0.06600404530763626 6.07786226272583 0.0530068539083004 11.910694122314453 0.05800102278590202 9.109777450561523 0.03201686963438988 37.96149444580078
4 0.047012295573949814 44.242698669433594 0.08102164417505264 2.453705072402954 0.04204327240586281 57.028079986572266 0.0660015121102333 11.203444480895996
3 0.07100275158882141 4.195188522338867 0.056007057428359985 18.280445098876953 0.08399999886751175 1.153242588043213 0.06300118565559387 10.724571228027344
3 0.03503060340881348 51.26381301879883 0.049020081758499146 25.295265197753906 0.07400000095367432 2.4075191020965576 0.06600484251976013 6.973225116729736
2 0.05200130492448807 16.173683166503906 0.07800000160932541 0.9561855792999268 0.04100976139307022 29.31987953186035 0.04200825095176697 28.109926223754883
1 0.04800344258546829 15.88233757019043 0.035015400499105453 30.73291015625 0.07900000363588333 0.6324081420898438 0.07400013506412506 1.244194746017456
2 0.05400772765278816 13.782543182373047 0.07200123369693756 2.301978588104248 0.08100002259016037 0.5021485686302185 0.031020257622003555 47.644508361816406
1 0.057004790753126144 4.138439655303955 0.05200112611055374 7.0028300285339355 0.04400154575705528 11.505513191223145 0.07599999755620956 0.46517956256866455
1 0.05700008571147919 6.176251411437988 0.03302086889743805 23.999958038330078 0.04300330951809883 14.963489532470703 0.08103785663843155 0.0
2 0.0600249245762825 6.960070610046387 0.06700072437524796 3.4476511478424072 0.03701849281787872 30.31888198852539 0.07500000298023224 0.7480620741844177
1 0.06200529634952545 4.27016019821167 0.08000274747610092 0.0 0.034006521105766296 20.317678451538086 0.06500062346458435 1.3982161283493042
4 0.062016502022743225 13.796744346618652 0.0610077828168869 14.748051643371582 0.030033336952328682 81.0205307006836 0.03702923655509949 61.90672302246094
2 0.03401728719472885 36.22608947753906 0.0770004466176033 1.3379393815994263 0.042009785771369934 31.3693904876709 0.07401184737682343 1.9548437595367432
1 0.032011810690164566 28.973316192626953 0.06796572357416153 3.4028306007385254 0.045026905834674835 17.716650009155273 0.04900344833731651 15.065645217895508
1 0.06199999898672104 4.186190128326416 0.07000046968460083 1.9622063636779785 0.04201103374361992 21.198137283325195 0.05800078436732292 7.11003303527832
1 0.07900000363588333 0.26457712054252625 0.06800000369548798 1.382748007774353 0.05100517347455025 7.599416255950928 0.03398820012807846 19.542221069335938
3 0.07199999690055847 3.4918463230133057 0.07800053060054779 1.193183422088623 0.04202820360660553 39.11753463745117 0.051009830087423325 23.9870662689209
2 0.052004799246788025 18.98519515991211 0.03701049089431763 42.99443817138672 0.0520046092569828 19.073360443115234 0.07500069588422775 1.692962408065796
4 0.07000511884689331 6.292116641998291 0.07700077444314957 2.1253409385681152 0.08500000089406967 0.8628210425376892 0.03302404284477234 75.31316375732422
2 0.08399999886751175 0.21836858987808228 0.05500772222876549 10.475092887878418 0.05400640144944191 12.78759765625 0.08297725766897202 0.24102938175201416
2 0.03502718359231949 45.772220611572266 0.04201410338282585 32.27760314941406 0.0390123575925827 37.70740509033203 0.05800865963101387 12.78637981414795
2 0.06201046705245972 6.656656265258789 0.07000081986188889 3.425948143005371 0.031015414744615555 46.62299728393555 0.0480102077126503 19.746824264526367
2 0.07200750708580017 2.2148690223693848 0.042002927511930466 29.91238021850586 0.04700873792171478 22.636764526367188 0.046010926365852356 24.153404235839844
2 0.04701056703925133 19.29498291015625 0.06400875002145767 6.765448570251465 0.06600045412778854 4.606306552886963 0.06200480833649635 6.806201457977295
2 0.06800763309001923 3.4346139430999756 0.0340268649160862 42.43467330932617 0.0310044027864933 48.49584197998047 0.08300033956766129 0.39821717143058777
1 0.054015252739191055 10.10849666595459 0.03799789398908615 20.456724166870117 0.07900731265544891 0.6254810690879822 0.032008878886699677 28.018177032470703
4 0.08300412446260452 0.0 0.04102199897170067 48.98948669433594 0.08000074326992035 1.4579039812088013 0.07300128042697906 3.266664743423462
4 0.035027746111154556 72.24976348876953 0.07100000232458115 5.845799446105957 0.06000194326043129 17.679763793945312 0.0330367311835289 79.4783706665039
2 0.062020525336265564 7.697397708892822 0.06700078397989273 5.556297302246094 0.0730007216334343 2.088026762008667 0.08500000089406967 0.0
1 0.0710010752081871 1.735107660293579 0.08000001311302185 0.3604200780391693 0.029957355931401253 38.07352828979492 0.060010798275470734 8.54300308227539
3 0.07301449030637741 2.8423712253570557 0.07200393080711365 3.7356488704681396 0.030024854466319084 72.56685638427734 0.03702330216765404 53.71443557739258
3 0.04101422801613808 45.36904525756836 0.061001360416412354 14.187667846679688 0.0560075044631958 19.625078201293945 0.03901306912302971 51.15781784057617
1 0.05000177398324013 13.765573501586914 0.07900025695562363 0.3640028238296509 0.04800119251012802 15.23432731628418 0.07797709852457047 0.6522889137268066
1 0.07199999690055847 0.7047222852706909 0.07900000363588333 0.0 0.041005440056324005 13.156224250793457 0.05100036785006523 6.369007587432861
1 0.07600180059671402 0.7790594696998596 0.07999999821186066 0.17907455563545227 0.0460367389023304 13.112086296081543 0.04400675743818283 15.902563095092773
3 0.03402046114206314 66.32939147949219 0.0820000022649765 1.21249520778656 0.08100079745054245 0.516419529914856 0.03999929502606392 51.40262985229492
1 0.07599908858537674 1.1392784118652344 0.06900095194578171 2.977787733078003 0.062019165605306625 6.707366466522217 0.043007150292396545 20.545818328857422
1 0.033013563603162766 20.741182327270508 0.07599999755620956 0.856945276260376 0.04300721362233162 12.075213432312012 0.06400097161531448 3.7694735527038574
4 0.061010781675577164 17.746768951416016 0.05399266630411148 28.558544158935547 0.07300161570310593 3.901836395263672 0.06400201469659805 13.492213249206543
2 0.045041222125291824 29.113834381103516 0.0390140563249588 40.435115814208984 0.07500214874744415 2.0111305713653564 0.05800793319940567 13.65768814086914
1 0.042016979306936264 17.249448776245117 0.06602494418621063 2.0079848766326904 0.07700011879205704 0.7411357760429382 0.04900415241718292 12.129575729370117
3 0.04001240432262421 37.77045440673828 0.038017380982637405 42.536888122558594 0.05900993198156357 13.168724060058594 0.043011222034692764 33.45270919799805
4 0.07700099050998688 2.2091119289398193 0.08299999684095383 0.9155007004737854 0.08399999886751175 0.4533701241016388 0.08500000089406967 0.13813188672065735
2 0.06600486487150192 4.688196182250977 0.06500384956598282 6.131058692932129 0.05200837180018425 17.10465431213379 0.0630021020770073 7.041940689086914
3 0.0650268942117691 8.864836692810059 0.07400968670845032 2.7094743251800537 0.08500000089406967 0.0 0.031025810167193413 74.05133819580078
4 0.08000002801418304 1.5771050453186035 0.0710006132721901 4.996367454528809 0.04501563310623169 42.16365051269531 0.06200098246335983 14.379813194274902
3 0.038012512028217316 55.274383544921875 0.07400000840425491 2.817166566848755 0.04300706461071968 43.617652893066406 0.03002517856657505 75.75814056396484
2 0.05300002172589302 16.878986358642578 0.03702652454376221 40.614017486572266 0.0680004134774208 5.501218795776367 0.07100100815296173 3.1043121814727783
1 0.03100760281085968 18.00611114501953 0.07100224494934082 0.9244951605796814 0.08100000023841858 0.0 0.05100395157933235 8.787790298461914
3 0.032023120671510696 63.970638275146484 0.05200865492224693 23.397714614868164 0.04601668566465378 33.983306884765625 0.030038908123970032 70.498046875
1 0.044005002826452255 18.049766540527344 0.04100577533245087 19.879314422607422 0.04000989347696304 20.59453582763672 0.07100065052509308 1.2504644393920898
1 0.05100484937429428 12.802824974060059 0.051004741340875626 12.117925643920898 0.07300001382827759 1.3893662691116333 0.05600348860025406 9.188507080078125
1 0.06600313633680344 3.145570755004883 0.04800160601735115 12.785923957824707 0.06600163131952286 2.7502846717834473 0.04601539298892021 15.931916236877441
4 0.04304111376404762 50.77348327636719 0.05700263753533363 21.61038589477539 0.059004973620176315 18.75323486328125 0.062006160616874695 14.790984153747559
2 0.049044329673051834 17.278644561767578 0.03800993040204048 31.387834548950195 0.04800405353307724 18.800939559936523 0.07000066339969635 3.230567455291748
2 0.03802338242530823 31.80936622619629 0.04696449637413025 20.220483779907227 0.0450097993016243 22.517242431640625 0.03002237156033516 52.2120361328125
4 0.06101006641983986 15.838728904724121 0.07000471651554108 6.249142169952393 0.0780007466673851 1.9275096654891968 0.039043013006448746 60.32681655883789
2 0.056000005453825 12.558018684387207 0.06404010206460953 7.0057291984558105 0.07999999821186066 1.0953936576843262 0.0680004432797432 4.531634330749512
3 0.05801199749112129 17.845972061157227 0.04701394587755203 35.6622314453125 0.030026929453015327 80.4281005859375 0.07199999690055847 3.9777541160583496
4 0.030029090121388435 79.11969757080078 0.03402222692966461 69.08019256591797 0.08400069177150726 0.0 0.0740007683634758 3.0839385986328125
1 0.08299999684095383 0.0 0.045037832111120224 11.320902824401855 0.06000203266739845 4.399687767028809 0.04001876711845398 13.735868453979492
3 0.04904934763908386 27.093833923339844 0.044014181941747665 39.36017608642578 0.03302966430783272 66.10452270507812 0.06700048595666885 5.885019302368164
3 0.05400092154741287 21.451581954956055 0.06500562280416489 9.360696792602539 0.05600797012448311 20.342256546020508 0.053007934242486954 24.36570930480957
3 0.050012122839689255 24.093740463256836 0.03501978516578674 52.85302734375 0.08399999886751175 0.6258203387260437 0.06900015473365784 5.75648832321167
1 0.07800000160932541 0.7727282643318176 0.03700711205601692 24.802650451660156 0.030016737058758736 34.49466323852539 0.08000005781650543 0.14797966182231903
4 0.04402856528759003 52.75424575805664 0.059003692120313644 21.00901222229004 0.07000184804201126 7.457158088684082 0.07900038361549377 1.4591588973999023
1 0.07595445215702057 0.7514587044715881 0.05200587585568428 11.633153915405273 0.04400240257382393 17.317163467407227 0.04000702127814293 21.555418014526367
2 0.0810006856918335 1.04506516456604 0.06800328195095062 4.263942241668701 0.07600044459104538 1.5740562677383423 0.04002890735864639 35.834007263183594
4 0.07100338488817215 5.301111221313477 0.05700218304991722 19.05462074279785 0.05800430849194527 18.21809196472168 0.0620037242770195 13.592945098876953
1 0.031009284779429436 34.84035873413086 0.04604989290237427 16.297910690307617 0.06700044125318527 4.182796001434326 0.048009857535362244 15.935338973999023
2 0.0360223725438118 30.749309539794922 0.08500000089406967 0.9190285801887512 0.07800082117319107 0.5452893972396851 0.04100821912288666 24.554418563842773
1 0.06600356101989746 4.936826705932617 0.08300000429153442 0.0 0.08299999684095383 0.0 0.06600431352853775 3.3591322898864746
2 0.035024963319301605 39.20769119262695 0.0700049176812172 3.5865182876586914 0.037019383162260056 35.35026550292969 0.033017974346876144 42.994041442871094
1 0.045028768479824066 11.962641716003418 0.052001189440488815 6.7936530113220215 0.0710001215338707 0.8892128467559814 0.07100033015012741 0.8609356880187988
4 0.08399999886751175 0.8422549962997437 0.04504311829805374 47.457576751708984 0.0820045918226242 0.892157256603241 0.06599035859107971 11.301009178161621
3 0.0690004751086235 5.714646816253662 0.030024657025933266 71.64944458007812 0.06800517439842224 7.058383464813232 0.03602636605501175 56.64462661743164
3 0.03301806375384331 60.2037467956543 0.044010892510414124 35.57745361328125 0.05601373314857483 17.629425048828125 0.05300646647810936 21.87525177001953
3 0.04200716316699982 36.37548065185547 0.05200488120317459 21.648941040039062 0.03402534872293472 52.891849517822266 0.039016883820295334 42.60638427734375
2 0.07999999821186066 0.0 0.06895188242197037 2.8903191089630127 0.03701527416706085 32.602745056152344 0.08100000023841858 0.24902813136577606
4 0.057006172835826874 19.12649154663086 0.031034693121910095 75.087158203125 0.06800000369548798 8.151458740234375 0.04501167684793472 41.65024948120117
3 0.036034706979990005 58.22480010986328 0.07699999958276749 1.2737151384353638 0.051002826541662216 26.054750442504883 0.04002312198281288 48.15890884399414
3 0.04701903089880943 30.157638549804688 0.06801508367061615 6.339859962463379 0.030024345964193344 64.84441375732422 0.07602391391992569 1.8555809259414673
2 0.06800864636898041 4.256171703338623 0.07500000298023224 1.1666244268417358 0.0580444298684597 8.864657402038574 0.03802148625254631 30.95876693725586
3 0.05301041528582573 23.186084747314453 0.07600102573633194 2.0788886547088623 0.036023762077093124 57.79375076293945 0.03502454236149788 60.750953674316406
1 0.06198562681674957 5.9949049949646 0.058987658470869064 5.496922969818115 0.06801050156354904 2.775724411010742 0.05900058522820473 5.841120719909668
2 0.07303272932767868 2.274158477783203 0.042013008147478104 34.10378646850586 0.07000040262937546 4.7776079177856445 0.046010345220565796 27.144180297851562
1 0.08204343914985657 0.26416125893592834 0.03499212488532066 16.556411743164062 0.07800000160932541 0.3347305357456207 0.08299999684095383 0.0
3 0.08300409466028214 0.0 0.039024900645017624 46.20905303955078 0.043016452342271805 36.81914138793945 0.03303141891956329 61.1285514831543
1 0.051015522330999374 11.099919319152832 0.07800609618425369 0.577183187007904 0.08100000023841858 0.06772511452436447 0.07302682101726532 1.545711636543274
2 0.08300403505563736 0.7213377952575684 0.03500719740986824 34.066009521484375 0.06500108540058136 4.465667724609375 0.060002271085977554 8.393550872802734
4 0.08399999886751175 0.0 0.08200042694807053 1.2036676406860352 0.08399999886751175 0.41840091347694397 0.06800579279661179 7.979644298553467
1 0.04000970721244812 25.94559097290039 0.0500025637447834 15.119832992553711 0.07101666927337646 1.6541248559951782 0.031025273725390434 38.12675094604492
2 0.05600026622414589 12.473447799682617 0.03800974041223526 32.34773635864258 0.05601813644170761 10.494909286499023 0.0689963698387146 2.80653977394104
4 0.0820000022649765 1.270948886871338 0.062007106840610504 14.778667449951172 0.07004421949386597 6.1696648597717285 0.042011696845293045 50.75534439086914
4 0.08399999886751175 0.9153679609298706 0.08500000089406967 0.592555046081543 0.045023951679468155 49.04705047607422 0.08100000023841858 0.46802714467048645
1 0.034016408026218414 27.69905662536621 0.047002214938402176 14.259315490722656 0.05600416660308838 7.7963409423828125 0.0540047287940979 9.672907829284668
4 0.05000559240579605 38.37076950073242 0.05101137235760689 36.28635787963867 0.07699999958276749 2.7773287296295166 0.08399999886751175 1.2199150323867798
1 0.03601633384823799 17.57843589782715 0.03500900790095329 19.86784553527832 0.08399999886751175 0.0 0.05700463056564331 4.873610019683838
1 0.07800000160932541 0.23255370557308197 0.08399999886751175 0.0 0.040005479007959366 17.209077835083008 0.038008276373147964 18.727319717407227
1 0.052002567797899246 5.25179386138916 0.07400000095367432 0.6862645149230957 0.07000350952148438 0.7124245762825012 0.06601651757955551 2.2270424365997314
1 0.07102470099925995 0.5595083832740784 0.03202047571539879 20.504724502563477 0.04200240969657898 13.674234390258789 0.06800000369548798 1.5759129524230957
1 0.054006706923246384 4.160033702850342 0.08100000023841858 0.0 0.03501931205391884 15.666950225830078 0.038006603717803955 14.792207717895508
2 0.05400126054883003 15.012079238891602 0.07500050216913223 1.5380085706710815 0.04602207988500595 24.600522994995117 0.06400995701551437 6.868152141571045
3 0.06100783497095108 12.550288200378418 0.0820004865527153 0.109264075756073 0.03199139982461929 64.24067687988281 0.07200700044631958 3.5663678646087646
4 0.05502273514866829 21.17302131652832 0.06300455331802368 13.675283432006836 0.030037594959139824 85.03583526611328 0.04903251305222511 34.670989990234375
3 0.062000907957553864 11.892894744873047 0.056004367768764496 19.11311912536621 0.03403114899992943 60.571571350097656 0.07502052187919617 2.0158562660217285
2 0.040009185671806335 34.69309616088867 0.07800000160932541 0.48111259937286377 0.035021763294935226 44.14128494262695 0.044012706726789474 27.978973388671875
4 0.08000007271766663 1.027921438217163 0.05301650986075401 31.468603134155273 0.06700138747692108 10.442965507507324 0.04601297900080681 47.79787826538086
4 0.04702967777848244 39.4902229309082 0.06901337206363678 6.9673261642456055 0.055003467947244644 24.393627166748047 0.04402121156454086 46.395076751708984
2 0.06900052726268768 5.149448394775391 0.035985611379146576 46.2547492980957 0.034020476043224335 50.37265396118164 0.06501419842243195 7.5268874168396
4 0.07700137794017792 2.1087396144866943 0.07900027185678482 1.7697381973266602 0.07200147211551666 4.396605014801025 0.033957939594984055 73.47681427001953
1 0.07800000160932541 0.0 0.031004279851913452 21.340225219726562 0.07500000298023224 0.6152362823486328 0.06200180575251579 4.663994789123535
3 0.07000128924846649 5.042670249938965 0.04601311311125755 35.105979919433594 0.0729999989271164 2.976330518722534 0.06300625950098038 11.011765480041504
4 0.05704103410243988 21.59979820251465 0.05601058155298233 23.016565322875977 0.0670045018196106 9.441722869873047 0.04604311287403107 41.99054718017578
1 0.06800039112567902 1.0276390314102173 0.06200484558939934 3.5367040634155273 0.030019162222743034 23.6101131439209 0.07599999755620956 0.26284146308898926
4 0.03402283415198326 47.90141296386719 0.0310295969247818 81.91673278808594 0.05799107626080513 18.578405380249023 0.07400042563676834 2.951483726501465
3 0.030029427260160446 76.99183654785156 0.04900968447327614 30.6147403717041 0.07999999821186066 1.0286834239959717 0.03801368921995163 54.921600341796875
1 0.07699999958276749 0.692287027835846 0.034013357013463974 27.428024291992188 0.0820000022649765 0.0 0.055002473294734955 9.718400955200195
1 0.044027820229530334 11.37336540222168 0.059002455323934555 3.985117197036743 0.06199999898672104 2.6596829891204834 0.06700000166893005 1.5147311687469482
1 0.07900000363588333 0.26199430227279663 0.030010860413312912 27.225126266479492 0.054000481963157654 7.500637531280518 0.08299999684095383 0.031082119792699814
1 0.048004042357206345 7.296497821807861 0.08304795622825623 0.0 0.052001893520355225 8.357025146484375 0.03000885620713234 23.06356430053711
1 0.04400641471147537 18.546825408935547 0.07199999690055847 1.0593103170394897 0.038039498031139374 25.650577545166016 0.05902194231748581 6.976272106170654
3 0.054014626890420914 22.171205520629883 0.05001012235879898 28.775850296020508 0.0330251082777977 66.32002258300781 0.03103121742606163 73.7274398803711
2 0.04401072487235069 29.473356246948242 0.06296459585428238 8.948700904846191 0.04101411625742912 33.70808792114258 0.07200004160404205 2.5446314811706543
2 0.04397096857428551 27.7730712890625 0.06299162656068802 8.450919151306152 0.04000908508896828 33.792449951171875 0.07500986009836197 1.394425630569458
4 0.03302818536758423 81.56771850585938 0.07200097292661667 5.064186096191406 0.05500747263431549 26.568737030029297 0.03602387756109238 74.86180114746094
4 0.04601491615176201 46.62507247924805 0.03103352151811123 93.521728515625 0.0510253868997097 35.59975051879883 0.05801740661263466 22.302352905273438
4 0.062014032155275345 13.400672912597656 0.041016507893800735 50.52192687988281 0.043015386909246445 43.820613861083984 0.047016434371471405 36.81757736206055
4 0.07900109887123108 2.455522060394287 0.049015916883945465 38.38477325439453 0.04102393239736557 59.46182632446289 0.07999999821186066 2.8988802433013916
4 0.0820000022649765 0.5395768880844116 0.07800088077783585 2.027137517929077 0.04903371259570122 38.70398712158203 0.051011115312576294 34.78063201904297
2 0.059001047164201736 9.058553695678711 0.05700526013970375 12.352616310119629 0.07600070536136627 1.531902551651001 0.038007594645023346 37.0744514465332
4 0.05800497904419899 19.252649307250977 0.04202010855078697 53.726173400878906 0.037026599049568176 68.03605651855469 0.04800144582986832 39.26471710205078
3 0.08500000089406967 0.0 0.05500146374106407 18.20263671875 0.05700403451919556 14.971551895141602 0.06304344534873962 9.75427532196045
2 0.06600526720285416 4.20208740234375 0.06800055503845215 5.057598114013672 0.03302374482154846 46.94957733154297 0.061003681272268295 8.633474349975586
3 0.03202776238322258 65.52375030517578 0.0410241074860096 44.35700607299805 0.06400127708911896 9.58535385131836 0.07801420986652374 1.2706577777862549
3 0.03102215565741062 56.60505294799805 0.058000363409519196 16.32338523864746 0.07200577855110168 3.277855396270752 0.08000028878450394 1.012282371520996
1 0.07999999821186066 0.23122146725654602 0.07500000298023224 0.8089791536331177 0.06500722467899323 3.067871332168579 0.061000388115644455 5.771629810333252
2 0.07502537965774536 1.6937065124511719 0.0650026947259903 5.683424472808838 0.030017530545592308 50.72782516479492 0.04702690243721008 23.083271026611328
4 0.04999915882945061 35.881221771240234 0.08000297099351883 0.8921287655830383 0.04804961755871773 40.48684310913086 0.03803069889545441 67.51966857910156
3 0.07199999690055847 3.711855888366699 0.08299999684095383 1.0579829216003418 0.036016788333654404 60.458675384521484 0.07202323526144028 4.161797046661377
4 0.04699564725160599 41.72679138183594 0.042021024972200394 54.65520095825195 0.0480492003262043 39.458282470703125 0.05101357027888298 32.934627532958984
2 0.0380079410970211 32.585411071777344 0.05997844040393829 7.94591760635376 0.04201222583651543 27.302162170410156 0.08400537818670273 0.8711391091346741
4 0.06000829488039017 16.0777645111084 0.07500338554382324 2.7123863697052 0.07800091803073883 1.623993992805481 0.044035542756319046 45.28879928588867
3 0.04901815205812454 32.86359405517578 0.05301055312156677 25.271438598632812 0.0430198609828949 44.516700744628906 0.04701605439186096 36.013763427734375
4 0.0540275052189827 27.25589370727539 0.08299881219863892 0.13982966542243958 0.06501417607069016 12.614156723022461 0.049016423523426056 38.79832458496094
4 0.04401649534702301 52.216461181640625 0.08100000023841858 0.4569147229194641 0.08299999684095383 1.4432250261306763 0.0700051486492157 7.232059478759766
4 0.08000002801418304 1.592578649520874 0.06800081580877304 7.92703914642334 0.03802156075835228 59.98354721069336 0.07297933101654053 3.4519548416137695
3 0.04598388448357582 38.1855354309082 0.0820000022649765 1.911064863204956 0.032030798494815826 72.48404693603516 0.07599999755620956 2.4156646728515625
3 0.030032547190785408 76.29993438720703 0.04301635921001434 42.6845817565918 0.06201176345348358 12.268243789672852 0.06000708043575287 15.236088752746582
1 0.07800000160932541 0.93003910779953 0.0749509185552597 0.7722572684288025 0.05500404164195061 11.026942253112793 0.03502406179904938 29.176372528076172
3 0.053026240319013596 20.990190505981445 0.06401775777339935 9.47408390045166 0.07501529902219772 2.2397444248199463 0.07700036466121674 1.569767951965332
2 0.05702301487326622 14.329147338867188 0.06500484049320221 6.355984687805176 0.06400465965270996 7.439879417419434 0.057033248245716095 13.548580169677734
3 0.051975034177303314 19.861169815063477 0.050010040402412415 22.9339599609375 0.03502564877271652 50.307647705078125 0.06700636446475983 6.588604927062988
4 0.05900820717215538 20.17520523071289 0.04602095112204552 44.86127471923828 0.04801333695650101 40.41761016845703 0.058004118502140045 21.43084716796875
1 0.03500327467918396 26.413114547729492 0.0390075221657753 21.807153701782227 0.08000735938549042 0.18797168135643005 0.052046652883291245 11.287349700927734
2 0.04500333219766617 19.798648834228516 0.030013274401426315 41.77798080444336 0.037012409418821335 30.68834114074707 0.044009484350681305 22.39112663269043
3 0.05502362549304962 17.83506965637207 0.04401632025837898 38.901611328125 0.06000189855694771 14.998851776123047 0.035026077181100845 59.38853454589844
4 0.0380212776362896 63.028907775878906 0.036027491092681885 69.13949584960938 0.05300488322973251 28.58745765686035 0.07600076496601105 2.5696585178375244
2 0.08300404995679855 0.2723914384841919 0.05500497668981552 13.782240867614746 0.0610087551176548 8.657088279724121 0.07501514256000519 1.2551069259643555
1 0.044012993574142456 11.554947853088379 0.03700341284275055 16.455900192260742 0.06400055438280106 1.552342414855957 0.0500025600194931 9.109179496765137
2 0.03102613426744938 38.598304748535156 0.050013571977615356 13.826123237609863 0.038008589297533035 28.702247619628906 0.054001402109861374 12.759690284729004
4 0.08500000089406967 0.3311186134815216 0.083000548183918 0.8971720337867737 0.08399999886751175 0.2716459631919861 0.0770009458065033 1.9022771120071411
1 0.06800030916929245 1.7943217754364014 0.08299999684095383 0.0 0.03301088139414787 26.845415115356445 0.03201209008693695 28.354549407958984
3 0.06800072640180588 6.177041053771973 0.08200252801179886 1.187235713005066 0.07900083810091019 1.1110743284225464 0.05600467696785927 17.261981964111328
3 0.05700374394655228 16.55660629272461 0.06700065732002258 6.428825855255127 0.07800073176622391 0.9508681297302246 0.06400784850120544 9.58615779876709
3 0.048012442886829376 26.012685775756836 0.05701073259115219 15.186272621154785 0.08001545816659927 0.713080644607544 0.07600093632936478 1.539720058441162
4 0.08399999886751175 0.8924047350883484 0.053006112575531006 30.651199340820312 0.040027447044849396 63.09125518798828 0.05800430104136467 22.27183723449707
4 0.04802357032895088 37.1706657409668 0.06301327794790268 13.656041145324707 0.04601160064339638 41.68589401245117 0.07100892812013626 5.248688697814941
1 0.05000216141343117 10.929028511047363 0.06201108917593956 4.288564205169678 0.08104991912841797 0.0 0.041010744869709015 17.622474670410156
3 0.03701665252447128 56.717227935791016 0.08500106632709503 0.14173322916030884 0.04900937154889107 29.39299201965332 0.047014255076646805 33.00311279296875
1 0.06600183248519897 2.0484304428100586 0.04900827258825302 10.401851654052734 0.030008338391780853 28.236692428588867 0.0729999989271164 0.9379662275314331
3 0.08300410956144333 0.0 0.08500000089406967 0.0 0.054013267159461975 21.324060440063477 0.049011312425136566 29.591388702392578
2 0.0820000022649765 0.0 0.07500049471855164 1.3255780935287476 0.05500571429729462 10.159439086914062 0.05900188535451889 9.325313568115234
4 0.04201800376176834 57.102264404296875 0.08300106227397919 0.0 0.06800062209367752 9.24091625213623 0.06100410968065262 18.278194427490234
1 0.050014808773994446 12.484722137451172 0.05700108781456947 8.540611267089844 0.07900000363588333 0.32272082567214966 0.04504070430994034 18.408254623413086
3 0.04796180501580238 29.904584884643555 0.04401428624987602 35.758670806884766 0.05601298063993454 17.73693084716797 0.04898383095860481 27.625642776489258
3 0.06500393897294998 9.046357154846191 0.043007202446460724 36.34381103515625 0.06700029224157333 6.211933135986328 0.05700766667723656 16.033857345581055
1 0.032009392976760864 36.383644104003906 0.044006142765283585 20.691612243652344 0.06200115382671356 6.112504959106445 0.052005916833877563 13.103617668151855
3 0.059034716337919235 16.66118049621582 0.0690007358789444 6.713292598724365 0.031027447432279587 73.01822662353516 0.05501437932252884 22.032928466796875
1 0.045006319880485535 17.07544708251953 0.08297895640134811 0.0 0.059000495821237564 6.359511375427246 0.08299999684095383 0.31190025806427
4 0.030959686264395714 90.07128143310547 0.05199885740876198 29.350147247314453 0.07797900587320328 1.4173269271850586 0.08100000023841858 1.5368869304656982
3 0.03802168369293213 56.700889587402344 0.032024018466472626 73.59629821777344 0.04101565480232239 48.511173248291016 0.043014828115701675 43.1346321105957
1 0.05700026452541351 5.849271297454834 0.04800377041101456 12.356904983520508 0.07200037688016891 0.9839224815368652 0.0320182740688324 26.1678409576416
4 0.039033763110637665 65.56277465820312 0.048020489513874054 40.787044525146484 0.08500000089406967 1.4201902151107788 0.07800108194351196 2.0389702320098877
4 0.05700836330652237 24.43985366821289 0.03003580868244171 80.97708892822266 0.08200164884328842 0.462922602891922 0.04002535343170166 64.52084350585938
2 0.0380122996866703 33.76741409301758 0.040009692311286926 29.893653869628906 0.07600028067827225 0.9655967950820923 0.030016131699085236 46.89596176147461
1 0.07699999958276749 0.7110769748687744 0.08500000089406967 0.0 0.04202212393283844 18.245214462280273 0.031010499224066734 31.99679946899414
1 0.05899622663855553 3.620551586151123 0.06200072541832924 3.6700453758239746 0.05800030753016472 5.241969108581543 0.030008073896169662 25.502723693847656
2 0.03801107406616211 30.944541931152344 0.07700060307979584 0.9946200251579285 0.03101731650531292 46.52946472167969 0.044006913900375366 21.345624923706055
4 0.07100380212068558 5.198565483093262 0.06000180542469025 17.144208908081055 0.0680045485496521 8.244382858276367 0.04501284658908844 44.329463958740234
3 0.04702198877930641 33.134647369384766 0.036015864461660385 57.81595230102539 0.06100894883275032 12.916221618652344 0.03202410414814949 66.93601989746094
4 0.07100363820791245 5.24873685836792 0.07900059968233109 1.1741218566894531 0.05297073721885681 26.98281478881836 0.08300001174211502 1.435907006263733
4 0.07000462710857391 6.2643280029296875 0.0850001871585846 1.2774081230163574 0.03502647206187248 70.56263732910156 0.056027453392744064 22.90062141418457
3 0.03202291205525398 72.207763671875 0.08100000023841858 0.9633787870407104 0.05202089995145798 27.730915069580078 0.08301375806331635 0.9719668030738831
4 0.05197448283433914 33.20183181762695 0.06401126831769943 13.921245574951172 0.036037933081388474 76.17744445800781 0.04302376136183739 54.780174255371094
2 0.03301673009991646 44.07727813720703 0.03801433742046356 35.98909378051758 0.07699999958276749 1.1596202850341797 0.03295699506998062 45.63561248779297
2 0.07100119441747665 1.8032236099243164 0.06200084462761879 6.664039134979248 0.06500104069709778 5.143891334533691 0.08500000089406967 0.0
2 0.0510072186589241 14.312399864196777 0.03300775587558746 35.57695770263672 0.044011205434799194 20.40076446533203 0.05900442972779274 7.969370365142822
4 0.06500063091516495 12.003888130187988 0.07500030845403671 2.938880205154419 0.030033167451620102 99.46055603027344 0.062000129371881485 15.148723602294922
4 0.05001230165362358 35.35173034667969 0.05500858277082443 25.703510284423828 0.045020755380392075 47.01423263549805 0.060004156082868576 18.8174991607666
2 0.04701010137796402 26.406841278076172 0.05800490826368332 13.022586822509766 0.06800037622451782 5.58892822265625 0.03700067475438118 42.832855224609375
1 0.07800000160932541 0.792043149471283 0.0740184485912323 1.0520825386047363 0.08399999886751175 0.0 0.05200143903493881 10.742348670959473
1 0.03200444206595421 21.25250816345215 0.07999999821186066 0.0 0.05800016596913338 6.180417060852051 0.029995005577802658 23.29725456237793
3 0.07400621473789215 2.358640432357788 0.0320260114967823 72.1020736694336 0.05602886155247688 17.7393856048584 0.06200544163584709 12.108915328979492
4 0.03302646800875664 73.32462310791016 0.049017369747161865 37.24470901489258 0.05201251804828644 31.31804656982422 0.048015180975198746 39.548274993896484
3 0.051990386098623276 20.65616226196289 0.07704717665910721 1.5488739013671875 0.05200238525867462 21.849130630493164 0.04201621189713478 37.426692962646484
3 0.03301412984728813 67.93060302734375 0.04202182963490486 46.38548278808594 0.05700235441327095 19.538116455078125 0.04301532730460167 44.479286193847656
3 0.03702059015631676 58.59244155883789 0.05500941351056099 21.855205535888672 0.07595089077949524 2.1736931800842285 0.043014734983444214 43.837039947509766
4 0.051027439534664154 31.18381118774414 0.06301070749759674 13.747459411621094 0.08300111442804337 0.0 0.033029742538928986 77.72476959228516
2 0.03401849418878555 44.40113830566406 0.07100442051887512 3.222471237182617 0.08299999684095383 0.0 0.03702273964881897 38.77435302734375
2 0.06700000166893005 5.692857265472412 0.0360170379281044 38.91688919067383 0.044012654572725296 26.695796966552734 0.03401397168636322 42.55396270751953
4 0.08500000089406967 0.5315381288528442 0.08100114017724991 0.676716148853302 0.045010801404714584 43.6156120300293 0.05500533804297447 24.355579376220703
4 0.0810004398226738 0.7063450217247009 0.07600071281194687 2.849001884460449 0.08100034296512604 1.7443032264709473 0.04302610084414482 55.87329864501953
3 0.06400007009506226 11.120820999145508 0.04003290832042694 48.474449157714844 0.05500425770878792 21.38388442993164 0.0520082488656044 25.672027587890625
4 0.08300413191318512 0.3692532181739807 0.06700414419174194 8.72610092163086 0.03302522003650665 73.48646545410156 0.08004666864871979 0.9241959452629089
2 0.054013628512620926 15.928805351257324 0.03802516311407089 39.327354431152344 0.06401816010475159 6.822752952575684 0.06500064581632614 6.934108734130859
4 0.08300415426492691 0.9923869371414185 0.07800084352493286 2.151247501373291 0.03003697283565998 91.86682891845703 0.07702098786830902 2.052652359008789
1 0.07199999690055847 1.2058076858520508 0.03302418068051338 28.738283157348633 0.07800000160932541 0.2915973365306854 0.04803696647286415 12.491765975952148
1 0.03797094523906708 26.016571044921875 0.08299999684095383 0.0 0.031016608700156212 34.13154983520508 0.08500000089406967 0.0
1 0.07397844642400742 0.7649970054626465 0.0829983651638031 0.0 0.041008979082107544 17.943363189697266 0.0400090292096138 20.050785064697266
4 0.08199354261159897 1.343136191368103 0.08500000089406967 0.0 0.0780007615685463 1.8865646123886108 0.03801801800727844 60.78251647949219
1 0.037001751363277435 16.343196868896484 0.07496877759695053 0.891213595867157 0.08500000089406967 0.0 0.07701923698186874 0.41878893971443176
3 0.07100274413824081 4.250115394592285 0.042033929377794266 41.91337203979492 0.04501483961939812 33.80833053588867 0.03502627834677696 57.2451057434082
3 0.04701530933380127 33.40066146850586 0.0650135949254036 9.409265518188477 0.03302109241485596 62.83075714111328 0.074027881026268 2.8535964488983154
4 0.07800537347793579 2.3723762035369873 0.06800537556409836 8.474751472473145 0.07300105690956116 3.648998498916626 0.034029457718133926 75.45022583007812
1 0.04502653330564499 8.768274307250977 0.0600021630525589 3.370495319366455 0.05600012093782425 5.122204303741455 0.07000478357076645 1.2005946636199951
2 0.06700000166893005 4.371497631072998 0.07200053334236145 2.054534673690796 0.04102594777941704 29.95567512512207 0.07800920307636261 0.61026930809021
1 0.05700092017650604 6.775537967681885 0.08299999684095383 0.025884944945573807 0.056000206619501114 7.141573905944824 0.08100198954343796 0.5076435804367065
3 0.07100281864404678 4.49937629699707 0.04502372816205025 35.54888153076172 0.08097752928733826 0.5226503610610962 0.07600028812885284 1.8854018449783325
2 0.039991237223148346 38.183494567871094 0.0670008584856987 6.266147136688232 0.04702114686369896 25.318870544433594 0.05500760301947594 16.779741287231445
2 0.04601090028882027 22.91132354736328 0.05200798064470291 16.9518985748291 0.07999999821186066 1.0156214237213135 0.07900073379278183 0.6227485537528992
4 0.07700097560882568 2.1521244049072266 0.07900030165910721 1.48460054397583 0.0820000022649765 1.1163685321807861 0.0590260848402977 17.794240951538086
4 0.0820000022649765 0.5233232378959656 0.06800595670938492 9.470452308654785 0.07600129395723343 2.7063357830047607 0.036024268716573715 77.18132781982422
1 0.03700319305062294 17.199308395385742 0.06299200654029846 2.1106767654418945 0.0820000022649765 0.0 0.08399999886751175 0.0
1 0.03400350734591484 20.935895919799805 0.05300348624587059 7.036457061767578 0.05400029569864273 7.3437933921813965 0.0820000022649765 0.0
3 0.05001058056950569 27.102405548095703 0.06402541697025299 10.975486755371094 0.053005583584308624 24.018327713012695 0.07200157642364502 4.010511875152588
2 0.03501386195421219 32.86556625366211 0.06800002604722977 2.7706854343414307 0.04002559930086136 26.098560333251953 0.05300108715891838 13.166373252868652
2 0.07800000160932541 1.1392617225646973 0.06000489741563797 8.949219703674316 0.042010895907878876 25.994483947753906 0.05300677940249443 13.580350875854492
2 0.04500313848257065 19.498151779174805 0.0580005906522274 9.797887802124023 0.031020304188132286 39.78035354614258 0.03501360863447189 33.62683868408203
3 0.07502558827400208 2.064089059829712 0.0530032254755497 23.004575729370117 0.03304167464375496 62.90169906616211 0.06400754302740097 10.205755233764648
4 0.0820000022649765 0.5962719917297363 0.03303394466638565 84.56340789794922 0.032026346772909164 88.72525024414062 0.06400168687105179 14.004114151000977
4 0.07401116192340851 3.113320827484131 0.07500071078538895 2.6422576904296875 0.042015623301267624 48.56911087036133 0.08400091528892517 0.0
4 0.08199359476566315 1.3443374633789062 0.042015206068754196 49.58076477050781 0.06000136956572533 16.29743766784668 0.05500910058617592 24.389690399169922
3 0.04501305893063545 37.25386428833008 0.04201459884643555 39.98269271850586 0.06600058823823929 6.798083782196045 0.07200110703706741 3.320046901702881
4 0.046965356916189194 44.04447555541992 0.06400136649608612 13.6324462890625 0.07501278817653656 3.088724136352539 0.04601651057600975 45.60573959350586
2 0.07502498477697372 1.4465593099594116 0.050005167722702026 13.905056953430176 0.051002614200115204 13.91586685180664 0.07400047779083252 1.445371150970459
4 0.05900457501411438 19.902734756469727 0.06600184738636017 11.107460021972656 0.06400668621063232 13.510075569152832 0.06300780177116394 15.272383689880371
4 0.08000002801418304 1.4650647640228271 0.055008262395858765 24.425434112548828 0.08299999684095383 0.0 0.08500000089406967 0.0
3 0.0660073310136795 9.274441719055176 0.03901362046599388 51.06681823730469 0.05100778490304947 27.455059051513672 0.07300088554620743 2.924154281616211
1 0.0700346976518631 1.9999679327011108 0.0729999989271164 0.7770844101905823 0.040008511394262314 14.935738563537598 0.08299999684095383 0.0
4 0.036038197576999664 65.32099914550781 0.043020013719797134 47.43295669555664 0.050014834851026535 32.52412414550781 0.03503064811229706 68.19679260253906
1 0.0750008076429367 0.6563609838485718 0.08399827778339386 0.0 0.08399999886751175 0.0 0.07699999958276749 0.379907488822937
4 0.04002252221107483 53.99565505981445 0.05698776617646217 21.67156219482422 0.06900323182344437 7.043743133544922 0.06400471925735474 12.8887939453125
2 0.0390099473297596 31.893077850341797 0.032025109976530075 36.76279830932617 0.06500062346458435 5.776472568511963 0.08500371128320694 0.0
2 0.07502540946006775 1.6874525547027588 0.038021307438611984 38.639617919921875 0.051003597676754 18.52535629272461 0.08300226181745529 0.898837149143219
4 0.06900796294212341 7.485138416290283 0.03802250698208809 65.89362335205078 0.05800588056445122 21.132465362548828 0.050009794533252716 35.807552337646484
2 0.059000369161367416 11.147748947143555 0.0370139554142952 35.87110137939453 0.053001780062913895 14.030794143676758 0.08299999684095383 0.0
2 0.03499924764037132 37.47432327270508 0.05300169438123703 14.612122535705566 0.06900017708539963 2.865548849105835 0.041008852422237396 27.76104164123535
1 0.0500008799135685 9.092534065246582 0.04500378295779228 10.946446418762207 0.0790003165602684 0.09348108619451523 0.07400000095367432 0.6174126267433167
2 0.060000982135534286 8.107462882995605 0.06000300124287605 8.905401229858398 0.03401097282767296 38.58670425415039 0.044006817042827606 24.066431045532227
3 0.059011589735746384 13.377378463745117 0.0500049963593483 23.04002571105957 0.05600615218281746 15.952544212341309 0.03901250287890434 41.476219177246094
2 0.06700000166893005 3.167217254638672 0.04501882195472717 19.332448959350586 0.06800107657909393 3.5834498405456543 0.07500000298023224 1.280434489250183
2 0.048005808144807816 24.3663330078125 0.07700000703334808 1.2331000566482544 0.07200229167938232 2.7101635932922363 0.0640038326382637 8.103639602661133
1 0.047001518309116364 17.615915298461914 0.057000622153282166 8.317556381225586 0.032025665044784546 34.144405364990234 0.08503489196300507 0.37827417254447937
2 0.07502538710832596 1.6931567192077637 0.04400281235575676 27.03592300415039 0.051007576286792755 17.285110473632812 0.06400033086538315 7.937746524810791
4 0.0540282279253006 25.08301544189453 0.03501886501908302 67.42996978759766 0.06200023368000984 13.85117244720459 0.04501108452677727 41.393157958984375
2 0.07100117951631546 1.7813829183578491 0.06900332123041153 3.319317102432251 0.0650004968047142 5.297877311706543 0.06400420516729355 6.0467610359191895
2 0.04201425239443779 31.328601837158203 0.051006823778152466 18.81307029724121 0.07695894688367844 1.0515081882476807 0.03401784971356392 45.060813903808594
3 0.04201533645391464 46.36875534057617 0.042017173022031784 46.17176055908203 0.045016687363386154 39.33961486816406 0.04901350289583206 28.026926040649414
2 0.07999999821186066 0.0 0.0820000022649765 0.0 0.0570010207593441 10.471248626708984 0.06500375270843506 5.615907192230225
4 0.04402008280158043 49.56454849243164 0.07900000363588333 1.0883795022964478 0.07999999821186066 1.8371376991271973 0.06900119036436081 7.644770622253418
3 0.0730171725153923 3.21380877494812 0.05001669377088547 30.960805892944336 0.03701517730951309 59.55387878417969 0.07000018656253815 5.282005786895752
3 0.0820000022649765 1.0924816131591797 0.055004194378852844 16.503190994262695 0.05700340494513512 14.666491508483887 0.059002701193094254 12.695228576660156
4 0.07700110226869583 2.1514711380004883 0.04201739653944969 51.11135482788086 0.05400550365447998 25.493309020996094 0.07400000095367432 3.058643102645874
4 0.06700059026479721 8.759564399719238 0.03204718604683876 74.13565826416016 0.03703826293349266 60.6898078918457 0.08500874787569046 0.8366524577140808
4 0.04001777619123459 55.924560546875 0.08200789988040924 0.2707463502883911 0.08299999684095383 0.6107601523399353 0.05001543462276459 32.407527923583984
4 0.07700151950120926 2.1754817962646484 0.08000066131353378 1.710281252861023 0.05598417669534683 23.38387680053711 0.05300936475396156 28.735645294189453
3 0.03702983260154724 59.49905014038086 0.04901110753417015 31.76730728149414 0.07200068980455399 3.859081506729126 0.045007430016994476 39.90904235839844
2 0.07599999755620956 1.3668326139450073 0.043003927916288376 21.50107765197754 0.040007513016462326 26.366374969482422 0.05900050699710846 7.601000785827637
1 0.07199999690055847 1.1752461194992065 0.07699999958276749 0.49347051978111267 0.08299999684095383 0.0 0.05495801940560341 6.718560695648193
1 0.07598865777254105 1.0716136693954468 0.0760003998875618 0.7737666368484497 0.06400033831596375 5.58050537109375 0.05300414562225342 12.234357833862305
2 0.05502603203058243 9.741347312927246 0.06500024348497391 5.362273216247559 0.07400020956993103 1.3132498264312744 0.04900142177939415 16.4158992767334
1 0.06001381576061249 6.830382823944092 0.06800054758787155 2.47300386428833 0.07700005173683167 0.7785711884498596 0.07400055974721909 0.845797061920166
1 0.03201286494731903 23.52791404724121 0.041008636355400085 14.760520935058594 0.0820007175207138 0.0 0.06300901621580124 4.399567127227783
3 0.08500000089406967 0.0 0.07800062745809555 1.3187147378921509 0.03201909735798836 60.288368225097656 0.052984174340963364 19.779430389404297
3 0.04904835298657417 26.53474998474121 0.06200093775987625 11.368793487548828 0.05900395289063454 14.654970169067383 0.06400138139724731 9.496749877929688
3 0.07300064712762833 2.6653778553009033 0.05301026999950409 20.11848258972168 0.06100228428840637 12.088802337646484 0.06500217318534851 8.557090759277344
4 0.07502569258213043 2.715803623199463 0.08300002664327621 1.092507243156433 0.05600244179368019 20.584447860717773 0.05700485780835152 19.278072357177734
2 0.03801630064845085 38.66400909423828 0.08299999684095383 1.1591196060180664 0.031028402969241142 53.23728561401367 0.04700775444507599 23.979753494262695
3 0.04501676931977272 38.138004302978516 0.05600886046886444 19.947790145874023 0.04501637443900108 37.974246978759766 0.07800000160932541 2.050797462463379
3 0.07700017094612122 1.6362696886062622 0.03701654449105263 51.20991516113281 0.03701896592974663 51.696468353271484 0.0680166631937027 6.726271629333496
3 0.0440097413957119 32.96017074584961 0.06700146198272705 6.381914138793945 0.03201771900057793 57.10581588745117 0.05101201310753822 22.247594833374023
1 0.06400004774332047 1.4577633142471313 0.05900014191865921 4.013632774353027 0.046004150062799454 8.309362411499023 0.03600618988275528 15.865097999572754
2 0.060997650027275085 5.711849212646484 0.073981374502182 1.2347897291183472 0.08100000023841858 0.19009491801261902 0.06401029229164124 6.942771911621094
2 0.05300545692443848 16.107770919799805 0.04001418873667717 33.54763412475586 0.034018032252788544 44.95083999633789 0.04700654372572899 23.39143180847168
2 0.04700123891234398 19.476547241210938 0.04800460860133171 18.90716552734375 0.034016821533441544 39.04862976074219 0.03401446342468262 39.08037567138672
2 0.06600484251976013 4.605391979217529 0.06600170582532883 5.3014068603515625 0.03401729837059975 42.09729766845703 0.07199999690055847 2.2420899868011475
4 0.039024967700242996 57.23119354248047 0.06900136917829514 6.876495838165283 0.0670049712061882 9.158411026000977 0.055010247975587845 23.48342514038086
2 0.0650000050663948 7.698929786682129 0.08400088548660278 0.36422139406204224 0.03401936963200569 38.76892852783203 0.06700081378221512 6.660942554473877
1 0.051038049161434174 11.08980941772461 0.07999999821186066 0.08631084114313126 0.056000880897045135 6.5275468826293945 0.030013641342520714 31.00682830810547
2 0.030026383697986603 56.31072998046875 0.0830003097653389 0.09826049208641052 0.059004392474889755 11.85191535949707 0.037014737725257874 41.51592254638672
1 0.08399999886751175 0.297203928232193 0.04200877249240875 15.93077564239502 0.031009474769234657 29.283227920532227 0.06800000369548798 2.362133502960205
1 0.06402412801980972 5.264934539794922 0.04501243308186531 19.134002685546875 0.07599999755620956 0.9609508514404297 0.06900077313184738 2.9471445083618164
2 0.030014459043741226 44.538551330566406 0.07903522998094559 0.0 0.05700591206550598 10.269909858703613 0.03801221773028374 31.0445499420166
3 0.07999999821186066 1.412070631980896 0.06000696122646332 12.917691230773926 0.07400202006101608 2.215949773788452 0.030026817694306374 61.232177734375
4 0.05601893365383148 21.185861587524414 0.07700099050998688 1.7141348123550415 0.07999999821186066 1.576804518699646 0.07900097221136093 1.2097190618515015
1 0.07800000160932541 0.7302591800689697 0.055001284927129745 8.115596771240234 0.07300037145614624 0.9878337979316711 0.06995061784982681 1.8496843576431274
2 0.07400470227003098 1.940274953842163 0.07800000160932541 0.9230833649635315 0.0720008835196495 2.469816207885742 0.07800034433603287 0.8650232553482056
4 0.04601198434829712 45.16379928588867 0.04301878437399864 51.990699768066406 0.0790012925863266 2.0771641731262207 0.08500000089406967 0.7412869334220886
2 0.06000356748700142 7.811413764953613 0.0470084510743618 18.03325080871582 0.032010212540626526 39.029273986816406 0.07504095882177353 1.5016826391220093
1 0.07502463459968567 0.5444576740264893 0.033009372651576996 29.809972763061523 0.08004060387611389 0.058737438172101974 0.07500000298023224 0.9108245372772217
4 0.060038093477487564 17.14510154724121 0.04901372268795967 34.09087371826172 0.06200142949819565 13.829817771911621 0.0660032406449318 9.88737678527832
4 0.045022010803222656 47.830352783203125 0.08299999684095383 0.0 0.07301361858844757 3.990734100341797 0.06998340785503387 7.01782751083374
4 0.031044436618685722 99.85387420654297 0.0490170456469059 39.01929473876953 0.04202123358845711 57.134910583496094 0.07100032269954681 6.508274078369141
3 0.05998750403523445 13.241394996643066 0.0550069734454155 19.35392951965332 0.07600071281194687 1.6628844738006592 0.06800640374422073 5.975488185882568
4 0.05001536384224892 30.45859718322754 0.055007390677928925 22.67906379699707 0.0450185164809227 41.011322021484375 0.04401826858520508 43.49250793457031
1 0.03301124647259712 19.274276733398438 0.07400048524141312 0.9885319471359253 0.039023999124765396 23.195722579956055 0.08100000023841858 0.0
1 0.07000023871660233 1.5464342832565308 0.0440027080476284 17.070608139038086 0.03697413578629494 23.48236083984375 0.046008653938770294 14.422589302062988
3 0.08399999886751175 0.0 0.03601821884512901 55.62457275390625 0.08300069719552994 0.0 0.08299999684095383 0.10269296169281006
4 0.04901847988367081 32.931983947753906 0.041019801050424576 49.93877410888672 0.043015241622924805 45.2281379699707 0.04801289364695549 34.23081588745117
1 0.04903389886021614 8.410608291625977 0.05900000035762787 3.1283531188964844 0.05999999865889549 3.119669198989868 0.07000000029802322 1.08558189868927
2 0.08399999886751175 0.0 0.031021729111671448 55.3270149230957 0.06300067901611328 9.13552474975586 0.04801107943058014 24.686376571655273
3 0.03901439532637596 43.146339416503906 0.06902889162302017 4.703863143920898 0.07800014317035675 1.0510978698730469 0.07800038903951645 1.145717740058899
1 0.04200441390275955 17.762300491333008 0.05800062417984009 6.8445143699646 0.08104094117879868 0.0 0.05400076508522034 8.652274131774902
4 0.030025281012058258 69.07748413085938 0.03202643245458603 76.2505111694336 0.037975095212459564 59.96763229370117 0.06301195919513702 12.933164596557617
3 0.057029202580451965 16.151681900024414 0.04499188810586929 35.500221252441406 0.06302066147327423 10.721464157104492 0.04500916972756386 35.853843688964844
3 0.0330231599509716 68.7972640991211 0.05601067468523979 20.618432998657227 0.03501947596669197 65.53666687011719 0.060012441128492355 15.107956886291504
1 0.06800024211406708 0.9512075781822205 0.06600263714790344 2.004042863845825 0.033007245510816574 19.67572593688965 0.05695292726159096 5.298417091369629
2 0.06501858681440353 6.3118062019348145 0.0820000022649765 0.22671839594841003 0.06700049340724945 4.061379909515381 0.054006848484277725 11.988680839538574
4 0.05901363119482994 18.937517166137695 0.03196445479989052 80.39091491699219 0.03302706778049469 0.0 0.04996725916862488 33.6060791015625
4 0.07800567150115967 2.465378999710083 0.07800091058015823 1.9880284070968628 0.03801673278212547 67.61907958984375 0.05201585590839386 31.82647705078125
4 0.08300413936376572 0.547896146774292 0.08300020545721054 1.1743526458740234 0.05301735922694206 27.488418579101562 0.04002911597490311 56.745994567871094
2 0.031000353395938873 41.1635856628418 0.041008587926626205 25.551755905151367 0.049009572714567184 16.48066520690918 0.048008520156145096 17.803279876708984
4 0.08500000089406967 1.4292713403701782 0.04501882940530777 49.967594146728516 0.054042063653469086 30.24010467529297 0.031034067273139954 94.20646667480469
3 0.050003841519355774 29.339317321777344 0.07204896956682205 3.8353044986724854 0.08100000768899918 1.3629549741744995 0.035010285675525665 63.97045135498047
1 0.07599999755620956 0.6030500531196594 0.03600999712944031 18.5155029296875 0.055953092873096466 7.2420573234558105 0.07397894561290741 0.6860000491142273
3 0.06300074607133865 9.159659385681152 0.062005870044231415 10.588996887207031 0.05600316822528839 16.319393157958984 0.044014960527420044 33.18092346191406
3 0.035015009343624115 48.759342193603516 0.0720040425658226 3.0377190113067627 0.04002683609724045 39.60900115966797 0.06202864274382591 10.79804515838623
1 0.07102416455745697 2.5995922088623047 0.06200045719742775 4.737250328063965 0.03400899097323418 25.654911041259766 0.08103062212467194 0.6716252565383911
1 0.04801538214087486 8.191383361816406 0.04600482061505318 9.904903411865234 0.0680006742477417 1.903494119644165 0.05400814488530159 6.795644283294678
1 0.04504171758890152 12.639586448669434 0.061000000685453415 2.5529580116271973 0.07500013709068298 0.41955575346946716 0.07999999821186066 0.0
4 0.04502064362168312 46.62006378173828 0.07000111043453217 6.700305938720703 0.08100055158138275 0.9687740802764893 0.03904074430465698 62.4070930480957
2 0.0820000022649765 0.0 0.07096407562494278 2.2510366439819336 0.08500000089406967 0.0 0.04800420626997948 19.589431762695312
2 0.05802244693040848 14.147798538208008 0.07300141453742981 2.2452151775360107 0.062005143612623215 9.312271118164062 0.0430029071867466 33.70452880859375
3 0.031023193150758743 72.05500030517578 0.04800766333937645 31.344133377075195 0.04301612824201584 40.66511917114258 0.06400686502456665 10.05850887298584
4 0.0480186827480793 40.113731384277344 0.034017764031887054 80.3139419555664 0.06200246512889862 15.822603225708008 0.04003447666764259 61.37514877319336
1 0.03998956456780434 26.59775161743164 0.04800812527537346 16.48194694519043 0.034017372876405716 33.365478515625 0.0410166010260582 24.657339096069336
2 0.04401375725865364 26.178354263305664 0.037013549357652664 36.468719482421875 0.07900011539459229 0.747448742389679 0.07400766015052795 1.7702161073684692
1 0.04100672900676727 11.055866241455078 0.04400477558374405 10.250435829162598 0.035006340593099594 16.419404983520508 0.07800000160932541 0.3756832778453827
4 0.03604092448949814 67.57157135009766 0.06804076582193375 7.877823352813721 0.04301227629184723 48.77321243286133 0.047017935663461685 39.022762298583984
3 0.05700013414025307 17.96076202392578 0.04801223799586296 32.47297286987305 0.07200010865926743 3.919114351272583 0.05001891404390335 28.724754333496094
1 0.08497137576341629 0.1512078493833542 0.031020985916256905 30.78411293029785 0.03300879895687103 28.163997650146484 0.04200558364391327 18.389802932739258
3 0.07100312411785126 5.180668830871582 0.05495057627558708 21.52054214477539 0.0440172478556633 40.63199996948242 0.06400103121995926 11.654990196228027
4 0.06902939081192017 8.075302124023438 0.03304574266076088 85.89986419677734 0.03203126788139343 90.11393737792969 0.05600949749350548 25.238462448120117
2 0.08499258756637573 0.0 0.03100981004536152 39.461509704589844 0.06700000166893005 2.9017930030822754 0.05500155687332153 10.352713584899902
3 0.0670195147395134 7.975749492645264 0.07000132650136948 5.095244884490967 0.04103993624448776 45.432437896728516 0.059006523340940475 15.088908195495605
3 0.07502557337284088 2.1388046741485596 0.03499471768736839 56.03476333618164 0.07702623307704926 1.727980136871338 0.051011230796575546 24.139793395996094
3 0.038015205413103104 48.502098083496094 0.033012013882398605 57.53885269165039 0.07497750967741013 2.179912805557251 0.03801712766289711 48.63106918334961
1 0.044014349579811096 18.76426124572754 0.03401220217347145 31.620765686035156 0.07500000298023224 0.9332873821258545 0.05600113421678543 8.080256462097168
4 0.06896790117025375 7.290799617767334 0.06300166249275208 14.508699417114258 0.07500185817480087 2.8647382259368896 0.040026579052209854 58.91957092285156
2 0.06802470237016678 4.403213024139404 0.04000968858599663 28.040958404541016 0.047007735818624496 19.75082015991211 0.05000707879662514 16.207483291625977
1 0.036017630249261856 22.222618103027344 0.0430077500641346 16.39150619506836 0.07400000095367432 1.1419824361801147 0.052002985030412674 10.383610725402832
3 0.08500000089406967 0.0 0.06500690430402756 8.083657264709473 0.04400777444243431 33.242374420166016 0.06600041687488556 6.733226299285889
2 0.0720033049583435 2.0232791900634766 0.05400124192237854 13.567010879516602 0.044010769575834274 25.8101863861084 0.058993417769670486 9.335105895996094
2 0.07200460880994797 2.279423475265503 0.043994612991809845 26.311290740966797 0.06400036066770554 7.9784955978393555 0.03304615616798401 43.299766540527344
2 0.062000077217817307 9.639880180358887 0.059002675116062164 12.137567520141602 0.07600279152393341 1.4945124387741089 0.039013639092445374 38.31840515136719
2 0.0570114329457283 13.91781997680664 0.05200718715786934 18.82878303527832 0.06200083717703819 8.948427200317383 0.07301470637321472 2.1952202320098877
3 0.03102319873869419 60.48691940307617 0.0649554505944252 6.600590705871582 0.04800330847501755 27.72726058959961 0.0729999989271164 2.4556362628936768
1 0.055034786462783813 3.363553285598755 0.05600013956427574 4.213460922241211 0.04502096772193909 9.95121955871582 0.07800000160932541 0.0
1 0.04301486164331436 18.942646026611328 0.058001112192869186 8.705565452575684 0.08001378923654556 0.5419601202011108 0.07400032132863998 1.3724578619003296
1 0.08497064560651779 0.13267478346824646 0.06800781935453415 3.222484588623047 0.04801194742321968 10.344709396362305 0.04100382328033447 15.81698989868164
3 0.046034038066864014 30.30971336364746 0.0640227347612381 9.589276313781738 0.053002506494522095 20.376148223876953 0.05201020836830139 21.537477493286133
2 0.06300000101327896 8.83858585357666 0.03502564877271652 41.66485595703125 0.08100000023841858 0.7338345646858215 0.0630054846405983 7.0855889320373535
4 0.05398387089371681 25.5701847076416 0.07500775903463364 2.863577365875244 0.075001060962677 2.7381601333618164 0.05300367996096611 27.319700241088867
2 0.06400474160909653 5.478582382202148 0.054006267338991165 11.899430274963379 0.0580022968351841 9.97817325592041 0.0620010606944561 7.154623508453369
1 0.031004924327135086 20.945281982421875 0.08203383535146713 0.0 0.060042835772037506 2.9535627365112305 0.046003714203834534 11.37553596496582
2 0.07502544671297073 1.7188234329223633 0.05601093918085098 15.17902660369873 0.03501752391457558 46.544185638427734 0.08299999684095383 0.0
1 0.03701060637831688 23.514652252197266 0.0690259039402008 2.0840003490448 0.035031575709581375 28.06142234802246 0.05900035426020622 4.662161350250244
2 0.06700000166893005 3.29729962348938 0.043019216507673264 25.322736740112305 0.04000936448574066 28.670045852661133 0.051005393266677856 16.13060188293457
2 0.04201168566942215 26.18053436279297 0.0350104495882988 39.325347900390625 0.03701203688979149 36.04307174682617 0.055004533380270004 12.674500465393066
2 0.07900000363588333 1.5225168466567993 0.04202235862612724 32.246768951416016 0.03203506022691727 51.53998565673828 0.047004688531160355 24.261323928833008
3 0.06800000369548798 7.520327091217041 0.03701302409172058 59.53562927246094 0.06300007551908493 12.899374008178711 0.0830051600933075 0.3940761387348175
1 0.07199999690055847 1.1703989505767822 0.08399999886751175 0.0 0.031965117901563644 26.190122604370117 0.04701928794384003 12.168996810913086
4 0.06300108134746552 13.160271644592285 0.07800129801034927 2.108818292617798 0.053003087639808655 25.972332000732422 0.06900090724229813 7.20627498626709
4 0.03502193093299866 73.2217788696289 0.08500813692808151 0.6807730197906494 0.030031729489564896 94.63617706298828 0.06700120866298676 9.654647827148438
1 0.038022734224796295 24.613134384155273 0.05202508345246315 10.598550796508789 0.0649939551949501 4.766270637512207 0.05800280347466469 8.178478240966797
4 0.05600066855549812 22.310449600219727 0.0700104758143425 5.868817329406738 0.030028101056814194 82.29612731933594 0.05400213971734047 25.207868576049805
1 0.06900053471326828 2.8795623779296875 0.05200456455349922 12.44726848602295 0.034009162336587906 31.275165557861328 0.03900938108563423 24.905515670776367
2 0.047025810927152634 21.862537384033203 0.05100390687584877 15.996416091918945 0.04600782319903374 22.038776397705078 0.056957829743623734 10.961790084838867
4 0.06800001114606857 8.834449768066406 0.0780000239610672 1.6510752439498901 0.034029677510261536 73.81517028808594 0.03602441027760506 69.24065399169922
1 0.0679706558585167 1.7782319784164429 0.03601707145571709 23.104198455810547 0.05300241708755493 10.059430122375488 0.031019756570458412 28.566139221191406
3 0.0600229948759079 14.968628883361816 0.06500145047903061 10.409127235412598 0.06400632858276367 11.288751602172852 0.06500156968832016 10.245946884155273
2 0.06300476938486099 6.479972839355469 0.048005688935518265 18.356151580810547 0.0730006992816925 1.5083335638046265 0.07800000160932541 0.8346386551856995
4 0.07199999690055847 4.394314289093018 0.05702520161867142 21.424646377563477 0.0800001323223114 1.888076663017273 0.05301734432578087 26.869327545166016
2 0.03001728095114231 49.80530548095703 0.032014526426792145 51.14017105102539 0.06599999964237213 6.619264602661133 0.06200159341096878 8.201077461242676
2 0.08399999886751175 0.0 0.0700010433793068 4.021167278289795 0.06300292909145355 9.12886905670166 0.06400074064731598 8.099058151245117
2 0.08399999886751175 0.0 0.05900132283568382 11.096015930175781 0.03401830047369003 42.74927520751953 0.038014933466911316 35.29167938232422
1 0.04600771516561508 12.765772819519043 0.0390060655772686 19.789730072021484 0.03600660338997841 23.18206787109375 0.04700491577386856 13.52387809753418
4 0.06301508843898773 13.629157066345215 0.06700319796800613 9.191665649414062 0.04001845791935921 56.60492706298828 0.04701550677418709 39.862911224365234
3 0.07300107181072235 2.7401680946350098 0.08299999684095383 0.10655011981725693 0.06800086796283722 6.222275257110596 0.05700179561972618 17.557018280029297
1 0.07500088214874268 0.39187735319137573 0.031013434752821922 29.16549301147461 0.07400000095367432 0.9589052796363831 0.05704236403107643 6.671027660369873
1 0.042006392031908035 12.534660339355469 0.06100188568234444 3.3220937252044678 0.0729999989271164 0.783209502696991 0.06996367126703262 0.9055262207984924
1 0.03601984679698944 28.658811569213867 0.08399999886751175 0.0 0.062002066522836685 4.788562774658203 0.04699993506073952 16.269222259521484
1 0.08100000023841858 0.0 0.08299999684095383 0.01800204999744892 0.07100009173154831 1.3751780986785889 0.07699999958276749 0.7035288214683533
4 0.03002963960170746 98.15577697753906 0.053024787455797195 28.613466262817383 0.07300020754337311 3.7668583393096924 0.06500454246997833 12.18679141998291
3 0.051001135259866714 24.856155395507812 0.03000684455037117 68.02350616455078 0.06702595949172974 7.913647651672363 0.04501422122120857 33.78181457519531
3 0.070001982152462 5.243214130401611 0.06600640714168549 9.022441864013672 0.06000204384326935 15.578128814697266 0.07503093034029007 2.231445074081421
1 0.07400046288967133 0.8629200458526611 0.065000019967556 3.2583885192871094 0.0370124951004982 17.051494598388672 0.04900201037526131 9.720385551452637
4 0.0380219928920269 65.03573608398438 0.07800000160932541 1.6927331686019897 0.05200289562344551 30.867435455322266 0.0670083686709404 9.597715377807617
3 0.033019982278347015 60.62176513671875 0.08403042703866959 0.0 0.042012665420770645 40.19365692138672 0.030028995126485825 70.22834777832031
1 0.03301139175891876 20.435598373413086 0.07400966435670853 0.5737069249153137 0.058000873774290085 3.883347272872925 0.05700352042913437 4.742458343505859
3 0.038011856377124786 47.46159362792969 0.053005401045084 21.39652442932129 0.07800101488828659 1.6886000633239746 0.03203335776925087 60.723487854003906
1 0.044001851230859756 20.860340118408203 0.03001433238387108 37.84891891479492 0.07000000029802322 2.658522844314575 0.05800112336874008 7.97981071472168
2 0.061006464064121246 12.273735046386719 0.06500208377838135 7.551135063171387 0.0320218950510025 50.46932601928711 0.06000392884016037 10.792912483215332
4 0.045015208423137665 42.19265365600586 0.03901894763112068 56.30216979980469 0.08503090590238571 0.9856063723564148 0.05500197410583496 22.192581176757812
2 0.08100000023841858 0.0 0.03401575982570648 35.88529586791992 0.0680074468255043 4.101346015930176 0.07000034302473068 2.56040358543396
1 0.03800880163908005 20.580581665039062 0.041007936000823975 16.525888442993164 0.033007651567459106 24.498693466186523 0.06300038844347 2.934476137161255
1 0.06600183993577957 2.0547497272491455 0.04700426012277603 11.538023948669434 0.06500087678432465 3.333759307861328 0.06197769567370415 4.190587520599365
3 0.03603284806013107 59.296199798583984 0.053028903901576996 21.083267211914062 0.039023615419864655 46.738670349121094 0.07500000298023224 2.344714403152466
3 0.046009715646505356 30.374507904052734 0.06500066071748734 7.929184913635254 0.052010562270879745 20.744340896606445 0.04701090604066849 28.580339431762695
1 0.08399999886751175 0.0 0.0570002980530262 4.549070358276367 0.045005105435848236 11.40012264251709 0.031009530648589134 22.872791290283203
4 0.07502584904432297 3.159071683883667 0.08299999684095383 1.161746621131897 0.07300375401973724 4.014024257659912 0.06200151890516281 15.925728797912598
1 0.06302932649850845 3.7122199535369873 0.045001231133937836 14.152985572814941 0.0729999989271164 0.9224943518638611 0.07300034165382385 0.847227931022644
3 0.03202096000313759 55.956668853759766 0.07904583215713501 0.704544723033905 0.04504790157079697 29.331890106201172 0.04501086473464966 29.5213680267334
2 0.039023008197546005 35.11961364746094 0.0540170855820179 16.36955451965332 0.06900499016046524 3.8595566749572754 0.08299999684095383 0.06538644433021545
3 0.03801412507891655 49.65202713012695 0.0760430172085762 2.4824025630950928 0.06500142812728882 9.0301513671875 0.0600053034722805 14.265280723571777
4 0.03503094241023064 63.40065383911133 0.03202984854578972 73.26168060302734 0.06800000369548798 7.926810264587402 0.08300027996301651 0.9858492612838745
3 0.030015302821993828 79.04756164550781 0.030029626563191414 80.78968048095703 0.06600119918584824 9.177467346191406 0.07000169903039932 5.745467662811279
3 0.04203017055988312 42.446617126464844 0.03204071521759033 67.24685668945312 0.07699999958276749 1.663710355758667 0.04003491252660751 46.3694953918457
4 0.0490310862660408 36.12378692626953 0.08300415426492691 0.0 0.07700064778327942 2.2162692546844482 0.05402091518044472 26.680131912231445
1 0.03601730242371559 17.121950149536133 0.06200005114078522 2.4534199237823486 0.0749710202217102 0.3395553529262543 0.08100000023841858 0.0
2 0.04100774973630905 31.002037048339844 0.0540010891854763 13.814960479736328 0.0770491287112236 0.722169041633606 0.07300090044736862 1.773772120475769
1 0.08100000023841858 0.28885936737060547 0.050004519522190094 8.615413665771484 0.07500247657299042 0.6485276818275452 0.07699999958276749 0.3151758015155792
1 0.06600381433963776 5.844768047332764 0.07800015807151794 0.6626932621002197 0.05400701239705086 10.484797477722168 0.08000016212463379 0.20079895853996277
1 0.07000355422496796 1.6088567972183228 0.057004060596227646 9.403559684753418 0.0660027340054512 3.4756853580474854 0.03101043775677681 33.026065826416016
2 0.03701300173997879 31.76296615600586 0.0790274441242218 0.21667450666427612 0.06300117075443268 7.159085750579834 0.039028387516736984 29.831689834594727
3 0.07000000029802322 5.225101470947266 0.04800281301140785 31.753328323364258 0.08000053465366364 0.5178582668304443 0.053008921444416046 23.733835220336914
1 0.06099089980125427 7.212454795837402 0.07200536876916885 1.3423216342926025 0.03900543227791786 22.680692672729492 0.04300527274608612 18.769882202148438
3 0.043023012578487396 40.43844985961914 0.07000630348920822 5.574734687805176 0.043014753609895706 42.73084259033203 0.08399999886751175 1.4261772632598877
3 0.030018409714102745 60.66044998168945 0.06100405752658844 10.494073867797852 0.031023623421788216 57.36521530151367 0.07400067150592804 1.9957599639892578
4 0.03703001141548157 63.40182876586914 0.08100000023841858 0.9225988984107971 0.07500120252370834 2.814119815826416 0.037003979086875916 64.48822021484375
2 0.04301519691944122 31.882061004638672 0.03901408985257149 35.5758171081543 0.07500000298023224 1.3374223709106445 0.06500288844108582 6.174941539764404
1 0.07599999755620956 0.6031190156936646 0.05200658738613129 7.890591621398926 0.08299999684095383 0.0 0.05900067463517189 2.7970380783081055
2 0.04800892993807793 20.757444381713867 0.08000405877828598 0.6053686738014221 0.07300061732530594 1.68878173828125 0.06700556725263596 4.549627780914307
1 0.05800619348883629 5.128576278686523 0.049004197120666504 11.93422794342041 0.03101314604282379 27.529661178588867 0.07804504036903381 0.6052076816558838
1 0.06600173562765121 2.5932586193084717 0.057000480592250824 5.576471328735352 0.06500041484832764 3.4592630863189697 0.06700000166893005 2.2044637203216553
1 0.030020728707313538 37.66521072387695 0.07400118559598923 1.0559717416763306 0.03302914649248123 32.219207763671875 0.05000319704413414 13.9424467086792
1 0.07100105285644531 1.8633666038513184 0.04700938239693642 15.130998611450195 0.07999999821186066 0.1391683965921402 0.04701715707778931 14.359997749328613
4 0.0820000022649765 0.5172553658485413 0.0700007900595665 7.4000773429870605 0.07999999821186066 1.2021667957305908 0.03703637421131134 74.83548736572266
1 0.06499999761581421 1.7195158004760742 0.04700556769967079 9.920348167419434 0.05901765450835228 3.8357737064361572 0.07300002127885818 0.6252360343933105
3 0.0650189071893692 9.557168960571289 0.03202883154153824 65.02937316894531 0.07100027799606323 4.342306613922119 0.08000000566244125 1.2614672183990479
3 0.030035119503736496 75.16033935546875 0.05300192907452583 23.53271484375 0.0640011727809906 10.69921875 0.07400025427341461 2.7063043117523193
4 0.07800000160932541 2.1101062297821045 0.06500662118196487 11.00439739227295 0.053010206669569016 27.720922470092773 0.03402496874332428 72.66586303710938
2 0.0750250443816185 1.5004611015319824 0.04500969499349594 19.667476654052734 0.08100000023841858 0.0 0.06704514473676682 3.372523546218872
1 0.07300054281949997 1.0116851329803467 0.04900316148996353 13.913780212402344 0.07800039649009705 0.5713961720466614 0.06200089678168297 6.014640808105469
3 0.0740002691745758 2.125370502471924 0.0390193797647953 43.89455032348633 0.041013203561306 38.893985748291016 0.07600320875644684 1.9717020988464355
4 0.044961366802453995 46.09810256958008 0.03203302621841431 85.09929656982422 0.06202632933855057 16.08911895751953 0.04795203357934952 39.680023193359375
4 0.07100358605384827 5.259799957275391 0.06100786104798317 15.947432518005371 0.03601188585162163 65.32471466064453 0.0730065405368805 3.487386465072632
2 0.03201698884367943 45.775306701660156 0.054004400968551636 13.16191291809082 0.05100425332784653 17.34271812438965 0.08399999886751175 0.0
2 0.08100000023841858 0.0 0.03002163954079151 42.00608825683594 0.06800054013729095 2.6028037071228027 0.041007187217473984 25.282804489135742
1 0.07000011950731277 1.5743074417114258 0.06600029021501541 2.9544084072113037 0.059001337736845016 5.891311168670654 0.04000769928097725 19.529584884643555
1 0.03800944983959198 21.82497215270996 0.04700793698430061 14.345890998840332 0.03701641783118248 23.51753044128418 0.05200471729040146 10.686416625976562
3 0.03502834215760231 51.21523666381836 0.030028462409973145 65.49604034423828 0.0540204681456089 17.73080062866211 0.032031986862421036 60.05070877075195
2 0.06800530850887299 4.863677024841309 0.08399999886751175 0.0 0.05696723610162735 14.021738052368164 0.06800711899995804 5.10429573059082
4 0.06300041824579239 15.099284172058105 0.06695938855409622 10.535222053527832 0.0850004181265831 0.2633005678653717 0.0699983462691307 7.230792999267578
4 0.07000039517879486 5.365100860595703 0.06300543993711472 13.043929100036621 0.05800744518637657 19.276704788208008 0.07900054007768631 1.8834072351455688
4 0.06300094723701477 13.004711151123047 0.08001793175935745 0.704547643661499 0.03902096673846245 56.6839599609375 0.0799543485045433 1.054978847503662
3 0.06501565128564835 9.603297233581543 0.06200304999947548 13.054183959960938 0.05101003125309944 26.541414260864258 0.06100137159228325 13.892504692077637
2 0.03801620751619339 35.24757766723633 0.04201217368245125 28.219907760620117 0.03901079669594765 33.43875503540039 0.05401836708188057 14.262578010559082
1 0.06400089710950851 4.7936787605285645 0.030006486922502518 29.969585418701172 0.07100100070238113 1.421873927116394 0.08200004696846008 0.0
1 0.06001059338450432 5.78967809677124 0.077017642557621 0.6928139328956604 0.06798719614744186 1.9335168600082397 0.07599999755620956 0.8672772645950317
4 0.058981865644454956 18.474987030029297 0.07300744205713272 3.4871761798858643 0.042012885212898254 50.11677932739258 0.0470142625272274 37.743675231933594
2 0.058000072836875916 11.127119064331055 0.06100209429860115 8.94882583618164 0.0660008117556572 5.801948070526123 0.061002980917692184 8.988701820373535
1 0.03001321479678154 37.83098220825195 0.08300117403268814 0.0 0.0820000022649765 0.0 0.04201391339302063 23.437620162963867
4 0.06800000369548798 8.448633193969727 0.046008940786123276 40.29743576049805 0.08099844306707382 0.22853487730026245 0.07200056314468384 4.219371318817139
2 0.030014093965291977 36.991947174072266 0.05500299483537674 11.66552448272705 0.0420156829059124 25.943870544433594 0.08400311321020126 0.5287582278251648
1 0.06500031054019928 4.9614176750183105 0.040049076080322266 20.59662437438965 0.035009484738111496 26.36599349975586 0.05100134387612343 10.654727935791016
4 0.06800001114606857 8.844905853271484 0.04501273110508919 45.14870834350586 0.036023177206516266 69.79524230957031 0.04002285748720169 57.14474105834961
2 0.06995126605033875 3.7172608375549316 0.04401363804936409 27.874013900756836 0.08100754767656326 0.0 0.05104079097509384 18.63689422607422
1 0.05503835156559944 7.313293933868408 0.0519963800907135 7.58107852935791 0.06800000369548798 1.39240562915802 0.05300060287117958 8.309720039367676
1 0.05100315064191818 12.321179389953613 0.07403579354286194 0.8659765720367432 0.05703599750995636 8.980050086975098 0.0830286368727684 0.0
3 0.030025361105799675 66.60125732421875 0.051021087914705276 23.714067459106445 0.07499298453330994 2.3947043418884277 0.0700010359287262 4.8469133377075195
3 0.08500000089406967 0.0 0.03601764142513275 48.1352653503418 0.04001772403717041 39.74004364013672 0.036018505692481995 48.93627166748047
2 0.07800097018480301 1.0331858396530151 0.034014374017715454 42.58854293823242 0.03002188354730606 50.69234848022461 0.058001115918159485 12.173583030700684
1 0.05503812059760094 6.321290969848633 0.05600022152066231 6.3113555908203125 0.07600029557943344 0.6068783402442932 0.06800000369548798 1.7839781045913696
3 0.05400088056921959 19.696067810058594 0.056004445999860764 15.77762222290039 0.05900564044713974 13.118786811828613 0.04301150515675545 35.37228012084961
3 0.06401088833808899 9.236995697021484 0.07200103998184204 2.8209569454193115 0.034025780856609344 52.29316711425781 0.03501676768064499 48.84392166137695
2 0.08500000089406967 0.0 0.07400082051753998 1.7773302793502808 0.03798423334956169 36.88371276855469 0.07303670048713684 2.125363349914551
4 0.051968302577733994 27.644067764282227 0.07000680267810822 5.898045539855957 0.06500387191772461 10.832736015319824 0.03102859854698181 76.56356811523438
1 0.06496585160493851 5.59847354888916 0.0790000855922699 0.6838631629943848 0.06900116801261902 2.205857515335083 0.06304251402616501 5.943614482879639
3 0.03603087738156319 49.2928581237793 0.08299999684095383 0.9685634970664978 0.042011700570583344 34.5035514831543 0.06800058484077454 5.107599258422852
1 0.0769624263048172 0.08925707638263702 0.05200686305761337 7.1710405349731445 0.05300021544098854 6.105762004852295 0.05400019884109497 5.807724475860596
3 0.0750255361199379 1.7603920698165894 0.06100603938102722 12.28563117980957 0.04601708799600601 31.3869571685791 0.03203790634870529 60.50543975830078
3 0.08198582381010056 1.2541723251342773 0.07900077104568481 1.3258813619613647 0.08299999684095383 0.5780354142189026 0.06900196522474289 5.897667407989502
4 0.03004322201013565 92.5139389038086 0.05200234055519104 31.307634353637695 0.08100000023841858 0.38119930028915405 0.07400117814540863 3.323946952819824
4 0.05503712221980095 28.02106475830078 0.06800103187561035 8.991650581359863 0.08500000089406967 1.145768404006958 0.05000642314553261 36.19212341308594
2 0.054000142961740494 17.495988845825195 0.05500398203730583 15.5819730758667 0.07100024074316025 3.4485831260681152 0.08000003546476364 0.9472116231918335
4 0.07296105474233627 3.6348321437835693 0.04601939022541046 42.82864761352539 0.07900000363588333 2.462780475616455 0.07595667988061905 2.4030513763427734
1 0.033012423664331436 25.627227783203125 0.0600004568696022 5.764842510223389 0.05698908120393753 6.232650279998779 0.04400651529431343 16.12932014465332
4 0.06100936979055405 14.049165725708008 0.03303844481706619 72.64973449707031 0.03103109449148178 78.5927505493164 0.05795957148075104 18.04877281188965
4 0.05699384585022926 23.322107315063477 0.06600911915302277 11.611851692199707 0.050956252962350845 35.51441955566406 0.044019415974617004 50.96887969970703
2 0.06600531935691833 4.201838970184326 0.06900100409984589 4.524781227111816 0.047004442662000656 24.176170349121094 0.04101385921239853 33.035499572753906
1 0.0490347221493721 11.613434791564941 0.08200012892484665 0.05504800006747246 0.06500743329524994 4.061916351318359 0.053000908344984055 6.104496955871582
4 0.045019619166851044 46.93399429321289 0.043021295219659805 52.40739822387695 0.07600045204162598 2.78020977973938 0.07400235533714294 3.367955207824707
4 0.04402000457048416 49.59181213378906 0.03702430799603462 69.76470184326172 0.038023099303245544 65.8492202758789 0.05800517648458481 21.4663028717041
4 0.038022369146347046 68.13195037841797 0.08301444351673126 0.0 0.0739612802863121 3.3972902297973633 0.05001632869243622 35.76047134399414
4 0.051013026386499405 29.860368728637695 0.05101105943322182 30.997900009155273 0.0390193946659565 58.5203742980957 0.04701029881834984 38.81604766845703
2 0.043009061366319656 21.10539436340332 0.0820002406835556 0.6170610785484314 0.04803299158811569 17.023427963256836 0.08500055223703384 0.3513118326663971
1 0.07100111991167068 1.6548655033111572 0.0730002298951149 1.4706867933273315 0.062006816267967224 5.443831443786621 0.06300041079521179 5.548929214477539
3 0.071002297103405 3.1110777854919434 0.07100114971399307 3.7157928943634033 0.05200779065489769 20.99793243408203 0.031016649678349495 60.68193817138672
4 0.07000051438808441 5.88488245010376 0.051998138427734375 27.67822265625 0.07999999821186066 0.5430686473846436 0.08400002866983414 1.0611857175827026
3 0.06100861355662346 12.381257057189941 0.051012177020311356 27.740859985351562 0.03003007173538208 73.31712341308594 0.030027201399207115 84.93167114257812
1 0.06800726056098938 2.3052990436553955 0.08097343891859055 0.07098869234323502 0.06095780059695244 7.78593111038208 0.03304951265454292 32.34054946899414
3 0.03401576727628708 52.58767318725586 0.07900261878967285 0.7514957785606384 0.05700112134218216 16.43693733215332 0.04401635006070137 34.0869140625
2 0.06300579011440277 6.1269426345825195 0.04002271220088005 28.09588050842285 0.06600075215101242 3.7070422172546387 0.06000262871384621 8.04184341430664
3 0.0340258851647377 63.52818298339844 0.0390203520655632 51.19554901123047 0.05501808598637581 21.262245178222656 0.03801601380109787 55.007442474365234
4 0.03603358194231987 72.16564178466797 0.05102861300110817 32.95820236206055 0.047016579657793045 42.31027603149414 0.03104722686111927 89.88849639892578
3 0.08500000089406967 0.0 0.047042232006788254 28.582435607910156 0.0430142879486084 35.92869567871094 0.05700329318642616 16.080821990966797
4 0.07398886233568192 3.6691951751708984 0.06000196188688278 19.562131881713867 0.07600042223930359 2.935408115386963 0.03902332857251167 67.16381072998047
1 0.05396902188658714 10.168310165405273 0.08400002866983414 0.0 0.04900122061371803 14.164283752441406 0.07100024074316025 1.4255133867263794
4 0.06600924581289291 10.98546028137207 0.06300442665815353 15.42969799041748 0.0610085129737854 18.339059829711914 0.04400956630706787 49.96319580078125
4 0.044011618942022324 47.61309051513672 0.05900206044316292 18.801700592041016 0.057009823620319366 22.283960342407227 0.039017368108034134 61.29192352294922
4 0.0410233698785305 59.01765060424805 0.07600046694278717 2.832202196121216 0.07198841869831085 4.966386318206787 0.05701041221618652 22.956073760986328
1 0.039005767554044724 23.047651290893555 0.07900191843509674 0.7934959530830383 0.032006554305553436 30.703508377075195 0.048004116863012314 13.542201042175293
2 0.0729999989271164 2.0530264377593994 0.05404183268547058 13.97559642791748 0.06500783562660217 6.4118146896362305 0.07900004088878632 1.0136059522628784
3 0.043015383183956146 32.56589889526367 0.06000203266739845 11.419855117797852 0.03402002528309822 51.28306579589844 0.03202235326170921 55.513755798339844
1 0.03200753778219223 22.448974609375 0.04800484701991081 15.993106842041016 0.06900050491094589 3.098165273666382 0.06201314553618431 6.492400646209717
4 0.06400061398744583 12.560338973999023 0.0460122749209404 39.47583770751953 0.07999999821186066 0.5973677039146423 0.03396735340356827 69.56578063964844
3 0.05301128327846527 23.128559112548828 0.0710013285279274 4.223027229309082 0.04102092236280441 44.92988967895508 0.05100712925195694 25.726396560668945
1 0.05203277990221977 10.010807991027832 0.07799135893583298 0.3554571568965912 0.035003770142793655 25.26242446899414 0.08300003409385681 0.0
3 0.07999999821186066 1.431883454322815 0.0559639073908329 15.439274787902832 0.030018309131264687 61.006004333496094 0.0450119748711586 31.567731857299805
2 0.06804424524307251 4.354859352111816 0.04402831569314003 24.00198745727539 0.08300003409385681 0.09141369163990021 0.08300004154443741 0.0
4 0.050009164959192276 34.30601501464844 0.07101497054100037 5.322925090789795 0.07200098037719727 4.701751232147217 0.07700075209140778 2.2302982807159424
4 0.06898167729377747 7.862306594848633 0.05901050567626953 20.991676330566406 0.08400065451860428 0.24716104567050934 0.051003653556108475 34.73289108276367
1 0.07800000160932541 0.0 0.07002539187669754 0.9898883104324341 0.05900000035762787 3.6632587909698486 0.05598006024956703 6.108160495758057
3 0.07999999821186066 1.4456894397735596 0.07400095462799072 2.29931902885437 0.05900169909000397 12.780216217041016 0.06300318986177444 9.92888355255127
1 0.032046832144260406 25.955698013305664 0.05301179736852646 8.217747688293457 0.06400439143180847 4.02548885345459 0.07000027596950531 1.4084265232086182
2 0.07900000363588333 0.6526029109954834 0.04102860763669014 26.87734603881836 0.05100276693701744 15.720314025878906 0.04500674083828926 21.604421615600586
2 0.07300490885972977 2.091062307357788 0.07900000363588333 0.66815185546875 0.03801341727375984 37.00847244262695 0.04101338982582092 31.37697410583496
4 0.06500110030174255 11.98746395111084 0.0510224811732769 35.25361633300781 0.07000303268432617 7.097055435180664 0.04800958186388016 40.97072219848633
4 0.07502569258213043 2.727668046951294 0.045025117695331573 40.06405258178711 0.084042027592659 0.0 0.07700066268444061 1.9114494323730469
1 0.06403198093175888 4.3536553382873535 0.07501333951950073 0.962162971496582 0.0700075626373291 1.9841582775115967 0.07200021296739578 1.4348511695861816
3 0.04302003234624863 31.046831130981445 0.06300041079521179 8.008371353149414 0.06100519001483917 11.158136367797852 0.0750027745962143 2.05452036857605
2 0.06400338560342789 6.494379043579102 0.03600892424583435 37.266231536865234 0.07300081104040146 1.966665267944336 0.07600075751543045 1.1902559995651245
1 0.06400059908628464 1.6198450326919556 0.04500213637948036 9.187711715698242 0.07200334221124649 0.8733651041984558 0.037005018442869186 14.015084266662598
2 0.06900054961442947 2.944516897201538 0.0710003525018692 2.2260854244232178 0.038024090230464935 31.95922088623047 0.05500328540802002 12.964936256408691
1 0.03701176866889 22.40275764465332 0.06000043451786041 4.946393013000488 0.030018841847777367 28.10297966003418 0.04802042618393898 12.382611274719238
4 0.08095207065343857 0.6209840178489685 0.053005315363407135 30.977766036987305 0.07401201128959656 3.5328822135925293 0.040024369955062866 62.70309066772461
2 0.0730053260922432 2.165029287338257 0.057002462446689606 12.267383575439453 0.04201612249016762 32.26367950439453 0.04001491144299507 35.279502868652344
4 0.07800000160932541 2.112792730331421 0.057999998331069946 19.79532241821289 0.07300089299678802 3.53539776802063 0.0820000097155571 1.3514600992202759
4 0.06800000369548798 7.971877574920654 0.031029127538204193 77.09447479248047 0.07100071012973785 5.184417724609375 0.030043870210647583 80.83892059326172
3 0.07199999690055847 3.682462692260742 0.05100790411233902 26.160114288330078 0.06700090318918228 8.060392379760742 0.07100075483322144 4.5971808433532715
2 0.05896943435072899 11.139519691467285 0.058006223291158676 9.968740463256836 0.06700108200311661 4.9959235191345215 0.07096835970878601 2.4679884910583496
3 0.054044850170612335 19.919153213500977 0.035029586404561996 51.99418640136719 0.03202345594763756 59.059173583984375 0.07201666384935379 2.985865354537964
4 0.057998377829790115 19.246959686279297 0.05201083794236183 30.931934356689453 0.07800000160932541 1.6346310377120972 0.08500000089406967 0.28161001205444336
2 0.04801664873957634 20.555152893066406 0.07300075888633728 1.5642268657684326 0.05000436305999756 16.68671226501465 0.07700059562921524 1.0092151165008545
1 0.055038582533597946 8.811474800109863 0.058002687990665436 5.644055366516113 0.04603263735771179 13.802583694458008 0.06800016760826111 1.9525833129882812
4 0.08000003546476364 1.2786442041397095 0.07700089365243912 2.1490588188171387 0.05801734700798988 20.71783447265625 0.08000080287456512 1.9855371713638306
2 0.060994915664196014 7.462721824645996 0.08404691517353058 0.0 0.0350167341530323 32.207271575927734 0.07400000095367432 1.4689487218856812
4 0.0490044541656971 34.0176887512207 0.05400867015123367 24.75294303894043 0.08500000089406967 1.3230699300765991 0.08500049263238907 0.9126255512237549
1 0.050003547221422195 8.27220630645752 0.06599999964237213 1.6537669897079468 0.0770002007484436 0.2448228895664215 0.07800000160932541 0.30208101868629456
1 0.04800224304199219 14.48832893371582 0.08401507139205933 0.0 0.0640002116560936 5.283563613891602 0.06300413608551025 4.226017475128174
1 0.03601629287004471 22.23033905029297 0.04300718009471893 14.592576026916504 0.06600039452314377 2.3962230682373047 0.044001780450344086 13.807756423950195
2 0.08300406485795975 0.0 0.038027793169021606 35.658119201660156 0.03701581805944443 39.151214599609375 0.05400151386857033 15.502214431762695
2 0.03602483123540878 31.119171142578125 0.07999999821186066 0.7130488753318787 0.03601178899407387 31.814138412475586 0.03101479262113571 38.447200775146484
4 0.03203446790575981 90.12094116210938 0.06101629137992859 18.203067779541016 0.05300905182957649 32.12591552734375 0.060006916522979736 19.772615432739258
2 0.04602021723985672 26.636486053466797 0.04001284018158913 38.209495544433594 0.06500039249658585 7.955377101898193 0.06600067764520645 6.740114212036133
3 0.03801387920975685 46.11091995239258 0.07199999690055847 3.286208152770996 0.04103332385420799 39.9907112121582 0.08498920500278473 1.2799675464630127
2 0.08100084215402603 1.0633044242858887 0.07400085031986237 1.8922983407974243 0.044003456830978394 31.355724334716797 0.08300048112869263 0.7271624803543091
1 0.039010852575302124 24.75633430480957 0.04500795528292656 18.060497283935547 0.06901068240404129 1.7078217267990112 0.032012905925512314 34.313087463378906
4 0.056030794978141785 22.49861717224121 0.049012284725904465 35.112030029296875 0.039028722792863846 58.53786849975586 0.05800208821892738 19.208471298217773
2 0.053003665059804916 17.089378356933594 0.051009248942136765 20.647483825683594 0.06600270420312881 7.002182960510254 0.04300626367330551 32.129947662353516
4 0.07400090247392654 3.371457576751709 0.08200028538703918 0.9835622906684875 0.0730004757642746 3.6939308643341064 0.07900067418813705 1.5200166702270508
2 0.03900807723402977 34.63188934326172 0.04900529608130455 19.528566360473633 0.045008521527051926 25.165040969848633 0.07900206744670868 0.7083532214164734
2 0.03401508927345276 45.33680725097656 0.05400284007191658 14.973526954650879 0.03701751306653023 40.116085052490234 0.07500000298023224 1.9259296655654907
4 0.07400044798851013 3.356961727142334 0.05300527438521385 28.450336456298828 0.08100000023841858 0.2170773297548294 0.08299999684095383 1.382012128829956
3 0.05202102288603783 26.527132034301758 0.07300783693790436 2.9787757396698 0.060008008033037186 14.554075241088867 0.08100105077028275 0.3692288100719452
2 0.05302172526717186 15.681819915771484 0.05400336533784866 13.076550483703613 0.07500077039003372 1.4871630668640137 0.06900099664926529 3.1634202003479004
2 0.06402268260717392 5.713651657104492 0.044014472514390945 24.43204689025879 0.049006301909685135 17.95745277404785 0.06400133669376373 6.070031642913818
2 0.0820000022649765 0.0 0.0820000022649765 0.0 0.03900830075144768 28.247304916381836 0.06200464814901352 6.110891819000244
3 0.04601483419537544 35.24791717529297 0.07900000363588333 0.9432311058044434 0.08100000023841858 1.133418083190918 0.0760006308555603 1.9181572198867798
1 0.05100167542695999 7.605721950531006 0.032008204609155655 19.903915405273438 0.03400518745183945 18.27691650390625 0.04600193724036217 10.98913288116455
4 0.06200195848941803 14.711532592773438 0.06500321626663208 11.19355583190918 0.07500026375055313 2.8001503944396973 0.06600142270326614 10.465461730957031
4 0.06399732828140259 13.621411323547363 0.07300262153148651 3.871018409729004 0.07400094717741013 3.242277145385742 0.06800158321857452 8.78478717803955
3 0.036034245043992996 57.00144577026367 0.04002022743225098 46.57474899291992 0.04601551592350006 33.98537063598633 0.05499238520860672 19.921213150024414
3 0.05900251865386963 14.821380615234375 0.031026465818285942 67.88255310058594 0.08400072157382965 0.0 0.044031061232089996 37.533042907714844
4 0.07599999755620956 3.015770196914673 0.03803623840212822 70.38228607177734 0.04202331602573395 58.61647033691406 0.04401836544275284 52.864776611328125
4 0.07802161574363708 2.4287161827087402 0.06500749289989471 12.957417488098145 0.05000365898013115 38.222198486328125 0.04501951113343239 49.751502990722656
2 0.07502520829439163 1.6222639083862305 0.05099309980869293 15.67902660369873 0.06100049614906311 8.176899909973145 0.0730009377002716 1.6897952556610107
4 0.05800655484199524 20.63880729675293 0.03400970622897148 79.61160278320312 0.06100008264183998 16.930578231811523 0.037039849907159805 69.65411376953125
2 0.04400520399212837 27.793947219848633 0.04800836369395256 22.398359298706055 0.05900125205516815 11.595718383789062 0.043011244386434555 29.284324645996094
4 0.05300915241241455 30.009305953979492 0.0480162538588047 41.814849853515625 0.06900767982006073 8.245924949645996 0.06300187110900879 15.430827140808105
3 0.08200009912252426 1.3258512020111084 0.06504880636930466 9.57499885559082 0.04702712222933769 30.482866287231445 0.05495466664433479 19.047639846801758
4 0.03303949162364006 77.80906677246094 0.05000901222229004 35.13887405395508 0.04801636561751366 39.43618392944336 0.08399999886751175 2.000786781311035
3 0.04601244628429413 38.654449462890625 0.03202500194311142 73.6374282836914 0.035967446863651276 62.987815856933594 0.03502631559967995 65.35699462890625
3 0.06400004029273987 9.94209098815918 0.03703470900654793 53.25496292114258 0.042016297578811646 42.3319206237793 0.06802681088447571 7.2174553871154785
4 0.05800509452819824 19.043930053710938 0.04403287172317505 47.930686950683594 0.07002018392086029 6.156090259552002 0.07900027930736542 1.1875500679016113
1 0.06095277890563011 3.857779026031494 0.03001009114086628 28.296833038330078 0.06700000166893005 2.589855909347534 0.07000000029802322 1.6801506280899048
1 0.036016009747982025 14.49661922454834 0.051001161336898804 7.443798065185547 0.07500000298023224 0.668292760848999 0.04003383591771126 12.70991325378418
1 0.08496938645839691 0.1368951052427292 0.06200339272618294 3.5806190967559814 0.08100000023841858 0.12081540375947952 0.04400918632745743 15.574529647827148
3 0.03302139416337013 66.24695587158203 0.08000057935714722 1.5889147520065308 0.03802309185266495 55.25669479370117 0.04701481759548187 34.956661224365234
1 0.03202264383435249 30.547067642211914 0.06300011277198792 6.061407089233398 0.06400023400783539 4.073938369750977 0.042011696845293045 19.69672966003418
2 0.06300000101327896 7.866101264953613 0.07800062000751495 0.6921942234039307 0.07004660367965698 3.6207902431488037 0.06600513309240341 6.952358245849609
2 0.0730258896946907 2.244581937789917 0.07300083339214325 2.2024247646331787 0.06996896117925644 3.860715866088867 0.0540301539003849 17.05823516845703
4 0.03603764995932579 64.61459350585938 0.0439753495156765 44.839561462402344 0.06400150060653687 12.030130386352539 0.07999999821186066 0.6906973719596863
3 0.0810004249215126 0.3217325508594513 0.04595387727022171 35.07588195800781 0.07700001448392868 1.4023702144622803 0.030022794380784035 75.26526641845703
1 0.07999999821186066 0.3923509120941162 0.05900032818317413 6.511638164520264 0.030008899047970772 25.928930282592773 0.06599999964237213 1.8485828638076782
3 0.07400864362716675 2.322075366973877 0.0790003314614296 1.3131998777389526 0.050017111003398895 26.495983123779297 0.0680060014128685 6.835732460021973
4 0.033023323863744736 74.17859649658203 0.05000734701752663 32.54697799682617 0.045016709715127945 41.75531005859375 0.06500119715929031 11.397915840148926
1 0.03801487013697624 13.552518844604492 0.03700738027691841 14.955153465270996 0.04500489681959152 10.227678298950195 0.04098939523100853 11.556097984313965
3 0.07400496304035187 2.44624924659729 0.06499999761581421 9.21381950378418 0.08200033754110336 0.7780493497848511 0.04996611177921295 26.68135643005371
4 0.08500000089406967 0.1900065541267395 0.034023262560367584 58.80983352661133 0.0689999982714653 7.356754302978516 0.0840003564953804 1.1475400924682617
4 0.043023403733968735 46.25912094116211 0.06503958255052567 9.756734848022461 0.03601813316345215 63.12933349609375 0.04301686957478523 45.76417541503906
3 0.04998854175209999 28.72915267944336 0.05300956964492798 22.700862884521484 0.056007735431194305 18.50373649597168 0.0540095791220665 21.267805099487305
1 0.035013843327760696 20.915388107299805 0.06599999964237213 2.6149120330810547 0.047004301100969315 10.584609985351562 0.06500060111284256 3.750760078430176
1 0.05603073164820671 7.168597221374512 0.06300000101327896 2.727829694747925 0.04600656405091286 10.707876205444336 0.05000157654285431 9.385787963867188
2 0.0340135283768177 36.478668212890625 0.04900598153471947 17.508928298950195 0.05000387132167816 16.236621856689453 0.03700758516788483 32.82966232299805
4 0.08300415426492691 1.0632166862487793 0.04403113201260567 48.502620697021484 0.03202877938747406 88.23335266113281 0.0690012201666832 7.705687999725342
2 0.07999999821186066 1.18172287940979 0.07000276446342468 3.411956310272217 0.06698035448789597 6.02278995513916 0.032021887600421906 53.01844787597656
1 0.07297145575284958 1.0775959491729736 0.06300167739391327 3.322848320007324 0.048001594841480255 12.600341796875 0.07800000160932541 0.461251825094223
4 0.03703322261571884 67.31172943115234 0.032042741775512695 68.82904052734375 0.05601672828197479 23.31857681274414 0.05300939828157425 27.809865951538086
4 0.04101921245455742 61.288047790527344 0.07204500585794449 4.853569507598877 0.045022763311862946 50.34685516357422 0.04601568728685379 47.45819854736328
2 0.03402429074048996 35.60896682739258 0.06100023165345192 9.925978660583496 0.0760006234049797 1.1251574754714966 0.054001335054636 13.56042194366455
1 0.0820000022649765 0.0 0.05704085901379585 8.561941146850586 0.06900087743997574 2.352886438369751 0.07100017368793488 1.3342530727386475
4 0.08500000089406967 0.0 0.07400035113096237 2.8574302196502686 0.07600059360265732 2.2380597591400146 0.06700116395950317 8.59685230255127
1 0.052033014595508575 10.22470760345459 0.03901255130767822 20.142107009887695 0.06700000166893005 4.354012489318848 0.06900019943714142 1.9401829242706299
4 0.038032181560993195 62.88920211791992 0.054006002843379974 26.526033401489258 0.08500103652477264 1.289730429649353 0.0710042268037796 5.369791507720947
1 0.05600564181804657 8.992267608642578 0.04904927685856819 12.803976058959961 0.07900000363588333 0.4019179940223694 0.060000259429216385 7.294393062591553
1 0.06302875280380249 3.9783833026885986 0.034957144409418106 22.203046798706055 0.07599999755620956 0.262925386428833 0.05598781630396843 5.324880599975586
4 0.03696049377322197 67.43785095214844 0.06502898037433624 11.638396263122559 0.06500431150197983 11.579793930053711 0.040012188255786896 58.256011962890625
4 0.08500000089406967 0.0 0.07400033622980118 2.7849855422973633 0.03203222528100014 72.82096862792969 0.03202734515070915 72.96100616455078
3 0.07900000363588333 1.6389018297195435 0.05600772425532341 14.950121879577637 0.059987083077430725 11.858743667602539 0.03900672495365143 41.501861572265625
1 0.03601723536849022 17.007890701293945 0.05302378535270691 6.26207160949707 0.05600084364414215 5.409392833709717 0.05200134962797165 7.331936359405518
3 0.037027209997177124 52.936553955078125 0.06002865359187126 12.999846458435059 0.0470147579908371 32.53667068481445 0.06700058281421661 6.388284206390381
3 0.04501335322856903 30.798095703125 0.045011404901742935 31.272722244262695 0.04501158371567726 30.877534866333008 0.06601887196302414 7.018352031707764
4 0.06600799411535263 8.68797779083252 0.06600321829319 9.609299659729004 0.07500464469194412 2.5401268005371094 0.05101305991411209 28.67359161376953
2 0.07999999821186066 1.2349544763565063 0.06800061464309692 5.895538806915283 0.07700017094612122 1.1208192110061646 0.06002601981163025 12.013057708740234
3 0.05400102585554123 21.610633850097656 0.0480121411383152 33.14582824707031 0.07400001585483551 2.7222325801849365 0.042032018303871155 45.220977783203125
2 0.040973227471113205 36.673439025878906 0.08399999886751175 0.0 0.056000057607889175 16.00274658203125 0.0660005658864975 6.734351634979248
1 0.0660032257437706 3.072904586791992 0.07199999690055847 0.821357250213623 0.030007679015398026 26.108396530151367 0.0670352429151535 2.782958507537842
2 0.036028116941452026 43.02170944213867 0.04501179978251457 27.013185501098633 0.056003108620643616 14.527534484863281 0.06500320136547089 6.671149253845215
4 0.04303869605064392 57.685340881347656 0.04701939597725868 43.164939880371094 0.03404684737324715 70.58133697509766 0.06700732558965683 11.004295349121094
2 0.05200498178601265 16.400983810424805 0.0730007216334343 2.0713753700256348 0.08100000023841858 0.599047064781189 0.06100402772426605 9.015181541442871
3 0.04603220894932747 37.8963623046875 0.058016084134578705 17.60894203186035 0.07100033760070801 4.603232383728027 0.07000412046909332 5.777097225189209
2 0.03399431332945824 46.6939697265625 0.03601454198360443 0.0 0.037011969834566116 40.79655838012695 0.08100000023841858 0.2917127311229706
2 0.05400000140070915 13.199743270874023 0.04700448364019394 18.43736457824707 0.0640081837773323 6.627077102661133 0.08100002259016037 0.46041586995124817
2 0.0820000022649765 0.46411168575286865 0.05700502172112465 11.18368148803711 0.06900553405284882 4.1581573486328125 0.05300707370042801 15.17963981628418
4 0.05600208416581154 23.707931518554688 0.053009700030088425 28.840805053710938 0.04701479151844978 41.39127731323242 0.04701533168554306 41.32439422607422
3 0.08500000089406967 0.0 0.062000758945941925 9.492167472839355 0.033019717782735825 53.46257781982422 0.03202139958739281 56.02369689941406
4 0.07100443542003632 5.678765296936035 0.051017120480537415 35.04286193847656 0.035046063363552094 80.67265319824219 0.07900398224592209 2.5178658962249756
4 0.08399999886751175 0.0 0.03402385115623474 69.48966217041016 0.05300252139568329 26.150575637817383 0.05600890889763832 21.49394989013672
3 0.06900348514318466 5.378998279571533 0.05401057377457619 20.51385498046875 0.054007597267627716 20.501436233520508 0.057007089257240295 15.59238338470459
4 0.058008741587400436 22.386859893798828 0.030041158199310303 97.58646392822266 0.08004341274499893 0.5524356961250305 0.07000574469566345 7.105719089508057
1 0.057035572826862335 6.213942527770996 0.08400047570466995 0.0 0.056003767997026443 8.014020919799805 0.03701166808605194 24.68392562866211
1 0.06803005933761597 2.5441367626190186 0.06000469624996185 6.880977153778076 0.06600059568881989 3.5315773487091064 0.08000218123197556 0.0
4 0.04602247476577759 37.98880386352539 0.043015748262405396 45.60824203491211 0.08300066739320755 0.0 0.07999999821186066 1.3134214878082275
1 0.05800569802522659 5.090787410736084 0.06901621073484421 2.1607935428619385 0.0670023113489151 2.5432398319244385 0.07100057601928711 1.1958914995193481
1 0.04100346937775612 10.460429191589355 0.0590021125972271 4.118411064147949 0.06700000166893005 1.5258700847625732 0.047016240656375885 7.616516590118408
1 0.06600198149681091 2.019941568374634 0.06600074470043182 3.5681846141815186 0.06297941505908966 4.307559013366699 0.04500177502632141 14.841440200805664
3 0.04802883416414261 29.88127326965332 0.03203756362199783 64.35999298095703 0.04501195251941681 34.22166442871094 0.0700194388628006 4.679314136505127
2 0.0820000022649765 0.8451829552650452 0.07700008153915405 0.8785645365715027 0.06900061666965485 3.005556583404541 0.03902384638786316 29.954111099243164
1 0.07900000363588333 0.0 0.060000352561473846 7.548953533172607 0.05600159242749214 9.099455833435059 0.047006744891405106 14.90274429321289
3 0.06700481474399567 7.724227428436279 0.052010778337717056 23.57248306274414 0.032972194254398346 62.1058235168457 0.06501837074756622 9.514158248901367
4 0.04801670089364052 35.936466217041016 0.04101960361003876 53.16394805908203 0.06200122833251953 14.315105438232422 0.08502385020256042 0.6366917490959167
1 0.03700369596481323 13.283093452453613 0.07500000298023224 0.24579377472400665 0.03500287979841232 15.175857543945312 0.04400413855910301 10.975396156311035
4 0.03901730477809906 67.4454574584961 0.042021606117486954 58.54042053222656 0.03602565824985504 77.30473327636719 0.03802540898323059 67.94326782226562
4 0.047013361006975174 39.23664855957031 0.06100151687860489 15.834264755249023 0.039019644260406494 58.75340270996094 0.05200805887579918 29.484981536865234
4 0.03402489796280861 82.6355209350586 0.03502766788005829 77.34969329833984 0.06400224566459656 13.492724418640137 0.06500224769115448 12.520140647888184
3 0.03302332013845444 64.38426208496094 0.05703100562095642 17.42656707763672 0.056009117513895035 19.153892517089844 0.04201209917664528 43.31700897216797
2 0.03900924324989319 28.320213317871094 0.08000008761882782 0.9493815898895264 0.05600563436746597 10.187024116516113 0.07000166177749634 2.3115243911743164
3 0.04400302842259407 33.61970138549805 0.07401061803102493 2.2815074920654297 0.07096616923809052 3.608137845993042 0.03897805139422417 42.71540069580078
3 0.03603248670697212 52.31757736206055 0.06901456415653229 5.176547050476074 0.03701638802886009 49.80233383178711 0.05900932848453522 14.508443832397461
2 0.08300405740737915 0.08764830231666565 0.05700431019067764 11.81779670715332 0.036027275025844574 38.46784591674805 0.0830002874135971 0.3430030047893524
3 0.04002394154667854 42.7025260925293 0.04201263189315796 38.233245849609375 0.04201415926218033 38.37012481689453 0.035017918795347214 54.333003997802734
1 0.08100000023841858 0.0 0.08399999886751175 0.0 0.06700741499662399 1.9534270763397217 0.0399874709546566 20.620973587036133
2 0.039011117070913315 27.678850173950195 0.038012873381376266 28.406484603881836 0.060000933706760406 7.2898125648498535 0.048005275428295135 17.613739013671875
4 0.08198888599872589 1.4062334299087524 0.06900408118963242 6.536956787109375 0.07600079476833344 2.546147108078003 0.05400431528687477 24.879648208618164
4 0.035019733011722565 76.16657257080078 0.049003854393959045 38.51133346557617 0.05701208859682083 23.530818939208984 0.03704391047358513 70.41329956054688
1 0.036023128777742386 28.54070281982422 0.06503190845251083 4.1263957023620605 0.07900011539459229 0.508423388004303 0.06996450573205948 2.2010257244110107
4 0.0490255169570446 34.82524490356445 0.06800197809934616 8.342010498046875 0.07400120794773102 3.127591133117676 0.031034016981720924 79.27605438232422
3 0.06800033897161484 6.3158769607543945 0.04401358589529991 36.669097900390625 0.05601293221116066 17.409780502319336 0.048008158802986145 29.369461059570312
4 0.08399999886751175 0.8462973237037659 0.07000087201595306 6.900097370147705 0.0470082126557827 43.88749694824219 0.054011523723602295 28.801441192626953
2 0.06000082194805145 8.705031394958496 0.0540027916431427 16.934982299804688 0.031030649319291115 54.87651443481445 0.06601216644048691 5.557461738586426
3 0.05001239851117134 25.381620407104492 0.06500287353992462 8.973920822143555 0.06700088083744049 6.921943187713623 0.05900747328996658 14.675681114196777
2 0.07400555163621902 1.891884684562683 0.07000097632408142 3.98836088180542 0.04400426894426346 30.532228469848633 0.08300001174211502 0.6440026164054871
4 0.04601941257715225 37.73926544189453 0.0820000022649765 1.9116510152816772 0.03001309186220169 80.04071044921875 0.05900326743721962 16.6989688873291
1 0.03501297906041145 20.88031768798828 0.07599999755620956 0.34005022048950195 0.03701964393258095 17.538301467895508 0.06600023061037064 1.7399797439575195
1 0.06600149720907211 2.2948861122131348 0.07200001180171967 0.7579881548881531 0.05900182947516441 5.360353946685791 0.03300957754254341 18.235567092895508
4 0.05100921168923378 28.1761474609375 0.08100002259016037 2.0232279300689697 0.0670158863067627 8.918461799621582 0.08100031316280365 0.7199119925498962
3 0.08100053668022156 0.30388665199279785 0.053017329424619675 25.348318099975586 0.04202219098806381 46.31328582763672 0.046016763895750046 37.76316833496094
4 0.03402948006987572 72.13082122802734 0.041021425276994705 53.48101806640625 0.07295810431241989 3.612732410430908 0.05301344022154808 26.776500701904297
4 0.049027081578969955 39.719905853271484 0.04701807722449303 41.98869323730469 0.07800000160932541 2.23911714553833 0.04901975020766258 37.9556999206543
2 0.0820000022649765 0.8513655662536621 0.06200582534074783 9.202574729919434 0.04701196029782295 26.08637809753418 0.07900912314653397 0.8014540076255798
2 0.08399999886751175 0.3172505795955658 0.042011190205812454 22.680828094482422 0.05100927874445915 14.509551048278809 0.04001003876328468 27.156055450439453
1 0.08399999886751175 0.0 0.056001000106334686 4.528615474700928 0.07699999958276749 0.4488447606563568 0.030007828027009964 26.316448211669922
2 0.04904432222247124 17.063220977783203 0.05200698971748352 14.156062126159668 0.07400649040937424 1.5834158658981323 0.07000035792589188 2.800266981124878
1 0.03401115909218788 25.031084060668945 0.04000817984342575 19.72388458251953 0.03201042488217354 28.436269760131836 0.07300056517124176 0.9468522667884827
4 0.03604090213775635 67.57708740234375 0.03403311222791672 71.4443130493164 0.07000000029802322 6.654775142669678 0.055012840777635574 24.448034286499023
1 0.04903600364923477 9.812189102172852 0.056000880897045135 8.002965927124023 0.05700032785534859 6.985372066497803 0.0760001465678215 0.6457166075706482
3 0.057975418865680695 17.264657974243164 0.07696236670017242 1.7597250938415527 0.05799243599176407 16.647714614868164 0.05700875073671341 18.421632766723633
3 0.037032291293144226 51.85387420654297 0.06801940500736237 6.963922500610352 0.043008897453546524 38.388309478759766 0.06800015270709991 6.0534210205078125
3 0.06800004839897156 6.425829887390137 0.08200223743915558 1.0268203020095825 0.03002619743347168 71.38400268554688 0.06800000369548798 5.973228454589844
1 0.07401435077190399 0.9422863125801086 0.06599999964237213 1.6084436178207397 0.06800000369548798 1.3960901498794556 0.0729999989271164 0.7831432819366455
4 0.06100928410887718 13.689939498901367 0.07400010526180267 2.916574239730835 0.030034413561224937 67.11376953125 0.08000025153160095 1.6057530641555786
4 0.042023323476314545 47.49036407470703 0.05599970370531082 20.82048225402832 0.031030910089612007 77.99815368652344 0.084040567278862 2.296907901763916
4 0.03297286108136177 76.68556213378906 0.06500345468521118 11.6362886428833 0.07601391524076462 2.3828606605529785 0.07295366376638412 3.5956971645355225
1 0.037951331585645676 23.72014617919922 0.07900000363588333 0.0 0.05300082266330719 9.2217435836792 0.07000172138214111 2.1747303009033203
2 0.03900963440537453 35.62806701660156 0.04701007157564163 23.765932083129883 0.08100075274705887 0.8628546595573425 0.05500055104494095 12.894879341125488
4 0.08300413936376572 0.5445496439933777 0.07600122690200806 2.4982166290283203 0.03203768655657768 78.96448516845703 0.07602658867835999 2.270146608352661
4 0.06800000369548798 7.885480880737305 0.04101363569498062 50.42022705078125 0.0370221808552742 60.54963684082031 0.03602565824985504 64.03266143798828
1 0.05800977349281311 3.615135669708252 0.08103593438863754 0.09468387067317963 0.03301543742418289 20.772634506225586 0.07200124114751816 0.8636845946311951
1 0.05700026452541351 6.156679153442383 0.06900037080049515 1.5352704524993896 0.07400000095367432 0.6650328040122986 0.03903447464108467 15.833760261535645
1 0.06400088965892792 2.383862257003784 0.06400088220834732 2.842599391937256 0.08500000089406967 0.0 0.0760001540184021 0.48942816257476807
2 0.04800702631473541 18.82246208190918 0.06400052458047867 5.528221130371094 0.05700543150305748 10.34295654296875 0.06300472468137741 6.916086196899414
4 0.047014858573675156 40.212615966796875 0.06902188062667847 6.73956298828125 0.06200175732374191 15.199296951293945 0.07200063765048981 4.43385648727417
1 0.052000533789396286 5.132663249969482 0.08500005304813385 0.0 0.07800000160932541 0.2230120450258255 0.05500013008713722 3.905057191848755
3 0.03098919242620468 60.914588928222656 0.05400187894701958 19.048208236694336 0.04401526600122452 33.78096389770508 0.046009596437215805 29.854251861572266
3 0.0810009241104126 1.0242284536361694 0.08299999684095383 0.4799060523509979 0.030031748116016388 60.141693115234375 0.05197811499238014 19.439638137817383
1 0.07102469354867935 0.5590388178825378 0.07199999690055847 0.849209189414978 0.05900223180651665 5.087785243988037 0.07000042498111725 1.2283684015274048
2 0.07395026087760925 1.0765074491500854 0.08100000023841858 0.16448630392551422 0.05100414529442787 13.955976486206055 0.05000762268900871 14.887563705444336
1 0.06700032949447632 3.922635555267334 0.06500300019979477 4.348033905029297 0.063003309071064 5.254519939422607 0.04600409045815468 15.793785095214844
4 0.039019875228405 62.31856155395508 0.07503204792737961 3.1608266830444336 0.051014918833971024 31.997669219970703 0.053008753806352615 28.47399139404297
2 0.08399999886751175 0.0 0.03902941197156906 32.59200668334961 0.055001404136419296 12.613853454589844 0.06600674241781235 5.915886878967285
4 0.07700145989656448 2.3736166954040527 0.06000396981835365 19.695697784423828 0.03104509599506855 93.93733978271484 0.05402800440788269 29.483434677124023
3 0.07100269943475723 3.9948441982269287 0.044012926518917084 36.076805114746094 0.04301633685827255 38.59996032714844 0.058025751262903214 15.076287269592285
1 0.0510006919503212 10.365827560424805 0.06700000166893005 3.8805840015411377 0.0820000022649765 0.0 0.08500000089406967 0.0
1 0.05800004303455353 6.869348526000977 0.05300242826342583 7.293222904205322 0.07000060379505157 1.1404086351394653 0.0490020252764225 10.535757064819336
4 0.0650009959936142 11.684659957885742 0.07901594787836075 2.128875255584717 0.06900505721569061 8.30649185180664 0.06500159204006195 12.98169994354248
4 0.06600962579250336 12.047006607055664 0.04701433330774307 45.67173385620117 0.04701691493391991 45.42380905151367 0.07999999821186066 2.4036076068878174
1 0.0820000022649765 0.0 0.049020666629076004 14.475140571594238 0.05200570076704025 13.101102828979492 0.0670037791132927 3.906684160232544
2 0.08500000089406967 0.0 0.04101148992776871 34.610321044921875 0.05901752784848213 12.751952171325684 0.0820009782910347 1.029531717300415
3 0.04501309618353844 36.64338302612305 0.05100823566317558 23.547752380371094 0.061001043766736984 12.60440731048584 0.049008939415216446 27.000099182128906
3 0.07100268453359604 3.8426284790039062 0.04601668566465378 32.21171569824219 0.037016890943050385 51.10413360595703 0.03701892867684364 51.903018951416016
4 0.0710034966468811 5.28297758102417 0.03295840322971344 71.31570434570312 0.041015222668647766 51.241756439208984 0.037021663039922714 61.08324432373047
4 0.042013708502054214 54.25519943237305 0.06000213697552681 17.95850944519043 0.03302933648228645 81.05243682861328 0.06798525154590607 8.565144538879395
3 0.056002743542194366 19.730955123901367 0.07797852903604507 1.6609978675842285 0.0730075091123581 2.7559995651245117 0.043015073984861374 37.67304992675781
4 0.06200210005044937 16.7366943359375 0.0350261852145195 80.33901977539062 0.05100720003247261 35.37264633178711 0.03898496553301811 67.388916015625
3 0.03502719849348068 68.95767211914062 0.034024424850940704 65.17634582519531 0.04801506921648979 33.06915283203125 0.07701075822114944 2.0248465538024902
3 0.04904455691576004 29.90596580505371 0.05499639734625816 22.406217575073242 0.0680006816983223 7.833894729614258 0.06600527465343475 9.657499313354492
4 0.06500125676393509 12.1733980178833 0.06600175052881241 11.48786449432373 0.052019838243722916 33.66465759277344 0.05001596361398697 37.06660461425781
4 0.08399999886751175 0.5883000493049622 0.056017156690359116 24.045473098754883 0.08200012147426605 1.9917100667953491 0.05799335986375809 21.216461181640625
4 0.04904849827289581 31.43342399597168 0.050009045749902725 31.714933395385742 0.06300125271081924 12.952855110168457 0.04001946747303009 54.27296447753906
2 0.07200201600790024 1.8803937435150146 0.05098487809300423 16.306884765625 0.034014031291007996 39.51132583618164 0.07601072639226913 1.3609752655029297
1 0.047010645270347595 16.202472686767578 0.08400032669305801 0.1663230061531067 0.034026436507701874 32.24191665649414 0.04700281843543053 17.12044334411621
1 0.05298975855112076 6.1539306640625 0.07700006663799286 0.6154649257659912 0.05100031942129135 7.333471775054932 0.06500083953142166 1.9129931926727295
1 0.06900066137313843 3.049475908279419 0.04200498014688492 21.948158264160156 0.0400104857981205 23.4786376953125 0.07100362330675125 2.178264856338501
1 0.07999999821186066 0.4234451949596405 0.03700486943125725 18.206584930419922 0.06900251656770706 0.94871985912323 0.06900034844875336 1.2224769592285156
1 0.053004078567028046 8.233074188232422 0.04600571468472481 11.212230682373047 0.07100962102413177 1.359726071357727 0.06700006127357483 2.065624713897705
2 0.06401578336954117 7.265760898590088 0.06200481578707695 9.833295822143555 0.039010848850011826 40.24394226074219 0.06700090318918228 6.65985107421875
1 0.08300402015447617 0.5507771968841553 0.0790017619729042 0.36853843927383423 0.04400791600346565 17.780752182006836 0.06600033491849899 2.483901262283325
2 0.04301326349377632 26.962005615234375 0.05500755459070206 12.507535934448242 0.05800402909517288 10.457045555114746 0.0660025030374527 5.364317417144775
1 0.04400146007537842 15.651421546936035 0.07699999958276749 0.3869474232196808 0.07900000363588333 0.40697821974754333 0.0400116853415966 16.99903678894043
2 0.0360276885330677 42.046939849853516 0.06601523607969284 5.3486247062683105 0.07200077921152115 2.5984060764312744 0.0560046024620533 13.266475677490234
1 0.03900941088795662 19.945890426635742 0.057039469480514526 5.545785427093506 0.057002052664756775 6.376856327056885 0.08096815645694733 0.34310346841812134
2 0.05901649594306946 12.63414478302002 0.07800067216157913 1.1907445192337036 0.08299999684095383 0.0 0.04101220518350601 34.76034164428711
4 0.03202721104025841 79.82343292236328 0.06200163811445236 15.189038276672363 0.0370214618742466 66.5123519897461 0.057005785405635834 21.70363426208496
1 0.04903596267104149 10.68302059173584 0.0580003447830677 6.745087146759033 0.06800000369548798 1.878639817237854 0.039014361798763275 17.289127349853516
2 0.03302250802516937 43.60820770263672 0.041019950062036514 30.684284210205078 0.05500474572181702 14.08646297454834 0.04800664633512497 21.464616775512695
1 0.07199999690055847 1.2232626676559448 0.03202332928776741 31.791738510131836 0.06800553947687149 2.0393857955932617 0.08500000089406967 0.0
2 0.07502535730600357 1.724260687828064 0.04602523893117905 23.095914840698242 0.0820000022649765 0.6014714241027832 0.030016548931598663 48.5852165222168
2 0.07001650333404541 3.538205862045288 0.04601380601525307 27.948705673217773 0.03201870247721672 55.66841125488281 0.07099209725856781 3.6799042224884033
3 0.053010690957307816 22.90826416015625 0.07299432158470154 2.7924861907958984 0.05701025202870369 17.11395835876465 0.0390152633190155 48.97625732421875
4 0.03604026511311531 64.1838150024414 0.08500474691390991 0.7714990377426147 0.052959442138671875 26.437244415283203 0.03803074732422829 59.85332107543945
4 0.0510106161236763 34.00263977050781 0.06301209330558777 14.957364082336426 0.03802167624235153 67.55441284179688 0.03402761369943619 80.96907806396484
2 0.042018648236989975 26.763574600219727 0.030015651136636734 44.96732711791992 0.07903216779232025 0.31292787194252014 0.03595981374382973 35.59783172607422
1 0.04700516164302826 14.27641773223877 0.0820000022649765 0.09579721838235855 0.07000016421079636 2.2263054847717285 0.06500072032213211 3.9810235500335693
4 0.06800070405006409 9.023153305053711 0.07300115376710892 4.124566078186035 0.05695076286792755 23.546892166137695 0.05900554358959198 20.694204330444336
1 0.08399999886751175 0.41002723574638367 0.04501240700483322 17.725723266601562 0.0640009269118309 5.7941203117370605 0.034008778631687164 31.097557067871094
3 0.0570000484585762 17.34003257751465 0.06000592187047005 12.909677505493164 0.06000479310750961 13.129188537597656 0.08300112932920456 0.9984732270240784
4 0.06195852532982826 16.865877151489258 0.07700308412313461 2.2984156608581543 0.08100000023841858 1.5517817735671997 0.06300107389688492 15.357694625854492
4 0.0790010392665863 2.4910593032836914 0.07300137728452682 4.117377281188965 0.08299999684095383 1.6385676860809326 0.07000526040792465 7.129242897033691
4 0.0820000022649765 0.5298783183097839 0.07100461423397064 6.133721828460693 0.06799360364675522 9.882745742797852 0.03999441862106323 65.05716705322266
4 0.057009607553482056 20.52576446533203 0.07600107789039612 2.2950220108032227 0.04900934547185898 35.57173538208008 0.07098468393087387 5.272179126739502
3 0.0530114471912384 21.231796264648438 0.03203484043478966 63.80570602416992 0.038017719984054565 49.435096740722656 0.07800000160932541 0.9274182915687561
4 0.06600812822580338 8.642626762390137 0.048973798751831055 33.51465606689453 0.0820000022649765 0.0 0.07800094783306122 1.5447527170181274
2 0.055025797337293625 11.688436508178711 0.031029189005494118 45.478904724121094 0.08299999684095383 0.0 0.031017299741506577 45.30384063720703
1 0.06600195169448853 1.892041802406311 0.03397673740983009 25.544921875 0.056001078337430954 8.110376358032227 0.04997019097208977 11.69750690460205
2 0.06900075078010559 5.084064960479736 0.059006381779909134 13.339361190795898 0.04000984504818916 38.87362289428711 0.0689999982714653 5.351030349731445
2 0.07200107723474503 2.6738312244415283 0.059006545692682266 13.112115859985352 0.06295178085565567 8.772884368896484 0.03603198006749153 44.808990478515625
4 0.07199999690055847 4.269808292388916 0.06100147217512131 15.699254035949707 0.031036805361509323 80.91938781738281 0.051008496433496475 30.95050621032715
2 0.057007383555173874 10.377752304077148 0.062000859528779984 7.262821674346924 0.03201678395271301 41.34259033203125 0.042008280754089355 26.23355484008789
1 0.05300118401646614 9.377768516540527 0.04003146290779114 18.79064178466797 0.04300715774297714 16.263017654418945 0.03400660678744316 26.01276969909668
2 0.08399999886751175 0.356853723526001 0.06395239382982254 6.778717041015625 0.07697857916355133 0.9110510945320129 0.0750005841255188 1.1295042037963867
4 0.07700108736753464 2.1108291149139404 0.0820000022649765 1.1758896112442017 0.08000081777572632 0.9527285695075989 0.051028452813625336 30.509122848510742
1 0.05200103670358658 5.861336708068848 0.08404836058616638 0.0 0.0730150118470192 0.8035333752632141 0.030004993081092834 24.85830307006836
1 0.0330178439617157 32.2872200012207 0.04200640693306923 21.05210304260254 0.050004344433546066 14.108844757080078 0.034023184329271317 31.742544174194336
2 0.0729999989271164 1.8362385034561157 0.08500000089406967 0.0 0.08399999886751175 0.0 0.08299999684095383 0.009756484068930149
4 0.08399999886751175 0.0 0.08399999886751175 0.8778930902481079 0.07100432366132736 5.137304306030273 0.06300655752420425 13.387044906616211
3 0.05303299054503441 22.779821395874023 0.07500126957893372 2.318326711654663 0.05900682508945465 15.521629333496094 0.05000768229365349 27.687482833862305
2 0.07900000363588333 0.36454665660858154 0.0680001899600029 3.107830286026001 0.0680011510848999 3.450423240661621 0.04900708422064781 15.954501152038574
3 0.033040035516023636 72.00640869140625 0.035019613802433014 58.54902267456055 0.07804030179977417 1.3141162395477295 0.04902084544301033 29.99982261657715
3 0.04501327872276306 30.769235610961914 0.05596359819173813 15.951444625854492 0.08500053733587265 0.0 0.04496505856513977 31.193822860717773
1 0.07999999821186066 0.37875184416770935 0.06700198352336884 3.0112156867980957 0.03401971980929375 22.87236976623535 0.056001465767621994 6.464105129241943
4 0.06200150400400162 14.437893867492676 0.034041643142700195 73.32759857177734 0.0650036409497261 11.642190933227539 0.060006964951753616 17.935766220092773
2 0.07400062680244446 1.416489839553833 0.05303969234228134 12.550079345703125 0.06400671601295471 6.550590515136719 0.08399999886751175 0.0
1 0.06300031393766403 2.1636807918548584 0.06800000369548798 1.2234935760498047 0.0790024921298027 0.0 0.0480031855404377 9.787195205688477
4 0.06900487840175629 7.309657096862793 0.050003428012132645 34.651763916015625 0.07800000160932541 2.6663339138031006 0.052003081887960434 30.78711700439453
1 0.04997621476650238 9.468998908996582 0.06400226056575775 4.2589592933654785 0.06400157511234283 3.3758950233459473 0.053001850843429565 9.275991439819336
3 0.06700097024440765 6.81784200668335 0.08399999886751175 0.37078627943992615 0.03202325478196144 62.374839782714844 0.08000285178422928 0.6086711883544922
3 0.06200774013996124 11.343545913696289 0.044009480625391006 36.288875579833984 0.052010927349328995 22.915706634521484 0.08500000089406967 1.339927315711975
4 0.03801805153489113 58.577457427978516 0.03302411362528801 72.19674682617188 0.07100492715835571 5.030632495880127 0.06000161170959473 16.531713485717773
1 0.033011555671691895 20.323720932006836 0.034005191177129745 19.623668670654297 0.05300481989979744 6.026727676391602 0.04000597074627876 14.042612075805664
2 0.0390227772295475 35.1192512512207 0.06600072979927063 6.812732696533203 0.06700054556131363 5.325118064880371 0.08399999886751175 0.0
2 0.044002629816532135 25.905216217041016 0.04400959610939026 26.048099517822266 0.04100966453552246 30.707332611083984 0.08100003749132156 0.2392244040966034
4 0.04699338600039482 43.641658782958984 0.07200473546981812 5.003969669342041 0.046025823801755905 46.06420135498047 0.03602710738778114 75.33003997802734
3 0.07001357525587082 3.5448718070983887 0.03295339271426201 54.272789001464844 0.052003417164087296 20.55996322631836 0.0370132215321064 46.032073974609375
3 0.04200595244765282 36.93474578857422 0.04903458431363106 25.848955154418945 0.036012861877679825 50.72481918334961 0.04401470720767975 34.18923568725586
2 0.04904399439692497 15.886260986328125 0.061002325266599655 7.776421546936035 0.04302745684981346 23.0084171295166 0.039010390639305115 28.401926040649414
4 0.08399999886751175 0.4201095998287201 0.032030634582042694 100.0429458618164 0.07900027930736542 1.4272314310073853 0.07300224900245667 4.56072998046875
3 0.06902482360601425 5.190127849578857 0.06300142407417297 9.206941604614258 0.042015064507722855 34.798397064208984 0.06800037622451782 4.9971604347229
4 0.06600919365882874 10.853498458862305 0.031040344387292862 89.37091064453125 0.056004639714956284 24.731040954589844 0.03701978921890259 70.56694793701172
1 0.05400031805038452 5.752373218536377 0.061000000685453415 3.4371752738952637 0.030019588768482208 22.894779205322266 0.04300159215927124 13.17133903503418
1 0.07999999821186066 0.364298552274704 0.04500133916735649 11.704460144042969 0.06804630905389786 2.627964496612549 0.0729999989271164 0.9294326305389404
3 0.06502316892147064 8.847602844238281 0.03302725404500961 68.13362121582031 0.035022247582674026 61.92195510864258 0.04501441493630409 39.258827209472656
2 0.0510173961520195 14.836675643920898 0.07400073856115341 1.47146737575531 0.04202870652079582 25.988462448120117 0.07200004905462265 1.6604613065719604
3 0.06200141832232475 12.437214851379395 0.08500444889068604 1.0637258291244507 0.06901007145643234 6.080513000488281 0.0740007683634758 2.6564395427703857
4 0.030023746192455292 84.3182601928711 0.04701177403330803 39.7861328125 0.06700100004673004 9.719793319702148 0.08400372415781021 1.211794376373291
3 0.03402097523212433 51.359214782714844 0.07600090652704239 1.875812292098999 0.0530250109732151 18.76474952697754 0.07200076431035995 2.982417345046997
4 0.048014458268880844 34.3651123046875 0.07999999821186066 0.8111729621887207 0.07400090992450714 2.934537649154663 0.07900047302246094 1.594857931137085
3 0.07303561270236969 2.3182711601257324 0.0530095100402832 17.62537384033203 0.03801101818680763 42.986610412597656 0.06700081378221512 6.731656551361084
4 0.07700145244598389 2.269587278366089 0.08299999684095383 0.887609601020813 0.07503565400838852 3.3668065071105957 0.049010224640369415 39.53789520263672
3 0.06600671261548996 9.248942375183105 0.07500305771827698 2.253361463546753 0.04401322454214096 35.28152847290039 0.04001869261264801 43.0050048828125
2 0.04795591160655022 22.40252113342285 0.07500000298023224 1.845062017440796 0.0680014044046402 5.365561485290527 0.04501168429851532 29.33968162536621
4 0.08500000089406967 1.3164424896240234 0.040030352771282196 63.99239730834961 0.047017112374305725 43.80458450317383 0.04801337048411369 41.486900329589844
3 0.04501699283719063 40.005577087402344 0.051012199372053146 28.40216827392578 0.05300772935152054 24.92148780822754 0.05900751054286957 16.81732940673828
3 0.04001527279615402 45.19425582885742 0.03004469908773899 71.2063217163086 0.051006875932216644 24.994556427001953 0.047011394053697586 31.34115219116211
3 0.0370168536901474 55.084014892578125 0.05600181594491005 19.631223678588867 0.055009834468364716 20.625944137573242 0.057004671543836594 17.855403900146484
1 0.05700020119547844 5.159543037414551 0.08500000089406967 0.0 0.07500004023313522 0.5696640610694885 0.05100090429186821 8.92357063293457
4 0.0370318666100502 61.0626106262207 0.057005371898412704 19.416051864624023 0.07699999958276749 2.259127616882324 0.047011598944664 37.2801513671875
4 0.07000088691711426 6.680633544921875 0.04302000626921654 51.293609619140625 0.073033407330513 3.9541103839874268 0.04101449251174927 57.00749969482422
1 0.04903602600097656 11.324417114257812 0.033012114465236664 27.556772232055664 0.07599999755620956 0.8953382968902588 0.04900166764855385 11.104887962341309
3 0.037023186683654785 50.238529205322266 0.04101685807108879 41.588993072509766 0.05502615123987198 18.97373390197754 0.07100046426057816 3.9010443687438965
3 0.07502567023038864 2.625 0.06001102551817894 14.887669563293457 0.051008258014917374 27.97065544128418 0.034033194184303284 66.24353790283203
3 0.07303356379270554 2.27374267578125 0.062007222324609756 9.458544731140137 0.05800213664770126 14.195201873779297 0.07700215280056 1.64309561252594
4 0.07400000095367432 3.605403184890747 0.04801171272993088 41.06931686401367 0.08500000089406967 1.5482481718063354 0.042991332709789276 53.052852630615234
3 0.06300081312656403 10.092000007629395 0.07701419293880463 1.490415096282959 0.031019696965813637 61.996097564697266 0.056012630462646484 16.524301528930664
4 0.04202787205576897 47.71833419799805 0.05900726467370987 17.251611709594727 0.031041191890835762 76.66262817382812 0.0520029179751873 27.58715057373047
3 0.0519673116505146 26.755308151245117 0.06200135499238968 13.340957641601562 0.06700132042169571 8.586787223815918 0.07800096273422241 1.4870035648345947
2 0.044013611972332 22.10360336303711 0.034015242010354996 39.02226257324219 0.07800000160932541 0.6938043832778931 0.034022681415081024 38.519508361816406
1 0.046001043170690536 16.279125213623047 0.07699999958276749 0.8769553899765015 0.030015911906957626 35.40953063964844 0.06700030714273453 3.4670848846435547
4 0.030031833797693253 81.55648803710938 0.07303157448768616 3.119077444076538 0.06800244748592377 7.724612712860107 0.051007986068725586 29.078659057617188
3 0.03401876986026764 58.821495056152344 0.039018698036670685 46.5131950378418 0.04001459851861 44.10710906982422 0.06300127506256104 9.861419677734375
1 0.06600352376699448 4.465787410736084 0.04402104392647743 18.74964141845703 0.05500498414039612 10.360957145690918 0.07200215011835098 1.4168165922164917
2 0.03202909603714943 47.841487884521484 0.08104605227708817 0.0 0.040024977177381516 32.652347564697266 0.08396312594413757 0.0
2 0.07999999821186066 1.2555919885635376 0.058000579476356506 12.823690414428711 0.07800471782684326 1.0904622077941895 0.03301576152443886 51.046138763427734
1 0.0690002366900444 2.508033275604248 0.05000445246696472 10.665654182434082 0.0410076305270195 17.863346099853516 0.07600387185811996 0.9439738988876343
1 0.050965357571840286 11.46293830871582 0.037008922547101974 25.25506019592285 0.053001124411821365 10.272171974182129 0.06800097227096558 2.307347536087036
2 0.06500530987977982 5.705114364624023 0.08500000089406967 0.0 0.051023006439208984 19.38550567626953 0.06400034576654434 7.663623809814453
2 0.05000973120331764 17.42015266418457 0.07904862612485886 0.5831054449081421 0.07900021225214005 0.6107645630836487 0.06900222599506378 3.955780029296875
4 0.05502568557858467 20.043468475341797 0.04301267862319946 46.14611053466797 0.04401436448097229 43.657623291015625 0.07802360504865646 2.0246999263763428
3 0.07900204509496689 0.9759804606437683 0.033021990209817886 65.71868133544922 0.05301389843225479 22.95069122314453 0.049010783433914185 30.689268112182617
2 0.07800000160932541 1.160743236541748 0.033014606684446335 37.16698455810547 0.05502797290682793 10.06588363647461 0.08500000089406967 0.029580987989902496
3 0.06502410024404526 9.311171531677246 0.056986209005117416 19.569007873535156 0.05400766432285309 23.8070011138916 0.031026717275381088 75.14169311523438
2 0.06300000101327896 8.153843879699707 0.06300301849842072 6.970146179199219 0.035011790692806244 37.970706939697266 0.0610097199678421 6.912258148193359
4 0.0380256213247776 68.54006958007812 0.07800000160932541 2.112304449081421 0.07201666384935379 4.995174407958984 0.05701056122779846 23.308929443359375
2 0.05001039430499077 14.422189712524414 0.05900445207953453 9.749987602233887 0.03301286697387695 38.81901931762695 0.07500088214874268 1.4919036626815796
2 0.06600526720285416 4.165322780609131 0.06996362656354904 3.8726985454559326 0.05000985786318779 19.97911262512207 0.07900004833936691 0.9636538624763489
4 0.05600205436348915 23.62078857421875 0.03502369672060013 74.07635498046875 0.08204054832458496 0.9229093194007874 0.056011978536844254 23.911001205444336
2 0.08499268442392349 0.0 0.04002251476049423 29.428401947021484 0.03003455325961113 43.559974670410156 0.036013808101415634 33.204254150390625
2 0.07900000363588333 1.5437296628952026 0.049001872539520264 21.670854568481445 0.03402092307806015 47.20702362060547 0.04101540148258209 34.52808380126953
2 0.08399999886751175 0.0 0.04396955668926239 25.264808654785156 0.031034840270876884 47.681800842285156 0.08300013840198517 0.41783833503723145
4 0.058952879160642624 20.313037872314453 0.058010295033454895 21.802309036254883 0.07797232270240784 2.7585761547088623 0.0580110177397728 20.88990592956543
4 0.08399999886751175 0.19899606704711914 0.0680018737912178 8.28925609588623 0.08099988847970963 1.0797513723373413 0.030033033341169357 85.98941040039062
1 0.05300508067011833 5.032714366912842 0.06401155889034271 1.563576579093933 0.07000000029802322 1.0928101539611816 0.06000145152211189 4.902531623840332
3 0.049049243330955505 28.120075225830078 0.07900004088878632 1.8193821907043457 0.046012282371520996 34.943904876708984 0.0570061095058918 17.921859741210938
2 0.05900127440690994 10.115213394165039 0.08000018447637558 0.4038936495780945 0.05201549455523491 18.229415893554688 0.04900646582245827 21.048690795898438
4 0.05700234696269035 22.72602653503418 0.06100606545805931 16.998130798339844 0.05800682306289673 21.6098575592041 0.061007238924503326 16.98072624206543
4 0.08300415426492691 1.1697877645492554 0.06601184606552124 11.290955543518066 0.05401229485869408 28.908447265625 0.05101209878921509 34.34927749633789
3 0.05502353608608246 18.191524505615234 0.06700322777032852 7.839409351348877 0.031024442985653877 70.58074951171875 0.03302277624607086 65.31034851074219
4 0.08300414681434631 0.7124457955360413 0.05001933500170708 34.13784408569336 0.058009736239910126 20.98566436767578 0.0660480409860611 10.597095489501953
2 0.0690019503235817 3.5211613178253174 0.031015673652291298 37.92721176147461 0.04300777614116669 22.20625877380371 0.08399999886751175 0.0
3 0.03302654251456261 64.29475402832031 0.037017952650785446 53.58891677856445 0.03502907231450081 58.19328308105469 0.04196891561150551 42.36076736450195
3 0.05001091584563255 27.2764949798584 0.0670010969042778 7.390523433685303 0.04702061042189598 34.310630798339844 0.044013816863298416 39.90809631347656
2 0.07198122143745422 2.808361291885376 0.04302962124347687 32.563636779785156 0.04001324996352196 37.34052658081055 0.04703955352306366 26.691261291503906
1 0.053022220730781555 10.378249168395996 0.04400647059082985 15.096986770629883 0.052003830671310425 8.77096176147461 0.058003924787044525 6.194153785705566
2 0.03602663427591324 39.498416900634766 0.08403408527374268 0.0 0.03599078208208084 40.28179931640625 0.046007126569747925 23.96595573425293
2 0.03201599791646004 41.0949592590332 0.08003535121679306 0.4859085977077484 0.05000193789601326 15.383993148803711 0.07400485873222351 1.6985249519348145
3 0.03701307997107506 48.5811882019043 0.07800096273422241 1.193519115447998 0.07999999821186066 1.0923566818237305 0.07500338554382324 1.936453938484192
3 0.040014106780290604 50.02500915527344 0.031024320051074028 75.35546875 0.07303673774003983 2.9878287315368652 0.06400151550769806 10.880142211914062
3 0.08200565725564957 1.205849051475525 0.08000077307224274 0.5165544748306274 0.046030234545469284 29.216630935668945 0.06600045412778854 6.329649925231934
4 0.0790041908621788 1.8570404052734375 0.06301167607307434 12.539162635803223 0.08100087940692902 0.5026185512542725 0.06699610501527786 8.878482818603516
1 0.08300402015447617 0.54850172996521 0.05900080129504204 5.811554431915283 0.04100498557090759 18.25363540649414 0.07599999755620956 0.9879443645477295
3 0.0350169874727726 54.69220733642578 0.082001231610775 0.0646514818072319 0.03602004796266556 52.89326858520508 0.07895942777395248 1.543761968612671
3 0.054007381200790405 22.019100189208984 0.08298492431640625 0.0 0.08500000089406967 0.0 0.04801158607006073 27.608985900878906
2 0.05901169776916504 12.586817741394043 0.05800711736083031 13.108317375183105 0.0640062540769577 8.173136711120605 0.06100008264183998 10.877720832824707
1 0.07398201525211334 0.8145410418510437 0.04300976172089577 18.658100128173828 0.051003824919462204 12.58380126953125 0.06300190836191177 4.483265399932861
2 0.08399999886751175 0.0 0.05102011561393738 18.510896682739258 0.08100003749132156 0.1651720404624939 0.03601093962788582 39.207496643066406
2 0.08300407230854034 0.0 0.07502084970474243 1.688430905342102 0.03502001240849495 46.339874267578125 0.046013254672288895 26.520000457763672
3 0.07000011950731277 5.190285682678223 0.051008086651563644 27.675251007080078 0.057009126991033554 18.755970001220703 0.07199565321207047 3.9696452617645264
2 0.04904615134000778 24.970563888549805 0.06600065529346466 6.114162445068359 0.07898345589637756 0.9914401769638062 0.0660032257437706 5.455934524536133
1 0.03800881654024124 28.694522857666016 0.03201231732964516 36.7093505859375 0.07897163182497025 0.4351547956466675 0.06400053203105927 4.745141983032227
4 0.06500092148780823 11.978209495544434 0.08000124990940094 1.8721696138381958 0.07400145381689072 3.4598052501678467 0.057002078741788864 23.565032958984375
1 0.03402246534824371 30.82728385925293 0.03600896894931793 28.237550735473633 0.03401289880275726 30.729473114013672 0.0820000022649765 0.20557481050491333
4 0.03902125731110573 64.63072204589844 0.03902393579483032 63.47761154174805 0.03702789172530174 70.75233459472656 0.07100044190883636 6.097839832305908
4 0.08399999886751175 0.6708269119262695 0.07900073379278183 1.6821671724319458 0.04301825538277626 53.371925354003906 0.03303820267319679 84.90361785888672
3 0.0560077428817749 18.92462921142578 0.06500666588544846 9.878241539001465 0.04600480943918228 36.225135803222656 0.03901918977499008 51.92871856689453
2 0.03201257064938545 49.59531021118164 0.07202079147100449 2.2664825916290283 0.046005189418792725 24.597719192504883 0.0350220650434494 43.56588363647461
2 0.06400446593761444 5.271562099456787 0.04101889207959175 26.381723403930664 0.07500000298023224 1.489670991897583 0.045006029307842255 20.220731735229492
4 0.08300416171550751 1.4239342212677002 0.0660155713558197 12.075084686279297 0.046021901071071625 47.33269119262695 0.08300068229436874 0.0
2 0.05300139635801315 15.735782623291016 0.03401695191860199 43.295440673828125 0.049005091190338135 20.31277084350586 0.07100086659193039 2.8073127269744873
4 0.07002981752157211 6.342115879058838 0.03402801230549812 74.63876342773438 0.04002344235777855 56.92166519165039 0.04701608791947365 40.56460189819336
4 0.043038465082645416 56.87852478027344 0.031037509441375732 94.47700500488281 0.03702231124043465 73.35501861572266 0.06100133806467056 17.680219650268555
2 0.07400890439748764 1.289164662361145 0.0640028789639473 6.21114444732666 0.07800007611513138 0.914397656917572 0.04100676625967026 23.298978805541992
3 0.053007278591394424 21.094120025634766 0.06900057196617126 5.115177154541016 0.04601408913731575 30.678958892822266 0.0680008977651596 5.547529220581055
4 0.03802308440208435 64.0990982055664 0.0570099800825119 22.61968231201172 0.05800562724471092 20.57364845275879 0.0580076202750206 20.6431827545166
4 0.03102939762175083 80.60916137695312 0.057014238089323044 21.053691864013672 0.039017606526613235 59.71556854248047 0.03201191872358322 81.43316650390625
1 0.06900569051504135 0.8662166595458984 0.043002575635910034 11.154205322265625 0.07100000232458115 0.835364043712616 0.08100000023841858 0.05771307274699211
1 0.05502665415406227 7.718970775604248 0.04500722512602806 18.84318733215332 0.06800462305545807 3.6919798851013184 0.0809745341539383 0.16014829277992249
1 0.03900650516152382 18.237565994262695 0.050004009157419205 9.081478118896484 0.051000937819480896 8.627439498901367 0.03600791096687317 18.627023696899414
1 0.040009789168834686 21.57427406311035 0.058002304285764694 7.787549018859863 0.07700008153915405 0.5149806141853333 0.05698646232485771 8.241752624511719
3 0.06800000369548798 7.11340856552124 0.034017227590084076 66.69381713867188 0.04801398515701294 33.72639465332031 0.048012491315603256 33.28108596801758
2 0.07800000160932541 1.1521995067596436 0.051003653556108475 16.584482192993164 0.03301128372550011 40.813385009765625 0.05000533536076546 17.805660247802734
1 0.07699999958276749 0.08444871008396149 0.06701410561800003 2.6687986850738525 0.06800000369548798 1.941827416419983 0.05200027674436569 9.568766593933105
2 0.031013747677206993 41.763797760009766 0.08503022789955139 0.4890114367008209 0.07600027322769165 1.3327990770339966 0.042035628110170364 27.191829681396484
2 0.08500000089406967 0.0 0.07999999821186066 0.703252375125885 0.07800056040287018 1.0744655132293701 0.06800229102373123 4.67974853515625
4 0.05700505152344704 22.375911712646484 0.036034684628248215 72.36355590820312 0.0630088672041893 14.414433479309082 0.07600007951259613 2.526024580001831
4 0.037028320133686066 60.10313034057617 0.06300006806850433 12.8536376953125 0.0580071359872818 18.887298583984375 0.03901711851358414 54.734230041503906
4 0.05800854414701462 22.268301010131836 0.03302830830216408 85.03608703613281 0.051003288477659225 34.6500244140625 0.04302012175321579 53.8863410949707
4 0.0810011476278305 0.8751945495605469 0.035030659288167953 75.30972290039062 0.047014765441417694 42.182708740234375 0.043016642332077026 52.06708908081055
4 0.05700505152344704 18.973806381225586 0.06899544596672058 6.516548156738281 0.07900000363588333 1.2715226411819458 0.06600452214479446 9.142695426940918
2 0.06700000166893005 6.2508625984191895 0.0799848735332489 1.1542556285858154 0.06300527602434158 9.225409507751465 0.07200261950492859 2.949767589569092
4 0.06101057678461075 17.25243377685547 0.06100638955831528 16.80469512939453 0.04801856353878975 39.908756256103516 0.03802827373147011 66.0138168334961
2 0.0710015520453453 3.2061192989349365 0.06400223821401596 6.857475757598877 0.04900939017534256 19.511259078979492 0.06800129264593124 4.206451416015625
2 0.05000421777367592 22.069915771484375 0.07699999958276749 1.237513542175293 0.07000117748975754 3.976201057434082 0.057981640100479126 12.713754653930664
2 0.06700000166893005 6.319113254547119 0.055003199726343155 14.742300033569336 0.06900491565465927 4.401309967041016 0.07295417040586472 2.1705126762390137
2 0.04301633685827255 30.170745849609375 0.03501827269792557 46.95292282104492 0.0640082061290741 7.269418239593506 0.04501136764883995 28.84661102294922
1 0.033006276935338974 30.1761417388916 0.06000097841024399 5.120467185974121 0.07400018721818924 1.132982611656189 0.07999999821186066 0.3251967132091522
1 0.0710243284702301 0.617814838886261 0.08100000023841858 0.0 0.05500219389796257 5.596226692199707 0.048005111515522 9.710100173950195
2 0.07502521574497223 1.6275277137756348 0.07500060647726059 1.3069078922271729 0.0820000022649765 0.0 0.030979979783296585 42.719966888427734
3 0.05000516399741173 23.968780517578125 0.06900253891944885 5.184525489807129 0.04601191729307175 29.331417083740234 0.0650009885430336 7.694949150085449
3 0.03495058789849281 58.84260177612305 0.03303011134266853 64.24539184570312 0.036021217703819275 57.245845794677734 0.052024904638528824 24.992412567138672
4 0.08300413936376572 0.575471043586731 0.08500000089406967 0.7587473392486572 0.08500028401613235 0.47576597332954407 0.08400055021047592 0.22017903625965118
4 0.033027295023202896 78.81367492675781 0.04900810867547989 36.608707427978516 0.0820000022649765 0.0 0.03503309562802315 72.2709732055664
2 0.04200834035873413 34.922760009765625 0.06600046902894974 7.182975769042969 0.07100071758031845 3.582502603530884 0.08398095518350601 0.0
2 0.03802195563912392 32.60857009887695 0.08400056511163712 0.3159606456756592 0.047018423676490784 21.45710563659668 0.05800600349903107 9.829924583435059
4 0.07700165361166 2.207181692123413 0.06100919842720032 16.918663024902344 0.031040985137224197 86.89012908935547 0.05300309509038925 29.323650360107422
2 0.06004863232374191 9.22797679901123 0.05700267106294632 11.39889144897461 0.06000283733010292 9.377159118652344 0.03302142024040222 42.910709381103516
2 0.053003594279289246 17.44355583190918 0.04201138764619827 34.60045623779297 0.06600027531385422 7.198999881744385 0.03601476550102234 45.92304229736328
4 0.04302603006362915 46.142330169677734 0.04001978784799576 52.08834457397461 0.07100079208612442 4.517422676086426 0.07000406831502914 5.727931499481201
3 0.07199999690055847 3.7747855186462402 0.05201314389705658 26.41977882385254 0.05800838768482208 18.231658935546875 0.06800080835819244 7.828615188598633
4 0.045029908418655396 44.08580780029297 0.034030091017484665 77.41119384765625 0.048013217747211456 38.49653625488281 0.050010859966278076 33.56709671020508
1 0.06300275772809982 2.7785894870758057 0.04500485956668854 11.410674095153809 0.08000006526708603 0.6908581256866455 0.053000930696725845 6.249826431274414
1 0.055038657039403915 9.726181030273438 0.047988735139369965 12.705747604370117 0.05100502446293831 9.89436149597168 0.07696888595819473 0.35688555240631104
2 0.036961328238248825 40.256378173828125 0.03901239112019539 35.89269256591797 0.038015980273485184 36.436763763427734 0.03301556408405304 45.31254959106445
3 0.03603174909949303 51.162109375 0.05298071727156639 20.77182388305664 0.05800429359078407 14.626440048217773 0.06198432296514511 10.76119613647461
3 0.0330166220664978 56.215538024902344 0.03202870488166809 57.82944869995117 0.053012557327747345 19.12732696533203 0.03303791582584381 56.299930572509766
4 0.0820000022649765 0.8524892330169678 0.06400174647569656 13.28243350982666 0.05101637914776802 33.84546661376953 0.04601763188838959 45.33944320678711
3 0.07199999690055847 3.4762332439422607 0.07300058007240295 2.5850086212158203 0.06604661047458649 7.641697883605957 0.04801049456000328 28.270994186401367
1 0.05700067803263664 5.403513431549072 0.07798300683498383 0.5490666627883911 0.059000350534915924 7.955564022064209 0.030019668862223625 36.245689392089844
4 0.08300414681434631 0.7319212555885315 0.05301088094711304 27.946096420288086 0.06201190501451492 15.415409088134766 0.06700155884027481 9.729103088378906
4 0.06600842624902725 9.003421783447266 0.060002993792295456 17.589378356933594 0.04202013090252876 50.779823303222656 0.04401565343141556 46.39439392089844
3 0.08399999886751175 0.0 0.05199403315782547 25.655986785888672 0.048012372106313705 33.012123107910156 0.05300847068428993 24.044530868530273
3 0.033017877489328384 58.116722106933594 0.05100690573453903 23.607929229736328 0.07800000160932541 1.0503122806549072 0.08100000023841858 0.5538358092308044
4 0.034023452550172806 76.27420043945312 0.05000613257288933 34.87168502807617 0.04701469466090202 41.89297866821289 0.06700100749731064 9.693449020385742
3 0.05300260707736015 22.795312881469727 0.032026320695877075 66.5810775756836 0.06300000846385956 11.508514404296875 0.062006790190935135 12.265412330627441
4 0.0780249685049057 2.4577431678771973 0.048032015562057495 43.254486083984375 0.035040926188230515 82.20907592773438 0.08400136977434158 0.0
2 0.030009357258677483 47.69540786743164 0.08300265669822693 0.3541457951068878 0.05500360205769539 10.850628852844238 0.08100023865699768 0.2474348098039627
2 0.07699999958276749 0.9515989422798157 0.0430481918156147 30.0571231842041 0.037015944719314575 42.36442184448242 0.04501406103372574 27.967126846313477
1 0.07199999690055847 1.359872817993164 0.043032631278038025 21.0570011138916 0.06298533827066422 3.6130166053771973 0.08100053668022156 0.5421559810638428
1 0.05400026962161064 9.021129608154297 0.058000218123197556 5.881752967834473 0.04900394007563591 11.345215797424316 0.05700523033738136 6.243525505065918
1 0.04700063169002533 11.934285163879395 0.07600033283233643 0.64007169008255 0.07800000160932541 0.5044858455657959 0.0820000097155571 0.0
2 0.0420328713953495 33.05376434326172 0.04700936749577522 24.928619384765625 0.04400940611958504 29.118879318237305 0.040014103055000305 35.99641799926758
3 0.03402316942811012 47.811798095703125 0.08399999886751175 0.0 0.047003135085105896 30.68497085571289 0.07100003957748413 4.449309349060059
3 0.0820000022649765 1.0849131345748901 0.06500495970249176 8.311723709106445 0.05000972002744675 23.148094177246094 0.036031078547239304 47.8057746887207
2 0.035017844289541245 36.62495803833008 0.08500000089406967 0.0 0.055012296885252 11.41124439239502 0.034037377685308456 39.35642623901367
3 0.05200287327170372 26.493295669555664 0.06300418823957443 12.57865047454834 0.03103502094745636 75.19210815429688 0.054001957178115845 23.015655517578125
4 0.05302611365914345 29.241544723510742 0.051014047116041183 33.720855712890625 0.07800056785345078 1.4927711486816406 0.03698740154504776 69.381103515625
1 0.0820000022649765 0.0 0.045020464807748795 18.347097396850586 0.04900335147976875 15.106122016906738 0.037987325340509415 26.62210464477539
4 0.06400726735591888 12.082239151000977 0.059007301926612854 19.402612686157227 0.04201112315058708 51.617916107177734 0.04201911762356758 52.34213638305664
2 0.08100000023841858 0.0 0.07400062680244446 1.493674397468567 0.0820000022649765 0.0370401106774807 0.07201261818408966 1.7558842897415161
1 0.0480172224342823 8.820528984069824 0.04300367087125778 12.01950454711914 0.06200283020734787 3.9491288661956787 0.07199999690055847 0.7434024214744568
2 0.07900000363588333 0.9635515809059143 0.06800065189599991 3.451093912124634 0.04801591858267784 20.25333023071289 0.03202587366104126 42.41395950317383
3 0.06900569051504135 4.894399166107178 0.046016719192266464 30.10953712463379 0.06800086051225662 5.490150451660156 0.07100111991167068 3.7883803844451904
1 0.06300056725740433 3.5955541133880615 0.05800062045454979 5.03053092956543 0.08103598654270172 0.0005812855088151991 0.05600070580840111 5.029338359832764
2 0.08399999886751175 0.0 0.04701128602027893 24.050113677978516 0.03904474526643753 35.06915283203125 0.06400001794099808 8.069252967834473
2 0.037007324397563934 32.6573486328125 0.03900950402021408 29.116920471191406 0.08100704848766327 0.4279293417930603 0.037012603133916855 33.306640625
2 0.07400408387184143 1.6900365352630615 0.0730024203658104 1.8208471536636353 0.0370095930993557 34.456565856933594 0.05600379407405853 12.046002388000488
2 0.07100212574005127 3.141812801361084 0.043996039777994156 31.505144119262695 0.03801531344652176 42.593624114990234 0.0540054515004158 17.96924591064453
3 0.07303154468536377 2.3535311222076416 0.052001941949129105 21.16559410095215 0.038014914840459824 43.884220123291016 0.06700091809034348 6.728325366973877
3 0.04801385477185249 27.526161193847656 0.037016917020082474 45.734825134277344 0.03601982444524765 48.164703369140625 0.03201945871114731 57.81251525878906
2 0.03101581148803234 51.9784049987793 0.03402905538678169 45.73110580444336 0.03202437236905098 49.70595169067383 0.036038804799318314 41.94053268432617
1 0.04100839048624039 14.78797721862793 0.08002880215644836 0.26236510276794434 0.031020434573292732 24.44069480895996 0.05100048705935478 7.864899635314941
2 0.06600392609834671 6.050201892852783 0.07599999755620956 1.0724159479141235 0.05400069057941437 12.355841636657715 0.06200558319687843 7.024001598358154
2 0.06197856366634369 9.809325218200684 0.03001653589308262 54.81259536743164 0.03002043068408966 54.432987213134766 0.04001285880804062 35.664642333984375
3 0.055024467408657074 17.44063949584961 0.050008226186037064 21.63785171508789 0.0320202112197876 57.31970977783203 0.0700032040476799 4.138056755065918
3 0.05400093272328377 21.69338607788086 0.03701918572187424 56.53587341308594 0.053006332367658615 23.863279342651367 0.0700012594461441 5.533160209655762
3 0.03401576355099678 50.773338317871094 0.041016995906829834 36.809329986572266 0.03501361981034279 48.7120361328125 0.045010361820459366 30.192344665527344
4 0.07300110161304474 3.3998260498046875 0.08399999886751175 0.8761224746704102 0.08400032669305801 0.6569101810455322 0.08200056850910187 0.4450080394744873
1 0.04401746019721031 16.360992431640625 0.03101380541920662 31.099185943603516 0.07900000363588333 0.03412187471985817 0.04599281772971153 14.98190689086914
4 0.08399999886751175 0.4350011646747589 0.0710047259926796 5.326086044311523 0.05300870165228844 28.42083168029785 0.06500882655382156 11.935105323791504
4 0.06700119376182556 9.786033630371094 0.0810004249215126 0.5217870473861694 0.044018734246492386 47.703041076660156 0.04202134907245636 52.814537048339844
3 0.062007565051317215 10.896163940429688 0.07000196725130081 4.21655797958374 0.05201186612248421 20.878023147583008 0.07999999821186066 0.46139031648635864
3 0.030027862638235092 71.51091003417969 0.06100407987833023 12.724178314208984 0.05000996217131615 26.833736419677734 0.058007679879665375 16.079761505126953
3 0.043022751808166504 36.720706939697266 0.03801794350147247 49.82463836669922 0.08100000023841858 1.4454268217086792 0.06600035727024078 7.441011905670166
2 0.0600004680454731 9.748887062072754 0.06500086188316345 6.624189376831055 0.05895207077264786 11.025571823120117 0.04700653254985809 22.422780990600586
2 0.07502525299787521 1.6364827156066895 0.0560058131814003 10.533037185668945 0.05000349506735802 17.22970199584961 0.05800602212548256 9.838191986083984
1 0.053041789680719376 10.538104057312012 0.05000237375497818 10.495503425598145 0.04100653901696205 17.547805786132812 0.05900433659553528 4.854823112487793
4 0.04103156179189682 60.98219299316406 0.06100234016776085 17.89278221130371 0.08399999886751175 1.2450428009033203 0.08100118488073349 0.9542174935340881
2 0.07000075280666351 3.328669786453247 0.04104787856340408 33.81472396850586 0.03801359608769417 39.05695724487305 0.04001171514391899 36.42036056518555
3 0.05901948735117912 16.501989364624023 0.0540093258023262 23.091941833496094 0.03601783141493797 60.2969856262207 0.052004750818014145 25.601314544677734
4 0.0310289915651083 93.81572723388672 0.03802487626671791 63.84543991088867 0.0720001608133316 4.165855407714844 0.07200154662132263 4.680570125579834
4 0.06800001859664917 8.856276512145996 0.03504404425621033 76.62541961669922 0.047010637819767 43.64983367919922 0.05700531229376793 23.852113723754883
1 0.04101774841547012 15.92385196685791 0.03001178801059723 28.857234954833984 0.0530366525053978 9.610061645507812 0.034971676766872406 23.421295166015625
4 0.06500090658664703 10.681468963623047 0.052013806998729706 28.22624969482422 0.0370345339179039 60.519901275634766 0.08100000023841858 0.48635002970695496
3 0.06100717559456825 13.044209480285645 0.04101391136646271 40.78671646118164 0.04501375928521156 32.75645446777344 0.05900353193283081 13.371840476989746
2 0.055026233196258545 8.188228607177734 0.07400137931108475 1.5891242027282715 0.03301486000418663 37.972042083740234 0.07100000232458115 2.6099514961242676
4 0.07700099050998688 2.101977586746216 0.07000160217285156 5.958374977111816 0.04101650044322014 51.624324798583984 0.03302371874451637 75.03656005859375
3 0.0360298715531826 47.207298278808594 0.07902128994464874 0.6831027865409851 0.08100000023841858 0.46320009231567383 0.048004910349845886 26.04117202758789
2 0.04601066932082176 23.453947067260742 0.06300079822540283 8.171590805053711 0.041008979082107544 31.57331657409668 0.06603280454874039 4.986992359161377
4 0.06300048530101776 15.108884811401367 0.07200324535369873 5.076552867889404 0.05000409483909607 37.33352279663086 0.056011345237493515 25.595014572143555
2 0.06700000166893005 6.475882053375244 0.05500400438904762 15.423377990722656 0.07000496238470078 3.615399122238159 0.06400147825479507 8.322776794433594
2 0.08499481528997421 0.0 0.05400082841515541 13.211586952209473 0.06800317764282227 4.171002388000488 0.06100345402956009 7.849916934967041
2 0.0740014910697937 1.9100531339645386 0.07600028812885284 1.317842721939087 0.06500104069709778 6.821511268615723 0.040005337446928024 33.34590530395508
1 0.08100000023841858 0.15008661150932312 0.07500001043081284 0.6004495024681091 0.05100396275520325 10.156949996948242 0.03501780331134796 22.752737045288086
3 0.0470426045358181 32.59371566772461 0.03502257913351059 58.75828170776367 0.049024589359760284 29.540925979614258 0.06800156831741333 6.400007247924805
1 0.07102424651384354 1.036497712135315 0.07400000095367432 0.9751272201538086 0.06600026041269302 2.1882948875427246 0.05100098252296448 10.869715690612793
2 0.04199141263961792 29.751079559326172 0.07800056785345078 0.6801897287368774 0.053006041795015335 16.15068244934082 0.031017335131764412 50.57933807373047
4 0.03002823144197464 93.46683502197266 0.08299999684095383 0.3308497369289398 0.051003169268369675 33.93609619140625 0.06901175528764725 7.7015886306762695
3 0.04801607131958008 29.943084716796875 0.08397433906793594 1.351496696472168 0.05601128935813904 18.16684913635254 0.04601491615176201 33.682796478271484
3 0.060001712292432785 11.949790954589844 0.07800082117319107 1.2210867404937744 0.06600088626146317 7.394172191619873 0.03802239149808884 44.863075256347656
1 0.06095336005091667 5.596019268035889 0.03701326623558998 23.289522171020508 0.07300051301717758 1.0191588401794434 0.05300368741154671 10.799946784973145
3 0.04201151430606842 39.87863540649414 0.0729999989271164 2.679965019226074 0.06700090318918228 7.0519609451293945 0.06900082528591156 5.542721748352051
2 0.036026258021593094 39.14834976196289 0.06499999761581421 7.356997966766357 0.07000070065259933 3.3070147037506104 0.048043567687273026 22.164461135864258
2 0.08399999886751175 0.0 0.056004252284765244 14.733489036560059 0.038008712232112885 41.53861999511719 0.06700000166893005 6.574652194976807
3 0.06900007277727127 5.176726818084717 0.06000218167901039 13.745514869689941 0.03301544860005379 61.0989875793457 0.06300001591444016 10.943982124328613
4 0.036037348210811615 69.94750213623047 0.06597411632537842 11.039191246032715 0.07400208711624146 3.3644628524780273 0.05401325970888138 25.913949966430664
1 0.05400172993540764 7.677177429199219 0.061000000685453415 3.87166166305542 0.04700539633631706 11.645990371704102 0.05900992453098297 5.650088310241699
4 0.04002031683921814 61.465755462646484 0.07000237703323364 6.975452423095703 0.042971186339855194 52.59515380859375 0.047047484666109085 40.36442947387695
1 0.07999999821186066 0.33607909083366394 0.048960234969854355 9.372318267822266 0.04000737890601158 18.44344711303711 0.06800000369548798 0.0
2 0.06200104579329491 7.915549278259277 0.044008705765008926 24.777603149414062 0.06900050491094589 2.8069496154785156 0.06900104135274887 3.419527053833008
2 0.04101615399122238 33.349586486816406 0.03601831942796707 42.872093200683594 0.059001464396715164 12.054682731628418 0.036014098674058914 42.60514831542969
4 0.052016764879226685 33.48820114135742 0.06500138342380524 12.792869567871094 0.02997598983347416 96.0616226196289 0.03304264321923256 86.05249786376953
4 0.06900008767843246 7.071930885314941 0.05800214037299156 18.75845718383789 0.04600856080651283 38.37659454345703 0.07800006866455078 1.3085212707519531
3 0.04501764103770256 39.005741119384766 0.03802001103758812 54.82025146484375 0.0660010352730751 8.649673461914062 0.060002099722623825 15.596085548400879
1 0.043005991727113724 13.234150886535645 0.04400230571627617 13.034109115600586 0.04900316894054413 10.029133796691895 0.0680001750588417 2.234189510345459
4 0.07700102776288986 2.0966410636901855 0.06200166791677475 14.370259284973145 0.03702632337808609 62.983219146728516 0.07500000298023224 2.806887149810791
4 0.06201046705245972 16.056716918945312 0.05101414769887924 34.25288391113281 0.08001256734132767 2.4626283645629883 0.031034009531140327 88.20965576171875
4 0.035028256475925446 67.6273193359375 0.038021620362997055 58.653926849365234 0.04204689338803291 48.21036148071289 0.03301146253943443 72.67951202392578
3 0.066006138920784 6.743354797363281 0.06700070202350616 6.221034526824951 0.041012976318597794 37.8642578125 0.04101402312517166 37.59513473510742
4 0.044961877167224884 42.81624984741211 0.04901505261659622 33.794803619384766 0.07900000363588333 1.039747714996338 0.07300134748220444 3.462536573410034
4 0.07800000160932541 1.9343796968460083 0.062005408108234406 13.680435180664062 0.03503752872347832 67.96548461914062 0.05601980909705162 21.890453338623047
1 0.04800081625580788 11.826756477355957 0.06200484186410904 4.144503593444824 0.05898166820406914 6.5983662605285645 0.04300983250141144 17.997072219848633
1 0.03601723909378052 24.821321487426758 0.06700025498867035 3.695953369140625 0.07000000029802322 1.5588045120239258 0.04700866714119911 13.579870223999023
3 0.07400544732809067 2.4786648750305176 0.08000034093856812 1.232806921005249 0.055001772940158844 19.632020950317383 0.04300922527909279 40.83536911010742
3 0.033028747886419296 55.099849700927734 0.08500029146671295 0.6037285327911377 0.06297092139720917 10.811229705810547 0.0830046683549881 0.9455485939979553
1 0.036017436534166336 15.100448608398438 0.08299999684095383 0.0 0.04100089520215988 13.528528213500977 0.042002514004707336 12.303568840026855
2 0.06903398782014847 4.26019811630249 0.07100048661231995 2.9986958503723145 0.0510094054043293 18.75260353088379 0.04001060128211975 35.301231384277344
3 0.04401928558945656 38.60983657836914 0.032029636204242706 66.61111450195312 0.06200116127729416 12.188863754272461 0.0820009708404541 0.5268241763114929
1 0.04100431874394417 19.9503231048584 0.06400221586227417 4.453399658203125 0.0640016496181488 4.098386287689209 0.07600013166666031 0.970331072807312
2 0.05401981621980667 16.089338302612305 0.08000997453927994 1.039539098739624 0.06900079548358917 4.808434963226318 0.03800785914063454 41.949790954589844
4 0.06900046765804291 7.115297794342041 0.08299999684095383 1.3119208812713623 0.04501040652394295 41.946380615234375 0.0530141219496727 26.886253356933594
3 0.05702361837029457 15.73617172241211 0.05700582638382912 17.02451515197754 0.05500888451933861 19.473941802978516 0.054009806364774704 20.698915481567383
4 0.07700128108263016 2.1231918334960938 0.08300001174211502 1.1059149503707886 0.06300806999206543 15.60114860534668 0.03802270069718361 69.66998291015625
2 0.07599999755620956 1.5040415525436401 0.057011157274246216 11.044355392456055 0.06700024008750916 3.98987078666687 0.07400000095367432 1.3275090456008911
2 0.04200870171189308 24.989761352539062 0.03400927782058716 35.3173942565918 0.06200108677148819 6.406574726104736 0.048001911491155624 18.508140563964844
2 0.039012446999549866 38.0278434753418 0.04604184627532959 26.608247756958008 0.06100587174296379 9.787029266357422 0.06400132924318314 7.800441265106201
3 0.06400007754564285 11.904152870178223 0.08300071209669113 0.0 0.06600886583328247 8.728121757507324 0.07800115644931793 1.5467684268951416
3 0.04904813691973686 25.807357788085938 0.06600072234869003 7.4502787590026855 0.051010072231292725 23.803333282470703 0.04500945284962654 33.73633575439453
4 0.05902017652988434 18.603683471679688 0.047007858753204346 38.41801071166992 0.04201990365982056 49.99893569946289 0.03103998675942421 83.50440979003906
2 0.06099534034729004 7.011219501495361 0.05799177661538124 8.792226791381836 0.06600159406661987 4.549806118011475 0.06500394642353058 5.157711505889893
3 0.044019006192684174 33.30046463012695 0.0730230063199997 2.654757022857666 0.05900479108095169 13.457629203796387 0.034032393246889114 53.02315139770508
1 0.06600172072649002 2.5887038707733154 0.07100000232458115 1.3400777578353882 0.07900000363588333 0.24013535678386688 0.0730002224445343 0.7435382008552551
2 0.065000019967556 7.886345386505127 0.05700651928782463 13.43156909942627 0.08101160079240799 0.7314059734344482 0.05100982263684273 20.542823791503906
2 0.08104109764099121 0.6481094360351562 0.0720001682639122 2.5562446117401123 0.08299999684095383 0.0 0.03301580995321274 44.48274612426758
1 0.0690026730298996 2.1691105365753174 0.0579877644777298 7.286118507385254 0.06800000369548798 2.200334072113037 0.04600148648023605 12.119100570678711
4 0.05602119490504265 20.88944435119629 0.03102874755859375 76.76786041259766 0.054002150893211365 23.574291229248047 0.05201169475913048 27.254329681396484
2 0.041008252650499344 34.14296340942383 0.031026320531964302 0.0 0.05100411921739578 20.678913116455078 0.0709691271185875 3.0304982662200928
4 0.038023095577955246 67.6850814819336 0.031040865927934647 92.60819244384766 0.08100468665361404 0.6864180564880371 0.08100025355815887 1.6201117038726807
1 0.05100080743432045 10.316532135009766 0.055001094937324524 7.815404891967773 0.057000450789928436 7.193637847900391 0.043001439422369 16.62541389465332
3 0.07100291550159454 4.8427019119262695 0.07200071960687637 3.577862024307251 0.044016387313604355 38.48699951171875 0.0820000022649765 0.0
4 0.07199999690055847 5.1263813972473145 0.05701127275824547 23.528520584106445 0.06600891798734665 11.400814056396484 0.0490093007683754 38.62892150878906
1 0.047040507197380066 8.912081718444824 0.07699999958276749 0.1663932204246521 0.03401278331875801 19.931386947631836 0.04500703886151314 11.230283737182617
3 0.05901428684592247 16.776145935058594 0.033022716641426086 70.92739868164062 0.06400259584188461 11.590520858764648 0.05500563979148865 22.633481979370117
1 0.08100000023841858 0.27461594343185425 0.0670003890991211 1.7616277933120728 0.08199606835842133 0.0 0.046006232500076294 11.320564270019531
1 0.04400617629289627 15.967510223388672 0.0600004643201828 5.974276065826416 0.05600080266594887 6.887312412261963 0.05700034648180008 6.657319068908691
2 0.03602631762623787 38.92572784423828 0.08200006932020187 0.20737111568450928 0.04900864139199257 20.122285842895508 0.035006728023290634 41.525535583496094
1 0.03804457560181618 20.560039520263672 0.06100761517882347 5.587038993835449 0.045004185289144516 12.694672584533691 0.044007040560245514 14.418338775634766
1 0.08300403505563736 0.6953509449958801 0.04700329154729843 17.372798919677734 0.07300002872943878 1.2194610834121704 0.07599999755620956 0.9429965615272522
2 0.059000879526138306 10.130044937133789 0.041016336530447006 31.342117309570312 0.03201450780034065 46.255062103271484 0.06800448894500732 4.976914405822754
2 0.038018785417079926 31.710336685180664 0.03701431676745415 33.690467834472656 0.04001261666417122 28.878822326660156 0.07098757475614548 3.028717517852783
1 0.07500089704990387 0.4375092387199402 0.048006750643253326 13.36237621307373 0.03903217613697052 20.620731353759766 0.06600015610456467 4.187955379486084
2 0.07999999821186066 0.2848271131515503 0.0820000022649765 0.04435868561267853 0.06700048595666885 5.236588478088379 0.0820000171661377 0.4977397620677948
3 0.06900454312562943 5.396344184875488 0.055001989006996155 19.32659149169922 0.0450153574347496 34.698081970214844 0.08400082588195801 1.2683193683624268
1 0.07400039583444595 0.7638756632804871 0.04500924050807953 13.977046012878418 0.0729999989271164 0.8540968894958496 0.04801522567868233 14.136017799377441
1 0.05502717196941376 10.485208511352539 0.033009905368089676 30.704721450805664 0.05400139465928078 8.718221664428711 0.04600820317864418 16.132204055786133
1 0.0700003132224083 1.5612112283706665 0.07800000160932541 0.6344265937805176 0.045016173273324966 15.169108390808105 0.06900366395711899 2.192439317703247
1 0.06800036877393723 1.0375126600265503 0.05199910327792168 8.4461030960083 0.06800000369548798 1.3073208332061768 0.05900026857852936 4.349508762359619
2 0.08500000089406967 0.0 0.0770164504647255 1.2018094062805176 0.04502344876527786 24.061044692993164 0.0729999989271164 2.1978979110717773
3 0.046963490545749664 29.751489639282227 0.03002706728875637 66.80230712890625 0.035021450370550156 53.41641616821289 0.05500326678156853 19.096160888671875
4 0.03402663767337799 82.93621826171875 0.052003100514411926 33.38347244262695 0.07001123577356339 7.217403411865234 0.04602128639817238 47.606849670410156
4 0.08399999886751175 0.9160783290863037 0.07700134068727493 2.2515501976013184 0.058005474507808685 21.801822662353516 0.061007145792245865 17.69392204284668
4 0.08000002801418304 1.408853530883789 0.07400090992450714 3.09360933303833 0.07096736133098602 5.562284469604492 0.06300752609968185 13.982069969177246
2 0.04201660305261612 34.76933670043945 0.059008315205574036 11.826196670532227 0.07600133121013641 1.7010645866394043 0.03002648614346981 60.5134162902832
4 0.051026299595832825 35.02070236206055 0.08001293987035751 2.3242886066436768 0.06700636446475983 10.720081329345703 0.08200088143348694 0.3755641579627991
1 0.06400033086538315 4.948246955871582 0.06797369569540024 2.4060168266296387 0.05800309777259827 6.0383453369140625 0.033021580427885056 27.002567291259766
2 0.04101147502660751 37.33845520019531 0.03103792667388916 58.82838439941406 0.03701743483543396 45.005619049072266 0.08100000023841858 0.0
3 0.0440157875418663 37.615997314453125 0.07600000500679016 1.6916263103485107 0.0740010067820549 2.578150749206543 0.0410117581486702 45.02375411987305
3 0.06297725439071655 12.067255020141602 0.06300447136163712 12.375728607177734 0.05101140961050987 27.8817138671875 0.06100143492221832 14.263771057128906
2 0.044005125761032104 28.356544494628906 0.07097669690847397 2.7706127166748047 0.05100863799452782 18.62273406982422 0.07600037753582001 1.427280068397522
1 0.06303054839372635 2.7516980171203613 0.08299999684095383 0.0 0.05300063639879227 9.875405311584473 0.06100233644247055 4.910306930541992
3 0.0470268614590168 32.41320037841797 0.05200799182057381 23.95698356628418 0.03501936048269272 59.937076568603516 0.0760020911693573 2.1240782737731934
1 0.03301447629928589 25.999231338500977 0.07900000363588333 0.0 0.07900000363588333 0.24903082847595215 0.06100569665431976 4.123810291290283
2 0.08100933581590652 0.22500963509082794 0.06900022178888321 3.302198648452759 0.07000037282705307 2.9653146266937256 0.08399999886751175 0.0
4 0.044997330754995346 41.13637924194336 0.07800000160932541 2.2683486938476562 0.045016366988420486 40.60081100463867 0.06800074875354767 7.782039642333984
4 0.07900096476078033 2.401700973510742 0.04803275316953659 40.32723617553711 0.04102198779582977 58.18773651123047 0.06600039452314377 10.886754989624023
4 0.07502590119838715 3.269582986831665 0.06900141388177872 8.432037353515625 0.05202805623412132 32.918331146240234 0.03403009846806526 85.0395278930664
2 0.054021723568439484 15.732107162475586 0.07200118899345398 2.0514864921569824 0.07200075685977936 2.114367723464966 0.08299999684095383 0.0
3 0.08100142329931259 0.6040102243423462 0.06500406563282013 9.431876182556152 0.048009056597948074 31.037429809570312 0.04101608693599701 44.34267807006836
4 0.04601510614156723 46.68769073486328 0.07402542233467102 3.8100619316101074 0.05502564087510109 27.363420486450195 0.035991594195365906 77.94132995605469
3 0.03701932728290558 49.64133071899414 0.08100000023841858 0.38157281279563904 0.05800670012831688 14.705533981323242 0.06900777667760849 5.529235363006592
1 0.0300150066614151 19.15860366821289 0.03300868719816208 19.26317596435547 0.042006466537714005 12.776871681213379 0.0640001893043518 3.1706912517547607
4 0.06800001114606857 8.909391403198242 0.03603612259030342 71.14002227783203 0.06899765878915787 7.213460922241211 0.03802243992686272 65.02298736572266
1 0.05700010806322098 4.235318183898926 0.05999999865889549 3.261233329772949 0.032006844878196716 19.86183738708496 0.04800093546509743 9.606231689453125
4 0.055022429674863815 24.76556396484375 0.08100038766860962 2.126528024673462 0.03504468873143196 74.7459487915039 0.059010881930589676 19.74123764038086
1 0.04100468382239342 13.868751525878906 0.03200472518801689 22.321964263916016 0.03300586715340614 21.04008674621582 0.05000130087137222 8.214967727661133
4 0.07900108397006989 2.509694814682007 0.062008023262023926 16.99362564086914 0.043033286929130554 56.00044631958008 0.06601760536432266 11.973767280578613
1 0.030010325834155083 27.880537033081055 0.04200771823525429 14.916576385498047 0.07000000029802322 0.8696830868721008 0.07199999690055847 1.1260427236557007
4 0.052007682621479034 32.549644470214844 0.06500131636857986 12.205761909484863 0.06300725787878036 15.299614906311035 0.08200112730264664 1.2981401681900024
4 0.0620003417134285 14.7723388671875 0.0440121628344059 48.396785736083984 0.07804035395383835 1.3924602270126343 0.032033033668994904 79.82046508789062
1 0.044010426849126816 18.553733825683594 0.07300005108118057 1.4094539880752563 0.06000347435474396 8.136387825012207 0.0729803815484047 1.3059055805206299
2 0.030018411576747894 58.74448013305664 0.053033873438835144 18.566516876220703 0.033042605966329575 53.67841339111328 0.06200078874826431 8.232416152954102
2 0.07502533495426178 1.7072046995162964 0.04802132025361061 20.6751651763916 0.07599999755620956 0.7648850679397583 0.06500093638896942 6.08714485168457
3 0.05703481286764145 15.475234031677246 0.07204147428274155 2.8667731285095215 0.030030952766537666 62.943603515625 0.057000163942575455 15.166413307189941
1 0.0500049814581871 9.695636749267578 0.036006949841976166 20.78122901916504 0.0320080891251564 25.222620010375977 0.032009340822696686 24.798507690429688
2 0.0820000022649765 0.5573781132698059 0.08299999684095383 0.0 0.04202102869749069 29.082487106323242 0.0380142405629158 35.95966720581055
2 0.07000028342008591 2.8687198162078857 0.04500308632850647 23.461355209350586 0.07400021702051163 1.492240071296692 0.047007087618112564 21.20235252380371
3 0.07199999690055847 3.1377346515655518 0.03302164375782013 53.61038589477539 0.06800077110528946 6.047036647796631 0.05100220814347267 22.2155704498291
1 0.0650004968047142 2.241320848464966 0.06000050529837608 5.186539649963379 0.06500045955181122 3.3366479873657227 0.06800000369548798 2.239267349243164
4 0.07900523394346237 1.9695203304290771 0.06800120323896408 8.227309226989746 0.058009855449199677 20.178607940673828 0.07900058478116989 1.894596815109253
1 0.05102849006652832 9.53853988647461 0.08399999886751175 0.0 0.07100152969360352 2.038076400756836 0.049001045525074005 10.318608283996582
4 0.041020072996616364 54.84734344482422 0.0830056369304657 0.0 0.042021673172712326 51.66739273071289 0.0670066550374031 9.450480461120605
4 0.038025353103876114 61.343021392822266 0.07800204306840897 1.902141809463501 0.0320257693529129 65.86388397216797 0.07700002193450928 2.525547742843628
1 0.07900000363588333 0.046283699572086334 0.08500000089406967 0.0 0.033007990568876266 26.49262046813965 0.06700000166893005 1.6995936632156372
4 0.0440203882753849 45.04348373413086 0.04801629111170769 36.3776741027832 0.039020273834466934 58.28260040283203 0.07999999821186066 0.8057301640510559
3 0.05302954092621803 26.052207946777344 0.04601353779435158 37.80879211425781 0.05600447580218315 20.780494689941406 0.07500097155570984 2.492393732070923
1 0.07800000160932541 1.0865474939346313 0.040011949837207794 24.030780792236328 0.08000024408102036 0.8242563605308533 0.07600069791078568 0.9033399224281311
2 0.07502501457929611 1.4692792892456055 0.08100000023841858 0.14247848093509674 0.08100005239248276 0.18534570932388306 0.032016076147556305 37.18018341064453
1 0.04903595149517059 11.504321098327637 0.03900694102048874 18.721954345703125 0.0700000748038292 1.070775032043457 0.03001544252038002 27.14171600341797
2 0.07100119441747665 1.8010318279266357 0.03203548863530159 40.94942855834961 0.04500614479184151 20.713380813598633 0.055972274392843246 10.790186882019043
2 0.049045149236917496 19.595197677612305 0.04500925540924072 24.62689971923828 0.0689999982714653 2.819723606109619 0.05500411242246628 12.723221778869629
2 0.05600593984127045 14.429162979125977 0.038007140159606934 41.626766204833984 0.03601855784654617 45.42731475830078 0.06000135838985443 9.70943546295166
1 0.07699999958276749 0.184144526720047 0.07500030845403671 0.8053336143493652 0.07195033133029938 0.9492362141609192 0.06500087678432465 2.7902958393096924
1 0.04600328579545021 18.242332458496094 0.051004558801651 12.694268226623535 0.06600400060415268 3.513806104660034 0.0729999989271164 1.3233304023742676
3 0.07199999690055847 3.689760208129883 0.04303385317325592 42.56614685058594 0.030024871230125427 76.5977554321289 0.031025586649775505 75.54307556152344
1 0.052004143595695496 12.459826469421387 0.04399589076638222 18.237323760986328 0.03200811520218849 33.971214294433594 0.051005519926548004 11.63807201385498
1 0.0399944931268692 25.07491683959961 0.076003298163414 0.9516770839691162 0.037016045302152634 28.96639633178711 0.07699999958276749 1.2071164846420288
2 0.04101046919822693 30.716550827026367 0.07698934525251389 1.0730420351028442 0.04400801658630371 26.448772430419922 0.06901606917381287 4.532891750335693
1 0.07000001519918442 2.462970018386841 0.06200173497200012 5.961755752563477 0.08400048315525055 0.0 0.03902161866426468 23.086938858032227
4 0.042023997753858566 58.8736686706543 0.03302692621946335 89.2508773803711 0.04401590675115585 53.3177490234375 0.07600431889295578 2.656733512878418
4 0.04402223601937294 43.39937973022461 0.08296762406826019 0.0 0.048007719218730927 34.584720611572266 0.07999999821186066 0.7882199883460999
4 0.05101102218031883 28.283283233642578 0.08301190286874771 0.21582640707492828 0.046016573905944824 39.128021240234375 0.037017401307821274 62.64216613769531
3 0.08197246491909027 1.2789469957351685 0.07200327515602112 3.348461151123047 0.04501133784651756 34.998252868652344 0.07699999958276749 1.3993996381759644
1 0.05200858414173126 10.40064811706543 0.04400458559393883 18.115217208862305 0.042008962482213974 20.253034591674805 0.074989914894104 0.881476104259491
4 0.041013527661561966 51.75703811645508 0.05900188907980919 17.516279220581055 0.04400859400629997 45.039249420166016 0.06301230937242508 12.817547798156738
2 0.05897977203130722 11.109630584716797 0.08500000089406967 0.0 0.0680069774389267 5.174406051635742 0.0460040420293808 22.11443328857422
3 0.06795921176671982 5.499302864074707 0.0800008624792099 0.6866334080696106 0.06301109492778778 10.883162498474121 0.03903106227517128 47.90781784057617
2 0.030015800148248672 54.305511474609375 0.05800805985927582 11.609721183776855 0.06600543856620789 5.763688087463379 0.062001824378967285 9.37791633605957
1 0.058004818856716156 5.619959831237793 0.07400000095367432 0.6400573253631592 0.0690009668469429 1.5357184410095215 0.07300010323524475 0.6990575790405273
1 0.03800711780786514 14.461610794067383 0.08400177955627441 0.0 0.046006131917238235 10.343758583068848 0.0380067303776741 15.806949615478516
3 0.07800505310297012 0.8576533794403076 0.07200112193822861 3.118328332901001 0.054002389311790466 18.642831802368164 0.036017898470163345 49.10715103149414
4 0.035027872771024704 72.57386779785156 0.04801436513662338 38.55974197387695 0.05601249262690544 23.8315372467041 0.030036449432373047 88.38945770263672
1 0.0450105145573616 18.5223445892334 0.07996554672718048 0.5060733556747437 0.03601296991109848 27.93906593322754 0.04697106033563614 15.899420738220215
3 0.06402499228715897 9.728772163391113 0.03003038465976715 65.54286193847656 0.06202630698680878 10.667970657348633 0.06800422817468643 6.217677116394043
4 0.07300053536891937 3.2719247341156006 0.06400170922279358 11.790525436401367 0.07000000029802322 5.83611536026001 0.06900458037853241 6.857799530029297
4 0.04699190333485603 40.66850280761719 0.0390356183052063 61.41513442993164 0.0420190766453743 53.34672164916992 0.03602205589413643 70.64020538330078
3 0.05000801011919975 27.999330520629883 0.06000138074159622 14.945176124572754 0.031031610444188118 70.68429565429688 0.06101932004094124 12.896516799926758
4 0.04001985117793083 54.29245376586914 0.05401250347495079 24.911785125732422 0.04001365974545479 54.25566101074219 0.0420168861746788 49.24125671386719
2 0.041016824543476105 28.527605056762695 0.046007607132196426 21.447097778320312 0.08399999886751175 0.7103660702705383 0.051010143011808395 15.27275562286377
1 0.06095152720808983 3.677452564239502 0.057978492230176926 4.646091938018799 0.08103632926940918 0.013473575003445148 0.06601493805646896 1.5371476411819458
4 0.06898462027311325 7.276885032653809 0.07600084692239761 2.5240142345428467 0.06102345138788223 15.288025856018066 0.05200907215476036 29.064414978027344
4 0.044033076614141464 52.07264709472656 0.054007984697818756 30.252065658569336 0.053013868629932404 31.556825637817383 0.0620419904589653 16.82537269592285
1 0.043011680245399475 16.5116024017334 0.07500409334897995 0.7337790727615356 0.06300034373998642 5.6111531257629395 0.03100920468568802 32.30311584472656
3 0.05300254747271538 22.980636596679688 0.05400574579834938 21.05192756652832 0.046022843569517136 33.842628479003906 0.0580114908516407 15.724629402160645
1 0.07502496987581253 1.4236136674880981 0.06100129336118698 6.934240341186523 0.06700170040130615 3.813148021697998 0.08100000023841858 0.30176520347595215
4 0.07599999755620956 2.988269805908203 0.042016126215457916 56.11117935180664 0.07400016486644745 3.375379800796509 0.0790005624294281 1.8197593688964844
4 0.04304113984107971 52.96615982055664 0.058006104081869125 21.722763061523438 0.03404770419001579 79.84830474853516 0.03702705726027489 70.54547119140625
3 0.08000000566244125 1.7254853248596191 0.07900101691484451 1.1750624179840088 0.058013226836919785 16.57526969909668 0.050007183104753494 28.302391052246094
3 0.060002896934747696 12.653995513916016 0.06700124591588974 6.526032447814941 0.046032484620809555 31.168994903564453 0.07596288621425629 1.9271464347839355
2 0.03502047061920166 42.950286865234375 0.04101353883743286 32.58967971801758 0.055005837231874466 14.295467376708984 0.08100088685750961 0.09500881284475327
2 0.044028885662555695 30.064504623413086 0.06901706755161285 3.8200111389160156 0.08500000089406967 0.0 0.05002181604504585 20.230741500854492
3 0.07800000160932541 1.6041291952133179 0.06000136584043503 15.576102256774902 0.03895541653037071 54.31241226196289 0.0600123405456543 15.182494163513184
3 0.06800000369548798 6.671131134033203 0.04903269559144974 30.81220817565918 0.05300924926996231 23.09701156616211 0.06700129061937332 7.661584377288818
3 0.05600437521934509 18.878345489501953 0.04400711879134178 37.31743621826172 0.037019699811935425 53.964378356933594 0.07599999755620956 2.0215132236480713
2 0.06197856366634369 9.809325218200684 0.06200363487005234 9.263127326965332 0.032016754150390625 51.1695556640625 0.08003102988004684 0.7828716039657593
1 0.04601551219820976 16.847789764404297 0.032013677060604095 31.69024085998535 0.03800768777728081 24.803916931152344 0.08299999684095383 0.0
3 0.07400033622980118 2.172919750213623 0.055010199546813965 17.715070724487305 0.05500655993819237 17.687477111816406 0.08100000023841858 0.7848636507987976
3 0.07300056517124176 2.6506946086883545 0.03202025219798088 59.65966033935547 0.03501887246966362 52.812068939208984 0.06601821631193161 8.435754776000977
3 0.038028303533792496 48.98548889160156 0.05300679802894592 22.325550079345703 0.07002463191747665 4.797609806060791 0.06800398230552673 6.741826057434082
4 0.08100101351737976 0.6615894436836243 0.07800094038248062 1.803486943244934 0.06000185385346413 17.443796157836914 0.05500999465584755 25.59476661682129
1 0.07800000160932541 0.0 0.03998507559299469 15.278447151184082 0.0729999989271164 1.843576192855835 0.04500158503651619 10.363919258117676
3 0.03802887350320816 48.37108612060547 0.03401987627148628 57.31392288208008 0.03501835837960243 55.12543869018555 0.062019262462854385 11.387711524963379
1 0.07400235533714294 0.8429116010665894 0.03201376274228096 32.68209457397461 0.07000000029802322 3.28627872467041 0.07699999958276749 0.7319066524505615
3 0.035015325993299484 55.58480453491211 0.05400252342224121 20.94752311706543 0.05400775745511055 20.573942184448242 0.08100000023841858 1.1731493473052979
4 0.07800000160932541 1.9902464151382446 0.03602248802781105 65.78531646728516 0.046014606952667236 40.50539779663086 0.06500279903411865 10.964855194091797
4 0.07199999690055847 4.544918537139893 0.05500299483537674 24.63252830505371 0.0820000022649765 1.3333053588867188 0.06800985336303711 8.287303924560547
1 0.08204235136508942 0.2493421733379364 0.03600691258907318 16.592309951782227 0.07700399309396744 0.5791688561439514 0.043012574315071106 13.139461517333984
1 0.07500087469816208 0.3780539631843567 0.05400568246841431 8.902742385864258 0.0820000022649765 0.0 0.07900000363588333 0.28928834199905396
4 0.06700138002634048 9.839166641235352 0.07999999821186066 1.2090082168579102 0.07500073313713074 2.973775625228882 0.04602433741092682 42.151729583740234
2 0.03102503903210163 40.96997833251953 0.052005965262651443 14.107705116271973 0.06001903861761093 8.608759880065918 0.05500396713614464 11.7453031539917
4 0.08500000089406967 0.6109433770179749 0.04800517484545708 37.763816833496094 0.03503590077161789 73.14756774902344 0.06400161236524582 12.738374710083008
1 0.08399999886751175 0.3853527307510376 0.0580005943775177 7.5549774169921875 0.08500000089406967 0.0 0.0410105362534523 20.7342529296875
1 0.03700637072324753 20.604801177978516 0.07699999958276749 0.08471899479627609 0.07700002938508987 0.23552067577838898 0.043033670634031296 12.429637908935547
2 0.08399999886751175 0.0 0.03301543369889259 46.96665954589844 0.06100563332438469 8.406057357788086 0.06800086796283722 4.993273735046387
2 0.03397040069103241 38.11530303955078 0.07703061401844025 0.8354231715202332 0.06700289249420166 5.0000176429748535 0.07600002735853195 1.1037142276763916
4 0.0480155386030674 39.88565444946289 0.08399999886751175 2.178032159805298 0.06102275475859642 17.376256942749023 0.060009051114320755 18.793804168701172
3 0.06400033086538315 12.1771879196167 0.03603474795818329 61.91897964477539 0.07600109279155731 2.4075257778167725 0.0570141039788723 19.201065063476562
1 0.07698933035135269 0.06622330099344254 0.05400058627128601 7.40168571472168 0.05200447514653206 7.588572025299072 0.07600003480911255 0.7103760242462158
2 0.03801152482628822 39.52073287963867 0.07400000095367432 1.7057536840438843 0.06600251793861389 6.643966197967529 0.042022954672575 31.122589111328125
3 0.031020082533359528 54.03091049194336 0.07703129202127457 1.3164246082305908 0.06300656497478485 10.758951187133789 0.06900346279144287 5.6345133781433105
4 0.08096104115247726 0.5946574211120605 0.044028379023075104 51.80085372924805 0.031030777841806412 92.96487426757812 0.05402708426117897 28.543134689331055
4 0.07700097560882568 2.182110071182251 0.07800034433603287 1.759259819984436 0.05000798776745796 32.205570220947266 0.04601581394672394 40.1398811340332
3 0.0520034059882164 20.794336318969727 0.03701268881559372 45.82202911376953 0.07700135558843613 1.4319074153900146 0.05900074914097786 12.102700233459473
2 0.058020446449518204 13.992217063903809 0.04102683067321777 34.148372650146484 0.07200542092323303 2.7168378829956055 0.05200934037566185 17.7603702545166
1 0.07699999958276749 1.2347897291183472 0.04900841787457466 14.191350936889648 0.08299999684095383 0.0 0.05402863025665283 9.924090385437012
4 0.03302238509058952 80.39096069335938 0.06801380962133408 8.084661483764648 0.05000745877623558 34.257869720458984 0.056009430438280106 23.796918869018555
3 0.031027309596538544 82.98944854736328 0.043012406677007675 43.57273864746094 0.07999999821186066 1.5783551931381226 0.05500229448080063 20.95438003540039
2 0.08100049197673798 1.0022449493408203 0.07900065183639526 0.5437490344047546 0.05600789934396744 13.936989784240723 0.06100110337138176 9.624262809753418
1 0.06800026446580887 1.6863882541656494 0.044012606143951416 15.614619255065918 0.07000050693750381 1.246787667274475 0.031023381277918816 27.739727020263672
2 0.03701949864625931 42.70071029663086 0.03601854294538498 45.457550048828125 0.051004912704229355 20.09131622314453 0.04601025953888893 27.723363876342773
2 0.0480109304189682 24.861202239990234 0.0460122711956501 28.311180114746094 0.07700186222791672 1.2266767024993896 0.03002951480448246 60.10116195678711
4 0.07599999755620956 2.64976167678833 0.034959577023983 69.44364166259766 0.055006243288517 24.152130126953125 0.07400154322385788 3.214993715286255
2 0.0729999989271164 2.034914255142212 0.05200766399502754 15.55455493927002 0.0790003091096878 0.7827479839324951 0.07900028675794601 0.5923129916191101
3 0.06501457095146179 9.22714614868164 0.050015296787023544 28.568754196166992 0.06900133937597275 5.838084697723389 0.042021360248327255 43.100460052490234
2 0.037019819021224976 43.51555252075195 0.047007326036691666 26.557147979736328 0.08100058883428574 1.2025651931762695 0.057005804032087326 13.76211929321289
2 0.06700000166893005 6.382898330688477 0.06900057941675186 4.329189300537109 0.05698440968990326 13.062336921691895 0.046007536351680756 25.25470542907715
4 0.06200148165225983 14.618544578552246 0.08100104331970215 1.2844879627227783 0.04401580989360809 47.21553039550781 0.03602081164717674 69.41834259033203
1 0.05600012466311455 9.109884262084961 0.06400414556264877 5.041365146636963 0.039005570113658905 25.058231353759766 0.06700000166893005 3.1775248050689697
3 0.03603256866335869 53.01145935058594 0.08500019460916519 0.7099928855895996 0.07000017166137695 4.384370803833008 0.06200244277715683 11.807953834533691
3 0.03202221170067787 55.31494903564453 0.0670124962925911 6.055574417114258 0.06200369819998741 10.83213996887207 0.05201004818081856 20.718868255615234
2 0.0310209933668375 40.47414779663086 0.045008014887571335 24.96261978149414 0.07400025427341461 1.5242338180541992 0.04702696576714516 21.448089599609375
2 0.038010288029909134 40.695884704589844 0.0700029656291008 4.129702091217041 0.08298081159591675 0.0 0.04403930902481079 28.534549713134766
3 0.05300593376159668 21.686403274536133 0.035014525055885315 56.987571716308594 0.05900223180651665 15.601812362670898 0.04401222616434097 37.587493896484375
4 0.038023918867111206 68.45645141601562 0.03301028534770012 80.9665298461914 0.054000552743673325 29.362783432006836 0.06301175057888031 15.033388137817383
4 0.061009325087070465 13.597940444946289 0.07200730592012405 4.278956890106201 0.04802004620432854 34.0057487487793 0.044017549604177475 43.61930465698242
2 0.05200570076704025 17.40205955505371 0.03801568225026131 38.20850372314453 0.06200084090232849 9.004997253417969 0.06400073319673538 7.589479923248291
3 0.06000010296702385 15.418166160583496 0.041015129536390305 47.9578742980957 0.031014585867524147 74.12935638427734 0.06600433588027954 9.124752044677734
2 0.07400308549404144 1.597481369972229 0.073000967502594 1.7393724918365479 0.04701623693108559 21.031665802001953 0.03102934919297695 43.32284927368164
3 0.05401095375418663 24.02715301513672 0.07200134545564651 3.9503393173217773 0.05500193312764168 21.015493392944336 0.040024854242801666 51.21018600463867
3 0.04904942587018013 27.821006774902344 0.03702276200056076 55.90412521362305 0.031023738905787468 72.60356903076172 0.030031854286789894 76.14817810058594
2 0.06600562483072281 5.02032995223999 0.03201745077967644 52.65529251098633 0.03701683133840561 42.18258285522461 0.07199999690055847 2.5062217712402344
3 0.05002371221780777 21.472463607788086 0.06900183111429214 4.755105495452881 0.03202235326170921 52.740299224853516 0.03401769697666168 50.921142578125
3 0.038017209619283676 55.150062561035156 0.0680038332939148 7.054125785827637 0.042023640125989914 44.862674713134766 0.049013402312994 30.98285675048828
3 0.07900000363588333 1.6599286794662476 0.07595011591911316 1.7602730989456177 0.07200046628713608 3.1033356189727783 0.05301373451948166 19.540937423706055
4 0.08300414681434631 0.71416836977005 0.050020210444927216 34.180519104003906 0.0670071393251419 9.180529594421387 0.04101638123393059 55.45920944213867
3 0.08399999886751175 0.0 0.06300292164087296 10.252939224243164 0.05200381577014923 21.750661849975586 0.048009637743234634 27.243377685546875
1 0.04200715944170952 11.521657943725586 0.0729999989271164 0.403784841299057 0.05704670399427414 4.04921293258667 0.05900022014975548 3.651578903198242
3 0.05000985786318779 27.740337371826172 0.07101026177406311 4.732044219970703 0.03303297236561775 75.85012817382812 0.07900206744670868 1.6815000772476196
2 0.07699999958276749 1.195937156677246 0.04101080819964409 30.832050323486328 0.07300588488578796 1.9458757638931274 0.047003429383039474 20.65819549560547
2 0.055024728178977966 18.4654483795166 0.08299999684095383 0.5867664813995361 0.08399999886751175 0.0 0.04901609569787979 22.793607711791992
1 0.06201162189245224 4.227709770202637 0.04700121283531189 10.35766887664795 0.0820000022649765 0.0 0.05000064894556999 9.022814750671387
2 0.05801129713654518 12.99832820892334 0.06400579959154129 7.576310634613037 0.04700259864330292 24.563302993774414 0.07999999821186066 0.5812352299690247
1 0.05600409209728241 8.526487350463867 0.03300594538450241 27.744129180908203 0.06100069358944893 5.057114601135254 0.03701663762331009 22.36418914794922
4 0.03603808581829071 64.7442626953125 0.05500639230012894 23.69869613647461 0.03901277109980583 57.55262756347656 0.04901105538010597 34.621578216552734
2 0.051000919193029404 16.470741271972656 0.05300338193774223 13.58987045288086 0.08100000023841858 0.5468368530273438 0.07800054550170898 0.6641225218772888
2 0.04700654000043869 17.694772720336914 0.07599999755620956 0.9191895723342896 0.05000139772891998 15.975594520568848 0.08197612315416336 0.6757842302322388
2 0.04100577533245087 31.987878799438477 0.07002772390842438 4.136264324188232 0.055971018970012665 12.999048233032227 0.057002291083335876 12.174257278442383
1 0.07000934332609177 1.5996443033218384 0.05200442299246788 8.228800773620605 0.07000021636486053 1.5686498880386353 0.0420188307762146 16.29039764404297
1 0.031014466658234596 23.84015464782715 0.032005928456783295 25.623088836669922 0.04600442945957184 11.696473121643066 0.04800210893154144 9.87542724609375
2 0.0719590112566948 2.685107707977295 0.07800041884183884 0.9726085662841797 0.054023824632167816 17.361433029174805 0.07900016009807587 0.7955506443977356
4 0.04099021852016449 56.55936050415039 0.044017478823661804 50.828514099121094 0.05602824315428734 24.80173683166504 0.08399999886751175 0.0
2 0.08100064098834991 1.0126360654830933 0.043002739548683167 31.01515007019043 0.05900130420923233 10.687603950500488 0.06400100141763687 7.870855808258057
2 0.03402865305542946 47.05503845214844 0.04295523464679718 30.264509201049805 0.05400404334068298 16.965402603149414 0.035014163702726364 45.05527877807617
1 0.054021842777729034 9.30594253540039 0.08000028133392334 0.1707613617181778 0.03202712535858154 36.19333267211914 0.0470062792301178 17.901269912719727
2 0.07699999958276749 1.1186280250549316 0.07400072365999222 1.7047650814056396 0.06400352716445923 6.440300941467285 0.054007165133953094 15.455416679382324
2 0.05800113454461098 10.84405517578125 0.03997934237122536 28.356889724731445 0.053001318126916885 14.415352821350098 0.03201250359416008 40.20236587524414
4 0.06800000369548798 7.905279159545898 0.03901934623718262 55.19968032836914 0.04601464793086052 38.207889556884766 0.05801494047045708 18.44566535949707
3 0.07901760935783386 1.4424246549606323 0.07900053262710571 1.3223745822906494 0.04101286083459854 49.37261962890625 0.06302020698785782 11.960495948791504
4 0.04702664166688919 43.04982376098633 0.05401121824979782 28.086807250976562 0.05101163312792778 34.12882995605469 0.0800120010972023 2.5085337162017822
3 0.07900230586528778 0.8117164373397827 0.07900030165910721 1.2637802362442017 0.054964061826467514 21.07416534423828 0.0850001722574234 0.40708789229393005
2 0.03102136217057705 41.36127853393555 0.03501410037279129 38.057315826416016 0.07500066608190536 1.1589423418045044 0.08100000023841858 0.342612087726593
4 0.03203069418668747 80.6734619140625 0.04601658135652542 42.38622283935547 0.06495358794927597 11.603015899658203 0.07701142132282257 2.3784019947052
2 0.07400324940681458 1.9253896474838257 0.03201821446418762 49.3222770690918 0.05000504106283188 19.70560646057129 0.07300076633691788 2.1593074798583984
1 0.057000238448381424 4.2006731033325195 0.04100266098976135 13.79993724822998 0.06100568547844887 4.032557010650635 0.06700004637241364 1.6823790073394775
3 0.06900565326213837 5.511152744293213 0.07298028469085693 2.758030891418457 0.06501035392284393 8.728331565856934 0.051013216376304626 24.790634155273438
1 0.08100000023841858 0.0 0.07699999958276749 0.7538772225379944 0.0820000022649765 0.0 0.07000024616718292 1.875921368598938
4 0.04403458163142204 51.29039764404297 0.08000084012746811 1.7929599285125732 0.06200142204761505 16.21065902709961 0.06100868433713913 17.860841751098633
2 0.04601201415061951 27.610246658325195 0.049009885638952255 22.37944221496582 0.03799361363053322 40.16948699951172 0.06200086697936058 8.462091445922852
1 0.031020252034068108 19.948894500732422 0.05096578225493431 8.543875694274902 0.06599999964237213 1.5508383512496948 0.06800000369548798 1.2697795629501343
3 0.06600746512413025 9.567076683044434 0.05600975453853607 20.1167049407959 0.06403778493404388 10.49028205871582 0.08400493115186691 0.8123951554298401
1 0.0820000022649765 0.06066621467471123 0.08100035041570663 0.15937083959579468 0.07302667200565338 0.6261874437332153 0.03800923377275467 19.529626846313477
4 0.07100366801023483 5.3770036697387695 0.04800834879279137 36.783973693847656 0.0650033950805664 10.610201835632324 0.07000118494033813 6.174748420715332
3 0.052000369876623154 21.088104248046875 0.04900779202580452 23.74818992614746 0.04001661762595177 39.11956787109375 0.06500048190355301 7.899174690246582
1 0.043014898896217346 18.98869514465332 0.08299999684095383 0.11577261239290237 0.0690004900097847 3.297553777694702 0.07000020146369934 2.1538617610931396
1 0.030011307448148727 28.524526596069336 0.08500000089406967 0.03374117240309715 0.06495965272188187 3.0922698974609375 0.08100000023841858 0.10094932466745377
2 0.0660046711564064 5.163452625274658 0.03301316499710083 41.86753845214844 0.04696999862790108 21.430418014526367 0.07400000095367432 1.6405023336410522
2 0.07999999821186066 1.2525876760482788 0.06000656262040138 12.46218490600586 0.05100823938846588 21.086841583251953 0.05600489303469658 15.088943481445312
3 0.04201781004667282 40.980552673339844 0.06301180273294449 10.724381446838379 0.03903386369347572 47.775123596191406 0.06700979918241501 7.639538764953613
2 0.05601365119218826 12.501858711242676 0.0640057623386383 6.500321388244629 0.04101626202464104 29.529077529907227 0.055001720786094666 13.629064559936523
3 0.08300409466028214 0.0 0.06200113147497177 11.2916259765625 0.05600397288799286 18.054574966430664 0.06600086390972137 7.648153781890869
3 0.036035265773534775 58.47441864013672 0.03801886364817619 53.172367095947266 0.06903670728206635 6.6028733253479 0.03603575751185417 58.28972244262695
2 0.029952988028526306 30.388761520385742 0.0820000022649765 0.0 0.062014129012823105 7.464330196380615 0.06800000369548798 4.010602951049805
3 0.04904739931225777 23.757497787475586 0.0700070858001709 3.7962703704833984 0.06600537151098251 7.3284101486206055 0.030024953186511993 67.39080047607422
1 0.07000350952148438 1.608773946762085 0.03301562741398811 31.019765853881836 0.08400005102157593 0.0 0.07500030845403671 1.1648699045181274
3 0.051018960773944855 24.551809310913086 0.041980065405368805 40.288795471191406 0.043012190610170364 38.328975677490234 0.07800193876028061 1.409125566482544
2 0.08399999886751175 0.3513919711112976 0.03601222485303879 31.95992088317871 0.045007456094026566 19.547748565673828 0.0310167595744133 39.21025848388672
1 0.04300760477781296 14.592178344726562 0.053000558167696 9.427972793579102 0.07302213460206985 1.0381898880004883 0.04600413516163826 13.65726375579834
1 0.05200136825442314 6.659635543823242 0.03900696709752083 18.2551212310791 0.059000276029109955 6.014814853668213 0.0460134856402874 12.931512832641602
2 0.06700000166893005 3.297635793685913 0.06900038570165634 3.1099607944488525 0.07300085574388504 1.5964839458465576 0.04100032150745392 26.926488876342773
1 0.07000061124563217 1.6642755270004272 0.07100001722574234 1.2220419645309448 0.038998622447252274 17.365812301635742 0.04400460794568062 14.487285614013672
3 0.07199999690055847 3.345207452774048 0.06600090116262436 7.15847635269165 0.04800897091627121 27.266332626342773 0.03303486108779907 56.70694351196289
3 0.04202625900506973 37.13218307495117 0.045013509690761566 32.332698822021484 0.030021892860531807 54.53028869628906 0.07603632658720016 1.200552225112915
1 0.0630466565489769 2.6179380416870117 0.055000342428684235 5.38998556137085 0.04200578108429909 12.230281829833984 0.035006068646907806 18.148462295532227
2 0.05502543970942497 14.977381706237793 0.07200419902801514 2.092956066131592 0.05900571867823601 9.944856643676758 0.07000458985567093 3.728426456451416
2 0.06400375813245773 6.054300308227539 0.04500870779156685 23.732666015625 0.0689999982714653 2.386904001235962 0.044003475457429886 23.630319595336914
2 0.059018563479185104 7.248368263244629 0.036011241376399994 34.038360595703125 0.03201694041490555 40.72124481201172 0.06304339319467545 6.200768947601318
3 0.030023163184523582 86.10618591308594 0.05601268261671066 20.531898498535156 0.06600090116262436 9.348895072937012 0.034028925001621246 65.96290588378906
2 0.04000798240303993 27.75303077697754 0.06000061705708504 9.75214672088623 0.03602273762226105 33.47197341918945 0.032016970217227936 40.51049041748047
2 0.08100061118602753 1.0014142990112305 0.05500065162777901 14.07921028137207 0.05100565031170845 19.86195945739746 0.06300310045480728 7.827601432800293
2 0.07699999958276749 1.1647814512252808 0.06300215423107147 7.580683708190918 0.04301430657505989 27.473766326904297 0.056001197546720505 12.243742942810059
3 0.052989933639764786 25.54991912841797 0.08500587940216064 0.0 0.06700549274682999 8.06728744506836 0.06500530987977982 10.394430160522461
2 0.04801028221845627 16.778779983520508 0.06800001859664917 2.774728775024414 0.07700000703334808 1.040736198425293 0.06600046902894974 3.9871253967285156
3 0.05996806547045708 14.181629180908203 0.08500000089406967 0.0 0.0729544535279274 2.906132936477661 0.05200234055519104 24.420957565307617
2 0.06903716921806335 4.404425144195557 0.08000018447637558 1.0111960172653198 0.03901846334338188 35.6286735534668 0.048007845878601074 22.31233024597168
3 0.05600285902619362 19.7669734954834 0.0630016028881073 10.623841285705566 0.0610063299536705 12.874213218688965 0.06700561195611954 7.49403190612793
4 0.037022124975919724 69.0608901977539 0.038022760301828384 63.11421585083008 0.05800597742199898 21.413494110107422 0.048964813351631165 37.54519271850586
1 0.06403201073408127 4.273359298706055 0.04700210317969322 14.995288848876953 0.030012307688593864 36.1745491027832 0.03600984439253807 27.895057678222656
1 0.03602321818470955 29.387577056884766 0.04300893470644951 20.41451072692871 0.0729999989271164 1.1220719814300537 0.08100000023841858 0.2612122595310211
2 0.08103319257497787 0.4390980899333954 0.0630035474896431 7.254305839538574 0.0669974684715271 5.14572286605835 0.07600008696317673 1.0862997770309448
2 0.06300000101327896 7.908471584320068 0.06700055301189423 5.763299942016602 0.05500444769859314 15.844622611999512 0.03402641415596008 49.0438346862793
3 0.038018763065338135 44.72751998901367 0.06500040739774704 7.957305908203125 0.038026560097932816 46.19868469238281 0.032006777822971344 60.23861312866211
1 0.06300428509712219 4.87129545211792 0.045009441673755646 20.337873458862305 0.04100798815488815 23.881105422973633 0.07800478488206863 0.478318989276886
4 0.07900109887123108 2.455522060394287 0.06600682437419891 11.553869247436523 0.0820000022649765 0.7322272658348083 0.033031970262527466 81.34419250488281
4 0.04500975459814072 46.596717834472656 0.08200104534626007 0.5063011646270752 0.0780012458562851 1.9736220836639404 0.03802552446722984 65.6812744140625
1 0.08204453438520432 0.2215382158756256 0.06401701271533966 1.398871660232544 0.07500009983778 0.414650559425354 0.033005908131599426 19.732574462890625
2 0.037015434354543686 35.51364517211914 0.08299999684095383 0.29385724663734436 0.06100538372993469 7.586003303527832 0.030017292127013206 38.7603645324707
2 0.0750252977013588 1.6787045001983643 0.05099255591630936 16.7407169342041 0.056003715842962265 11.7151460647583 0.05100562050938606 16.089832305908203
3 0.06300990283489227 11.577266693115234 0.055002644658088684 21.82442283630371 0.053010981529951096 24.87288475036621 0.0380241721868515 55.21998977661133
3 0.06400004029273987 10.32981014251709 0.05001237988471985 27.724063873291016 0.07900390028953552 0.762018084526062 0.03701659291982651 54.4144172668457
4 0.03603760898113251 69.97482299804688 0.07000071555376053 7.040707588195801 0.07800081372261047 1.9423835277557373 0.048014797270298004 39.50259017944336
1 0.037018951028585434 18.975156784057617 0.06000293046236038 3.838867425918579 0.07599999755620956 0.42501240968704224 0.07900000363588333 0.2544972002506256
3 0.06302040070295334 12.022367477416992 0.06400173902511597 11.254715919494629 0.07100117951631546 4.777171611785889 0.07700087130069733 2.007650852203369
3 0.041022125631570816 45.65243911743164 0.0400199219584465 48.66299057006836 0.03802182152867317 54.15196228027344 0.049012962728738785 30.730754852294922
1 0.06700000166893005 1.378469467163086 0.03202175348997116 19.61754035949707 0.0820000097155571 0.012784115970134735 0.08100035041570663 0.0
4 0.033022768795490265 70.41571044921875 0.0850360319018364 0.9112046957015991 0.05300331115722656 24.728776931762695 0.06900084018707275 6.934804916381836
3 0.03901301324367523 41.27433776855469 0.06700091063976288 6.389796257019043 0.029973221942782402 59.16513442993164 0.03902000933885574 40.775917053222656
3 0.08196081221103668 1.325951099395752 0.08000077307224274 0.6022786498069763 0.07800055295228958 1.3655027151107788 0.05100305378437042 25.22518539428711
4 0.07502590119838715 3.2761425971984863 0.062008894979953766 16.805755615234375 0.06400302052497864 14.076431274414062 0.07200261950492859 5.2353081703186035
2 0.06700000166893005 6.373141288757324 0.07900061458349228 1.019789457321167 0.0820000022649765 0.14643901586532593 0.05203312262892723 18.614683151245117
3 0.07199999690055847 3.614525556564331 0.07800053060054779 1.2494617700576782 0.06200782582163811 12.327576637268066 0.07700122892856598 1.9428828954696655
2 0.05598336458206177 14.201169967651367 0.07200019806623459 2.184584140777588 0.08000001311302185 0.8095873594284058 0.047971297055482864 22.617549896240234
3 0.03802214562892914 57.15574264526367 0.05601193755865097 20.67952537536621 0.048008229583501816 34.200775146484375 0.03602242469787598 62.36847686767578
2 0.032016586512327194 53.87336730957031 0.05901193246245384 11.627880096435547 0.04500998184084892 27.47640037536621 0.03003058210015297 54.05371856689453
3 0.07599999755620956 1.631039023399353 0.057008203119039536 16.605731964111328 0.04200826585292816 41.30055618286133 0.05200611799955368 24.088132858276367
1 0.06700000166893005 3.1500611305236816 0.03600776568055153 20.569562911987305 0.04300600662827492 14.884714126586914 0.07000039517879486 1.3027360439300537
2 0.030018139630556107 47.60102844238281 0.04200947657227516 27.547840118408203 0.04101267084479332 28.724105834960938 0.038010645657777786 33.29498291015625
4 0.05100709944963455 33.21854782104492 0.03902402147650719 63.13105010986328 0.07699055969715118 2.4168741703033447 0.058002494275569916 20.97284507751465
4 0.06200021877884865 14.61393928527832 0.053009048104286194 28.86050796508789 0.04801540821790695 38.77640914916992 0.06100190803408623 15.864683151245117
4 0.04201872646808624 52.874046325683594 0.08300836384296417 0.26852908730506897 0.056006912142038345 23.643394470214844 0.054011836647987366 26.88704490661621
2 0.048007782548666 21.24349021911621 0.07100111246109009 2.491948127746582 0.05200674384832382 16.1484432220459 0.06900680065155029 4.244232654571533
2 0.04201934486627579 26.650938034057617 0.037013377994298935 33.12369155883789 0.049011602997779846 17.209102630615234 0.03101441264152527 42.643890380859375
4 0.08000004291534424 1.188212275505066 0.051018111407756805 32.991668701171875 0.04102487489581108 58.751590728759766 0.058022234588861465 21.44005584716797
4 0.042021363973617554 53.560855865478516 0.07900063693523407 1.8498831987380981 0.03402961045503616 75.49498748779297 0.044018689543008804 48.65144348144531
2 0.054001614451408386 15.08313274383545 0.04900732263922691 21.135910034179688 0.062000639736652374 8.939112663269043 0.07200004160404205 2.305604934692383
3 0.08204008638858795 1.3086262941360474 0.032024726271629333 59.84273147583008 0.07799200713634491 1.9037574529647827 0.07600101083517075 1.7746130228042603
4 0.07700144499540329 2.385974168777466 0.043017033487558365 55.902469635009766 0.06902239471673965 8.688844680786133 0.04002556949853897 65.93755340576172
2 0.03702077269554138 29.800188064575195 0.05300125852227211 13.623319625854492 0.054002560675144196 11.536749839782715 0.031010521575808525 38.45162582397461
2 0.03202162683010101 47.41809844970703 0.0800006315112114 0.5137909054756165 0.03896194323897362 34.69261169433594 0.08100000023841858 1.0381137132644653
4 0.07900545001029968 2.094980239868164 0.0520089790225029 28.60135841369629 0.03402261063456535 74.01039123535156 0.0379759781062603 62.59387969970703
1 0.07502462714910507 0.5433425903320312 0.05200750380754471 10.16409969329834 0.06402681022882462 3.5227572917938232 0.06400130689144135 4.337217807769775
3 0.07599999755620956 2.4393086433410645 0.06600530445575714 8.948393821716309 0.07300099730491638 3.19280743598938 0.0730011835694313 3.2215681076049805
4 0.07800554484128952 2.471343755722046 0.07100167125463486 5.77532958984375 0.06600423902273178 11.321548461914062 0.031036989763379097 86.80790710449219
2 0.08500000089406967 0.0 0.07000896334648132 3.7448067665100098 0.04900231957435608 21.7104434967041 0.06898662447929382 4.755331039428711
2 0.031020915135741234 47.56319046020508 0.04300897940993309 27.2248592376709 0.04900944232940674 19.672945022583008 0.07999999821186066 0.865649402141571
1 0.036016564816236496 19.12485694885254 0.05000387132167816 8.685553550720215 0.07800000160932541 0.6126283407211304 0.03600960969924927 19.297883987426758
4 0.04101623222231865 52.03499221801758 0.08399999886751175 1.8892079591751099 0.0729999989271164 3.4440231323242188 0.05001506209373474 31.667804718017578
1 0.04600030928850174 12.373359680175781 0.05100291967391968 9.297072410583496 0.07802186161279678 0.5587581992149353 0.07400062680244446 0.6164880394935608
4 0.03203362971544266 84.35858917236328 0.032031916081905365 87.05614471435547 0.04401518777012825 50.57491683959961 0.05296991020441055 29.840206146240234
3 0.057013917714357376 15.568758010864258 0.06801626831293106 6.453890323638916 0.06800238788127899 6.383925914764404 0.06900075823068619 5.550910472869873
2 0.06600400060415268 6.041210651397705 0.08100000023841858 0.45572924613952637 0.08399999886751175 0.0 0.033022426068782806 36.13166427612305
3 0.031021596863865852 62.658470153808594 0.07500000298023224 2.34921932220459 0.07300446927547455 2.6063077449798584 0.03302440419793129 56.27350997924805
4 0.08500000089406967 1.2988511323928833 0.055009495466947556 26.98599624633789 0.04202565923333168 57.76204299926758 0.07900124788284302 2.271662473678589
4 0.08100087940692902 0.4923582971096039 0.07304695248603821 3.453847885131836 0.03999200835824013 55.61275100708008 0.0650002509355545 11.387454986572266
4 0.05800046771764755 17.635910034179688 0.053009841591119766 25.908231735229492 0.04002995789051056 52.232826232910156 0.05604741349816322 20.408466339111328
2 0.06100638955831528 12.063977241516113 0.03301912173628807 52.56871032714844 0.0670076459646225 5.1787428855896 0.08100008219480515 1.0171624422073364
4 0.038018424063920975 67.85633087158203 0.031048445031046867 90.05709075927734 0.07400117814540863 3.628911018371582 0.034032970666885376 80.76828002929688
3 0.047033898532390594 29.582260131835938 0.03601211681962013 51.91680908203125 0.05100501328706741 23.816320419311523 0.06899567693471909 5.51051664352417
3 0.057005561888217926 17.253530502319336 0.04900763928890228 29.0323543548584 0.07900002598762512 1.7687774896621704 0.05400194600224495 20.620380401611328
1 0.05100046843290329 13.380352973937988 0.08000007271766663 0.0786302387714386 0.06700040400028229 3.610766649246216 0.073000468313694 1.2707065343856812
4 0.057007960975170135 24.03276824951172 0.04800960421562195 42.148494720458984 0.050012171268463135 32.49079895019531 0.08299999684095383 0.0
1 0.04300864785909653 21.56924819946289 0.06698524951934814 2.8010733127593994 0.08399999886751175 0.0 0.07000069320201874 2.6374549865722656
4 0.03603648394346237 69.31956481933594 0.05402227118611336 25.904306411743164 0.07800000160932541 2.6104793548583984 0.06700166314840317 9.175342559814453
3 0.03303124010562897 46.6292724609375 0.06700243800878525 6.279275894165039 0.08500049263238907 0.19249002635478973 0.03601500391960144 48.94793701171875
2 0.032026272267103195 47.674774169921875 0.036021847277879715 39.790008544921875 0.07100669294595718 3.1974480152130127 0.05500451847910881 13.616846084594727
1 0.03201417997479439 32.92229461669922 0.0729999989271164 1.0443298816680908 0.0350041501224041 28.670913696289062 0.06599999964237213 4.9544267654418945
1 0.07199999690055847 1.2197725772857666 0.07699999958276749 0.7357138395309448 0.0820000022649765 0.0 0.05100087821483612 11.710482597351074
3 0.03402496501803398 55.19113540649414 0.05500657111406326 18.42056655883789 0.062001537531614304 10.90945053100586 0.08500431478023529 0.19666077196598053
2 0.05000142753124237 22.271692276000977 0.0590079203248024 11.968582153320312 0.08200100809335709 0.966465950012207 0.0610034354031086 10.579228401184082
4 0.07100337743759155 5.435036659240723 0.05700219050049782 19.153594970703125 0.04301637411117554 44.93666076660156 0.03901836276054382 54.90376281738281
2 0.08399999886751175 0.0 0.05100712552666664 20.576383590698242 0.038013868033885956 40.11915588378906 0.03002765029668808 82.20643615722656
4 0.07900138944387436 2.2691712379455566 0.08399999886751175 0.7154476046562195 0.08000100404024124 1.2834687232971191 0.04002168029546738 59.51451873779297
1 0.04099983721971512 22.962493896484375 0.08299999684095383 0.25846293568611145 0.07199999690055847 1.358070731163025 0.059003882110118866 8.801148414611816
1 0.07999999821186066 0.3657255470752716 0.05200318247079849 7.908645153045654 0.07800000160932541 0.22662776708602905 0.033040549606084824 20.74025535583496
3 0.04703981429338455 28.248422622680664 0.06100102514028549 10.899922370910645 0.053002044558525085 19.988454818725586 0.07999999821186066 1.2475829124450684
3 0.062001269310712814 13.157870292663574 0.04701349511742592 34.79410171508789 0.040018122643232346 49.71792984008789 0.06700412184000015 7.4735426902771
1 0.03900892660021782 24.187313079833984 0.07900069653987885 0.7518211603164673 0.06202951818704605 6.188622951507568 0.05400171875953674 9.54931926727295
1 0.07199999690055847 1.1587903499603271 0.07999999821186066 0.19380445778369904 0.06800030916929245 1.5520739555358887 0.060000307857990265 5.427445888519287
4 0.032042570412158966 85.80392456054688 0.06300006061792374 14.547465324401855 0.07300060242414474 3.908433198928833 0.035033419728279114 77.36156463623047
1 0.07199999690055847 1.2836869955062866 0.04900514334440231 13.968259811401367 0.04100446030497551 21.922191619873047 0.058000724762678146 7.819103240966797
3 0.04401392489671707 31.697368621826172 0.06800020486116409 6.244013786315918 0.03301788493990898 53.01295852661133 0.0670100748538971 5.51358699798584
4 0.04102499037981033 56.42414855957031 0.07603538781404495 2.4725825786590576 0.06800295412540436 8.500340461730957 0.06400154531002045 13.52728271484375
1 0.03101775050163269 25.483617782592773 0.04900553077459335 9.822120666503906 0.05400076508522034 8.33090591430664 0.07800000160932541 0.4389607310295105
2 0.04001263156533241 26.82018280029297 0.04400676488876343 20.47372817993164 0.03401295840740204 34.50031280517578 0.06500363349914551 5.128767490386963
3 0.04702118784189224 26.47935676574707 0.030031895264983177 62.38694763183594 0.06800000369548798 6.032702922821045 0.056004222482442856 15.929598808288574
3 0.041024282574653625 44.161258697509766 0.05300584435462952 22.076448440551758 0.057005494832992554 16.926708221435547 0.07504186034202576 2.0747671127319336
3 0.08399999886751175 0.0 0.04401513561606407 36.77054214477539 0.07200044393539429 3.911151170730591 0.05900808051228523 14.270041465759277
4 0.07599999755620956 2.829258680343628 0.030037235468626022 87.77455139160156 0.06902627646923065 7.024604320526123 0.06700506806373596 9.83143424987793
1 0.03301291912794113 32.03401565551758 0.050002820789813995 14.146774291992188 0.07601341605186462 0.9049474596977234 0.056004516780376434 10.610641479492188
1 0.03801009804010391 28.434537887573242 0.052002426236867905 12.659258842468262 0.07700014114379883 0.9680718779563904 0.07301153242588043 1.5574421882629395
2 0.06200074031949043 9.531405448913574 0.06900092959403992 4.888669967651367 0.07200101763010025 2.788571834564209 0.06700173765420914 5.998067855834961
2 0.07599999755620956 1.4708223342895508 0.06600259244441986 6.104409694671631 0.03495356813073158 45.663543701171875 0.0550018772482872 14.737815856933594
2 0.05299999937415123 13.352070808410645 0.03002423234283924 45.240596771240234 0.07999999821186066 0.0 0.07999999821186066 0.4924711287021637
2 0.06400373578071594 6.023486614227295 0.04700184985995293 19.583486557006836 0.060000527650117874 10.143705368041992 0.07701651751995087 0.7996444702148438
4 0.03603675588965416 67.01624298095703 0.06402689963579178 12.749455451965332 0.03303216025233269 77.5307846069336 0.07200083136558533 3.9944875240325928
1 0.07300297170877457 1.5754330158233643 0.047004152089357376 18.044307708740234 0.057000622153282166 9.349137306213379 0.04196475073695183 22.444313049316406
3 0.06900608539581299 4.957817554473877 0.04801008477807045 26.614768981933594 0.03401612117886543 54.9073371887207 0.04401177167892456 33.99913024902344
2 0.0610034205019474 9.383726119995117 0.06000606343150139 10.05936336517334 0.07500079274177551 1.7850602865219116 0.06900113821029663 4.127901077270508
3 0.0750255212187767 1.7137280702590942 0.04103963077068329 40.61713409423828 0.05600640922784805 16.59316062927246 0.07400058209896088 2.145977258682251
3 0.05400453507900238 20.808624267578125 0.06300714612007141 10.328123092651367 0.06400136649608612 9.326751708984375 0.06500087678432465 8.441370964050293
4 0.058001719415187836 19.237403869628906 0.0800006240606308 1.7157107591629028 0.06800110638141632 8.350861549377441 0.0700010433793068 6.300917625427246
1 0.07500078529119492 0.6469972133636475 0.06700000166893005 1.4661641120910645 0.07900000363588333 0.0 0.07500000298023224 0.6595622897148132
2 0.05801989138126373 13.879122734069824 0.0630011186003685 8.583556175231934 0.07100097835063934 3.1735522747039795 0.07600047439336777 1.3427654504776
1 0.07800000160932541 0.0 0.07800000160932541 0.06033869832754135 0.032007042318582535 19.321941375732422 0.0370059534907341 15.689600944519043
4 0.03701906278729439 67.48914337158203 0.04002159461379051 58.09160232543945 0.06500065326690674 11.573287963867188 0.07000128924846649 6.546031475067139
1 0.03501066938042641 22.56181526184082 0.061042044311761856 5.843570709228516 0.03300635144114494 24.91384506225586 0.08100083470344543 0.0
3 0.08196236193180084 1.309451699256897 0.03502174839377403 57.063777923583984 0.04301164671778679 38.95924758911133 0.03801976889371872 49.52122116088867
1 0.052015550434589386 11.000848770141602 0.03001253865659237 36.33330535888672 0.047003187239170074 15.949993133544922 0.06600049883127213 4.190735340118408
1 0.031009282916784286 17.45960235595703 0.07800000160932541 0.0 0.03303021192550659 18.58006477355957 0.061000194400548935 2.6999387741088867
3 0.08399999886751175 0.0 0.03202691301703453 71.36476135253906 0.05002491548657417 29.77229118347168 0.031033024191856384 73.90728759765625
4 0.035025399178266525 67.1927261352539 0.03702232614159584 63.506874084472656 0.03302391991019249 82.89913940429688 0.03102508746087551 68.93600463867188
4 0.06700049340724945 9.032060623168945 0.08400359749794006 1.1841962337493896 0.08300080895423889 0.20237326622009277 0.03896419703960419 57.59675598144531
4 0.07396204024553299 3.5836849212646484 0.051004327833652496 34.501094818115234 0.07601261883974075 2.609006643295288 0.0700012743473053 6.941835403442383
1 0.054039936512708664 9.949345588684082 0.049980808049440384 11.844895362854004 0.04500501602888107 15.671761512756348 0.06200576201081276 4.281809329986572
1 0.03900822252035141 23.892635345458984 0.06100061163306236 6.803771018981934 0.08404313772916794 0.0 0.07800000160932541 0.6415653228759766
4 0.04501785710453987 47.92643356323242 0.059005290269851685 20.604148864746094 0.06300496309995651 15.041899681091309 0.06900673359632492 8.089508056640625
2 0.0740058571100235 1.8756253719329834 0.041007619351148605 35.88909149169922 0.0660412386059761 5.55859899520874 0.030020661652088165 47.05719757080078
2 0.048009488731622696 20.380992889404297 0.06400059908628464 6.733851909637451 0.08100008964538574 0.7752938866615295 0.05600873753428459 10.67972469329834
4 0.08300415426492691 1.133496880531311 0.06700809299945831 10.050944328308105 0.05000719055533409 35.909420013427734 0.06900586187839508 8.044684410095215
1 0.05502701178193092 8.072237968444824 0.062000781297683716 5.48975133895874 0.05800068378448486 7.8305745124816895 0.06000050529837608 6.658913612365723
3 0.041014399379491806 49.748451232910156 0.04002143070101738 51.321868896484375 0.056004900485277176 19.879026412963867 0.07200051844120026 3.792476177215576
4 0.05603020638227463 24.28944969177246 0.04302347078919411 52.63505935668945 0.06700140237808228 9.791336059570312 0.069001205265522 8.208274841308594
1 0.08300401270389557 0.4899645745754242 0.030010050162672997 29.626264572143555 0.0820000022649765 0.0 0.08000118285417557 0.20453977584838867
2 0.03103121928870678 55.762577056884766 0.03404620662331581 48.18279266357422 0.06100958213210106 11.208453178405762 0.08400382101535797 0.48517709970474243
3 0.05400174483656883 17.069793701171875 0.05500379204750061 16.418310165405273 0.044015683233737946 31.36965560913086 0.0390155129134655 40.985904693603516
4 0.07900131493806839 2.521209478378296 0.03901642933487892 68.39083862304688 0.06302030384540558 15.446294784545898 0.06800162047147751 9.555191993713379
2 0.06200127303600311 5.803769111633301 0.056001484394073486 11.36434555053711 0.03201999515295029 40.31974792480469 0.04600818082690239 21.3259220123291
3 0.06502091139554977 9.300639152526855 0.07100189477205276 4.645422458648682 0.07700080424547195 1.9129689931869507 0.031029006466269493 72.76531219482422
3 0.0560428611934185 16.29619598388672 0.037013594061136246 45.66322708129883 0.04101651534438133 37.83564758300781 0.039017193019390106 41.57442855834961
4 0.047023236751556396 45.14204025268555 0.0420229397714138 58.02781295776367 0.07800000160932541 2.661787986755371 0.07900054007768631 1.6534485816955566
2 0.0820000022649765 0.5251582264900208 0.05900777503848076 9.966760635375977 0.08200423419475555 0.7374372482299805 0.03501138836145401 41.1645622253418
3 0.05800211429595947 16.293567657470703 0.06000319868326187 13.765631675720215 0.06300388276576996 0.0 0.07400791347026825 2.4148247241973877
1 0.05200088769197464 5.409828186035156 0.05900000035762787 5.086184978485107 0.08000140637159348 0.22766511142253876 0.06100054830312729 5.253284454345703
3 0.06100785732269287 12.530817985534668 0.04001174122095108 45.70732116699219 0.07800000160932541 1.4085760116577148 0.08299999684095383 0.5215374231338501
1 0.03601669892668724 23.121341705322266 0.054016608744859695 7.2888898849487305 0.07603216171264648 0.39342182874679565 0.0460016168653965 12.060761451721191
4 0.0670003667473793 10.318018913269043 0.07800140976905823 2.4551868438720703 0.034955400973558426 80.85382080078125 0.052008308470249176 33.49496841430664
1 0.03002084605395794 23.755300521850586 0.054000288248062134 7.614223003387451 0.0330057293176651 20.08853530883789 0.08399999886751175 0.0
3 0.05901312828063965 13.184267044067383 0.045015960931777954 29.934005737304688 0.07700169831514359 1.335120439529419 0.038023848086595535 43.04856872558594
1 0.034003932029008865 16.86359977722168 0.06900869309902191 1.0938482284545898 0.05700022727251053 4.9705376625061035 0.05100042745471001 6.0314507484436035
1 0.04400807246565819 19.48961639404297 0.03801038861274719 27.080554962158203 0.06600042432546616 2.914106607437134 0.0840001031756401 0.0
4 0.08100080490112305 0.4542059600353241 0.038043707609176636 60.24215316772461 0.06100451201200485 15.597957611083984 0.06000830605626106 16.750144958496094
3 0.037020403891801834 58.84142303466797 0.08299999684095383 1.6429710388183594 0.04403503239154816 42.70820236206055 0.07900141179561615 1.0283938646316528
1 0.032009273767471313 34.075843811035156 0.050005652010440826 14.721039772033691 0.07600092887878418 0.813265860080719 0.04900265485048294 14.119654655456543
4 0.07100412994623184 5.3698530197143555 0.05900951474905014 20.18259620666504 0.07400096207857132 3.4414174556732178 0.03595525026321411 72.74666595458984
4 0.07800000160932541 2.105217695236206 0.06500670313835144 10.999202728271484 0.053010277450084686 27.558631896972656 0.0660010352730751 10.236077308654785
2 0.04802115634083748 18.142589569091797 0.06900033354759216 3.180601119995117 0.04800178110599518 17.598857879638672 0.08400553464889526 0.6771654486656189
1 0.03901935741305351 14.139405250549316 0.08399999886751175 0.0 0.03901635482907295 13.377909660339355 0.042988792061805725 11.472620964050293
3 0.032019857317209244 57.71593475341797 0.034017693251371384 52.688899993896484 0.037038471549749374 44.8224983215332 0.0760473683476448 1.803213357925415
1 0.06700030714273453 3.9832303524017334 0.0690002515912056 2.5476739406585693 0.04301348328590393 17.91071891784668 0.05200597643852234 11.517687797546387
1 0.07600165158510208 0.7735976576805115 0.06600087881088257 2.5132906436920166 0.031012682244181633 29.911317825317383 0.05100098252296448 9.740211486816406
4 0.033034007996320724 83.3838882446289 0.03003549389541149 92.84548950195312 0.04801236093044281 41.86317443847656 0.04501738399267197 50.02130889892578
1 0.03602001816034317 29.09261131286621 0.057015471160411835 9.963212966918945 0.05800114944577217 7.931389331817627 0.03700738027691841 26.785873413085938
3 0.03997788205742836 45.48122787475586 0.032018888741731644 65.98066711425781 0.0760095939040184 1.8379631042480469 0.04800470173358917 28.84734344482422
2 0.036027561873197556 41.74411392211914 0.046007972210645676 25.372745513916016 0.039008647203445435 36.063560485839844 0.08500000089406967 0.0
4 0.05001407116651535 30.688974380493164 0.040022674947977066 52.812591552734375 0.07200464606285095 4.222296237945557 0.03402240201830864 69.3395767211914
2 0.04100356623530388 29.713497161865234 0.054001711308956146 13.978589057922363 0.04401114583015442 26.565223693847656 0.038010355085134506 34.698974609375
3 0.04801785945892334 31.39354133605957 0.07199999690055847 3.9905190467834473 0.06600126624107361 8.991497039794922 0.0450088270008564 37.21395492553711
2 0.06200052797794342 9.71396541595459 0.04701162129640579 26.344518661499023 0.0550072006881237 16.665363311767578 0.03202168270945549 52.779205322265625
4 0.05502575635910034 20.84624671936035 0.04701026529073715 36.37835693359375 0.08500000089406967 0.0 0.06200127303600311 13.821843147277832
4 0.08300416171550751 1.2740764617919922 0.08200093358755112 0.5415082573890686 0.08000056445598602 1.7004252672195435 0.04201217368245125 56.83135223388672
1 0.04601370543241501 8.19838809967041 0.03100733831524849 19.809309005737305 0.07100000232458115 1.399900197982788 0.04998694732785225 7.533310413360596
4 0.07800000160932541 2.1011905670166016 0.04800974950194359 36.94483947753906 0.03103075921535492 83.09362030029297 0.07904928922653198 0.5287662148475647
2 0.055024802684783936 18.36506462097168 0.03103935346007347 55.53478240966797 0.06701847910881042 5.246554374694824 0.05900416895747185 11.949752807617188
2 0.03701542317867279 30.914335250854492 0.053001273423433304 14.251458168029785 0.07000333815813065 2.169982671737671 0.057005152106285095 9.856764793395996
3 0.0330178327858448 56.653629302978516 0.05800924077630043 14.350308418273926 0.06900683790445328 5.057455539703369 0.03803297504782677 46.39033508300781
2 0.04101289436221123 36.06901168823242 0.036012522876262665 45.18959045410156 0.05502215772867203 16.60190773010254 0.08299999684095383 0.6915959715843201
2 0.04301254451274872 27.063716888427734 0.06200467050075531 6.393611907958984 0.0530049093067646 13.311479568481445 0.07100110501050949 2.1946327686309814
4 0.07199999690055847 4.727473258972168 0.06300226598978043 14.372734069824219 0.04602329432964325 44.06074905395508 0.08002083748579025 2.0224201679229736
1 0.06303386390209198 2.790698528289795 0.05300397053360939 9.888325691223145 0.07500024139881134 0.705133318901062 0.06200248375535011 4.056976318359375
4 0.03303017094731331 75.63691711425781 0.06900129467248917 7.440713882446289 0.06300155073404312 13.929462432861328 0.0780014917254448 2.2169151306152344
1 0.030010461807250977 22.230106353759766 0.047004103660583496 8.297972679138184 0.036003243178129196 16.738109588623047 0.07700271159410477 0.2869162857532501
2 0.07900000363588333 1.3644298315048218 0.046004507690668106 24.259925842285156 0.034013815224170685 43.54875564575195 0.06500376760959625 6.155575275421143
4 0.06101043149828911 16.845455169677734 0.07202610373497009 4.646034240722656 0.05001293495297432 34.572574615478516 0.03202875331044197 84.6971435546875
2 0.07699999958276749 1.327613115310669 0.04001111537218094 25.211536407470703 0.08000004291534424 0.8922650218009949 0.04802073538303375 16.938074111938477
4 0.0300424974411726 81.33477020263672 0.07397082448005676 2.956851005554199 0.033024922013282776 70.9947738647461 0.053010545670986176 26.440120697021484
4 0.03203273192048073 80.50390625 0.049009911715984344 36.74017333984375 0.045016467571258545 45.24416732788086 0.03701966628432274 67.12598419189453
4 0.0780152902007103 2.5739903450012207 0.03102218173444271 92.81977081298828 0.0810086727142334 1.8436630964279175 0.044028203934431076 52.56939697265625
2 0.05201388895511627 15.365883827209473 0.0580068938434124 9.900459289550781 0.07400000095367432 1.2244017124176025 0.05302577093243599 12.54884147644043
4 0.06101100519299507 18.474306106567383 0.07200120389461517 5.027921676635742 0.06500976532697678 12.626593589782715 0.08200076967477798 0.16316571831703186
2 0.030022883787751198 57.31990432739258 0.04001337289810181 36.55461883544922 0.05600444972515106 13.881587982177734 0.04000641033053398 36.17771530151367
3 0.04501216486096382 33.350826263427734 0.06700035184621811 6.236578464508057 0.0350227989256382 52.622833251953125 0.04198869690299034 38.680965423583984
3 0.07199999690055847 3.5771374702453613 0.08498480916023254 0.0 0.04302717372775078 40.127098083496094 0.048011474311351776 30.10095977783203
3 0.08200012147426605 0.9976326823234558 0.0340263731777668 64.69635009765625 0.032026100903749466 68.19283294677734 0.07700083404779434 2.147825002670288
2 0.03202196583151817 39.88011932373047 0.05000568553805351 15.57434368133545 0.042959313839673996 23.89049530029297 0.07700461149215698 0.6822097301483154
1 0.07999999821186066 0.0 0.03700989484786987 28.639423370361328 0.055008355528116226 10.678433418273926 0.06200091913342476 5.656469345092773
3 0.06900803744792938 5.167421340942383 0.03602031245827675 51.40285873413086 0.0729999989271164 2.5040106773376465 0.08200004696846008 0.7741664052009583
4 0.0810006633400917 0.3618861138820648 0.035031069070100784 66.65737915039062 0.04600999504327774 39.40949630737305 0.05900195986032486 16.807893753051758
2 0.03401193395256996 41.46253204345703 0.05700142681598663 12.745014190673828 0.03501416742801666 40.32235336303711 0.04001230746507645 30.30845832824707
2 0.07800000160932541 1.1489840745925903 0.05200103670358658 14.819892883300781 0.08299999684095383 0.25968432426452637 0.06600701063871384 6.113466739654541
2 0.05900674685835838 12.021267890930176 0.08100040256977081 0.0 0.07195667177438736 2.5043063163757324 0.0440090112388134 29.90045738220215
3 0.04904812201857567 24.456140518188477 0.08400923013687134 1.170836329460144 0.0830007791519165 0.5232101082801819 0.05200225114822388 22.753374099731445
2 0.03201363980770111 42.994136810302734 0.052003163844347 13.97325611114502 0.04400575906038284 24.92061996459961 0.03496481478214264 38.52870178222656
1 0.03700966015458107 20.671655654907227 0.05900053679943085 5.478546142578125 0.06400000303983688 3.611351251602173 0.042001981288194656 14.678637504577637
4 0.07100452482700348 5.934157848358154 0.045024994760751724 50.279659271240234 0.0680006742477417 9.367005348205566 0.030037304386496544 97.41002655029297
1 0.07500090450048447 0.455263614654541 0.047002892941236496 13.26075553894043 0.0670059472322464 2.0976197719573975 0.07400000095367432 1.2048946619033813
4 0.06600788980722427 8.724557876586914 0.07200142741203308 4.1092753410339355 0.06200723350048065 13.455037117004395 0.08100096881389618 0.9351789951324463
1 0.04000203683972359 14.51303482055664 0.030016103759407997 24.694791793823242 0.06500478088855743 3.5622522830963135 0.043001439422369 12.321966171264648
1 0.07699999958276749 0.6913073062896729 0.07000074535608292 1.53202486038208 0.07400000095367432 1.1372069120407104 0.0680006816983223 2.602726459503174
1 0.04403417557477951 13.244880676269531 0.03500897437334061 21.073537826538086 0.053000353276729584 7.488787651062012 0.0340101383626461 22.702730178833008
4 0.045015256851911545 46.274444580078125 0.043020978569984436 51.492576599121094 0.07303580641746521 3.853086471557617 0.06900183856487274 8.043882369995117
2 0.07000043988227844 3.100548267364502 0.06200374662876129 9.44884204864502 0.08400001376867294 0.5140746235847473 0.08000056445598602 0.3932533264160156
4 0.06301955878734589 13.658231735229492 0.0770147368311882 2.466437339782715 0.04602784663438797 41.395511627197266 0.07400062680244446 3.077216863632202
3 0.07199999690055847 3.491201162338257 0.047003377228975296 30.015756607055664 0.05299193412065506 21.079490661621094 0.057005029171705246 16.533443450927734
3 0.08100051432847977 0.3187853693962097 0.0330195352435112 68.81612396240234 0.04900764673948288 30.751178741455078 0.04001515731215477 50.67422866821289
4 0.04701245203614235 36.94403839111328 0.056007154285907745 21.565046310424805 0.07800086587667465 2.01721453666687 0.06800408661365509 7.24284553527832
1 0.06500006467103958 2.3041164875030518 0.06300239264965057 3.6877195835113525 0.08500000089406967 0.0 0.06300044059753418 2.8062565326690674
4 0.04103367403149605 50.69612503051758 0.04002176597714424 53.70145034790039 0.041017089039087296 50.7163200378418 0.05300615355372429 25.94655418395996
2 0.0820000022649765 0.0 0.0410199910402298 26.113494873046875 0.05400092899799347 13.489446640014648 0.06500595062971115 5.849178791046143
2 0.05700089409947395 12.427375793457031 0.045007962733507156 23.826278686523438 0.08400057256221771 0.0 0.07295465469360352 1.8652023077011108
2 0.06001247093081474 7.453334331512451 0.03701157867908478 34.823604583740234 0.07100337743759155 2.3993570804595947 0.06000527739524841 9.657830238342285
1 0.039005301892757416 13.887712478637695 0.05100478604435921 8.233511924743652 0.07699999958276749 0.4911966025829315 0.04200492054224014 12.507596969604492
3 0.07999999821186066 1.594015121459961 0.042023129761219025 40.18343734741211 0.05101081356406212 24.71875 0.03101755492389202 67.0306625366211
2 0.07200071960687637 1.6679149866104126 0.06300072371959686 5.983309745788574 0.038005247712135315 29.57628059387207 0.040008265525102615 27.73330307006836
3 0.050026990473270416 25.544658660888672 0.061003830283880234 11.830477714538574 0.04501557722687721 34.68513107299805 0.07199999690055847 3.4068987369537354
1 0.04300883784890175 15.701330184936523 0.08500000089406967 0.0806281641125679 0.07300001382827759 1.2895636558532715 0.06700079143047333 3.0885426998138428
1 0.07400470972061157 0.7551293969154358 0.05800339952111244 7.696765422821045 0.03802987560629845 20.38080596923828 0.05400096997618675 7.376612186431885
4 0.03799957036972046 66.80162048339844 0.05800570547580719 21.833175659179688 0.0400175116956234 61.134552001953125 0.08300062268972397 0.542966365814209
1 0.032010700553655624 36.72495651245117 0.05700070783495903 8.365652084350586 0.062000736594200134 5.924992561340332 0.04700424522161484 18.13248634338379
3 0.04802585020661354 24.559005737304688 0.06700389832258224 6.811299800872803 0.0740007534623146 2.2863340377807617 0.07300374656915665 2.4482204914093018
3 0.08100122213363647 0.7672896385192871 0.03901192918419838 45.46363067626953 0.03203374147415161 62.69112014770508 0.06001460179686546 12.542403221130371
4 0.08300415426492691 0.9969202280044556 0.06195000186562538 15.004632949829102 0.0720006451010704 4.8980584144592285 0.051003288477659225 33.71997833251953
4 0.0390215739607811 57.82932662963867 0.0410182848572731 51.604103088378906 0.0450172945857048 41.40933609008789 0.05401115491986275 25.182111740112305
4 0.043023690581321716 46.65259552001953 0.06802777945995331 7.927679061889648 0.03302491456270218 72.59590148925781 0.03602404147386551 64.06295776367188
1 0.045029494911432266 12.041549682617188 0.04600199684500694 9.757988929748535 0.05700412392616272 4.76314115524292 0.08400408178567886 0.0
2 0.030019551515579224 65.61192321777344 0.044013459235429764 30.791229248046875 0.08500000089406967 0.0 0.058000899851322174 12.609955787658691
3 0.07000000029802322 5.525968551635742 0.04800494760274887 32.44388961791992 0.08100000023841858 0.0 0.06000890955328941 14.688841819763184
4 0.06500118970870972 12.329268455505371 0.07300293445587158 4.142271518707275 0.030984360724687576 92.0952377319336 0.051026351749897 35.34518051147461
4 0.05800172686576843 19.352014541625977 0.05400828644633293 25.691808700561523 0.04901367425918579 35.66286849975586 0.04701652377843857 39.891632080078125
3 0.04502015933394432 34.052032470703125 0.055003970861434937 19.255929946899414 0.07100045680999756 4.086910247802734 0.05301171541213989 20.3735408782959
4 0.048003870993852615 38.887977600097656 0.04401823878288269 44.902313232421875 0.07099196314811707 5.633255958557129 0.045026734471321106 45.73051452636719
3 0.0810103490948677 0.49183568358421326 0.040014926344156265 46.66775131225586 0.08302848041057587 0.16717731952667236 0.04102538526058197 43.92567443847656
3 0.03501882031559944 53.75707244873047 0.07002744823694229 4.4024128913879395 0.0640014037489891 9.220459938049316 0.050024524331092834 25.75165367126465
2 0.04500402882695198 28.52787208557129 0.03101862035691738 55.09992599487305 0.08500365912914276 0.5903662443161011 0.06900066137313843 4.959761142730713
2 0.04301586002111435 30.204967498779297 0.05201113224029541 18.676734924316406 0.0820000097155571 0.0 0.06400404125452042 6.864097595214844
2 0.04800349846482277 20.61876106262207 0.07400020211935043 1.6627981662750244 0.07200451195240021 2.318203926086426 0.03101849928498268 49.070919036865234
1 0.08497094362974167 0.13056136667728424 0.05300058051943779 7.928295612335205 0.04900195822119713 10.07634162902832 0.031008943915367126 24.197179794311523
2 0.08100086450576782 1.076518177986145 0.07900066673755646 0.8403515815734863 0.050020355731248856 21.08074378967285 0.07699999958276749 1.2252403497695923
4 0.03203560411930084 74.85975646972656 0.08399151265621185 0.0 0.0610051155090332 15.350608825683594 0.056008435785770416 22.30743408203125
4 0.08399999886751175 0.29733017086982727 0.051015786826610565 32.53380584716797 0.08300139009952545 0.26101088523864746 0.04102121293544769 56.936927795410156
2 0.06300000101327896 9.232731819152832 0.06000223755836487 9.808223724365234 0.04401339218020439 27.116331100463867 0.05100689455866814 17.885746002197266
4 0.07502573728561401 2.8693034648895264 0.07895161956548691 1.6582350730895996 0.06001001596450806 16.6718692779541 0.08402382582426071 0.0
3 0.05200200155377388 23.91024398803711 0.036023855209350586 54.499420166015625 0.07602591067552567 1.8259762525558472 0.044018592685461044 36.99604797363281
1 0.05100099742412567 7.444397449493408 0.056000541895627975 4.4480299949646 0.04800271987915039 7.819460868835449 0.05000045895576477 7.173336029052734
4 0.0820000022649765 0.9163183569908142 0.06900473684072495 7.540592193603516 0.07900000363588333 1.2521123886108398 0.08399999886751175 0.9654890298843384
4 0.03302867338061333 48.83793640136719 0.06100006401538849 15.341946601867676 0.0829559937119484 0.5985323190689087 0.04403113201260567 45.153602600097656
1 0.06001580134034157 7.4442338943481445 0.04600127786397934 14.60040283203125 0.05800510197877884 6.527892589569092 0.07200212776660919 1.2159204483032227
1 0.0710010752081871 1.7362892627716064 0.060008857399225235 6.072689056396484 0.06800058484077454 2.59419846534729 0.031015165150165558 35.08812713623047
4 0.05300269275903702 27.327375411987305 0.05201292037963867 28.99421501159668 0.06200145184993744 14.16763687133789 0.04502241685986519 43.36687469482422
3 0.04401428997516632 32.18907928466797 0.03801656886935234 43.71822738647461 0.05701574310660362 15.399775505065918 0.031021779403090477 58.682857513427734
2 0.06700000166893005 6.103355407714844 0.07400067895650864 1.6494046449661255 0.06400371342897415 6.48284912109375 0.08399999886751175 0.0
1 0.054001301527023315 7.695644378662109 0.05700090527534485 6.459986686706543 0.06000082939863205 5.068091869354248 0.08100004494190216 0.1657167226076126
2 0.03501171991229057 46.563236236572266 0.03402266278862953 49.14915466308594 0.03401848301291466 49.92036056518555 0.07200168818235397 3.0607595443725586
4 0.04904114827513695 31.31179428100586 0.07401160150766373 3.1638150215148926 0.06800119578838348 7.8953399658203125 0.061002105474472046 15.70312786102295
3 0.05600838363170624 19.162212371826172 0.06200576573610306 12.744464874267578 0.03202621266245842 68.67559814453125 0.07700005173683167 1.398952841758728
1 0.0820000022649765 0.0 0.0540035180747509 10.5999174118042 0.035005345940589905 30.374956130981445 0.08100000023841858 0.6003895998001099
4 0.05902528017759323 16.85366439819336 0.03303873538970947 71.56587982177734 0.04002098739147186 52.370826721191406 0.08300052583217621 0.0
1 0.03701072931289673 26.894582748413086 0.03800753876566887 26.127946853637695 0.03601209074258804 28.301095962524414 0.06600116193294525 2.799992561340332
3 0.08300410956144333 0.0 0.0580131821334362 16.387779235839844 0.04300791770219803 41.25503921508789 0.04001693055033684 48.44316864013672
4 0.07800000160932541 2.047804594039917 0.0770011842250824 2.0338404178619385 0.057010240852832794 20.8437557220459 0.07100893557071686 5.149062633514404
3 0.07400492578744888 2.4367690086364746 0.06199999898672104 12.305778503417969 0.04901447519659996 30.276065826416016 0.03202415630221367 67.05780792236328
2 0.036026809364557266 39.884674072265625 0.05300202965736389 16.157930374145508 0.051008228212594986 18.711688995361328 0.0430084653198719 28.5004825592041
1 0.041007932275533676 13.424097061157227 0.05200700834393501 8.18025016784668 0.047003064304590225 9.681818008422852 0.04200385510921478 13.319209098815918
4 0.059000059962272644 20.26950454711914 0.03803126513957977 67.68685150146484 0.03003745898604393 94.95831298828125 0.08500000089406967 1.7542195320129395
