# vtk DataFile Version 2.0
ball_very_fine, Created by Gmsh 4.13.1 
ASCII
DATASET UNSTRUCTURED_GRID
POINTS 1347 double
0 0 -0.04500000178813934
0.004341175779700279 -0.003154011676087976 -0.04467892646789551
-0.001658148132264614 -0.005103341303765774 -0.04467892646789551
0.03256233409047127 -0.02365764044225216 -0.0201248787343502
0.03038849681615829 -0.02207827381789684 -0.02478082478046417
0.03472971171140671 -0.01892423629760742 -0.02146440930664539
-0.005366025492548943 0 -0.04467891901731491
-0.001658148132264614 0.005103341303765774 -0.04467892646789551
0.004341175779700279 0.003154011676087976 -0.04467892646789551
0.03575461357831955 -0.02207829989492893 -0.01609832793474197
-0.01243745908141136 -0.0382792130112648 -0.02012489177286625
-0.007265936117619276 -0.03887781128287315 -0.02146444655954838
-0.009949003346264362 -0.04082720354199409 -0.01609835214912891
-0.04024918004870415 0 -0.02012470364570618
-0.0392204187810421 -0.005103352479636669 -0.0214642733335495
-0.04190346226096153 -0.003154019825160503 -0.01609820872545242
-0.01243745908141136 0.0382792130112648 -0.02012489177286625
-0.01697323843836784 0.03572376072406769 -0.02146444655954838
-0.01594841293990612 0.03887789323925972 -0.01609836891293526
0.03256233409047127 0.02365764044225216 -0.0201248787343502
0.0287303663790226 0.02718169242143631 -0.02146443352103233
0.03204676881432533 0.02718175202608109 -0.01609836146235466
0.03204676881432533 -0.02718175202608109 -0.01609836146235466
-0.01594841480255127 -0.03887789323925972 -0.01609837077558041
-0.04190346226096153 0.003154019825160503 -0.01609820872545242
-0.009949003346264362 0.04082720354199409 -0.01609835214912891
0.03575461357831955 0.02207830175757408 -0.01609832793474197
0.01243745908141136 -0.0382792130112648 0.02012489177286625
0.01697323843836784 -0.03572376072406769 0.02146444655954838
0.01160714495927095 -0.0357237197458744 0.02478083968162537
-0.03256233409047127 -0.02365764044225216 0.0201248787343502
-0.0287303663790226 -0.02718169242143631 0.02146443352103233
-0.03038849681615829 -0.02207827381789684 0.02478082478046417
-0.03256233409047127 0.02365764044225216 0.0201248787343502
-0.03472971171140671 0.01892423629760742 0.02146440930664539
-0.03038849681615829 0.02207827381789684 0.02478082478046417
0.01243745908141136 0.0382792130112648 0.02012489177286625
0.007265936117619276 0.03887781128287315 0.02146444655954838
0.01160714495927095 0.0357237197458744 0.02478083968162537
0.04024918004870415 0 0.02012470364570618
0.0392204187810421 0.005103352479636669 0.0214642733335495
0.03756222128868103 0 0.0247806366533041
0.005366025492548943 0 0.04467891901731491
0.001658148015849292 0.005103341769427061 0.04467892646789551
0 0 0.04500000178813934
0.01130161620676517 0 0.04355770349502563
0.00747889606282115 0.005433718208223581 0.04404021799564362
0.01753530651330948 0 0.04144289344549179
0.01382252760231495 0.005693304818123579 0.04244436696171761
0.02365784347057343 0 0.03827932476997375
0.0203118696808815 0.005837880074977875 0.03972842171788216
0.02922552078962326 0 0.0342179648578167
0.02645023353397846 0.005837892182171345 0.03593472391366959
0.03390487655997276 0 0.02958816662430763
0.03178159892559052 0.005693338811397552 0.03134511038661003
0.03604596853256226 0.005433764774352312 0.02638488262891769
0.003492299001663923 0.0107483733445406 0.04355773702263832
0.009686018340289593 0.01138660963624716 0.04244439303874969
0.005418568849563599 0.01667692326009274 0.04144296050071716
0.01628101617097855 0.01182883512228727 0.04024931415915489
0.01182878296822309 0.01751363836228848 0.03972848504781723
0.007310501299798489 0.02249979041516781 0.0382794514298439
0.02280278876423836 0.01198811922222376 0.03689603880047798
0.01844778470695019 0.01798217743635178 0.03689607605338097
0.01372561044991016 0.02335156872868538 0.03593483567237854
0.009030981920659542 0.02779497765004635 0.03421813622117043
0.02871870994567871 0.0118288854137063 0.03256245329976082
0.02475036308169365 0.01798221655189991 0.03300089761614799
0.02012441121041775 0.02365777082741261 0.03256252408027649
0.01523558143526316 0.02846669219434261 0.03134524822235107
0.01047696825116873 0.03224534168839455 0.0295883622020483
0.03363147377967834 0.01138669904321432 0.02764538675546646
0.03024390898644924 0.01751374639570713 0.02834739536046982
0.02600236795842648 0.02335166186094284 0.0283474288880825
0.02122196182608604 0.02846674807369709 0.02764548361301422
0.01630645804107189 0.03260259702801704 0.02638504095375538
0.03739727661013603 0.01074840221554041 0.02260343916714191
0.0346442423760891 0.01667697913944721 0.02338065765798092
0.03096852079033852 0.02249986119568348 0.02365813031792641
0.02656645700335503 0.02779505401849747 0.02338073030114174
0.02177871577441692 0.03224540501832962 0.02260357700288296
0.01697323843836784 0.03572376072406769 0.02146444655954838
-0.004341175779700279 0.003154011676087976 0.04467892646789551
-0.002856719074770808 0.0087919095531106 0.04404022917151451
-0.00114335841499269 0.01490522921085358 0.04244439676403999
0.0007244177395477891 0.02112160623073578 0.03972849622368813
0.002621231134980917 0.02695953287184238 0.03593484312295914
0.004406171850860119 0.0319853164255619 0.03134526312351227
0.005970792844891548 0.03596078976988792 0.02638505399227142
-0.009143142960965633 0.006642803549766541 0.04355773702263832
-0.007836220785975456 0.01273055095225573 0.04244439676403999
-0.01418628357350826 0.01030681654810905 0.04144295677542686
-0.006218877620995045 0.01913937926292419 0.04024934768676758
-0.01300122030079365 0.01666180044412613 0.03972848877310753
-0.01913952268660069 0.01390551310032606 0.03827944025397301
-0.00435506459325552 0.02539115212857723 0.03689610958099365
-0.01140148006379604 0.02310159429907799 0.03689610585570335
-0.01796726509928703 0.02026981301605701 0.03593483567237854
-0.02364389039576054 0.01717808842658997 0.03421812504529953
-0.002375531941652298 0.0309683233499527 0.03256255760788918
-0.009453941136598587 0.02909570187330246 0.03300095722079277
-0.01628116704523563 0.02645002864301205 0.03256255015730858
-0.02236542105674744 0.02328654564917088 0.03134525194764137
-0.02742960304021835 0.01992853730916977 0.02958834916353226
-0.0004368808295112103 0.03550401329994202 0.02764551527798176
-0.007310828194022179 0.03417560830712318 0.02834748290479183
-0.01417368184775114 0.03194569423794746 0.02834748104214668
-0.02051560580730438 0.02897992357611656 0.02764550596475601
-0.02596797607839108 0.02558307908475399 0.02638504281640053
0.001333767315372825 0.03888829052448273 0.0226035863161087
-0.005155377089977264 0.03810199722647667 0.02338076196610928
-0.01182909682393074 0.0364055298268795 0.02365819551050663
-0.01822538115084171 0.03385521844029427 0.02338075824081898
-0.02393734455108643 0.0306770633906126 0.02260357886552811
-0.0287303663790226 0.02718169242143631 0.02146443352103233
-0.004341175779700279 -0.003154011676087976 0.04467892646789551
-0.009244419634342194 0 0.04404021799564362
-0.01452907826751471 0.003518622601404786 0.0424443781375885
-0.0198640264570713 0.007215945050120354 0.03972846269607544
-0.02483007498085499 0.01082393527030945 0.03593480587005615
-0.02905828878283501 0.01407455466687679 0.03134521469473839
-0.03235569596290588 0.0167910773307085 0.02638500928878784
-0.009143142960965633 -0.006642803549766541 0.04355773702263832
-0.01452907826751471 -0.003518623067066073 0.0424443781375885
-0.01418628357350826 -0.01030681654810905 0.04144295677542686
-0.02012444473803043 0 0.0402493067085743
-0.0198640264570713 -0.007215945050120354 0.03972846269607544
-0.01913952268660069 -0.01390551310032606 0.03827944025397301
-0.02549427375197411 0.003704490605741739 0.03689605370163918
-0.02549427375197411 -0.003704491537064314 0.03689605370163918
-0.02483007498085499 -0.01082393620163202 0.03593480587005615
-0.02364389039576054 -0.01717808842658997 0.03421812504529953
-0.03018675185739994 0.007310566026717424 0.0325624905526638
-0.03059316240251064 0 0.0330008864402771
-0.03018675185739994 -0.007310566492378712 0.0325624905526638
-0.02905828878283501 -0.01407455466687679 0.03134521469473839
-0.02742960304021835 -0.01992853730916977 0.02958834916353226
-0.03390135616064072 0.01055592112243176 0.02764544636011124
-0.03476215526461601 0.00360798230394721 0.02834740094840527
-0.03476215526461601 -0.003607984399423003 0.02834740094840527
-0.03390135616064072 -0.0105559229850769 0.02764544636011124
-0.03235569596290588 -0.01679107919335365 0.02638500928878784
-0.03657282143831253 0.01328569743782282 0.02260352857410908
-0.03783027082681656 0.00687124440446496 0.02338068559765816
-0.03827915713191032 5.474209419098486e-10 0.02365811727941036
-0.03783027082681656 -0.006871243473142385 0.02338068559765816
-0.03657282143831253 -0.01328569743782282 0.02260352857410908
-0.03472971171140671 -0.01892423629760742 0.02146440930664539
0.001658148015849292 -0.005103341769427061 0.04467892646789551
-0.002856719540432096 -0.0087919095531106 0.04404022917151451
-0.007836221717298031 -0.01273055281490088 0.04244439676403999
-0.01300122030079365 -0.01666180044412613 0.03972848877310753
-0.01796726323664188 -0.02026981301605701 0.03593483939766884
-0.02236542291939259 -0.02328654937446117 0.03134525194764137
-0.02596797607839108 -0.02558307908475399 0.02638504095375538
0.003492299001663923 -0.0107483733445406 0.04355773702263832
-0.00114335841499269 -0.01490522921085358 0.04244439676403999
0.005418568849563599 -0.01667692326009274 0.04144296050071716
-0.006218877620995045 -0.01913937740027905 0.04024934396147728
0.0007244172156788409 -0.02112160064280033 0.03972849249839783
0.007310501299798489 -0.02249979041516781 0.0382794514298439
-0.01140147726982832 -0.02310159243643284 0.03689610585570335
-0.004355064127594233 -0.02539115399122238 0.03689610958099365
0.002621231134980917 -0.02695953473448753 0.03593484312295914
0.009030981920659542 -0.02779497765004635 0.03421813622117043
-0.01628116704523563 -0.0264500305056572 0.03256255015730858
-0.009453942067921162 -0.02909570373594761 0.03300095722079277
-0.00237553077749908 -0.0309683233499527 0.03256255388259888
0.004406172782182693 -0.0319853164255619 0.03134526312351227
0.01047696825116873 -0.03224534168839455 0.0295883622020483
-0.02051560580730438 -0.02897992357611656 0.02764550410211086
-0.01417368277907372 -0.03194569423794746 0.02834747731685638
-0.007310828194022179 -0.03417560830712318 0.02834748104214668
-0.0004368803056422621 -0.03550401329994202 0.02764551341533661
0.005970793310552835 -0.03596079349517822 0.02638505399227142
-0.02393734641373158 -0.0306770596653223 0.02260357886552811
-0.01822538487613201 -0.03385521844029427 0.02338076010346413
-0.01182909868657589 -0.0364055223762989 0.02365819551050663
-0.005155378952622414 -0.03810199722647667 0.02338076569139957
0.001333766733296216 -0.03888828679919243 0.0226035863161087
0.007265936117619276 -0.03887780755758286 0.02146444655954838
0.00747889606282115 -0.005433718208223581 0.04404021799564362
0.009686019271612167 -0.01138660963624716 0.04244439303874969
0.01182878203690052 -0.01751363836228848 0.03972848504781723
0.01372560951858759 -0.02335156872868538 0.03593483567237854
0.01523558143526316 -0.02846669219434261 0.03134524822235107
0.01630645804107189 -0.03260259330272675 0.02638504095375538
0.01382252853363752 -0.005693304352462292 0.04244436696171761
0.01628101617097855 -0.0118288341909647 0.04024931415915489
0.0203118696808815 -0.005837879609316587 0.03972842171788216
0.01844778470695019 -0.01798217743635178 0.03689607977867126
0.02280278876423836 -0.01198811922222376 0.03689604252576828
0.02645023353397846 -0.005837892182171345 0.03593472391366959
0.0201244130730629 -0.02365777082741261 0.03256252408027649
0.0247503649443388 -0.01798222027719021 0.03300089761614799
0.02871871180832386 -0.0118288854137063 0.03256245329976082
0.03178159892559052 -0.005693338811397552 0.03134511038661003
0.02122196182608604 -0.02846674621105194 0.02764548175036907
0.02600236795842648 -0.02335165999829769 0.02834742702543736
0.03024390712380409 -0.01751374453306198 0.02834739536046982
0.03363147377967834 -0.01138669718056917 0.02764538675546646
0.03604597598314285 -0.005433764308691025 0.02638488449156284
0.02177871391177177 -0.03224540501832962 0.02260357327759266
0.02656645700335503 -0.02779505401849747 0.02338072843849659
0.03096852079033852 -0.02249986119568348 0.02365812845528126
0.0346442423760891 -0.01667697913944721 0.02338065393269062
0.03739727661013603 -0.01074840407818556 0.02260343916714191
0.0392204187810421 -0.005103353410959244 0.0214642733335495
0.04190346226096153 0.003154019825160503 0.01609820872545242
0.04304815828800201 0.006642826367169619 0.01130172703415155
0.04066828265786171 0.008791939355432987 0.01714037358760834
0.04341201111674309 0.01030685938894749 0.005845167674124241
0.04146785289049149 0.01273061148822308 0.0119728296995163
0.04279760643839836 0.01390556804835796 5.474214970213609e-10
0.04134853184223175 0.01666188985109329 0.006138434167951345
0.04117942601442337 0.01717814989387989 -0.005845183972269297
0.04017624258995056 0.02026992104947567 -9.780486420751799e-10
0.03873139619827271 0.01992858946323395 -0.01130178850144148
0.03803806379437447 0.02328665927052498 -0.00598644744604826
0.03521256893873215 0.0255831740796566 -0.01142700668424368
0.03847463801503181 0.01490529533475637 0.01795924082398415
0.03878118470311165 0.0191394854336977 0.01243782695382833
0.03521008789539337 0.02112170495092869 0.0184153001755476
0.03809968754649162 0.02310174144804478 0.006302657071501017
0.03494835644960403 0.02539131231606007 0.01260531786829233
0.0309685654938221 0.02695966511964798 0.01841533742845058
0.03640586882829666 0.02645019441843033 0
0.03374470770359039 0.02909589931368828 0.006302674300968647
0.03018693067133427 0.03096850961446762 0.01243788376450539
0.02606516890227795 0.03198545053601265 0.01795933954417706
0.03390158340334892 0.02898008748888969 -0.005986457224935293
0.03169320523738861 0.03194590285420418 5.326857177578859e-09
0.02862397022545338 0.03417583182454109 0.006138480734080076
0.02492189407348633 0.03550420701503754 0.01197292841970921
0.02092881314456463 0.03596091270446777 0.01714051701128483
0.03092213720083237 0.03067719005048275 -0.01130183879286051
0.02906277216970921 0.03385541215538979 -0.005845224019140005
0.02645035646855831 0.03640575706958771 -5.474262709803668e-10
0.02321755141019821 0.03810220956802368 0.005845223553478718
0.01962030865252018 0.03888845443725586 0.01130184251815081
0.01594841480255127 0.03887789323925972 0.01609837077558041
0.009949003346264362 0.04082720354199409 0.01609835214912891
0.006984678562730551 0.04299398884177208 0.01130181830376387
0.004205297213047743 0.0413946732878685 0.01714049838483334
0.003612419124692678 0.04447228088974953 0.005845208652317524
0.0007064900128170848 0.04337223619222641 0.01197289768606424
2.737123028229149e-10 0.04500000178813934 5.474246056458298e-10
-0.003069225465878844 0.04447358101606369 0.00613845232874155
-0.003612418426200747 0.04447228088974953 -0.005845207255333662
-0.006862886250019073 0.04447359964251518 -1.467073484917591e-08
-0.006984678562730551 0.04299399256706238 -0.01130181830376387
-0.01039265561848879 0.04337228834629059 -0.005986474454402924
-0.01344983838498592 0.04139474779367447 -0.01142703089863062
-0.002286734757944942 0.04119748994708061 0.01795933395624161
-0.006218932569026947 0.04279747977852821 0.01243786700069904
-0.009207677096128464 0.04001366719603539 0.01841535605490208
-0.01019781176000834 0.04337374493479729 0.006302657537162304
-0.01334914285689592 0.04108413681387901 0.01260532904416323
-0.01607055962085724 0.03778374940156937 0.01841535978019238
-0.01390574127435684 0.04279755055904388 -2.049885239330251e-08
-0.01724430546164513 0.04108418524265289 0.006302660796791315
-0.02012467756867409 0.03827919438481331 0.01243787724524736
-0.02236553654074669 0.03467340394854546 0.01795933768153191
-0.01708561740815639 0.04119762033224106 -0.005986480507999659
-0.02058870531618595 0.04001381248235703 -1.65132600926654e-08
-0.02365793846547604 0.03778387606143951 0.006138461641967297
-0.02606529928743839 0.03467347472906113 0.01197291165590286
-0.02773358672857285 0.03101695887744427 0.01714050583541393
-0.01962030865252018 0.03888845443725586 -0.01130184158682823
-0.02321755327284336 0.03810221701860428 -0.00584522495046258
-0.02645035274326801 0.03640575334429741 -5.474261599580643e-10
-0.02906277216970921 0.03385541215538979 0.005845222622156143
-0.03092213906347752 0.03067719377577305 0.01130183693021536
-0.03204676881432533 0.02718175202608109 0.01609836146235466
-0.03575461357831955 0.02207829989492893 0.01609832793474197
-0.03873139619827271 0.0199285876005888 0.01130178943276405
-0.03806919604539871 0.01679110713303089 0.01714045181870461
-0.04117942601442337 0.01717814803123474 0.005845185369253159
-0.04103116691112518 0.01407460123300552 0.01197285018861294
-0.04279760643839836 0.01390556804835796 5.474214970213609e-10
-0.04324536025524139 0.01082397904247046 0.00613842811435461
-0.04341201111674309 0.01030685938894749 -0.005845166742801666
-0.04441767558455467 0.007215974386781454 3.912191459676251e-09
-0.04304815828800201 0.006642826367169619 -0.01130172610282898
-0.04446102306246758 0.003518628422170877 -0.005986394360661507
-0.04352500662207603 -1.809694971655063e-08 -0.01142688561230898
-0.03988780453801155 0.0105559453368187 0.01795926503837109
-0.04262459278106689 0.007310593035072088 0.01243781391531229
-0.04090061411261559 0.003607993479818106 0.01841528154909611
-0.04440217837691307 0.00370450341142714 0.006302641704678535
-0.04319845885038376 -3.012635030330557e-09 0.0126052787527442
-0.04090060666203499 -0.003607991384342313 0.01841528713703156
-0.04500000178813934 -1.639904745331933e-08 2.767339246645406e-08
-0.04440217465162277 -0.003704525530338287 0.006302668713033199
-0.0426245853304863 -0.007310605607926846 0.01243784558027983
-0.03988779336214066 -0.01055594813078642 0.01795928739011288
-0.04446102306246758 -0.003518670331686735 -0.005986358970403671
-0.04441766813397408 -0.007216015364974737 6.498745364069691e-08
-0.0432453453540802 -0.01082401350140572 0.00613849563524127
-0.04103114083409309 -0.01407462265342474 0.01197290606796741
-0.03806917741894722 -0.01679111830890179 0.01714047789573669
-0.04304815828800201 -0.006642826367169619 -0.01130172703415155
-0.04341201111674309 -0.01030685938894749 -0.005845167674124241
-0.04279760643839836 -0.01390556804835796 -5.474214970213609e-10
-0.04117942601442337 -0.01717814989387989 0.005845183972269297
-0.03873139619827271 -0.01992858946323395 0.01130178850144148
-0.03575461357831955 -0.02207830175757408 0.01609832793474197
-0.03204676881432533 -0.02718175202608109 0.01609836146235466
-0.03092213720083237 -0.03067719005048275 0.01130183879286051
-0.02773359045386314 -0.03101694770157337 0.01714050024747849
-0.02906277216970921 -0.03385541215538979 0.005845224019140005
-0.02606531791388988 -0.03467346355319023 0.01197290141135454
-0.02645035646855831 -0.03640575706958771 5.474262709803668e-10
-0.02365796454250813 -0.03778386116027832 0.006138449069112539
-0.02321755141019821 -0.03810220956802368 -0.005845223553478718
-0.02058872953057289 -0.04001380130648613 -2.689632516705842e-08
-0.01962030865252018 -0.03888845443725586 -0.01130184251815081
-0.01708563789725304 -0.04119761288166046 -0.005986489355564117
-0.01344984862953424 -0.04139474034309387 -0.01142703369259834
-0.02236555889248848 -0.03467339649796486 0.01795933023095131
-0.02012471295893192 -0.03827917575836182 0.01243785861879587
-0.01607059128582478 -0.03778374567627907 0.01841535046696663
-0.01724434271454811 -0.041084174066782 0.006302642170339823
-0.01334918290376663 -0.04108412563800812 0.01260531321167946
-0.009207705035805702 -0.04001365974545479 0.01841534674167633
-0.0139057757332921 -0.04279754310846329 -3.587294017393106e-08
-0.01019784994423389 -0.04337373375892639 0.006302640773355961
-0.006218967493623495 -0.04279748350381851 0.01243785675615072
-0.002286755014210939 -0.04119749367237091 0.01795933023095131
-0.01039267145097256 -0.04337227717041969 -0.005986480042338371
-0.00686290767043829 -0.04447359591722488 -2.343811544847085e-08
-0.003069248516112566 -0.04447358101606369 0.006138445343822241
0.0007064726087264717 -0.04337223619222641 0.01197289116680622
0.004205287899821997 -0.0413946770131588 0.01714049652218819
-0.006984678562730551 -0.04299398884177208 -0.01130181830376387
-0.003612419124692678 -0.04447228088974953 -0.005845208652317524
-2.737123028229149e-10 -0.04500000178813934 -5.474246056458298e-10
0.003612418426200747 -0.04447228088974953 0.005845207255333662
0.006984678562730551 -0.04299399256706238 0.01130181830376387
0.009949003346264362 -0.04082720354199409 0.01609835214912891
0.01594841293990612 -0.03887789323925972 0.01609836891293526
0.01962030865252018 -0.03888845443725586 0.01130184158682823
0.02092881314456463 -0.03596092760562897 0.01714050397276878
0.02321755327284336 -0.03810221701860428 0.00584522495046258
0.02492188662290573 -0.03550421819090843 0.01197289302945137
0.02645035274326801 -0.03640575334429741 5.474261599580643e-10
0.02862395904958248 -0.03417585045099258 0.006138433236628771
0.02906277216970921 -0.03385541215538979 -0.005845222622156143
0.03169318661093712 -0.03194592148065567 -4.939143494198106e-08
0.03092213906347752 -0.03067719377577305 -0.01130183693021536
0.03390155732631683 -0.02898010425269604 -0.005986509844660759
0.03521254658699036 -0.0255831852555275 -0.01142705045640469
0.02606516517698765 -0.03198547661304474 0.01795931160449982
0.03018691577017307 -0.03096854314208031 0.01243782602250576
0.03096856363117695 -0.02695969305932522 0.01841529831290245
0.0337446853518486 -0.02909594029188156 0.006302596069872379
0.03494834527373314 -0.02539136074483395 0.01260524336248636
0.03521008789539337 -0.02112174592912197 0.01841525547206402
0.03640583902597427 -0.02645023725926876 -8.609504220657982e-08
0.03809966892004013 -0.02310180105268955 0.006302561145275831
0.03878118470311165 -0.01913954503834248 0.01243774872273207
0.03847464919090271 -0.01490533445030451 0.01795919984579086
0.03803802654147148 -0.02328669279813766 -0.005986526608467102
0.04017621278762817 -0.020269975066185 -1.022753792767617e-07
0.04134852066636086 -0.01666195131838322 0.006138334050774574
0.04146786034107208 -0.01273066736757755 0.01197275333106518
0.0406682975590229 -0.008791973814368248 0.0171403381973505
0.03873139619827271 -0.0199285876005888 -0.01130178943276405
0.04117942601442337 -0.01717814803123474 -0.005845185369253159
0.04279760643839836 -0.01390556804835796 -5.474214970213609e-10
0.04341201111674309 -0.01030685938894749 0.005845166742801666
0.04304815828800201 -0.006642826367169619 0.01130172610282898
0.04190346226096153 -0.003154019825160503 0.01609820872545242
0.01344985049217939 0.04139474779367447 0.01142702531069517
0.01708563975989819 0.04119761288166046 0.005986467469483614
0.02058873139321804 0.04001380130648613 -2.840750412680393e-10
0.02365796267986298 0.03778386116027832 -0.006138478871434927
0.02606531232595444 0.03467345982789993 -0.01197292562574148
0.02773358859121799 0.03101694770157337 -0.01714051142334938
0.010392677038908 0.04337228462100029 0.005986463278532028
0.01390577480196953 0.04279754310846329 -8.755182417539888e-16
0.006862909998744726 0.04447359219193459 2.840733204223511e-10
0.01724434085190296 0.0410841703414917 -0.006302685011178255
0.0101978462189436 0.04337372630834579 -0.006302681285887957
0.003069248981773853 0.04447357729077339 -0.006138468626886606
0.02012470550835133 0.03827917203307152 -0.01243789680302143
0.01334917452186346 0.04108411818742752 -0.01260535418987274
0.006218960974365473 0.04279747232794762 -0.01243788935244083
-0.0007064741221256554 0.04337222874164581 -0.01197290886193514
0.02236554957926273 0.03467339277267456 -0.0179593488574028
0.01607057638466358 0.03778374195098877 -0.01841537281870842
0.009207693859934807 0.04001365602016449 -0.01841536909341812
0.002286746865138412 0.04119748249650002 -0.01795934326946735
-0.004205291625112295 0.0413946732878685 -0.01714050769805908
0.02393734641373158 0.0306770596653223 -0.02260357886552811
0.01822538487613201 0.03385521844029427 -0.02338076010346413
0.01182909868657589 0.0364055223762989 -0.02365819551050663
0.005155378952622414 0.03810199722647667 -0.02338076569139957
-0.001333766733296216 0.03888828679919243 -0.0226035863161087
-0.007265936117619276 0.03887780755758286 -0.02146444655954838
-0.03521256148815155 0.02558318339288235 0.0114270094782114
-0.03390155732631683 0.02898010425269604 0.00598645955324173
-0.03169317543506622 0.03194593638181686 -2.84075929446459e-10
-0.02862393110990524 0.03417587280273438 -0.006138474214822054
-0.02492184937000275 0.03550423681735992 -0.01197291817516088
-0.02092876844108105 0.03596094623208046 -0.01714050583541393
-0.03803804144263268 0.02328668162226677 0.005986446980386972
-0.03640583530068398 0.02645024657249451 -2.451452686273769e-15
-0.04017622023820877 0.02026995830237865 2.840710722207263e-10
-0.03374464437365532 0.0290959645062685 -0.006302672438323498
-0.03809963911771774 0.02310181595385075 -0.00630265986546874
-0.04134851694107056 0.01666194200515747 -0.006138437427580357
-0.03018685802817345 0.03096858039498329 -0.01243787724524736
-0.03494828566908836 0.02539140172302723 -0.01260531786829233
-0.03878113999962807 0.01913957670331001 -0.01243783533573151
-0.04146783798933029 0.01273066643625498 -0.01197283621877432
-0.02606509439647198 0.03198552131652832 -0.01795933023095131
-0.03096848726272583 0.02695976197719574 -0.01841533556580544
-0.035210020840168 0.02112181670963764 -0.0184153076261282
-0.03847460076212883 0.01490538753569126 -0.01795925386250019
-0.04066826775670052 0.008791991509497166 -0.01714038290083408
-0.02177871391177177 0.03224540501832962 -0.02260357327759266
-0.02656645700335503 0.02779505401849747 -0.02338072843849659
-0.03096852079033852 0.02249986119568348 -0.02365812845528126
-0.0346442423760891 0.01667697913944721 -0.02338065393269062
-0.03739727661013603 0.01074840407818556 -0.02260343916714191
-0.0392204187810421 0.005103353410959244 -0.0214642733335495
-0.03521256148815155 -0.02558318339288235 0.0114270094782114
-0.03803804144263268 -0.02328668534755707 0.005986446980386972
-0.04017622023820877 -0.0202699601650238 -2.840710444651506e-10
-0.04134851321578026 -0.01666194200515747 -0.006138437893241644
-0.04146783798933029 -0.01273066643625498 -0.01197283808141947
-0.04066827148199081 -0.008791991509497166 -0.01714038290083408
-0.03390155732631683 -0.02898010611534119 0.005986460018903017
-0.03640583157539368 -0.02645024657249451 2.509820456119641e-15
-0.03169317170977592 -0.03194593265652657 2.840759572020346e-10
-0.03809964284300804 -0.0231018178164959 -0.006302661262452602
-0.03374464809894562 -0.02909596636891365 -0.006302673369646072
-0.02862392924726009 -0.03417586535215378 -0.006138473283499479
-0.03878114372491837 -0.01913957670331001 -0.01243783719837666
-0.03494828939437866 -0.02539140172302723 -0.01260531973093748
-0.0301868598908186 -0.03096858039498329 -0.01243787910789251
-0.02492184937000275 -0.03550423681735992 -0.01197291910648346
-0.03847460448741913 -0.01490538753569126 -0.01795925199985504
-0.035210020840168 -0.02112181298434734 -0.0184153039008379
-0.03096848912537098 -0.02695976011455059 -0.01841533370316029
-0.02606509625911713 -0.03198552131652832 -0.01795933023095131
-0.02092876844108105 -0.03596094623208046 -0.01714050583541393
-0.03739727661013603 -0.01074840221554041 -0.02260343916714191
-0.0346442423760891 -0.01667697913944721 -0.02338065765798092
-0.03096852079033852 -0.02249986119568348 -0.02365813031792641
-0.02656645700335503 -0.02779505401849747 -0.02338073030114174
-0.02177871577441692 -0.03224540501832962 -0.02260357700288296
-0.01697323843836784 -0.03572376072406769 -0.02146444655954838
0.01344985049217939 -0.04139474779367447 0.01142702531069517
0.01039267517626286 -0.04337227717041969 0.005986461881548166
0.006862909067422152 -0.04447359219193459 -2.840733481779267e-10
0.003069248981773853 -0.04447357729077339 -0.006138469558209181
-0.000706473714672029 -0.04337223246693611 -0.01197291072458029
-0.004205291625112295 -0.0413946732878685 -0.01714050769805908
0.01708563789725304 -0.04119761660695076 0.005986467469483614
0.01390577387064695 -0.04279754310846329 8.171503660289975e-16
0.02058872953057289 -0.04001380130648613 2.840749580013124e-10
0.01019784808158875 -0.04337373003363609 -0.006302682217210531
0.01724434085190296 -0.0410841666162014 -0.00630268407985568
0.02365796267986298 -0.03778386116027832 -0.006138477474451065
0.006218961905688047 -0.04279747232794762 -0.01243788842111826
0.01334917452186346 -0.04108412191271782 -0.01260535232722759
0.02012470364570618 -0.03827917203307152 -0.01243789494037628
0.02606531046330929 -0.03467345982789993 -0.01197292283177376
0.002286747563630342 -0.04119748249650002 -0.01795934699475765
0.009207694791257381 -0.04001365602016449 -0.01841537468135357
0.01607057452201843 -0.03778373822569847 -0.01841537281870842
0.02236554957926273 -0.03467339277267456 -0.01795935072004795
0.02773358859121799 -0.03101694770157337 -0.01714051328599453
-0.001333767315372825 -0.03888829052448273 -0.0226035863161087
0.005155377089977264 -0.03810199722647667 -0.02338076196610928
0.01182909682393074 -0.0364055298268795 -0.02365819551050663
0.01822538115084171 -0.03385521844029427 -0.02338075824081898
0.02393734455108643 -0.0306770633906126 -0.02260357886552811
0.0287303663790226 -0.02718169242143631 -0.02146443352103233
0.04352500289678574 0 0.01142691541463137
0.04446102306246758 -0.003518638201057911 0.005986410193145275
0.04441767558455467 -0.007215976249426603 -2.840718493768435e-10
0.04324536025524139 -0.01082397624850273 -0.006138432770967484
0.04103116318583488 -0.0140745947137475 -0.01197285950183868
0.03806919977068901 -0.01679110340774059 -0.01714045740664005
0.04446102306246758 0.003518638201057911 0.005986410658806562
0.04500000178813934 0 2.918389815782628e-17
0.04441767558455467 0.007215976249426603 2.840718493768435e-10
0.04440217837691307 -0.003704506205394864 -0.006302636116743088
0.04440217837691307 0.003704507136717439 -0.006302636116743088
0.04324536025524139 0.01082397717982531 -0.006138432305306196
0.04262459278106689 -0.007310587447136641 -0.01243782136589289
0.04319846257567406 1.558104312238129e-09 -0.01260527595877647
0.04262459278106689 0.007310590706765652 -0.01243782136589289
0.04103116318583488 0.01407459657639265 -0.01197285950183868
0.03988780081272125 -0.01055593695491552 -0.01795927248895168
0.04090061038732529 -0.003607987891882658 -0.01841528713703156
0.04090061038732529 0.003607991617172956 -0.01841528713703156
0.03988780081272125 0.01055593974888325 -0.01795927248895168
0.03806919977068901 0.01679110527038574 -0.01714045740664005
0.03657282143831253 -0.01328569743782282 -0.02260352857410908
0.03783027082681656 -0.00687124440446496 -0.02338068559765816
0.03827915713191032 -5.474209419098486e-10 -0.02365811727941036
0.03783027082681656 0.006871243473142385 -0.02338068559765816
0.03657282143831253 0.01328569743782282 -0.02260352857410908
0.03472971171140671 0.01892423629760742 -0.02146440930664539
0.03038849681615829 0.02207827381789684 -0.02478082478046417
0.02742960304021835 0.01992853730916977 -0.02958834916353226
0.02596797607839108 0.02558308467268944 -0.02638503722846508
0.02364389039576054 0.01717808842658997 -0.03421812504529953
0.02236542105674744 0.02328656427562237 -0.03134524077177048
0.01913952268660069 0.01390551310032606 -0.03827944025397301
0.01796725764870644 0.0202698428183794 -0.03593482449650764
0.01418628357350826 0.01030681654810905 -0.04144295677542686
0.01300121191889048 0.01666184142231941 -0.03972847014665604
0.009143142960965633 0.006642803549766541 -0.04355773702263832
0.007836210541427135 0.01273060124367476 -0.0424443855881691
0.002856704406440258 0.008791962638497353 -0.04404021427035332
0.02051560394465923 0.02897993847727776 -0.02764549106359482
0.01628115773200989 0.02645006403326988 -0.03256252780556679
0.01417367719113827 0.03194571286439896 -0.02834745869040489
0.01140146423131227 0.02310165576636791 -0.03689607605338097
0.009453927166759968 0.02909575775265694 -0.03300091996788979
0.007310820277780294 0.03417563810944557 -0.028347447514534
0.00621885759755969 0.01913945749402046 -0.04024931043386459
0.004355039913207293 0.02539123594760895 -0.03689605742692947
0.002375511219725013 0.03096838481724262 -0.0325624980032444
0.000436871632700786 0.03550403937697411 -0.02764547429978848
0.001143331872299314 0.01490532420575619 -0.0424443706870079
-0.0007244497537612915 0.02112171240150928 -0.03972843289375305
-0.002621262799948454 0.026959627866745 -0.03593476489186287
-0.004406195133924484 0.03198538348078728 -0.0313451923429966
-0.005970801692456007 0.03596082702279091 -0.02638500928878784
-0.00349229876883328 0.01074837148189545 -0.04355773702263832
-0.005418568849563599 0.01667692326009274 -0.04144296795129776
-0.007310500368475914 0.02249978855252266 -0.0382794514298439
-0.009030980989336967 0.0277949757874012 -0.03421813622117043
-0.01047696731984615 0.03224533796310425 -0.02958836406469345
-0.01160714402794838 0.0357237197458744 -0.02478083968162537
-0.01630649529397488 0.03260257095098495 -0.02638504654169083
-0.01523562241345644 0.02846666984260082 -0.03134525194764137
-0.01372564397752285 0.02335154637694359 -0.03593483194708824
-0.01182880997657776 0.01751362532377243 -0.03972848132252693
-0.009686035104095936 0.01138660218566656 -0.0424443855881691
-0.007478909101337194 0.005433716345578432 -0.04404021799564362
-0.02122202888131142 0.02846669591963291 -0.02764548733830452
-0.02012447640299797 0.02365772053599358 -0.03256252035498619
-0.02600244805216789 0.02335158735513687 -0.02834742516279221
-0.01844783686101437 0.01798214204609394 -0.03689606860280037
-0.02475043199956417 0.01798215322196484 -0.0330008827149868
-0.03024397604167461 0.01751366071403027 -0.02834737673401833
-0.01628105342388153 0.01182881556451321 -0.040249302983284
-0.02280284091830254 0.01198808196932077 -0.03689602389931679
-0.02871876209974289 0.01182882767170668 -0.03256242722272873
-0.03363151475787163 0.01138662733137608 -0.02764536254107952
-0.01382255367934704 0.005693298764526844 -0.04244435578584671
-0.02031190134584904 0.005837865173816681 -0.03972840309143066
-0.02645027078688145 0.005837867967784405 -0.0359347015619278
-0.0317816361784935 0.005693304818123579 -0.03134508430957794
-0.03604599833488464 0.005433725193142891 -0.0263848640024662
-0.01130161620676517 0 -0.04355770349502563
-0.01753530651330948 0 -0.04144289344549179
-0.02365784347057343 0 -0.03827932476997375
-0.02922552078962326 0 -0.0342179648578167
-0.03390487655997276 0 -0.02958816662430763
-0.03756222128868103 0 -0.0247806366533041
-0.03604598343372345 -0.005433731246739626 -0.0263848677277565
-0.03178162127733231 -0.005693322513252497 -0.03134509176015854
-0.0264502577483654 -0.005837896373122931 -0.03593470528721809
-0.02031189575791359 -0.005837904755026102 -0.03972840309143066
-0.01382255367934704 -0.005693346261978149 -0.04244435578584671
-0.007478916551917791 -0.005433767102658749 -0.04404020681977272
-0.03363151103258133 -0.01138664409518242 -0.02764536254107952
-0.02871875464916229 -0.01182886771857738 -0.03256241977214813
-0.03024396672844887 -0.0175136886537075 -0.02834736742079258
-0.02280283533036709 -0.01198814250528812 -0.0368960052728653
-0.02475042641162872 -0.01798221468925476 -0.03300085663795471
-0.0260024406015873 -0.02335161902010441 -0.02834740281105042
-0.01628106087446213 -0.01182889565825462 -0.04024928063154221
-0.01844784244894981 -0.01798222959041595 -0.03689602389931679
-0.02012447640299797 -0.0236577894538641 -0.03256247192621231
-0.02122202515602112 -0.02846672758460045 -0.02764545567333698
-0.009686056524515152 -0.0113866962492466 -0.04244436323642731
-0.01182883139699697 -0.01751373521983624 -0.03972842916846275
-0.01372565981000662 -0.0233516450971365 -0.03593475744128227
-0.01523563172668219 -0.02846674062311649 -0.0313451886177063
-0.01630649901926517 -0.03260260447859764 -0.02638500556349754
-0.00349229876883328 -0.01074837148189545 -0.04355773702263832
-0.005418568849563599 -0.01667692326009274 -0.04144296795129776
-0.007310500368475914 -0.02249978855252266 -0.0382794514298439
-0.009030980989336967 -0.0277949757874012 -0.03421813622117043
-0.01047696731984615 -0.03224533796310425 -0.02958836406469345
-0.01160714402794838 -0.0357237197458744 -0.02478083968162537
0.03235569968819618 0.01679107919335365 -0.02638500928878784
0.03390135988593102 0.01055591925978661 -0.02764544263482094
0.03476216271519661 0.003607975086197257 -0.02834738977253437
0.0347621738910675 -0.003607997670769691 -0.02834738418459892
0.03390137851238251 -0.01055593974888325 -0.02764542028307915
0.03235571458935738 -0.01679109595716 -0.02638497017323971
0.0290582962334156 0.01407455373555422 -0.03134521469473839
0.03018676862120628 0.007310555782169104 -0.03256248310208321
0.02483008615672588 0.01082392688840628 -0.03593479841947556
0.03059319034218788 -2.159051781802646e-08 -0.03300086408853531
0.02549430169165134 0.003704469883814454 -0.03689603507518768
0.0198640488088131 0.007215932942926884 -0.03972845524549484
0.03018679283559322 -0.007310598623007536 -0.03256244957447052
0.02549432404339314 -0.003704528557136655 -0.03689601272344589
0.02012449875473976 -3.305425977373488e-08 -0.0402492843568325
0.01452910993248224 0.00351860374212265 -0.04244436696171761
0.02905833907425404 -0.01407459378242493 -0.03134515509009361
0.02483014389872551 -0.01082398649305105 -0.03593473881483078
0.01986410282552242 -0.007215999998152256 -0.03972841054201126
0.01452914532274008 -0.003518668236210942 -0.04244435206055641
0.009244456887245178 -2.503821683319529e-08 -0.04404021054506302
0.02742960304021835 -0.01992853730916977 -0.02958834916353226
0.02364389039576054 -0.01717808842658997 -0.03421812504529953
0.01913952268660069 -0.01390551310032606 -0.03827944025397301
0.01418628357350826 -0.01030681654810905 -0.04144295677542686
0.009143142960965633 -0.006642803549766541 -0.04355773702263832
-0.005970783531665802 -0.03596080094575882 -0.02638505026698112
-0.00440615601837635 -0.0319853276014328 -0.03134525567293167
-0.002621207386255264 -0.02695955149829388 -0.03593483194708824
-0.0007243850850500166 -0.02112162858247757 -0.03972847759723663
0.001143395900726318 -0.01490525994449854 -0.0424443855881691
0.002856760052964091 -0.008791942149400711 -0.04404022172093391
0.0004368993395473808 -0.03550402447581291 -0.02764550037682056
0.002375566400587559 -0.03096834570169449 -0.03256253525614738
0.007310855202376842 -0.03417561948299408 -0.02834745869040489
0.004355114419013262 -0.02539118751883507 -0.03689607977867126
0.009453992359340191 -0.0290957298129797 -0.03300091996788979
0.01417371444404125 -0.03194570541381836 -0.028347447514534
0.00621894234791398 -0.01913942582905293 -0.04024931415915489
0.01140154991298914 -0.02310164272785187 -0.03689605742692947
0.01628122664988041 -0.02645006217062473 -0.0325624942779541
0.02051563933491707 -0.0289799403399229 -0.02764546684920788
0.007836294360458851 -0.01273060776293278 -0.04244436696171761
0.01300130784511566 -0.0166618637740612 -0.03972843289375305
0.01796734146773815 -0.02026986703276634 -0.03593476116657257
0.02236548066139221 -0.02328658476471901 -0.031345184892416
0.02596800401806831 -0.02558309212327003 -0.02638499811291695
-3.729179591863141e-09 0 1.9650190316578e-07
0.001664092141398638 -4.336808689942018e-19 -0.02249990250521413
-0.01952245194424864 -0.000978142864213083 -0.01126651479184427
-0.001664106695167129 -8.673617379884035e-19 0.02250009928292732
0.01952253451115804 0.0009781470010084004 0.0112665624415592
0.01553692624459994 0.01324440265565271 -0.009602458085244188
0.01623964982302046 -0.01289978666657633 -0.008621271871752424
-0.006962971642271044 0.01826465810928708 -0.01126660974792322
-0.006448717039412164 -0.01984738719154511 -0.00857397037778547
-0.01553698593242838 0.0132444535363667 0.009602494974777196
-0.0173975342855526 -0.01068359690289305 0.00960249673039686
0.006963001374761477 -0.01826473678521611 0.01126665916177858
0.006025237382350803 0.01876427025799232 0.01137360102391724
0.0268457494624473 -4.553649124439119e-18 -0.005126958576079203
0.006252476189841153 0.0267021259138742 -0.003983077526216053
0.01831923051054066 -1.734723475976807e-18 -0.01970454805915684
-0.01148461055912307 -0.01118704002292965 -0.02263435759613759
-0.008396464694443634 -0.02529164681357903 0.007693345081056211
-0.02739581776345706 0.002130188299315864 0.003780263849629933
0.02194767103411034 0.01686657739634861 0.00572221242099237
0.02294595915261929 -0.0149764453305857 0.005824502878361512
0.01222148101123205 0.009376501576911766 0.02386646485637394
0.01292961007771412 -0.008438839342371243 0.02365075845268014
0.007933272866733078 -0.02691591371254776 -0.003215542404021682
-0.01292961190883528 0.008438841031029114 -0.02365076240508796
-0.01845942824071121 0.001435332107742395 0.0213292922845288
-0.005804471553422362 0.0161433500199364 0.02282096263779087
-0.02264061581640033 -0.01644943237956965 -0.005344656462961267
0.005344814892030171 0.01644935292071894 -0.02264078386000449
0.004606375547758192 -0.01678344730961327 -0.02218958083734672
-0.006084035140879518 -0.0164537477533599 0.02208021733353082
-0.02281995435377484 0.01558430068761722 -0.005626506059917733
-0.007195963627207633 0.02706120594944361 0.005735085198106673
-0.00347743565424023 0.01377104221475932 0.001884122946108726
0.00601467273920102 0.004739240013429949 0.01175653498226529
0.003954182125156512 -0.01341570259367491 -0.001602673724938324
-0.006444408334225498 0.004206106918054448 -0.01178801572800614
-0.009200726509107705 0.0007154121508567552 0.0106311971857327
-0.01111743954594208 -0.008077321915262595 -0.002624387104912475
0.01280854648368188 -2.145509745747495e-18 -0.005779990288221394
-0.0140010188121684 0.005249652808035495 -0.0009037820989864376
-0.004155598860389164 -0.01143474982775375 0.008739703880266052
-0.001545711079303487 -0.008129622060044996 -0.01248680325150174
0.009099964791901873 0.01146961426035297 0.001316577314648808
0.01440824249785779 0.02773769337022588 0.006404446968118842
-0.01540696097646022 0.02698368686863235 -0.005115408353093097
0.001269413173551404 0.02743927079507462 -0.01631371699116707
0.01752584521324371 0.01988778800096977 0.01782403537488542
0.03052915319053224 0.006553208630055384 0.005989094269167761
0.02832695090810184 0.01333090628482376 -0.005542028393695247
0.02842398718658037 -0.01319277162902723 -0.006196006148604431
0.01753904070855935 -0.01306280449643301 -0.02292922213888383
0.01827563903288905 0.01303959817532431 -0.02269033810443752
-0.01711525937960659 -0.02147066345653232 -0.01635261299513152
-0.03077481350762279 -0.005962057097035327 -0.006220499393312576
-0.02139856563059008 -0.02290826451519155 0.006216372348004179
0.001968708849908716 -0.02794145628896225 -0.01520152062824018
-0.02480920430604006 0.009666544944740646 -0.01751406559659094
-0.01868663066454323 -0.0118962391788485 0.02291252143725317
0.01000151474677507 -0.006527799020436337 0.007278693906812492
0.00173767525774927 -0.009943717605317209 0.03049483844623418
0.01920235143639196 0.02518679667774578 -0.005552473200913612
0.02516003814804737 -0.009252264742005939 0.0176206246661969
-0.008318177027769751 -0.001488178619791952 -0.03087414334513335
-0.02684318769503737 0.009155324123205397 0.01484059594776195
0.003547369349879074 -0.03063622645423554 0.008570565628184243
0.01612130702811276 -0.02684701886287525 0.00714944385172518
-0.02799067786172968 -0.004926631217201639 0.01486734872482205
-0.02081809968520584 -0.002068712575806363 -0.02431286511814691
-0.004349856991640407 -0.03162642325076525 -0.003103520286842258
-0.001710777965699507 0.02715565990697248 0.01743657147653888
0.001445742100219348 0.009235907759467204 0.03092760922467401
-0.001183752795284901 0.00920143821875123 -0.03100927927000926
0.01109050718658824 0.004984459688115247 -0.02997093848608075
0.02109879420605437 -0.02373298640470751 -0.004404420523998453
0.006971990176519536 -0.01993898258331757 0.02411818987984792
0.003283439829989538 0.0115324080655606 -0.009603264705529916
-0.007033522580673186 0.01995894728858263 -0.02410432138356775
-0.014031121215205 0.02378794590589484 0.01669154051168834
0.01437367426048725 -0.02468405657863706 -0.01528416672183134
-0.01029090162528045 -0.005522775831094341 0.03020670459721628
0.008527691033897987 -0.00758886672421815 -0.03024802838175965
0.01793292700072361 -0.01976150954587711 0.01759881838759196
-0.01794074167826747 0.02045226396157324 -0.01744841924790708
-0.02902331620111725 -0.01284195755119068 0.005007882631947219
-0.02528771102053887 -0.01099853650255983 -0.01648942899373618
-0.01610720130458577 -0.02732131632013788 -0.005141987667887717
-0.02239624865780249 0.02296097244984779 0.00483996787083207
0.00660786346201489 0.02040134613291611 0.02362507833710923
0.0257440255070909 0.01032504002044006 0.01705489957960738
0.01410826317547967 0.02337541873231592 -0.01689203616548139
-0.01854975278332897 0.01390095445872196 0.0230241357408886
0.02152424162397994 0.0008533883829505097 0.02425320645241849
-0.006443612854264991 -0.02261281838765191 -0.02273872322245936
-0.01583238982470734 -0.02273040304563906 0.01739479565013856
-0.0312239878269023 0.006473089330885708 -0.007285602270431118
0.03165045611209895 -0.005943533178396507 0.00610154388198364
-0.01063525673469096 0.006851095963250106 0.02946200138060201
0.02746925948011341 0.007634113434304975 -0.01646489400261625
-0.004404844782325621 0.03205718293008832 -0.006550335277949765
0.00964271432527437 0.0002584787410247324 0.03150375150195737
0.02701921640708132 -0.008102924172675652 -0.0171501088632076
-0.009966585822825988 0.02822707148416476 -0.01563249840211716
0.003402318315320991 0.03213447742076033 0.007862827512162128
-0.02973877829550774 -0.0004944209579169244 -0.01604024434678436
-0.009286825168421914 -0.02927921230456404 -0.01408591634208453
-0.02516617456275841 -0.01686452959558206 0.01497268539209956
0.02416336790609833 0.01841993501809894 -0.01471040330069926
0.002632462609051488 -0.009866875457952796 0.01806458898219673
0.009061683478853402 -0.007257636412214875 -0.01719976074241834
-0.002617055281747505 -0.01206862119030619 -0.03070082348722513
-0.003806306095941209 0.01060866475828101 0.01293803275981084
0.01952327879547913 0.006457503413666528 0.00107832677359101
-0.002928239271495836 -0.02743315995956381 0.01822381549964446
0.0238998106456434 -0.01869055412560073 -0.01492000599747633
0.01001181459524811 -0.02792722204374471 0.01711377970765638
-0.02989672568248706 0.01374619401986641 0.004302173921952984
0.00946067582778904 0.02827528348651262 0.01633207813840019
0.03027289524322637 0.0003310804625729765 0.01520945298264841
0.009466013992444244 0.006930109025798015 -0.01797034013410193
0.002567270227597904 4.336808689942018e-19 -0.03471153817246714
-0.02389209380603467 0.01958883287244866 0.01503786455738644
0.01949274631011336 -0.004770680031608688 0.001734635933707459
-0.002572525979933278 0 0.03478259983091259
0.01428873488815095 0.01174208288891598 0.011438944830618
0.005875339629992982 -0.01835106383151688 -0.01131369532150684
-0.009856049722030356 -0.006534946181040335 0.01895914289899623
-0.01520684370090377 0.01094573952057922 -0.01217452946616829
-0.01351854086571632 0.01741636893838685 -0.0002575162030053202
-0.01517558986302885 -0.01094179177482526 -0.01235475183941097
-0.02147922746854609 -0.006413981527199687 0.0004120845676401988
-0.01267951062075226 -0.01848796262837138 0.0002962494833317723
0.0036658637557535 0.001021268552002968 -0.01109167967412708
0.0139000004016 -0.01719712096676251 0.0003297763658364726
-0.002696547401257509 0.009631389165116569 -0.02033194489625203
-0.0085049449752388 -0.001394556443673894 -0.02039926155138603
-0.01929777378211481 0.00348978023455087 0.01028711178879648
0.0006483613230678417 -0.02182382568890828 0.003702050995360842
0.008455808208323732 0.0003418370356278403 0.02072271247122114
-0.00300149116474108 0.0226477755154097 -0.003013851254602139
0.002759949751006092 0.008824733536776836 0.02039370078048508
-0.0094810821394952 0.005499073484208172 0.01944640749454925
-0.0001264682166324926 -0.002944104521173776 0.01164402853679228
0.01853069875829364 -0.00464408848910844 -0.02910773263009276
0.02008303160128174 -0.004463052171473031 -0.01095380521462378
0.01124360589865263 0.002450905587507656 0.003981273426629964
0.01581999949818918 -0.01056202493348591 0.01432658396929875
0.01267295968907912 0.02049823401775605 4.149831405296598e-05
0.009802082533167542 0.03147510580212424 -0.01232644198018039
-0.003501697380809191 0.02006120412952223 0.0111966071208113
0.03485877501039025 0.00592465094932416 -0.003174949440275131
-0.01635859621075124 0.03106103289311416 0.004107918704703374
0.006386446472418812 0.0205804058702472 -0.01159741592520762
0.03263446951293104 -0.0005358058930465835 -0.01342562060658153
-0.0204537853839543 -0.01575094099156452 -0.0240634186325243
-0.01589495185368983 -0.03122264728054794 0.004241657252437308
-0.03484045578995734 -0.004748083333957958 0.003016062731739749
0.03484971440665986 -0.005911221310248414 -0.0034655806196112
0.02085204062671831 0.00498029899692061 -0.02795807303636739
-0.008295834600124013 0.01095702002755478 -0.005605352496027789
0.007103438500616123 -0.007195441032602422 -0.007965985196557666
0.02744019367899333 0.02209182551575329 -0.0008007368300576312
0.003787049301776684 0.01948055089981866 0.002421639701323117
0.01384947149265908 0.03277709912797272 -0.002106361693387856
-0.01600925225380949 -0.007845008727174734 -0.03087573940060603
-0.0336259131886842 0.002614035672266928 0.01155926031316431
-0.005299238538275321 -0.03468098025971006 0.006347975281605021
0.01182223895871092 0.01489688558724768 -0.03001822769239309
-0.00227221360577627 -0.01991167311245762 0.01249555380454548
-0.02140760215432534 0.00943465318724698 0.003236070004978922
-0.002442712665975309 -0.008501799370376574 -0.02189774897133016
0.02056807696341827 0.005100018114331048 -0.01029445061832289
0.008049253614681571 -0.02603934482224946 -0.02276921307801236
0.02092556202292881 0.01389823733275638 0.02488123672169079
-0.0122759856680917 -0.01518241989016273 0.02966852378026016
0.02253110467042447 0.02500256552929173 0.01114011487244656
-0.01068074333414292 0.007785432538641173 -0.03322207425326273
0.003068678776909948 0.03555181729473053 -0.001296014375496384
0.03224052483429021 -0.01512094289724189 0.002647989704320994
-0.02538798169563523 -0.004850171021301411 0.02434508885868925
-0.02220859109370112 0.007361884858264315 -0.02670823742531906
0.003712632119837148 -0.03439519534980712 -0.007996221375761668
-0.0002378937526925469 0.01879305140726728 0.03033847534262068
-0.02336369289406943 0.02426428185275157 -0.01019682329073974
-0.0219613233414663 0.006237715684298737 -0.00577991968241384
-0.002917830436337533 -0.01646222934597429 -0.01658592296935546
-0.01072449961458951 -0.01564279830814445 0.01396074428801942
-0.0009363304040350467 -0.01937910594701996 0.02991931796102294
0.01551204241295633 -0.03096404775918413 -0.007878904364105576
0.02767746858538076 6.021942037626876e-06 -0.02261383506144314
0.0108514656756301 -0.03396095650235038 0.002942873843258304
0.02527572231740298 -0.02443768049482575 0.004473851013280634
-0.01608780977381225 0.01722261219594464 -0.02645581373334738
0.02693070005900731 -0.01820235766638846 0.01413669349614378
0.01125966524843335 -0.01692030519732147 -0.02933692586595468
0.01589822257599529 -0.01715449436171372 0.02672520841112594
-0.008266094544561661 0.02533166726599188 0.02423188992082172
0.007509057366734541 0.02582167188367456 -0.02350554057912196
0.0001399057864561596 0.01873343584013373 -0.03042800522756722
-0.009357641833097358 0.03162208237138774 0.01384831914298553
-0.02623856934351224 -0.02012749444933222 -0.01350877775086724
-0.03209095811813752 -0.01521784265764485 -0.003827901030758644
-0.02512174051744312 -0.02528582308723231 -0.002363329118478917
0.03031265693407914 0.01521121188223556 0.01015468467208337
-0.01777322694382097 0.0005253620317910703 0.0309083615786488
-0.02548221822577798 0.007345037634225008 0.02418130148976481
0.009110419103211601 0.01489245799288378 0.03098281224094775
0.002895619720022499 0.01164145557490378 0.007439128974188648
-0.009163239206645406 0.008256716936684051 0.005922493015902192
-0.01410294164664872 -0.002461680595149729 0.003764901081649067
-0.009441368536287209 -0.004211975431590874 -0.0105943659735335
-0.004876903197026825 -0.01397586137797286 0.0001203564096459884
-0.03022743237611863 0.01493014137727074 -0.01164448052581483
0.01089123468014281 -0.009062397618593999 0.03291876868273785
0.02202884436106965 -0.008407701453855068 0.02662887305353824
-0.01226415046773758 0.01612918653906402 0.02968073310129499
-0.01118431252238826 -0.03053093407285673 0.01497827750202469
-0.0102528483177882 -0.0174057651113445 -0.02955613313318685
0.01033462190055013 -0.001545368555887877 -0.02393612553146743
0.01717900444065296 0.005760381535805149 0.03092010790187415
7.343202683861901e-05 -0.02093746976687498 -0.0292703899445409
-0.03515811080763601 0.00666396684282731 0.00119760068373993
-0.009702896158896499 -0.02484657272997476 0.02416472801287181
-0.008426802831959172 0.03527039017211386 0.001318193929771778
-0.01703082740288047 0.001237455242924679 -0.03201834170367421
-0.01411456668627882 0.0218976850762568 0.007975542749717146
0.0204766555058313 0.01673051493022987 -0.00306156633305177
0.005581882184672606 0.00543392228725098 -0.003853407413958182
-0.02827867700657211 0.02248634529373768 -0.002428703320587885
0.01212964980348967 -0.008705265344377301 -0.0009429383875452176
-0.001665871909510938 0.004376500909724215 0.007445720779995406
-0.004722531057634047 0.02822025818415203 -0.02258859082865394
0.01938592881128379 -0.02166819958743592 -0.02193504091731855
0.001951369514365927 -0.007312773143225564 0.004198387085063445
-0.01530681151597331 0.01898478548732594 -0.008690569515350759
-0.02083926127474041 0.02748906627786309 0.01233184253989654
0.01779994712345477 0.0066937446540681 0.01767290752981102
0.02055485086885458 -0.01231893113924921 -0.002519611443000323
0.02349073612468861 -0.006660210607914533 0.009361347358858296
0.03382635625074328 0.01393249309394214 0.001729024745548946
0.02221052130573896 0.02878159019941178 0.002098392829040701
0.002167940051845446 -0.0359907798257128 0.001407713530563319
0.01323741252308631 -0.02133688254616508 -0.007314456532705181
0.01174082263002676 -0.01493229401803537 -0.01757061602449218
0.02261565525351262 0.008774064350094283 0.008891977130973769
0.0154184185136323 -0.01827556615829436 0.008908133081670544
-0.01829001508901322 0.003898384052385464 -0.01842964052000408
0.0002305736827966469 -0.02529268988840816 -0.007042277246926328
-0.01946589663290955 -0.005869288414115499 0.01661347017907411
0.01427324752618652 0.02008410877579288 0.01001356794594116
-0.01351462627055592 0.02536125564458483 -0.02284227686796427
0.0001052675875456849 0.01652549512084804 -0.0158315915913932
-0.02834485862080099 -0.005827185923919594 -0.02261815267689947
-0.03210618275749128 -0.01222045039065257 0.01299289477562537
-0.01138142746520271 -0.03414200210858482 -0.007331922986590734
0.02140878386798236 0.02643408379959797 -0.01370158150168492
0.00401732860532508 -0.02806107942221954 0.02338186379192023
-0.007885356221164838 -0.0002133699758222001 -0.003229312194225667
-0.002866784778918987 -0.006970024989648623 -0.004198937514583532
-0.00987532998012219 0.01613290443462457 0.01531050863913444
0.00989606315492254 0.01500693399102087 0.01794055469956727
-0.003452359701704158 -0.005784183809020854 -0.03638393435561364
-0.00590311888060262 -0.004255298536108349 0.00465869040381664
0.001219753420412258 0.01685393037909632 0.01810636091596471
0.02628539012073933 0.01914125746977179 0.01696371862843341
-0.01038280595239909 0.01462546112977747 -0.01825896155801412
-0.03111247379998794 0.01605666897827104 0.01236168263499153
-0.01495992847139717 -0.01863685119490671 -0.00852750383803965
-0.02265876966733044 -0.008242558653597777 -0.007904961361196502
-0.02018657180672397 -0.01511884141117066 0.002786480792988683
0.02968185014297178 -0.02156497401030263 -0.00343227720851434
0.01933176769753667 -0.03114335840857817 0.0001058183842898581
0.02215620972172281 -0.02665291921912808 -0.01236274130048661
0.01621814362572926 -0.002499116157309996 0.01839067114022168
0.01202098755266142 0.01507151898831518 -0.01719886756699471
0.009072340739258656 -0.02290000799209294 0.00443155017300858
-0.003218173396696753 -0.008172568480584341 0.02390147461592923
-0.02914943339636362 -0.02051145356247102 0.008501510477194028
-0.0328338931478598 -0.008093178347782939 -0.01411106858602429
-0.01766809584564432 -0.02926531881711512 -0.01319349495807501
0.004661075541087985 0.007594832385866187 -0.02499651925025788
0.01358030545109842 0.02524030032402507 0.02312186307772158
0.02053356029361451 0.0210893983545886 -0.02180791197683907
-0.0168494252309967 0.008615187820005168 0.01659934017748353
0.0183786902057705 -0.02799788696116161 0.01532245790036984
-0.01215251711478881 0.03337920433995597 -0.009414977087402934
-0.0040390348154342 -0.03031405027263312 -0.02052035104810033
-0.03259201887163731 0.007352309235034508 -0.01549332661591089
-0.02192110894466253 -0.01957921758834385 0.02219141264248353
-0.01590121403384901 -0.004657601733122971 -0.01795166360662882
-0.02254988564492633 -0.004088645934041374 0.008461249358172681
-0.006111236236016081 -0.02363024354908643 -0.001029502009107368
0.009591779767964492 -0.01452497220985541 0.01828684752157781
-0.004553578899580685 -0.008131168953610973 0.03580765337926984
0.03384112231231753 -0.009055330137270582 -0.01171786730268558
0.004461727675021523 -0.004408780451291167 0.03623757596735445
0.009706602227307789 -0.03213950776699368 -0.01443629407570573
0.003510796236824659 -0.0331104418424636 0.01678772367963192
-0.02849113042948473 -0.01181980943287765 0.02081658689227889
-0.02854979213341308 0.002728789478424124 -0.02371177660842212
-0.003892585801387933 -0.03517983741568537 -0.01148938296005475
0.004405876727055547 0.0284582985211321 0.02300742354911667
0.02869083049547604 -0.003408309317815984 0.02266352478052907
0.0311959269835644 0.01429584032605114 -0.01325124745654799
0.001820383939686536 0.03493940622049869 -0.01191827755474174
-0.03537050808590614 -0.0001780469164750358 -0.00997154801223113
-0.01321352236903753 -0.0270775444324443 -0.02104147595077512
-0.02312704190229362 -0.0248456481778977 0.01408430989123218
-0.005238038263560616 0.007947970857775606 0.03596062377827875
0.01251392502510515 -0.03315103130024186 0.01116792296729493
0.0275642067440984 0.02341457294101052 -0.009004596160469707
-0.0306537440822116 0.001831172998115822 0.01975986116339075
0.03277929349770419 -0.007694349709790163 0.01429793318646514
0.005660457651008672 0.007830456073250183 -0.03585331692388957
0.01205886100172633 -5.5730395102082e-05 -0.01412939394635765
0.0263448673449154 0.01413566566847734 -0.02140715383438363
0.03656639315474204 0.0007743382206165826 0.00361144473877849
0.008939608866577794 0.01575461422359095 -0.00558257396294577
0.03307069280808657 0.008055211747325529 0.01378648358988769
0.01463374466323531 -0.02484961906639931 0.02347909419262467
-0.01822090866975597 0.02839848616275747 -0.01517963744033207
-0.01627539176876832 0.02202059374808034 0.02482744173811376
0.02489598285328596 -0.009258434178740005 -0.02546908902533004
-0.008098420982774758 0.01607598739415971 -0.03190907995824463
0.02510462659675406 0.0003165594180675996 0.005148524380577178
0.006912657047090356 -0.0166184078786558 0.03203487494282442
-0.02382628397175662 0.01665139574785366 -0.0225696126985644
0.009231268585526281 -0.005825150441259223 0.01539708920938997
-0.01608610517123586 -0.001884531124653476 -0.004029023485417232
-0.01110019319538192 -0.01156550481909705 0.004644972761752852
-0.007682797327472077 -0.01188422313560308 -0.008846941659896806
-0.03345414729461865 0.01403399198395625 -0.003623390829270083
0.003711806225282486 -0.0227811721725811 0.01720054528260168
0.004371139613322603 0.004019357630149613 0.03656450160419222
0.01777673055167249 -0.002897258971010472 0.03190489097940132
-0.01853695441862162 -0.008085318241702697 0.03067374667639488
-0.001001183768615275 -0.004251224371380017 -0.02883624507770454
-0.004796669653530065 0.002482940883898104 -0.03699123617499141
-0.004895955359246339 0.003779220855517794 -0.0256206793935094
0.02372305203609965 -0.01601455290658438 0.02284303824348834
0.01083539362687328 0.006684929685972472 -0.009855987681362531
0.01075752598273094 -0.001380410496654372 -0.03533277688969312
-0.003830943086058199 0.007451398772978324 0.02498198772723077
-0.02276127217114943 0.02885276988180184 -0.001279457369022321
0.02913888033109281 0.00475310272868558 0.02201997974077996
-0.01077241044799011 0.0009842297273569087 0.0352956168398349
0.0032024345918873 0.03343350482918137 0.01587850783843466
-0.01891759760613309 0.008968848285970249 0.03001924740783541
0.01088241853960908 0.03375782456927499 0.01053252415348856
-0.02307524552598423 0.01558802174598907 0.008121390872608474
0.02691162188088801 -0.007567817334550952 -0.0004063478159020053
-0.002305175792057504 0.005690581918897115 -0.005115181321143926
0.00696528932747383 0.02516853328988043 0.006866561767223075
0.01762047996361386 0.02835905785175206 0.01674162104005131
-0.008379784581437656 0.02548588876538431 -0.008396572458854553
0.003370360712238428 -0.01030225783126357 -0.0360052304796914
-0.02678036135328393 0.01466003538423288 0.02084321287877209
0.02062617367312548 0.01139605302640419 -0.0153406685970812
0.004392212732144027 -0.003401575340813492 0.02659731419877515
-0.01054352973568666 -0.007054903479807057 0.01110650880110047
-0.01378608628617003 0.003904356495325864 -0.008887382662914937
-0.0003874343858243081 -0.01480832150149233 -0.008053502787691319
0.008401641969246589 -0.01386518953677142 0.004888085959122604
-0.004187496893774754 0.03342212744200038 -0.01673559271015825
-0.0009660627286861602 0.0037844653859535 0.01563650176992784
-0.01828055209684709 -0.01817421047653153 0.01156490216700069
-0.02683170242993523 0.0002268604286756295 -0.008845206196355065
-0.009361830949584926 -0.02163044392076197 -0.01557923752994482
-0.002199877416813624 -0.001086230945697787 -0.01579921539340114
0.001049550432302015 0.02730408978332985 0.002000459832036084
0.03121611201569464 -0.01644500372258815 -0.01286186831481572
-0.008652626922028304 0.01586167095898318 0.007239148544955868
-0.004779311544698423 0.02272602197202015 -0.01717127304315529
-0.001991013769334722 0.01541258089927397 -0.00551231839157902
-0.004202104647527825 0.03562489558107058 0.008566021193946189
0.003351102708824535 -0.01147818696035771 0.01054743635700661
0.02534329422455314 -0.01650530309911174 -0.02236811224681562
0.01660832971568388 -0.009143035506854958 -0.01620062150399927
0.007387246642128605 -0.002483972108771487 -0.000711682158006508
0.01602368029598394 -0.01124558865060576 0.005412401693481794
0.01375786426594428 0.02082249699392701 -0.00904698014551396
-0.03016551524842394 0.02158589254056372 0.006554529602380672
0.02294041410727595 -0.01171062956899357 -0.01155373452515703
0.01194495741343762 -5.532713114429766e-05 0.01117316951220067
0.02581162957595289 0.0112467514142572 0.001681059276478329
-0.009256967316710035 -0.0007305792889575819 0.02413769805554796
-0.003954578084851968 0.01134633118246036 -0.01178467261125165
0.004453267627710073 -0.0002279285291603488 0.006185739167588349
-0.0008717856870660507 0.02292987569659667 -0.01042710576774904
0.01385895557408087 0.01737023963597585 0.02434302807668641
-0.000941712873352038 0.02216817847594642 0.02333047981644304
0.02467982307151727 0.0004054448743891726 -0.015088555234325
0.004845714166394822 -0.006877235674587336 -0.02357614584679105
0.03453990662041402 0.007110101431494922 -0.01125539003593629
-0.01580556287139902 0.01162901213852989 -0.004625916260445553
0.001302570051468939 -0.0145498397512048 0.02418747537942368
0.0130233099731822 0.01947925590279428 -0.02368686255060353
0.006181068814905496 0.00519160019188904 0.02631929131589085
0.003710358256382044 -0.01257189514800855 -0.01585304842455702
-0.01783863781868555 0.01263887026881295 -0.01930446802319122
0.0009168181187333762 0.007813912581858797 0.001400502717396301
-0.009484289254723912 -0.01065333528320063 -0.03450407699715539
-0.008166626561077995 -0.009392884169169492 -0.01602305035132584
-0.02018469513481511 0.001476769866790863 0.001433410293083957
-0.007213219441007577 -0.01792366326690539 0.006194173428037328
-0.00465361761141883 -0.01153450447203523 0.01638395142048491
-0.003992981312720088 -0.03430597631687418 0.01424459235627346
0.01421497065588785 0.008989290549061727 -0.003572297254891573
0.0002798742455900373 0.02230992828398038 -0.02303532773160809
0.02103368770207965 0.01493421972602832 0.01315607418363831
0.01093454262387598 0.008344674755024917 0.03516980550293407
0.01604587539351431 0.01243099900750733 0.004124938969915932
-0.0247308997519658 -0.01081295696955452 0.01070626973794419
-0.0232170735200743 -0.003894621574232879 -0.01699855448831455
-0.008997469285050538 -0.02666577226373773 -0.007150592035872362
-0.03493574361814984 0.009987642760476699 0.009072175757208036
-0.01638458716189688 -0.02666216470110308 0.01075587983053946
0.002381878957076338 0.006965401501512336 -0.0154908538555879
-0.03475049124650686 -0.005132652342439966 0.01086476854130813
-0.02290995100047934 -0.009027225944484237 -0.02730635910189531
-0.010377383877064 -0.03527217443388894 0.0003798044734151297
-0.01354629706015999 -0.0196048091810587 -0.02293406390530799
-0.01726764918749498 0.0163787404359153 0.01612571770194093
0.02906834556266347 0.02256848880710192 0.007086728218383761
0.03612857858155644 -0.001794136387009827 0.01079072165983627
-0.005221495580165121 0.0129581841668892 0.03014540868699033
-0.02175170108121584 0.01527345671015364 -0.01323370531987803
-0.02731747869459299 0.00962973225954095 -0.001561936264485011
0.01468645285561379 -0.02475349884812061 -0.0003941936595621229
0.01745107964162118 -0.01226724190476316 -0.03076374637226161
-0.003702384111863185 -0.01566128584838629 -0.02409779170054761
-0.03189611239338618 0.0006037482895843503 -0.002309256679417873
-0.01002951627025049 0.02411827001787329 -0.0006319451342639698
0.004312793513069883 0.02323655573568132 0.01677265423445568
-0.0269335062588155 0.02044509270146761 -0.01631906207409848
-0.00832514989180904 -0.02245118898739846 0.01630757260024773
-0.01547777758285153 -0.005077529811424389 0.02385278645147178
0.02434130156222055 0.007366626471476838 0.02772878890657007
0.01715719123421629 0.03159454218638198 -0.009594170255097923
-0.02397813065380627 0.001497764284005989 0.01601586510235387
0.02938302466185639 -0.01257321132116716 0.00936059189788541
0.007973206694951074 -0.02567515870907056 -0.01075321341537865
0.009343181936291809 0.03614473629168284 0.003280205143251354
0.02343985076007622 -0.002091603332340954 0.01676221916130539
-0.01965276774875021 0.02148686127906507 -0.002073472070125087
0.01482452524280672 0.006237618086048911 -0.02340067232568832
0.01050374464565004 0.007701381279743806 0.01685487170296721
0.01909869481469844 0.01216447329808381 -0.03037792583568736
-0.01394619087366364 0.001056776168453679 -0.02508700193618618
-0.003192303555339116 0.02071278913312957 0.003976663332571666
0.01422546055602031 -0.0008162035995412892 0.02552291664545383
0.02149008621601802 -0.02254838384423598 0.01088802288193554
-0.01600209506254948 0.03428546149555431 -0.002842709068415823
0.02834832078058368 -0.02293761469684519 -0.01084171017282026
-0.02083772078873255 0.02463589389968027 0.0195676027252391
0.001010016591979018 -0.02346255558918407 -0.02131177338478971
0.009670879925982895 0.0171084081666228 0.005545182932047752
-0.00277848317990587 -0.00116716003401344 -0.008562054640049969
-0.0136108091731498 -0.01757408691316599 0.02255309837441781
-0.01154289299006592 0.006373532257144871 -0.0166865848871172
0.009578316288618001 -0.01519649512121324 -0.005884672914704559
-0.01388602812400043 -0.001046316943388601 0.01607459938415186
0.00753331197601285 0.02154767840688861 -0.03016756987618165
-0.01152701905630768 0.01138686112374757 0.02358139071702343
0.004703978502135903 -0.02034838222725834 -0.003939477665760447
0.02457400648662105 0.007031072434755573 -0.004341531184543126
0.02733273422904551 -0.005920107036481999 -0.009704779191827587
0.001547189723383329 -0.02854820716438972 0.0004296456275553117
0.000967072325394871 0.02573931527051762 0.01086833766993347
0.02748116782001166 0.007358937049592503 -0.02486487921466035
-0.005293100201660476 -0.01244064792259567 0.02971164145727096
-0.01684445074428089 -0.01190206653976557 -0.005242988504420568
-0.02648494803204827 -0.01905739644475623 0.001622319719992703
-0.02850401537389091 -0.01254406146396364 -0.009871100863443023
-0.02068965040794388 -0.02338232472574337 -0.009616409905463134
0.0197284308141862 0.0005658677486497556 -0.003331505818838471
0.0101931406836378 -0.01203930585629548 -0.02343210412603903
0.003096826848691548 0.01414247156896406 0.02558511918873395
0.0007713081518371983 -0.01472034533640633 0.004691891733613615
-0.01077526565950358 0.009011114840278438 0.0128477346297171
-0.03039260473382367 -0.02208166833905514 -0.007174585135710791
0.006616370543578839 0.03197296983187664 -0.01917900575658468
0.02090559468258896 -0.01784424495870665 -0.008471930822471153
0.005042257649045756 0.01131919827947261 0.01417575882292219
-0.001048436576280217 -0.02191205266031726 0.0228921433909955
-0.01736958187583518 0.01131050519756805 -0.03135904134583955
-0.00529919458585216 0.004461268094292057 0.00139006815309236
0.003333790910677202 0.02015371153542933 -0.005158776107513809
-0.006641766813030286 0.0112869663001577 -0.02641207301265142
0.01617406938373265 0.006064431798311932 0.007604390218417908
-0.005459929065492385 -0.001695472181285781 0.01617248789684296
-0.003961074824277129 -0.02497393660204583 -0.01263884071193033
-0.0195221637849629 -0.01283362591829359 0.01591561693643841
-0.02404647855154297 0.003274826246310769 -0.01449705302949253
0.01653095978340418 -0.005246692319253607 0.00970183703837137
0.004479522633062311 -0.01376594196871119 -0.02903712014632218
-0.02349271952373046 -0.02159246403719354 -0.02038125834209358
-0.03660613910425383 -0.00926898404714363 -0.00275978880738233
-0.02324080342232127 -0.02968805684173157 0.003467474862992273
-0.01929558274117566 0.03200094975687125 -0.008932815554285999
0.007626875266160685 -0.02532957895079628 0.01094785100490961
0.01049704539416066 -0.03583757633542892 -0.004558898998799894
0.02238438395211736 0.01440178222491631 -0.00932585327622381
0.03098409052218188 -0.02057556644115197 0.007988925722392022
8.69209362602721e-05 0.002644312795188189 0.02880444990112007
-0.00718044228654798 -0.007643833038890297 -0.02727741398031406
0.03746735937306443 0.0001067785348654869 -0.00747679686411517
0.01409789157641911 -0.006722348836393947 -0.007397647109308288
0.005469080903875554 0.001028803447943931 -0.02835770138189368
0.002860868789003623 -0.00286424873214041 0.01798163630771194
-0.01137492957204807 0.02145808927081672 -0.01552692919836643
-0.007048012841230947 0.02230080563082248 0.01778905767176132
-0.002206761615418218 -0.02700086239523171 0.01103433430191009
0.02159148434171604 0.006462607670808929 -0.02063935748621361
0.01657974205077594 0.01336022711649293 0.03112488101545875
0.01986696291479311 0.02165774930570517 0.02460135252719859
0.01116396731152776 -0.02104995944268281 0.01617569386866153
0.01949662690119143 0.02215850931532298 0.001534596271162473
-0.01465409624715421 0.01119257698752683 0.002730847215475834
-0.02028887710147604 -0.01606575692808992 -0.01271332264261939
-0.02671923587856771 -0.01057492029188627 -0.002373126101062321
-0.01922583899967185 -0.02148119452260723 -0.0005490647218675407
0.03268512351977636 0.01858064533288635 -0.007711890864228993
0.00315530764364064 0.01372917139355621 -0.001283239895559946
0.01699276325172388 0.002555618351602825 -0.03392330686000146
0.01892550171489119 0.03171938678738424 0.01044774478996951
0.01623265699799901 0.005780461421803619 -0.01594653546704504
0.003124838627217311 -0.0313119271202712 -0.02158545120067897
0.01620301535471329 0.0304875541473068 -0.01708962684630807
-0.0269057430154204 0.008148156598974512 0.00770840674921153
-0.003920905278795518 -0.003086572870424883 0.0286520293276401
-0.004117371961758294 0.02464418639511248 -0.02905356971208163
-0.01929730641745884 -0.01670758895685241 0.02837038232158464
-0.003068670925312815 -0.02854370221702432 0.02557124100302931
0.01227494041066194 -0.02003360134123276 -0.0227641020248929
0.02399290868792784 -0.02390809913568701 0.01770643591735871
0.01096345017185081 0.02153500029466861 0.01591317657918339
0.006476437962662765 0.02176482132598746 0.0308574101092005
-0.007222374478599188 0.02166097182213719 0.0307604948534617
0.0239198571312197 -0.0183719910979782 -0.000473879037224856
-0.00665090462000503 0.03149115974910541 0.0206390062863479
0.01736595057500873 0.01802397136762313 -0.01413100771572317
0.0353478175126545 -0.01323665102854876 -0.003737799743993061
-0.02232353798861902 -0.03022336854569518 -0.007647917311211561
-0.03140680488630154 -0.01496885123225561 -0.01611914281823542
-0.03357893068911626 -0.0182419936520943 0.003156271104471973
-0.01614724747330579 -0.01466179739658172 -0.01842024982282665
0.008578710145597005 0.03600889827637931 -0.006425139133303
-0.02434376687402163 0.01708174860829349 0.001221111523667262
0.01572978222121895 -0.006114716548396318 -0.02265670741336421
0.005987241353676774 -0.001083600415214437 -0.01723602362189324
0.009221062577322331 0.009163985161797547 0.007711307808818476
0.004764341188119321 0.01316936501557603 -0.02966920451770161
-0.01459897989405303 -0.02411934705169232 0.004295498324918524
0.02265468647487812 -0.03053767483708416 -0.00628610450567071
-0.02777858729900869 -0.005851502720044928 0.003843354992326835
-0.008152205726159939 0.01831577857769369 -0.004481775937947199
0.01508983955828222 -0.02749571546398581 -0.02191728973022742
-0.02743846657553892 -0.01309429231835218 -0.02319357313725861
-0.01699900864605979 -0.03415494785939658 -0.002598387946602449
-0.03593808153883664 -0.01114738165742144 0.006818135143511697
-0.005272378614769018 0.01133398595386466 -0.03657613068542092
0.02662385123571795 0.021458198179829 -0.01970947001654706
0.01736602810754131 -0.01333277450667388 0.02078857042616076
-0.02290236851530918 0.01960806862328145 0.02411728640912499
0.008204018582521108 -0.02167873472056131 -0.01715243711203477
0.03693874575019295 -0.00952050229752071 0.002539338903807471
-0.03561108658338146 -0.002768967833462915 -0.01679974922238952
-0.02953792481624918 -0.02146032349111132 0.015000520883663
-0.0136377380303311 -0.03301252386847899 -0.01679994049618777
0.004748245097686626 -0.02425262367892214 0.02953141075630365
0.007460659010235075 -0.01190715462963756 0.02668333713868216
0.02497468696096093 0.004412571851337138 0.0136448593019388
-0.01244954973138212 -0.001610370696937978 -0.03669666360636361
-0.001189199157592511 -0.01446769898441352 0.03526290073235157
-0.03123263048825547 0.00914375932227084 0.02042283374946793
-0.01647202314599271 0.03056791347282039 0.01719236959941542
-0.01684825902275805 -0.02302597266161316 0.02595300621117185
0.03091506522753483 -0.01359669167532777 0.01801806085456855
0.003211538551749378 -0.03776030493474759 0.008245172158662531
-0.0008804408287158795 -0.0280042418672208 -0.02653178232746946
-0.01177636312705357 0.03548307123368113 0.007962050049078673
0.0150077950274474 0.02654138732848998 -0.02345210312310722
-0.02478904471965894 0.001309403840895958 0.02850565659408614
-0.01111043888212542 0.02299152726617311 -0.02918706678018787
-0.02715844667075279 0.02477179466373945 0.0118771234074912
-0.01012910643734721 -0.01031284326236986 0.02496628938696609
-0.001523736901097052 0.01555548407931625 -0.02397801069894162
-0.01028736266618489 0.03454111486881875 -0.0154998128786931
-0.008101405963948661 -0.02127951500640028 0.03048807136587335
0.03592765565585812 0.01227307278800933 -0.006419245004156599
0.03591177999774241 0.01088309356979572 0.007858142748344005
-0.01142642455391878 0.01136766535341271 0.03493986872375515
0.02212004745771429 -0.03096853110563583 0.006833840868292325
0.0008764337296734586 -0.01651347082427519 0.01759637105133679
0.005100102293007914 -0.0114614087423948 0.03654742399373487
0.02548682761281242 0.02803463741758948 -0.004100151679020943
0.01768265705365738 0.03405488347993038 0.003799225974270615
0.0176497576702709 -0.01180648481527235 0.03156077571547522
0.0207095148991279 -0.01530755387549158 0.01250530677153489
0.03284754063137403 0.003720149075756221 -0.01923682139653578
0.03030672482464778 -0.001531286399697992 0.000796788373299189
0.01003573653592533 -0.0122389140362026 0.01124714131843431
0.001549320273166934 0.01449981023921128 0.03580448483555938
-0.03031007393718421 0.009256996669232234 -0.02184634297687311
-0.01114486513355347 -0.01066496607964339 0.03503306859653849
-0.02311790154706135 0.02994127547287618 0.006047162671656429
0.01642208303353796 0.01324589902750232 0.019415085905078
0.01632946713271778 -0.01846493617162162 -0.01444845538413961
-0.01437601776509542 0.003987726354388162 0.005707604691544074
0.01089745253839375 0.01213767843239119 -0.02355389212132421
0.03074846027007408 -0.01392100440554143 -0.01915635347427215
-0.002222050582999156 0.02879157514104507 0.02544124052178805
0.007144556707596637 -0.02304708618094531 -0.0294560406963097
-0.02526808542551994 -0.001323269519826976 -0.002303312474780402
0.01390096417358262 -0.007709330350836874 -0.03486030387356862
-0.02585347247802465 0.009552685767825872 -0.0105802600536029
0.009517680806669811 0.02894801682770528 0.001676478536683413
-0.0199490363473786 0.02258706347175879 -0.02390028206575884
0.02748857574616066 0.004699002836230409 -0.01018388338106008
0.005785378199898033 0.01282308228178796 -0.01577169798347093
0.02059188462894863 -0.01747897293272906 -0.02737008954237077
-0.01124330111425536 -0.02833621878744823 -0.0001925139857557748
0.01145141223946234 -0.02207712470028004 0.02913658219226508
0.03418355012377815 -0.001712698799805627 0.01972749696679394
0.01680072504480346 -0.03139598482954021 -0.01489629209209541
0.01883733253906692 -0.02083975663190242 0.003489251333675227
-0.02377705448838754 0.001209763886664336 -0.02985326834438427
0.02789880377662435 0.0127330011616645 0.02349431567382165
-0.02008551366289347 -0.009432234834791088 -0.02090987436138695
-0.003395735957817052 0.03803591396659797 -0.002857778468281597
-0.02117579601487747 0.009907258380867008 0.0112432980849318
0.03248713939957974 -0.00421519143396195 -0.01951033254944671
-0.03340923600542298 -0.007754915583652773 0.01812361392466796
0.01265389455840289 0.02723063091273742 -0.006616280266874623
-0.005903692777237528 -0.03794765755792921 -0.00546795583228149
-0.03753309121577871 0.004325837016719469 -0.005007179985766676
-0.00411093814061047 0.02828996829451636 -0.01258161239549883
0.02547287065545283 -0.002690277819421911 0.02889291484820848
0.03146462808215644 0.01440381325268359 0.01752367822223347
-0.02460454021843162 -0.01142532300906307 0.02663145219783085
0.002260714480870927 -0.034930759042357 -0.0148284889080162
-0.01283539363724664 0.0001738051094218093 -0.01440806909545573
-0.01607465078794032 -0.003344150731806586 0.01013924053524459
0.0138303597381196 0.009744353486178126 -0.03441160736234015
-0.009309493330419711 0.02484505407615636 0.01185370750045345
-0.01477372541996838 -0.004725747309613894 0.03549078308771481
0.001507320127199883 0.0290503336684707 -0.008375909338789582
-0.005020783892898163 0.02869354616560264 -0.0006911017031358529
-0.03788500276272996 -0.002535210555233921 -0.003932122530040325
0.009961043779494184 -0.01293198368342425 -0.01139294053973989
-0.01198245633962271 -0.03482916672566764 0.009181398332642874
-0.01704657464710349 -0.01501191845134566 -0.03042638293062439
0.001495507666403794 0.02864717615031674 -0.02593707676119377
0.02177838338377148 -0.005955039780937378 -0.004549427520395983
0.005180175364334452 0.02209747564327067 -0.01820383698988651
0.01348416388810875 0.03310979526052103 0.01668049307385623
-0.03756190333506566 0.001442906187370417 0.005597950789673111
0.001045178897063762 0.01404053773662173 -0.03548593634211422
-0.001763401128745177 -0.01897415078763324 -0.00302274887907799
-0.01753773811988833 -0.02954766168113456 0.0178522361898226
-0.0104541035972962 -0.02432153588935844 -0.02826440794132276
0.002959078095941158 -0.002613717140044379 -0.005616861797030607
0.02551252198550828 -0.002920245347732687 -0.02882259963620874
-0.01259900219372986 0.03135979421072328 -0.02038615846873757
-0.01380631928106271 -0.01726707138564894 0.00673286283959993
-0.01037986501239 -0.01528428121776239 -0.01388232738398494
0.005639331705707655 -0.004565962635510866 -0.0383605415563868
-0.005765597255401787 0.03653593152292299 -0.01116557499776257
0.001198538677293092 0.03802615703702188 0.004918370497644535
-0.01293193268796543 0.01749517649347137 0.02114387581388965
-0.007576252771498885 -0.03481828130100702 -0.01662107198245543
-0.02841264755196236 -0.01812161723673368 0.02025599395689496
-0.03372035045794385 0.00229316442056245 -0.02009114960097757
0.01843515330081825 0.01865162157859237 -0.02797023866133704
-0.00812605887954547 -0.0309947317346445 0.02124343531186307
0.002067570300838541 -0.006327835110347811 -0.01765803878614707
-0.00460634053223056 -0.01809651819682527 -0.03359343636787716
0.002242430591562458 -0.01712144865321068 -0.03478216017144814
-0.02371976511230846 -0.01678765288007079 0.008100641015373725
-0.02712724655402117 -0.00557954489703592 -0.01196072494854042
-0.01357198819519238 -0.02443613586831816 -0.01134710822206121
-0.01762679202482855 0.01729449383374212 0.004869118716056257
-0.02856380756328473 -0.02531848183147941 0.003602995766110568
-0.03530682268283975 -0.01195173417355709 -0.00896922146624924
-0.02347703414123381 -0.0261911517318481 -0.0152537916064439
0.02180807738503473 -0.01317698282498954 -0.0178922342826503
-0.01904694707274056 0.01696923813608719 0.02913542155237518
-0.003522584421130382 0.03487589671711399 0.01552127654856431
-0.0004609383340995123 0.007236272315696012 -0.03853204761280038
-0.005475031131313875 0.004039488152495815 -0.01828506165642949
0.02736384198822074 -0.02332622223324357 -0.01691197846973274
-0.01357411163531935 -0.01200833457442866 0.01870589788237128
0.001151862006710743 -0.02138102895863624 -0.01482847536587602
0.02103445713444187 0.02062585247315921 -0.009612616378008244
0.017121559978429 7.783472313415416e-05 0.005317450166108579
0.0298301452333029 0.0210590105502187 -0.01434566072417875
-0.01485516576391498 -0.005638234354072605 -0.0245740963939649
-0.004633385557023052 -0.02870970169921492 0.003209193606064253
0.008994940692323691 -0.03326428248009636 0.01986176948133362
-0.02990472010164545 0.02163145554986297 -0.009295593052647495
0.02805299869306704 -0.01016801537851107 0.02379995358824587
-0.02739495087208357 0.0002758693742618006 0.01029564151148932
0.0007674771241727189 0.01538486752016288 0.01201437461728914
0.007005376378316588 -0.006463505003913676 0.02148120737575199

CELLS 6186 30930
4 753 668 783 984
4 753 782 668 984
4 277 279 758 863
4 744 996 962 1152
4 79 817 906 995
4 906 995 689 1157
4 793 841 877 1287
4 33 114 35 763
4 765 935 115 987
4 836 997 723 1257
4 638 997 836 1257
4 116 765 115 987
4 79 995 906 1157
4 198 961 981 1177
4 47 861 742 1052
4 758 863 279 973
4 772 680 971 1113
4 371 954 738 1208
4 861 878 663 1079
4 279 277 758 973
4 716 912 833 1196
4 734 878 861 1079
4 772 971 911 1113
4 408 758 973 1023
4 33 908 763 998
4 187 45 742 937
4 348 833 912 1196
4 955 1194 526 1300
4 408 973 870 1023
4 667 733 989 1105
4 667 989 739 1105
4 724 981 961 1177
4 668 753 783 901
4 115 44 148 765
4 82 43 44 765
4 793 877 867 1287
4 657 964 743 1191
4 1009 827 1072 1308
4 277 863 758 1057
4 762 979 978 980
4 187 45 47 742
4 583 1063 796 1138
4 703 789 1159 1276
4 1007 828 1077 1307
4 760 966 690 1066
4 311 1058 797 1140
4 789 1259 1159 1276
4 962 996 687 1152
4 668 782 753 905
4 371 365 954 1208
4 116 115 935 987
4 209 1066 960 1233
4 667 925 733 1105
4 116 115 122 935
4 793 1074 867 1086
4 371 738 954 1066
4 38 759 37 1298
4 815 663 878 1079
4 187 742 47 976
4 733 998 847 1329
4 762 714 979 980
4 771 852 644 970
4 772 851 652 971
4 773 853 650 972
4 876 962 687 1152
4 365 1082 954 1208
4 187 742 855 937
4 703 1159 1259 1276
4 415 854 737 929
4 38 37 759 943
4 1009 1072 1063 1308
4 376 882 805 1238
4 743 657 831 964
4 667 739 783 1105
4 33 763 35 998
4 676 1025 784 1029
4 1007 1077 1058 1307
4 47 742 48 1052
4 676 969 784 1025
4 209 958 1066 1233
4 79 229 817 995
4 681 871 764 1020
4 47 45 48 742
4 34 908 33 998
4 424 1076 854 1246
4 785 715 860 1087
4 847 998 120 1329
4 687 927 1094 1290
4 870 973 758 1023
4 954 1082 738 1208
4 720 763 867 1064
4 657 743 1019 1191
4 198 961 837 981
4 118 987 989 1234
4 742 861 47 976
4 148 765 44 937
4 714 980 762 1150
4 769 1002 826 1135
4 187 855 742 976
4 402 1023 870 1248
4 43 44 765 975
4 178 755 179 939
4 582 796 583 1063
4 737 854 415 973
4 764 1020 871 1337
4 739 1146 765 1172
4 703 1159 805 1259
4 311 320 797 1058
4 729 867 763 991
4 644 910 771 970
4 652 911 772 971
4 650 909 773 972
4 784 1025 969 1029
4 680 851 772 971
4 680 853 773 972
4 763 991 867 1064
4 686 995 759 1178
4 960 1066 690 1233
4 197 961 198 1177
4 737 973 415 1278
4 792 958 489 1233
4 690 1107 792 1243
4 680 972 773 1113
4 658 1063 1072 1308
4 422 962 1076 1260
4 703 1259 805 1276
4 659 1058 1077 1307
4 742 975 45 1052
4 116 935 122 987
4 680 970 852 1113
4 179 939 755 1175
4 376 805 1080 1238
4 667 783 739 1027
4 676 784 969 1151
4 966 1107 690 1243
4 836 997 638 1320
4 706 998 925 1064
4 729 793 867 1086
4 705 978 979 980
4 8 762 615 955
4 402 401 1023 1248
4 518 955 526 1300
4 739 989 987 1234
4 583 948 1063 1138
4 516 526 518 955
4 348 913 833 1196
4 311 949 1058 1140
4 763 908 33 1227
4 720 867 763 877
4 801 850 675 1160
4 79 817 229 906
4 729 870 1023 1248
4 803 661 1026 1065
4 793 877 841 1223
4 762 980 978 1150
4 120 998 1206 1329
4 738 966 760 1066
4 118 987 846 989
4 789 959 868 1049
4 211 489 958 1233
4 725 1076 962 1260
4 808 883 330 1277
4 686 891 995 1178
4 787 1042 1029 1193
4 852 970 771 1113
4 773 972 909 1113
4 865 927 741 1290
4 668 901 783 1105
4 876 687 996 1152
4 763 867 729 877
4 877 1218 841 1223
4 365 364 1082 1208
4 958 690 1066 1233
4 460 832 951 1235
4 753 984 783 1006
4 865 1094 927 1290
4 805 1159 686 1259
4 1093 1145 835 1177
4 179 755 178 1175
4 753 782 984 1006
4 675 849 753 872
4 489 881 792 1233
4 785 800 715 1087
4 803 1026 881 1065
4 738 690 966 1066
4 398 1123 1005 1295
4 759 943 37 988
4 64 69 68 1031
4 657 743 786 1019
4 762 903 0 1309
4 208 40 960 1266
4 888 1002 769 1135
4 208 960 760 1266
4 676 1042 849 1193
4 770 801 675 1160
4 820 1082 364 1208
4 402 870 985 1248
4 787 685 1042 1193
4 731 878 986 1079
4 44 937 765 975
4 70 943 923 1179
4 353 1145 1093 1177
4 479 914 874 1199
4 789 1049 868 1053
4 738 1066 371 1208
4 48 742 45 1052
4 661 845 1026 1065
4 675 753 850 872
4 847 925 706 998
4 274 33 908 1227
4 854 1076 699 1246
4 735 1063 1009 1072
4 223 803 881 1065
4 1019 1191 743 1328
4 0 903 762 979
4 106 838 963 1218
4 647 982 959 1262
4 752 903 590 1043
4 736 1058 1007 1077
4 2 0 903 1309
4 376 805 882 1239
4 771 970 910 1113
4 339 939 951 1221
4 686 759 994 1178
4 506 740 945 957
4 966 1085 760 1214
4 765 987 739 1172
4 735 1009 827 1072
4 676 1029 1042 1193
4 787 685 869 1042
4 759 923 38 943
4 733 1206 998 1329
4 416 422 962 1076
4 615 955 762 983
4 738 880 760 966
4 841 1218 877 1287
4 881 1026 845 1065
4 657 785 860 1087
4 733 925 847 998
4 925 998 733 1064
4 734 986 878 1079
4 706 763 998 1064
4 685 1049 789 1053
4 739 846 667 1027
4 787 869 1029 1042
4 424 968 1076 1246
4 742 937 45 975
4 79 229 225 906
4 229 817 225 906
4 925 706 1064 1273
4 308 949 1140 1325
4 676 872 849 1042
4 948 1138 452 1327
4 704 856 915 1205
4 281 415 973 1278
4 736 1007 828 1077
4 313 311 797 1140
4 583 796 579 1138
4 926 951 28 1341
4 874 914 479 1333
4 509 1089 957 1316
4 365 361 954 1082
4 687 1094 1074 1290
4 677 1004 779 1106
4 667 733 847 989
4 226 223 803 881
4 739 984 1146 1172
4 805 703 1080 1238
4 805 882 703 1238
4 64 1031 848 1179
4 763 1064 706 1273
4 685 959 789 1049
4 408 758 277 973
4 964 743 1191 1328
4 120 989 847 1329
4 178 755 939 1048
4 729 985 870 1248
4 689 906 817 995
4 966 1026 690 1107
4 681 787 754 1049
4 677 875 1020 1304
4 760 966 880 1085
4 601 957 509 1089
4 657 785 964 1191
4 419 424 854 1246
4 954 1082 361 1220
4 757 951 926 1341
4 667 846 739 989
4 759 988 37 1298
4 647 1049 813 1144
4 815 861 663 1079
4 657 786 743 1033
4 56 975 950 1245
4 114 35 763 1206
4 654 804 791 1110
4 699 1076 968 1246
4 78 1157 906 1270
4 38 923 759 1298
4 806 866 570 1269
4 690 738 958 1066
4 635 1176 874 1263
4 676 1029 872 1042
4 283 947 929 1278
4 848 1031 64 1156
4 707 917 832 1109
4 1011 1290 1016 1311
4 675 850 801 1128
4 779 1004 917 1106
4 242 988 745 990
4 686 994 891 1178
4 506 740 957 1111
4 898 961 169 1341
4 583 1063 948 1303
4 677 900 875 1304
4 769 1135 826 1258
4 740 945 1035 1242
4 311 1058 949 1302
4 718 959 982 1262
4 653 810 779 1142
4 865 927 251 1272
4 739 950 765 1146
4 785 860 715 983
4 460 913 832 1235
4 723 997 836 1137
4 760 960 208 1066
4 47 48 861 1052
4 878 986 734 1214
4 679 904 851 1128
4 277 758 908 1057
4 846 987 739 989
4 725 907 892 1152
4 739 1027 984 1172
4 674 1016 841 1110
4 789 686 1159 1259
4 679 1128 851 1251
4 652 772 911 1054
4 644 771 910 1055
4 650 773 909 1056
4 784 969 701 1029
4 701 969 784 1017
4 261 1218 877 1223
4 109 1182 988 1254
4 83 950 56 975
4 808 330 1062 1277
4 801 850 682 1128
4 457 883 823 1277
4 590 903 589 1043
4 805 882 686 1159
4 353 1093 926 1177
4 663 780 878 1092
4 704 915 856 1085
4 583 452 948 1138
4 308 949 311 1140
4 667 847 733 925
4 690 958 738 966
4 647 959 916 1262
4 1074 1094 865 1290
4 353 926 1093 1235
4 661 906 817 1051
4 49 976 861 1280
4 793 261 877 1223
4 52 49 861 1280
4 868 959 647 1049
4 914 1199 479 1267
4 837 961 724 981
4 208 960 209 1066
4 64 1031 68 1156
4 757 926 1142 1158
4 644 826 1002 1135
4 731 986 878 1214
4 682 850 801 1160
4 376 882 237 1239
4 637 997 638 1257
4 690 1026 792 1107
4 654 791 804 1345
4 291 1060 953 1275
4 661 845 906 1051
4 460 951 341 1235
4 683 784 1001 1047
4 590 997 752 1320
4 500 1035 945 1242
4 86 1179 824 1254
4 681 754 787 1117
4 831 964 657 1305
4 868 1107 1049 1144
4 82 950 765 987
4 40 986 960 1266
4 311 320 313 797
4 579 583 582 796
4 701 764 871 1337
4 365 364 360 1082
4 1049 1107 813 1144
4 635 836 1176 1263
4 720 963 838 1218
4 106 963 112 1218
4 109 988 943 1254
4 277 280 279 863
4 794 1022 732 1276
4 687 1074 793 1086
4 251 927 865 1094
4 407 408 870 1023
4 847 989 733 1329
4 708 926 887 1158
4 715 800 785 1166
4 582 1063 583 1303
4 277 280 863 1057
4 158 1112 1231 1247
4 785 657 964 1305
4 175 949 930 1302
4 681 869 787 1049
4 833 913 345 1235
4 760 1066 208 1266
4 590 752 1319 1320
4 836 1137 997 1320
4 1005 1123 688 1295
4 593 948 928 1303
4 646 1085 966 1214
4 311 320 1058 1302
4 158 1216 1112 1247
4 708 917 832 1142
4 675 1013 753 1345
4 1001 1047 784 1132
4 506 740 1111 1242
4 657 800 785 1087
4 807 1057 286 1217
4 678 899 801 1002
4 822 968 555 1246
4 644 1002 888 1135
4 647 794 959 1022
4 807 953 291 1060
4 955 983 610 1286
4 675 753 849 1345
4 398 1005 873 1295
4 114 763 33 1227
4 779 1142 810 1154
4 106 1182 838 1218
4 742 664 1000 1092
4 779 1004 677 1120
4 726 911 772 1054
4 727 910 771 1055
4 728 909 773 1056
4 593 594 928 948
4 24 929 283 947
4 31 930 175 949
4 834 892 725 907
4 832 917 707 1142
4 841 1110 1016 1330
4 732 794 790 1297
4 1011 819 1290 1311
4 647 794 916 959
4 783 901 753 1121
4 590 625 589 997
4 681 764 1117 1337
4 703 882 805 1159
4 674 1110 841 1287
4 286 1057 908 1217
4 213 792 489 881
4 551 968 822 1127
4 815 878 731 1079
4 226 803 223 1065
4 833 913 716 1196
4 365 360 361 1082
4 988 1182 109 1330
4 806 570 1061 1269
4 663 878 780 1088
4 364 820 360 1082
4 1036 1190 1160 1324
4 643 860 761 1192
4 206 954 944 1266
4 867 1064 991 1324
4 708 1142 926 1158
4 190 967 837 1265
4 940 1054 709 1134
4 941 1055 710 1135
4 942 1056 711 1133
4 649 801 769 1028
4 664 855 742 1000
4 711 883 808 1277
4 652 932 772 1054
4 644 931 771 1055
4 650 933 773 1056
4 943 1179 87 1254
4 419 854 929 1246
4 916 959 794 1262
4 717 934 837 1158
4 706 925 847 1081
4 42 937 44 975
4 28 340 27 1341
4 811 1160 1036 1190
4 40 208 39 1266
4 677 1020 802 1304
4 780 782 676 1006
4 665 832 917 1109
4 186 961 28 1341
4 73 1157 78 1270
4 712 1110 841 1330
4 28 951 340 1341
4 643 812 777 978
4 708 832 951 1142
4 760 880 738 954
4 570 806 571 866
4 645 1006 780 1151
4 190 837 967 1240
4 52 861 1079 1280
4 892 907 719 1152
4 348 345 833 913
4 667 783 925 1105
4 354 835 356 1177
4 416 962 825 1076
4 769 801 678 1028
4 893 1015 718 1129
4 801 899 678 993
4 635 874 1176 1199
4 774 802 684 1318
4 675 770 1013 1091
4 926 1093 887 1158
4 649 769 801 876
4 56 1052 975 1245
4 645 782 780 1006
4 251 1272 927 1310
4 719 892 834 907
4 661 817 906 1065
4 878 1025 915 1088
4 360 361 1082 1220
4 646 880 966 1085
4 70 923 65 1179
4 833 1093 353 1145
4 790 794 732 1276
4 987 1027 739 1172
4 738 966 958 1243
4 675 770 1091 1198
4 676 780 969 1025
4 865 1074 793 1094
4 82 765 116 987
4 699 1135 769 1258
4 330 808 331 883
4 38 37 36 1298
4 35 998 763 1206
4 643 761 860 922
4 804 1091 791 1110
4 780 915 878 1092
4 677 900 802 1003
4 158 1112 1216 1231
4 647 916 794 1022
4 750 1132 918 1151
4 226 216 223 881
4 242 990 745 1084
4 697 1140 949 1325
4 890 940 709 1134
4 888 941 710 1135
4 889 942 711 1133
4 695 1138 948 1327
4 277 908 275 1057
4 754 681 1049 1117
4 754 1026 966 1107
4 657 743 831 1033
4 960 986 760 1266
4 661 906 845 1065
4 676 969 780 1151
4 690 958 966 1243
4 919 949 308 1325
4 920 947 301 1326
4 452 921 948 1327
4 819 1272 1290 1311
4 915 1025 780 1088
4 193 837 198 961
4 760 690 966 1214
4 947 1291 301 1326
4 0 762 8 1331
4 457 336 883 1277
4 865 1016 1290 1311
4 783 1006 679 1121
4 917 1004 775 1106
4 816 1231 1112 1247
4 139 953 821 1275
4 824 1179 1032 1254
4 750 1047 918 1132
4 2 0 6 903
4 1036 770 1190 1324
4 832 913 830 1070
4 353 926 352 1177
4 688 794 790 1289
4 8 615 517 955
4 699 888 769 1135
4 360 1082 820 1145
4 856 915 734 1085
4 723 860 785 983
4 950 1067 92 1245
4 717 837 961 1158
4 601 957 1089 1111
4 801 899 682 1002
4 193 198 197 961
4 832 708 951 1235
4 376 375 805 1239
4 34 274 33 908
4 784 875 701 1017
4 178 939 179 1048
4 753 679 1006 1121
4 348 833 345 1235
4 802 900 684 1003
4 1013 1074 867 1091
4 704 915 788 1205
4 350 912 1095 1196
4 169 961 898 1265
4 340 28 926 951
4 649 769 907 1028
4 867 1074 770 1086
4 643 978 777 980
4 178 1175 755 1317
4 1160 1190 811 1324
4 865 1290 1272 1311
4 711 808 1062 1277
4 111 1182 106 1218
4 345 913 348 1196
4 712 841 1110 1287
4 656 789 959 1022
4 86 87 1179 1254
4 635 1199 1176 1255
4 790 794 688 1297
4 726 1054 772 1197
4 647 959 868 1022
4 569 566 894 941
4 754 1049 868 1107
4 48 45 975 1052
4 873 1005 688 1295
4 376 237 375 1239
4 742 855 664 1092
4 178 755 1048 1317
4 1032 1179 943 1254
4 354 356 353 1177
4 794 893 718 1129
4 668 753 901 905
4 665 1070 832 1143
4 517 955 615 983
4 362 1012 367 1095
4 868 959 789 1022
4 893 1030 1015 1129
4 0 6 903 979
4 792 690 958 1233
4 930 1219 175 1302
4 226 218 216 1164
4 677 875 871 1020
4 988 1182 712 1254
4 655 792 1107 1243
4 908 998 34 1217
4 555 968 552 1246
4 685 787 1049 1053
4 305 895 919 1187
4 896 921 316 1185
4 448 894 920 1186
4 122 987 935 1288
4 675 1013 770 1160
4 790 1123 732 1297
4 708 887 926 1093
4 687 876 825 962
4 225 906 817 1065
4 232 817 882 1065
4 837 934 724 1158
4 526 809 1104 1194
4 793 1223 841 1287
4 664 915 856 1205
4 929 947 737 1278
4 555 822 551 968
4 928 1222 593 1303
4 880 954 760 1085
4 418 854 424 1076
4 518 516 955 1286
4 665 830 1070 1143
4 678 993 774 1059
4 832 707 951 1142
4 750 784 1047 1132
4 276 908 34 1217
4 681 1117 787 1337
4 784 1132 750 1151
4 336 330 883 1277
4 676 753 849 872
4 1025 1088 878 1131
4 874 914 721 1199
4 911 971 773 1113
4 725 876 769 1152
4 725 769 907 1152
4 679 778 1103 1121
4 832 1070 830 1143
4 906 1157 815 1270
4 70 69 65 923
4 740 945 1144 1261
4 753 679 872 1006
4 118 117 987 1234
4 867 991 729 1324
4 681 813 786 956
4 650 853 933 1301
4 656 790 794 1289
4 115 82 44 765
4 969 1025 701 1029
4 691 1144 945 1261
4 901 905 753 1345
4 804 1091 849 1345
4 454 951 455 1221
4 590 625 997 1320
4 774 1192 802 1318
4 276 286 908 1217
4 753 675 850 1013
4 907 1014 893 1229
4 715 785 983 1166
4 517 610 955 983
4 974 1142 939 1154
4 771 644 852 931
4 773 650 853 933
4 772 652 851 932
4 286 288 807 1217
4 759 686 990 995
4 741 927 865 1272
4 793 674 1223 1287
4 590 752 1043 1319
4 569 566 941 1269
4 362 912 1012 1095
4 92 1067 950 1234
4 991 1064 651 1324
4 242 241 988 990
4 804 791 1091 1345
4 231 882 803 1065
4 569 941 894 1269
4 151 1231 816 1247
4 31 949 1210 1314
4 594 948 1211 1313
4 24 947 1209 1315
4 675 791 1013 1345
4 963 1096 112 1218
4 952 1144 749 1164
4 791 905 901 1345
4 242 1084 745 1311
4 455 951 832 1221
4 114 763 1096 1206
4 769 1028 678 1101
4 633 638 997 1320
4 360 1082 835 1220
4 875 900 853 904
4 353 352 926 1235
4 891 1053 789 1159
4 945 749 1144 1164
4 691 1144 868 1336
4 871 875 677 1004
4 675 849 1091 1345
4 47 48 50 861
4 279 408 277 973
4 56 950 83 1245
4 770 675 801 1198
4 667 847 925 1081
4 570 866 564 1269
4 784 701 875 1029
4 801 682 899 1128
4 821 667 1081 1225
4 668 783 984 1105
4 0 979 762 1331
4 341 951 926 1235
4 760 690 960 1066
4 869 1020 787 1029
4 753 676 849 1125
4 944 954 206 1343
4 786 956 813 1168
4 655 1107 966 1243
4 129 977 821 1225
4 457 335 336 1277
4 344 926 352 1235
4 679 872 850 1121
4 241 36 37 1298
4 457 823 883 1143
4 506 945 507 957
4 867 651 1064 1324
4 70 38 923 943
4 847 1081 667 1225
4 687 793 1074 1094
4 787 869 685 1049
4 707 939 1142 1154
4 877 1218 720 1287
4 821 1081 953 1225
4 890 709 1054 1134
4 889 711 1056 1133
4 888 710 1055 1135
4 923 943 730 1179
4 65 923 69 1179
4 706 1057 807 1217
4 725 962 876 1152
4 753 872 679 1121
4 726 895 1054 1197
4 564 570 571 866
4 754 1049 787 1053
4 92 1180 1067 1234
4 18 927 962 1230
4 155 935 149 937
4 953 1081 847 1225
4 1036 1160 770 1324
4 880 788 1085 1136
4 86 824 99 1254
4 82 89 950 987
4 681 802 774 956
4 202 926 28 961
4 656 1022 959 1129
4 615 762 8 1309
4 677 871 802 1020
4 582 583 587 1303
4 686 891 817 995
4 699 941 888 1135
4 698 942 889 1133
4 700 940 890 1134
4 757 961 898 1341
4 719 1014 907 1229
4 190 967 183 1240
4 674 1016 1011 1290
4 336 330 331 883
4 748 940 930 1134
4 878 915 780 1088
4 746 941 929 1135
4 747 942 928 1133
4 893 794 1030 1129
4 392 1005 398 1123
4 311 319 320 1302
4 837 724 961 1158
4 663 861 1039 1092
4 777 980 978 1147
4 701 875 871 1004
4 615 983 762 1309
4 753 850 872 1121
4 706 908 1057 1217
4 742 1039 861 1092
4 943 988 712 1254
4 732 1022 897 1276
4 822 866 559 1127
4 173 179 178 1175
4 394 924 897 1170
4 708 887 1142 1158
4 237 882 376 1238
4 288 953 807 1217
4 678 1028 993 1059
4 714 818 979 980
4 675 1091 791 1345
4 31 930 949 1314
4 24 929 947 1315
4 594 928 948 1313
4 764 880 662 992
4 762 723 978 997
4 739 984 950 1146
4 674 867 1074 1091
4 912 1012 692 1184
4 676 782 780 1088
4 460 343 913 1235
4 851 1128 682 1251
4 691 952 1144 1336
4 774 993 718 1059
4 745 1011 1016 1311
4 927 1272 741 1310
4 851 899 682 1128
4 765 1000 937 1172
4 822 888 699 941
4 823 889 698 942
4 821 890 700 940
4 656 794 790 1276
4 830 913 832 1143
4 895 1060 1054 1197
4 559 866 822 1269
4 728 1056 773 1264
4 727 1055 771 1271
4 788 887 1158 1244
4 676 753 872 1006
4 112 963 107 1096
4 895 1187 305 1202
4 896 1185 316 1201
4 448 894 1186 1200
4 925 1103 778 1121
4 528 1173 840 1295
4 316 921 896 1211
4 305 919 895 1210
4 448 920 894 1209
4 644 852 931 1284
4 652 851 932 1285
4 788 1158 934 1244
4 786 657 956 1168
4 766 1125 654 1193
4 653 1004 779 1120
4 642 1029 869 1042
4 894 1061 569 1269
4 647 868 1049 1144
4 82 115 116 765
4 462 832 913 1143
4 134 821 129 977
4 73 815 1157 1270
4 683 1017 784 1047
4 714 922 980 1150
4 43 83 56 975
4 582 796 1063 1294
4 232 882 817 1167
4 582 1294 1063 1303
4 935 937 155 1237
4 645 780 782 1039
4 784 904 683 1001
4 791 901 753 1345
4 73 78 72 1270
4 677 802 900 1304
4 57 1052 56 1245
4 675 849 804 1091
4 978 980 705 1147
4 1088 1131 1025 1193
4 663 1039 861 1052
4 676 780 1006 1151
4 824 1180 99 1254
4 648 775 871 1102
4 261 793 877 1248
4 151 158 1231 1247
4 507 1204 957 1338
4 1067 1180 857 1234
4 148 155 149 937
4 761 956 860 1087
4 745 1016 674 1110
4 666 822 866 1090
4 674 793 867 1287
4 648 871 775 879
4 704 880 788 1085
4 751 1019 956 1149
4 320 797 1058 1293
4 878 734 1085 1214
4 820 912 358 1145
4 350 1095 349 1196
4 320 1293 1058 1302
4 656 959 789 1129
4 277 406 275 1023
4 853 900 680 904
4 674 745 1011 1016
4 784 1017 750 1047
4 802 1003 684 1040
4 517 955 610 1286
4 869 982 959 1049
4 203 197 198 1177
4 683 875 853 904
4 647 916 982 1262
4 678 801 769 1002
4 418 419 424 854
4 190 184 967 1265
4 384 946 819 1272
4 815 906 731 1051
4 360 835 1082 1145
4 707 951 939 1221
4 715 983 955 1286
4 183 967 855 1240
4 674 1011 745 1110
4 986 1085 734 1214
4 457 883 456 1143
4 777 705 980 1147
4 724 1093 926 1158
4 653 917 779 1004
4 551 834 968 1127
4 766 654 1098 1193
4 487 958 209 1233
4 848 1052 58 1245
4 897 924 394 1204
4 759 995 990 1298
4 745 994 759 1110
4 675 850 1013 1160
4 169 898 1212 1265
4 422 421 962 1260
4 851 904 899 1128
4 339 951 939 1341
4 679 904 784 1001
4 731 815 1051 1249
4 76 960 40 986
4 769 907 1028 1101
4 770 1074 1013 1091
4 739 987 846 1027
4 915 1085 788 1136
4 751 802 1192 1318
4 87 943 70 1179
4 507 957 945 1338
4 676 1088 1025 1193
4 681 764 871 1149
4 788 887 724 1158
4 694 1089 957 1111
4 773 1056 933 1264
4 957 1089 694 1316
4 45 937 42 975
4 771 1055 931 1271
4 718 959 869 982
4 784 904 872 1029
4 661 1053 891 1159
4 930 949 736 1302
4 358 912 833 1145
4 527 840 1104 1295
4 118 91 117 1234
4 765 950 739 987
4 751 956 802 1149
4 675 849 872 1042
4 814 1199 632 1255
4 926 961 202 1177
4 633 836 638 1320
4 884 1124 914 1250
4 719 907 834 1130
4 333 939 339 1221
4 648 775 884 1124
4 477 938 814 1169
4 646 1025 878 1131
4 371 1066 482 1208
4 82 116 89 987
4 647 982 916 1168
4 724 887 1093 1158
4 1176 1199 814 1255
4 906 1051 815 1249
4 759 990 686 994
4 945 749 1164 1338
4 648 879 775 1124
4 21 897 1204 1338
4 993 1028 718 1059
4 662 879 764 992
4 928 948 735 1303
4 702 918 1000 1346
4 823 883 665 1109
4 964 1253 599 1274
4 754 1107 966 1117
4 202 961 197 1177
4 825 876 725 962
4 952 1164 749 1338
4 676 753 1006 1125
4 684 802 774 1304
4 861 1039 742 1052
4 860 956 657 1087
4 775 1070 917 1106
4 746 1055 941 1135
4 748 1054 940 1134
4 747 1056 942 1133
4 765 937 1000 1146
4 675 1013 791 1091
4 311 949 319 1302
4 583 948 587 1303
4 704 788 915 1085
4 705 979 818 980
4 142 276 34 1217
4 721 1199 914 1267
4 666 866 822 1127
4 867 1086 770 1324
4 655 966 1107 1117
4 696 1291 947 1326
4 871 875 701 1020
4 950 975 713 1245
4 694 749 924 1183
4 558 559 866 1127
4 801 899 993 1128
4 477 814 938 1199
4 695 1063 948 1138
4 697 1058 949 1140
4 705 980 818 1090
4 897 952 235 1238
4 673 811 1036 1190
4 946 1005 392 1123
4 353 1093 833 1235
4 884 1070 775 1106
4 694 999 749 1183
4 821 953 139 1225
4 789 1053 891 1098
4 139 145 953 1275
4 231 227 882 1065
4 774 956 802 1192
4 273 114 33 1227
4 663 1031 902 1119
4 225 224 906 1065
4 702 1037 918 1346
4 823 467 938 1143
4 308 949 919 1210
4 301 947 920 1209
4 452 948 921 1211
4 721 884 830 914
4 867 877 720 1287
4 644 970 826 1256
4 832 913 708 1235
4 830 884 716 914
4 674 793 865 1074
4 1074 1091 770 1198
4 92 1067 824 1245
4 867 1013 770 1074
4 777 978 812 1147
4 666 866 818 1090
4 732 897 1080 1276
4 654 994 804 1110
4 774 869 718 993
4 745 990 759 994
4 775 716 1124 1181
4 680 773 971 1113
4 656 804 789 1259
4 731 886 845 960
4 831 1274 964 1305
4 291 807 288 953
4 653 779 810 1120
4 709 890 821 940
4 711 889 823 942
4 710 888 822 941
4 787 754 1053 1131
4 660 863 807 1171
4 823 665 883 1143
4 1054 1060 709 1197
4 371 370 365 1208
4 635 1176 836 1255
4 666 818 980 1090
4 666 818 866 1127
4 856 915 664 1092
4 722 846 987 1027
4 488 799 958 1148
4 687 1074 996 1290
4 526 1194 1104 1300
4 686 817 891 1159
4 689 1051 906 1249
4 802 956 751 1192
4 454 455 338 1221
4 38 88 37 943
4 753 1006 783 1121
4 679 1001 784 1132
4 635 632 1199 1255
4 802 1102 1003 1292
4 901 905 791 1153
4 637 633 638 997
4 841 1223 674 1287
4 92 950 90 1234
4 1116 1185 1122 1327
4 1115 1186 1122 1326
4 767 884 1207 1250
4 1114 1187 1122 1325
4 685 869 959 1049
4 38 75 923 1298
4 509 957 924 1316
4 649 876 801 1198
4 353 344 352 1235
4 658 859 806 1147
4 662 992 880 1082
4 514 1104 809 1316
4 937 975 742 1146
4 1003 1040 802 1292
4 245 242 243 988
4 734 915 856 1092
4 834 965 543 1226
4 709 953 1060 1275
4 717 898 757 961
4 891 994 789 1098
4 723 1118 1071 1191
4 737 826 1069 1256
4 990 995 686 1167
4 755 939 898 1175
4 186 202 28 961
4 223 881 845 1065
4 342 926 341 951
4 403 985 825 1141
4 663 848 1039 1052
4 84 950 92 1245
4 845 886 690 960
4 704 954 880 1085
4 527 528 840 1295
4 716 914 884 1124
4 853 904 680 971
4 685 804 789 959
4 273 33 274 1227
4 73 72 815 1270
4 112 106 107 963
4 241 37 988 1298
4 677 1003 802 1102
4 659 858 808 1154
4 675 801 993 1128
4 860 922 761 1087
4 482 1066 958 1208
4 937 1000 702 1172
4 686 789 891 994
4 937 742 1000 1146
4 726 1060 895 1197
4 804 994 789 1259
4 983 1166 610 1286
4 818 965 544 1127
4 757 939 707 951
4 714 762 955 1150
4 838 1182 720 1218
4 640 635 874 1263
4 410 870 408 973
4 527 840 528 1173
4 670 776 922 1262
4 111 106 112 1218
4 689 906 815 1249
4 481 209 487 1066
4 643 761 922 1059
4 750 784 969 1017
4 643 761 1059 1192
4 767 1207 885 1250
4 183 190 184 967
4 749 945 740 957
4 681 813 956 982
4 360 820 364 1145
4 623 1222 862 1303
4 50 861 48 1052
4 886 960 731 1214
4 140 139 821 1275
4 457 823 458 1277
4 407 406 408 1023
4 799 1108 655 1148
4 171 1219 864 1302
4 813 982 681 1049
4 642 1020 869 1029
4 18 1230 962 1306
4 394 924 1170 1224
4 795 655 1108 1148
4 340 28 342 926
4 789 804 685 1098
4 18 962 927 1141
4 214 845 223 881
4 140 821 940 1275
4 458 823 942 1277
4 598 964 1274 1305
4 775 716 884 1124
4 710 806 1061 1269
4 68 1156 1031 1157
4 749 957 740 999
4 884 914 721 1250
4 776 1028 907 1101
4 483 488 799 958
4 832 883 665 1143
4 928 1009 747 1133
4 929 1008 746 1135
4 930 1007 748 1134
4 20 897 394 1204
4 666 834 907 1130
4 834 666 1127 1130
4 712 1182 988 1330
4 679 778 1121 1251
4 766 891 654 902
4 707 757 951 1142
4 740 945 749 999
4 792 881 690 1233
4 788 724 934 1158
4 281 279 863 973
4 886 966 754 1026
4 820 662 992 1181
4 56 57 975 1052
4 419 854 415 929
4 785 800 657 1305
4 39 208 1066 1266
4 483 958 799 1208
4 232 228 817 1065
4 762 723 997 1309
4 938 1083 823 1143
4 54 986 53 1280
4 772 1054 932 1197
4 775 1124 879 1181
4 657 860 785 1191
4 642 872 904 1029
4 1063 1294 859 1303
4 415 854 414 973
4 2 1 0 1309
4 377 1080 897 1238
4 691 881 803 1026
4 439 1122 1186 1326
4 1122 1185 441 1327
4 434 1122 1187 1325
4 228 225 817 1065
4 666 822 1041 1127
4 655 966 764 992
4 87 70 65 1179
4 697 949 919 1325
4 362 367 351 1095
4 696 947 920 1326
4 695 948 921 1327
4 845 906 224 1065
4 667 846 821 1078
4 675 872 850 1128
4 333 1048 939 1221
4 487 211 958 1233
4 342 344 341 926
4 276 908 286 1057
4 665 823 1083 1143
4 853 875 677 900
4 660 826 1045 1256
4 76 960 986 1281
4 466 823 467 938
4 92 824 1067 1180
4 929 941 699 1135
4 930 940 700 1134
4 928 942 698 1133
4 716 1095 912 1196
4 80 995 79 1157
4 724 934 837 1205
4 830 464 913 1143
4 666 1041 834 1127
4 765 1146 1000 1172
4 377 897 235 1238
4 834 1127 965 1130
4 863 1057 807 1171
4 830 1083 938 1143
4 688 1123 790 1297
4 598 964 599 1274
4 815 878 663 1249
4 736 1219 930 1302
4 58 1052 57 1245
4 781 804 675 1015
4 138 139 953 1225
4 318 1211 896 1313
4 568 1209 894 1315
4 300 1210 895 1314
4 550 543 834 965
4 743 1253 964 1274
4 675 1042 872 1128
4 732 1123 839 1297
4 975 1052 713 1245
4 656 794 1022 1129
4 660 1045 826 1069
4 759 1075 994 1178
4 644 910 970 1256
4 455 832 883 1221
4 681 1117 764 1149
4 270 985 793 1248
4 668 905 901 1153
4 673 811 826 1036
4 810 1017 683 1236
4 679 1006 783 1132
4 916 982 761 1168
4 722 1027 987 1172
4 759 988 745 1110
4 171 1302 864 1317
4 209 958 487 1066
4 283 420 415 929
4 659 797 1264 1340
4 813 1049 681 1117
4 654 766 902 1125
4 1017 1047 683 1236
4 623 1303 862 1319
4 398 873 529 1295
4 859 1043 806 1147
4 734 944 856 1085
4 861 734 1079 1280
4 776 907 893 1229
4 792 1026 691 1107
4 384 819 946 1189
4 344 341 926 1235
4 735 1222 928 1303
4 665 883 832 1109
4 818 866 557 1215
4 994 1075 654 1178
4 527 1104 528 1295
4 598 1274 831 1305
4 665 1083 830 1143
4 232 817 233 1167
4 858 1048 808 1154
4 573 1043 903 1215
4 129 821 134 1225
4 281 973 863 1278
4 779 707 1142 1154
4 800 831 657 1305
4 819 1289 1011 1290
4 346 348 345 1235
4 187 181 45 937
4 259 1094 865 1223
4 646 915 878 1025
4 874 914 756 1250
4 134 821 977 1282
4 694 924 749 957
4 812 1034 671 1137
4 954 1220 206 1343
4 58 848 60 1052
4 660 1069 826 1256
4 702 1213 1037 1346
4 745 1016 1110 1330
4 801 876 769 1036
4 787 1117 754 1337
4 509 924 957 1204
4 674 867 793 1074
4 635 636 874 1199
4 658 796 1271 1339
4 834 968 822 1041
4 21 897 378 1204
4 737 1069 1073 1256
4 761 956 1087 1168
4 668 782 905 1119
4 729 867 793 877
4 621 593 594 928
4 690 960 886 1214
4 24 420 283 929
4 655 764 966 1117
4 774 802 681 1304
4 31 154 175 930
4 726 1139 798 1162
4 728 1140 797 1163
4 727 1138 796 1161
4 656 789 1022 1276
4 668 984 782 1119
4 674 1074 865 1290
4 978 980 643 1150
4 749 999 945 1144
4 726 1162 798 1197
4 681 787 869 1020
4 613 785 1166 1257
4 692 820 992 1181
4 92 84 90 950
4 42 148 44 937
4 752 978 812 1034
4 718 869 774 982
4 868 1049 754 1053
4 729 985 793 1086
4 222 224 845 906
4 1058 1293 858 1302
4 118 125 846 987
4 675 1015 804 1165
4 712 905 791 1075
4 388 946 384 1272
4 421 892 962 1260
4 154 175 930 1219
4 764 879 662 1021
4 825 870 409 1342
4 848 713 1039 1052
4 750 969 784 1151
4 661 891 817 1159
4 845 881 214 1233
4 318 334 12 942
4 567 568 566 941
4 146 147 300 940
4 514 521 1104 1316
4 653 974 810 1142
4 603 1089 800 1111
4 241 988 990 1298
4 243 242 241 988
4 714 955 922 1150
4 462 913 464 1143
4 917 1070 665 1106
4 550 965 834 1127
4 893 907 776 1028
4 793 985 687 1086
4 694 957 749 999
4 834 1041 822 1127
4 593 928 621 1222
4 690 966 886 1026
4 787 1053 685 1131
4 763 706 991 1273
4 730 902 1031 1119
4 706 908 763 991
4 692 1012 1095 1124
4 603 601 1089 1111
4 557 818 558 866
4 114 1096 763 1227
4 54 1079 986 1280
4 663 902 782 1119
4 930 940 748 1314
4 929 941 746 1315
4 810 683 1047 1236
4 928 942 747 1313
4 462 461 832 1143
4 729 1086 867 1324
4 675 993 801 1015
4 3 1253 1018 1333
4 348 833 358 912
4 488 958 792 1148
4 836 1071 638 1257
4 710 866 806 1269
4 675 993 1015 1042
4 99 824 95 1180
4 668 857 838 1312
4 679 850 1128 1251
4 643 980 922 1150
4 764 662 880 1021
4 1012 1253 3 1333
4 756 1095 1012 1124
4 144 139 145 953
4 740 1144 999 1261
4 787 1131 685 1193
4 655 966 992 1243
4 467 823 466 1143
4 856 944 704 1085
4 709 953 807 1060
4 456 455 832 883
4 791 1091 1013 1287
4 551 822 555 1127
4 57 58 60 1052
4 765 975 937 1146
4 187 189 855 976
4 5 3 1012 1253
4 346 833 348 1235
4 359 820 358 1145
4 875 904 784 1029
4 690 881 792 1026
4 792 881 691 1026
4 89 950 987 1234
4 810 1142 974 1154
4 691 945 1144 1164
4 679 872 904 1128
4 145 144 953 1275
4 485 1012 367 1184
4 187 182 181 937
4 702 1000 1213 1346
4 480 874 479 1333
4 723 1071 785 1191
4 460 462 832 913
4 5 1018 3 1253
4 652 1001 890 1334
4 745 1110 988 1330
4 650 1003 889 1335
4 715 922 860 1087
4 643 777 812 1010
4 723 762 978 1150
4 176 1219 171 1302
4 812 671 1072 1137
4 657 1087 956 1168
4 819 741 1289 1290
4 737 1008 826 1256
4 800 604 1111 1305
4 823 883 711 1277
4 659 1293 797 1340
4 487 211 489 958
4 712 791 905 1153
4 665 1070 884 1106
4 592 1222 623 1303
4 868 1026 754 1107
4 689 891 766 902
4 822 968 834 1127
4 901 783 1105 1121
4 825 962 725 1076
4 923 995 80 1157
4 3 5 4 1018
4 653 810 1017 1120
4 572 806 1043 1215
4 553 818 544 1127
4 774 681 869 1304
4 658 1294 796 1339
4 120 119 847 989
4 679 872 784 904
4 903 979 573 1215
4 643 922 776 1059
4 803 881 691 1164
4 421 962 892 1306
4 671 812 827 1040
4 786 813 681 1117
4 798 660 1299 1344
4 665 917 832 1070
4 999 1144 813 1261
4 206 944 201 1266
4 691 803 868 1026
4 412 403 409 825
4 654 804 849 1345
4 187 855 182 937
4 635 639 836 1263
4 506 1111 505 1242
4 479 914 474 1333
4 656 789 804 1129
4 766 878 1088 1131
4 649 893 907 1014
4 260 793 1094 1223
4 730 1031 923 1179
4 832 917 708 1070
4 558 866 818 1127
4 897 1022 703 1276
4 557 979 818 1215
4 752 1034 812 1137
4 661 868 803 1026
4 684 900 802 1304
4 318 12 1211 1313
4 568 567 1209 1315
4 147 1210 300 1314
4 769 888 699 1041
4 651 811 1251 1273
4 8 762 955 1331
4 781 675 804 1091
4 776 1059 922 1262
4 333 332 1048 1221
4 815 1079 67 1156
4 176 1302 171 1317
4 869 959 718 1165
4 738 880 992 1082
4 664 855 1000 1213
4 685 804 959 1165
4 772 851 680 970
4 773 853 680 971
4 46 48 45 975
4 707 779 917 1109
4 47 861 50 976
4 820 992 662 1082
4 725 907 769 1041
4 623 592 1303 1319
4 736 828 1134 1334
4 735 827 1133 1335
4 721 914 874 1250
4 846 977 821 1078
4 736 828 1007 1134
4 735 827 1009 1133
4 691 1144 952 1164
4 232 882 227 1065
4 813 1107 1049 1117
4 34 33 35 998
4 333 339 338 1221
4 651 1121 778 1251
4 884 721 1207 1250
4 685 959 869 1165
4 120 1206 103 1329
4 230 803 952 1164
4 718 993 869 1165
4 861 976 734 1280
4 21 952 897 1338
4 995 1167 990 1298
4 104 109 943 1254
4 756 914 874 1333
4 829 1175 167 1231
4 363 358 820 912
4 754 1026 868 1053
4 821 846 667 1225
4 978 997 723 1137
4 18 405 17 1306
4 399 540 534 1306
4 956 1019 786 1149
4 699 769 1068 1258
4 118 117 125 987
4 766 1131 1088 1193
4 270 793 265 1248
4 350 349 347 1196
4 846 667 1027 1078
4 751 956 1019 1191
4 997 1257 637 1309
4 673 826 811 1069
4 901 1105 925 1121
4 667 989 847 1225
4 684 802 1040 1318
4 692 1095 912 1124
4 718 982 774 1059
4 774 869 681 982
4 663 848 1031 1119
4 817 891 689 995
4 671 827 812 1072
4 717 837 934 1213
4 460 341 343 1235
4 649 907 893 1028
4 707 939 757 1142
4 903 978 762 979
4 6 562 573 979
4 707 917 779 1142
4 732 1080 790 1276
4 701 871 764 1021
4 388 946 1272 1310
4 959 1022 794 1129
4 464 465 830 913
4 539 873 892 1226
4 260 1094 259 1223
4 685 1131 1053 1193
4 75 81 995 1298
4 140 145 139 1275
4 335 457 458 1277
4 1038 1104 521 1316
4 86 95 99 824
4 570 569 1061 1269
4 416 825 417 1076
4 751 860 956 1191
4 709 1054 895 1060
4 523 809 514 1104
4 602 800 604 1111
4 865 1094 793 1223
4 526 809 523 1104
4 950 984 713 1146
4 456 883 832 1143
4 898 961 717 1265
4 740 945 999 1144
4 666 777 980 1332
4 643 922 860 1150
4 809 1087 715 1089
4 751 1040 802 1318
4 683 904 853 971
4 808 1048 327 1221
4 860 983 723 1150
4 676 780 1025 1088
4 493 795 936 1148
4 654 891 766 1098
4 539 892 873 1306
4 422 421 416 962
4 165 1219 816 1231
4 807 1060 798 1344
4 1123 1170 732 1224
4 79 906 78 1157
4 786 956 657 1019
4 644 970 852 1284
4 318 896 334 942
4 568 894 566 941
4 652 971 851 1285
4 146 300 895 940
4 994 1075 759 1110
4 667 846 989 1225
4 755 974 939 1154
4 403 825 412 1141
4 715 983 860 1150
4 856 981 194 1240
4 912 1145 820 1181
4 699 941 929 1246
4 228 224 225 1065
4 485 936 1012 1184
4 560 941 822 1246
4 839 1123 732 1224
4 601 509 511 1089
4 756 1024 1012 1253
4 644 826 1008 1256
4 678 774 993 1099
4 804 1011 994 1259
4 271 401 402 1248
4 629 1222 814 1255
4 247 865 1272 1311
4 303 1187 1139 1202
4 312 1185 1140 1201
4 671 1034 812 1040
4 450 1186 1138 1200
4 878 915 734 1092
4 204 835 981 1220
4 757 717 961 1158
4 752 978 1034 1137
4 645 918 1132 1151
4 358 833 355 1145
4 332 327 1048 1221
4 769 876 725 1068
4 651 811 1160 1251
4 611 964 1071 1263
4 1140 1185 728 1201
4 1019 1149 751 1292
4 1139 1187 726 1202
4 556 555 552 1246
4 1138 1186 727 1200
4 718 1015 993 1165
4 764 701 1136 1337
4 644 1002 970 1284
4 652 1001 971 1285
4 939 974 757 1142
4 735 1009 928 1133
4 737 1008 929 1135
4 736 1007 930 1134
4 663 1039 848 1119
4 216 1164 215 1232
4 149 935 155 1216
4 411 415 414 973
4 283 415 281 1278
4 882 1065 817 1159
4 9 5 3 1012
4 726 919 895 1187
4 743 1012 936 1024
4 728 921 896 1185
4 727 920 894 1186
4 833 1145 912 1181
4 693 964 1191 1328
4 728 1140 844 1185
4 726 1139 843 1187
4 727 1138 842 1186
4 521 1104 1038 1224
4 762 978 903 997
4 673 973 870 1342
4 838 857 668 1180
4 792 881 213 1232
4 784 872 679 1006
4 301 1291 1139 1326
4 613 785 609 1166
4 216 881 1164 1232
4 401 1227 1023 1248
4 699 929 854 1246
4 694 916 1087 1168
4 792 1148 655 1261
4 776 1028 1101 1332
4 754 1049 1107 1117
4 975 1039 713 1052
4 18 405 962 1141
4 611 1071 617 1263
4 817 891 661 1051
4 798 1299 807 1344
4 3 1018 4 1333
4 778 925 667 1103
4 730 1075 759 1178
4 935 155 1216 1237
4 648 884 1102 1292
4 506 596 505 1111
4 715 1087 809 1252
4 132 847 119 989
4 152 816 165 1219
4 360 835 357 1220
4 531 840 965 1300
4 750 918 1037 1346
4 220 1233 960 1281
4 958 1066 738 1208
4 1011 1091 804 1110
4 18 962 405 1306
4 160 159 967 1212
4 756 1024 1253 1328
4 666 776 907 1101
4 493 936 799 1148
4 560 822 555 1246
4 511 1089 509 1316
4 523 526 516 809
4 88 37 943 988
4 730 943 759 1075
4 129 846 977 1225
4 818 965 1127 1130
4 4 1018 641 1333
4 664 934 837 1213
4 340 926 342 951
4 642 904 875 1029
4 531 965 536 1300
4 689 995 891 1178
4 710 1061 894 1269
4 855 976 189 1240
4 691 792 1107 1261
4 970 1002 852 1284
4 291 953 144 1275
4 971 1001 851 1285
4 477 1199 938 1267
4 1015 1042 993 1165
4 404 403 412 1141
4 650 972 853 1301
4 655 992 764 1296
4 641 1018 874 1333
4 666 980 777 1090
4 120 119 132 847
4 690 760 960 1214
4 122 935 1247 1288
4 855 976 664 1092
4 730 923 759 943
4 818 979 546 1203
4 849 654 1125 1193
4 841 1218 258 1223
4 829 967 159 1212
4 416 417 422 1076
4 232 231 227 882
4 572 1043 573 1215
4 265 270 264 793
4 806 1061 796 1271
4 715 1166 983 1286
4 489 792 488 958
4 50 861 49 976
4 47 50 49 976
4 691 1035 792 1261
4 643 776 922 980
4 761 1087 916 1168
4 722 935 765 987
4 790 1080 732 1170
4 761 774 956 982
4 748 1210 949 1314
4 747 1211 948 1313
4 746 1209 947 1315
4 523 514 521 1104
4 718 794 959 1262
4 849 1098 654 1193
4 675 993 1042 1128
4 677 871 1004 1102
4 21 378 897 952
4 640 635 636 874
4 994 1011 804 1110
4 808 1062 797 1264
4 686 891 789 1159
4 136 1282 930 1314
4 475 1283 928 1313
4 879 992 662 1181
4 436 1122 843 1187
4 440 1122 842 1186
4 437 1122 844 1185
4 653 779 917 1142
4 660 811 778 1045
4 658 812 777 1044
4 735 928 1097 1133
4 656 1011 804 1259
4 751 1149 802 1292
4 659 810 779 1046
4 203 202 197 1177
4 546 818 557 979
4 303 843 1139 1187
4 450 842 1138 1186
4 312 844 1140 1185
4 127 977 816 1174
4 162 829 167 1231
4 531 840 537 965
4 673 854 973 1342
4 552 555 551 968
4 720 877 763 1096
4 98 989 120 1329
4 692 936 1012 1024
4 75 995 923 1298
4 808 858 659 1293
4 498 493 795 936
4 736 930 1100 1134
4 890 1001 768 1334
4 194 198 837 981
4 220 845 1233 1281
4 889 1003 767 1335
4 767 1102 884 1292
4 761 982 916 1262
4 806 859 658 1294
4 694 800 1089 1111
4 717 757 898 974
4 705 978 903 979
4 456 883 337 1221
4 783 1103 925 1121
4 53 986 944 1280
4 666 1101 777 1332
4 744 892 873 1014
4 720 1096 963 1218
4 730 759 923 1178
4 214 221 223 845
4 657 1019 956 1191
4 74 923 80 1157
4 165 816 152 1231
4 62 67 1079 1156
4 643 1059 776 1332
4 673 870 973 1190
4 956 982 813 1168
4 678 774 1010 1059
4 194 856 195 981
4 746 894 941 1055
4 747 896 942 1056
4 748 895 940 1054
4 483 482 958 1208
4 763 998 1064 1206
4 651 778 1121 1273
4 517 615 610 983
4 645 1039 782 1146
4 665 779 917 1106
4 682 826 811 1036
4 807 863 660 1299
4 689 891 817 1051
4 410 407 408 870
4 713 950 765 975
4 167 1175 829 1212
4 572 806 580 1043
4 851 680 899 904
4 732 1123 790 1170
4 645 783 984 1006
4 837 194 981 1240
4 88 109 37 988
4 411 281 415 973
4 359 363 358 820
4 414 973 854 1342
4 723 1034 978 1137
4 774 681 956 982
4 204 981 835 1177
4 562 573 979 1215
4 832 951 707 1221
4 6 573 903 979
4 680 772 970 1113
4 686 995 817 1167
4 818 1127 666 1130
4 651 1121 925 1273
4 821 953 709 1275
4 88 943 109 988
4 651 901 867 1064
4 860 922 715 1150
4 620 637 1257 1309
4 680 900 899 904
4 490 799 488 1148
4 802 956 681 1149
4 789 959 804 1129
4 473 914 479 1267
4 258 1218 261 1223
4 52 51 49 1280
4 960 1233 845 1281
4 772 911 726 1162
4 771 910 727 1161
4 773 909 728 1163
4 648 884 775 1102
4 376 1080 377 1238
4 720 1153 841 1182
4 720 867 901 1064
4 645 782 984 1146
4 391 790 387 946
4 228 233 232 817
4 891 902 689 1178
4 777 1010 852 1044
4 456 455 883 1221
4 675 1042 1015 1165
4 655 786 813 1033
4 719 834 965 1130
4 563 557 866 1215
4 705 1090 866 1339
4 775 1004 871 1102
4 748 949 930 1314
4 705 818 866 1090
4 746 947 929 1315
4 747 948 928 1313
4 76 986 1270 1281
4 659 1195 1058 1307
4 603 800 602 1111
4 752 997 978 1137
4 764 1149 1117 1296
4 736 1134 1100 1334
4 762 955 715 983
4 735 1133 1097 1335
4 93 857 96 1180
4 901 925 1105 1312
4 655 764 1117 1296
4 659 808 1293 1340
4 372 39 208 1066
4 363 912 820 1184
4 286 807 287 1057
4 370 371 482 1208
4 860 956 761 1192
4 456 337 455 1221
4 572 571 806 1215
4 661 817 1065 1159
4 645 918 1027 1132
4 550 544 965 1127
4 838 101 963 1180
4 154 170 175 1219
4 943 1032 730 1179
4 924 1038 694 1183
4 935 987 722 1288
4 857 963 838 1312
4 714 922 776 980
4 1087 1089 809 1252
4 686 882 817 1159
4 701 1021 764 1136
4 796 1161 1138 1188
4 698 938 814 1207
4 934 1017 653 1236
4 487 209 211 1233
4 247 1016 865 1311
4 613 1166 609 1257
4 251 865 259 1094
4 654 902 891 1178
4 703 868 789 1022
4 1003 1102 767 1292
4 770 1086 1190 1324
4 784 1006 679 1132
4 660 778 811 1171
4 143 953 288 1217
4 642 875 900 1304
4 769 678 1002 1101
4 658 777 812 1147
4 713 848 1039 1119
4 812 1010 777 1044
4 634 836 633 1320
4 658 806 1294 1339
4 649 1015 893 1030
4 659 779 810 1154
4 484 799 493 936
4 9 1012 3 1333
4 826 1045 811 1069
4 689 902 766 1249
4 713 1052 848 1245
4 996 1074 876 1198
4 717 757 974 1158
4 778 1103 1081 1285
4 745 988 759 990
4 957 1204 749 1338
4 726 1187 895 1202
4 728 1185 896 1201
4 727 1186 894 1200
4 763 877 729 1227
4 807 1299 660 1344
4 440 439 1122 1186
4 436 434 1122 1187
4 441 1122 437 1185
4 491 488 792 1148
4 465 830 913 1196
4 66 67 815 1079
4 524 839 1104 1224
4 723 785 860 1191
4 762 715 955 1150
4 715 762 983 1150
4 876 1036 801 1198
4 670 893 776 1262
4 1081 1103 890 1285
4 772 1113 911 1162
4 658 1188 1063 1308
4 916 1087 761 1252
4 629 628 1222 1255
4 660 798 1197 1344
4 774 982 761 1059
4 797 1163 1140 1195
4 763 991 908 1023
4 647 982 813 1049
4 754 966 886 1131
4 728 844 1140 1163
4 509 957 508 1204
4 726 843 1139 1162
4 727 842 1138 1161
4 86 99 87 1254
4 680 904 851 971
4 702 937 855 1000
4 667 925 778 1081
4 901 1064 925 1312
4 612 964 785 1071
4 752 812 1072 1137
4 497 1253 936 1274
4 665 779 1106 1109
4 21 235 378 952
4 763 908 706 998
4 784 875 683 904
4 674 1091 791 1287
4 720 1182 841 1218
4 531 537 536 965
4 192 976 856 1240
4 690 886 845 1026
4 897 924 732 1170
4 537 965 840 1173
4 665 917 779 1109
4 622 593 621 1222
4 611 964 612 1071
4 648 786 1149 1296
4 556 560 555 1246
4 855 937 742 1000
4 815 906 689 1157
4 609 613 608 785
4 847 989 132 1225
4 789 1053 868 1159
4 655 1148 792 1243
4 609 785 608 1166
4 694 1087 916 1252
4 648 1024 786 1296
4 644 1008 910 1256
4 424 968 423 1076
4 272 1227 401 1248
4 775 1102 884 1106
4 650 1003 972 1301
4 660 811 1045 1069
4 707 832 883 1109
4 803 882 231 1238
4 661 845 886 1026
4 1077 1126 810 1236
4 759 1075 988 1110
4 798 1060 807 1299
4 402 870 409 985
4 916 694 1038 1183
4 422 1076 423 1260
4 972 1003 853 1301
4 742 976 855 1092
4 945 957 749 1338
4 859 862 735 1303
4 897 703 1080 1276
4 182 937 855 1237
4 693 885 874 1250
4 39 1066 372 1266
4 821 890 709 1081
4 201 944 206 1343
4 830 938 467 1143
4 137 120 847 998
4 742 1039 975 1052
4 679 1103 783 1121
4 210 208 40 960
4 634 1255 836 1320
4 705 1147 777 1339
4 857 963 101 1180
4 925 1121 778 1273
4 63 64 68 1156
4 858 864 736 1302
4 796 1061 806 1294
4 249 247 865 1272
4 307 949 308 1210
4 15 947 301 1209
4 452 453 948 1211
4 781 804 1015 1129
4 723 983 785 1257
4 423 1076 968 1260
4 922 955 715 1150
4 603 602 601 1111
4 797 1062 808 1293
4 263 927 251 1094
4 127 816 977 1247
4 58 61 848 1245
4 707 1154 779 1340
4 708 887 917 1142
4 837 934 664 1205
4 144 291 288 953
4 800 1089 603 1166
4 460 343 462 913
4 705 777 1090 1339
4 729 877 793 1248
4 137 121 120 998
4 657 956 860 1191
4 666 1090 777 1101
4 189 188 187 855
4 776 922 714 1229
4 773 1113 909 1163
4 647 916 999 1168
4 897 924 749 1183
4 687 770 876 1074
4 815 1079 731 1270
4 94 1234 989 1329
4 637 638 619 1257
4 853 875 683 1120
4 731 878 815 1249
4 1061 1271 806 1339
4 748 919 895 1321
4 746 920 894 1322
4 747 921 896 1323
4 648 871 879 1149
4 666 980 776 1332
4 886 966 646 1131
4 414 410 973 1342
4 692 992 879 1181
4 683 1017 810 1120
4 795 655 1148 1261
4 720 838 1153 1182
4 491 792 492 1035
4 493 494 795 1148
4 687 927 962 1141
4 188 855 189 1240
4 760 954 738 1066
4 798 1139 696 1162
4 696 798 1162 1197
4 667 890 821 1081
4 363 362 912 1184
4 149 155 156 1216
4 827 1044 812 1072
4 966 1131 754 1337
4 655 813 786 1117
4 534 873 398 1005
4 761 956 774 1192
4 684 827 812 1040
4 712 988 1110 1330
4 645 1000 780 1039
4 737 1073 1008 1256
4 834 907 725 1041
4 766 886 878 1131
4 599 1253 502 1274
4 758 973 870 1190
4 768 1027 918 1132
4 677 875 853 1120
4 803 868 703 1336
4 683 828 810 1047
4 678 852 899 1002
4 691 945 1035 1261
4 713 975 765 1146
4 646 878 886 1131
4 788 1021 880 1241
4 892 1014 744 1152
4 348 355 358 833
4 175 1219 170 1302
4 1015 1129 804 1165
4 855 664 976 1240
4 663 848 1052 1156
4 667 1081 778 1103
4 679 850 872 1128
4 705 866 806 1339
4 792 1148 958 1243
4 488 490 483 799
4 878 886 766 1051
4 828 1046 810 1077
4 396 1123 839 1224
4 1012 1024 743 1253
4 163 167 829 1212
4 684 972 827 1003
4 682 970 826 1002
4 683 971 828 1001
4 660 1073 1069 1256
4 707 779 1109 1340
4 687 876 996 1074
4 663 1039 780 1092
4 539 1173 873 1226
4 767 1003 889 1106
4 769 1036 876 1068
4 524 1104 521 1224
4 775 662 879 1021
4 822 888 710 1090
4 611 612 617 1071
4 633 634 638 836
4 195 981 856 1343
4 918 1047 768 1132
4 768 1001 890 1103
4 769 1002 888 1101
4 656 1011 819 1289
4 714 762 979 1331
4 397 392 398 1123
4 551 968 834 1260
4 292 1278 863 1299
4 644 826 970 1002
4 650 827 972 1003
4 544 965 818 1203
4 652 828 971 1001
4 123 987 122 1288
4 809 1089 715 1286
4 710 941 894 1055
4 333 332 328 1048
4 711 942 896 1056
4 709 940 895 1054
4 842 1116 1122 1327
4 138 953 847 1225
4 1115 1122 843 1326
4 396 1170 1123 1224
4 1114 1122 844 1325
4 694 999 916 1168
4 114 267 1096 1227
4 92 93 96 1180
4 685 849 804 1165
4 654 891 994 1178
4 815 1156 67 1157
4 66 62 67 1079
4 642 900 875 904
4 897 1080 703 1238
4 993 1042 869 1165
4 674 865 1016 1290
4 646 1131 966 1337
4 804 849 685 1098
4 412 825 409 1342
4 677 853 900 1003
4 958 1148 799 1243
4 931 1044 771 1188
4 571 866 806 1215
4 932 1054 709 1197
4 750 1017 934 1236
4 734 915 878 1085
4 506 501 507 945
4 666 980 818 1130
4 38 81 75 1298
4 593 1222 622 1303
4 684 1010 774 1318
4 221 220 845 1233
4 684 1010 812 1044
4 648 879 1024 1296
4 545 818 546 1203
4 658 812 1044 1072
4 666 776 1101 1332
4 387 946 790 1189
4 880 1021 788 1136
4 933 1046 773 1195
4 605 800 1166 1305
4 222 906 845 1281
4 526 1104 840 1300
4 666 888 822 1090
4 716 913 833 1268
4 221 845 214 1233
4 1062 1264 808 1340
4 673 973 1069 1190
4 748 895 1054 1321
4 746 894 1055 1322
4 747 896 1056 1323
4 235 897 378 952
4 936 1024 692 1108
4 128 132 989 1225
4 782 753 905 1125
4 672 1126 1077 1236
4 732 1080 897 1170
4 699 968 822 1246
4 763 729 991 1227
4 663 1052 861 1156
4 684 774 1099 1304
4 811 826 682 1045
4 763 991 1023 1227
4 651 1251 778 1273
4 812 827 684 1044
4 885 1176 874 1250
4 744 962 892 1152
4 731 906 815 1270
4 765 950 713 1146
4 810 828 683 1046
4 562 979 557 1215
4 733 1064 998 1206
4 481 208 209 1066
4 303 429 843 1187
4 450 444 842 1186
4 312 438 844 1185
4 790 946 391 1123
4 659 810 1046 1077
4 439 843 1122 1326
4 842 1122 441 1327
4 459 1283 475 1313
4 141 1282 136 1314
4 434 844 1122 1325
4 612 785 964 1305
4 654 849 804 1098
4 1060 1197 798 1344
4 494 498 493 795
4 743 1024 936 1108
4 735 862 859 1072
4 699 888 822 1041
4 819 946 741 1272
4 918 1151 1000 1346
4 48 975 46 1052
4 0 7 979 1331
4 489 491 488 792
4 499 795 494 1035
4 678 1010 852 1284
4 736 864 858 1077
4 910 970 772 1113
4 778 1251 811 1273
4 274 908 400 1227
4 331 883 808 1221
4 398 534 529 873
4 823 889 711 1109
4 743 1253 1024 1328
4 68 67 1156 1157
4 797 1140 728 1201
4 798 1139 726 1202
4 902 905 782 1119
4 796 1138 727 1200
4 785 608 1166 1305
4 823 938 466 1283
4 911 1113 773 1163
4 664 976 856 1092
4 410 870 973 1342
4 333 328 939 1048
4 676 1006 784 1151
4 402 409 403 985
4 282 863 292 1278
4 926 951 708 1235
4 691 952 803 1164
4 824 1032 1180 1254
4 563 557 558 866
4 629 1169 814 1222
4 544 818 545 1203
4 691 1107 1144 1261
4 367 362 368 1184
4 738 992 820 1082
4 763 991 1064 1273
4 451 452 583 1138
4 712 905 1032 1153
4 670 922 776 1229
4 308 311 310 1140
4 737 1135 929 1258
4 658 777 931 1044
4 261 265 793 1248
4 656 1022 794 1276
4 660 778 932 1045
4 659 779 933 1046
4 686 882 805 1239
4 658 1044 931 1188
4 693 874 885 1176
4 666 822 888 1041
4 821 977 846 1225
4 911 1113 669 1162
4 43 42 44 975
4 464 462 465 913
4 666 776 980 1130
4 880 966 738 992
4 506 500 501 945
4 61 1179 848 1245
4 831 1111 604 1305
4 856 976 664 1240
4 659 1046 933 1195
4 109 1182 110 1330
4 757 961 926 1158
4 665 889 823 1109
4 807 953 706 1217
4 725 1041 769 1068
4 666 907 776 1130
4 716 1181 775 1268
4 862 1303 859 1319
4 150 1216 158 1247
4 826 970 1045 1256
4 687 876 770 1086
4 777 1101 1090 1284
4 609 1166 983 1257
4 782 1039 780 1088
4 852 1010 777 1284
4 764 966 880 992
4 683 875 784 1017
4 619 620 637 1257
4 492 792 213 1232
4 775 879 662 1268
4 925 1105 783 1121
4 1090 1101 888 1284
4 498 936 795 1274
4 731 886 878 1051
4 286 143 288 1217
4 654 1075 791 1345
4 725 876 825 1068
4 694 800 1111 1155
4 123 116 122 987
4 480 641 874 1333
4 785 613 1071 1257
4 698 889 823 1083
4 94 857 1234 1329
4 75 70 38 923
4 864 1302 858 1317
4 662 820 1145 1181
4 452 921 447 1211
4 308 919 427 1210
4 128 118 846 989
4 432 301 920 1209
4 706 953 807 1081
4 480 641 479 874
4 655 799 1148 1243
4 788 724 887 1241
4 772 970 910 1256
4 673 876 1036 1068
4 815 663 861 1156
4 932 1081 890 1285
4 688 1005 946 1123
4 722 846 1027 1078
4 792 1035 491 1148
4 813 1144 1107 1261
4 965 1203 536 1300
4 792 1035 1148 1261
4 709 1197 1060 1344
4 736 1100 828 1334
4 128 132 119 989
4 558 818 553 1127
4 572 571 580 806
4 794 916 732 1022
4 286 288 287 807
4 766 891 689 1051
4 653 1017 810 1236
4 176 170 1219 1302
4 613 612 785 1071
4 762 723 983 1150
4 852 970 899 1002
4 416 412 417 825
4 45 181 42 937
4 193 194 198 837
4 622 1222 592 1303
4 786 1019 743 1024
4 704 788 880 1241
4 799 936 484 1184
4 837 664 1213 1240
4 606 603 1089 1166
4 360 357 835 1145
4 493 799 490 1148
4 730 1031 848 1119
4 378 897 20 1204
4 378 394 20 897
4 880 1082 704 1241
4 803 703 952 1336
4 649 893 1015 1028
4 849 1042 685 1193
4 494 1035 795 1148
4 749 1144 952 1336
4 781 1030 996 1289
4 355 833 353 1145
4 670 776 893 1229
4 692 1124 912 1181
4 83 950 84 1245
4 152 1174 816 1219
4 803 1065 882 1159
4 924 957 694 1316
4 735 1097 827 1335
4 723 978 1034 1150
4 292 1291 1278 1299
4 605 1166 608 1305
4 918 750 1151 1346
4 706 1081 807 1344
4 532 840 527 1173
4 56 83 84 1245
4 477 938 472 1267
4 862 1222 735 1303
4 467 938 830 1267
4 933 1046 779 1301
4 745 1011 819 1259
4 134 977 130 1282
4 1011 1289 781 1290
4 52 1079 51 1280
4 864 1219 736 1302
4 845 886 731 1051
4 517 610 515 1286
4 925 1081 706 1273
4 898 717 1212 1265
4 770 1036 801 1160
4 681 1020 869 1304
4 737 973 1069 1258
4 653 1142 887 1158
4 521 1224 1038 1316
4 741 946 819 1289
4 744 962 927 1230
4 851 971 904 1001
4 232 238 882 1167
4 645 1000 918 1151
4 841 1016 254 1330
4 660 1069 863 1171
4 895 1060 726 1202
4 775 884 716 1070
4 931 1044 777 1284
4 932 1045 778 1285
4 720 763 1064 1096
4 1000 1092 664 1346
4 868 1026 661 1053
4 646 878 915 1085
4 665 823 889 1083
4 664 788 915 1205
4 963 1096 1064 1206
4 853 779 1046 1301
4 707 1109 883 1340
4 664 788 934 969
4 643 1010 1059 1332
4 1071 1118 693 1191
4 663 782 1039 1119
4 867 901 651 1013
4 546 545 557 818
4 290 807 291 1060
4 781 996 741 1289
4 577 806 570 1061
4 326 808 330 1062
4 813 982 647 1168
4 853 972 900 1003
4 502 1253 497 1274
4 751 802 1040 1292
4 682 826 970 1045
4 684 827 972 1044
4 683 828 971 1046
4 842 1122 1115 1186
4 843 1122 1114 1187
4 844 1122 1116 1185
4 279 282 281 863
4 747 896 1211 1313
4 746 894 1209 1315
4 748 895 1210 1314
4 713 984 950 1067
4 669 909 1113 1163
4 1081 1171 778 1344
4 707 883 808 1340
4 101 106 838 963
4 254 1016 841 1223
4 763 1023 908 1227
4 676 787 1029 1193
4 605 604 602 800
4 605 604 800 1305
4 699 822 968 1041
4 732 1170 924 1224
4 804 849 675 1165
4 576 1138 796 1200
4 298 1139 798 1202
4 315 1140 797 1201
4 698 1083 938 1207
4 778 1081 932 1285
4 663 782 902 1088
4 852 777 1044 1284
4 851 778 1045 1285
4 292 863 282 1299
4 347 345 348 1196
4 797 1062 322 1201
4 798 1060 293 1202
4 796 1061 578 1200
4 642 1020 875 1304
4 376 805 382 1080
4 901 1013 867 1287
4 876 1074 770 1198
4 873 892 719 1014
4 614 609 983 1257
4 522 396 839 1224
4 700 940 930 1282
4 716 1070 913 1268
4 698 942 928 1283
4 417 1076 825 1342
4 532 527 528 1173
4 731 986 960 1281
4 21 378 20 1204
4 652 828 1001 1334
4 491 492 495 1035
4 650 827 1003 1335
4 727 771 1161 1271
4 101 963 857 1329
4 176 170 171 1219
4 592 622 623 1222
4 820 1184 992 1208
4 673 825 1068 1342
4 477 472 1199 1267
4 681 982 869 1049
4 559 558 554 1127
4 220 212 960 1233
4 989 1234 857 1329
4 700 890 821 1078
4 728 773 1163 1264
4 134 129 130 977
4 802 871 677 1102
4 710 866 822 1090
4 726 1060 1197 1202
4 654 791 1075 1110
4 14 568 567 1209
4 23 318 12 1211
4 661 886 845 1051
4 147 306 300 1210
4 790 1123 390 1170
4 374 239 990 1239
4 786 681 956 1149
4 390 1080 790 1170
4 678 1010 1284 1332
4 386 790 390 1080
4 643 776 980 1332
4 642 899 900 904
4 656 781 1011 1289
4 939 951 757 1341
4 894 941 710 1269
4 950 984 739 1067
4 870 1023 758 1190
4 648 1149 879 1296
4 1139 1291 696 1326
4 183 855 188 1240
4 664 915 788 969
4 111 841 1182 1218
4 771 1188 1161 1271
4 645 984 782 1006
4 657 831 800 1155
4 718 1015 893 1028
4 688 1030 794 1289
4 745 990 994 1259
4 492 1035 792 1232
4 938 1169 471 1283
4 740 999 813 1261
4 379 1084 242 1311
4 650 889 1003 1301
4 717 967 837 1213
4 239 1167 990 1239
4 652 890 1134 1334
4 650 889 1133 1335
4 653 917 887 1142
4 7 0 8 1331
4 79 80 229 995
4 676 872 784 1006
4 63 848 64 1156
4 492 489 213 792
4 98 119 120 989
4 600 964 1018 1253
4 473 474 479 914
4 604 831 597 1111
4 876 1036 770 1086
4 2 903 626 1309
4 715 955 1194 1286
4 667 821 890 1078
4 429 436 843 1187
4 438 437 844 1185
4 187 47 189 976
4 387 790 386 1189
4 440 842 444 1186
4 706 908 991 1171
4 160 163 159 1212
4 537 840 532 1173
4 162 163 167 829
4 652 890 1001 1285
4 457 456 463 1143
4 644 888 1002 1284
4 460 462 461 832
4 833 913 708 1268
4 572 584 573 1043
4 650 972 827 1308
4 652 971 828 1307
4 391 386 387 790
4 456 832 461 1143
4 600 599 964 1253
4 684 852 1010 1044
4 852 899 680 900
4 221 212 220 1233
4 493 484 490 799
4 783 984 739 1027
4 884 1083 767 1207
4 690 845 881 1026
4 773 1195 1163 1264
4 742 975 1039 1146
4 210 209 208 960
4 826 1002 769 1036
4 541 421 892 1306
4 896 921 747 1211
4 894 920 746 1209
4 895 919 748 1210
4 809 1104 1038 1316
4 656 1189 819 1259
4 716 912 1095 1124
4 838 963 857 1180
4 821 940 700 1282
4 823 942 698 1283
4 732 916 794 1297
4 192 191 976 1240
4 129 977 846 1288
4 723 860 1118 1191
4 158 1216 829 1231
4 690 792 958 1243
4 1022 1183 732 1336
4 552 968 424 1246
4 767 1040 1003 1292
4 992 1184 799 1208
4 645 783 1006 1132
4 674 1091 1011 1110
4 668 1067 984 1119
4 340 342 341 951
4 198 981 204 1177
4 810 1077 755 1126
4 562 546 557 979
4 792 1035 691 1232
4 569 565 566 1269
4 658 1072 859 1147
4 709 953 821 1081
4 60 58 61 848
4 583 588 587 948
4 311 309 319 949
4 722 765 935 1172
4 646 886 878 1214
4 855 1213 664 1240
4 381 380 1084 1189
4 255 841 254 1330
4 222 224 221 845
4 692 1012 912 1095
4 801 1036 682 1160
4 986 1079 734 1280
4 800 715 1087 1089
4 557 553 558 818
4 223 845 221 1065
4 863 1069 758 1171
4 708 913 832 1070
4 716 884 830 1070
4 712 1032 905 1075
4 204 357 835 1220
4 892 719 1014 1152
4 297 798 298 1139
4 579 796 576 1138
4 315 313 797 1140
4 605 800 603 1166
4 257 841 258 1223
4 1050 1104 840 1295
4 789 994 686 1259
4 654 905 902 1075
4 150 935 1216 1247
4 825 876 673 1068
4 1005 1230 399 1306
4 510 924 509 1204
4 764 871 1149 1296
4 852 1044 931 1284
4 851 1045 932 1285
4 724 961 926 1177
4 662 1145 833 1181
4 706 1171 1081 1344
4 711 883 823 1109
4 699 769 1041 1068
4 680 899 852 970
4 853 1046 933 1301
4 774 1059 761 1192
4 245 988 243 1330
4 835 981 704 1241
4 163 829 159 1212
4 386 1080 382 1189
4 777 1284 1010 1332
4 804 789 994 1098
4 715 955 922 1194
4 349 1095 914 1196
4 931 1090 888 1284
4 926 961 724 1158
4 678 1101 1028 1332
4 812 1040 1034 1318
4 527 840 526 1104
4 452 1138 451 1327
4 704 954 944 1343
4 301 1139 302 1326
4 308 1140 310 1325
4 678 1010 774 1099
4 721 1083 884 1207
4 545 544 553 818
4 814 938 698 1169
4 763 1064 1096 1206
4 692 992 799 1108
4 745 819 1011 1311
4 718 982 1059 1262
4 779 1046 810 1120
4 897 732 1183 1336
4 847 953 138 1217
4 689 817 906 1051
4 247 256 865 1016
4 922 1059 761 1262
4 879 1149 871 1296
4 1106 1109 779 1301
4 687 962 825 1141
4 655 1107 792 1261
4 981 1205 704 1241
4 390 790 391 1123
4 723 836 1071 1118
4 297 292 798 1291
4 643 1059 1010 1192
4 889 1109 1106 1301
4 329 896 317 1062
4 295 895 299 1060
4 574 569 894 1061
4 822 866 710 1269
4 808 1048 858 1293
4 791 753 1013 1345
4 55 40 41 1266
4 658 1063 859 1072
4 366 207 372 1266
4 659 1077 858 1154
4 897 749 1204 1338
4 419 415 420 929
4 818 980 714 1130
4 774 1010 684 1099
4 302 1139 301 1291
4 887 917 653 1004
4 909 972 771 1113
4 278 276 286 1057
4 204 981 205 1220
4 372 1066 954 1266
4 669 1113 911 1163
4 869 993 774 1304
4 812 1010 684 1318
4 714 955 762 1331
4 682 899 851 970
4 254 841 257 1223
4 199 194 195 981
4 837 967 717 1265
4 642 904 872 1128
4 830 884 721 1083
4 729 1023 991 1227
4 1014 1030 893 1297
4 483 482 488 958
4 667 925 783 1103
4 381 1084 819 1189
4 667 783 1027 1103
4 257 258 261 1223
4 768 1047 1001 1132
4 731 1079 986 1270
4 703 1022 897 1336
4 762 997 903 1309
4 665 830 884 1070
4 92 824 85 1245
4 680 900 853 972
4 993 1015 718 1028
4 221 845 220 1281
4 784 872 676 1029
4 417 825 412 1342
4 659 1058 858 1077
4 943 988 759 1075
4 766 1051 886 1053
4 146 940 895 1275
4 334 942 896 1277
4 118 989 94 1234
4 18 927 268 1141
4 699 854 1068 1076
4 878 886 731 1214
4 75 80 923 995
4 384 946 387 1189
4 760 986 960 1214
4 895 919 726 1321
4 894 920 727 1322
4 896 921 728 1323
4 506 505 500 1242
4 726 911 1054 1321
4 727 910 1055 1322
4 728 909 1056 1323
4 778 851 1045 1251
4 673 1068 854 1342
4 195 199 981 1343
4 791 1013 901 1287
4 880 1021 662 1241
4 915 969 780 1025
4 851 899 680 970
4 631 632 635 1255
4 192 856 191 1240
4 673 1036 876 1086
4 280 863 1057 1299
4 670 922 1252 1262
4 51 1079 54 1280
4 229 817 995 1167
4 932 1045 772 1197
4 261 877 266 1248
4 151 158 161 1231
4 386 790 1080 1189
4 585 859 1043 1294
4 922 955 714 1194
4 806 1043 859 1294
4 260 793 264 1094
4 702 1000 855 1213
4 932 1197 709 1344
4 770 1074 687 1086
4 799 992 655 1108
4 434 844 437 1122
4 436 439 843 1122
4 440 441 842 1122
4 662 835 1093 1145
4 366 372 954 1266
4 715 1194 922 1252
4 79 78 73 1157
4 712 1110 791 1287
4 101 838 100 1180
4 780 1000 742 1039
4 654 1075 994 1110
4 382 1080 805 1189
4 426 929 24 1315
4 31 32 930 1314
4 11 928 594 1313
4 584 903 573 1043
4 761 1252 922 1262
4 666 907 834 1041
4 111 258 841 1218
4 204 835 354 1177
4 897 1022 732 1336
4 653 1158 887 1244
4 476 471 1169 1283
4 696 1073 798 1197
4 662 1093 833 1145
4 905 1125 753 1345
4 963 1064 733 1206
4 276 142 286 1217
4 743 964 831 1274
4 244 379 242 1311
4 762 983 723 1309
4 694 1111 957 1155
4 707 1048 808 1221
4 137 998 847 1217
4 720 901 867 1287
4 598 607 599 964
4 28 29 186 1341
4 128 989 846 1225
4 720 1064 963 1096
4 908 1023 400 1227
4 195 856 194 1240
4 599 502 503 1274
4 807 1057 863 1299
4 277 275 278 1057
4 684 900 852 972
4 510 509 508 1204
4 510 20 394 1204
4 886 966 690 1214
4 635 640 639 1263
4 764 879 871 1296
4 723 785 1071 1257
4 480 4 641 1333
4 638 836 639 1071
4 686 994 990 1259
4 700 977 816 1228
4 959 982 647 1049
4 559 554 822 1127
4 159 967 829 1216
4 749 924 897 1204
4 687 825 876 1086
4 282 281 863 1278
4 551 549 968 1260
4 127 131 977 1174
4 878 1085 646 1214
4 732 924 897 1183
4 751 1034 860 1118
4 1028 1059 678 1332
4 700 821 977 1078
4 714 840 965 1130
4 374 239 373 990
4 812 684 1040 1318
4 60 1052 848 1156
4 435 844 434 1325
4 663 780 1039 1088
4 430 843 439 1326
4 55 986 40 1266
4 655 1033 813 1261
4 445 842 441 1327
4 232 227 228 1065
4 977 1174 131 1282
4 715 809 1194 1252
4 308 427 307 1210
4 452 447 453 1211
4 432 15 301 1209
4 303 304 1187 1202
4 450 449 1186 1200
4 312 314 1185 1201
4 660 1045 932 1197
4 374 990 1084 1239
4 127 816 152 1174
4 782 1006 753 1125
4 880 954 704 1082
4 689 766 1051 1249
4 777 658 931 1339
4 715 1194 809 1286
4 663 1039 782 1088
4 779 659 933 1340
4 63 60 64 848
4 252 251 927 1310
4 777 1090 931 1284
4 778 660 932 1344
4 661 868 1053 1159
4 757 939 898 974
4 629 477 814 1169
4 801 1002 682 1036
4 290 288 291 807
4 570 577 571 806
4 331 330 326 808
4 174 898 169 1341
4 477 472 478 1199
4 882 1167 238 1239
4 892 962 725 1152
4 852 900 680 972
4 726 772 1162 1197
4 248 388 384 1272
4 270 985 269 1094
4 895 726 1054 1321
4 894 727 1055 1322
4 896 728 1056 1323
4 261 793 260 1223
4 714 980 776 1130
4 661 1065 803 1159
4 706 847 953 1081
4 723 860 1034 1118
4 827 1040 1003 1335
4 789 685 1053 1098
4 817 882 686 1167
4 706 998 908 1217
4 693 1250 874 1328
4 760 1085 986 1214
4 791 753 901 1013
4 698 1097 928 1133
4 828 1047 1001 1334
4 707 939 1048 1221
4 791 1075 905 1345
4 292 798 1291 1299
4 737 854 973 1258
4 714 1130 776 1229
4 598 607 964 1305
4 665 884 830 1083
4 688 1030 1014 1297
4 859 1072 752 1147
4 771 931 852 1044
4 772 932 851 1045
4 773 933 853 1046
4 101 857 97 1329
4 653 1017 934 1244
4 366 371 365 954
4 744 1230 927 1279
4 722 987 765 1172
4 373 374 990 1084
4 382 376 375 805
4 178 179 328 1048
4 788 934 724 1205
4 696 1073 1197 1256
4 933 1109 889 1301
4 414 415 419 854
4 730 905 902 1119
4 450 842 445 1138
4 303 843 430 1139
4 435 312 844 1140
4 49 50 52 861
4 1003 1040 767 1335
4 653 974 934 1236
4 525 839 396 1123
4 419 929 425 1246
4 651 850 1121 1251
4 700 1100 930 1134
4 1001 1047 768 1334
4 755 974 810 1126
4 74 80 79 1157
4 585 1043 580 1294
4 646 1085 915 1136
4 673 876 825 1086
4 248 388 1272 1310
4 257 254 255 841
4 643 980 777 1332
4 457 463 823 1143
4 584 590 589 1043
4 723 1071 836 1257
4 531 532 537 840
4 429 434 436 1187
4 438 441 437 1185
4 742 1000 780 1092
4 440 444 439 1186
4 759 990 988 1298
4 679 1103 778 1285
4 224 221 845 1065
4 712 988 1075 1110
4 775 917 887 1004
4 1104 1194 840 1300
4 278 908 276 1057
4 751 956 860 1192
4 456 455 461 832
4 903 1043 705 1215
4 810 1046 683 1120
4 723 1257 997 1309
4 496 945 500 1035
4 661 886 1051 1053
4 929 1246 941 1315
4 462 464 461 1143
4 787 1020 701 1029
4 691 1026 868 1107
4 791 712 1075 1110
4 526 840 531 1300
4 261 265 260 793
4 608 613 612 785
4 712 988 943 1075
4 548 551 834 1260
4 732 1038 916 1297
4 734 856 976 1092
4 776 1130 907 1229
4 963 1064 720 1312
4 92 95 824 1180
4 675 1091 781 1198
4 444 445 450 842
4 429 430 303 843
4 312 438 435 844
4 76 210 40 960
4 860 751 1118 1191
4 840 1130 714 1229
4 324 858 1048 1293
4 18 268 405 1141
4 944 954 760 1266
4 58 57 56 1245
4 687 985 825 1086
4 717 934 974 1236
4 692 992 820 1184
4 789 868 703 1159
4 745 819 1084 1259
4 322 1062 325 1201
4 353 833 346 1235
4 293 1060 294 1202
4 578 1061 575 1200
4 525 522 396 839
4 510 394 924 1204
4 960 986 731 1214
4 691 1107 868 1144
4 414 410 411 973
4 851 904 679 1001
4 720 841 1153 1287
4 548 834 543 1226
4 662 1021 775 1268
4 795 1148 1035 1261
4 158 829 162 1231
4 715 1089 800 1286
4 280 1057 287 1299
4 101 96 857 1180
4 754 1117 966 1337
4 863 1278 1073 1291
4 524 522 839 1224
4 755 858 1077 1154
4 497 936 498 1274
4 548 550 543 834
4 656 794 1129 1289
4 705 818 979 1215
4 777 980 705 1090
4 656 1189 790 1289
4 889 1106 1003 1301
4 769 1002 801 1036
4 151 161 816 1231
4 56 57 46 975
4 578 579 582 796
4 313 320 322 797
4 297 292 293 798
4 229 233 817 1167
4 958 1208 738 1243
4 805 1084 380 1189
4 655 786 1033 1108
4 230 803 231 1238
4 1030 1129 794 1289
4 158 162 829 1216
4 825 985 687 1141
4 550 544 543 965
4 192 856 976 1280
4 819 1189 1084 1259
4 486 1012 936 1253
4 550 553 544 1127
4 643 777 1010 1332
4 859 1072 862 1319
4 673 1069 811 1190
4 671 1034 1040 1118
4 750 934 1017 1244
4 88 104 109 943
4 705 1043 806 1215
4 64 848 61 1179
4 732 1038 924 1183
4 174 939 898 1341
4 750 969 934 1244
4 207 206 201 1266
4 877 1096 267 1227
4 863 1291 1073 1299
4 324 1048 327 1293
4 656 819 1189 1289
4 779 1109 933 1301
4 761 1059 982 1262
4 478 1199 472 1267
4 469 1196 914 1267
4 813 740 1033 1155
4 699 1068 968 1076
4 656 804 1011 1129
4 1278 1291 863 1299
4 692 912 820 1181
4 322 797 320 1293
4 582 578 796 1294
4 293 798 292 1299
4 366 371 954 1066
4 837 981 856 1240
4 890 1103 1001 1285
4 888 1101 1002 1284
4 1030 1279 996 1289
4 694 1089 1087 1252
4 772 1197 1045 1256
4 467 830 468 1267
4 678 899 852 1099
4 606 1166 1089 1286
4 780 1039 742 1092
4 907 1130 719 1229
4 732 1022 916 1183
4 464 830 467 1143
4 72 66 815 1270
4 886 1026 754 1053
4 741 1272 946 1310
4 484 936 485 1184
4 645 1000 1039 1146
4 677 1106 779 1301
4 916 1022 647 1183
4 903 997 626 1309
4 813 999 740 1155
4 734 986 944 1085
4 591 859 1303 1319
4 517 515 955 1286
4 485 367 368 1184
4 682 1002 826 1036
4 705 866 818 1215
4 46 45 42 975
4 879 1181 662 1268
4 626 903 589 997
4 354 204 357 835
4 781 1011 804 1129
4 272 401 271 1248
4 631 814 632 1255
4 725 962 892 1260
4 858 1077 864 1317
4 764 871 879 1021
4 1023 1227 729 1248
4 914 1095 716 1196
4 682 1036 811 1160
4 486 936 497 1253
4 713 782 984 1119
4 704 1082 835 1241
4 692 799 936 1108
4 748 949 919 1321
4 930 1282 940 1314
4 746 947 920 1322
4 747 948 921 1323
4 94 857 97 1234
4 928 1283 942 1313
4 898 939 755 974
4 693 1191 1019 1328
4 664 1213 1000 1346
4 392 391 946 1123
4 177 858 1302 1317
4 807 1081 953 1344
4 76 40 55 986
4 457 336 456 883
4 779 853 1046 1120
4 718 959 794 1129
4 645 984 783 1027
4 730 902 905 1075
4 962 1230 744 1306
4 477 632 814 1199
4 713 1039 975 1146
4 822 941 699 1246
4 421 547 892 1260
4 618 638 1071 1257
4 778 1081 925 1273
4 737 1008 1135 1258
4 787 1025 701 1337
4 775 879 871 1021
4 936 1253 743 1274
4 673 825 870 1086
4 1084 1189 805 1259
4 1025 1131 787 1193
4 965 1173 537 1226
4 648 1102 871 1149
4 225 229 228 817
4 95 85 92 824
4 658 1063 796 1294
4 159 829 162 1216
4 678 1059 1010 1332
4 674 791 1110 1287
4 664 1205 856 1240
4 495 491 1035 1148
4 928 475 1169 1283
4 396 390 1123 1170
4 676 1025 787 1193
4 743 1024 1019 1328
4 716 775 1070 1268
4 751 1040 1034 1118
4 930 136 1174 1282
4 298 303 1139 1202
4 312 1140 315 1201
4 576 450 1138 1200
4 922 1194 714 1229
4 733 925 1064 1312
4 252 251 263 927
4 437 434 435 844
4 430 436 439 843
4 440 441 445 842
4 780 915 664 1346
4 26 507 501 1338
4 738 954 880 1082
4 308 433 427 919
4 301 431 432 920
4 446 447 452 921
4 249 247 256 865
4 595 957 601 1111
4 709 940 821 1275
4 711 942 823 1277
4 29 174 169 1341
4 707 808 1048 1154
4 778 851 1251 1285
4 127 151 816 1247
4 660 1045 1197 1256
4 799 1208 958 1243
4 714 979 818 1203
4 480 479 474 1333
4 659 1058 797 1293
4 820 992 738 1208
4 677 779 1120 1301
4 647 1022 868 1336
4 317 1062 896 1201
4 299 1060 895 1202
4 574 1061 894 1200
4 60 848 63 1156
4 62 1079 861 1156
4 701 1020 875 1029
4 855 967 183 1237
4 913 1070 708 1268
4 782 905 902 1125
4 97 857 94 1329
4 584 589 903 1043
4 612 608 785 1305
4 946 1189 819 1289
4 605 603 606 1166
4 852 900 684 1099
4 822 941 560 1269
4 841 720 1218 1287
4 594 1211 10 1313
4 24 1209 13 1315
4 531 526 527 840
4 31 1210 30 1314
4 785 1166 800 1305
4 756 1253 1012 1333
4 781 1015 675 1198
4 542 1226 892 1260
4 681 1020 802 1149
4 776 1059 1028 1332
4 230 952 803 1238
4 733 1064 963 1312
4 918 1027 722 1172
4 661 1026 886 1053
4 724 981 835 1241
4 649 781 1015 1030
4 643 1010 812 1318
4 179 939 328 1048
4 691 881 792 1232
4 698 823 938 1083
4 645 1027 783 1132
4 78 1270 906 1281
4 130 977 131 1282
4 739 989 857 1105
4 717 1037 934 1236
4 275 908 278 1057
4 190 837 193 1265
4 75 81 80 995
4 656 1259 789 1276
4 513 809 516 1286
4 741 996 1279 1289
4 750 1017 969 1244
4 514 809 513 1089
4 879 692 1024 1296
4 842 669 1115 1122
4 843 669 1114 1122
4 669 1116 844 1122
4 793 674 865 1223
4 564 866 559 1269
4 756 1018 1253 1333
4 800 1111 831 1305
4 64 65 69 1179
4 267 877 262 1096
4 819 1272 741 1290
4 825 985 870 1086
4 656 819 1011 1259
4 70 88 38 943
4 758 991 908 1171
4 100 101 106 838
4 384 381 819 1189
4 513 1089 809 1286
4 935 722 1247 1288
4 298 798 293 1202
4 315 797 322 1201
4 576 796 578 1200
4 674 791 1091 1110
4 1027 1103 783 1132
4 802 1020 871 1149
4 857 989 733 1105
4 111 841 255 1182
4 240 990 1167 1298
4 938 1083 721 1207
4 778 1251 679 1285
4 733 1105 925 1312
4 912 1124 716 1181
4 73 72 67 815
4 466 938 471 1283
4 189 192 191 976
4 684 1003 827 1040
4 841 1153 712 1182
4 653 934 974 1158
4 507 508 957 1204
4 688 790 946 1289
4 974 810 1126 1236
4 656 805 1189 1259
4 683 1001 828 1047
4 654 1075 902 1178
4 703 868 803 1159
4 161 165 152 1231
4 944 986 760 1085
4 185 961 169 1265
4 308 309 311 949
4 583 452 588 948
4 806 866 710 1339
4 752 903 978 997
4 692 1012 936 1184
4 1038 1104 839 1224
4 801 1015 993 1028
4 706 807 1057 1171
4 479 1199 478 1267
4 702 937 935 1237
4 140 940 821 1282
4 458 942 823 1283
4 681 786 1117 1149
4 806 866 705 1215
4 719 892 873 1226
4 366 372 371 1066
4 353 355 346 833
4 176 177 1302 1317
4 649 1015 781 1198
4 501 500 496 945
4 708 913 833 1235
4 659 779 1154 1340
4 611 1018 964 1263
4 658 777 1147 1339
4 705 806 1043 1147
4 139 138 133 1225
4 660 1073 798 1299
4 111 258 255 841
4 747 942 896 1313
4 746 941 894 1315
4 748 940 895 1314
4 499 795 1035 1242
4 802 1020 681 1304
4 550 834 551 1127
4 780 1092 1000 1346
4 555 822 554 1127
4 524 1104 839 1295
4 60 59 1052 1156
4 551 555 554 1127
4 700 1078 977 1228
4 259 260 264 1094
4 468 1196 469 1267
4 507 945 501 1338
4 506 507 595 957
4 731 1270 986 1281
4 446 921 452 1327
4 308 433 919 1325
4 301 431 920 1326
4 704 1220 954 1343
4 137 847 138 1217
4 803 868 661 1159
4 825 1076 1068 1342
4 783 1103 679 1132
4 426 420 24 929
4 154 31 32 930
4 795 1242 498 1274
4 298 293 294 1202
4 576 578 575 1200
4 11 621 594 928
4 315 322 325 1201
4 927 1279 1230 1310
4 701 1025 787 1029
4 64 60 61 848
4 524 521 522 1224
4 716 1095 914 1124
4 893 1028 776 1059
4 660 863 1069 1073
4 1140 1163 697 1195
4 916 1262 794 1297
4 873 892 744 1306
4 541 421 547 892
4 376 377 236 1238
4 366 954 372 1066
4 664 837 1205 1240
4 892 962 744 1306
4 448 574 894 1200
4 317 896 316 1201
4 299 895 305 1202
4 301 947 285 1291
4 645 780 1000 1151
4 591 1303 592 1319
4 222 225 224 906
4 129 846 125 1288
4 570 565 569 1269
4 646 880 1085 1136
4 744 1005 873 1306
4 166 167 1175 1231
4 722 1027 918 1228
4 193 837 961 1265
4 75 80 74 923
4 588 594 593 948
4 24 283 285 947
4 31 175 309 949
4 71 76 986 1270
4 845 731 906 1051
4 159 157 967 1216
4 713 1039 782 1119
4 770 1036 876 1198
4 824 1179 85 1245
4 448 1186 449 1200
4 927 996 744 1279
4 314 316 1185 1201
4 245 243 253 1330
4 304 305 1187 1202
4 325 329 317 1062
4 419 425 424 1246
4 574 575 569 1061
4 295 299 294 1060
4 151 152 127 816
4 813 1155 1033 1168
4 61 85 1179 1245
4 827 972 1044 1308
4 828 971 1046 1307
4 380 382 805 1189
4 649 996 781 1030
4 230 226 231 803
4 161 152 816 1231
4 240 990 239 1167
4 660 778 1171 1344
4 700 977 821 1282
4 181 937 182 1237
4 1138 1161 695 1188
4 780 969 915 1346
4 664 915 780 1092
4 389 897 377 1080
4 591 859 586 1303
4 830 913 716 1070
4 331 337 883 1221
4 745 1084 990 1259
4 629 477 632 814
4 459 942 1283 1313
4 141 940 1282 1314
4 712 1153 841 1287
4 101 96 97 857
4 514 516 513 809
4 671 1207 1040 1335
4 707 883 832 1221
4 189 976 191 1240
4 280 287 289 1299
4 758 1057 863 1171
4 703 803 952 1238
4 864 1126 672 1231
4 658 859 1063 1294
4 370 364 365 1208
4 309 949 175 1302
4 656 1129 781 1289
4 717 974 934 1158
4 177 858 321 1302
4 139 133 821 1225
4 246 247 1272 1311
4 381 383 380 1189
4 198 204 203 1177
4 275 400 908 1023
4 499 494 495 1035
4 222 845 221 1281
4 677 1003 1102 1106
4 744 1014 996 1152
4 205 1220 981 1343
4 676 1006 782 1125
4 670 916 1038 1297
4 463 466 823 1143
4 850 682 1128 1251
4 767 1040 1207 1335
4 813 647 999 1168
4 588 948 593 1303
4 672 1228 1047 1334
4 718 1028 893 1059
4 468 467 464 830
4 704 1205 788 1241
4 634 635 836 1255
4 394 520 924 1224
4 966 1117 764 1337
4 649 876 996 1152
4 718 893 794 1262
4 875 1004 701 1017
4 423 968 549 1260
4 235 377 378 897
4 993 1099 774 1304
4 652 1054 911 1321
4 51 54 53 1280
4 925 1064 901 1121
4 650 1056 909 1323
4 644 1055 910 1322
4 217 1164 945 1232
4 659 858 1058 1293
4 585 580 581 1294
4 564 558 559 866
4 788 969 915 1136
4 649 781 996 1198
4 639 1071 836 1263
4 67 72 66 815
4 944 986 734 1280
4 748 1007 949 1321
4 746 1008 947 1322
4 747 1009 948 1323
4 646 966 886 1214
4 758 1069 973 1190
4 648 1149 1019 1292
4 771 972 909 1308
4 768 1047 1228 1334
4 62 861 59 1156
4 750 1037 918 1047
4 773 971 911 1307
4 324 327 323 1293
4 580 1043 806 1294
4 563 866 571 1215
4 113 267 262 1096
4 651 1160 850 1251
4 778 1045 811 1251
4 909 972 650 1308
4 652 911 971 1307
4 656 1011 781 1129
4 614 613 609 1257
4 706 953 847 1217
4 651 901 1064 1121
4 890 932 709 1081
4 646 966 880 1337
4 924 1224 520 1316
4 730 923 1031 1178
4 785 964 693 1071
4 797 322 1062 1293
4 423 549 422 1260
4 190 193 184 1265
4 73 815 67 1157
4 1014 1050 893 1229
4 703 952 897 1238
4 158 159 162 1216
4 796 578 1061 1294
4 724 1205 981 1241
4 46 975 57 1052
4 703 1022 789 1276
4 799 1184 484 1208
4 652 890 932 1054
4 644 888 931 1055
4 650 889 933 1056
4 676 782 1088 1125
4 707 1048 939 1154
4 463 467 466 1143
4 692 799 992 1184
4 548 1226 542 1260
4 654 994 891 1098
4 731 1051 878 1249
4 468 830 1196 1267
4 861 1052 59 1156
4 364 820 359 1145
4 897 952 749 1338
4 498 795 499 1242
4 331 337 336 883
4 78 77 1270 1281
4 969 1025 915 1136
4 6 573 2 903
4 31 949 307 1210
4 453 594 948 1211
4 24 947 15 1209
4 715 800 1166 1286
4 293 1060 798 1299
4 681 871 1020 1149
4 846 987 125 1288
4 190 183 188 1240
4 843 1115 669 1122
4 127 1247 977 1288
4 844 1114 669 1122
4 669 842 1116 1122
4 263 251 259 1094
4 1050 840 1173 1295
4 910 1113 772 1162
4 50 59 861 1052
4 356 835 357 1145
4 182 855 183 1237
4 820 912 692 1184
4 716 833 912 1181
4 327 1048 808 1293
4 626 2 589 903
4 767 1102 1003 1106
4 740 1035 945 1261
4 228 229 233 817
4 642 993 869 1304
4 62 52 861 1079
4 510 512 509 924
4 686 1084 990 1239
4 601 595 509 957
4 859 1063 735 1072
4 830 721 938 1083
4 693 964 785 1191
4 275 400 274 908
4 756 914 1124 1250
4 775 1181 879 1268
4 648 1024 1250 1328
4 808 883 707 1221
4 705 979 903 1215
4 705 806 1147 1339
4 1 615 8 1309
4 474 1095 22 1333
4 94 97 93 1234
4 648 1250 1019 1328
4 871 1102 802 1149
4 750 934 1037 1236
4 959 804 1129 1165
4 899 970 682 1002
4 689 995 923 1157
4 363 820 369 1184
4 664 969 934 1346
4 651 1064 925 1121
4 1126 1175 829 1231
4 858 1058 736 1077
4 874 1018 641 1263
4 503 502 497 1274
4 848 1119 713 1245
4 732 916 1038 1183
4 750 1047 1017 1236
4 707 808 1154 1340
4 539 541 892 1306
4 873 1005 744 1279
4 934 1037 717 1213
4 891 1053 766 1098
4 559 822 560 1269
4 873 744 1014 1279
4 706 1057 908 1171
4 524 528 1104 1295
4 919 949 748 1210
4 920 947 746 1209
4 921 948 747 1211
4 706 807 1171 1344
4 130 127 131 977
4 714 965 840 1300
4 672 816 1100 1231
4 1031 1156 815 1157
4 269 1094 985 1141
4 174 180 939 1341
4 672 1100 864 1231
4 965 1130 840 1229
4 118 125 128 846
4 559 554 555 822
4 795 1033 743 1108
4 139 133 134 821
4 466 457 463 823
4 701 969 1017 1244
4 281 411 279 973
4 297 298 303 1139
4 315 312 313 1140
4 579 576 450 1138
4 386 390 385 1080
4 224 223 221 1065
4 915 969 664 1346
4 705 1043 903 1147
4 466 467 471 938
4 97 857 93 1234
4 287 1057 807 1299
4 668 905 1032 1119
4 1033 1108 795 1261
4 369 820 364 1208
4 264 270 269 1094
4 146 895 300 1275
4 334 896 318 1277
4 693 885 1250 1328
4 712 791 1153 1287
4 829 1112 672 1231
4 120 103 98 1329
4 856 981 837 1205
4 648 1019 1024 1328
4 808 883 711 1340
4 696 1197 1162 1256
4 132 138 847 1225
4 671 827 1072 1097
4 642 872 1029 1042
4 672 864 1077 1126
4 752 1043 859 1147
4 695 1161 909 1308
4 249 865 251 1272
4 697 1163 911 1307
4 269 985 403 1141
4 176 171 177 1317
4 709 932 890 1054
4 710 931 888 1055
4 711 933 889 1056
4 217 945 496 1232
4 1068 1076 854 1342
4 660 863 1073 1299
4 204 199 205 981
4 564 571 563 866
4 507 19 1204 1338
4 280 289 863 1299
4 628 629 631 1255
4 390 386 391 790
4 741 781 1289 1290
4 654 902 905 1125
4 369 1184 820 1208
4 656 790 1189 1276
4 840 1050 670 1104
4 672 828 1077 1100
4 16 399 1230 1306
4 483 799 484 1208
4 781 1091 1074 1198
4 999 1155 813 1168
4 647 813 999 1144
4 668 824 1067 1119
4 850 753 1013 1121
4 548 834 1226 1260
4 848 1031 730 1179
4 585 581 859 1294
4 474 914 1095 1333
4 418 424 423 1076
4 324 323 858 1293
4 50 59 62 861
4 671 814 1097 1255
4 100 1180 838 1254
4 888 931 710 1090
4 649 996 876 1198
4 569 566 568 894
4 618 638 639 1071
4 852 684 1010 1099
4 629 814 631 1255
4 1058 1195 1007 1307
4 230 952 219 1164
4 652 1134 828 1334
4 650 1133 827 1335
4 662 1082 880 1241
4 880 966 764 1337
4 825 673 870 1342
4 900 972 684 1003
4 232 233 238 1167
4 730 902 1075 1178
4 983 1166 785 1257
4 600 964 611 1018
4 868 1022 703 1336
4 672 918 1037 1047
4 839 670 1050 1104
4 363 364 369 820
4 904 971 683 1001
4 671 1097 862 1255
4 655 795 1108 1261
4 692 1108 1024 1296
4 829 672 1126 1231
4 936 1012 743 1253
4 668 824 1032 1180
4 691 1164 881 1232
4 354 357 356 835
4 668 1032 838 1180
4 655 992 799 1243
4 326 1062 322 1293
4 829 967 717 1037
4 786 1117 1149 1296
4 623 591 592 1319
4 718 959 1129 1165
4 667 890 1081 1103
4 595 601 596 1111
4 824 1119 848 1245
4 899 900 852 1099
4 551 550 548 834
4 634 635 639 836
4 129 126 977 1288
4 996 1014 744 1279
4 907 1014 719 1152
4 602 604 597 1111
4 816 977 700 1174
4 0 7 6 979
4 137 121 998 1217
4 874 1018 756 1333
4 816 672 1112 1231
4 577 1061 578 1294
4 1063 1188 1009 1308
4 1010 1059 774 1192
4 722 977 846 1078
4 66 1079 815 1270
4 655 1108 1033 1261
4 702 967 829 1037
4 360 357 361 1220
4 395 1170 396 1224
4 719 965 834 1226
4 668 1032 905 1153
4 642 899 904 1128
4 548 549 551 1260
4 649 1014 907 1152
4 414 854 418 1342
4 751 885 1040 1118
4 486 485 936 1012
4 756 914 1095 1124
4 675 1015 801 1198
4 380 1084 805 1239
4 509 924 512 1316
4 605 602 603 800
4 54 71 986 1079
4 190 194 837 1240
4 759 995 923 1178
4 293 298 297 798
4 578 576 579 796
4 313 322 315 797
4 649 1014 996 1030
4 901 1013 753 1121
4 725 892 834 1260
4 743 936 795 1108
4 725 1068 825 1076
4 856 1280 195 1343
4 770 801 1036 1198
4 654 905 1075 1345
4 755 1048 858 1154
4 276 274 34 908
4 180 339 939 1341
4 787 1025 676 1029
4 742 1039 1000 1146
4 192 195 191 856
4 694 916 999 1183
4 100 99 1180 1254
4 691 1035 945 1232
4 668 1032 824 1119
4 293 290 1060 1299
4 829 1216 1112 1231
4 504 498 1242 1274
4 888 1041 769 1101
4 630 1255 634 1320
4 678 852 1010 1099
4 262 877 261 1218
4 688 946 790 1123
4 460 454 341 951
4 690 881 845 1233
4 767 1083 889 1335
4 612 964 607 1305
4 134 821 133 1225
4 770 1013 867 1324
4 651 1064 991 1273
4 474 349 22 1095
4 390 391 396 1123
4 919 949 697 1321
4 138 139 144 953
4 921 948 695 1323
4 920 947 696 1322
4 585 859 591 1319
4 205 981 199 1343
4 509 595 508 957
4 216 218 215 1164
4 474 914 349 1095
4 650 1009 827 1133
4 323 321 324 858
4 644 1008 826 1135
4 479 478 473 1267
4 652 1007 828 1134
4 307 309 308 949
4 816 1219 1100 1231
4 15 285 301 947
4 452 453 588 948
4 864 1175 1126 1231
4 499 498 494 795
4 212 209 210 960
4 581 586 585 859
4 295 895 1060 1275
4 896 1062 329 1277
4 283 285 947 1278
4 696 910 1008 1256
4 918 1027 768 1228
4 667 1027 1078 1103
4 196 195 1280 1343
4 1019 1250 885 1328
4 854 1076 418 1342
4 704 981 856 1205
4 751 1019 885 1118
4 708 917 887 1268
4 923 995 759 1298
4 388 387 384 946
4 648 1019 786 1024
4 355 348 346 833
4 392 946 393 1005
4 786 743 1033 1108
4 271 402 985 1248
4 692 879 1124 1181
4 863 973 737 1278
4 616 641 1018 1263
4 282 280 289 863
4 664 934 788 1205
4 738 992 966 1243
4 174 180 179 939
4 835 981 724 1177
4 560 559 555 822
4 139 134 140 821
4 466 458 457 823
4 689 923 995 1178
4 735 1072 827 1097
4 887 917 775 1268
4 720 838 963 1312
4 758 908 991 1023
4 324 858 177 1317
4 739 984 783 1105
4 134 140 821 1282
4 458 823 466 1283
4 739 987 950 1234
4 718 1129 1015 1165
4 726 911 1114 1162
4 728 909 1116 1163
4 727 910 1115 1161
4 264 260 265 793
4 984 1067 713 1119
4 692 936 799 1184
4 157 967 1216 1237
4 520 1224 521 1316
4 719 965 840 1229
4 715 922 1087 1252
4 649 996 1014 1152
4 1112 1216 935 1247
4 616 1018 611 1263
4 749 957 924 1204
4 145 291 144 1275
4 336 335 330 1277
4 702 1112 935 1172
4 893 718 1059 1262
4 678 993 899 1099
4 801 993 678 1028
4 399 534 398 1005
4 730 1031 902 1178
4 795 743 1033 1274
4 721 874 1176 1250
4 229 995 234 1167
4 679 1121 850 1251
4 893 1059 776 1262
4 512 924 520 1316
4 507 508 595 957
4 697 1195 1163 1307
4 889 933 711 1109
4 693 1176 836 1263
4 366 365 361 954
4 585 1043 859 1319
4 874 1250 756 1328
4 723 1034 860 1150
4 646 880 1136 1337
4 1037 1047 750 1236
4 695 1188 1161 1308
4 684 1099 900 1304
4 686 990 1084 1259
4 736 1077 828 1100
4 766 878 1051 1249
4 190 194 193 837
4 249 246 247 1272
4 165 864 1219 1231
4 271 985 270 1248
4 702 1000 918 1172
4 755 1077 864 1126
4 856 1205 837 1240
4 648 786 1019 1149
4 692 879 1024 1124
4 693 1019 885 1328
4 105 838 106 1182
4 674 841 1016 1223
4 533 873 539 1173
4 495 1035 494 1148
4 839 1104 1050 1295
4 496 945 1035 1232
4 811 1045 682 1251
4 653 934 1158 1244
4 857 989 739 1234
4 169 1212 164 1265
4 889 1083 767 1106
4 262 1096 877 1218
4 282 279 280 863
4 268 927 263 1141
4 764 1021 880 1136
4 209 960 212 1233
4 853 1120 779 1301
4 733 989 857 1329
4 500 499 1035 1242
4 560 941 566 1269
4 781 1129 1030 1289
4 157 160 159 967
4 518 955 515 1286
4 1019 1118 751 1191
4 85 824 86 1179
4 108 1096 107 1206
4 918 1047 672 1228
4 214 881 213 1233
4 761 1087 922 1252
4 656 1189 805 1276
4 241 37 243 988
4 677 853 1003 1301
4 71 986 1079 1270
4 719 873 1173 1226
4 679 851 1001 1285
4 678 852 1002 1284
4 296 301 285 1291
4 704 981 835 1220
4 839 1038 732 1297
4 866 1090 710 1339
4 498 497 493 936
4 741 996 781 1290
4 741 996 927 1279
4 129 128 846 1225
4 166 162 167 1231
4 834 725 968 1041
4 768 1047 918 1228
4 795 936 743 1274
4 136 930 32 1314
4 767 1040 885 1207
4 425 929 426 1315
4 475 928 11 1313
4 113 112 107 1096
4 829 1175 1126 1212
4 393 1005 946 1310
4 643 812 978 1034
4 1025 1136 701 1337
4 885 1040 671 1207
4 710 941 822 1269
4 720 1153 838 1312
4 373 239 240 990
4 768 1078 890 1334
4 819 1084 381 1311
4 716 830 914 1196
4 151 150 158 1247
4 631 629 632 814
4 214 213 211 1233
4 807 953 709 1344
4 464 465 468 830
4 183 182 188 855
4 217 945 1164 1338
4 654 804 994 1098
4 887 788 1021 1244
4 151 161 152 816
4 768 1103 1027 1132
4 94 989 98 1329
4 814 1222 1097 1255
4 319 949 309 1302
4 737 1069 863 1073
4 360 356 357 1145
4 628 862 1222 1255
4 373 379 374 1084
4 355 353 356 1145
4 767 1083 884 1106
4 363 368 362 1184
4 510 394 520 924
4 588 587 948 1303
4 552 423 424 968
4 249 259 251 865
4 267 114 273 1227
4 326 808 1062 1293
4 598 504 831 1274
4 898 1175 168 1212
4 685 1042 849 1165
4 903 978 705 1147
4 519 955 1300 1331
4 775 1004 887 1021
4 389 394 897 1170
4 577 806 1061 1294
4 670 1262 916 1297
4 662 820 1082 1145
4 668 1067 824 1180
4 814 671 1176 1255
4 793 985 729 1248
4 591 585 586 859
4 71 76 55 986
4 698 938 823 1283
4 1100 1219 864 1231
4 666 888 1090 1101
4 524 839 525 1295
4 122 115 149 935
4 504 597 831 1242
4 1084 1239 686 1259
4 695 909 1009 1308
4 697 911 1007 1307
4 996 1030 1014 1279
4 834 892 719 1226
4 271 402 270 985
4 348 358 350 912
4 363 362 358 912
4 655 1117 786 1296
4 670 1194 922 1229
4 977 1078 722 1228
4 687 985 793 1094
4 443 448 920 1186
4 428 305 919 1187
4 316 921 442 1185
4 835 1082 704 1220
4 324 321 177 858
4 523 516 514 809
4 674 1016 865 1223
4 893 1030 794 1297
4 165 166 864 1231
4 927 741 1279 1310
4 598 504 597 831
4 897 1080 389 1170
4 519 955 530 1300
4 360 364 359 1145
4 653 1017 1004 1120
4 721 914 830 1267
4 359 358 355 1145
4 191 856 195 1240
4 662 1082 835 1145
4 743 1018 964 1253
4 798 1197 1060 1202
4 704 944 856 1343
4 669 1116 909 1163
4 669 1114 911 1162
4 807 1060 290 1299
4 669 1115 910 1161
4 630 634 633 1320
4 670 1038 809 1104
4 484 1184 369 1208
4 324 1048 858 1317
4 643 1034 978 1150
4 69 923 74 1157
4 546 1203 979 1331
4 671 1040 827 1335
4 384 819 246 1272
4 107 1096 963 1206
4 485 484 493 936
4 468 830 465 1196
4 78 79 225 906
4 689 1031 923 1178
4 694 809 1089 1252
4 672 1047 828 1334
4 542 892 547 1260
4 392 391 387 946
4 479 874 636 1199
4 326 327 808 1293
4 31 309 307 949
4 24 285 15 947
4 453 594 588 948
4 831 1033 743 1274
4 668 838 1153 1312
4 706 1171 991 1273
4 132 138 137 847
4 580 806 577 1294
4 824 730 1032 1179
4 384 383 381 1189
4 325 1062 317 1201
4 294 1060 299 1202
4 574 575 1061 1200
4 719 1050 1014 1229
4 810 974 653 1236
4 630 862 628 1255
4 671 862 1072 1137
4 968 1076 725 1260
4 770 1160 1013 1324
4 880 764 1136 1337
4 380 805 375 1239
4 771 1113 910 1161
4 647 999 916 1183
4 672 1077 864 1100
4 670 839 1038 1104
4 862 1137 671 1255
4 752 978 903 1147
4 124 1247 127 1288
4 333 180 339 939
4 716 913 830 1196
4 418 414 419 854
4 927 1094 263 1141
4 840 965 719 1173
4 893 1050 1014 1297
4 811 1069 660 1171
4 714 1203 965 1300
4 530 519 518 955
4 642 900 899 1099
4 287 807 290 1299
4 836 1176 671 1255
4 191 195 194 1240
4 671 1072 862 1097
4 717 961 837 1265
4 1010 1192 774 1318
4 611 600 599 964
4 323 321 858 1293
4 869 1042 685 1165
4 220 210 76 960
4 949 1007 697 1321
4 948 1009 695 1323
4 947 1008 696 1322
4 51 52 54 1079
4 755 939 1048 1154
4 918 1000 645 1172
4 780 664 1092 1346
4 677 1004 875 1120
4 169 898 168 1212
4 236 377 235 1238
4 649 1015 801 1028
4 790 1189 946 1289
4 734 976 861 1092
4 241 242 373 990
4 836 671 1137 1255
4 672 1047 1037 1236
4 902 1088 782 1125
4 696 1162 910 1256
4 533 529 534 873
4 743 964 1018 1328
4 669 1113 910 1162
4 668 857 1067 1180
4 887 1021 788 1241
4 586 859 581 1294
4 143 138 953 1217
4 53 54 55 986
4 701 1004 871 1021
4 220 960 76 1281
4 597 604 598 831
4 796 1063 695 1138
4 861 1079 815 1156
4 342 352 344 926
4 671 1040 885 1118
4 273 274 400 1227
4 797 1058 697 1140
4 653 887 1004 1244
4 214 223 216 881
4 647 868 1144 1336
4 802 1149 1102 1292
4 648 1024 879 1124
4 856 944 734 1280
4 652 1007 911 1307
4 909 650 1009 1308
4 193 961 185 1265
4 230 219 218 1164
4 592 591 586 1303
4 114 108 35 1206
4 35 121 998 1206
4 806 658 1147 1339
4 1088 1125 766 1193
4 737 973 863 1069
4 8 955 519 1331
4 688 1005 873 1279
4 830 938 721 1267
4 646 915 1025 1136
4 262 266 261 877
4 992 1108 692 1296
4 890 1078 768 1103
4 504 498 499 1242
4 166 1175 864 1231
4 256 259 865 1223
4 845 906 731 1281
4 246 819 381 1311
4 176 177 321 1302
4 114 1096 108 1206
4 688 873 1014 1279
4 126 127 977 1288
4 492 491 489 792
4 812 1072 658 1147
4 738 1082 820 1208
4 758 908 1057 1171
4 186 169 185 961
4 807 660 1171 1344
4 947 1278 285 1291
4 885 1019 693 1118
4 366 361 206 954
4 808 659 1154 1340
4 652 828 1007 1307
4 650 827 1009 1308
4 584 589 573 903
4 16 540 399 1306
4 785 1071 693 1191
4 740 795 1035 1261
4 188 182 187 855
4 590 1043 585 1319
4 514 809 1089 1316
4 128 119 118 989
4 659 1195 933 1264
4 714 818 1130 1203
4 91 118 94 1234
4 682 1160 811 1251
4 863 973 758 1069
4 752 903 1043 1147
4 838 1180 1032 1254
4 128 125 129 846
4 490 484 483 799
4 1009 1063 695 1188
4 52 50 62 861
4 910 1113 669 1161
4 658 1188 931 1271
4 775 1021 887 1268
4 672 829 1037 1112
4 129 134 133 1225
4 810 1077 659 1154
4 510 520 512 924
4 246 384 381 819
4 831 1033 740 1155
4 744 1230 1005 1306
4 168 1175 167 1212
4 775 871 1004 1021
4 1097 1222 862 1255
4 538 537 1173 1226
4 644 910 1008 1322
4 652 911 1007 1321
4 650 909 1009 1323
4 1073 1291 798 1299
4 289 282 863 1299
4 658 796 1063 1188
4 122 1247 124 1288
4 299 300 305 895
4 318 316 317 896
4 574 568 448 894
4 836 1255 1137 1320
4 662 887 1021 1268
4 693 1071 836 1118
4 679 1103 1001 1132
4 795 1033 831 1274
4 1007 1058 697 1195
4 397 525 1123 1295
4 504 1242 831 1274
4 663 815 1031 1156
4 659 797 1058 1195
4 688 839 1050 1295
4 657 1033 831 1155
4 849 1042 675 1165
4 598 831 604 1305
4 560 561 941 1246
4 663 1031 848 1156
4 642 899 993 1099
4 911 697 1007 1321
4 910 696 1008 1322
4 645 1027 918 1172
4 909 695 1009 1323
4 296 302 301 1291
4 831 1033 795 1242
4 35 103 121 1206
4 668 984 1067 1105
4 206 954 361 1220
4 670 1104 809 1194
4 425 1246 929 1315
4 272 266 1227 1248
4 877 1227 266 1248
4 766 1088 902 1125
4 651 811 991 1324
4 530 955 518 1300
4 897 1183 749 1336
4 192 195 856 1280
4 542 539 892 1226
4 665 884 1083 1106
4 918 722 1112 1172
4 701 1021 1136 1244
4 708 1093 926 1235
4 364 363 359 820
4 810 974 755 1154
4 734 976 856 1280
4 703 1159 803 1238
4 879 992 692 1296
4 671 1034 1118 1137
4 389 394 378 897
4 766 1098 1053 1193
4 740 1035 795 1242
4 202 342 28 926
4 427 433 428 919
4 431 443 432 920
4 442 447 446 921
4 329 1062 330 1277
4 295 1060 291 1275
4 778 811 1171 1273
4 848 1179 824 1245
4 669 844 1116 1163
4 842 1115 669 1161
4 843 1114 669 1162
4 388 393 946 1310
4 518 517 515 955
4 123 125 987 1288
4 644 931 888 1284
4 652 932 890 1285
4 638 634 639 836
4 628 862 623 1222
4 660 798 1073 1197
4 719 1130 965 1229
4 623 628 630 862
4 416 405 404 962
4 742 861 976 1092
4 305 427 428 919
4 443 448 432 920
4 349 914 469 1196
4 442 316 447 921
4 610 983 609 1166
4 935 1112 722 1172
4 650 933 889 1301
4 120 132 137 847
4 889 1083 698 1335
4 512 520 521 1316
4 610 614 609 983
4 380 383 382 1189
4 85 95 86 824
4 442 921 446 1327
4 433 428 919 1325
4 443 920 431 1326
4 839 688 1123 1295
4 651 1013 1160 1324
4 773 933 1195 1264
4 171 165 166 864
4 49 192 976 1280
4 934 969 750 1346
4 771 931 1188 1271
4 479 641 636 874
4 171 165 864 1219
4 702 918 1112 1172
4 261 266 265 1248
4 671 827 1097 1335
4 673 826 1069 1258
4 938 1199 721 1267
4 63 68 67 1156
4 890 1054 652 1134
4 888 1055 644 1135
4 889 1056 650 1133
4 160 1212 967 1265
4 9 1095 1012 1333
4 322 326 325 1062
4 290 294 293 1060
4 578 577 575 1061
4 529 873 533 1295
4 257 255 258 841
4 703 897 952 1336
4 729 1023 870 1190
4 804 1011 781 1091
4 864 1077 736 1100
4 517 519 8 955
4 768 1001 1103 1132
4 887 1021 1004 1244
4 651 1013 901 1121
4 852 972 771 1044
4 851 970 772 1045
4 853 971 773 1046
4 862 1072 735 1097
4 159 163 162 829
4 524 522 525 839
4 752 1072 862 1137
4 319 309 175 1302
4 483 484 369 1208
4 394 1170 395 1224
4 698 1097 1133 1335
4 144 288 143 953
4 672 828 1100 1334
4 437 435 438 844
4 440 445 444 842
4 430 429 436 843
4 854 929 699 1258
4 725 968 1068 1076
4 217 501 496 945
4 1054 1134 748 1321
4 1056 1133 747 1323
4 1055 1135 746 1322
4 695 1009 1188 1308
4 380 382 375 805
4 196 944 201 1343
4 743 786 1024 1108
4 834 968 725 1260
4 532 531 527 840
4 642 1099 993 1304
4 374 1084 380 1239
4 788 1136 1021 1244
4 598 599 503 1274
4 737 929 854 1258
4 204 205 357 1220
4 1089 1166 800 1286
4 597 505 1111 1242
4 256 865 1016 1223
4 178 1048 324 1317
4 111 105 106 1182
4 588 593 587 1303
4 685 1098 849 1193
4 708 1070 917 1268
4 557 545 553 818
4 117 123 125 987
4 648 1102 1149 1292
4 197 202 186 961
4 883 1109 711 1340
4 662 833 1093 1268
4 166 172 864 1175
4 840 714 1194 1229
4 805 1189 1080 1276
4 539 533 534 873
4 711 1056 896 1264
4 41 201 53 944
4 693 1118 1019 1191
4 616 641 4 1018
4 651 991 811 1273
4 487 489 488 958
4 417 412 413 1342
4 472 938 467 1267
4 565 560 566 1269
4 829 967 702 1216
4 649 801 1015 1198
4 473 469 914 1267
4 385 382 386 1080
4 702 935 1216 1237
4 884 1102 767 1106
4 519 1300 530 1331
4 542 539 541 892
4 870 985 729 1086
4 113 112 1096 1218
4 460 461 455 832
4 724 837 981 1205
4 571 577 580 806
4 288 290 287 807
4 331 326 327 808
4 824 713 1119 1245
4 657 1033 1155 1168
4 1080 1189 790 1276
4 700 1100 1134 1334
4 717 967 829 1212
4 442 1185 921 1327
4 443 1186 920 1326
4 428 1187 919 1325
4 769 1041 907 1101
4 98 94 119 989
4 352 926 202 1177
4 694 800 1087 1089
4 303 304 429 1187
4 450 449 444 1186
4 312 314 438 1185
4 994 1011 745 1259
4 495 1035 492 1232
4 766 1053 886 1131
4 710 1055 894 1271
4 697 1007 1195 1307
4 756 1018 874 1328
4 826 1135 1008 1258
4 684 972 852 1044
4 682 970 851 1045
4 683 971 853 1046
4 689 902 1031 1178
4 55 54 71 986
4 798 1139 297 1291
4 129 125 126 1288
4 910 1162 772 1256
4 252 250 251 1310
4 914 1196 830 1267
4 83 82 89 950
4 670 1038 839 1297
4 798 1073 696 1291
4 18 252 268 927
4 181 148 42 937
4 658 796 1188 1271
4 237 231 882 1238
4 991 1023 729 1190
4 651 850 1013 1121
4 670 840 1104 1194
4 964 693 1071 1263
4 597 1111 831 1242
4 193 197 185 961
4 698 814 1097 1207
4 694 1155 999 1168
4 241 990 240 1298
4 126 124 127 1288
4 699 929 1135 1258
4 763 1096 877 1227
4 100 838 105 1254
4 768 1078 1027 1103
4 390 385 1080 1170
4 518 515 516 1286
4 662 1093 835 1241
4 237 376 236 1238
4 794 1262 893 1297
4 704 1082 954 1220
4 688 794 1030 1297
4 666 1041 888 1101
4 737 826 1008 1258
4 725 968 1041 1068
4 642 875 1020 1029
4 613 618 612 1071
4 740 795 1033 1242
4 659 797 1195 1264
4 917 1070 775 1268
4 605 609 608 1166
4 181 155 937 1237
4 648 885 1019 1250
4 665 1106 889 1109
4 717 1037 967 1213
4 751 1034 1040 1318
4 895 940 709 1275
4 896 942 711 1277
4 220 212 210 960
4 398 392 393 1005
4 116 117 89 987
4 263 268 252 927
4 267 266 877 1227
4 606 1089 513 1286
4 108 107 102 1206
4 624 862 630 1320
4 740 1033 795 1261
4 849 753 1125 1345
4 627 928 475 1169
4 1004 1017 875 1120
4 148 181 155 937
4 758 1023 991 1190
4 640 636 641 874
4 552 424 556 1246
4 153 930 136 1174
4 113 1096 262 1218
4 855 937 702 1237
4 934 969 788 1244
4 758 991 811 1190
4 101 107 106 963
4 404 962 405 1141
4 318 896 329 1277
4 300 895 295 1275
4 965 1130 818 1203
4 254 1016 245 1330
4 166 172 171 864
4 702 967 1037 1213
4 630 624 623 862
4 893 1014 649 1030
4 284 285 1278 1291
4 713 1067 950 1245
4 171 864 172 1317
4 953 1081 709 1344
4 739 1067 984 1105
4 623 862 624 1319
4 237 882 238 1239
4 726 1114 843 1162
4 728 1116 844 1163
4 831 1242 795 1274
4 727 1115 842 1161
4 90 84 83 950
4 92 90 93 1234
4 848 1119 824 1179
4 812 978 752 1147
4 1007 748 1134 1321
4 1009 747 1133 1323
4 700 816 1100 1228
4 618 1071 613 1257
4 1008 746 1135 1322
4 717 974 1126 1236
4 548 542 547 1260
4 702 1037 829 1112
4 699 1041 968 1068
4 909 1161 771 1308
4 911 1163 773 1307
4 666 907 1041 1101
4 41 201 944 1266
4 740 1111 831 1155
4 839 1123 525 1295
4 890 1078 700 1334
4 749 952 897 1336
4 413 414 418 1342
4 410 408 411 973
4 668 901 1105 1312
4 334 318 329 1277
4 146 300 295 1275
4 846 977 722 1288
4 694 957 999 1155
4 743 1018 1253 1328
4 539 538 1173 1226
4 651 1013 850 1160
4 874 1018 693 1328
4 722 918 1112 1228
4 696 1008 947 1073
4 651 1160 811 1324
4 694 1087 1155 1168
4 693 836 1071 1263
4 107 963 102 1206
4 688 1050 873 1295
4 200 201 206 1343
4 979 1203 714 1331
4 730 1032 905 1119
4 11 594 10 1313
4 543 965 537 1226
4 426 24 13 1315
4 276 278 275 908
4 31 30 32 1314
4 475 476 1169 1283
4 731 960 845 1281
4 141 136 32 1314
4 425 426 561 1315
4 475 11 459 1313
4 486 485 497 936
4 721 1176 1199 1207
4 389 377 385 1080
4 797 1140 697 1195
4 758 811 991 1171
4 688 1050 839 1297
4 89 90 950 1234
4 353 352 354 1177
4 96 93 97 857
4 695 1063 796 1188
4 697 1058 797 1195
4 141 940 140 1282
4 459 942 458 1283
4 269 270 403 985
4 131 1174 136 1282
4 75 69 70 923
4 701 1025 969 1136
4 688 1014 1050 1297
4 737 947 1008 1073
4 535 1203 546 1331
4 635 632 636 1199
4 664 934 1213 1346
4 486 367 485 1012
4 672 1037 918 1112
4 153 154 136 930
4 475 627 621 928
4 419 420 425 929
4 867 1013 651 1324
4 831 1111 800 1155
4 796 1138 695 1188
4 56 46 43 975
4 798 696 1139 1291
4 229 234 233 1167
4 337 456 336 883
4 642 869 1020 1304
4 196 1280 944 1343
4 168 898 173 1175
4 643 1034 860 1192
4 582 587 586 1303
4 101 102 963 1329
4 640 874 641 1263
4 714 1130 965 1203
4 690 845 960 1233
4 703 882 1159 1238
4 234 240 1167 1298
4 771 1188 1044 1308
4 717 829 1037 1126
4 811 1069 758 1190
4 61 85 86 1179
4 409 870 410 1342
4 655 1107 813 1117
4 321 320 319 1302
4 642 869 993 1042
4 5 600 4 1018
4 730 1119 848 1179
4 252 927 1230 1310
4 730 1032 943 1075
4 140 940 146 1275
4 325 330 329 1062
4 458 942 334 1277
4 626 589 625 997
4 295 294 291 1060
4 575 570 569 1061
4 713 1067 824 1119
4 643 860 1034 1150
4 612 611 607 964
4 860 1034 751 1192
4 717 1126 1037 1236
4 856 981 704 1343
4 238 237 232 882
4 665 1083 889 1106
4 232 237 231 882
4 697 1007 949 1058
4 901 1153 791 1287
4 803 1159 882 1238
4 246 1272 819 1311
4 1 2 626 1309
4 809 694 1038 1252
4 857 1067 739 1105
4 740 999 957 1155
4 477 471 472 938
4 809 1038 694 1316
4 730 824 1032 1119
4 722 1228 1112 1247
4 226 223 227 1065
4 256 260 259 1223
4 892 1226 834 1260
4 756 1253 1018 1328
4 164 1212 160 1265
4 606 610 1166 1286
4 50 48 59 1052
4 677 1120 853 1301
4 773 1195 1046 1307
4 754 1131 787 1337
4 716 833 1181 1268
4 695 1009 948 1063
4 160 967 184 1265
4 740 1033 831 1242
4 527 524 528 1104
4 122 935 150 1247
4 736 949 1007 1058
4 643 812 1034 1318
4 388 393 392 946
4 733 857 1312 1329
4 69 74 68 1157
4 859 752 1072 1319
4 693 1118 836 1176
4 858 755 1077 1317
4 596 597 505 1111
4 723 983 1257 1309
4 712 943 1032 1075
4 655 786 1108 1296
4 407 410 409 870
4 655 1108 992 1296
4 1230 1279 1005 1310
4 668 1067 857 1105
4 668 838 1032 1153
4 781 1074 1091 1290
4 735 948 1009 1063
4 693 874 1176 1263
4 676 1125 1088 1193
4 658 1044 1188 1308
4 618 619 638 1257
4 183 184 160 967
4 686 990 1167 1239
4 1161 1188 771 1308
4 169 174 168 898
4 683 1046 853 1120
4 1163 1195 773 1307
4 1126 1175 898 1212
4 670 809 1038 1252
4 411 408 279 973
4 815 663 1031 1249
4 702 1213 855 1237
4 624 1319 862 1320
4 606 603 513 1089
4 660 1197 1073 1256
4 898 939 757 1341
4 886 1053 754 1131
4 9 486 5 1012
4 659 1046 1195 1307
4 702 967 1213 1237
4 541 17 421 1306
4 539 540 541 1306
4 816 1112 672 1228
4 252 927 18 1230
4 954 1066 760 1266
4 87 65 86 1179
4 733 1312 963 1329
4 698 1169 938 1283
4 78 906 222 1281
4 397 529 525 1295
4 847 998 706 1217
4 717 974 898 1126
4 778 932 1081 1344
4 35 121 34 998
4 814 1199 1176 1207
4 689 815 1031 1249
4 758 1069 811 1171
4 670 893 1050 1229
4 289 292 282 1299
4 241 373 240 990
4 836 1118 723 1137
4 703 805 1080 1276
4 176 175 170 1302
4 679 1251 851 1285
4 963 1312 857 1329
4 153 1174 152 1219
4 60 63 59 1156
4 674 1091 1074 1290
4 717 829 1126 1212
4 136 154 32 930
4 425 420 426 929
4 11 475 621 928
4 179 333 328 939
4 627 1169 629 1222
4 248 250 388 1310
4 267 272 266 1227
4 345 913 343 1235
4 560 556 561 1246
4 593 622 592 1303
4 745 1084 819 1311
4 105 100 106 838
4 389 378 377 897
4 654 1125 905 1345
4 442 441 1185 1327
4 551 549 552 968
4 439 1186 443 1326
4 434 1187 428 1325
4 153 154 930 1219
4 878 766 1088 1249
4 970 772 1045 1256
4 712 1032 838 1153
4 328 332 327 1048
4 459 470 475 1283
4 141 135 136 1282
4 561 567 941 1315
4 685 1053 1098 1193
4 12 942 459 1313
4 147 940 141 1314
4 131 127 152 1174
4 885 1019 751 1292
4 172 864 1175 1317
4 582 586 581 1294
4 730 824 1119 1179
4 674 1011 1091 1290
4 846 722 987 1288
4 407 409 402 870
4 629 476 477 1169
4 113 114 267 1096
4 600 611 616 1018
4 719 1173 965 1226
4 662 1093 887 1268
4 621 928 627 1222
4 673 854 1068 1258
4 614 983 615 1309
4 323 320 321 1293
4 709 1081 932 1344
4 620 614 615 1309
4 339 340 454 951
4 1112 1228 816 1247
4 104 943 87 1254
4 425 561 1246 1315
4 564 563 558 866
4 711 896 1062 1264
4 752 1072 812 1147
4 722 1078 1027 1228
4 87 88 70 943
4 686 1167 882 1239
4 726 1197 798 1202
4 720 1153 901 1287
4 1027 1078 768 1228
4 745 1011 994 1110
4 688 1014 873 1050
4 194 199 198 981
4 689 1031 815 1157
4 902 1088 766 1249
4 755 1077 810 1154
4 670 1050 893 1297
4 345 465 913 1196
4 864 1077 755 1317
4 600 1018 5 1253
4 964 1018 693 1263
4 710 894 1061 1271
4 413 418 1076 1342
4 695 1138 842 1161
4 696 1139 843 1162
4 697 1140 844 1163
4 448 449 574 1200
4 314 317 316 1201
4 304 299 305 1202
4 805 1239 1084 1259
4 670 893 1262 1297
4 474 469 349 914
4 694 1087 800 1155
4 547 542 541 892
4 777 931 1090 1339
4 800 1087 657 1155
4 855 1213 967 1237
4 642 900 1099 1304
4 741 946 1279 1310
4 788 1205 724 1241
4 252 1230 25 1310
4 667 1078 890 1103
4 473 469 474 914
4 862 1072 752 1319
4 230 235 952 1238
4 104 88 87 943
4 53 201 196 944
4 701 1017 1004 1244
4 648 1124 884 1250
4 728 896 1056 1264
4 400 1023 401 1227
4 185 169 164 1265
4 699 1068 854 1258
4 671 836 1118 1176
4 710 1061 806 1339
4 711 1062 808 1340
4 647 1183 1022 1336
4 709 1060 807 1344
4 53 944 196 1280
4 522 395 396 1224
4 814 1176 671 1207
4 809 694 1089 1316
4 475 470 476 1283
4 131 136 135 1282
4 671 1097 814 1207
4 196 201 200 1343
4 562 6 546 979
4 393 25 1230 1310
4 435 1140 844 1325
4 445 1138 842 1327
4 430 1139 843 1326
4 672 1037 829 1126
4 727 894 1055 1271
4 857 668 1105 1312
4 662 1021 887 1241
4 831 1111 740 1242
4 272 400 401 1227
4 417 413 1076 1342
4 528 524 525 1295
4 905 1032 730 1075
4 833 1093 708 1235
4 744 1005 1230 1279
4 662 835 1082 1241
4 654 849 1125 1345
4 567 566 561 941
4 459 12 334 942
4 146 141 147 940
4 648 1019 885 1292
4 89 91 90 1234
4 94 118 119 989
4 712 838 1032 1254
4 688 839 1123 1297
4 672 1100 816 1228
4 256 1016 254 1223
4 740 813 1033 1261
4 572 580 584 1043
4 728 797 1201 1264
4 345 465 462 913
4 708 1093 833 1268
4 727 796 1200 1271
4 143 138 144 953
4 698 928 1169 1283
4 662 887 1093 1241
4 49 189 47 976
4 761 982 956 1168
4 717 1126 898 1212
4 206 1220 205 1343
4 700 930 1174 1282
4 244 242 245 1311
4 805 686 1239 1259
4 1015 1030 781 1129
4 735 862 1097 1222
4 283 284 285 1278
4 325 326 330 1062
4 294 290 291 1060
4 577 570 575 1061
4 719 840 1050 1229
4 814 698 1097 1169
4 583 579 451 1138
4 844 669 1114 1163
4 313 310 311 1140
4 842 669 1116 1161
4 843 669 1115 1162
4 173 168 174 898
4 5 1012 486 1253
4 143 137 138 1217
4 392 397 391 1123
4 157 183 967 1237
4 1005 1279 946 1310
4 838 712 1153 1182
4 736 864 1100 1219
4 779 933 1109 1340
4 985 1094 687 1141
4 129 126 130 977
4 719 1050 840 1173
4 502 486 497 1253
4 495 496 1035 1232
4 606 515 610 1286
4 991 811 1190 1324
4 710 1090 931 1339
4 755 1126 864 1175
4 642 993 899 1128
4 393 1230 1005 1310
4 537 544 536 965
4 42 43 46 975
4 245 1016 247 1311
4 816 700 1100 1174
4 760 986 944 1266
4 824 1067 713 1245
4 123 122 124 1288
4 619 614 620 1257
4 732 1038 839 1224
4 9 22 1095 1333
4 843 1114 726 1187
4 842 1115 727 1186
4 844 1116 728 1185
4 737 1069 826 1258
4 495 500 499 1035
4 670 1050 840 1229
4 781 1091 1011 1290
4 1024 1124 648 1250
4 543 544 537 965
4 253 254 245 1330
4 870 1086 729 1190
4 724 835 1093 1241
4 751 1040 885 1292
4 651 925 1064 1273
4 76 1270 77 1281
4 683 875 1017 1120
4 422 417 423 1076
4 702 1112 829 1216
4 536 965 544 1203
4 507 26 19 1338
4 669 1113 909 1161
4 275 406 400 1023
4 101 97 102 1329
4 1137 1255 862 1320
4 343 345 462 913
4 574 569 568 894
4 295 300 299 895
4 49 192 189 976
4 318 317 329 896
4 688 946 1005 1279
4 756 1250 1024 1328
4 662 1181 833 1268
4 389 1080 385 1170
4 724 1093 835 1177
4 645 1132 1006 1151
4 839 1050 670 1297
4 617 1071 639 1263
4 78 77 72 1270
4 1162 1197 772 1256
4 693 1018 964 1328
4 721 1176 874 1199
4 670 1194 809 1252
4 483 370 482 1208
4 898 974 755 1126
4 612 607 608 1305
4 930 1174 153 1219
4 627 928 1169 1222
4 862 1255 630 1320
4 909 1113 771 1161
4 702 918 1037 1112
4 733 857 1105 1312
4 284 296 285 1291
4 407 401 406 1023
4 422 547 421 1260
4 693 885 1118 1176
4 69 75 74 923
4 656 805 1259 1276
4 673 1086 870 1190
4 756 1124 1024 1250
4 723 1118 1034 1137
4 859 1043 752 1319
4 671 1118 836 1137
4 204 198 199 981
4 255 1182 841 1330
4 78 222 77 1281
4 728 1201 896 1264
4 740 957 1111 1155
4 873 1014 719 1050
4 885 1040 767 1292
4 234 240 239 1167
4 278 286 287 1057
4 472 467 468 1267
4 259 249 256 865
4 482 371 481 1066
4 642 872 1042 1128
4 267 266 262 877
4 61 58 85 1245
4 672 1112 918 1228
4 727 1200 894 1271
4 633 637 625 997
4 682 1045 851 1251
4 385 376 382 1080
4 711 1109 933 1340
4 701 1004 1021 1244
4 200 206 205 1343
4 181 182 155 1237
4 764 992 879 1296
4 624 590 1319 1320
4 590 584 585 1043
4 456 461 463 1143
4 558 553 554 1127
4 368 484 485 1184
4 234 1167 995 1298
4 658 1271 931 1339
4 729 1227 877 1248
4 446 452 451 1327
4 301 302 431 1326
4 308 310 433 1325
4 996 1074 781 1290
4 100 99 95 1180
4 627 629 628 1222
4 192 196 195 1280
4 153 152 165 1219
4 695 842 1116 1161
4 697 844 1114 1163
4 696 843 1115 1162
4 188 189 191 1240
4 659 1264 933 1340
4 1000 1146 645 1172
4 1006 1132 784 1151
4 671 1097 1207 1335
4 278 280 277 1057
4 326 323 327 1293
4 633 997 625 1320
4 511 603 601 1089
4 269 263 1094 1141
4 655 813 1107 1261
4 472 471 467 938
4 269 268 263 1141
4 693 1018 874 1263
4 459 458 470 1283
4 698 1083 1207 1335
4 141 140 135 1282
4 857 739 1067 1234
4 282 292 284 1278
4 873 1173 533 1295
4 580 577 581 1294
4 906 1270 731 1281
4 617 616 611 1263
4 352 202 203 1177
4 402 403 270 985
4 858 1048 755 1317
4 416 421 405 962
4 698 1207 1097 1335
4 57 60 59 1052
4 219 952 21 1338
4 573 589 2 903
4 140 146 145 1275
4 458 334 335 1277
4 48 46 57 1052
4 21 1204 19 1338
4 202 352 342 926
4 670 922 1194 1252
4 340 341 454 951
4 670 840 1194 1229
4 246 381 244 1311
4 157 183 160 967
4 473 468 469 1267
4 671 1118 885 1176
4 385 377 376 1080
4 491 490 488 1148
4 624 625 590 1320
4 672 1100 1228 1334
4 697 1114 844 1325
4 696 1115 843 1326
4 695 1116 842 1327
4 916 1252 761 1262
4 814 1169 1097 1222
4 289 287 290 1299
4 36 81 38 1298
4 865 741 1272 1290
4 247 254 256 1016
4 100 105 99 1254
4 21 219 235 952
4 689 1031 902 1249
4 372 208 481 1066
4 384 387 383 1189
4 712 1182 838 1254
4 600 502 599 1253
4 243 37 109 988
4 786 1024 1108 1296
4 62 66 52 1079
4 178 328 324 1048
4 901 720 1064 1312
4 930 1100 700 1174
4 297 1139 302 1291
4 615 614 610 983
4 724 1093 887 1241
4 928 1097 698 1169
4 781 1074 996 1198
4 137 142 121 1217
4 127 130 126 977
4 20 19 21 1204
4 507 19 508 1204
4 700 1174 977 1282
4 73 67 68 1157
4 567 13 1209 1315
4 30 1210 147 1314
4 10 1211 12 1313
4 816 1174 1100 1219
4 736 1100 930 1219
4 225 222 78 906
4 132 133 138 1225
4 533 539 538 1173
4 284 1278 292 1291
4 911 1114 669 1163
4 910 1115 669 1162
4 909 1116 669 1161
4 13 14 567 1209
4 30 31 307 1210
4 306 147 30 1210
4 453 10 594 1211
4 13 24 15 1209
4 10 23 12 1211
4 71 1079 66 1270
4 495 492 496 1232
4 735 1097 928 1222
4 442 446 441 1327
4 439 443 431 1326
4 245 254 247 1016
4 433 434 428 1325
4 298 304 303 1202
4 314 312 315 1201
4 576 449 450 1200
4 933 1056 711 1264
4 116 123 117 987
4 164 160 184 1265
4 130 131 135 1282
4 476 470 471 1283
4 1038 1224 924 1316
4 911 726 1114 1321
4 910 727 1115 1322
4 909 728 1116 1323
4 535 530 1203 1331
4 54 66 71 1079
4 931 1055 710 1271
4 380 375 374 1239
4 712 841 1182 1330
4 616 640 641 1263
4 697 844 1140 1325
4 696 843 1139 1326
4 695 842 1138 1327
4 670 1252 916 1262
4 946 741 1279 1289
4 527 526 523 1104
4 676 849 1125 1193
4 105 838 1182 1254
4 647 1144 1183 1336
4 1101 1284 777 1332
4 757 1142 974 1158
4 394 395 520 1224
4 700 1078 1228 1334
4 700 1228 1100 1334
4 678 1284 1101 1332
4 214 216 213 881
4 172 1175 178 1317
4 688 946 1279 1289
4 535 545 546 1203
4 503 497 498 1274
4 163 168 167 1212
4 896 1201 1062 1264
4 122 149 150 935
4 974 1142 653 1158
4 496 500 495 1035
4 469 468 465 1196
4 916 1038 694 1252
4 862 752 1137 1320
4 894 1200 1061 1271
4 110 105 1182 1254
4 660 1197 932 1344
4 677 1003 1106 1301
4 546 979 7 1331
4 386 382 383 1189
4 668 1153 901 1312
4 514 1089 511 1316
4 538 537 532 1173
4 712 1032 943 1254
4 626 997 637 1309
4 671 1176 885 1207
4 663 878 1088 1249
4 296 297 302 1291
4 482 487 488 958
4 276 275 274 908
4 219 1164 952 1338
4 169 168 164 1212
4 700 1134 890 1334
4 698 1133 889 1335
4 443 449 448 1186
4 428 304 305 1187
4 314 316 442 1185
4 679 1001 1103 1285
4 678 1002 1101 1284
4 941 1246 561 1315
4 720 901 1153 1312
4 670 1038 916 1252
4 605 608 604 1305
4 530 1300 1203 1331
4 207 39 372 1266
4 41 40 39 1266
4 253 109 110 1330
4 101 100 96 1180
4 514 513 511 1089
4 413 418 417 1076
4 552 549 423 968
4 722 1112 935 1247
4 607 611 599 964
4 49 51 192 1280
4 269 403 404 1141
4 350 351 349 1095
4 736 1058 858 1302
4 158 150 156 1216
4 708 887 1093 1268
4 229 80 234 995
4 663 1088 902 1249
4 500 505 499 1242
4 696 1073 947 1291
4 735 1063 859 1303
4 570 564 565 1269
4 524 523 521 1104
4 110 104 105 1254
4 719 873 1050 1173
4 222 221 220 1281
4 22 351 9 1095
4 642 1042 993 1128
4 902 1031 663 1249
4 122 150 124 1247
4 530 518 526 1300
4 84 92 85 1245
4 863 737 1073 1278
4 77 76 71 1270
4 333 338 332 1221
4 682 850 1160 1251
4 108 113 107 1096
4 691 945 1164 1232
4 173 178 172 1175
4 573 562 572 1215
4 643 1192 1010 1318
4 766 1053 1131 1193
4 546 6 7 979
4 634 631 635 1255
4 877 1096 720 1218
4 999 1144 749 1183
4 949 1058 736 1302
4 217 215 1164 1232
4 643 1034 1192 1318
4 735 948 1063 1303
4 767 1207 1083 1335
4 840 1194 714 1300
4 702 1216 967 1237
4 230 236 235 1238
4 950 1067 739 1234
4 436 440 439 1122
4 440 437 441 1122
4 436 434 437 1122
4 1012 1095 756 1333
4 695 1116 909 1161
4 697 1114 911 1163
4 234 80 81 995
4 696 1115 910 1162
4 991 1171 811 1273
4 694 1038 924 1316
4 617 618 639 1071
4 493 490 494 1148
4 923 1031 689 1157
4 167 168 173 1175
4 81 234 995 1298
4 374 379 380 1084
4 550 551 554 1127
4 560 561 566 941
4 141 146 140 940
4 459 334 458 942
4 1000 1151 780 1346
4 375 237 238 1239
4 653 1004 1017 1244
4 248 384 246 1272
4 347 349 469 1196
4 972 771 1044 1308
4 971 773 1046 1307
4 711 1264 1062 1340
4 111 112 258 1218
4 362 350 358 912
4 235 219 230 952
4 710 1271 1061 1339
4 134 135 140 1282
4 158 162 161 1231
4 470 458 466 1283
4 396 395 390 1170
4 924 1038 732 1224
4 981 1220 704 1343
4 1008 1073 696 1256
4 538 543 537 1226
4 646 1025 1131 1337
4 947 1073 737 1278
4 241 240 36 1298
4 227 224 228 1065
4 256 254 257 1223
4 195 196 200 1343
4 787 1131 1025 1337
4 333 179 180 939
4 722 977 1247 1288
4 3 4 480 1333
4 9 3 22 1333
4 464 467 463 1143
4 626 637 620 1309
4 518 519 517 955
4 180 27 339 1341
4 28 27 29 1341
4 724 926 1093 1177
4 134 130 135 1282
4 470 466 471 1283
4 102 107 101 963
4 212 221 214 1233
4 497 485 493 936
4 768 1228 1078 1334
4 445 451 1138 1327
4 302 1139 430 1326
4 310 1140 435 1325
4 751 1192 1034 1318
4 672 1037 1126 1236
4 388 392 387 946
4 90 83 89 950
4 533 1173 528 1295
4 185 197 186 961
4 238 1167 239 1239
4 477 478 632 1199
4 413 412 409 1342
4 709 1060 895 1275
4 711 1062 896 1277
4 495 494 491 1148
4 252 25 250 1310
4 695 909 1116 1323
4 697 911 1114 1321
4 696 910 1115 1322
4 108 114 113 1096
4 237 236 231 1238
4 898 1126 755 1175
4 756 1095 914 1333
4 862 1319 752 1320
4 729 1190 1086 1324
4 272 271 266 1248
4 346 345 343 1235
4 944 1280 856 1343
4 393 399 398 1005
4 647 1144 999 1183
4 755 1175 864 1317
4 97 94 98 1329
4 387 386 383 1189
4 536 1203 530 1300
4 9 367 486 1012
4 535 546 7 1331
4 479 636 478 1199
4 697 919 1114 1325
4 696 920 1115 1326
4 695 921 1116 1327
4 200 205 199 1343
4 102 1206 963 1329
4 397 525 396 1123
4 217 496 215 1232
4 129 133 128 1225
4 390 389 385 1170
4 380 379 381 1084
4 714 1194 955 1300
4 110 1182 255 1330
4 1100 1174 930 1219
4 687 1094 927 1141
4 612 618 617 1071
4 413 410 414 1342
4 435 310 312 1140
4 303 430 302 1139
4 451 450 445 1138
4 967 1212 717 1265
4 1097 1169 928 1222
4 697 1114 919 1321
4 695 1116 921 1323
4 696 1115 920 1322
4 363 369 368 1184
4 389 395 394 1170
4 165 161 166 1231
4 157 182 183 1237
4 178 324 177 1317
4 590 585 591 1319
4 580 585 584 1043
4 511 509 512 1316
4 535 530 536 1203
4 602 596 601 1111
4 271 270 265 1248
4 153 170 154 1219
4 711 933 1264 1340
4 353 346 344 1235
4 215 492 213 1232
4 563 562 557 1215
4 532 528 533 1173
4 455 337 338 1221
4 600 616 4 1018
4 710 931 1271 1339
4 955 714 1300 1331
4 258 262 261 1218
4 622 621 627 1222
4 688 1014 1030 1279
4 536 544 545 1203
4 919 1114 726 1321
4 920 1115 727 1322
4 921 1116 728 1323
4 268 404 405 1141
4 324 328 327 1048
4 257 261 260 1223
4 62 63 67 1156
4 343 341 344 1235
4 630 628 631 1255
4 565 559 560 1269
4 646 1136 1025 1337
4 92 96 95 1180
4 371 372 481 1066
4 280 278 287 1057
4 726 1114 919 1187
4 727 1115 920 1186
4 728 1116 921 1185
4 702 935 1112 1216
4 504 505 597 1242
4 159 156 157 1216
4 195 200 199 1343
4 598 503 504 1274
4 166 167 172 1175
4 997 1137 752 1320
4 345 347 465 1196
4 623 624 591 1319
4 249 251 248 1272
4 252 18 25 1230
4 536 530 531 1300
4 284 292 296 1291
4 171 172 177 1317
4 142 143 286 1217
4 628 623 622 1222
4 171 170 165 1219
4 548 543 542 1226
4 574 576 575 1200
4 325 317 315 1201
4 298 294 299 1202
4 203 204 354 1177
4 991 1190 729 1324
4 323 322 320 1293
4 331 332 337 1221
4 617 639 640 1263
4 572 563 571 1215
4 582 581 578 1294
4 127 124 151 1247
4 8 519 7 1331
4 542 538 539 1226
4 293 292 289 1299
4 103 1206 102 1329
4 63 62 59 1156
4 521 514 512 1316
4 969 780 1151 1346
4 750 969 1151 1346
4 224 227 223 1065
4 99 104 87 1254
4 282 284 281 1278
4 111 255 110 1182
4 637 626 625 997
4 657 1155 1087 1168
4 281 284 283 1278
4 185 184 193 1265
4 190 191 194 1240
4 113 262 112 1218
4 264 263 259 1094
4 25 16 399 1230
4 423 417 418 1076
4 164 163 160 1212
4 550 554 553 1127
4 238 239 374 1239
4 461 464 463 1143
4 370 369 364 1208
4 297 296 292 1291
4 688 1279 1030 1289
4 326 322 323 1293
4 230 231 236 1238
4 211 209 212 1233
4 132 128 133 1225
4 401 400 406 1023
4 921 1185 1116 1327
4 920 1186 1115 1326
4 919 1187 1114 1325
4 581 577 578 1294
4 749 1183 1144 1336
4 239 238 233 1167
4 1050 1173 873 1295
4 1061 1200 796 1271
4 1062 1201 797 1264
4 476 627 475 1169
4 602 597 596 1111
4 963 1206 733 1329
4 131 153 136 1174
4 369 484 368 1184
4 79 73 74 1157
4 293 289 290 1299
4 413 409 410 1342
4 54 52 66 1079
4 349 351 22 1095
4 442 441 438 1185
4 429 428 434 1187
4 444 443 439 1186
4 64 61 65 1179
4 253 255 254 1330
4 388 250 393 1310
4 579 450 451 1138
4 303 302 297 1139
4 312 310 313 1140
4 217 215 218 1164
4 947 1073 1278 1291
4 391 397 396 1123
4 530 526 531 1300
4 445 446 451 1327
4 431 302 430 1326
4 433 310 435 1325
4 503 498 504 1274
4 605 606 609 1166
4 269 263 264 1094
4 245 247 244 1311
4 520 522 521 1224
4 619 618 613 1257
4 48 57 59 1052
4 98 103 102 1329
4 610 609 606 1166
4 53 196 51 1280
4 513 516 515 1286
4 359 355 356 1145
4 565 564 559 1269
4 360 359 356 1145
4 253 110 255 1330
4 72 71 66 1270
4 56 84 58 1245
4 445 441 446 1327
4 431 430 439 1326
4 435 434 433 1325
4 424 425 556 1246
4 614 619 613 1257
4 598 604 607 1305
4 511 513 603 1089
4 357 205 361 1220
4 159 158 156 1216
4 478 472 473 1267
4 93 91 94 1234
4 244 247 246 1311
4 188 191 190 1240
4 131 152 153 1174
4 527 523 524 1104
4 476 629 627 1169
4 535 519 530 1331
4 1203 1300 714 1331
4 267 273 272 1227
4 206 361 205 1220
4 631 634 630 1255
4 218 219 217 1164
4 161 162 166 1231
4 515 606 513 1286
4 151 124 150 1247
4 273 400 272 1227
4 393 250 25 1310
4 547 549 548 1260
4 352 203 354 1177
4 514 511 512 1316
4 248 246 249 1272
4 220 76 77 1281
4 239 233 234 1167
4 111 110 105 1182
4 483 369 370 1208
4 504 499 505 1242
4 556 425 561 1246
4 502 5 486 1253
4 265 266 271 1248
4 632 478 636 1199
4 61 86 65 1179
4 90 91 93 1234
4 422 549 547 1260
4 620 615 1 1309
4 529 533 528 1295
4 335 329 330 1277
4 295 291 145 1275
4 212 214 211 1233
4 108 103 35 1206
4 256 257 260 1223
4 574 449 576 1200
4 317 314 315 1201
4 298 299 304 1202
4 102 103 108 1206
4 624 590 591 1319
4 137 143 142 1217
4 25 18 16 1230
4 502 600 5 1253
4 73 68 74 1157
4 172 178 177 1317
4 494 490 491 1148
4 184 185 164 1265
4 123 126 125 1288
4 81 240 234 1298
4 429 304 428 1187
4 444 449 443 1186
4 438 314 442 1185
4 633 624 630 1320
4 437 440 436 1122
4 404 268 269 1141
4 100 95 96 1180
4 533 538 532 1173
4 592 586 587 1303
4 510 508 20 1204
4 176 321 319 1302
4 427 306 307 1210
4 15 432 14 1209
4 23 453 447 1211
4 529 528 525 1295
4 617 640 616 1263
4 21 19 26 1338
4 105 104 99 1254
4 520 395 522 1224
4 163 164 168 1212
4 469 465 347 1196
4 215 496 492 1232
4 26 219 21 1338
4 123 124 126 1288
4 176 319 175 1302
4 592 587 593 1303
4 473 472 468 1267
4 41 207 201 1266
4 167 173 172 1175
4 238 374 375 1239
4 567 426 13 1315
4 10 12 11 1313
4 30 147 32 1314
4 192 51 196 1280
4 608 607 604 1305
4 170 153 165 1219
4 390 395 389 1170
4 157 155 182 1237
4 627 628 622 1222
4 77 71 72 1270
4 58 84 85 1245
4 1 626 620 1309
4 146 295 145 1275
4 329 335 334 1277
4 97 98 102 1329
4 535 536 545 1203
4 17 540 16 1306
4 220 77 222 1281
4 624 633 625 1320
4 561 426 567 1315
4 32 147 141 1314
4 12 459 11 1313
4 343 344 346 1235
4 474 22 480 1333
4 338 337 332 1221
4 572 562 563 1215
4 174 29 180 1341
4 112 262 258 1218
4 20 508 19 1204
4 13 15 14 1209
4 307 306 30 1210
4 23 10 453 1211
4 543 538 542 1226
4 81 36 240 1298
4 41 39 207 1266
4 541 540 17 1306
4 7 519 535 1331
4 3 480 22 1333
4 27 180 29 1341
4 878 861 1092 734
4 878 1092 861 663
4 1337 1020 681 764
4 1337 681 1020 787
4 1031 69 1179 64
4 1031 1179 69 923
4 903 590 997 752
4 903 997 590 589
4 996 962 927 744
4 996 927 962 687
4 1020 1337 701 871
4 701 1337 1020 787
4 929 1278 415 283
4 415 1278 929 737
4 908 277 1023 758
4 908 1023 277 275
4 1290 927 996 687
4 1290 996 927 741
4 1242 945 506 740
4 1242 506 945 500
4 852 1113 972 680
4 972 1113 852 771
4 926 1341 961 757
4 961 1341 926 28
4 1072 1308 1044 658
4 1044 1308 1072 827
4 1023 277 408 758
4 1023 408 277 406
4 1177 1145 356 353
4 1177 356 1145 835
4 1077 1307 1046 659
4 1046 1307 1077 828
4 1196 350 348 347
4 1196 348 350 912
4 1023 402 407 401
4 1023 407 402 870
4 881 226 1164 803
4 881 1164 226 216
4 1012 362 1184 912
4 1012 1184 362 367
4 1172 984 645 1027
4 1172 645 984 1146
4 988 1311 242 745
4 242 1311 988 245
4 1175 179 898 173
4 1175 898 179 939
4 174 898 179 173
4 174 179 898 939
4 1142 926 951 708
4 1142 951 926 757
4 1157 69 1031 68
4 1157 1031 69 923
4 975 83 765 43
4 975 765 83 950
4 82 765 83 43
4 82 83 765 950
4 1309 0 8 1
4 1309 8 0 762
4 1221 454 339 338
4 1221 339 454 951
4 1341 186 169 29
4 1341 169 186 961
4 149 937 765 148
4 765 937 149 935
4 765 115 149 148
4 149 115 765 935
4 1164 226 230 803
4 1164 230 226 218
4 1234 1180 93 92
4 1234 93 1180 857
4 937 1172 935 765
4 935 1172 937 702
4 1091 867 1287 674
4 1091 1287 867 1013
4 1152 769 649 876
4 1152 649 769 907
4 648 1250 1292 885
4 648 1292 1250 884
4 767 1292 1250 885
4 767 1250 1292 884
4 928 1009 948 747
4 948 1009 928 735
4 929 1008 947 746
4 947 1008 929 737
4 930 1007 949 748
4 949 1007 930 736
4 1336 803 691 952
4 1336 691 803 868
4 951 455 460 454
4 951 460 455 832
4 1108 1148 936 795
4 936 1148 1108 799
4 487 1066 482 481
4 482 1066 487 958
4 1340 797 808 1293
4 1340 808 797 1264
4 1124 1012 1024 692
4 1124 1024 1012 756
4 1341 340 339 951
4 1341 339 340 27
4 1339 796 806 1294
4 1339 806 796 1271
4 1303 1294 586 582
4 1303 586 1294 859
4 985 409 825 870
4 985 825 409 403
4 1302 1293 321 320
4 1302 321 1293 858
4 1315 568 941 894
4 1315 941 568 567
4 1313 318 942 896
4 1313 942 318 12
4 300 1314 940 147
4 940 1314 300 895
4 1258 973 673 854
4 1258 673 973 1069
4 1065 231 226 803
4 1065 226 231 227
4 412 1141 962 404
4 962 1141 412 825
4 962 416 412 404
4 412 416 962 825
4 1005 534 1306 399
4 1005 1306 534 873
4 1221 327 331 332
4 1221 331 327 808
4 1306 405 421 962
4 1306 421 405 17
4 1234 117 89 91
4 1234 89 117 987
4 1095 367 9 1012
4 1095 9 367 351
4 1232 216 213 215
4 1232 213 216 881
4 1211 318 316 23
4 1211 316 318 896
4 1209 568 448 14
4 1209 448 568 894
4 1210 300 305 306
4 1210 305 300 895
4 1168 1033 786 657
4 1168 786 1033 813
4 471 1169 477 476
4 477 1169 471 938
4 1085 954 944 704
4 1085 944 954 760
4 1295 397 398 1123
4 1295 398 397 529
4 1004 1102 1106 677
4 1106 1102 1004 775
4 1306 534 539 540
4 1306 539 534 873
4 1077 1236 1047 672
4 1047 1236 1077 810
4 1047 828 1077 672
4 1077 828 1047 810
4 1216 149 150 156
4 1216 150 149 935
4 1213 1240 967 837
4 967 1240 1213 855
4 1036 1068 1258 673
4 1258 1068 1036 769
4 1258 826 1036 673
4 1036 826 1258 769
4 1094 270 793 264
4 1094 793 270 985
4 34 1217 121 142
4 121 1217 34 998
4 1051 1053 891 661
4 891 1053 1051 766
4 1146 782 713 1039
4 1146 713 782 984
4 1210 305 427 306
4 1210 427 305 919
4 1211 316 447 23
4 1211 447 316 921
4 1209 448 432 14
4 1209 432 448 920
4 1095 362 350 351
4 1095 350 362 912
4 1086 1036 1190 673
4 1086 1190 1036 770
4 1161 1271 796 727
4 796 1271 1161 1188
4 1273 1081 1171 778
4 1273 1171 1081 706
4 1266 55 944 41
4 1266 944 55 986
4 53 944 55 41
4 53 55 944 986
4 1233 213 489 881
4 1233 489 213 211
4 1266 366 206 954
4 1266 206 366 207
4 1163 1264 797 728
4 797 1264 1163 1195
4 155 1216 157 156
4 157 1216 155 1237
4 1194 1286 516 809
4 516 1286 1194 955
4 516 526 1194 809
4 1194 526 516 955
4 1243 1208 992 799
4 1243 992 1208 738
4 1311 379 381 244
4 1311 381 379 1084
4 1111 595 506 596
4 1111 506 595 957
4 501 1338 217 26
4 217 1338 501 945
4 245 1330 1311 988
4 245 1311 1330 1016
4 745 1311 1330 988
4 745 1330 1311 1016
4 1136 1244 969 701
4 969 1244 1136 788
4 1310 248 251 1272
4 1310 251 248 250
4 1084 373 242 990
4 1084 242 373 379
4 1330 243 109 988
4 1330 109 243 253
4 1254 110 109 1182
4 1254 109 110 104
4 1346 1037 934 1213
4 1346 934 1037 750
4 1206 121 120 103
4 1206 120 121 998
4 1134 1321 652 1007
4 652 1321 1134 1054
4 1135 1322 644 1008
4 644 1322 1135 1055
4 1133 1323 650 1009
4 650 1323 1133 1056
4 1306 18 16 17
4 1306 16 18 1230
4 1199 1207 938 721
4 938 1207 1199 814
4 1247 1228 977 722
4 1247 977 1228 816
4 1207 1250 1176 885
4 1176 1250 1207 721
4 1338 217 219 1164
4 1338 219 217 26
4 1230 393 399 25
4 1230 399 393 1005
4 1309 614 1257 620
4 1309 1257 614 983

CELL_TYPES 6186
10
10
10
10
10
10
10
10
10
10
10
10
10
10
10
10
10
10
10
10
10
10
10
10
10
10
10
10
10
10
10
10
10
10
10
10
10
10
10
10
10
10
10
10
10
10
10
10
10
10
10
10
10
10
10
10
10
10
10
10
10
10
10
10
10
10
10
10
10
10
10
10
10
10
10
10
10
10
10
10
10
10
10
10
10
10
10
10
10
10
10
10
10
10
10
10
10
10
10
10
10
10
10
10
10
10
10
10
10
10
10
10
10
10
10
10
10
10
10
10
10
10
10
10
10
10
10
10
10
10
10
10
10
10
10
10
10
10
10
10
10
10
10
10
10
10
10
10
10
10
10
10
10
10
10
10
10
10
10
10
10
10
10
10
10
10
10
10
10
10
10
10
10
10
10
10
10
10
10
10
10
10
10
10
10
10
10
10
10
10
10
10
10
10
10
10
10
10
10
10
10
10
10
10
10
10
10
10
10
10
10
10
10
10
10
10
10
10
10
10
10
10
10
10
10
10
10
10
10
10
10
10
10
10
10
10
10
10
10
10
10
10
10
10
10
10
10
10
10
10
10
10
10
10
10
10
10
10
10
10
10
10
10
10
10
10
10
10
10
10
10
10
10
10
10
10
10
10
10
10
10
10
10
10
10
10
10
10
10
10
10
10
10
10
10
10
10
10
10
10
10
10
10
10
10
10
10
10
10
10
10
10
10
10
10
10
10
10
10
10
10
10
10
10
10
10
10
10
10
10
10
10
10
10
10
10
10
10
10
10
10
10
10
10
10
10
10
10
10
10
10
10
10
10
10
10
10
10
10
10
10
10
10
10
10
10
10
10
10
10
10
10
10
10
10
10
10
10
10
10
10
10
10
10
10
10
10
10
10
10
10
10
10
10
10
10
10
10
10
10
10
10
10
10
10
10
10
10
10
10
10
10
10
10
10
10
10
10
10
10
10
10
10
10
10
10
10
10
10
10
10
10
10
10
10
10
10
10
10
10
10
10
10
10
10
10
10
10
10
10
10
10
10
10
10
10
10
10
10
10
10
10
10
10
10
10
10
10
10
10
10
10
10
10
10
10
10
10
10
10
10
10
10
10
10
10
10
10
10
10
10
10
10
10
10
10
10
10
10
10
10
10
10
10
10
10
10
10
10
10
10
10
10
10
10
10
10
10
10
10
10
10
10
10
10
10
10
10
10
10
10
10
10
10
10
10
10
10
10
10
10
10
10
10
10
10
10
10
10
10
10
10
10
10
10
10
10
10
10
10
10
10
10
10
10
10
10
10
10
10
10
10
10
10
10
10
10
10
10
10
10
10
10
10
10
10
10
10
10
10
10
10
10
10
10
10
10
10
10
10
10
10
10
10
10
10
10
10
10
10
10
10
10
10
10
10
10
10
10
10
10
10
10
10
10
10
10
10
10
10
10
10
10
10
10
10
10
10
10
10
10
10
10
10
10
10
10
10
10
10
10
10
10
10
10
10
10
10
10
10
10
10
10
10
10
10
10
10
10
10
10
10
10
10
10
10
10
10
10
10
10
10
10
10
10
10
10
10
10
10
10
10
10
10
10
10
10
10
10
10
10
10
10
10
10
10
10
10
10
10
10
10
10
10
10
10
10
10
10
10
10
10
10
10
10
10
10
10
10
10
10
10
10
10
10
10
10
10
10
10
10
10
10
10
10
10
10
10
10
10
10
10
10
10
10
10
10
10
10
10
10
10
10
10
10
10
10
10
10
10
10
10
10
10
10
10
10
10
10
10
10
10
10
10
10
10
10
10
10
10
10
10
10
10
10
10
10
10
10
10
10
10
10
10
10
10
10
10
10
10
10
10
10
10
10
10
10
10
10
10
10
10
10
10
10
10
10
10
10
10
10
10
10
10
10
10
10
10
10
10
10
10
10
10
10
10
10
10
10
10
10
10
10
10
10
10
10
10
10
10
10
10
10
10
10
10
10
10
10
10
10
10
10
10
10
10
10
10
10
10
10
10
10
10
10
10
10
10
10
10
10
10
10
10
10
10
10
10
10
10
10
10
10
10
10
10
10
10
10
10
10
10
10
10
10
10
10
10
10
10
10
10
10
10
10
10
10
10
10
10
10
10
10
10
10
10
10
10
10
10
10
10
10
10
10
10
10
10
10
10
10
10
10
10
10
10
10
10
10
10
10
10
10
10
10
10
10
10
10
10
10
10
10
10
10
10
10
10
10
10
10
10
10
10
10
10
10
10
10
10
10
10
10
10
10
10
10
10
10
10
10
10
10
10
10
10
10
10
10
10
10
10
10
10
10
10
10
10
10
10
10
10
10
10
10
10
10
10
10
10
10
10
10
10
10
10
10
10
10
10
10
10
10
10
10
10
10
10
10
10
10
10
10
10
10
10
10
10
10
10
10
10
10
10
10
10
10
10
10
10
10
10
10
10
10
10
10
10
10
10
10
10
10
10
10
10
10
10
10
10
10
10
10
10
10
10
10
10
10
10
10
10
10
10
10
10
10
10
10
10
10
10
10
10
10
10
10
10
10
10
10
10
10
10
10
10
10
10
10
10
10
10
10
10
10
10
10
10
10
10
10
10
10
10
10
10
10
10
10
10
10
10
10
10
10
10
10
10
10
10
10
10
10
10
10
10
10
10
10
10
10
10
10
10
10
10
10
10
10
10
10
10
10
10
10
10
10
10
10
10
10
10
10
10
10
10
10
10
10
10
10
10
10
10
10
10
10
10
10
10
10
10
10
10
10
10
10
10
10
10
10
10
10
10
10
10
10
10
10
10
10
10
10
10
10
10
10
10
10
10
10
10
10
10
10
10
10
10
10
10
10
10
10
10
10
10
10
10
10
10
10
10
10
10
10
10
10
10
10
10
10
10
10
10
10
10
10
10
10
10
10
10
10
10
10
10
10
10
10
10
10
10
10
10
10
10
10
10
10
10
10
10
10
10
10
10
10
10
10
10
10
10
10
10
10
10
10
10
10
10
10
10
10
10
10
10
10
10
10
10
10
10
10
10
10
10
10
10
10
10
10
10
10
10
10
10
10
10
10
10
10
10
10
10
10
10
10
10
10
10
10
10
10
10
10
10
10
10
10
10
10
10
10
10
10
10
10
10
10
10
10
10
10
10
10
10
10
10
10
10
10
10
10
10
10
10
10
10
10
10
10
10
10
10
10
10
10
10
10
10
10
10
10
10
10
10
10
10
10
10
10
10
10
10
10
10
10
10
10
10
10
10
10
10
10
10
10
10
10
10
10
10
10
10
10
10
10
10
10
10
10
10
10
10
10
10
10
10
10
10
10
10
10
10
10
10
10
10
10
10
10
10
10
10
10
10
10
10
10
10
10
10
10
10
10
10
10
10
10
10
10
10
10
10
10
10
10
10
10
10
10
10
10
10
10
10
10
10
10
10
10
10
10
10
10
10
10
10
10
10
10
10
10
10
10
10
10
10
10
10
10
10
10
10
10
10
10
10
10
10
10
10
10
10
10
10
10
10
10
10
10
10
10
10
10
10
10
10
10
10
10
10
10
10
10
10
10
10
10
10
10
10
10
10
10
10
10
10
10
10
10
10
10
10
10
10
10
10
10
10
10
10
10
10
10
10
10
10
10
10
10
10
10
10
10
10
10
10
10
10
10
10
10
10
10
10
10
10
10
10
10
10
10
10
10
10
10
10
10
10
10
10
10
10
10
10
10
10
10
10
10
10
10
10
10
10
10
10
10
10
10
10
10
10
10
10
10
10
10
10
10
10
10
10
10
10
10
10
10
10
10
10
10
10
10
10
10
10
10
10
10
10
10
10
10
10
10
10
10
10
10
10
10
10
10
10
10
10
10
10
10
10
10
10
10
10
10
10
10
10
10
10
10
10
10
10
10
10
10
10
10
10
10
10
10
10
10
10
10
10
10
10
10
10
10
10
10
10
10
10
10
10
10
10
10
10
10
10
10
10
10
10
10
10
10
10
10
10
10
10
10
10
10
10
10
10
10
10
10
10
10
10
10
10
10
10
10
10
10
10
10
10
10
10
10
10
10
10
10
10
10
10
10
10
10
10
10
10
10
10
10
10
10
10
10
10
10
10
10
10
10
10
10
10
10
10
10
10
10
10
10
10
10
10
10
10
10
10
10
10
10
10
10
10
10
10
10
10
10
10
10
10
10
10
10
10
10
10
10
10
10
10
10
10
10
10
10
10
10
10
10
10
10
10
10
10
10
10
10
10
10
10
10
10
10
10
10
10
10
10
10
10
10
10
10
10
10
10
10
10
10
10
10
10
10
10
10
10
10
10
10
10
10
10
10
10
10
10
10
10
10
10
10
10
10
10
10
10
10
10
10
10
10
10
10
10
10
10
10
10
10
10
10
10
10
10
10
10
10
10
10
10
10
10
10
10
10
10
10
10
10
10
10
10
10
10
10
10
10
10
10
10
10
10
10
10
10
10
10
10
10
10
10
10
10
10
10
10
10
10
10
10
10
10
10
10
10
10
10
10
10
10
10
10
10
10
10
10
10
10
10
10
10
10
10
10
10
10
10
10
10
10
10
10
10
10
10
10
10
10
10
10
10
10
10
10
10
10
10
10
10
10
10
10
10
10
10
10
10
10
10
10
10
10
10
10
10
10
10
10
10
10
10
10
10
10
10
10
10
10
10
10
10
10
10
10
10
10
10
10
10
10
10
10
10
10
10
10
10
10
10
10
10
10
10
10
10
10
10
10
10
10
10
10
10
10
10
10
10
10
10
10
10
10
10
10
10
10
10
10
10
10
10
10
10
10
10
10
10
10
10
10
10
10
10
10
10
10
10
10
10
10
10
10
10
10
10
10
10
10
10
10
10
10
10
10
10
10
10
10
10
10
10
10
10
10
10
10
10
10
10
10
10
10
10
10
10
10
10
10
10
10
10
10
10
10
10
10
10
10
10
10
10
10
10
10
10
10
10
10
10
10
10
10
10
10
10
10
10
10
10
10
10
10
10
10
10
10
10
10
10
10
10
10
10
10
10
10
10
10
10
10
10
10
10
10
10
10
10
10
10
10
10
10
10
10
10
10
10
10
10
10
10
10
10
10
10
10
10
10
10
10
10
10
10
10
10
10
10
10
10
10
10
10
10
10
10
10
10
10
10
10
10
10
10
10
10
10
10
10
10
10
10
10
10
10
10
10
10
10
10
10
10
10
10
10
10
10
10
10
10
10
10
10
10
10
10
10
10
10
10
10
10
10
10
10
10
10
10
10
10
10
10
10
10
10
10
10
10
10
10
10
10
10
10
10
10
10
10
10
10
10
10
10
10
10
10
10
10
10
10
10
10
10
10
10
10
10
10
10
10
10
10
10
10
10
10
10
10
10
10
10
10
10
10
10
10
10
10
10
10
10
10
10
10
10
10
10
10
10
10
10
10
10
10
10
10
10
10
10
10
10
10
10
10
10
10
10
10
10
10
10
10
10
10
10
10
10
10
10
10
10
10
10
10
10
10
10
10
10
10
10
10
10
10
10
10
10
10
10
10
10
10
10
10
10
10
10
10
10
10
10
10
10
10
10
10
10
10
10
10
10
10
10
10
10
10
10
10
10
10
10
10
10
10
10
10
10
10
10
10
10
10
10
10
10
10
10
10
10
10
10
10
10
10
10
10
10
10
10
10
10
10
10
10
10
10
10
10
10
10
10
10
10
10
10
10
10
10
10
10
10
10
10
10
10
10
10
10
10
10
10
10
10
10
10
10
10
10
10
10
10
10
10
10
10
10
10
10
10
10
10
10
10
10
10
10
10
10
10
10
10
10
10
10
10
10
10
10
10
10
10
10
10
10
10
10
10
10
10
10
10
10
10
10
10
10
10
10
10
10
10
10
10
10
10
10
10
10
10
10
10
10
10
10
10
10
10
10
10
10
10
10
10
10
10
10
10
10
10
10
10
10
10
10
10
10
10
10
10
10
10
10
10
10
10
10
10
10
10
10
10
10
10
10
10
10
10
10
10
10
10
10
10
10
10
10
10
10
10
10
10
10
10
10
10
10
10
10
10
10
10
10
10
10
10
10
10
10
10
10
10
10
10
10
10
10
10
10
10
10
10
10
10
10
10
10
10
10
10
10
10
10
10
10
10
10
10
10
10
10
10
10
10
10
10
10
10
10
10
10
10
10
10
10
10
10
10
10
10
10
10
10
10
10
10
10
10
10
10
10
10
10
10
10
10
10
10
10
10
10
10
10
10
10
10
10
10
10
10
10
10
10
10
10
10
10
10
10
10
10
10
10
10
10
10
10
10
10
10
10
10
10
10
10
10
10
10
10
10
10
10
10
10
10
10
10
10
10
10
10
10
10
10
10
10
10
10
10
10
10
10
10
10
10
10
10
10
10
10
10
10
10
10
10
10
10
10
10
10
10
10
10
10
10
10
10
10
10
10
10
10
10
10
10
10
10
10
10
10
10
10
10
10
10
10
10
10
10
10
10
10
10
10
10
10
10
10
10
10
10
10
10
10
10
10
10
10
10
10
10
10
10
10
10
10
10
10
10
10
10
10
10
10
10
10
10
10
10
10
10
10
10
10
10
10
10
10
10
10
10
10
10
10
10
10
10
10
10
10
10
10
10
10
10
10
10
10
10
10
10
10
10
10
10
10
10
10
10
10
10
10
10
10
10
10
10
10
10
10
10
10
10
10
10
10
10
10
10
10
10
10
10
10
10
10
10
10
10
10
10
10
10
10
10
10
10
10
10
10
10
10
10
10
10
10
10
10
10
10
10
10
10
10
10
10
10
10
10
10
10
10
10
10
10
10
10
10
10
10
10
10
10
10
10
10
10
10
10
10
10
10
10
10
10
10
10
10
10
10
10
10
10
10
10
10
10
10
10
10
10
10
10
10
10
10
10
10
10
10
10
10
10
10
10
10
10
10
10
10
10
10
10
10
10
10
10
10
10
10
10
10
10
10
10
10
10
10
10
10
10
10
10
10
10
10
10
10
10
10
10
10
10
10
10
10
10
10
10
10
10
10
10
10
10
10
10
10
10
10
10
10
10
10
10
10
10
10
10
10
10
10
10
10
10
10
10
10
10
10
10
10
10
10
10
10
10
10
10
10
10
10
10
10
10
10
10
10
10
10
10
10
10
10
10
10
10
10
10
10
10
10
10
10
10
10
10
10
10
10
10
10
10
10
10
10
10
10
10
10
10
10
10
10
10
10
10
10
10
10
10
10
10
10
10
10
10
10
10
10
10
10
10
10
10
10
10
10
10
10
10
10
10
10
10
10
10
10
10
10
10
10
10
10
10
10
10
10
10
10
10
10
10
10
10
10
10
10
10
10
10
10
10
10
10
10
10
10
10
10
10
10
10
10
10
10
10
10
10
10
10
10
10
10
10
10
10
10
10
10
10
10
10
10
10
10
10
10
10
10
10
10
10
10
10
10
10
10
10
10
10
10
10
10
10
10
10
10
10
10
10
10
10
10
10
10
10
10
10
10
10
10
10
10
10
10
10
10
10
10
10
10
10
10
10
10
10
10
10
10
10
10
10
10
10
10
10
10
10
10
10
10
10
10
10
10
10
10
10
10
10
10
10
10
10
10
10
10
10
10
10
10
10
10
10
10
10
10
10
10
10
10
10
10
10
10
10
10
10
10
10
10
10
10
10
10
10
10
10
10
10
10
10
10
10
10
10
10
10
10
10
10
10
10
10
10
10
10
10
10
10
10
10
10
10
10
10
10
10
10
10
10
10
10
10
10
10
10
10
10
10
10
10
10
10
10
10
10
10
10
10
10
10
10
10
10
10
10
10
10
10
10
10
10
10
10
10
10
10
10
10
10
10
10
10
10
10
10
10
10
10
10
10
10
10
10
10
10
10
10
10
10
10
10
10
10
10
10
10
10
10
10
10
10
10
10
10
10
10
10
10
10
10
10
10
10
10
10
10
10
10
10
10
10
10
10
10
10
10
10
10
10
10
10
10
10
10
10
10
10
10
10
10
10
10
10
10
10
10
10
10
10
10
10
10
10
10
10
10
10
10
10
10
10
10
10
10
10
10
10
10
10
10
10
10
10
10
10
10
10
10
10
10
10
10
10
10
10
10
10
10
10
10
10
10
10
10
10
10
10
10
10
10
10
10
10
10
10
10
10
10
10
10
10
10
10
10
10
10
10
10
10
10
10
10
10
10
10
10
10
10
10
10
10
10
10
10
10
10
10
10
10
10
10
10
10
10
10
10
10
10
10
10
10
10
10
10
10
10
10
10
10
10
10
10
10
10
10
10
10
10
10
10
10
10
10
10
10
10
10
10
10
10
10
10
10
10
10
10
10
10
10
10
10
10
10
10
10
10
10
10
10
10
10
10
10
10
10
10
10
10
10
10
10
10
10
10
10
10
10
10
10
10
10
10
10
10
10
10
10
10
10
10
10
10
10
10
10
10
10
10
10
10
10
10
10
10
10
10
10
10
10
10
10
10
10
10
10
10
10
10
10
10
10
10
10
10
10
10
10
10
10
10
10
10
10
10
10
10
10
10
10
10
10
10
10
10
10
10
10
10
10
10
10
10
10
10
10
10
10
10
10
10
10
10
10
10
10
10
10
10
10
10
10
10
10
10
10
10
10
10
10
10
10
10
10
10
10
10
10
10
10
10
10
10
10
10
10
10
10
10
10
10
10
10
10
10
10
10
10
10
10
10
10
10
10
10
10
10
10
10
10
10
10
10
10
10
10
10
10
10
10
10
10
10
10
10
10
10
10
10
10
10
10
10
10
10
10
10
10
10
10
10
10
10
10
10
10
10
10
10
10
10
10
10
10
10
10
10
10
10
10
10
10
10
10
10
10
10
10
10
10
10
10
10
10
10
10
10
10
10
10
10
10
10
10
10
10
10
10
10
10
10
10
10
10
10
10
10
10
10
10
10
10
10
10
10
10
10
10
10
10
10
10
10
10
10
10
10
10
10
10
10
10
10
10
10
10
10
10
10
10
10
10
10
10
10
10
10
10
10
10
10
10
10
10
10
10
10
10
10
10
10
10
10
10
10
10
10
10
10
10
10
10
10
10
10
10
10
10
10
10
10
10
10
10
10
10
10
10
10
10
10
10
10
10
10
10
10
10
10
10
10
10
10
10
10
10
10
10
10
10
10
10
10
10
10
10
10
10
10
10
10
10
10
10
10
10
10
10
10
10
10
10
10
10
10
10
10
10
10
10
10
10
10
10
10
10
10
10
10
10
10
10
10
10
10
10
10
10
10
10
10
10
10
10
10
10
10
10
10
10
10
10
10
10
10
10
10
10
10
10
10
10
10
10
10
10
10
10
10
10
10
10
10
10
10
10
10
10
10
10
10
10
10
10
10
10
10
10
10
10
10
10
10
10
10
10
10
10
10
10
10
10
10
10
10
10
10
10
10
10
10
10
10
10
10
10
10
10
10
10
10
10
10
10
10
10
10
10
10
10
10
10
10
10
10
10
10
10
10
10
10
10
10
10
10
10
10
10
10
10
10
10
10
10
10
10
10
10
10
10
10
10
10
10
10
10
10
10
10
10
10
10
10
10
10
10
10
10
10
10
10
10
10
10
10
10
10
10
10
10
10
10
10
10
10
10
10
10
10
10
10
10
10
10
10
10
10
10
10
10
10
10
10
10
10
10
10
10
10
10
10
10
10
10
10
10
10
10
10
10
10
10
10
10
10
10
10
10
10
10
10
10
10
10
10
10
10
10
10
10
10
10
10
10
10
10
10
10
10
10
10
10
10
10
10
10
10
10
10
10
10
10
10
10
10
10
10
10
10
10
10
10
10
10
10
10
10
10
10
10
10
10
10
10
10
10
10
10
10
10
10
10
10
10
10
10
10
10
10
10
10
10
10
10
10
10
10
10
10
10
10
10
10
10
10
10
10
10
10
10
10
10
10
10
10
10
10
10
10
10
10
10
10
10
10
10
10
10
10
10
10
10
10
10
10
10
10
10
10
10
10
10
10
10
10
10
10
10
10
10
10
10
10
10
10
10
10
10
10
10
10
10
10
10
10
10
10
10
10
10
10
10
10
10
10
10
10
10
10
10
10
10
10
10
10
10
10
10
10
10
10
10
10
10
10
10
10
10
10
10
10
10
10
10
10
10
10
10
10
10
10
10
10
10
10
10
10
10
10
10
10
10
10
10
10
10
10
10
10
10
10
10
10
10
10
10
10
10
10
10
10
10
10
10
10
10
10
10
10
10
10
10
10
10
10
10
10
10
10
10
10
10
10
10
10
10
10
10
10
10
10
10
10
10
10
10
10
10
10
10
10
10
10
10
10
10
10
10
10
10
10
10
10
10
10
10
10
10
10
10
10
10
10
10
10
10
10
10
10
10
10
10
10
10
10
10
10
10
10
10
10
10
10
10
10
10
10
10
10
10
10
10
10
10
10
10
10
10
10
10
10
10
10
10
10
10
10
10
10
10
10
10
10
10
10
10
10
10
10
10
10
10
10
10
10
10
10
10
10
10
10
10
10
10
10
10
10
10
10
10
10
10
10
10
10
10
10
10
10
10
10
10
10
10
10
10
10
10
10
10
10
10
10
10
10
10
10
10
10
10
10
10
10
10
10
10
10
10
10
10
10
10
10
10
10
10
10
10
10
10
10
10
10
10
10
10
10
10
10
10
10
10
10
10
10
10
10
10
10
10
10
10
10
10
10
10
10
10
10
10
10
10
10
10
10
10
10
10
10
10
10
10
10
10
10
10
10
10
10
10
10
10
10
10
10
10
10
10
10
10
10
10
10
10
10
10
10
10
10
10
10
10
10
10
10
10
10
10
10
10
10
10
10
10
10
10
10
10
10
10
10
10
10
10
10
10
10
10
10
10
10
10
10
10
10
10
10
10
10
10
10
10
10
10
10
10
10
10
10
10
10
10
10
10
10
10
10
10
10
10
10
10
10
10
10
10
10
10
10
10
10
10
10
10
10
10
10
10
10
10
10
10
10
10
10
10
10
10
10
10
10
10
10
10
10
10
10
10
10
10
10
10
10
10
10
10
10
10
10
10
10
10
10
10
10
10
10
10
10
10
10
10
10
10
10
10
10
10
10
10
10
10
10
10
10
10
10
10
10
10
10
10
10
10
10
10
10
10
10
10
10
10
10
10
10
10
10
10
10
10
10
10
10
10
10
10
10
10
10
10
10
10
10
10
10
10
10
10
10
10
10
10
10
10
10
10
10
10
10
10
10
10
10
10
10
10
10
10
10
10
10
10
10
10
10
10
10
10
10
10
10
10
10
10
10
10
10
10
10
10
10
10
10
10
10
10
10
10
10
10
10
10
10
10
10
10
10
10
10
10
10
10
10
10
10
10
10
10
10
10
10
10
10
10
10
10
10
10
10
10
10
10
10
10
10
10
10
10
10
10
10
10
10
10
10
10
10
10
10
10
10
10
10
10
10
10
10
10
10
10
10
10
10
10
10
10
10
10
10
10
10
10
10
10
10
10
10
10
10
10
10
10
10
10
10
10
10
10
10
10
10
10
10
10
10
10
10
10
10
10
10
10
10
10
10
10
10
10
10
10
10
10
10
10
10
10
10
10
10
10
10
10
10
10
10
10
10
10
10
10
10
10
10
10
10
10
10
10
10
10
10
10
10
10
10
10
10
10
10
10
10
10
10
10
10
10
10
10
10
10
10
10
10
10
10
10
10
10
10
10
10
10
10
10
10
10
10
10
10
10
10
10
10
10
10
10
10
10
10
10
10
10
10
10
10
10
10
10
10
10
10
10
10
10
10
10
10
10
10
10
10
10
10
10
10
10
10
10
10
10
10
10
10
10
10
10
10
10
10
10
10
10
10
10
10
10
10
10
10
10
10
10
10
10
10
10
10
10
10
10
10
10
10
10
10
10
10
10
10
10
10
10
10
10
10
10
10
10
10
10
10
10
10
10
10
10
10
10
10
10
10
10
10
10
10
10
10
10
10
10
10
10
10
10
10
10
10
10
10
10
10
10
10
10
10
10
10
10
10
10
10
10
10
10
10
10
10
10
10
10
10
10
10
10
10
10
10
10
10
10
10
10
10
10
10
10
10
10
10
10
10
10
10
10
10
10
10
10
10
10
10
10
10
10
10
10
10
10
10
10
10
10
10
10
10
10
10
10
10
10
10
10
10
10
10
10
10
10
10
10
10
10
10
10
10
10
10
10
10
10
10
10
10
10
10
10
10
10
10
10
10
10
10
10
10
10
10
10
10
10
10
10
10
10
10
10
10
10
10
10
10
10
10
10
10
10
10
10
10
10
10
10
10
10
10
10
10
10
10
10
10
10
10
10
10
10
10
10
10
10
10
10
10
10
10
10
10
10
10
10
10
10
10
10
10
10
10
10
10
10
10
10
10
10
10
10
10
10
10
10
10
10
10
10
10
10
10
10
10
10
10
10
10
10
10
10
10
10
10
10
10
10
10
10
10
10
10
10
10
10
10
10
10
10
10
10
10
10
10
10
10
10
10
10
10
10
10
10
10
10
10
10
10
10
10
10
10
10
10
10
10
10
10
10
10
10
10
10
10
10
10
10
10
10
10
10
10
10
10
10
10
10
10
10
10
10
10
10
10
10
10
10
10
10
10
10
10
10
10
10
10
10
10
10
10
10
10
10
10
10
10
10
10
10
10
10
10
10
10
10
10
10
10
10
10
10
10
10
10
10
10
10
10
10
10
10
10
10
10
10
10
10
10
10
10
10
10
10
10
10
10
10
10
10
10
10
10
10
10
10
10
10
10
10
10
10
10
10
10
10
10
10
10
10
10
10
10
10
10
10
10
10
10
10
10
10
10
10
10
10
10
10
10
10
10
10
10
10
10
10
10
10
10
10
10
10
10
10
10
10
10
10
10
10
10
10
10
10
10
10
10
10
10
10
10
10
10
10
10
10
10
10
10
10
10
10
10
10
10
10
10
10
10
10
10
10
10
10
10
10
10
10
10
10
10
10
10
10
10
10
10
10
10
10
10
10
10
10
10
10
10
10
10
10
10
10
10
10
10
10
10
10
10
10
10
10
10
10
10
10
10
10
10
10
10
10
10
10
10
10
10
10
10
10
10
10
10
10
10
10
10
10
10
10
10
10
10
10
10
10
10
10
10
10
10
10
10
10
10
10
10
10
10
10
10
10
10
10
10
10
10
10
10
10
10
10
10
10
10
10
10
10
10
10
10
10
10
10
10
10
10
10
10
10
10
10
10
10
10
10
10
10
10
10
10
10
10
10
10
10
10
10
10
10
10
10
10
10
10
10
10
10
10
10
10
10
10
10
10
10
10
10
10
10
10
10
10
10
10
10
10
10
10
10
10
10
10
10
10
10
10
10
10
10
10
10
10
10
10
10
10
10
10
10
10
10
10
10
10
10
10
10
10
10
10
10
10
10
10
10
10
10
10
10
10
10
10
10
10
10
10
10
10
10
10
10
10
10
10
10
10
10
10
10
10
10
10
10
10
10
10
10
10
10
10
10
10
10
10
10
10
10
10
10
10
10
10
10
10
10
10
10
10
10
10
10
10
10
10
10
10
10
10
10
10
10
10
10
10
10
10
10
10
10
10
10
10
10
10
10
10
10
10
10
10
10
10
10
10
10
10
10
10
10
10
10
10
10
10
10
10
10
10
10
10
10
10
10
10
10
10
10
10
10
10
10
10
10
10
10
10
10
10
10
10
10
10
10
10
10
10
10
10
10
10
10
10
10
10
10
10
10
10
10
10
10
10
10
10
10
10
10
10
10
10
10
10
10
10
10
10
10
10
10
10
10
10
10
10
10
10
10
10
10
10
10
10
10
10
10
10
10
10
10
10
10
10
10
10
10
10
10
10
10
10
10
10
10
10
10
10
10
10
10
10
10
10
10
10
10
10
10
10
10
10
10
10
10
10
10
10
10
10
10
10
10
10
10
10
10
10
10
10
10
10
10
10
10
10
10
10
10
10
10
10
10
10
10
10
10
10
10
10
10
